t,ages,vacc_status,symptomatic,asymptomatic,hospitalised,dead
0,0-4,unvaccinated,0.0,0.0,0.0,0.0
0,0-4,old_vaccine,0.0,0.0,0.0,0.0
0,0-4,new_vaccine,0.0,0.0,0.0,0.0
0,5-9,unvaccinated,0.0,0.0,0.0,0.0
0,5-9,old_vaccine,0.0,0.0,0.0,0.0
0,5-9,new_vaccine,0.0,0.0,0.0,0.0
0,10-14,unvaccinated,0.0,0.0,0.0,0.0
0,10-14,old_vaccine,0.0,0.0,0.0,0.0
0,10-14,new_vaccine,0.0,0.0,0.0,0.0
0,15-19,unvaccinated,0.0,0.0,0.0,0.0
0,15-19,old_vaccine,0.0,0.0,0.0,0.0
0,15-19,new_vaccine,0.0,0.0,0.0,0.0
0,20-24,unvaccinated,0.0,0.0,0.0,0.0
0,20-24,old_vaccine,0.0,0.0,0.0,0.0
0,20-24,new_vaccine,0.0,0.0,0.0,0.0
0,25-29,unvaccinated,0.0,0.0,0.0,0.0
0,25-29,old_vaccine,0.0,0.0,0.0,0.0
0,25-29,new_vaccine,0.0,0.0,0.0,0.0
0,30-34,unvaccinated,0.0,0.0,0.0,0.0
0,30-34,old_vaccine,0.0,0.0,0.0,0.0
0,30-34,new_vaccine,0.0,0.0,0.0,0.0
0,35-39,unvaccinated,0.0,0.0,0.0,0.0
0,35-39,old_vaccine,0.0,0.0,0.0,0.0
0,35-39,new_vaccine,0.0,0.0,0.0,0.0
0,40-44,unvaccinated,0.0,0.0,0.0,0.0
0,40-44,old_vaccine,0.0,0.0,0.0,0.0
0,40-44,new_vaccine,0.0,0.0,0.0,0.0
0,45-49,unvaccinated,0.0,0.0,0.0,0.0
0,45-49,old_vaccine,0.0,0.0,0.0,0.0
0,45-49,new_vaccine,0.0,0.0,0.0,0.0
0,50-54,unvaccinated,0.0,0.0,0.0,0.0
0,50-54,old_vaccine,0.0,0.0,0.0,0.0
0,50-54,new_vaccine,0.0,0.0,0.0,0.0
0,55-59,unvaccinated,0.0,0.0,0.0,0.0
0,55-59,old_vaccine,0.0,0.0,0.0,0.0
0,55-59,new_vaccine,0.0,0.0,0.0,0.0
0,60-64,unvaccinated,0.0,0.0,0.0,0.0
0,60-64,old_vaccine,0.0,0.0,0.0,0.0
0,60-64,new_vaccine,0.0,0.0,0.0,0.0
0,65-69,unvaccinated,0.0,0.0,0.0,0.0
0,65-69,old_vaccine,0.0,0.0,0.0,0.0
0,65-69,new_vaccine,0.0,0.0,0.0,0.0
0,70-74,unvaccinated,0.0,0.0,0.0,0.0
0,70-74,old_vaccine,0.0,0.0,0.0,0.0
0,70-74,new_vaccine,0.0,0.0,0.0,0.0
0,75+,unvaccinated,0.0,0.0,0.0,0.0
0,75+,old_vaccine,0.0,0.0,0.0,0.0
0,75+,new_vaccine,0.0,0.0,0.0,0.0
1,0-4,unvaccinated,0.0,0.0,0.0,0.0
1,0-4,old_vaccine,0.0,0.0,0.0,0.0
1,0-4,new_vaccine,0.0,0.0,0.0,0.0
1,5-9,unvaccinated,0.0,0.0,0.0,0.0
1,5-9,old_vaccine,0.0,0.0,0.0,0.0
1,5-9,new_vaccine,0.0,0.0,0.0,0.0
1,10-14,unvaccinated,0.0,0.0,0.0,0.0
1,10-14,old_vaccine,0.0,0.0,0.0,0.0
1,10-14,new_vaccine,0.0,0.0,0.0,0.0
1,15-19,unvaccinated,0.0,0.0,0.0,0.0
1,15-19,old_vaccine,0.0,0.0,0.0,0.0
1,15-19,new_vaccine,0.0,0.0,0.0,0.0
1,20-24,unvaccinated,0.0,0.0,0.0,0.0
1,20-24,old_vaccine,0.0,0.0,0.0,0.0
1,20-24,new_vaccine,0.0,0.0,0.0,0.0
1,25-29,unvaccinated,0.0,0.0,0.0,0.0
1,25-29,old_vaccine,0.0,0.0,0.0,0.0
1,25-29,new_vaccine,0.0,0.0,0.0,0.0
1,30-34,unvaccinated,0.0,0.0,0.0,0.0
1,30-34,old_vaccine,0.0,0.0,0.0,0.0
1,30-34,new_vaccine,0.0,0.0,0.0,0.0
1,35-39,unvaccinated,0.0,0.0,0.0,0.0
1,35-39,old_vaccine,0.0,0.0,0.0,0.0
1,35-39,new_vaccine,0.0,0.0,0.0,0.0
1,40-44,unvaccinated,0.0,0.0,0.0,0.0
1,40-44,old_vaccine,0.0,0.0,0.0,0.0
1,40-44,new_vaccine,0.0,0.0,0.0,0.0
1,45-49,unvaccinated,0.0,0.0,0.0,0.0
1,45-49,old_vaccine,0.0,0.0,0.0,0.0
1,45-49,new_vaccine,0.0,0.0,0.0,0.0
1,50-54,unvaccinated,0.0,0.0,0.0,0.0
1,50-54,old_vaccine,0.0,0.0,0.0,0.0
1,50-54,new_vaccine,0.0,0.0,0.0,0.0
1,55-59,unvaccinated,0.0,0.0,0.0,0.0
1,55-59,old_vaccine,0.0,0.0,0.0,0.0
1,55-59,new_vaccine,0.0,0.0,0.0,0.0
1,60-64,unvaccinated,0.0,0.0,0.0,0.0
1,60-64,old_vaccine,0.0,0.0,0.0,0.0
1,60-64,new_vaccine,0.0,0.0,0.0,0.0
1,65-69,unvaccinated,0.0,0.0,0.0,0.0
1,65-69,old_vaccine,0.0,0.0,0.0,0.0
1,65-69,new_vaccine,0.0,0.0,0.0,0.0
1,70-74,unvaccinated,0.0,0.0,0.0,0.0
1,70-74,old_vaccine,0.0,0.0,0.0,0.0
1,70-74,new_vaccine,0.0,0.0,0.0,0.0
1,75+,unvaccinated,0.0,0.0,0.0,0.0
1,75+,old_vaccine,0.0,0.0,0.0,0.0
1,75+,new_vaccine,0.0,0.0,0.0,0.0
2,0-4,unvaccinated,0.0,0.0,0.0,0.0
2,0-4,old_vaccine,0.0,0.0,0.0,0.0
2,0-4,new_vaccine,0.0,0.0,0.0,0.0
2,5-9,unvaccinated,0.0,0.0,0.0,0.0
2,5-9,old_vaccine,0.0,0.0,0.0,0.0
2,5-9,new_vaccine,0.0,0.0,0.0,0.0
2,10-14,unvaccinated,0.0,0.0,0.0,0.0
2,10-14,old_vaccine,0.0,0.0,0.0,0.0
2,10-14,new_vaccine,0.0,0.0,0.0,0.0
2,15-19,unvaccinated,0.0,0.0,0.0,0.0
2,15-19,old_vaccine,0.0,0.0,0.0,0.0
2,15-19,new_vaccine,0.0,0.0,0.0,0.0
2,20-24,unvaccinated,0.0,0.0,0.0,0.0
2,20-24,old_vaccine,0.0,0.0,0.0,0.0
2,20-24,new_vaccine,0.0,0.0,0.0,0.0
2,25-29,unvaccinated,0.0,0.0,0.0,0.0
2,25-29,old_vaccine,0.0,0.0,0.0,0.0
2,25-29,new_vaccine,0.0,0.0,0.0,0.0
2,30-34,unvaccinated,0.0,0.0,0.0,0.0
2,30-34,old_vaccine,0.0,0.0,0.0,0.0
2,30-34,new_vaccine,0.0,0.0,0.0,0.0
2,35-39,unvaccinated,0.0,0.0,0.0,0.0
2,35-39,old_vaccine,0.0,0.0,0.0,0.0
2,35-39,new_vaccine,0.0,0.0,0.0,0.0
2,40-44,unvaccinated,0.0,0.0,0.0,0.0
2,40-44,old_vaccine,0.0,0.0,0.0,0.0
2,40-44,new_vaccine,0.0,0.0,0.0,0.0
2,45-49,unvaccinated,0.0,0.0,0.0,0.0
2,45-49,old_vaccine,0.0,0.0,0.0,0.0
2,45-49,new_vaccine,0.0,0.0,0.0,0.0
2,50-54,unvaccinated,0.0,0.0,0.0,0.0
2,50-54,old_vaccine,0.0,0.0,0.0,0.0
2,50-54,new_vaccine,0.0,0.0,0.0,0.0
2,55-59,unvaccinated,0.0,0.0,0.0,0.0
2,55-59,old_vaccine,0.0,0.0,0.0,0.0
2,55-59,new_vaccine,0.0,0.0,0.0,0.0
2,60-64,unvaccinated,0.0,0.0,0.0,0.0
2,60-64,old_vaccine,0.0,0.0,0.0,0.0
2,60-64,new_vaccine,0.0,0.0,0.0,0.0
2,65-69,unvaccinated,0.0,0.0,0.0,0.0
2,65-69,old_vaccine,0.0,0.0,0.0,0.0
2,65-69,new_vaccine,0.0,0.0,0.0,0.0
2,70-74,unvaccinated,0.0,0.0,0.0,0.0
2,70-74,old_vaccine,0.0,0.0,0.0,0.0
2,70-74,new_vaccine,0.0,0.0,0.0,0.0
2,75+,unvaccinated,0.0,0.0,0.0,0.0
2,75+,old_vaccine,0.0,0.0,0.0,0.0
2,75+,new_vaccine,0.0,0.0,0.0,0.0
3,0-4,unvaccinated,0.0,0.0,0.0,0.0
3,0-4,old_vaccine,0.0,0.0,0.0,0.0
3,0-4,new_vaccine,0.0,0.0,0.0,0.0
3,5-9,unvaccinated,0.0,0.0,0.0,0.0
3,5-9,old_vaccine,0.0,0.0,0.0,0.0
3,5-9,new_vaccine,0.0,0.0,0.0,0.0
3,10-14,unvaccinated,0.0,0.0,0.0,0.0
3,10-14,old_vaccine,0.0,0.0,0.0,0.0
3,10-14,new_vaccine,0.0,0.0,0.0,0.0
3,15-19,unvaccinated,0.0,0.0,0.0,0.0
3,15-19,old_vaccine,0.0,0.0,0.0,0.0
3,15-19,new_vaccine,0.0,0.0,0.0,0.0
3,20-24,unvaccinated,0.0,1.6666666666666667,0.0,0.0
3,20-24,old_vaccine,0.0,0.0,0.0,0.0
3,20-24,new_vaccine,0.0,0.0,0.0,0.0
3,25-29,unvaccinated,0.3333333333333333,0.6666666666666666,0.0,0.0
3,25-29,old_vaccine,0.0,0.0,0.0,0.0
3,25-29,new_vaccine,0.0,0.0,0.0,0.0
3,30-34,unvaccinated,0.0,0.3333333333333333,0.0,0.0
3,30-34,old_vaccine,0.0,0.0,0.0,0.0
3,30-34,new_vaccine,0.0,0.0,0.0,0.0
3,35-39,unvaccinated,0.0,0.0,0.0,0.0
3,35-39,old_vaccine,0.0,0.0,0.0,0.0
3,35-39,new_vaccine,0.0,0.0,0.0,0.0
3,40-44,unvaccinated,0.0,0.3333333333333333,0.0,0.0
3,40-44,old_vaccine,0.0,0.0,0.0,0.0
3,40-44,new_vaccine,0.0,0.0,0.0,0.0
3,45-49,unvaccinated,0.0,0.6666666666666666,0.0,0.0
3,45-49,old_vaccine,0.0,0.0,0.0,0.0
3,45-49,new_vaccine,0.0,0.0,0.0,0.0
3,50-54,unvaccinated,0.3333333333333333,0.3333333333333333,0.0,0.0
3,50-54,old_vaccine,0.0,0.0,0.0,0.0
3,50-54,new_vaccine,0.0,0.0,0.0,0.0
3,55-59,unvaccinated,0.0,0.0,0.0,0.0
3,55-59,old_vaccine,0.0,0.0,0.0,0.0
3,55-59,new_vaccine,0.0,0.0,0.0,0.0
3,60-64,unvaccinated,0.0,0.3333333333333333,0.0,0.0
3,60-64,old_vaccine,0.0,0.0,0.0,0.0
3,60-64,new_vaccine,0.0,0.0,0.0,0.0
3,65-69,unvaccinated,0.0,0.3333333333333333,0.0,0.0
3,65-69,old_vaccine,0.0,0.0,0.0,0.0
3,65-69,new_vaccine,0.0,0.0,0.0,0.0
3,70-74,unvaccinated,0.3333333333333333,0.0,0.0,0.0
3,70-74,old_vaccine,0.0,0.0,0.0,0.0
3,70-74,new_vaccine,0.0,0.0,0.0,0.0
3,75+,unvaccinated,0.0,0.3333333333333333,0.0,0.0
3,75+,old_vaccine,0.0,0.0,0.0,0.0
3,75+,new_vaccine,0.0,0.0,0.0,0.0
4,0-4,unvaccinated,0.0,0.3333333333333333,0.0,0.0
4,0-4,old_vaccine,0.0,0.0,0.0,0.0
4,0-4,new_vaccine,0.0,0.0,0.0,0.0
4,5-9,unvaccinated,0.0,1.3333333333333333,0.0,0.0
4,5-9,old_vaccine,0.0,0.0,0.0,0.0
4,5-9,new_vaccine,0.0,0.0,0.0,0.0
4,10-14,unvaccinated,0.0,1.3333333333333333,0.0,0.0
4,10-14,old_vaccine,0.0,0.0,0.0,0.0
4,10-14,new_vaccine,0.0,0.0,0.0,0.0
4,15-19,unvaccinated,0.3333333333333333,1.3333333333333333,0.0,0.0
4,15-19,old_vaccine,0.0,0.0,0.0,0.0
4,15-19,new_vaccine,0.0,0.0,0.0,0.0
4,20-24,unvaccinated,0.0,1.0,0.0,0.0
4,20-24,old_vaccine,0.0,0.0,0.0,0.0
4,20-24,new_vaccine,0.0,0.0,0.0,0.0
4,25-29,unvaccinated,0.0,0.6666666666666666,0.0,0.0
4,25-29,old_vaccine,0.0,0.0,0.0,0.0
4,25-29,new_vaccine,0.0,0.0,0.0,0.0
4,30-34,unvaccinated,0.0,2.3333333333333335,0.0,0.0
4,30-34,old_vaccine,0.0,0.0,0.0,0.0
4,30-34,new_vaccine,0.0,0.0,0.0,0.0
4,35-39,unvaccinated,0.3333333333333333,0.3333333333333333,0.0,0.0
4,35-39,old_vaccine,0.0,0.0,0.0,0.0
4,35-39,new_vaccine,0.0,0.0,0.0,0.0
4,40-44,unvaccinated,0.0,1.3333333333333333,0.0,0.0
4,40-44,old_vaccine,0.0,0.0,0.0,0.0
4,40-44,new_vaccine,0.0,0.0,0.0,0.0
4,45-49,unvaccinated,0.0,1.3333333333333333,0.0,0.0
4,45-49,old_vaccine,0.0,0.0,0.0,0.0
4,45-49,new_vaccine,0.0,0.0,0.0,0.0
4,50-54,unvaccinated,1.0,2.6666666666666665,0.0,0.0
4,50-54,old_vaccine,0.0,0.0,0.0,0.0
4,50-54,new_vaccine,0.0,0.0,0.0,0.0
4,55-59,unvaccinated,0.3333333333333333,1.3333333333333333,0.0,0.0
4,55-59,old_vaccine,0.0,0.0,0.0,0.0
4,55-59,new_vaccine,0.0,0.0,0.0,0.0
4,60-64,unvaccinated,0.6666666666666666,1.0,0.0,0.0
4,60-64,old_vaccine,0.0,0.0,0.0,0.0
4,60-64,new_vaccine,0.0,0.0,0.0,0.0
4,65-69,unvaccinated,0.0,0.3333333333333333,0.0,0.0
4,65-69,old_vaccine,0.0,0.0,0.0,0.0
4,65-69,new_vaccine,0.0,0.0,0.0,0.0
4,70-74,unvaccinated,1.6666666666666667,0.0,0.0,0.0
4,70-74,old_vaccine,0.0,0.0,0.0,0.0
4,70-74,new_vaccine,0.0,0.0,0.0,0.0
4,75+,unvaccinated,1.3333333333333333,0.3333333333333333,0.0,0.0
4,75+,old_vaccine,0.0,0.0,0.0,0.0
4,75+,new_vaccine,0.0,0.0,0.0,0.0
5,0-4,unvaccinated,0.3333333333333333,0.3333333333333333,0.0,0.0
5,0-4,old_vaccine,0.0,0.0,0.0,0.0
5,0-4,new_vaccine,0.0,0.0,0.0,0.0
5,5-9,unvaccinated,0.0,0.6666666666666666,0.0,0.0
5,5-9,old_vaccine,0.0,0.0,0.0,0.0
5,5-9,new_vaccine,0.0,0.0,0.0,0.0
5,10-14,unvaccinated,0.0,1.3333333333333333,0.0,0.0
5,10-14,old_vaccine,0.0,0.0,0.0,0.0
5,10-14,new_vaccine,0.0,0.0,0.0,0.0
5,15-19,unvaccinated,0.0,2.0,0.0,0.0
5,15-19,old_vaccine,0.0,0.0,0.0,0.0
5,15-19,new_vaccine,0.0,0.0,0.0,0.0
5,20-24,unvaccinated,0.3333333333333333,1.6666666666666667,0.0,0.0
5,20-24,old_vaccine,0.0,0.0,0.0,0.0
5,20-24,new_vaccine,0.0,0.0,0.0,0.0
5,25-29,unvaccinated,0.0,1.0,0.0,0.0
5,25-29,old_vaccine,0.0,0.0,0.0,0.0
5,25-29,new_vaccine,0.0,0.0,0.0,0.0
5,30-34,unvaccinated,0.0,0.6666666666666666,0.0,0.0
5,30-34,old_vaccine,0.0,0.0,0.0,0.0
5,30-34,new_vaccine,0.0,0.0,0.0,0.0
5,35-39,unvaccinated,0.0,2.6666666666666665,0.0,0.0
5,35-39,old_vaccine,0.0,0.0,0.0,0.0
5,35-39,new_vaccine,0.0,0.0,0.0,0.0
5,40-44,unvaccinated,0.0,2.3333333333333335,0.0,0.0
5,40-44,old_vaccine,0.0,0.0,0.0,0.0
5,40-44,new_vaccine,0.0,0.0,0.0,0.0
5,45-49,unvaccinated,0.6666666666666666,1.6666666666666667,0.0,0.0
5,45-49,old_vaccine,0.0,0.0,0.0,0.0
5,45-49,new_vaccine,0.0,0.0,0.0,0.0
5,50-54,unvaccinated,0.3333333333333333,2.0,0.0,0.0
5,50-54,old_vaccine,0.0,0.0,0.0,0.0
5,50-54,new_vaccine,0.0,0.0,0.0,0.0
5,55-59,unvaccinated,0.3333333333333333,1.3333333333333333,0.0,0.0
5,55-59,old_vaccine,0.0,0.0,0.0,0.0
5,55-59,new_vaccine,0.0,0.0,0.0,0.0
5,60-64,unvaccinated,1.3333333333333333,0.3333333333333333,0.0,0.0
5,60-64,old_vaccine,0.0,0.0,0.0,0.0
5,60-64,new_vaccine,0.0,0.0,0.0,0.0
5,65-69,unvaccinated,0.6666666666666666,0.3333333333333333,0.0,0.0
5,65-69,old_vaccine,0.0,0.0,0.0,0.0
5,65-69,new_vaccine,0.0,0.0,0.0,0.0
5,70-74,unvaccinated,0.3333333333333333,0.0,0.0,0.0
5,70-74,old_vaccine,0.0,0.0,0.0,0.0
5,70-74,new_vaccine,0.0,0.0,0.0,0.0
5,75+,unvaccinated,0.6666666666666666,0.6666666666666666,0.0,0.0
5,75+,old_vaccine,0.0,0.0,0.0,0.0
5,75+,new_vaccine,0.0,0.0,0.0,0.0
6,0-4,unvaccinated,0.0,0.6666666666666666,0.0,0.0
6,0-4,old_vaccine,0.0,0.0,0.0,0.0
6,0-4,new_vaccine,0.0,0.0,0.0,0.0
6,5-9,unvaccinated,0.0,1.3333333333333333,0.0,0.0
6,5-9,old_vaccine,0.0,0.0,0.0,0.0
6,5-9,new_vaccine,0.0,0.0,0.0,0.0
6,10-14,unvaccinated,0.0,1.6666666666666667,0.0,0.0
6,10-14,old_vaccine,0.0,0.0,0.0,0.0
6,10-14,new_vaccine,0.0,0.0,0.0,0.0
6,15-19,unvaccinated,0.0,0.6666666666666666,0.0,0.0
6,15-19,old_vaccine,0.0,0.0,0.0,0.0
6,15-19,new_vaccine,0.0,0.0,0.0,0.0
6,20-24,unvaccinated,0.0,0.0,0.0,0.0
6,20-24,old_vaccine,0.0,0.0,0.0,0.0
6,20-24,new_vaccine,0.0,0.0,0.0,0.0
6,25-29,unvaccinated,0.3333333333333333,2.0,0.0,0.0
6,25-29,old_vaccine,0.0,0.0,0.0,0.0
6,25-29,new_vaccine,0.0,0.0,0.0,0.0
6,30-34,unvaccinated,0.3333333333333333,1.6666666666666667,0.0,0.0
6,30-34,old_vaccine,0.0,0.0,0.0,0.0
6,30-34,new_vaccine,0.0,0.0,0.0,0.0
6,35-39,unvaccinated,0.3333333333333333,1.3333333333333333,0.0,0.0
6,35-39,old_vaccine,0.0,0.0,0.0,0.0
6,35-39,new_vaccine,0.0,0.0,0.0,0.0
6,40-44,unvaccinated,0.0,2.0,0.0,0.0
6,40-44,old_vaccine,0.0,0.0,0.0,0.0
6,40-44,new_vaccine,0.0,0.0,0.0,0.0
6,45-49,unvaccinated,0.3333333333333333,2.6666666666666665,0.0,0.0
6,45-49,old_vaccine,0.0,0.0,0.0,0.0
6,45-49,new_vaccine,0.0,0.0,0.0,0.0
6,50-54,unvaccinated,0.3333333333333333,2.3333333333333335,0.0,0.0
6,50-54,old_vaccine,0.0,0.0,0.0,0.0
6,50-54,new_vaccine,0.0,0.0,0.0,0.0
6,55-59,unvaccinated,0.3333333333333333,1.0,0.0,0.0
6,55-59,old_vaccine,0.0,0.0,0.0,0.0
6,55-59,new_vaccine,0.0,0.0,0.0,0.0
6,60-64,unvaccinated,0.6666666666666666,0.0,0.0,0.0
6,60-64,old_vaccine,0.0,0.0,0.0,0.0
6,60-64,new_vaccine,0.0,0.0,0.0,0.0
6,65-69,unvaccinated,0.3333333333333333,0.3333333333333333,0.0,0.0
6,65-69,old_vaccine,0.0,0.0,0.0,0.0
6,65-69,new_vaccine,0.0,0.0,0.0,0.0
6,70-74,unvaccinated,1.0,1.0,0.0,0.0
6,70-74,old_vaccine,0.0,0.0,0.0,0.0
6,70-74,new_vaccine,0.0,0.0,0.0,0.0
6,75+,unvaccinated,0.6666666666666666,0.3333333333333333,0.0,0.0
6,75+,old_vaccine,0.0,0.0,0.0,0.0
6,75+,new_vaccine,0.0,0.0,0.0,0.0
7,0-4,unvaccinated,0.0,1.6666666666666667,0.0,0.0
7,0-4,old_vaccine,0.0,0.0,0.0,0.0
7,0-4,new_vaccine,0.0,0.0,0.0,0.0
7,5-9,unvaccinated,0.0,0.6666666666666666,0.0,0.0
7,5-9,old_vaccine,0.0,0.0,0.0,0.0
7,5-9,new_vaccine,0.0,0.0,0.0,0.0
7,10-14,unvaccinated,0.0,1.3333333333333333,0.0,0.0
7,10-14,old_vaccine,0.0,0.0,0.0,0.0
7,10-14,new_vaccine,0.0,0.0,0.0,0.0
7,15-19,unvaccinated,0.0,0.3333333333333333,0.0,0.0
7,15-19,old_vaccine,0.0,0.0,0.0,0.0
7,15-19,new_vaccine,0.0,0.0,0.0,0.0
7,20-24,unvaccinated,0.0,1.3333333333333333,0.0,0.0
7,20-24,old_vaccine,0.0,0.0,0.0,0.0
7,20-24,new_vaccine,0.0,0.0,0.0,0.0
7,25-29,unvaccinated,0.3333333333333333,0.6666666666666666,0.0,0.0
7,25-29,old_vaccine,0.0,0.0,0.0,0.0
7,25-29,new_vaccine,0.0,0.0,0.0,0.0
7,30-34,unvaccinated,0.0,0.6666666666666666,0.0,0.0
7,30-34,old_vaccine,0.0,0.0,0.0,0.0
7,30-34,new_vaccine,0.0,0.0,0.0,0.0
7,35-39,unvaccinated,0.0,1.0,0.0,0.0
7,35-39,old_vaccine,0.0,0.0,0.0,0.0
7,35-39,new_vaccine,0.0,0.0,0.0,0.0
7,40-44,unvaccinated,0.0,0.0,0.0,0.0
7,40-44,old_vaccine,0.0,0.0,0.0,0.0
7,40-44,new_vaccine,0.0,0.0,0.0,0.0
7,45-49,unvaccinated,0.6666666666666666,0.6666666666666666,0.0,0.0
7,45-49,old_vaccine,0.0,0.0,0.0,0.0
7,45-49,new_vaccine,0.0,0.0,0.0,0.0
7,50-54,unvaccinated,0.3333333333333333,0.0,0.0,0.0
7,50-54,old_vaccine,0.0,0.0,0.0,0.0
7,50-54,new_vaccine,0.0,0.0,0.0,0.0
7,55-59,unvaccinated,0.3333333333333333,0.6666666666666666,0.0,0.0
7,55-59,old_vaccine,0.0,0.0,0.0,0.0
7,55-59,new_vaccine,0.0,0.0,0.0,0.0
7,60-64,unvaccinated,0.3333333333333333,1.0,0.0,0.0
7,60-64,old_vaccine,0.0,0.0,0.0,0.0
7,60-64,new_vaccine,0.0,0.0,0.0,0.0
7,65-69,unvaccinated,0.0,0.3333333333333333,0.0,0.0
7,65-69,old_vaccine,0.0,0.0,0.0,0.0
7,65-69,new_vaccine,0.0,0.0,0.0,0.0
7,70-74,unvaccinated,0.3333333333333333,0.3333333333333333,0.0,0.0
7,70-74,old_vaccine,0.0,0.0,0.0,0.0
7,70-74,new_vaccine,0.0,0.0,0.0,0.0
7,75+,unvaccinated,1.0,0.3333333333333333,0.0,0.0
7,75+,old_vaccine,0.0,0.0,0.0,0.0
7,75+,new_vaccine,0.0,0.0,0.0,0.0
8,0-4,unvaccinated,0.0,1.3333333333333333,0.0,0.0
8,0-4,old_vaccine,0.0,0.0,0.0,0.0
8,0-4,new_vaccine,0.0,0.0,0.0,0.0
8,5-9,unvaccinated,0.0,1.0,0.0,0.0
8,5-9,old_vaccine,0.0,0.0,0.0,0.0
8,5-9,new_vaccine,0.0,0.0,0.0,0.0
8,10-14,unvaccinated,0.3333333333333333,2.3333333333333335,0.0,0.0
8,10-14,old_vaccine,0.0,0.0,0.0,0.0
8,10-14,new_vaccine,0.0,0.0,0.0,0.0
8,15-19,unvaccinated,0.0,1.0,0.0,0.0
8,15-19,old_vaccine,0.0,0.0,0.0,0.0
8,15-19,new_vaccine,0.0,0.0,0.0,0.0
8,20-24,unvaccinated,0.0,1.3333333333333333,0.0,0.0
8,20-24,old_vaccine,0.0,0.0,0.0,0.0
8,20-24,new_vaccine,0.0,0.0,0.0,0.0
8,25-29,unvaccinated,0.0,5.0,0.0,0.0
8,25-29,old_vaccine,0.0,0.0,0.0,0.0
8,25-29,new_vaccine,0.0,0.0,0.0,0.0
8,30-34,unvaccinated,0.6666666666666666,2.6666666666666665,0.0,0.0
8,30-34,old_vaccine,0.0,0.0,0.0,0.0
8,30-34,new_vaccine,0.0,0.0,0.0,0.0
8,35-39,unvaccinated,0.0,3.0,0.0,0.0
8,35-39,old_vaccine,0.0,0.0,0.0,0.0
8,35-39,new_vaccine,0.0,0.0,0.0,0.0
8,40-44,unvaccinated,0.0,6.666666666666667,0.0,0.0
8,40-44,old_vaccine,0.0,0.0,0.0,0.0
8,40-44,new_vaccine,0.0,0.0,0.0,0.0
8,45-49,unvaccinated,0.3333333333333333,1.6666666666666667,0.0,0.0
8,45-49,old_vaccine,0.0,0.0,0.0,0.0
8,45-49,new_vaccine,0.0,0.0,0.0,0.0
8,50-54,unvaccinated,0.0,3.0,0.0,0.0
8,50-54,old_vaccine,0.0,0.0,0.0,0.0
8,50-54,new_vaccine,0.0,0.0,0.0,0.0
8,55-59,unvaccinated,1.0,3.6666666666666665,0.0,0.0
8,55-59,old_vaccine,0.0,0.0,0.0,0.0
8,55-59,new_vaccine,0.0,0.0,0.0,0.0
8,60-64,unvaccinated,1.0,2.3333333333333335,0.0,0.0
8,60-64,old_vaccine,0.0,0.0,0.0,0.0
8,60-64,new_vaccine,0.0,0.0,0.0,0.0
8,65-69,unvaccinated,2.0,2.0,0.0,0.0
8,65-69,old_vaccine,0.0,0.0,0.0,0.0
8,65-69,new_vaccine,0.0,0.0,0.0,0.0
8,70-74,unvaccinated,0.6666666666666666,0.0,0.0,0.0
8,70-74,old_vaccine,0.0,0.0,0.0,0.0
8,70-74,new_vaccine,0.0,0.0,0.0,0.0
8,75+,unvaccinated,1.6666666666666667,0.0,0.0,0.0
8,75+,old_vaccine,0.0,0.0,0.0,0.0
8,75+,new_vaccine,0.0,0.0,0.0,0.0
9,0-4,unvaccinated,0.0,1.3333333333333333,0.0,0.0
9,0-4,old_vaccine,0.0,0.0,0.0,0.0
9,0-4,new_vaccine,0.0,0.0,0.0,0.0
9,5-9,unvaccinated,0.0,4.0,0.0,0.0
9,5-9,old_vaccine,0.0,0.0,0.0,0.0
9,5-9,new_vaccine,0.0,0.0,0.0,0.0
9,10-14,unvaccinated,0.0,6.0,0.0,0.0
9,10-14,old_vaccine,0.0,0.0,0.0,0.0
9,10-14,new_vaccine,0.0,0.0,0.0,0.0
9,15-19,unvaccinated,0.0,7.666666666666667,0.0,0.0
9,15-19,old_vaccine,0.0,0.0,0.0,0.0
9,15-19,new_vaccine,0.0,0.0,0.0,0.0
9,20-24,unvaccinated,0.3333333333333333,9.666666666666666,0.0,0.0
9,20-24,old_vaccine,0.0,0.0,0.0,0.0
9,20-24,new_vaccine,0.0,0.0,0.0,0.0
9,25-29,unvaccinated,1.3333333333333333,9.333333333333334,0.0,0.0
9,25-29,old_vaccine,0.0,0.0,0.0,0.0
9,25-29,new_vaccine,0.0,0.0,0.0,0.0
9,30-34,unvaccinated,1.0,11.0,0.0,0.0
9,30-34,old_vaccine,0.0,0.0,0.0,0.0
9,30-34,new_vaccine,0.0,0.0,0.0,0.0
9,35-39,unvaccinated,1.3333333333333333,9.666666666666666,0.0,0.0
9,35-39,old_vaccine,0.0,0.0,0.0,0.0
9,35-39,new_vaccine,0.0,0.0,0.0,0.0
9,40-44,unvaccinated,1.0,13.666666666666666,0.0,0.0
9,40-44,old_vaccine,0.0,0.0,0.0,0.0
9,40-44,new_vaccine,0.0,0.0,0.0,0.0
9,45-49,unvaccinated,1.6666666666666667,10.333333333333334,0.0,0.0
9,45-49,old_vaccine,0.0,0.0,0.0,0.0
9,45-49,new_vaccine,0.0,0.0,0.0,0.0
9,50-54,unvaccinated,2.0,8.666666666666666,0.0,0.0
9,50-54,old_vaccine,0.0,0.0,0.0,0.0
9,50-54,new_vaccine,0.0,0.0,0.0,0.0
9,55-59,unvaccinated,2.6666666666666665,3.6666666666666665,0.0,0.0
9,55-59,old_vaccine,0.0,0.0,0.0,0.0
9,55-59,new_vaccine,0.0,0.0,0.0,0.0
9,60-64,unvaccinated,3.6666666666666665,5.666666666666667,0.0,0.0
9,60-64,old_vaccine,0.0,0.0,0.0,0.0
9,60-64,new_vaccine,0.0,0.0,0.0,0.0
9,65-69,unvaccinated,2.3333333333333335,1.0,0.3333333333333333,0.0
9,65-69,old_vaccine,0.0,0.0,0.0,0.0
9,65-69,new_vaccine,0.0,0.0,0.0,0.0
9,70-74,unvaccinated,1.6666666666666667,0.6666666666666666,0.0,0.0
9,70-74,old_vaccine,0.0,0.0,0.0,0.0
9,70-74,new_vaccine,0.0,0.0,0.0,0.0
9,75+,unvaccinated,2.3333333333333335,1.3333333333333333,0.0,0.0
9,75+,old_vaccine,0.0,0.0,0.0,0.0
9,75+,new_vaccine,0.0,0.0,0.0,0.0
10,0-4,unvaccinated,0.3333333333333333,3.3333333333333335,0.0,0.0
10,0-4,old_vaccine,0.0,0.0,0.0,0.0
10,0-4,new_vaccine,0.0,0.0,0.0,0.0
10,5-9,unvaccinated,0.0,5.333333333333333,0.0,0.0
10,5-9,old_vaccine,0.0,0.0,0.0,0.0
10,5-9,new_vaccine,0.0,0.0,0.0,0.0
10,10-14,unvaccinated,0.6666666666666666,8.666666666666666,0.0,0.0
10,10-14,old_vaccine,0.0,0.0,0.0,0.0
10,10-14,new_vaccine,0.0,0.0,0.0,0.0
10,15-19,unvaccinated,0.3333333333333333,8.666666666666666,0.0,0.0
10,15-19,old_vaccine,0.0,0.0,0.0,0.0
10,15-19,new_vaccine,0.0,0.0,0.0,0.0
10,20-24,unvaccinated,0.3333333333333333,10.666666666666666,0.0,0.0
10,20-24,old_vaccine,0.0,0.0,0.0,0.0
10,20-24,new_vaccine,0.0,0.0,0.0,0.0
10,25-29,unvaccinated,2.0,16.0,0.0,0.0
10,25-29,old_vaccine,0.0,0.0,0.0,0.0
10,25-29,new_vaccine,0.0,0.0,0.0,0.0
10,30-34,unvaccinated,1.0,12.666666666666666,0.0,0.0
10,30-34,old_vaccine,0.0,0.0,0.0,0.0
10,30-34,new_vaccine,0.0,0.0,0.0,0.0
10,35-39,unvaccinated,0.6666666666666666,16.666666666666668,0.0,0.0
10,35-39,old_vaccine,0.0,0.0,0.0,0.0
10,35-39,new_vaccine,0.0,0.0,0.0,0.0
10,40-44,unvaccinated,0.3333333333333333,17.333333333333332,0.0,0.0
10,40-44,old_vaccine,0.0,0.0,0.0,0.0
10,40-44,new_vaccine,0.0,0.0,0.0,0.0
10,45-49,unvaccinated,2.0,20.666666666666668,0.0,0.0
10,45-49,old_vaccine,0.0,0.0,0.0,0.0
10,45-49,new_vaccine,0.0,0.0,0.0,0.0
10,50-54,unvaccinated,2.6666666666666665,19.333333333333332,0.0,0.0
10,50-54,old_vaccine,0.0,0.0,0.0,0.0
10,50-54,new_vaccine,0.0,0.0,0.0,0.0
10,55-59,unvaccinated,3.6666666666666665,11.333333333333334,0.3333333333333333,0.0
10,55-59,old_vaccine,0.0,0.0,0.0,0.0
10,55-59,new_vaccine,0.0,0.0,0.0,0.0
10,60-64,unvaccinated,5.333333333333333,9.333333333333334,0.0,0.0
10,60-64,old_vaccine,0.0,0.0,0.0,0.0
10,60-64,new_vaccine,0.0,0.0,0.0,0.0
10,65-69,unvaccinated,3.6666666666666665,2.0,0.3333333333333333,0.0
10,65-69,old_vaccine,0.0,0.0,0.0,0.0
10,65-69,new_vaccine,0.0,0.0,0.0,0.0
10,70-74,unvaccinated,1.6666666666666667,2.0,0.0,0.0
10,70-74,old_vaccine,0.0,0.0,0.0,0.0
10,70-74,new_vaccine,0.0,0.0,0.0,0.0
10,75+,unvaccinated,3.3333333333333335,3.0,0.0,0.0
10,75+,old_vaccine,0.0,0.0,0.0,0.0
10,75+,new_vaccine,0.0,0.0,0.0,0.0
11,0-4,unvaccinated,0.0,8.333333333333334,0.0,0.0
11,0-4,old_vaccine,0.0,0.0,0.0,0.0
11,0-4,new_vaccine,0.0,0.0,0.0,0.0
11,5-9,unvaccinated,0.3333333333333333,5.333333333333333,0.0,0.0
11,5-9,old_vaccine,0.0,0.0,0.0,0.0
11,5-9,new_vaccine,0.0,0.0,0.0,0.0
11,10-14,unvaccinated,0.3333333333333333,9.333333333333334,0.0,0.0
11,10-14,old_vaccine,0.0,0.0,0.0,0.0
11,10-14,new_vaccine,0.0,0.0,0.0,0.0
11,15-19,unvaccinated,0.3333333333333333,11.0,0.0,0.0
11,15-19,old_vaccine,0.0,0.0,0.0,0.0
11,15-19,new_vaccine,0.0,0.0,0.0,0.0
11,20-24,unvaccinated,1.3333333333333333,16.333333333333332,0.0,0.0
11,20-24,old_vaccine,0.0,0.0,0.0,0.0
11,20-24,new_vaccine,0.0,0.0,0.0,0.0
11,25-29,unvaccinated,2.0,15.333333333333334,0.0,0.0
11,25-29,old_vaccine,0.0,0.0,0.0,0.0
11,25-29,new_vaccine,0.0,0.0,0.0,0.0
11,30-34,unvaccinated,1.6666666666666667,17.666666666666668,0.0,0.0
11,30-34,old_vaccine,0.0,0.0,0.0,0.0
11,30-34,new_vaccine,0.0,0.0,0.0,0.0
11,35-39,unvaccinated,3.3333333333333335,23.333333333333332,0.0,0.0
11,35-39,old_vaccine,0.0,0.0,0.0,0.0
11,35-39,new_vaccine,0.0,0.0,0.0,0.0
11,40-44,unvaccinated,2.0,20.333333333333332,0.0,0.0
11,40-44,old_vaccine,0.0,0.0,0.0,0.0
11,40-44,new_vaccine,0.0,0.0,0.0,0.0
11,45-49,unvaccinated,3.3333333333333335,21.666666666666668,0.0,0.0
11,45-49,old_vaccine,0.0,0.0,0.0,0.0
11,45-49,new_vaccine,0.0,0.0,0.0,0.0
11,50-54,unvaccinated,3.3333333333333335,19.666666666666668,0.0,0.0
11,50-54,old_vaccine,0.0,0.0,0.0,0.0
11,50-54,new_vaccine,0.0,0.0,0.0,0.0
11,55-59,unvaccinated,5.333333333333333,17.0,0.0,0.0
11,55-59,old_vaccine,0.0,0.0,0.0,0.0
11,55-59,new_vaccine,0.0,0.0,0.0,0.0
11,60-64,unvaccinated,5.666666666666667,10.0,0.0,0.0
11,60-64,old_vaccine,0.0,0.0,0.0,0.0
11,60-64,new_vaccine,0.0,0.0,0.0,0.0
11,65-69,unvaccinated,4.0,4.0,0.0,0.0
11,65-69,old_vaccine,0.0,0.0,0.0,0.0
11,65-69,new_vaccine,0.0,0.0,0.0,0.0
11,70-74,unvaccinated,4.333333333333333,2.0,0.0,0.0
11,70-74,old_vaccine,0.0,0.0,0.0,0.0
11,70-74,new_vaccine,0.0,0.0,0.0,0.0
11,75+,unvaccinated,2.6666666666666665,2.6666666666666665,0.6666666666666666,0.0
11,75+,old_vaccine,0.0,0.0,0.0,0.0
11,75+,new_vaccine,0.0,0.0,0.0,0.0
12,0-4,unvaccinated,1.0,6.666666666666667,0.0,0.0
12,0-4,old_vaccine,0.0,0.0,0.0,0.0
12,0-4,new_vaccine,0.0,0.0,0.0,0.0
12,5-9,unvaccinated,0.3333333333333333,9.333333333333334,0.3333333333333333,0.0
12,5-9,old_vaccine,0.0,0.0,0.0,0.0
12,5-9,new_vaccine,0.0,0.0,0.0,0.0
12,10-14,unvaccinated,0.6666666666666666,11.666666666666666,0.0,0.0
12,10-14,old_vaccine,0.0,0.0,0.0,0.0
12,10-14,new_vaccine,0.0,0.0,0.0,0.0
12,15-19,unvaccinated,0.3333333333333333,10.666666666666666,0.0,0.0
12,15-19,old_vaccine,0.0,0.0,0.0,0.0
12,15-19,new_vaccine,0.0,0.0,0.0,0.0
12,20-24,unvaccinated,0.6666666666666666,14.333333333333334,0.0,0.0
12,20-24,old_vaccine,0.0,0.0,0.0,0.0
12,20-24,new_vaccine,0.0,0.0,0.0,0.0
12,25-29,unvaccinated,3.3333333333333335,21.333333333333332,0.0,0.0
12,25-29,old_vaccine,0.0,0.0,0.0,0.0
12,25-29,new_vaccine,0.0,0.0,0.0,0.0
12,30-34,unvaccinated,3.3333333333333335,18.666666666666668,0.0,0.0
12,30-34,old_vaccine,0.0,0.0,0.0,0.0
12,30-34,new_vaccine,0.0,0.0,0.0,0.0
12,35-39,unvaccinated,1.6666666666666667,18.666666666666668,0.0,0.0
12,35-39,old_vaccine,0.0,0.0,0.0,0.0
12,35-39,new_vaccine,0.0,0.0,0.0,0.0
12,40-44,unvaccinated,2.3333333333333335,24.0,0.0,0.0
12,40-44,old_vaccine,0.0,0.0,0.0,0.0
12,40-44,new_vaccine,0.0,0.0,0.0,0.0
12,45-49,unvaccinated,3.0,22.666666666666668,0.0,0.0
12,45-49,old_vaccine,0.0,0.0,0.0,0.0
12,45-49,new_vaccine,0.0,0.0,0.0,0.0
12,50-54,unvaccinated,6.0,21.333333333333332,0.0,0.0
12,50-54,old_vaccine,0.0,0.0,0.0,0.0
12,50-54,new_vaccine,0.0,0.0,0.0,0.0
12,55-59,unvaccinated,8.0,12.0,0.0,0.0
12,55-59,old_vaccine,0.0,0.0,0.0,0.0
12,55-59,new_vaccine,0.0,0.0,0.0,0.0
12,60-64,unvaccinated,5.0,12.666666666666666,0.3333333333333333,0.0
12,60-64,old_vaccine,0.0,0.0,0.0,0.0
12,60-64,new_vaccine,0.0,0.0,0.0,0.0
12,65-69,unvaccinated,6.0,3.6666666666666665,0.0,0.0
12,65-69,old_vaccine,0.0,0.0,0.0,0.0
12,65-69,new_vaccine,0.0,0.0,0.0,0.0
12,70-74,unvaccinated,4.666666666666667,3.0,0.0,0.0
12,70-74,old_vaccine,0.0,0.0,0.0,0.0
12,70-74,new_vaccine,0.0,0.0,0.0,0.0
12,75+,unvaccinated,4.666666666666667,3.6666666666666665,0.0,0.0
12,75+,old_vaccine,0.0,0.0,0.0,0.0
12,75+,new_vaccine,0.0,0.0,0.0,0.0
13,0-4,unvaccinated,0.6666666666666666,11.0,0.0,0.0
13,0-4,old_vaccine,0.0,0.0,0.0,0.0
13,0-4,new_vaccine,0.0,0.0,0.0,0.0
13,5-9,unvaccinated,0.0,16.0,0.0,0.0
13,5-9,old_vaccine,0.0,0.0,0.0,0.0
13,5-9,new_vaccine,0.0,0.0,0.0,0.0
13,10-14,unvaccinated,0.3333333333333333,17.333333333333332,0.0,0.0
13,10-14,old_vaccine,0.0,0.0,0.0,0.0
13,10-14,new_vaccine,0.0,0.0,0.0,0.0
13,15-19,unvaccinated,0.3333333333333333,20.333333333333332,0.0,0.0
13,15-19,old_vaccine,0.0,0.0,0.0,0.0
13,15-19,new_vaccine,0.0,0.0,0.0,0.0
13,20-24,unvaccinated,0.6666666666666666,32.666666666666664,0.0,0.0
13,20-24,old_vaccine,0.0,0.0,0.0,0.0
13,20-24,new_vaccine,0.0,0.0,0.0,0.0
13,25-29,unvaccinated,4.333333333333333,30.666666666666668,0.0,0.0
13,25-29,old_vaccine,0.0,0.0,0.0,0.0
13,25-29,new_vaccine,0.0,0.0,0.0,0.0
13,30-34,unvaccinated,2.3333333333333335,33.0,0.0,0.0
13,30-34,old_vaccine,0.0,0.0,0.0,0.0
13,30-34,new_vaccine,0.0,0.0,0.0,0.0
13,35-39,unvaccinated,5.333333333333333,39.333333333333336,0.0,0.0
13,35-39,old_vaccine,0.0,0.0,0.0,0.0
13,35-39,new_vaccine,0.0,0.0,0.0,0.0
13,40-44,unvaccinated,2.3333333333333335,33.333333333333336,0.0,0.0
13,40-44,old_vaccine,0.0,0.0,0.0,0.0
13,40-44,new_vaccine,0.0,0.0,0.0,0.0
13,45-49,unvaccinated,4.0,35.666666666666664,0.0,0.0
13,45-49,old_vaccine,0.0,0.0,0.0,0.0
13,45-49,new_vaccine,0.0,0.0,0.0,0.0
13,50-54,unvaccinated,6.666666666666667,26.333333333333332,0.0,0.0
13,50-54,old_vaccine,0.0,0.0,0.0,0.0
13,50-54,new_vaccine,0.0,0.0,0.0,0.0
13,55-59,unvaccinated,7.333333333333333,22.333333333333332,0.0,0.0
13,55-59,old_vaccine,0.0,0.0,0.0,0.0
13,55-59,new_vaccine,0.0,0.0,0.0,0.0
13,60-64,unvaccinated,6.333333333333333,18.666666666666668,0.0,0.0
13,60-64,old_vaccine,0.0,0.0,0.0,0.0
13,60-64,new_vaccine,0.0,0.0,0.0,0.0
13,65-69,unvaccinated,9.333333333333334,5.666666666666667,0.6666666666666666,0.0
13,65-69,old_vaccine,0.0,0.0,0.0,0.0
13,65-69,new_vaccine,0.0,0.0,0.0,0.0
13,70-74,unvaccinated,6.0,3.0,0.3333333333333333,0.0
13,70-74,old_vaccine,0.0,0.0,0.0,0.0
13,70-74,new_vaccine,0.0,0.0,0.0,0.0
13,75+,unvaccinated,8.666666666666666,3.3333333333333335,0.0,0.0
13,75+,old_vaccine,0.0,0.0,0.0,0.0
13,75+,new_vaccine,0.0,0.0,0.0,0.0
14,0-4,unvaccinated,1.6666666666666667,21.0,0.0,0.0
14,0-4,old_vaccine,0.0,0.0,0.0,0.0
14,0-4,new_vaccine,0.0,0.0,0.0,0.0
14,5-9,unvaccinated,0.0,22.333333333333332,0.0,0.0
14,5-9,old_vaccine,0.0,0.0,0.0,0.0
14,5-9,new_vaccine,0.0,0.0,0.0,0.0
14,10-14,unvaccinated,0.3333333333333333,31.666666666666668,0.0,0.0
14,10-14,old_vaccine,0.0,0.0,0.0,0.0
14,10-14,new_vaccine,0.0,0.0,0.0,0.0
14,15-19,unvaccinated,0.6666666666666666,36.0,0.0,0.0
14,15-19,old_vaccine,0.0,0.0,0.0,0.0
14,15-19,new_vaccine,0.0,0.0,0.0,0.0
14,20-24,unvaccinated,3.0,52.333333333333336,0.0,0.0
14,20-24,old_vaccine,0.0,0.0,0.0,0.0
14,20-24,new_vaccine,0.0,0.0,0.0,0.0
14,25-29,unvaccinated,6.333333333333333,63.666666666666664,0.0,0.0
14,25-29,old_vaccine,0.0,0.0,0.0,0.0
14,25-29,new_vaccine,0.0,0.0,0.0,0.0
14,30-34,unvaccinated,6.666666666666667,57.0,0.0,0.0
14,30-34,old_vaccine,0.0,0.0,0.0,0.0
14,30-34,new_vaccine,0.0,0.0,0.0,0.0
14,35-39,unvaccinated,8.333333333333334,61.0,0.0,0.0
14,35-39,old_vaccine,0.0,0.0,0.0,0.0
14,35-39,new_vaccine,0.0,0.0,0.0,0.0
14,40-44,unvaccinated,11.666666666666666,71.66666666666667,0.0,0.0
14,40-44,old_vaccine,0.0,0.0,0.0,0.0
14,40-44,new_vaccine,0.0,0.0,0.0,0.0
14,45-49,unvaccinated,9.666666666666666,74.0,0.3333333333333333,0.0
14,45-49,old_vaccine,0.0,0.0,0.0,0.0
14,45-49,new_vaccine,0.0,0.0,0.0,0.0
14,50-54,unvaccinated,9.666666666666666,53.333333333333336,0.3333333333333333,0.0
14,50-54,old_vaccine,0.0,0.0,0.0,0.0
14,50-54,new_vaccine,0.0,0.0,0.0,0.0
14,55-59,unvaccinated,18.666666666666668,46.333333333333336,0.3333333333333333,0.0
14,55-59,old_vaccine,0.0,0.0,0.0,0.0
14,55-59,new_vaccine,0.0,0.0,0.0,0.0
14,60-64,unvaccinated,10.666666666666666,29.666666666666668,0.3333333333333333,0.0
14,60-64,old_vaccine,0.0,0.0,0.0,0.0
14,60-64,new_vaccine,0.0,0.0,0.0,0.0
14,65-69,unvaccinated,15.666666666666666,12.333333333333334,0.0,0.0
14,65-69,old_vaccine,0.0,0.0,0.0,0.0
14,65-69,new_vaccine,0.0,0.0,0.0,0.0
14,70-74,unvaccinated,10.666666666666666,5.666666666666667,0.0,0.0
14,70-74,old_vaccine,0.0,0.0,0.0,0.0
14,70-74,new_vaccine,0.0,0.0,0.0,0.0
14,75+,unvaccinated,10.666666666666666,5.666666666666667,0.0,0.0
14,75+,old_vaccine,0.0,0.0,0.0,0.0
14,75+,new_vaccine,0.0,0.0,0.0,0.0
15,0-4,unvaccinated,1.6666666666666667,30.0,0.0,0.0
15,0-4,old_vaccine,0.0,0.0,0.0,0.0
15,0-4,new_vaccine,0.0,0.0,0.0,0.0
15,5-9,unvaccinated,0.6666666666666666,43.666666666666664,0.0,0.0
15,5-9,old_vaccine,0.0,0.0,0.0,0.0
15,5-9,new_vaccine,0.0,0.0,0.0,0.0
15,10-14,unvaccinated,1.3333333333333333,50.333333333333336,0.0,0.0
15,10-14,old_vaccine,0.0,0.0,0.0,0.0
15,10-14,new_vaccine,0.0,0.0,0.0,0.0
15,15-19,unvaccinated,2.6666666666666665,70.33333333333333,0.0,0.0
15,15-19,old_vaccine,0.0,0.0,0.0,0.0
15,15-19,new_vaccine,0.0,0.0,0.0,0.0
15,20-24,unvaccinated,6.0,91.33333333333333,0.0,0.0
15,20-24,old_vaccine,0.0,0.0,0.0,0.0
15,20-24,new_vaccine,0.0,0.0,0.0,0.0
15,25-29,unvaccinated,11.333333333333334,107.66666666666667,0.0,0.0
15,25-29,old_vaccine,0.0,0.0,0.0,0.0
15,25-29,new_vaccine,0.0,0.0,0.0,0.0
15,30-34,unvaccinated,12.333333333333334,99.33333333333333,0.0,0.0
15,30-34,old_vaccine,0.0,0.0,0.0,0.0
15,30-34,new_vaccine,0.0,0.0,0.0,0.0
15,35-39,unvaccinated,9.666666666666666,121.33333333333333,0.0,0.0
15,35-39,old_vaccine,0.0,0.0,0.0,0.0
15,35-39,new_vaccine,0.0,0.0,0.0,0.0
15,40-44,unvaccinated,13.333333333333334,117.66666666666667,0.0,0.0
15,40-44,old_vaccine,0.0,0.0,0.0,0.0
15,40-44,new_vaccine,0.0,0.0,0.0,0.0
15,45-49,unvaccinated,19.0,137.33333333333334,0.3333333333333333,0.0
15,45-49,old_vaccine,0.0,0.0,0.0,0.0
15,45-49,new_vaccine,0.0,0.0,0.0,0.0
15,50-54,unvaccinated,26.666666666666668,94.33333333333333,0.6666666666666666,0.0
15,50-54,old_vaccine,0.0,0.0,0.0,0.0
15,50-54,new_vaccine,0.0,0.0,0.0,0.0
15,55-59,unvaccinated,28.333333333333332,86.33333333333333,0.3333333333333333,0.0
15,55-59,old_vaccine,0.0,0.0,0.0,0.0
15,55-59,new_vaccine,0.0,0.0,0.0,0.0
15,60-64,unvaccinated,25.0,59.333333333333336,0.6666666666666666,0.0
15,60-64,old_vaccine,0.0,0.0,0.0,0.0
15,60-64,new_vaccine,0.0,0.0,0.0,0.0
15,65-69,unvaccinated,22.333333333333332,20.333333333333332,0.0,0.0
15,65-69,old_vaccine,0.0,0.0,0.0,0.0
15,65-69,new_vaccine,0.0,0.0,0.0,0.0
15,70-74,unvaccinated,19.0,11.0,0.6666666666666666,0.0
15,70-74,old_vaccine,0.0,0.0,0.0,0.0
15,70-74,new_vaccine,0.0,0.0,0.0,0.0
15,75+,unvaccinated,19.0,9.333333333333334,0.0,0.0
15,75+,old_vaccine,0.0,0.0,0.0,0.0
15,75+,new_vaccine,0.0,0.0,0.0,0.0
16,0-4,unvaccinated,4.0,52.333333333333336,0.0,0.0
16,0-4,old_vaccine,0.0,0.0,0.0,0.0
16,0-4,new_vaccine,0.0,0.0,0.0,0.0
16,5-9,unvaccinated,0.6666666666666666,61.333333333333336,0.0,0.0
16,5-9,old_vaccine,0.0,0.0,0.0,0.0
16,5-9,new_vaccine,0.0,0.0,0.0,0.0
16,10-14,unvaccinated,1.3333333333333333,75.66666666666667,0.0,0.0
16,10-14,old_vaccine,0.0,0.0,0.0,0.0
16,10-14,new_vaccine,0.0,0.0,0.0,0.0
16,15-19,unvaccinated,6.0,96.33333333333333,0.0,0.0
16,15-19,old_vaccine,0.0,0.0,0.0,0.0
16,15-19,new_vaccine,0.0,0.0,0.0,0.0
16,20-24,unvaccinated,7.333333333333333,129.0,0.0,0.0
16,20-24,old_vaccine,0.0,0.0,0.0,0.0
16,20-24,new_vaccine,0.0,0.0,0.0,0.0
16,25-29,unvaccinated,17.666666666666668,168.33333333333334,0.0,0.0
16,25-29,old_vaccine,0.0,0.0,0.0,0.0
16,25-29,new_vaccine,0.0,0.0,0.0,0.0
16,30-34,unvaccinated,16.666666666666668,147.66666666666666,0.0,0.0
16,30-34,old_vaccine,0.0,0.0,0.0,0.0
16,30-34,new_vaccine,0.0,0.0,0.0,0.0
16,35-39,unvaccinated,19.333333333333332,171.33333333333334,0.3333333333333333,0.0
16,35-39,old_vaccine,0.0,0.0,0.0,0.0
16,35-39,new_vaccine,0.0,0.0,0.0,0.0
16,40-44,unvaccinated,23.333333333333332,182.66666666666666,0.0,0.0
16,40-44,old_vaccine,0.0,0.0,0.0,0.0
16,40-44,new_vaccine,0.0,0.0,0.0,0.0
16,45-49,unvaccinated,24.0,165.33333333333334,0.0,0.0
16,45-49,old_vaccine,0.0,0.0,0.0,0.0
16,45-49,new_vaccine,0.0,0.0,0.0,0.0
16,50-54,unvaccinated,37.666666666666664,133.66666666666666,0.0,0.0
16,50-54,old_vaccine,0.0,0.0,0.0,0.0
16,50-54,new_vaccine,0.0,0.0,0.0,0.0
16,55-59,unvaccinated,46.333333333333336,117.0,0.0,0.0
16,55-59,old_vaccine,0.0,0.0,0.0,0.0
16,55-59,new_vaccine,0.0,0.0,0.0,0.0
16,60-64,unvaccinated,26.666666666666668,81.66666666666667,1.0,0.0
16,60-64,old_vaccine,0.0,0.0,0.0,0.0
16,60-64,new_vaccine,0.0,0.0,0.0,0.0
16,65-69,unvaccinated,30.666666666666668,29.333333333333332,0.3333333333333333,0.0
16,65-69,old_vaccine,0.0,0.0,0.0,0.0
16,65-69,new_vaccine,0.0,0.0,0.0,0.0
16,70-74,unvaccinated,26.333333333333332,10.333333333333334,1.0,0.0
16,70-74,old_vaccine,0.0,0.0,0.0,0.0
16,70-74,new_vaccine,0.0,0.0,0.0,0.0
16,75+,unvaccinated,25.666666666666668,12.666666666666666,1.0,0.0
16,75+,old_vaccine,0.0,0.0,0.0,0.0
16,75+,new_vaccine,0.0,0.0,0.0,0.0
17,0-4,unvaccinated,2.3333333333333335,61.0,0.0,0.0
17,0-4,old_vaccine,0.0,0.0,0.0,0.0
17,0-4,new_vaccine,0.0,0.0,0.0,0.0
17,5-9,unvaccinated,2.3333333333333335,87.33333333333333,0.0,0.0
17,5-9,old_vaccine,0.0,0.0,0.0,0.0
17,5-9,new_vaccine,0.0,0.0,0.0,0.0
17,10-14,unvaccinated,2.0,106.33333333333333,0.0,0.0
17,10-14,old_vaccine,0.0,0.0,0.0,0.0
17,10-14,new_vaccine,0.0,0.0,0.0,0.0
17,15-19,unvaccinated,4.0,123.0,0.0,0.0
17,15-19,old_vaccine,0.0,0.0,0.0,0.0
17,15-19,new_vaccine,0.0,0.0,0.0,0.0
17,20-24,unvaccinated,13.0,159.66666666666666,0.0,0.0
17,20-24,old_vaccine,0.0,0.0,0.0,0.0
17,20-24,new_vaccine,0.0,0.0,0.0,0.0
17,25-29,unvaccinated,22.333333333333332,191.66666666666666,0.0,0.0
17,25-29,old_vaccine,0.0,0.0,0.0,0.0
17,25-29,new_vaccine,0.0,0.0,0.0,0.0
17,30-34,unvaccinated,25.0,198.33333333333334,0.0,0.0
17,30-34,old_vaccine,0.0,0.0,0.0,0.0
17,30-34,new_vaccine,0.0,0.0,0.0,0.0
17,35-39,unvaccinated,21.666666666666668,238.0,0.0,0.0
17,35-39,old_vaccine,0.0,0.0,0.0,0.0
17,35-39,new_vaccine,0.0,0.0,0.0,0.0
17,40-44,unvaccinated,27.666666666666668,233.66666666666666,0.0,0.0
17,40-44,old_vaccine,0.0,0.0,0.0,0.0
17,40-44,new_vaccine,0.0,0.0,0.0,0.0
17,45-49,unvaccinated,30.666666666666668,213.0,0.3333333333333333,0.0
17,45-49,old_vaccine,0.0,0.0,0.0,0.0
17,45-49,new_vaccine,0.0,0.0,0.0,0.0
17,50-54,unvaccinated,35.666666666666664,174.0,0.3333333333333333,0.0
17,50-54,old_vaccine,0.0,0.0,0.0,0.0
17,50-54,new_vaccine,0.0,0.0,0.0,0.0
17,55-59,unvaccinated,54.333333333333336,151.0,1.3333333333333333,0.0
17,55-59,old_vaccine,0.0,0.0,0.0,0.0
17,55-59,new_vaccine,0.0,0.0,0.0,0.0
17,60-64,unvaccinated,42.333333333333336,101.66666666666667,0.6666666666666666,0.0
17,60-64,old_vaccine,0.0,0.0,0.0,0.0
17,60-64,new_vaccine,0.0,0.0,0.0,0.0
17,65-69,unvaccinated,43.0,38.666666666666664,1.0,0.0
17,65-69,old_vaccine,0.0,0.0,0.0,0.0
17,65-69,new_vaccine,0.0,0.0,0.0,0.0
17,70-74,unvaccinated,33.0,20.666666666666668,0.6666666666666666,0.0
17,70-74,old_vaccine,0.0,0.0,0.0,0.0
17,70-74,new_vaccine,0.0,0.0,0.0,0.0
17,75+,unvaccinated,35.333333333333336,16.333333333333332,0.6666666666666666,0.0
17,75+,old_vaccine,0.0,0.0,0.0,0.0
17,75+,new_vaccine,0.0,0.0,0.0,0.0
18,0-4,unvaccinated,6.0,86.0,0.0,0.0
18,0-4,old_vaccine,0.0,0.0,0.0,0.0
18,0-4,new_vaccine,0.0,0.0,0.0,0.0
18,5-9,unvaccinated,2.3333333333333335,116.33333333333333,0.0,0.0
18,5-9,old_vaccine,0.0,0.0,0.0,0.0
18,5-9,new_vaccine,0.0,0.0,0.0,0.0
18,10-14,unvaccinated,1.6666666666666667,130.0,0.3333333333333333,0.0
18,10-14,old_vaccine,0.0,0.0,0.0,0.0
18,10-14,new_vaccine,0.0,0.0,0.0,0.0
18,15-19,unvaccinated,5.0,156.33333333333334,0.0,0.0
18,15-19,old_vaccine,0.0,0.0,0.0,0.0
18,15-19,new_vaccine,0.0,0.0,0.0,0.0
18,20-24,unvaccinated,16.666666666666668,227.66666666666666,0.0,0.0
18,20-24,old_vaccine,0.0,0.0,0.0,0.0
18,20-24,new_vaccine,0.0,0.0,0.0,0.0
18,25-29,unvaccinated,33.333333333333336,266.3333333333333,0.0,0.0
18,25-29,old_vaccine,0.0,0.0,0.0,0.0
18,25-29,new_vaccine,0.0,0.0,0.0,0.0
18,30-34,unvaccinated,35.0,266.6666666666667,0.0,0.0
18,30-34,old_vaccine,0.0,0.0,0.0,0.0
18,30-34,new_vaccine,0.0,0.0,0.0,0.0
18,35-39,unvaccinated,28.0,298.3333333333333,0.3333333333333333,0.0
18,35-39,old_vaccine,0.0,0.0,0.0,0.0
18,35-39,new_vaccine,0.0,0.0,0.0,0.0
18,40-44,unvaccinated,34.666666666666664,304.6666666666667,1.0,0.0
18,40-44,old_vaccine,0.0,0.0,0.0,0.0
18,40-44,new_vaccine,0.0,0.0,0.0,0.0
18,45-49,unvaccinated,39.666666666666664,272.6666666666667,0.0,0.0
18,45-49,old_vaccine,0.0,0.0,0.0,0.0
18,45-49,new_vaccine,0.0,0.0,0.0,0.0
18,50-54,unvaccinated,58.333333333333336,238.66666666666666,1.0,0.0
18,50-54,old_vaccine,0.0,0.0,0.0,0.0
18,50-54,new_vaccine,0.0,0.0,0.0,0.0
18,55-59,unvaccinated,61.666666666666664,197.33333333333334,1.3333333333333333,0.0
18,55-59,old_vaccine,0.0,0.0,0.0,0.0
18,55-59,new_vaccine,0.0,0.0,0.0,0.0
18,60-64,unvaccinated,63.333333333333336,140.66666666666666,1.3333333333333333,0.0
18,60-64,old_vaccine,0.0,0.0,0.0,0.0
18,60-64,new_vaccine,0.0,0.0,0.0,0.0
18,65-69,unvaccinated,58.666666666666664,49.666666666666664,0.6666666666666666,0.0
18,65-69,old_vaccine,0.0,0.0,0.0,0.0
18,65-69,new_vaccine,0.0,0.0,0.0,0.0
18,70-74,unvaccinated,49.666666666666664,34.666666666666664,2.3333333333333335,0.0
18,70-74,old_vaccine,0.0,0.0,0.0,0.0
18,70-74,new_vaccine,0.0,0.0,0.0,0.0
18,75+,unvaccinated,44.0,24.0,1.3333333333333333,0.0
18,75+,old_vaccine,0.0,0.0,0.0,0.0
18,75+,new_vaccine,0.0,0.0,0.0,0.0
19,0-4,unvaccinated,11.666666666666666,141.33333333333334,0.0,0.0
19,0-4,old_vaccine,0.0,0.0,0.0,0.0
19,0-4,new_vaccine,0.0,0.0,0.0,0.0
19,5-9,unvaccinated,2.0,169.33333333333334,0.0,0.0
19,5-9,old_vaccine,0.0,0.0,0.0,0.0
19,5-9,new_vaccine,0.0,0.0,0.0,0.0
19,10-14,unvaccinated,4.333333333333333,200.33333333333334,0.0,0.0
19,10-14,old_vaccine,0.0,0.0,0.0,0.0
19,10-14,new_vaccine,0.0,0.0,0.0,0.0
19,15-19,unvaccinated,5.0,257.0,0.0,0.0
19,15-19,old_vaccine,0.0,0.0,0.0,0.0
19,15-19,new_vaccine,0.0,0.0,0.0,0.0
19,20-24,unvaccinated,17.0,310.3333333333333,0.3333333333333333,0.0
19,20-24,old_vaccine,0.0,0.0,0.0,0.0
19,20-24,new_vaccine,0.0,0.0,0.0,0.0
19,25-29,unvaccinated,46.333333333333336,398.3333333333333,0.0,0.0
19,25-29,old_vaccine,0.0,0.0,0.0,0.0
19,25-29,new_vaccine,0.0,0.0,0.0,0.0
19,30-34,unvaccinated,43.333333333333336,396.0,0.3333333333333333,0.0
19,30-34,old_vaccine,0.0,0.0,0.0,0.0
19,30-34,new_vaccine,0.0,0.0,0.0,0.0
19,35-39,unvaccinated,50.0,409.0,0.0,0.0
19,35-39,old_vaccine,0.0,0.0,0.0,0.0
19,35-39,new_vaccine,0.0,0.0,0.0,0.0
19,40-44,unvaccinated,45.666666666666664,416.0,0.6666666666666666,0.0
19,40-44,old_vaccine,0.0,0.0,0.0,0.0
19,40-44,new_vaccine,0.0,0.0,0.0,0.0
19,45-49,unvaccinated,59.0,404.3333333333333,1.0,0.0
19,45-49,old_vaccine,0.0,0.0,0.0,0.0
19,45-49,new_vaccine,0.0,0.0,0.0,0.0
19,50-54,unvaccinated,85.0,350.3333333333333,1.3333333333333333,0.0
19,50-54,old_vaccine,0.0,0.0,0.0,0.0
19,50-54,new_vaccine,0.0,0.0,0.0,0.0
19,55-59,unvaccinated,102.33333333333333,313.6666666666667,1.3333333333333333,0.0
19,55-59,old_vaccine,0.0,0.0,0.0,0.0
19,55-59,new_vaccine,0.0,0.0,0.0,0.0
19,60-64,unvaccinated,79.33333333333333,200.66666666666666,2.0,0.0
19,60-64,old_vaccine,0.0,0.0,0.0,0.0
19,60-64,new_vaccine,0.0,0.0,0.0,0.0
19,65-69,unvaccinated,90.33333333333333,81.66666666666667,2.0,0.0
19,65-69,old_vaccine,0.0,0.0,0.0,0.0
19,65-69,new_vaccine,0.0,0.0,0.0,0.0
19,70-74,unvaccinated,63.666666666666664,45.0,2.3333333333333335,0.0
19,70-74,old_vaccine,0.0,0.0,0.0,0.0
19,70-74,new_vaccine,0.0,0.0,0.0,0.0
19,75+,unvaccinated,65.66666666666667,37.0,1.6666666666666667,0.0
19,75+,old_vaccine,0.0,0.0,0.0,0.0
19,75+,new_vaccine,0.0,0.0,0.0,0.0
20,0-4,unvaccinated,17.0,213.0,0.3333333333333333,0.0
20,0-4,old_vaccine,0.0,0.0,0.0,0.0
20,0-4,new_vaccine,0.0,0.0,0.0,0.0
20,5-9,unvaccinated,4.0,254.0,0.0,0.0
20,5-9,old_vaccine,0.0,0.0,0.0,0.0
20,5-9,new_vaccine,0.0,0.0,0.0,0.0
20,10-14,unvaccinated,4.666666666666667,313.6666666666667,0.0,0.0
20,10-14,old_vaccine,0.0,0.0,0.0,0.0
20,10-14,new_vaccine,0.0,0.0,0.0,0.0
20,15-19,unvaccinated,8.666666666666666,383.3333333333333,0.0,0.0
20,15-19,old_vaccine,0.0,0.0,0.0,0.0
20,15-19,new_vaccine,0.0,0.0,0.0,0.0
20,20-24,unvaccinated,40.333333333333336,468.6666666666667,0.0,0.0
20,20-24,old_vaccine,0.0,0.0,0.0,0.0
20,20-24,new_vaccine,0.0,0.0,0.0,0.0
20,25-29,unvaccinated,66.66666666666667,575.3333333333334,0.3333333333333333,0.0
20,25-29,old_vaccine,0.0,0.0,0.0,0.0
20,25-29,new_vaccine,0.0,0.0,0.0,0.0
20,30-34,unvaccinated,64.33333333333333,526.0,0.3333333333333333,0.0
20,30-34,old_vaccine,0.0,0.0,0.0,0.0
20,30-34,new_vaccine,0.0,0.0,0.0,0.0
20,35-39,unvaccinated,63.333333333333336,575.3333333333334,0.3333333333333333,0.0
20,35-39,old_vaccine,0.0,0.0,0.0,0.0
20,35-39,new_vaccine,0.0,0.0,0.0,0.0
20,40-44,unvaccinated,60.666666666666664,567.6666666666666,0.3333333333333333,0.0
20,40-44,old_vaccine,0.0,0.0,0.0,0.0
20,40-44,new_vaccine,0.0,0.0,0.0,0.0
20,45-49,unvaccinated,78.66666666666667,570.6666666666666,1.0,0.0
20,45-49,old_vaccine,0.0,0.0,0.0,0.0
20,45-49,new_vaccine,0.0,0.0,0.0,0.0
20,50-54,unvaccinated,117.33333333333333,466.0,2.0,0.0
20,50-54,old_vaccine,0.0,0.0,0.0,0.0
20,50-54,new_vaccine,0.0,0.0,0.0,0.0
20,55-59,unvaccinated,155.66666666666666,417.0,1.3333333333333333,0.0
20,55-59,old_vaccine,0.0,0.0,0.0,0.0
20,55-59,new_vaccine,0.0,0.0,0.0,0.0
20,60-64,unvaccinated,119.66666666666667,275.3333333333333,1.0,0.0
20,60-64,old_vaccine,0.0,0.0,0.0,0.0
20,60-64,new_vaccine,0.0,0.0,0.0,0.0
20,65-69,unvaccinated,134.33333333333334,123.33333333333333,2.3333333333333335,0.0
20,65-69,old_vaccine,0.0,0.0,0.0,0.0
20,65-69,new_vaccine,0.0,0.0,0.0,0.0
20,70-74,unvaccinated,122.0,65.0,2.0,0.0
20,70-74,old_vaccine,0.0,0.0,0.0,0.0
20,70-74,new_vaccine,0.0,0.0,0.0,0.0
20,75+,unvaccinated,100.33333333333333,58.666666666666664,0.0,0.0
20,75+,old_vaccine,0.0,0.0,0.0,0.0
20,75+,new_vaccine,0.0,0.0,0.0,0.0
21,0-4,unvaccinated,25.666666666666668,313.6666666666667,0.0,0.0
21,0-4,old_vaccine,0.0,0.0,0.0,0.0
21,0-4,new_vaccine,0.0,0.0,0.0,0.0
21,5-9,unvaccinated,5.0,367.0,0.0,0.0
21,5-9,old_vaccine,0.0,0.0,0.0,0.0
21,5-9,new_vaccine,0.0,0.0,0.0,0.0
21,10-14,unvaccinated,11.0,412.0,0.0,0.0
21,10-14,old_vaccine,0.0,0.0,0.0,0.0
21,10-14,new_vaccine,0.0,0.0,0.0,0.0
21,15-19,unvaccinated,9.333333333333334,522.0,0.0,0.0
21,15-19,old_vaccine,0.0,0.0,0.0,0.0
21,15-19,new_vaccine,0.0,0.0,0.0,0.0
21,20-24,unvaccinated,47.666666666666664,578.0,0.6666666666666666,0.0
21,20-24,old_vaccine,0.0,0.0,0.0,0.0
21,20-24,new_vaccine,0.0,0.0,0.0,0.0
21,25-29,unvaccinated,74.0,712.3333333333334,0.0,0.0
21,25-29,old_vaccine,0.0,0.0,0.0,0.0
21,25-29,new_vaccine,0.0,0.0,0.0,0.0
21,30-34,unvaccinated,88.66666666666667,693.0,0.0,0.0
21,30-34,old_vaccine,0.0,0.0,0.0,0.0
21,30-34,new_vaccine,0.0,0.0,0.0,0.0
21,35-39,unvaccinated,81.0,718.0,1.0,0.0
21,35-39,old_vaccine,0.0,0.0,0.0,0.0
21,35-39,new_vaccine,0.0,0.0,0.0,0.0
21,40-44,unvaccinated,76.0,712.0,1.0,0.0
21,40-44,old_vaccine,0.0,0.0,0.0,0.0
21,40-44,new_vaccine,0.0,0.0,0.0,0.0
21,45-49,unvaccinated,91.66666666666667,672.3333333333334,1.3333333333333333,0.0
21,45-49,old_vaccine,0.0,0.0,0.0,0.0
21,45-49,new_vaccine,0.0,0.0,0.0,0.0
21,50-54,unvaccinated,140.66666666666666,635.0,1.3333333333333333,0.0
21,50-54,old_vaccine,0.0,0.0,0.0,0.0
21,50-54,new_vaccine,0.0,0.0,0.0,0.0
21,55-59,unvaccinated,195.33333333333334,541.3333333333334,0.6666666666666666,0.0
21,55-59,old_vaccine,0.0,0.0,0.0,0.0
21,55-59,new_vaccine,0.0,0.0,0.0,0.0
21,60-64,unvaccinated,156.0,405.0,1.3333333333333333,0.0
21,60-64,old_vaccine,0.0,0.0,0.0,0.0
21,60-64,new_vaccine,0.0,0.0,0.0,0.0
21,65-69,unvaccinated,177.0,157.33333333333334,4.0,0.0
21,65-69,old_vaccine,0.0,0.0,0.0,0.0
21,65-69,new_vaccine,0.0,0.0,0.0,0.0
21,70-74,unvaccinated,151.66666666666666,81.0,1.0,0.0
21,70-74,old_vaccine,0.0,0.0,0.0,0.0
21,70-74,new_vaccine,0.0,0.0,0.0,0.0
21,75+,unvaccinated,163.66666666666666,63.0,3.3333333333333335,0.0
21,75+,old_vaccine,0.0,0.0,0.0,0.0
21,75+,new_vaccine,0.0,0.0,0.0,0.0
22,0-4,unvaccinated,30.666666666666668,400.3333333333333,0.0,0.0
22,0-4,old_vaccine,0.0,0.0,0.0,0.0
22,0-4,new_vaccine,0.0,0.0,0.0,0.0
22,5-9,unvaccinated,8.0,495.3333333333333,0.6666666666666666,0.0
22,5-9,old_vaccine,0.0,0.0,0.0,0.0
22,5-9,new_vaccine,0.0,0.0,0.0,0.0
22,10-14,unvaccinated,10.666666666666666,545.0,0.0,0.0
22,10-14,old_vaccine,0.0,0.0,0.0,0.0
22,10-14,new_vaccine,0.0,0.0,0.0,0.0
22,15-19,unvaccinated,17.666666666666668,587.6666666666666,0.0,0.0
22,15-19,old_vaccine,0.0,0.0,0.0,0.0
22,15-19,new_vaccine,0.0,0.0,0.0,0.0
22,20-24,unvaccinated,45.333333333333336,685.3333333333334,0.6666666666666666,0.0
22,20-24,old_vaccine,0.0,0.0,0.0,0.0
22,20-24,new_vaccine,0.0,0.0,0.0,0.0
22,25-29,unvaccinated,88.66666666666667,770.3333333333334,0.0,0.0
22,25-29,old_vaccine,0.0,0.0,0.0,0.0
22,25-29,new_vaccine,0.0,0.0,0.0,0.0
22,30-34,unvaccinated,96.66666666666667,779.0,1.0,0.0
22,30-34,old_vaccine,0.0,0.0,0.0,0.0
22,30-34,new_vaccine,0.0,0.0,0.0,0.0
22,35-39,unvaccinated,80.66666666666667,784.3333333333334,1.0,0.0
22,35-39,old_vaccine,0.0,0.0,0.0,0.0
22,35-39,new_vaccine,0.0,0.0,0.0,0.0
22,40-44,unvaccinated,84.33333333333333,760.0,1.0,0.0
22,40-44,old_vaccine,0.0,0.0,0.0,0.0
22,40-44,new_vaccine,0.0,0.0,0.0,0.0
22,45-49,unvaccinated,110.0,715.3333333333334,0.6666666666666666,0.0
22,45-49,old_vaccine,0.0,0.0,0.0,0.0
22,45-49,new_vaccine,0.0,0.0,0.0,0.0
22,50-54,unvaccinated,161.66666666666666,701.3333333333334,1.3333333333333333,0.0
22,50-54,old_vaccine,0.0,0.0,0.0,0.0
22,50-54,new_vaccine,0.0,0.0,0.0,0.0
22,55-59,unvaccinated,213.66666666666666,633.6666666666666,3.3333333333333335,0.0
22,55-59,old_vaccine,0.0,0.0,0.0,0.0
22,55-59,new_vaccine,0.0,0.0,0.0,0.0
22,60-64,unvaccinated,175.33333333333334,457.3333333333333,2.6666666666666665,0.0
22,60-64,old_vaccine,0.0,0.0,0.0,0.0
22,60-64,new_vaccine,0.0,0.0,0.0,0.0
22,65-69,unvaccinated,221.66666666666666,215.66666666666666,4.333333333333333,0.0
22,65-69,old_vaccine,0.0,0.0,0.0,0.0
22,65-69,new_vaccine,0.0,0.0,0.0,0.0
22,70-74,unvaccinated,190.66666666666666,128.0,2.6666666666666665,0.0
22,70-74,old_vaccine,0.0,0.0,0.0,0.0
22,70-74,new_vaccine,0.0,0.0,0.0,0.0
22,75+,unvaccinated,214.66666666666666,108.33333333333333,4.0,0.0
22,75+,old_vaccine,0.0,0.0,0.0,0.0
22,75+,new_vaccine,0.0,0.0,0.0,0.0
23,0-4,unvaccinated,31.666666666666668,471.3333333333333,1.0,0.0
23,0-4,old_vaccine,0.0,0.0,0.0,0.0
23,0-4,new_vaccine,0.0,0.0,0.0,0.0
23,5-9,unvaccinated,6.333333333333333,581.3333333333334,0.0,0.0
23,5-9,old_vaccine,0.0,0.0,0.0,0.0
23,5-9,new_vaccine,0.0,0.0,0.0,0.0
23,10-14,unvaccinated,11.333333333333334,660.0,0.3333333333333333,0.0
23,10-14,old_vaccine,0.0,0.0,0.0,0.0
23,10-14,new_vaccine,0.0,0.0,0.0,0.0
23,15-19,unvaccinated,17.0,632.6666666666666,0.3333333333333333,0.0
23,15-19,old_vaccine,0.0,0.0,0.0,0.0
23,15-19,new_vaccine,0.0,0.0,0.0,0.0
23,20-24,unvaccinated,44.333333333333336,698.0,0.3333333333333333,0.0
23,20-24,old_vaccine,0.0,0.0,0.0,0.0
23,20-24,new_vaccine,0.0,0.0,0.0,0.0
23,25-29,unvaccinated,73.0,746.6666666666666,0.0,0.0
23,25-29,old_vaccine,0.0,0.0,0.0,0.0
23,25-29,new_vaccine,0.0,0.0,0.0,0.0
23,30-34,unvaccinated,97.66666666666667,775.3333333333334,0.0,0.0
23,30-34,old_vaccine,0.0,0.0,0.0,0.0
23,30-34,new_vaccine,0.0,0.0,0.0,0.0
23,35-39,unvaccinated,74.66666666666667,764.3333333333334,1.0,0.0
23,35-39,old_vaccine,0.0,0.0,0.0,0.0
23,35-39,new_vaccine,0.0,0.0,0.0,0.0
23,40-44,unvaccinated,77.0,698.6666666666666,0.6666666666666666,0.0
23,40-44,old_vaccine,0.0,0.0,0.0,0.0
23,40-44,new_vaccine,0.0,0.0,0.0,0.0
23,45-49,unvaccinated,92.66666666666667,674.6666666666666,1.0,0.0
23,45-49,old_vaccine,0.0,0.0,0.0,0.0
23,45-49,new_vaccine,0.0,0.0,0.0,0.0
23,50-54,unvaccinated,161.33333333333334,673.6666666666666,1.0,0.0
23,50-54,old_vaccine,0.0,0.0,0.0,0.0
23,50-54,new_vaccine,0.0,0.0,0.0,0.0
23,55-59,unvaccinated,198.0,606.3333333333334,1.6666666666666667,0.0
23,55-59,old_vaccine,0.0,0.0,0.0,0.0
23,55-59,new_vaccine,0.0,0.0,0.0,0.0
23,60-64,unvaccinated,200.33333333333334,481.6666666666667,2.6666666666666665,0.0
23,60-64,old_vaccine,0.0,0.0,0.0,0.0
23,60-64,new_vaccine,0.0,0.0,0.0,0.0
23,65-69,unvaccinated,268.0,237.66666666666666,4.0,0.0
23,65-69,old_vaccine,0.0,0.0,0.0,0.0
23,65-69,new_vaccine,0.0,0.0,0.0,0.0
23,70-74,unvaccinated,263.6666666666667,158.66666666666666,3.6666666666666665,0.0
23,70-74,old_vaccine,0.0,0.0,0.0,0.0
23,70-74,new_vaccine,0.0,0.0,0.0,0.0
23,75+,unvaccinated,281.3333333333333,136.66666666666666,4.0,0.0
23,75+,old_vaccine,0.0,0.0,0.0,0.0
23,75+,new_vaccine,0.0,0.0,0.0,0.0
24,0-4,unvaccinated,41.0,547.3333333333334,0.3333333333333333,0.0
24,0-4,old_vaccine,0.0,0.0,0.0,0.0
24,0-4,new_vaccine,0.0,0.0,0.0,0.0
24,5-9,unvaccinated,7.0,688.0,0.0,0.0
24,5-9,old_vaccine,0.0,0.0,0.0,0.0
24,5-9,new_vaccine,0.0,0.0,0.0,0.0
24,10-14,unvaccinated,17.333333333333332,671.0,0.0,0.0
24,10-14,old_vaccine,0.0,0.0,0.0,0.0
24,10-14,new_vaccine,0.0,0.0,0.0,0.0
24,15-19,unvaccinated,17.0,642.6666666666666,0.0,0.0
24,15-19,old_vaccine,0.0,0.0,0.0,0.0
24,15-19,new_vaccine,0.0,0.0,0.0,0.0
24,20-24,unvaccinated,53.0,649.0,0.3333333333333333,0.0
24,20-24,old_vaccine,0.0,0.0,0.0,0.0
24,20-24,new_vaccine,0.0,0.0,0.0,0.0
24,25-29,unvaccinated,76.33333333333333,671.3333333333334,0.3333333333333333,0.0
24,25-29,old_vaccine,0.0,0.0,0.0,0.0
24,25-29,new_vaccine,0.0,0.0,0.0,0.0
24,30-34,unvaccinated,84.33333333333333,676.3333333333334,0.0,0.0
24,30-34,old_vaccine,0.0,0.0,0.0,0.0
24,30-34,new_vaccine,0.0,0.0,0.0,0.0
24,35-39,unvaccinated,71.66666666666667,658.0,1.0,0.0
24,35-39,old_vaccine,0.0,0.0,0.0,0.0
24,35-39,new_vaccine,0.0,0.0,0.0,0.0
24,40-44,unvaccinated,69.0,599.3333333333334,0.6666666666666666,0.0
24,40-44,old_vaccine,0.0,0.0,0.0,0.0
24,40-44,new_vaccine,0.0,0.0,0.0,0.0
24,45-49,unvaccinated,73.33333333333333,585.6666666666666,2.0,0.0
24,45-49,old_vaccine,0.0,0.0,0.0,0.0
24,45-49,new_vaccine,0.0,0.0,0.0,0.0
24,50-54,unvaccinated,159.33333333333334,635.3333333333334,3.3333333333333335,0.0
24,50-54,old_vaccine,0.0,0.0,0.0,0.0
24,50-54,new_vaccine,0.0,0.0,0.0,0.0
24,55-59,unvaccinated,209.0,546.3333333333334,2.0,0.0
24,55-59,old_vaccine,0.0,0.0,0.0,0.0
24,55-59,new_vaccine,0.0,0.0,0.0,0.0
24,60-64,unvaccinated,196.0,496.3333333333333,2.6666666666666665,0.0
24,60-64,old_vaccine,0.0,0.0,0.0,0.0
24,60-64,new_vaccine,0.0,0.0,0.0,0.0
24,65-69,unvaccinated,309.0,243.0,5.333333333333333,0.0
24,65-69,old_vaccine,0.0,0.0,0.0,0.0
24,65-69,new_vaccine,0.0,0.0,0.0,0.0
24,70-74,unvaccinated,288.3333333333333,184.0,3.6666666666666665,0.0
24,70-74,old_vaccine,0.0,0.0,0.0,0.0
24,70-74,new_vaccine,0.0,0.0,0.0,0.0
24,75+,unvaccinated,348.0,162.66666666666666,6.666666666666667,0.0
24,75+,old_vaccine,0.0,0.0,0.0,0.0
24,75+,new_vaccine,0.0,0.0,0.0,0.0
25,0-4,unvaccinated,41.0,608.6666666666666,0.3333333333333333,0.0
25,0-4,old_vaccine,0.0,0.0,0.0,0.0
25,0-4,new_vaccine,0.0,0.0,0.0,0.0
25,5-9,unvaccinated,12.666666666666666,696.6666666666666,0.0,0.0
25,5-9,old_vaccine,0.0,0.0,0.0,0.0
25,5-9,new_vaccine,0.0,0.0,0.0,0.0
25,10-14,unvaccinated,15.0,660.0,0.3333333333333333,0.0
25,10-14,old_vaccine,0.0,0.0,0.0,0.0
25,10-14,new_vaccine,0.0,0.0,0.0,0.0
25,15-19,unvaccinated,15.333333333333334,580.6666666666666,0.0,0.0
25,15-19,old_vaccine,0.0,0.0,0.0,0.0
25,15-19,new_vaccine,0.0,0.0,0.0,0.0
25,20-24,unvaccinated,40.0,550.6666666666666,0.0,0.0
25,20-24,old_vaccine,0.0,0.0,0.0,0.0
25,20-24,new_vaccine,0.0,0.0,0.0,0.0
25,25-29,unvaccinated,53.666666666666664,531.6666666666666,0.0,0.0
25,25-29,old_vaccine,0.0,0.0,0.0,0.0
25,25-29,new_vaccine,0.0,0.0,0.0,0.0
25,30-34,unvaccinated,61.666666666666664,553.3333333333334,0.3333333333333333,0.0
25,30-34,old_vaccine,0.0,0.0,0.0,0.0
25,30-34,new_vaccine,0.0,0.0,0.0,0.0
25,35-39,unvaccinated,52.666666666666664,499.0,0.6666666666666666,0.0
25,35-39,old_vaccine,0.0,0.0,0.0,0.0
25,35-39,new_vaccine,0.0,0.0,0.0,0.0
25,40-44,unvaccinated,45.666666666666664,459.6666666666667,0.3333333333333333,0.0
25,40-44,old_vaccine,0.0,0.0,0.0,0.0
25,40-44,new_vaccine,0.0,0.0,0.0,0.0
25,45-49,unvaccinated,55.0,432.3333333333333,0.6666666666666666,0.0
25,45-49,old_vaccine,0.0,0.0,0.0,0.0
25,45-49,new_vaccine,0.0,0.0,0.0,0.0
25,50-54,unvaccinated,116.66666666666667,526.3333333333334,1.3333333333333333,0.0
25,50-54,old_vaccine,0.0,0.0,0.0,0.0
25,50-54,new_vaccine,0.0,0.0,0.0,0.0
25,55-59,unvaccinated,158.0,457.0,1.6666666666666667,0.0
25,55-59,old_vaccine,0.0,0.0,0.0,0.0
25,55-59,new_vaccine,0.0,0.0,0.0,0.0
25,60-64,unvaccinated,171.66666666666666,447.3333333333333,3.6666666666666665,0.0
25,60-64,old_vaccine,0.0,0.0,0.0,0.0
25,60-64,new_vaccine,0.0,0.0,0.0,0.0
25,65-69,unvaccinated,304.6666666666667,269.3333333333333,6.0,0.0
25,65-69,old_vaccine,0.0,0.0,0.0,0.0
25,65-69,new_vaccine,0.0,0.0,0.0,0.0
25,70-74,unvaccinated,369.3333333333333,210.0,6.0,0.0
25,70-74,old_vaccine,0.0,0.0,0.0,0.0
25,70-74,new_vaccine,0.0,0.0,0.0,0.0
25,75+,unvaccinated,453.6666666666667,225.33333333333334,6.0,0.0
25,75+,old_vaccine,0.0,0.0,0.0,0.0
25,75+,new_vaccine,0.0,0.0,0.0,0.0
26,0-4,unvaccinated,39.333333333333336,623.0,0.0,0.0
26,0-4,old_vaccine,0.0,0.0,0.0,0.0
26,0-4,new_vaccine,0.0,0.0,0.0,0.0
26,5-9,unvaccinated,12.333333333333334,682.6666666666666,0.6666666666666666,0.0
26,5-9,old_vaccine,0.0,0.0,0.0,0.0
26,5-9,new_vaccine,0.0,0.0,0.0,0.0
26,10-14,unvaccinated,8.0,602.6666666666666,0.0,0.0
26,10-14,old_vaccine,0.0,0.0,0.0,0.0
26,10-14,new_vaccine,0.0,0.0,0.0,0.0
26,15-19,unvaccinated,12.333333333333334,465.0,0.0,0.0
26,15-19,old_vaccine,0.0,0.0,0.0,0.0
26,15-19,new_vaccine,0.0,0.0,0.0,0.0
26,20-24,unvaccinated,33.333333333333336,422.3333333333333,0.0,0.0
26,20-24,old_vaccine,0.0,0.0,0.0,0.0
26,20-24,new_vaccine,0.0,0.0,0.0,0.0
26,25-29,unvaccinated,48.666666666666664,374.6666666666667,0.3333333333333333,0.0
26,25-29,old_vaccine,0.0,0.0,0.0,0.0
26,25-29,new_vaccine,0.0,0.0,0.0,0.0
26,30-34,unvaccinated,48.0,402.6666666666667,0.0,0.0
26,30-34,old_vaccine,0.0,0.0,0.0,0.0
26,30-34,new_vaccine,0.0,0.0,0.0,0.0
26,35-39,unvaccinated,33.666666666666664,354.3333333333333,0.3333333333333333,0.0
26,35-39,old_vaccine,0.0,0.0,0.0,0.0
26,35-39,new_vaccine,0.0,0.0,0.0,0.0
26,40-44,unvaccinated,43.0,321.0,0.0,0.0
26,40-44,old_vaccine,0.0,0.0,0.0,0.0
26,40-44,new_vaccine,0.0,0.0,0.0,0.0
26,45-49,unvaccinated,44.666666666666664,306.3333333333333,0.3333333333333333,0.0
26,45-49,old_vaccine,0.0,0.0,0.0,0.0
26,45-49,new_vaccine,0.0,0.0,0.0,0.0
26,50-54,unvaccinated,100.0,397.0,1.3333333333333333,0.0
26,50-54,old_vaccine,0.0,0.0,0.0,0.0
26,50-54,new_vaccine,0.0,0.0,0.0,0.0
26,55-59,unvaccinated,114.0,377.3333333333333,0.3333333333333333,0.0
26,55-59,old_vaccine,0.0,0.0,0.0,0.0
26,55-59,new_vaccine,0.0,0.0,0.0,0.0
26,60-64,unvaccinated,151.66666666666666,335.0,2.3333333333333335,0.0
26,60-64,old_vaccine,0.0,0.0,0.0,0.0
26,60-64,new_vaccine,0.0,0.0,0.0,0.0
26,65-69,unvaccinated,311.6666666666667,262.3333333333333,4.0,0.0
26,65-69,old_vaccine,0.0,0.0,0.0,0.0
26,65-69,new_vaccine,0.0,0.0,0.0,0.0
26,70-74,unvaccinated,368.3333333333333,208.66666666666666,6.0,0.0
26,70-74,old_vaccine,0.0,0.0,0.0,0.0
26,70-74,new_vaccine,0.0,0.0,0.0,0.0
26,75+,unvaccinated,545.3333333333334,291.3333333333333,12.666666666666666,0.0
26,75+,old_vaccine,0.0,0.0,0.0,0.0
26,75+,new_vaccine,0.0,0.0,0.0,0.0
27,0-4,unvaccinated,43.333333333333336,552.6666666666666,0.0,0.0
27,0-4,old_vaccine,0.0,0.0,0.0,0.0
27,0-4,new_vaccine,0.0,0.0,0.0,0.0
27,5-9,unvaccinated,7.333333333333333,598.6666666666666,0.0,0.0
27,5-9,old_vaccine,0.0,0.0,0.0,0.0
27,5-9,new_vaccine,0.0,0.0,0.0,0.0
27,10-14,unvaccinated,6.666666666666667,496.6666666666667,0.3333333333333333,0.0
27,10-14,old_vaccine,0.0,0.0,0.0,0.0
27,10-14,new_vaccine,0.0,0.0,0.0,0.0
27,15-19,unvaccinated,14.666666666666666,333.3333333333333,0.0,0.0
27,15-19,old_vaccine,0.0,0.0,0.0,0.0
27,15-19,new_vaccine,0.0,0.0,0.0,0.0
27,20-24,unvaccinated,26.0,311.3333333333333,0.0,0.0
27,20-24,old_vaccine,0.0,0.0,0.0,0.0
27,20-24,new_vaccine,0.0,0.0,0.0,0.0
27,25-29,unvaccinated,32.333333333333336,287.6666666666667,0.3333333333333333,0.0
27,25-29,old_vaccine,0.0,0.0,0.0,0.0
27,25-29,new_vaccine,0.0,0.0,0.0,0.0
27,30-34,unvaccinated,32.666666666666664,316.3333333333333,0.0,0.0
27,30-34,old_vaccine,0.0,0.0,0.0,0.0
27,30-34,new_vaccine,0.0,0.0,0.0,0.0
27,35-39,unvaccinated,26.0,265.0,0.3333333333333333,0.0
27,35-39,old_vaccine,0.0,0.0,0.0,0.0
27,35-39,new_vaccine,0.0,0.0,0.0,0.0
27,40-44,unvaccinated,23.666666666666668,261.3333333333333,0.0,0.0
27,40-44,old_vaccine,0.0,0.0,0.0,0.0
27,40-44,new_vaccine,0.0,0.0,0.0,0.0
27,45-49,unvaccinated,35.0,224.33333333333334,0.0,0.0
27,45-49,old_vaccine,0.0,0.0,0.0,0.0
27,45-49,new_vaccine,0.0,0.0,0.0,0.0
27,50-54,unvaccinated,63.666666666666664,288.3333333333333,0.6666666666666666,0.0
27,50-54,old_vaccine,0.0,0.0,0.0,0.0
27,50-54,new_vaccine,0.0,0.0,0.0,0.0
27,55-59,unvaccinated,87.0,277.0,0.3333333333333333,0.0
27,55-59,old_vaccine,0.0,0.0,0.0,0.0
27,55-59,new_vaccine,0.0,0.0,0.0,0.0
27,60-64,unvaccinated,113.0,275.6666666666667,1.3333333333333333,0.0
27,60-64,old_vaccine,0.0,0.0,0.0,0.0
27,60-64,new_vaccine,0.0,0.0,0.0,0.0
27,65-69,unvaccinated,254.33333333333334,215.33333333333334,2.6666666666666665,0.0
27,65-69,old_vaccine,0.0,0.0,0.0,0.0
27,65-69,new_vaccine,0.0,0.0,0.0,0.0
27,70-74,unvaccinated,339.0,198.33333333333334,5.666666666666667,0.0
27,70-74,old_vaccine,0.0,0.0,0.0,0.0
27,70-74,new_vaccine,0.0,0.0,0.0,0.0
27,75+,unvaccinated,614.0,274.0,9.0,0.0
27,75+,old_vaccine,0.0,0.0,0.0,0.0
27,75+,new_vaccine,0.0,0.0,0.0,0.0
28,0-4,unvaccinated,28.0,460.3333333333333,0.3333333333333333,0.0
28,0-4,old_vaccine,0.0,0.0,0.0,0.0
28,0-4,new_vaccine,0.0,0.0,0.0,0.0
28,5-9,unvaccinated,7.0,476.6666666666667,0.0,0.0
28,5-9,old_vaccine,0.0,0.0,0.0,0.0
28,5-9,new_vaccine,0.0,0.0,0.0,0.0
28,10-14,unvaccinated,7.333333333333333,363.0,0.0,0.0
28,10-14,old_vaccine,0.0,0.0,0.0,0.0
28,10-14,new_vaccine,0.0,0.0,0.0,0.0
28,15-19,unvaccinated,5.666666666666667,250.66666666666666,0.0,0.0
28,15-19,old_vaccine,0.0,0.0,0.0,0.0
28,15-19,new_vaccine,0.0,0.0,0.0,0.0
28,20-24,unvaccinated,21.666666666666668,229.33333333333334,0.0,0.0
28,20-24,old_vaccine,0.0,0.0,0.0,0.0
28,20-24,new_vaccine,0.0,0.0,0.0,0.0
28,25-29,unvaccinated,24.0,230.66666666666666,0.0,0.0
28,25-29,old_vaccine,0.0,0.0,0.0,0.0
28,25-29,new_vaccine,0.0,0.0,0.0,0.0
28,30-34,unvaccinated,22.0,239.33333333333334,0.0,0.0
28,30-34,old_vaccine,0.0,0.0,0.0,0.0
28,30-34,new_vaccine,0.0,0.0,0.0,0.0
28,35-39,unvaccinated,29.0,231.33333333333334,0.3333333333333333,0.0
28,35-39,old_vaccine,0.0,0.0,0.0,0.0
28,35-39,new_vaccine,0.0,0.0,0.0,0.0
28,40-44,unvaccinated,20.666666666666668,207.33333333333334,0.3333333333333333,0.0
28,40-44,old_vaccine,0.0,0.0,0.0,0.0
28,40-44,new_vaccine,0.0,0.0,0.0,0.0
28,45-49,unvaccinated,24.0,211.33333333333334,0.6666666666666666,0.0
28,45-49,old_vaccine,0.0,0.0,0.0,0.0
28,45-49,new_vaccine,0.0,0.0,0.0,0.0
28,50-54,unvaccinated,44.333333333333336,209.33333333333334,0.6666666666666666,0.0
28,50-54,old_vaccine,0.0,0.0,0.0,0.0
28,50-54,new_vaccine,0.0,0.0,0.0,0.0
28,55-59,unvaccinated,68.66666666666667,203.33333333333334,0.6666666666666666,0.0
28,55-59,old_vaccine,0.0,0.0,0.0,0.0
28,55-59,new_vaccine,0.0,0.0,0.0,0.0
28,60-64,unvaccinated,84.66666666666667,205.0,1.3333333333333333,0.0
28,60-64,old_vaccine,0.0,0.0,0.0,0.0
28,60-64,new_vaccine,0.0,0.0,0.0,0.0
28,65-69,unvaccinated,172.66666666666666,166.66666666666666,1.0,0.0
28,65-69,old_vaccine,0.0,0.0,0.0,0.0
28,65-69,new_vaccine,0.0,0.0,0.0,0.0
28,70-74,unvaccinated,283.0,169.66666666666666,4.666666666666667,0.0
28,70-74,old_vaccine,0.0,0.0,0.0,0.0
28,70-74,new_vaccine,0.0,0.0,0.0,0.0
28,75+,unvaccinated,617.6666666666666,289.6666666666667,6.666666666666667,0.0
28,75+,old_vaccine,0.0,0.0,0.0,0.0
28,75+,new_vaccine,0.0,0.0,0.0,0.0
29,0-4,unvaccinated,29.666666666666668,357.3333333333333,0.3333333333333333,0.0
29,0-4,old_vaccine,0.0,0.0,0.0,0.0
29,0-4,new_vaccine,0.0,0.0,0.0,0.0
29,5-9,unvaccinated,5.666666666666667,361.6666666666667,0.3333333333333333,0.0
29,5-9,old_vaccine,0.0,0.0,0.0,0.0
29,5-9,new_vaccine,0.0,0.0,0.0,0.0
29,10-14,unvaccinated,3.3333333333333335,292.6666666666667,0.0,0.0
29,10-14,old_vaccine,0.0,0.0,0.0,0.0
29,10-14,new_vaccine,0.0,0.0,0.0,0.0
29,15-19,unvaccinated,6.333333333333333,201.66666666666666,0.0,0.0
29,15-19,old_vaccine,0.0,0.0,0.0,0.0
29,15-19,new_vaccine,0.0,0.0,0.0,0.0
29,20-24,unvaccinated,15.333333333333334,195.0,0.0,0.0
29,20-24,old_vaccine,0.0,0.0,0.0,0.0
29,20-24,new_vaccine,0.0,0.0,0.0,0.0
29,25-29,unvaccinated,22.666666666666668,199.66666666666666,0.0,0.0
29,25-29,old_vaccine,0.0,0.0,0.0,0.0
29,25-29,new_vaccine,0.0,0.0,0.0,0.0
29,30-34,unvaccinated,22.333333333333332,211.66666666666666,0.0,0.0
29,30-34,old_vaccine,0.0,0.0,0.0,0.0
29,30-34,new_vaccine,0.0,0.0,0.0,0.0
29,35-39,unvaccinated,24.0,209.33333333333334,0.0,0.0
29,35-39,old_vaccine,0.0,0.0,0.0,0.0
29,35-39,new_vaccine,0.0,0.0,0.0,0.0
29,40-44,unvaccinated,27.0,195.0,0.3333333333333333,0.0
29,40-44,old_vaccine,0.0,0.0,0.0,0.0
29,40-44,new_vaccine,0.0,0.0,0.0,0.0
29,45-49,unvaccinated,26.666666666666668,201.66666666666666,0.6666666666666666,0.0
29,45-49,old_vaccine,0.0,0.0,0.0,0.0
29,45-49,new_vaccine,0.0,0.0,0.0,0.0
29,50-54,unvaccinated,40.333333333333336,196.0,0.3333333333333333,0.0
29,50-54,old_vaccine,0.0,0.0,0.0,0.0
29,50-54,new_vaccine,0.0,0.0,0.0,0.0
29,55-59,unvaccinated,60.0,184.66666666666666,1.0,0.0
29,55-59,old_vaccine,0.0,0.0,0.0,0.0
29,55-59,new_vaccine,0.0,0.0,0.0,0.0
29,60-64,unvaccinated,70.0,159.33333333333334,0.6666666666666666,0.0
29,60-64,old_vaccine,0.0,0.0,0.0,0.0
29,60-64,new_vaccine,0.0,0.0,0.0,0.0
29,65-69,unvaccinated,142.66666666666666,120.33333333333333,3.0,0.0
29,65-69,old_vaccine,0.0,0.0,0.0,0.0
29,65-69,new_vaccine,0.0,0.0,0.0,0.0
29,70-74,unvaccinated,222.66666666666666,138.66666666666666,4.0,0.0
29,70-74,old_vaccine,0.0,0.0,0.0,0.0
29,70-74,new_vaccine,0.0,0.0,0.0,0.0
29,75+,unvaccinated,596.0,267.3333333333333,7.666666666666667,0.0
29,75+,old_vaccine,0.0,0.0,0.0,0.0
29,75+,new_vaccine,0.0,0.0,0.0,0.0
30,0-4,unvaccinated,17.666666666666668,246.66666666666666,0.3333333333333333,0.0
30,0-4,old_vaccine,0.0,0.0,0.0,0.0
30,0-4,new_vaccine,0.0,0.0,0.0,0.0
30,5-9,unvaccinated,4.333333333333333,273.6666666666667,0.0,0.0
30,5-9,old_vaccine,0.0,0.0,0.0,0.0
30,5-9,new_vaccine,0.0,0.0,0.0,0.0
30,10-14,unvaccinated,4.0,219.0,0.0,0.0
30,10-14,old_vaccine,0.0,0.0,0.0,0.0
30,10-14,new_vaccine,0.0,0.0,0.0,0.0
30,15-19,unvaccinated,6.666666666666667,181.0,0.0,0.0
30,15-19,old_vaccine,0.0,0.0,0.0,0.0
30,15-19,new_vaccine,0.0,0.0,0.0,0.0
30,20-24,unvaccinated,14.333333333333334,208.33333333333334,0.0,0.0
30,20-24,old_vaccine,0.0,0.0,0.0,0.0
30,20-24,new_vaccine,0.0,0.0,0.0,0.0
30,25-29,unvaccinated,29.333333333333332,215.33333333333334,0.0,0.0
30,25-29,old_vaccine,0.0,0.0,0.0,0.0
30,25-29,new_vaccine,0.0,0.0,0.0,0.0
30,30-34,unvaccinated,23.333333333333332,213.33333333333334,0.0,0.0
30,30-34,old_vaccine,0.0,0.0,0.0,0.0
30,30-34,new_vaccine,0.0,0.0,0.0,0.0
30,35-39,unvaccinated,27.666666666666668,242.33333333333334,0.0,0.0
30,35-39,old_vaccine,0.0,0.0,0.0,0.0
30,35-39,new_vaccine,0.0,0.0,0.0,0.0
30,40-44,unvaccinated,31.333333333333332,247.33333333333334,0.3333333333333333,0.0
30,40-44,old_vaccine,0.0,0.0,0.0,0.0
30,40-44,new_vaccine,0.0,0.0,0.0,0.0
30,45-49,unvaccinated,30.666666666666668,244.66666666666666,0.0,0.0
30,45-49,old_vaccine,0.0,0.0,0.0,0.0
30,45-49,new_vaccine,0.0,0.0,0.0,0.0
30,50-54,unvaccinated,52.0,211.66666666666666,0.3333333333333333,0.0
30,50-54,old_vaccine,0.0,0.0,0.0,0.0
30,50-54,new_vaccine,0.0,0.0,0.0,0.0
30,55-59,unvaccinated,63.333333333333336,172.33333333333334,0.0,0.0
30,55-59,old_vaccine,0.0,0.0,0.0,0.0
30,55-59,new_vaccine,0.0,0.0,0.0,0.0
30,60-64,unvaccinated,63.666666666666664,131.33333333333334,0.6666666666666666,0.0
30,60-64,old_vaccine,0.0,0.0,0.0,0.0
30,60-64,new_vaccine,0.0,0.0,0.0,0.0
30,65-69,unvaccinated,108.66666666666667,92.0,2.0,0.0
30,65-69,old_vaccine,0.0,0.0,0.0,0.0
30,65-69,new_vaccine,0.0,0.0,0.0,0.0
30,70-74,unvaccinated,159.66666666666666,99.33333333333333,3.3333333333333335,0.0
30,70-74,old_vaccine,0.0,0.0,0.0,0.0
30,70-74,new_vaccine,0.0,0.0,0.0,0.0
30,75+,unvaccinated,471.3333333333333,236.33333333333334,7.333333333333333,0.0
30,75+,old_vaccine,0.0,0.0,0.0,0.0
30,75+,new_vaccine,0.0,0.0,0.0,0.0
31,0-4,unvaccinated,14.333333333333334,201.33333333333334,0.0,0.0
31,0-4,old_vaccine,0.0,0.0,0.0,0.0
31,0-4,new_vaccine,0.0,0.0,0.0,0.0
31,5-9,unvaccinated,3.3333333333333335,208.33333333333334,0.0,0.0
31,5-9,old_vaccine,0.0,0.0,0.0,0.0
31,5-9,new_vaccine,0.0,0.0,0.0,0.0
31,10-14,unvaccinated,7.0,212.0,0.0,0.0
31,10-14,old_vaccine,0.0,0.0,0.0,0.0
31,10-14,new_vaccine,0.0,0.0,0.0,0.0
31,15-19,unvaccinated,6.0,196.66666666666666,0.0,0.0
31,15-19,old_vaccine,0.0,0.0,0.0,0.0
31,15-19,new_vaccine,0.0,0.0,0.0,0.0
31,20-24,unvaccinated,17.333333333333332,211.66666666666666,0.0,0.0
31,20-24,old_vaccine,0.0,0.0,0.0,0.0
31,20-24,new_vaccine,0.0,0.0,0.0,0.0
31,25-29,unvaccinated,29.0,274.6666666666667,0.3333333333333333,0.0
31,25-29,old_vaccine,0.0,0.0,0.0,0.0
31,25-29,new_vaccine,0.0,0.0,0.0,0.0
31,30-34,unvaccinated,31.0,253.33333333333334,0.0,0.0
31,30-34,old_vaccine,0.0,0.0,0.0,0.0
31,30-34,new_vaccine,0.0,0.0,0.0,0.0
31,35-39,unvaccinated,28.666666666666668,290.3333333333333,0.0,0.0
31,35-39,old_vaccine,0.0,0.0,0.0,0.0
31,35-39,new_vaccine,0.0,0.0,0.0,0.0
31,40-44,unvaccinated,33.333333333333336,291.0,0.0,0.0
31,40-44,old_vaccine,0.0,0.0,0.0,0.0
31,40-44,new_vaccine,0.0,0.0,0.0,0.0
31,45-49,unvaccinated,37.666666666666664,289.6666666666667,0.3333333333333333,0.0
31,45-49,old_vaccine,0.0,0.0,0.0,0.0
31,45-49,new_vaccine,0.0,0.0,0.0,0.0
31,50-54,unvaccinated,51.0,242.66666666666666,0.0,0.0
31,50-54,old_vaccine,0.0,0.0,0.0,0.0
31,50-54,new_vaccine,0.0,0.0,0.0,0.0
31,55-59,unvaccinated,71.0,216.0,0.3333333333333333,0.0
31,55-59,old_vaccine,0.0,0.0,0.0,0.0
31,55-59,new_vaccine,0.0,0.0,0.0,0.0
31,60-64,unvaccinated,64.66666666666667,165.0,0.6666666666666666,0.0
31,60-64,old_vaccine,0.0,0.0,0.0,0.0
31,60-64,new_vaccine,0.0,0.0,0.0,0.0
31,65-69,unvaccinated,99.33333333333333,89.66666666666667,1.6666666666666667,0.0
31,65-69,old_vaccine,0.0,0.0,0.0,0.0
31,65-69,new_vaccine,0.0,0.0,0.0,0.0
31,70-74,unvaccinated,141.0,82.33333333333333,0.6666666666666666,0.0
31,70-74,old_vaccine,0.0,0.0,0.0,0.0
31,70-74,new_vaccine,0.0,0.0,0.0,0.0
31,75+,unvaccinated,411.6666666666667,203.33333333333334,5.666666666666667,0.0
31,75+,old_vaccine,0.0,0.0,0.0,0.0
31,75+,new_vaccine,0.0,0.0,0.0,0.0
32,0-4,unvaccinated,14.333333333333334,177.66666666666666,0.3333333333333333,0.0
32,0-4,old_vaccine,0.0,0.0,0.0,0.0
32,0-4,new_vaccine,0.0,0.0,0.0,0.0
32,5-9,unvaccinated,4.333333333333333,194.0,0.0,0.0
32,5-9,old_vaccine,0.0,0.0,0.0,0.0
32,5-9,new_vaccine,0.0,0.0,0.0,0.0
32,10-14,unvaccinated,3.3333333333333335,189.33333333333334,0.0,0.0
32,10-14,old_vaccine,0.0,0.0,0.0,0.0
32,10-14,new_vaccine,0.0,0.0,0.0,0.0
32,15-19,unvaccinated,6.666666666666667,220.66666666666666,0.0,0.0
32,15-19,old_vaccine,0.0,0.0,0.0,0.0
32,15-19,new_vaccine,0.0,0.0,0.0,0.0
32,20-24,unvaccinated,14.333333333333334,256.6666666666667,0.0,0.0
32,20-24,old_vaccine,0.0,0.0,0.0,0.0
32,20-24,new_vaccine,0.0,0.0,0.0,0.0
32,25-29,unvaccinated,31.333333333333332,330.6666666666667,0.3333333333333333,0.0
32,25-29,old_vaccine,0.0,0.0,0.0,0.0
32,25-29,new_vaccine,0.0,0.0,0.0,0.0
32,30-34,unvaccinated,43.333333333333336,319.3333333333333,0.3333333333333333,0.0
32,30-34,old_vaccine,0.0,0.0,0.0,0.0
32,30-34,new_vaccine,0.0,0.0,0.0,0.0
32,35-39,unvaccinated,36.333333333333336,378.6666666666667,0.3333333333333333,0.0
32,35-39,old_vaccine,0.0,0.0,0.0,0.0
32,35-39,new_vaccine,0.0,0.0,0.0,0.0
32,40-44,unvaccinated,42.333333333333336,346.6666666666667,0.6666666666666666,0.0
32,40-44,old_vaccine,0.0,0.0,0.0,0.0
32,40-44,new_vaccine,0.0,0.0,0.0,0.0
32,45-49,unvaccinated,41.0,332.3333333333333,0.0,0.0
32,45-49,old_vaccine,0.0,0.0,0.0,0.0
32,45-49,new_vaccine,0.0,0.0,0.0,0.0
32,50-54,unvaccinated,79.0,306.3333333333333,0.3333333333333333,0.0
32,50-54,old_vaccine,0.0,0.0,0.0,0.0
32,50-54,new_vaccine,0.0,0.0,0.0,0.0
32,55-59,unvaccinated,85.33333333333333,249.33333333333334,1.3333333333333333,0.0
32,55-59,old_vaccine,0.0,0.0,0.0,0.0
32,55-59,new_vaccine,0.0,0.0,0.0,0.0
32,60-64,unvaccinated,78.0,183.66666666666666,1.6666666666666667,0.0
32,60-64,old_vaccine,0.0,0.0,0.0,0.0
32,60-64,new_vaccine,0.0,0.0,0.0,0.0
32,65-69,unvaccinated,93.0,82.0,2.3333333333333335,0.0
32,65-69,old_vaccine,0.0,0.0,0.0,0.0
32,65-69,new_vaccine,0.0,0.0,0.0,0.0
32,70-74,unvaccinated,123.33333333333333,77.0,2.6666666666666665,0.0
32,70-74,old_vaccine,0.0,0.0,0.0,0.0
32,70-74,new_vaccine,0.0,0.0,0.0,0.0
32,75+,unvaccinated,317.3333333333333,156.66666666666666,5.333333333333333,0.0
32,75+,old_vaccine,0.0,0.0,0.0,0.0
32,75+,new_vaccine,0.0,0.0,0.0,0.0
33,0-4,unvaccinated,11.0,165.66666666666666,0.3333333333333333,0.0
33,0-4,old_vaccine,0.0,0.0,0.0,0.0
33,0-4,new_vaccine,0.0,0.0,0.0,0.0
33,5-9,unvaccinated,4.0,202.66666666666666,0.0,0.0
33,5-9,old_vaccine,0.0,0.0,0.0,0.0
33,5-9,new_vaccine,0.0,0.0,0.0,0.0
33,10-14,unvaccinated,3.6666666666666665,216.66666666666666,0.0,0.0
33,10-14,old_vaccine,0.0,0.0,0.0,0.0
33,10-14,new_vaccine,0.0,0.0,0.0,0.0
33,15-19,unvaccinated,7.666666666666667,253.33333333333334,0.0,0.0
33,15-19,old_vaccine,0.0,0.0,0.0,0.0
33,15-19,new_vaccine,0.0,0.0,0.0,0.0
33,20-24,unvaccinated,19.333333333333332,317.3333333333333,0.3333333333333333,0.0
33,20-24,old_vaccine,0.0,0.0,0.0,0.0
33,20-24,new_vaccine,0.0,0.0,0.0,0.0
33,25-29,unvaccinated,45.333333333333336,374.3333333333333,0.0,0.0
33,25-29,old_vaccine,0.0,0.0,0.0,0.0
33,25-29,new_vaccine,0.0,0.0,0.0,0.0
33,30-34,unvaccinated,42.0,381.3333333333333,0.3333333333333333,0.0
33,30-34,old_vaccine,0.0,0.0,0.0,0.0
33,30-34,new_vaccine,0.0,0.0,0.0,0.0
33,35-39,unvaccinated,42.666666666666664,413.0,0.3333333333333333,0.0
33,35-39,old_vaccine,0.0,0.0,0.0,0.0
33,35-39,new_vaccine,0.0,0.0,0.0,0.0
33,40-44,unvaccinated,45.666666666666664,433.3333333333333,1.0,0.0
33,40-44,old_vaccine,0.0,0.0,0.0,0.0
33,40-44,new_vaccine,0.0,0.0,0.0,0.0
33,45-49,unvaccinated,54.666666666666664,391.0,0.3333333333333333,0.0
33,45-49,old_vaccine,0.0,0.0,0.0,0.0
33,45-49,new_vaccine,0.0,0.0,0.0,0.0
33,50-54,unvaccinated,75.66666666666667,337.0,0.6666666666666666,0.0
33,50-54,old_vaccine,0.0,0.0,0.0,0.0
33,50-54,new_vaccine,0.0,0.0,0.0,0.0
33,55-59,unvaccinated,102.66666666666667,296.3333333333333,0.6666666666666666,0.0
33,55-59,old_vaccine,0.0,0.0,0.0,0.0
33,55-59,new_vaccine,0.0,0.0,0.0,0.0
33,60-64,unvaccinated,101.33333333333333,202.33333333333334,2.6666666666666665,0.0
33,60-64,old_vaccine,0.0,0.0,0.0,0.0
33,60-64,new_vaccine,0.0,0.0,0.0,0.0
33,65-69,unvaccinated,112.33333333333333,99.33333333333333,1.3333333333333333,0.0
33,65-69,old_vaccine,0.0,0.0,0.0,0.0
33,65-69,new_vaccine,0.0,0.0,0.0,0.0
33,70-74,unvaccinated,103.33333333333333,72.33333333333333,2.6666666666666665,0.0
33,70-74,old_vaccine,0.0,0.0,0.0,0.0
33,70-74,new_vaccine,0.0,0.0,0.0,0.0
33,75+,unvaccinated,247.33333333333334,131.0,6.333333333333333,0.0
33,75+,old_vaccine,0.0,0.0,0.0,0.0
33,75+,new_vaccine,0.0,0.0,0.0,0.0
34,0-4,unvaccinated,13.0,184.33333333333334,0.0,0.0
34,0-4,old_vaccine,0.0,0.0,0.0,0.0
34,0-4,new_vaccine,0.0,0.0,0.0,0.0
34,5-9,unvaccinated,2.3333333333333335,236.0,0.0,0.0
34,5-9,old_vaccine,0.0,0.0,0.0,0.0
34,5-9,new_vaccine,0.0,0.0,0.0,0.0
34,10-14,unvaccinated,7.333333333333333,248.66666666666666,0.0,0.0
34,10-14,old_vaccine,0.0,0.0,0.0,0.0
34,10-14,new_vaccine,0.0,0.0,0.0,0.0
34,15-19,unvaccinated,9.0,290.6666666666667,0.0,0.0
34,15-19,old_vaccine,0.0,0.0,0.0,0.0
34,15-19,new_vaccine,0.0,0.0,0.0,0.0
34,20-24,unvaccinated,28.666666666666668,364.3333333333333,0.3333333333333333,0.0
34,20-24,old_vaccine,0.0,0.0,0.0,0.0
34,20-24,new_vaccine,0.0,0.0,0.0,0.0
34,25-29,unvaccinated,54.0,464.3333333333333,0.0,0.0
34,25-29,old_vaccine,0.0,0.0,0.0,0.0
34,25-29,new_vaccine,0.0,0.0,0.0,0.0
34,30-34,unvaccinated,51.666666666666664,435.3333333333333,0.3333333333333333,0.0
34,30-34,old_vaccine,0.0,0.0,0.0,0.0
34,30-34,new_vaccine,0.0,0.0,0.0,0.0
34,35-39,unvaccinated,49.333333333333336,487.3333333333333,0.3333333333333333,0.0
34,35-39,old_vaccine,0.0,0.0,0.0,0.0
34,35-39,new_vaccine,0.0,0.0,0.0,0.0
34,40-44,unvaccinated,54.0,470.0,0.6666666666666666,0.0
34,40-44,old_vaccine,0.0,0.0,0.0,0.0
34,40-44,new_vaccine,0.0,0.0,0.0,0.0
34,45-49,unvaccinated,68.33333333333333,436.6666666666667,1.3333333333333333,0.0
34,45-49,old_vaccine,0.0,0.0,0.0,0.0
34,45-49,new_vaccine,0.0,0.0,0.0,0.0
34,50-54,unvaccinated,95.33333333333333,398.0,0.0,0.0
34,50-54,old_vaccine,0.0,0.0,0.0,0.0
34,50-54,new_vaccine,0.0,0.0,0.0,0.0
34,55-59,unvaccinated,116.33333333333333,330.6666666666667,1.0,0.0
34,55-59,old_vaccine,0.0,0.0,0.0,0.0
34,55-59,new_vaccine,0.0,0.0,0.0,0.0
34,60-64,unvaccinated,120.0,270.6666666666667,1.6666666666666667,0.0
34,60-64,old_vaccine,0.0,0.0,0.0,0.0
34,60-64,new_vaccine,0.0,0.0,0.0,0.0
34,65-69,unvaccinated,120.33333333333333,113.33333333333333,0.3333333333333333,0.0
34,65-69,old_vaccine,0.0,0.0,0.0,0.0
34,65-69,new_vaccine,0.0,0.0,0.0,0.0
34,70-74,unvaccinated,120.66666666666667,72.0,1.6666666666666667,0.0
34,70-74,old_vaccine,0.0,0.0,0.0,0.0
34,70-74,new_vaccine,0.0,0.0,0.0,0.0
34,75+,unvaccinated,230.33333333333334,104.66666666666667,4.0,0.0
34,75+,old_vaccine,0.0,0.0,0.0,0.0
34,75+,new_vaccine,0.0,0.0,0.0,0.0
35,0-4,unvaccinated,13.333333333333334,212.66666666666666,0.0,0.0
35,0-4,old_vaccine,0.0,0.0,0.0,0.0
35,0-4,new_vaccine,0.0,0.0,0.0,0.0
35,5-9,unvaccinated,6.666666666666667,277.3333333333333,0.0,0.0
35,5-9,old_vaccine,0.0,0.0,0.0,0.0
35,5-9,new_vaccine,0.0,0.0,0.0,0.0
35,10-14,unvaccinated,4.333333333333333,291.6666666666667,0.0,0.0
35,10-14,old_vaccine,0.0,0.0,0.0,0.0
35,10-14,new_vaccine,0.0,0.0,0.0,0.0
35,15-19,unvaccinated,8.666666666666666,347.6666666666667,0.0,0.0
35,15-19,old_vaccine,0.0,0.0,0.0,0.0
35,15-19,new_vaccine,0.0,0.0,0.0,0.0
35,20-24,unvaccinated,32.0,406.0,0.0,0.0
35,20-24,old_vaccine,0.0,0.0,0.0,0.0
35,20-24,new_vaccine,0.0,0.0,0.0,0.0
35,25-29,unvaccinated,56.0,491.6666666666667,0.0,0.0
35,25-29,old_vaccine,0.0,0.0,0.0,0.0
35,25-29,new_vaccine,0.0,0.0,0.0,0.0
35,30-34,unvaccinated,64.0,510.3333333333333,0.6666666666666666,0.0
35,30-34,old_vaccine,0.0,0.0,0.0,0.0
35,30-34,new_vaccine,0.0,0.0,0.0,0.0
35,35-39,unvaccinated,54.666666666666664,478.6666666666667,0.3333333333333333,0.0
35,35-39,old_vaccine,0.0,0.0,0.0,0.0
35,35-39,new_vaccine,0.0,0.0,0.0,0.0
35,40-44,unvaccinated,56.666666666666664,525.6666666666666,0.3333333333333333,0.0
35,40-44,old_vaccine,0.0,0.0,0.0,0.0
35,40-44,new_vaccine,0.0,0.0,0.0,0.0
35,45-49,unvaccinated,71.0,502.6666666666667,0.3333333333333333,0.0
35,45-49,old_vaccine,0.0,0.0,0.0,0.0
35,45-49,new_vaccine,0.0,0.0,0.0,0.0
35,50-54,unvaccinated,102.0,441.0,1.6666666666666667,0.0
35,50-54,old_vaccine,0.0,0.0,0.0,0.0
35,50-54,new_vaccine,0.0,0.0,0.0,0.0
35,55-59,unvaccinated,129.0,369.0,1.6666666666666667,0.0
35,55-59,old_vaccine,0.0,0.0,0.0,0.0
35,55-59,new_vaccine,0.0,0.0,0.0,0.0
35,60-64,unvaccinated,121.66666666666667,304.0,2.0,0.0
35,60-64,old_vaccine,0.0,0.0,0.0,0.0
35,60-64,new_vaccine,0.0,0.0,0.0,0.0
35,65-69,unvaccinated,139.0,106.33333333333333,4.333333333333333,0.0
35,65-69,old_vaccine,0.0,0.0,0.0,0.0
35,65-69,new_vaccine,0.0,0.0,0.0,0.0
35,70-74,unvaccinated,132.0,76.66666666666667,1.0,0.0
35,70-74,old_vaccine,0.0,0.0,0.0,0.0
35,70-74,new_vaccine,0.0,0.0,0.0,0.0
35,75+,unvaccinated,209.33333333333334,102.0,4.0,0.3333333333333333
35,75+,old_vaccine,0.0,0.0,0.0,0.0
35,75+,new_vaccine,0.0,0.0,0.0,0.0
36,0-4,unvaccinated,17.666666666666668,234.0,0.0,0.0
36,0-4,old_vaccine,0.0,0.0,0.0,0.0
36,0-4,new_vaccine,0.0,0.0,0.0,0.0
36,5-9,unvaccinated,4.333333333333333,293.6666666666667,0.0,0.0
36,5-9,old_vaccine,0.0,0.0,0.0,0.0
36,5-9,new_vaccine,0.0,0.0,0.0,0.0
36,10-14,unvaccinated,6.333333333333333,344.0,0.0,0.0
36,10-14,old_vaccine,0.0,0.0,0.0,0.0
36,10-14,new_vaccine,0.0,0.0,0.0,0.0
36,15-19,unvaccinated,10.0,381.6666666666667,0.0,0.0
36,15-19,old_vaccine,0.0,0.0,0.0,0.0
36,15-19,new_vaccine,0.0,0.0,0.0,0.0
36,20-24,unvaccinated,27.666666666666668,477.6666666666667,0.0,0.0
36,20-24,old_vaccine,0.0,0.0,0.0,0.0
36,20-24,new_vaccine,0.0,0.0,0.0,0.0
36,25-29,unvaccinated,51.333333333333336,528.0,0.3333333333333333,0.0
36,25-29,old_vaccine,0.0,0.0,0.0,0.0
36,25-29,new_vaccine,0.0,0.0,0.0,0.0
36,30-34,unvaccinated,63.0,539.0,0.3333333333333333,0.0
36,30-34,old_vaccine,0.0,0.0,0.0,0.0
36,30-34,new_vaccine,0.0,0.0,0.0,0.0
36,35-39,unvaccinated,64.66666666666667,563.6666666666666,0.3333333333333333,0.0
36,35-39,old_vaccine,0.0,0.0,0.0,0.0
36,35-39,new_vaccine,0.0,0.0,0.0,0.0
36,40-44,unvaccinated,66.33333333333333,526.6666666666666,1.3333333333333333,0.0
36,40-44,old_vaccine,0.0,0.0,0.0,0.0
36,40-44,new_vaccine,0.0,0.0,0.0,0.0
36,45-49,unvaccinated,66.0,523.0,0.3333333333333333,0.0
36,45-49,old_vaccine,0.0,0.0,0.0,0.0
36,45-49,new_vaccine,0.0,0.0,0.0,0.0
36,50-54,unvaccinated,119.0,489.3333333333333,3.6666666666666665,0.0
36,50-54,old_vaccine,0.0,0.0,0.0,0.0
36,50-54,new_vaccine,0.0,0.0,0.0,0.0
36,55-59,unvaccinated,150.66666666666666,415.6666666666667,2.6666666666666665,0.0
36,55-59,old_vaccine,0.0,0.0,0.0,0.0
36,55-59,new_vaccine,0.0,0.0,0.0,0.0
36,60-64,unvaccinated,127.0,327.0,1.6666666666666667,0.3333333333333333
36,60-64,old_vaccine,0.0,0.0,0.0,0.0
36,60-64,new_vaccine,0.0,0.0,0.0,0.0
36,65-69,unvaccinated,162.0,143.0,2.6666666666666665,0.0
36,65-69,old_vaccine,0.0,0.0,0.0,0.0
36,65-69,new_vaccine,0.0,0.0,0.0,0.0
36,70-74,unvaccinated,163.66666666666666,83.66666666666667,3.0,0.0
36,70-74,old_vaccine,0.0,0.0,0.0,0.0
36,70-74,new_vaccine,0.0,0.0,0.0,0.0
36,75+,unvaccinated,222.66666666666666,101.33333333333333,2.6666666666666665,0.0
36,75+,old_vaccine,0.0,0.0,0.0,0.0
36,75+,new_vaccine,0.0,0.0,0.0,0.0
37,0-4,unvaccinated,20.0,287.0,0.0,0.0
37,0-4,old_vaccine,0.0,0.0,0.0,0.0
37,0-4,new_vaccine,0.0,0.0,0.0,0.0
37,5-9,unvaccinated,5.0,361.3333333333333,0.0,0.0
37,5-9,old_vaccine,0.0,0.0,0.0,0.0
37,5-9,new_vaccine,0.0,0.0,0.0,0.0
37,10-14,unvaccinated,9.0,419.0,0.0,0.0
37,10-14,old_vaccine,0.0,0.0,0.0,0.0
37,10-14,new_vaccine,0.0,0.0,0.0,0.0
37,15-19,unvaccinated,10.0,459.6666666666667,0.0,0.0
37,15-19,old_vaccine,0.0,0.0,0.0,0.0
37,15-19,new_vaccine,0.0,0.0,0.0,0.0
37,20-24,unvaccinated,36.666666666666664,492.6666666666667,0.3333333333333333,0.0
37,20-24,old_vaccine,0.0,0.0,0.0,0.0
37,20-24,new_vaccine,0.0,0.0,0.0,0.0
37,25-29,unvaccinated,64.33333333333333,544.3333333333334,0.0,0.0
37,25-29,old_vaccine,0.0,0.0,0.0,0.0
37,25-29,new_vaccine,0.0,0.0,0.0,0.0
37,30-34,unvaccinated,61.666666666666664,582.3333333333334,0.0,0.0
37,30-34,old_vaccine,0.0,0.0,0.0,0.0
37,30-34,new_vaccine,0.0,0.0,0.0,0.0
37,35-39,unvaccinated,61.333333333333336,568.6666666666666,0.3333333333333333,0.0
37,35-39,old_vaccine,0.0,0.0,0.0,0.0
37,35-39,new_vaccine,0.0,0.0,0.0,0.0
37,40-44,unvaccinated,62.666666666666664,539.0,0.3333333333333333,0.0
37,40-44,old_vaccine,0.0,0.0,0.0,0.0
37,40-44,new_vaccine,0.0,0.0,0.0,0.0
37,45-49,unvaccinated,77.0,518.6666666666666,1.0,0.0
37,45-49,old_vaccine,0.0,0.0,0.0,0.0
37,45-49,new_vaccine,0.0,0.0,0.0,0.0
37,50-54,unvaccinated,123.0,531.0,0.6666666666666666,0.0
37,50-54,old_vaccine,0.0,0.0,0.0,0.0
37,50-54,new_vaccine,0.0,0.0,0.0,0.0
37,55-59,unvaccinated,154.0,455.3333333333333,3.0,0.3333333333333333
37,55-59,old_vaccine,0.0,0.0,0.0,0.0
37,55-59,new_vaccine,0.0,0.0,0.0,0.0
37,60-64,unvaccinated,132.0,362.6666666666667,2.6666666666666665,0.3333333333333333
37,60-64,old_vaccine,0.0,0.0,0.0,0.0
37,60-64,new_vaccine,0.0,0.0,0.0,0.0
37,65-69,unvaccinated,178.66666666666666,159.0,1.6666666666666667,0.0
37,65-69,old_vaccine,0.0,0.0,0.0,0.0
37,65-69,new_vaccine,0.0,0.0,0.0,0.0
37,70-74,unvaccinated,184.33333333333334,103.33333333333333,2.3333333333333335,0.3333333333333333
37,70-74,old_vaccine,0.0,0.0,0.0,0.0
37,70-74,new_vaccine,0.0,0.0,0.0,0.0
37,75+,unvaccinated,232.66666666666666,104.0,2.0,0.0
37,75+,old_vaccine,0.0,0.0,0.0,0.0
37,75+,new_vaccine,0.0,0.0,0.0,0.0
38,0-4,unvaccinated,25.0,365.3333333333333,0.3333333333333333,0.0
38,0-4,old_vaccine,0.0,0.0,0.0,0.0
38,0-4,new_vaccine,0.0,0.0,0.0,0.0
38,5-9,unvaccinated,6.666666666666667,448.3333333333333,0.0,0.0
38,5-9,old_vaccine,0.0,0.0,0.0,0.0
38,5-9,new_vaccine,0.0,0.0,0.0,0.0
38,10-14,unvaccinated,8.666666666666666,466.6666666666667,0.0,0.0
38,10-14,old_vaccine,0.0,0.0,0.0,0.0
38,10-14,new_vaccine,0.0,0.0,0.0,0.0
38,15-19,unvaccinated,13.666666666666666,483.3333333333333,0.3333333333333333,0.0
38,15-19,old_vaccine,0.0,0.0,0.0,0.0
38,15-19,new_vaccine,0.0,0.0,0.0,0.0
38,20-24,unvaccinated,37.666666666666664,519.0,0.0,0.0
38,20-24,old_vaccine,0.0,0.0,0.0,0.0
38,20-24,new_vaccine,0.0,0.0,0.0,0.0
38,25-29,unvaccinated,62.333333333333336,560.6666666666666,0.3333333333333333,0.0
38,25-29,old_vaccine,0.0,0.0,0.0,0.0
38,25-29,new_vaccine,0.0,0.0,0.0,0.0
38,30-34,unvaccinated,68.0,566.3333333333334,0.0,0.0
38,30-34,old_vaccine,0.0,0.0,0.0,0.0
38,30-34,new_vaccine,0.0,0.0,0.0,0.0
38,35-39,unvaccinated,59.333333333333336,548.3333333333334,0.3333333333333333,0.0
38,35-39,old_vaccine,0.0,0.0,0.0,0.0
38,35-39,new_vaccine,0.0,0.0,0.0,0.0
38,40-44,unvaccinated,55.0,491.3333333333333,1.0,0.0
38,40-44,old_vaccine,0.0,0.0,0.0,0.0
38,40-44,new_vaccine,0.0,0.0,0.0,0.0
38,45-49,unvaccinated,67.0,498.3333333333333,1.3333333333333333,0.0
38,45-49,old_vaccine,0.0,0.0,0.0,0.0
38,45-49,new_vaccine,0.0,0.0,0.0,0.0
38,50-54,unvaccinated,127.66666666666667,510.0,0.6666666666666666,0.0
38,50-54,old_vaccine,0.0,0.0,0.0,0.0
38,50-54,new_vaccine,0.0,0.0,0.0,0.0
38,55-59,unvaccinated,159.0,456.0,2.0,0.0
38,55-59,old_vaccine,0.0,0.0,0.0,0.0
38,55-59,new_vaccine,0.0,0.0,0.0,0.0
38,60-64,unvaccinated,142.0,349.3333333333333,2.0,0.0
38,60-64,old_vaccine,0.0,0.0,0.0,0.0
38,60-64,new_vaccine,0.0,0.0,0.0,0.0
38,65-69,unvaccinated,196.0,170.33333333333334,2.0,0.0
38,65-69,old_vaccine,0.0,0.0,0.0,0.0
38,65-69,new_vaccine,0.0,0.0,0.0,0.0
38,70-74,unvaccinated,205.33333333333334,118.0,2.6666666666666665,0.0
38,70-74,old_vaccine,0.0,0.0,0.0,0.0
38,70-74,new_vaccine,0.0,0.0,0.0,0.0
38,75+,unvaccinated,240.66666666666666,115.0,4.666666666666667,0.0
38,75+,old_vaccine,0.0,0.0,0.0,0.0
38,75+,new_vaccine,0.0,0.0,0.0,0.0
39,0-4,unvaccinated,31.0,391.3333333333333,0.6666666666666666,0.0
39,0-4,old_vaccine,0.0,0.0,0.0,0.0
39,0-4,new_vaccine,0.0,0.0,0.0,0.0
39,5-9,unvaccinated,8.333333333333334,479.0,0.0,0.0
39,5-9,old_vaccine,0.0,0.0,0.0,0.0
39,5-9,new_vaccine,0.0,0.0,0.0,0.0
39,10-14,unvaccinated,8.666666666666666,511.3333333333333,0.3333333333333333,0.0
39,10-14,old_vaccine,0.0,0.0,0.0,0.0
39,10-14,new_vaccine,0.0,0.0,0.0,0.0
39,15-19,unvaccinated,12.666666666666666,509.6666666666667,0.0,0.0
39,15-19,old_vaccine,0.0,0.0,0.0,0.0
39,15-19,new_vaccine,0.0,0.0,0.0,0.0
39,20-24,unvaccinated,39.333333333333336,519.6666666666666,0.3333333333333333,0.0
39,20-24,old_vaccine,0.0,0.0,0.0,0.0
39,20-24,new_vaccine,0.0,0.0,0.0,0.0
39,25-29,unvaccinated,56.0,552.3333333333334,0.0,0.0
39,25-29,old_vaccine,0.0,0.0,0.0,0.0
39,25-29,new_vaccine,0.0,0.0,0.0,0.0
39,30-34,unvaccinated,65.0,554.6666666666666,0.3333333333333333,0.0
39,30-34,old_vaccine,0.0,0.0,0.0,0.0
39,30-34,new_vaccine,0.0,0.0,0.0,0.0
39,35-39,unvaccinated,53.666666666666664,497.3333333333333,0.0,0.0
39,35-39,old_vaccine,0.0,0.0,0.0,0.0
39,35-39,new_vaccine,0.0,0.0,0.0,0.0
39,40-44,unvaccinated,48.0,469.6666666666667,0.0,0.0
39,40-44,old_vaccine,0.0,0.0,0.0,0.0
39,40-44,new_vaccine,0.0,0.0,0.0,0.0
39,45-49,unvaccinated,72.33333333333333,445.6666666666667,1.0,0.0
39,45-49,old_vaccine,0.0,0.0,0.0,0.0
39,45-49,new_vaccine,0.0,0.0,0.0,0.0
39,50-54,unvaccinated,115.33333333333333,509.3333333333333,1.3333333333333333,0.0
39,50-54,old_vaccine,0.0,0.0,0.0,0.0
39,50-54,new_vaccine,0.0,0.0,0.0,0.0
39,55-59,unvaccinated,151.66666666666666,434.6666666666667,1.6666666666666667,0.3333333333333333
39,55-59,old_vaccine,0.0,0.0,0.0,0.0
39,55-59,new_vaccine,0.0,0.0,0.0,0.0
39,60-64,unvaccinated,173.0,365.0,1.3333333333333333,0.0
39,60-64,old_vaccine,0.0,0.0,0.0,0.0
39,60-64,new_vaccine,0.0,0.0,0.0,0.0
39,65-69,unvaccinated,223.33333333333334,196.0,1.0,0.3333333333333333
39,65-69,old_vaccine,0.0,0.0,0.0,0.0
39,65-69,new_vaccine,0.0,0.0,0.0,0.0
39,70-74,unvaccinated,226.66666666666666,131.0,4.666666666666667,0.0
39,70-74,old_vaccine,0.0,0.0,0.0,0.0
39,70-74,new_vaccine,0.0,0.0,0.0,0.0
39,75+,unvaccinated,269.0,142.0,3.6666666666666665,1.0
39,75+,old_vaccine,0.0,0.0,0.0,0.0
39,75+,new_vaccine,0.0,0.0,0.0,0.0
40,0-4,unvaccinated,36.333333333333336,472.6666666666667,0.0,0.0
40,0-4,old_vaccine,0.0,0.0,0.0,0.0
40,0-4,new_vaccine,0.0,0.0,0.0,0.0
40,5-9,unvaccinated,7.666666666666667,524.3333333333334,0.0,0.0
40,5-9,old_vaccine,0.0,0.0,0.0,0.0
40,5-9,new_vaccine,0.0,0.0,0.0,0.0
40,10-14,unvaccinated,10.333333333333334,517.0,0.0,0.0
40,10-14,old_vaccine,0.0,0.0,0.0,0.0
40,10-14,new_vaccine,0.0,0.0,0.0,0.0
40,15-19,unvaccinated,14.666666666666666,466.6666666666667,0.3333333333333333,0.0
40,15-19,old_vaccine,0.0,0.0,0.0,0.0
40,15-19,new_vaccine,0.0,0.0,0.0,0.0
40,20-24,unvaccinated,36.0,495.6666666666667,0.3333333333333333,0.0
40,20-24,old_vaccine,0.0,0.0,0.0,0.0
40,20-24,new_vaccine,0.0,0.0,0.0,0.0
40,25-29,unvaccinated,53.333333333333336,495.3333333333333,0.3333333333333333,0.0
40,25-29,old_vaccine,0.0,0.0,0.0,0.0
40,25-29,new_vaccine,0.0,0.0,0.0,0.0
40,30-34,unvaccinated,59.0,493.3333333333333,0.0,0.0
40,30-34,old_vaccine,0.0,0.0,0.0,0.0
40,30-34,new_vaccine,0.0,0.0,0.0,0.0
40,35-39,unvaccinated,46.0,483.6666666666667,0.0,0.0
40,35-39,old_vaccine,0.0,0.0,0.0,0.0
40,35-39,new_vaccine,0.0,0.0,0.0,0.0
40,40-44,unvaccinated,49.0,436.3333333333333,0.6666666666666666,0.0
40,40-44,old_vaccine,0.0,0.0,0.0,0.0
40,40-44,new_vaccine,0.0,0.0,0.0,0.0
40,45-49,unvaccinated,62.333333333333336,381.6666666666667,1.0,0.0
40,45-49,old_vaccine,0.0,0.0,0.0,0.0
40,45-49,new_vaccine,0.0,0.0,0.0,0.0
40,50-54,unvaccinated,99.33333333333333,446.3333333333333,2.0,0.0
40,50-54,old_vaccine,0.0,0.0,0.0,0.0
40,50-54,new_vaccine,0.0,0.0,0.0,0.0
40,55-59,unvaccinated,145.33333333333334,432.6666666666667,1.3333333333333333,0.0
40,55-59,old_vaccine,0.0,0.0,0.0,0.0
40,55-59,new_vaccine,0.0,0.0,0.0,0.0
40,60-64,unvaccinated,135.0,359.6666666666667,2.3333333333333335,0.0
40,60-64,old_vaccine,0.0,0.0,0.0,0.0
40,60-64,new_vaccine,0.0,0.0,0.0,0.0
40,65-69,unvaccinated,241.66666666666666,216.0,5.0,0.3333333333333333
40,65-69,old_vaccine,0.0,0.0,0.0,0.0
40,65-69,new_vaccine,0.0,0.0,0.0,0.0
40,70-74,unvaccinated,249.66666666666666,143.0,2.6666666666666665,1.3333333333333333
40,70-74,old_vaccine,0.0,0.0,0.0,0.0
40,70-74,new_vaccine,0.0,0.0,0.0,0.0
40,75+,unvaccinated,327.0,145.0,4.0,0.3333333333333333
40,75+,old_vaccine,0.0,0.0,0.0,0.0
40,75+,new_vaccine,0.0,0.0,0.0,0.0
41,0-4,unvaccinated,33.666666666666664,498.0,0.6666666666666666,0.0
41,0-4,old_vaccine,0.0,0.0,0.0,0.0
41,0-4,new_vaccine,0.0,0.0,0.0,0.0
41,5-9,unvaccinated,8.666666666666666,567.0,0.3333333333333333,0.0
41,5-9,old_vaccine,0.0,0.0,0.0,0.0
41,5-9,new_vaccine,0.0,0.0,0.0,0.0
41,10-14,unvaccinated,11.333333333333334,533.6666666666666,0.3333333333333333,0.0
41,10-14,old_vaccine,0.0,0.0,0.0,0.0
41,10-14,new_vaccine,0.0,0.0,0.0,0.0
41,15-19,unvaccinated,13.0,455.3333333333333,0.0,0.0
41,15-19,old_vaccine,0.0,0.0,0.0,0.0
41,15-19,new_vaccine,0.0,0.0,0.0,0.0
41,20-24,unvaccinated,25.333333333333332,448.0,0.0,0.0
41,20-24,old_vaccine,0.0,0.0,0.0,0.0
41,20-24,new_vaccine,0.0,0.0,0.0,0.0
41,25-29,unvaccinated,43.666666666666664,433.6666666666667,0.0,0.0
41,25-29,old_vaccine,0.0,0.0,0.0,0.0
41,25-29,new_vaccine,0.0,0.0,0.0,0.0
41,30-34,unvaccinated,49.0,427.6666666666667,0.3333333333333333,0.0
41,30-34,old_vaccine,0.0,0.0,0.0,0.0
41,30-34,new_vaccine,0.0,0.0,0.0,0.0
41,35-39,unvaccinated,43.333333333333336,391.3333333333333,0.3333333333333333,0.0
41,35-39,old_vaccine,0.0,0.0,0.0,0.0
41,35-39,new_vaccine,0.0,0.0,0.0,0.0
41,40-44,unvaccinated,37.0,371.6666666666667,0.0,0.0
41,40-44,old_vaccine,0.0,0.0,0.0,0.0
41,40-44,new_vaccine,0.0,0.0,0.0,0.0
41,45-49,unvaccinated,52.0,353.0,1.0,0.0
41,45-49,old_vaccine,0.0,0.0,0.0,0.0
41,45-49,new_vaccine,0.0,0.0,0.0,0.0
41,50-54,unvaccinated,91.33333333333333,403.3333333333333,0.6666666666666666,0.6666666666666666
41,50-54,old_vaccine,0.0,0.0,0.0,0.0
41,50-54,new_vaccine,0.0,0.0,0.0,0.0
41,55-59,unvaccinated,129.33333333333334,378.6666666666667,2.0,0.0
41,55-59,old_vaccine,0.0,0.0,0.0,0.0
41,55-59,new_vaccine,0.0,0.0,0.0,0.0
41,60-64,unvaccinated,130.33333333333334,308.0,2.3333333333333335,0.3333333333333333
41,60-64,old_vaccine,0.0,0.0,0.0,0.0
41,60-64,new_vaccine,0.0,0.0,0.0,0.0
41,65-69,unvaccinated,242.33333333333334,209.66666666666666,2.3333333333333335,0.6666666666666666
41,65-69,old_vaccine,0.0,0.0,0.0,0.0
41,65-69,new_vaccine,0.0,0.0,0.0,0.0
41,70-74,unvaccinated,277.3333333333333,154.33333333333334,3.6666666666666665,0.6666666666666666
41,70-74,old_vaccine,0.0,0.0,0.0,0.0
41,70-74,new_vaccine,0.0,0.0,0.0,0.0
41,75+,unvaccinated,366.6666666666667,169.66666666666666,7.0,0.3333333333333333
41,75+,old_vaccine,0.0,0.0,0.0,0.0
41,75+,new_vaccine,0.0,0.0,0.0,0.0
42,0-4,unvaccinated,37.333333333333336,473.0,0.6666666666666666,0.0
42,0-4,old_vaccine,0.0,0.0,0.0,0.0
42,0-4,new_vaccine,0.0,0.0,0.0,0.0
42,5-9,unvaccinated,7.666666666666667,534.6666666666666,0.0,0.0
42,5-9,old_vaccine,0.0,0.0,0.0,0.0
42,5-9,new_vaccine,0.0,0.0,0.0,0.0
42,10-14,unvaccinated,10.333333333333334,505.3333333333333,0.3333333333333333,0.0
42,10-14,old_vaccine,0.0,0.0,0.0,0.0
42,10-14,new_vaccine,0.0,0.0,0.0,0.0
42,15-19,unvaccinated,7.0,385.6666666666667,1.0,0.0
42,15-19,old_vaccine,0.0,0.0,0.0,0.0
42,15-19,new_vaccine,0.0,0.0,0.0,0.0
42,20-24,unvaccinated,25.666666666666668,366.3333333333333,0.0,0.0
42,20-24,old_vaccine,0.0,0.0,0.0,0.0
42,20-24,new_vaccine,0.0,0.0,0.0,0.0
42,25-29,unvaccinated,36.333333333333336,387.0,0.0,0.0
42,25-29,old_vaccine,0.0,0.0,0.0,0.0
42,25-29,new_vaccine,0.0,0.0,0.0,0.0
42,30-34,unvaccinated,46.666666666666664,381.6666666666667,0.6666666666666666,0.0
42,30-34,old_vaccine,0.0,0.0,0.0,0.0
42,30-34,new_vaccine,0.0,0.0,0.0,0.0
42,35-39,unvaccinated,36.0,337.6666666666667,0.3333333333333333,0.0
42,35-39,old_vaccine,0.0,0.0,0.0,0.0
42,35-39,new_vaccine,0.0,0.0,0.0,0.0
42,40-44,unvaccinated,41.666666666666664,328.0,0.3333333333333333,0.0
42,40-44,old_vaccine,0.0,0.0,0.0,0.0
42,40-44,new_vaccine,0.0,0.0,0.0,0.0
42,45-49,unvaccinated,43.666666666666664,320.6666666666667,0.6666666666666666,0.0
42,45-49,old_vaccine,0.0,0.0,0.0,0.0
42,45-49,new_vaccine,0.0,0.0,0.0,0.0
42,50-54,unvaccinated,72.66666666666667,339.6666666666667,1.3333333333333333,0.0
42,50-54,old_vaccine,0.0,0.0,0.0,0.0
42,50-54,new_vaccine,0.0,0.0,0.0,0.0
42,55-59,unvaccinated,116.0,323.3333333333333,0.3333333333333333,0.0
42,55-59,old_vaccine,0.0,0.0,0.0,0.0
42,55-59,new_vaccine,0.0,0.0,0.0,0.0
42,60-64,unvaccinated,124.33333333333333,283.0,3.3333333333333335,0.0
42,60-64,old_vaccine,0.0,0.0,0.0,0.0
42,60-64,new_vaccine,0.0,0.0,0.0,0.0
42,65-69,unvaccinated,213.0,198.33333333333334,3.0,1.0
42,65-69,old_vaccine,0.0,0.0,0.0,0.0
42,65-69,new_vaccine,0.0,0.0,0.0,0.0
42,70-74,unvaccinated,275.6666666666667,174.66666666666666,4.666666666666667,0.3333333333333333
42,70-74,old_vaccine,0.0,0.0,0.0,0.0
42,70-74,new_vaccine,0.0,0.0,0.0,0.0
42,75+,unvaccinated,387.0,188.0,5.333333333333333,1.0
42,75+,old_vaccine,0.0,0.0,0.0,0.0
42,75+,new_vaccine,0.0,0.0,0.0,0.0
43,0-4,unvaccinated,35.333333333333336,436.6666666666667,0.0,0.0
43,0-4,old_vaccine,0.0,0.0,0.0,0.0
43,0-4,new_vaccine,0.0,0.0,0.0,0.0
43,5-9,unvaccinated,6.666666666666667,514.3333333333334,0.0,0.0
43,5-9,old_vaccine,0.0,0.0,0.0,0.0
43,5-9,new_vaccine,0.0,0.0,0.0,0.0
43,10-14,unvaccinated,11.0,456.3333333333333,0.0,0.0
43,10-14,old_vaccine,0.0,0.0,0.0,0.0
43,10-14,new_vaccine,0.0,0.0,0.0,0.0
43,15-19,unvaccinated,7.666666666666667,365.3333333333333,0.3333333333333333,0.0
43,15-19,old_vaccine,0.0,0.0,0.0,0.0
43,15-19,new_vaccine,0.0,0.0,0.0,0.0
43,20-24,unvaccinated,27.0,349.3333333333333,0.3333333333333333,0.0
43,20-24,old_vaccine,0.0,0.0,0.0,0.0
43,20-24,new_vaccine,0.0,0.0,0.0,0.0
43,25-29,unvaccinated,42.0,334.0,0.0,0.0
43,25-29,old_vaccine,0.0,0.0,0.0,0.0
43,25-29,new_vaccine,0.0,0.0,0.0,0.0
43,30-34,unvaccinated,37.333333333333336,334.0,0.0,0.0
43,30-34,old_vaccine,0.0,0.0,0.0,0.0
43,30-34,new_vaccine,0.0,0.0,0.0,0.0
43,35-39,unvaccinated,41.0,336.3333333333333,0.3333333333333333,0.0
43,35-39,old_vaccine,0.0,0.0,0.0,0.0
43,35-39,new_vaccine,0.0,0.0,0.0,0.0
43,40-44,unvaccinated,33.333333333333336,315.0,0.0,0.0
43,40-44,old_vaccine,0.0,0.0,0.0,0.0
43,40-44,new_vaccine,0.0,0.0,0.0,0.0
43,45-49,unvaccinated,42.666666666666664,303.6666666666667,1.3333333333333333,0.0
43,45-49,old_vaccine,0.0,0.0,0.0,0.0
43,45-49,new_vaccine,0.0,0.0,0.0,0.0
43,50-54,unvaccinated,77.0,322.3333333333333,0.3333333333333333,0.0
43,50-54,old_vaccine,0.0,0.0,0.0,0.0
43,50-54,new_vaccine,0.0,0.0,0.0,0.0
43,55-59,unvaccinated,98.66666666666667,289.3333333333333,0.6666666666666666,0.3333333333333333
43,55-59,old_vaccine,0.0,0.0,0.0,0.0
43,55-59,new_vaccine,0.0,0.0,0.0,0.0
43,60-64,unvaccinated,105.66666666666667,246.66666666666666,1.6666666666666667,0.0
43,60-64,old_vaccine,0.0,0.0,0.0,0.0
43,60-64,new_vaccine,0.0,0.0,0.0,0.0
43,65-69,unvaccinated,213.66666666666666,181.33333333333334,3.3333333333333335,0.3333333333333333
43,65-69,old_vaccine,0.0,0.0,0.0,0.0
43,65-69,new_vaccine,0.0,0.0,0.0,0.0
43,70-74,unvaccinated,249.0,158.66666666666666,1.3333333333333333,1.0
43,70-74,old_vaccine,0.0,0.0,0.0,0.0
43,70-74,new_vaccine,0.0,0.0,0.0,0.0
43,75+,unvaccinated,425.6666666666667,196.33333333333334,8.0,2.0
43,75+,old_vaccine,0.0,0.0,0.0,0.0
43,75+,new_vaccine,0.0,0.0,0.0,0.0
44,0-4,unvaccinated,29.666666666666668,438.6666666666667,1.3333333333333333,0.0
44,0-4,old_vaccine,0.0,0.0,0.0,0.0
44,0-4,new_vaccine,0.0,0.0,0.0,0.0
44,5-9,unvaccinated,6.666666666666667,471.0,0.3333333333333333,0.0
44,5-9,old_vaccine,0.0,0.0,0.0,0.0
44,5-9,new_vaccine,0.0,0.0,0.0,0.0
44,10-14,unvaccinated,7.0,372.6666666666667,0.0,0.0
44,10-14,old_vaccine,0.0,0.0,0.0,0.0
44,10-14,new_vaccine,0.0,0.0,0.0,0.0
44,15-19,unvaccinated,8.333333333333334,303.0,0.0,0.0
44,15-19,old_vaccine,0.0,0.0,0.0,0.0
44,15-19,new_vaccine,0.0,0.0,0.0,0.0
44,20-24,unvaccinated,25.666666666666668,314.6666666666667,0.0,0.0
44,20-24,old_vaccine,0.0,0.0,0.0,0.0
44,20-24,new_vaccine,0.0,0.0,0.0,0.0
44,25-29,unvaccinated,37.666666666666664,324.0,0.0,0.0
44,25-29,old_vaccine,0.0,0.0,0.0,0.0
44,25-29,new_vaccine,0.0,0.0,0.0,0.0
44,30-34,unvaccinated,36.0,320.3333333333333,0.0,0.0
44,30-34,old_vaccine,0.0,0.0,0.0,0.0
44,30-34,new_vaccine,0.0,0.0,0.0,0.0
44,35-39,unvaccinated,36.333333333333336,351.6666666666667,0.3333333333333333,0.0
44,35-39,old_vaccine,0.0,0.0,0.0,0.0
44,35-39,new_vaccine,0.0,0.0,0.0,0.0
44,40-44,unvaccinated,43.666666666666664,329.3333333333333,0.0,0.0
44,40-44,old_vaccine,0.0,0.0,0.0,0.0
44,40-44,new_vaccine,0.0,0.0,0.0,0.0
44,45-49,unvaccinated,43.333333333333336,323.0,0.0,0.3333333333333333
44,45-49,old_vaccine,0.0,0.0,0.0,0.0
44,45-49,new_vaccine,0.0,0.0,0.0,0.0
44,50-54,unvaccinated,72.0,291.0,0.3333333333333333,0.0
44,50-54,old_vaccine,0.0,0.0,0.0,0.0
44,50-54,new_vaccine,0.0,0.0,0.0,0.0
44,55-59,unvaccinated,100.33333333333333,277.6666666666667,0.6666666666666666,0.0
44,55-59,old_vaccine,0.0,0.0,0.0,0.0
44,55-59,new_vaccine,0.0,0.0,0.0,0.0
44,60-64,unvaccinated,86.66666666666667,238.66666666666666,1.6666666666666667,0.0
44,60-64,old_vaccine,0.0,0.0,0.0,0.0
44,60-64,new_vaccine,0.0,0.0,0.0,0.0
44,65-69,unvaccinated,185.33333333333334,158.0,5.333333333333333,0.6666666666666666
44,65-69,old_vaccine,0.0,0.0,0.0,0.0
44,65-69,new_vaccine,0.0,0.0,0.0,0.0
44,70-74,unvaccinated,236.33333333333334,154.66666666666666,4.333333333333333,1.0
44,70-74,old_vaccine,0.0,0.0,0.0,0.0
44,70-74,new_vaccine,0.0,0.0,0.0,0.0
44,75+,unvaccinated,453.0,206.33333333333334,12.333333333333334,2.3333333333333335
44,75+,old_vaccine,0.0,0.0,0.0,0.0
44,75+,new_vaccine,0.0,0.0,0.0,0.0
45,0-4,unvaccinated,27.333333333333332,381.3333333333333,0.3333333333333333,0.0
45,0-4,old_vaccine,0.0,0.0,0.0,0.0
45,0-4,new_vaccine,0.0,0.0,0.0,0.0
45,5-9,unvaccinated,6.0,410.6666666666667,0.0,0.0
45,5-9,old_vaccine,0.0,0.0,0.0,0.0
45,5-9,new_vaccine,0.0,0.0,0.0,0.0
45,10-14,unvaccinated,8.0,347.6666666666667,0.0,0.0
45,10-14,old_vaccine,0.0,0.0,0.0,0.0
45,10-14,new_vaccine,0.0,0.0,0.0,0.0
45,15-19,unvaccinated,7.333333333333333,294.6666666666667,0.0,0.0
45,15-19,old_vaccine,0.0,0.0,0.0,0.0
45,15-19,new_vaccine,0.0,0.0,0.0,0.0
45,20-24,unvaccinated,21.333333333333332,299.6666666666667,0.0,0.0
45,20-24,old_vaccine,0.0,0.0,0.0,0.0
45,20-24,new_vaccine,0.0,0.0,0.0,0.0
45,25-29,unvaccinated,30.333333333333332,335.6666666666667,0.3333333333333333,0.0
45,25-29,old_vaccine,0.0,0.0,0.0,0.0
45,25-29,new_vaccine,0.0,0.0,0.0,0.0
45,30-34,unvaccinated,45.0,345.6666666666667,0.0,0.0
45,30-34,old_vaccine,0.0,0.0,0.0,0.0
45,30-34,new_vaccine,0.0,0.0,0.0,0.0
45,35-39,unvaccinated,43.0,356.6666666666667,0.0,0.0
45,35-39,old_vaccine,0.0,0.0,0.0,0.0
45,35-39,new_vaccine,0.0,0.0,0.0,0.0
45,40-44,unvaccinated,38.333333333333336,349.3333333333333,0.3333333333333333,0.3333333333333333
45,40-44,old_vaccine,0.0,0.0,0.0,0.0
45,40-44,new_vaccine,0.0,0.0,0.0,0.0
45,45-49,unvaccinated,43.666666666666664,329.0,0.3333333333333333,0.0
45,45-49,old_vaccine,0.0,0.0,0.0,0.0
45,45-49,new_vaccine,0.0,0.0,0.0,0.0
45,50-54,unvaccinated,72.0,305.6666666666667,1.0,0.0
45,50-54,old_vaccine,0.0,0.0,0.0,0.0
45,50-54,new_vaccine,0.0,0.0,0.0,0.0
45,55-59,unvaccinated,91.0,281.6666666666667,1.3333333333333333,0.0
45,55-59,old_vaccine,0.0,0.0,0.0,0.0
45,55-59,new_vaccine,0.0,0.0,0.0,0.0
45,60-64,unvaccinated,88.33333333333333,227.0,1.6666666666666667,0.6666666666666666
45,60-64,old_vaccine,0.0,0.0,0.0,0.0
45,60-64,new_vaccine,0.0,0.0,0.0,0.0
45,65-69,unvaccinated,164.33333333333334,164.66666666666666,4.0,0.6666666666666666
45,65-69,old_vaccine,0.0,0.0,0.0,0.0
45,65-69,new_vaccine,0.0,0.0,0.0,0.0
45,70-74,unvaccinated,218.33333333333334,133.0,3.3333333333333335,1.3333333333333333
45,70-74,old_vaccine,0.0,0.0,0.0,0.0
45,70-74,new_vaccine,0.0,0.0,0.0,0.0
45,75+,unvaccinated,437.6666666666667,222.0,6.666666666666667,1.6666666666666667
45,75+,old_vaccine,0.0,0.0,0.0,0.0
45,75+,new_vaccine,0.0,0.0,0.0,0.0
46,0-4,unvaccinated,26.333333333333332,336.6666666666667,0.0,0.0
46,0-4,old_vaccine,0.0,0.0,0.0,0.0
46,0-4,new_vaccine,0.0,0.0,0.0,0.0
46,5-9,unvaccinated,4.666666666666667,357.3333333333333,0.0,0.0
46,5-9,old_vaccine,0.0,0.0,0.0,0.0
46,5-9,new_vaccine,0.0,0.0,0.0,0.0
46,10-14,unvaccinated,5.0,303.6666666666667,0.0,0.0
46,10-14,old_vaccine,0.0,0.0,0.0,0.0
46,10-14,new_vaccine,0.0,0.0,0.0,0.0
46,15-19,unvaccinated,8.666666666666666,270.0,0.0,0.0
46,15-19,old_vaccine,0.0,0.0,0.0,0.0
46,15-19,new_vaccine,0.0,0.0,0.0,0.0
46,20-24,unvaccinated,20.333333333333332,300.3333333333333,0.3333333333333333,0.0
46,20-24,old_vaccine,0.0,0.0,0.0,0.0
46,20-24,new_vaccine,0.0,0.0,0.0,0.0
46,25-29,unvaccinated,43.0,347.6666666666667,0.0,0.0
46,25-29,old_vaccine,0.0,0.0,0.0,0.0
46,25-29,new_vaccine,0.0,0.0,0.0,0.0
46,30-34,unvaccinated,34.0,362.6666666666667,0.0,0.0
46,30-34,old_vaccine,0.0,0.0,0.0,0.0
46,30-34,new_vaccine,0.0,0.0,0.0,0.0
46,35-39,unvaccinated,36.333333333333336,366.3333333333333,0.3333333333333333,0.0
46,35-39,old_vaccine,0.0,0.0,0.0,0.0
46,35-39,new_vaccine,0.0,0.0,0.0,0.0
46,40-44,unvaccinated,47.333333333333336,386.3333333333333,0.3333333333333333,0.0
46,40-44,old_vaccine,0.0,0.0,0.0,0.0
46,40-44,new_vaccine,0.0,0.0,0.0,0.0
46,45-49,unvaccinated,48.0,335.6666666666667,0.0,0.0
46,45-49,old_vaccine,0.0,0.0,0.0,0.0
46,45-49,new_vaccine,0.0,0.0,0.0,0.0
46,50-54,unvaccinated,79.0,316.3333333333333,0.6666666666666666,0.3333333333333333
46,50-54,old_vaccine,0.0,0.0,0.0,0.0
46,50-54,new_vaccine,0.0,0.0,0.0,0.0
46,55-59,unvaccinated,107.0,275.3333333333333,0.6666666666666666,0.0
46,55-59,old_vaccine,0.0,0.0,0.0,0.0
46,55-59,new_vaccine,0.0,0.0,0.0,0.0
46,60-64,unvaccinated,98.33333333333333,230.33333333333334,1.6666666666666667,0.3333333333333333
46,60-64,old_vaccine,0.0,0.0,0.0,0.0
46,60-64,new_vaccine,0.0,0.0,0.0,0.0
46,65-69,unvaccinated,135.33333333333334,132.33333333333334,4.0,0.6666666666666666
46,65-69,old_vaccine,0.0,0.0,0.0,0.0
46,65-69,new_vaccine,0.0,0.0,0.0,0.0
46,70-74,unvaccinated,186.66666666666666,118.33333333333333,2.0,0.6666666666666666
46,70-74,old_vaccine,0.0,0.0,0.0,0.0
46,70-74,new_vaccine,0.0,0.0,0.0,0.0
46,75+,unvaccinated,415.0,225.33333333333334,7.666666666666667,0.3333333333333333
46,75+,old_vaccine,0.0,0.0,0.0,0.0
46,75+,new_vaccine,0.0,0.0,0.0,0.0
47,0-4,unvaccinated,19.666666666666668,278.6666666666667,0.6666666666666666,0.0
47,0-4,old_vaccine,0.0,0.0,0.0,0.0
47,0-4,new_vaccine,0.0,0.0,0.0,0.0
47,5-9,unvaccinated,4.666666666666667,320.0,0.0,0.0
47,5-9,old_vaccine,0.0,0.0,0.0,0.0
47,5-9,new_vaccine,0.0,0.0,0.0,0.0
47,10-14,unvaccinated,6.0,318.6666666666667,0.0,0.0
47,10-14,old_vaccine,0.0,0.0,0.0,0.0
47,10-14,new_vaccine,0.0,0.0,0.0,0.0
47,15-19,unvaccinated,6.0,282.0,0.0,0.0
47,15-19,old_vaccine,0.0,0.0,0.0,0.0
47,15-19,new_vaccine,0.0,0.0,0.0,0.0
47,20-24,unvaccinated,22.0,326.3333333333333,0.0,0.0
47,20-24,old_vaccine,0.0,0.0,0.0,0.0
47,20-24,new_vaccine,0.0,0.0,0.0,0.0
47,25-29,unvaccinated,35.0,383.3333333333333,0.0,0.0
47,25-29,old_vaccine,0.0,0.0,0.0,0.0
47,25-29,new_vaccine,0.0,0.0,0.0,0.0
47,30-34,unvaccinated,43.333333333333336,371.3333333333333,0.3333333333333333,0.0
47,30-34,old_vaccine,0.0,0.0,0.0,0.0
47,30-34,new_vaccine,0.0,0.0,0.0,0.0
47,35-39,unvaccinated,43.0,409.6666666666667,0.3333333333333333,0.3333333333333333
47,35-39,old_vaccine,0.0,0.0,0.0,0.0
47,35-39,new_vaccine,0.0,0.0,0.0,0.0
47,40-44,unvaccinated,41.666666666666664,416.0,0.0,0.0
47,40-44,old_vaccine,0.0,0.0,0.0,0.0
47,40-44,new_vaccine,0.0,0.0,0.0,0.0
47,45-49,unvaccinated,47.333333333333336,392.0,0.0,0.0
47,45-49,old_vaccine,0.0,0.0,0.0,0.0
47,45-49,new_vaccine,0.0,0.0,0.0,0.0
47,50-54,unvaccinated,79.33333333333333,345.6666666666667,0.3333333333333333,0.0
47,50-54,old_vaccine,0.0,0.0,0.0,0.0
47,50-54,new_vaccine,0.0,0.0,0.0,0.0
47,55-59,unvaccinated,101.33333333333333,295.6666666666667,1.0,0.0
47,55-59,old_vaccine,0.0,0.0,0.0,0.0
47,55-59,new_vaccine,0.0,0.0,0.0,0.0
47,60-64,unvaccinated,94.66666666666667,238.66666666666666,2.0,0.6666666666666666
47,60-64,old_vaccine,0.0,0.0,0.0,0.0
47,60-64,new_vaccine,0.0,0.0,0.0,0.0
47,65-69,unvaccinated,142.66666666666666,138.66666666666666,2.0,0.6666666666666666
47,65-69,old_vaccine,0.0,0.0,0.0,0.0
47,65-69,new_vaccine,0.0,0.0,0.0,0.0
47,70-74,unvaccinated,180.33333333333334,111.0,2.3333333333333335,1.0
47,70-74,old_vaccine,0.0,0.0,0.0,0.0
47,70-74,new_vaccine,0.0,0.0,0.0,0.0
47,75+,unvaccinated,412.3333333333333,208.0,9.0,2.0
47,75+,old_vaccine,0.0,0.0,0.0,0.0
47,75+,new_vaccine,0.0,0.0,0.0,0.0
48,0-4,unvaccinated,17.666666666666668,249.0,0.3333333333333333,0.0
48,0-4,old_vaccine,0.0,0.0,0.0,0.0
48,0-4,new_vaccine,0.0,0.0,0.0,0.0
48,5-9,unvaccinated,4.0,293.0,0.0,0.0
48,5-9,old_vaccine,0.0,0.0,0.0,0.0
48,5-9,new_vaccine,0.0,0.0,0.0,0.0
48,10-14,unvaccinated,5.666666666666667,276.6666666666667,0.0,0.0
48,10-14,old_vaccine,0.0,0.0,0.0,0.0
48,10-14,new_vaccine,0.0,0.0,0.0,0.0
48,15-19,unvaccinated,7.0,297.3333333333333,0.0,0.0
48,15-19,old_vaccine,0.0,0.0,0.0,0.0
48,15-19,new_vaccine,0.0,0.0,0.0,0.0
48,20-24,unvaccinated,21.666666666666668,329.3333333333333,0.0,0.0
48,20-24,old_vaccine,0.0,0.0,0.0,0.0
48,20-24,new_vaccine,0.0,0.0,0.0,0.0
48,25-29,unvaccinated,50.0,418.6666666666667,0.0,0.0
48,25-29,old_vaccine,0.0,0.0,0.0,0.0
48,25-29,new_vaccine,0.0,0.0,0.0,0.0
48,30-34,unvaccinated,43.333333333333336,420.0,0.0,0.0
48,30-34,old_vaccine,0.0,0.0,0.0,0.0
48,30-34,new_vaccine,0.0,0.0,0.0,0.0
48,35-39,unvaccinated,50.333333333333336,429.0,1.0,0.0
48,35-39,old_vaccine,0.0,0.0,0.0,0.0
48,35-39,new_vaccine,0.0,0.0,0.0,0.0
48,40-44,unvaccinated,46.333333333333336,437.3333333333333,1.3333333333333333,0.0
48,40-44,old_vaccine,0.0,0.0,0.0,0.0
48,40-44,new_vaccine,0.0,0.0,0.0,0.0
48,45-49,unvaccinated,50.333333333333336,404.6666666666667,0.0,0.0
48,45-49,old_vaccine,0.0,0.0,0.0,0.0
48,45-49,new_vaccine,0.0,0.0,0.0,0.0
48,50-54,unvaccinated,91.66666666666667,393.6666666666667,1.3333333333333333,0.0
48,50-54,old_vaccine,0.0,0.0,0.0,0.0
48,50-54,new_vaccine,0.0,0.0,0.0,0.0
48,55-59,unvaccinated,108.66666666666667,315.6666666666667,1.0,0.0
48,55-59,old_vaccine,0.0,0.0,0.0,0.0
48,55-59,new_vaccine,0.0,0.0,0.0,0.0
48,60-64,unvaccinated,112.33333333333333,249.0,1.3333333333333333,0.0
48,60-64,old_vaccine,0.0,0.0,0.0,0.0
48,60-64,new_vaccine,0.0,0.0,0.0,0.0
48,65-69,unvaccinated,135.0,127.66666666666667,3.6666666666666665,0.0
48,65-69,old_vaccine,0.0,0.0,0.0,0.0
48,65-69,new_vaccine,0.0,0.0,0.0,0.0
48,70-74,unvaccinated,158.0,99.66666666666667,2.0,0.3333333333333333
48,70-74,old_vaccine,0.0,0.0,0.0,0.0
48,70-74,new_vaccine,0.0,0.0,0.0,0.0
48,75+,unvaccinated,392.3333333333333,193.0,5.333333333333333,4.0
48,75+,old_vaccine,0.0,0.0,0.0,0.0
48,75+,new_vaccine,0.0,0.0,0.0,0.0
49,0-4,unvaccinated,20.666666666666668,252.0,0.3333333333333333,0.0
49,0-4,old_vaccine,0.0,0.0,0.0,0.0
49,0-4,new_vaccine,0.0,0.0,0.0,0.0
49,5-9,unvaccinated,4.0,300.6666666666667,0.0,0.0
49,5-9,old_vaccine,0.0,0.0,0.0,0.0
49,5-9,new_vaccine,0.0,0.0,0.0,0.0
49,10-14,unvaccinated,5.333333333333333,299.6666666666667,0.0,0.0
49,10-14,old_vaccine,0.0,0.0,0.0,0.0
49,10-14,new_vaccine,0.0,0.0,0.0,0.0
49,15-19,unvaccinated,8.333333333333334,318.6666666666667,0.0,0.0
49,15-19,old_vaccine,0.0,0.0,0.0,0.0
49,15-19,new_vaccine,0.0,0.0,0.0,0.0
49,20-24,unvaccinated,25.666666666666668,372.3333333333333,0.0,0.0
49,20-24,old_vaccine,0.0,0.0,0.0,0.0
49,20-24,new_vaccine,0.0,0.0,0.0,0.0
49,25-29,unvaccinated,42.333333333333336,440.6666666666667,0.0,0.0
49,25-29,old_vaccine,0.0,0.0,0.0,0.0
49,25-29,new_vaccine,0.0,0.0,0.0,0.0
49,30-34,unvaccinated,52.0,457.3333333333333,0.6666666666666666,0.0
49,30-34,old_vaccine,0.0,0.0,0.0,0.0
49,30-34,new_vaccine,0.0,0.0,0.0,0.0
49,35-39,unvaccinated,50.0,488.3333333333333,0.3333333333333333,0.0
49,35-39,old_vaccine,0.0,0.0,0.0,0.0
49,35-39,new_vaccine,0.0,0.0,0.0,0.0
49,40-44,unvaccinated,50.666666666666664,437.3333333333333,1.0,0.0
49,40-44,old_vaccine,0.0,0.0,0.0,0.0
49,40-44,new_vaccine,0.0,0.0,0.0,0.0
49,45-49,unvaccinated,62.333333333333336,423.6666666666667,0.6666666666666666,0.0
49,45-49,old_vaccine,0.0,0.0,0.0,0.0
49,45-49,new_vaccine,0.0,0.0,0.0,0.0
49,50-54,unvaccinated,83.33333333333333,409.6666666666667,1.0,0.0
49,50-54,old_vaccine,0.0,0.0,0.0,0.0
49,50-54,new_vaccine,0.0,0.0,0.0,0.0
49,55-59,unvaccinated,116.0,331.3333333333333,1.3333333333333333,0.0
49,55-59,old_vaccine,0.0,0.0,0.0,0.0
49,55-59,new_vaccine,0.0,0.0,0.0,0.0
49,60-64,unvaccinated,112.33333333333333,288.0,1.6666666666666667,0.3333333333333333
49,60-64,old_vaccine,0.0,0.0,0.0,0.0
49,60-64,new_vaccine,0.0,0.0,0.0,0.0
49,65-69,unvaccinated,138.0,127.0,4.0,0.0
49,65-69,old_vaccine,0.0,0.0,0.0,0.0
49,65-69,new_vaccine,0.0,0.0,0.0,0.0
49,70-74,unvaccinated,160.0,96.0,4.666666666666667,1.0
49,70-74,old_vaccine,0.0,0.0,0.0,0.0
49,70-74,new_vaccine,0.0,0.0,0.0,0.0
49,75+,unvaccinated,357.6666666666667,170.0,6.333333333333333,1.6666666666666667
49,75+,old_vaccine,0.0,0.0,0.0,0.0
49,75+,new_vaccine,0.0,0.0,0.0,0.0
50,0-4,unvaccinated,23.333333333333332,248.66666666666666,0.6666666666666666,0.0
50,0-4,old_vaccine,0.0,0.0,0.0,0.0
50,0-4,new_vaccine,0.0,0.0,0.0,0.0
50,5-9,unvaccinated,4.666666666666667,311.6666666666667,0.0,0.0
50,5-9,old_vaccine,0.0,0.0,0.0,0.0
50,5-9,new_vaccine,0.0,0.0,0.0,0.0
50,10-14,unvaccinated,8.0,343.6666666666667,0.0,0.0
50,10-14,old_vaccine,0.0,0.0,0.0,0.0
50,10-14,new_vaccine,0.0,0.0,0.0,0.0
50,15-19,unvaccinated,6.333333333333333,362.6666666666667,0.0,0.0
50,15-19,old_vaccine,0.0,0.0,0.0,0.0
50,15-19,new_vaccine,0.0,0.0,0.0,0.0
50,20-24,unvaccinated,27.0,397.0,0.0,0.0
50,20-24,old_vaccine,0.0,0.0,0.0,0.0
50,20-24,new_vaccine,0.0,0.0,0.0,0.0
50,25-29,unvaccinated,52.0,454.3333333333333,0.0,0.0
50,25-29,old_vaccine,0.0,0.0,0.0,0.0
50,25-29,new_vaccine,0.0,0.0,0.0,0.0
50,30-34,unvaccinated,59.0,490.3333333333333,1.0,0.0
50,30-34,old_vaccine,0.0,0.0,0.0,0.0
50,30-34,new_vaccine,0.0,0.0,0.0,0.0
50,35-39,unvaccinated,46.333333333333336,472.6666666666667,0.3333333333333333,0.0
50,35-39,old_vaccine,0.0,0.0,0.0,0.0
50,35-39,new_vaccine,0.0,0.0,0.0,0.0
50,40-44,unvaccinated,54.666666666666664,477.6666666666667,0.3333333333333333,0.0
50,40-44,old_vaccine,0.0,0.0,0.0,0.0
50,40-44,new_vaccine,0.0,0.0,0.0,0.0
50,45-49,unvaccinated,60.0,449.6666666666667,0.6666666666666666,0.0
50,45-49,old_vaccine,0.0,0.0,0.0,0.0
50,45-49,new_vaccine,0.0,0.0,0.0,0.0
50,50-54,unvaccinated,103.33333333333333,445.3333333333333,1.3333333333333333,0.6666666666666666
50,50-54,old_vaccine,0.0,0.0,0.0,0.0
50,50-54,new_vaccine,0.0,0.0,0.0,0.0
50,55-59,unvaccinated,127.66666666666667,371.0,1.6666666666666667,0.3333333333333333
50,55-59,old_vaccine,0.0,0.0,0.0,0.0
50,55-59,new_vaccine,0.0,0.0,0.0,0.0
50,60-64,unvaccinated,125.0,289.0,1.3333333333333333,0.3333333333333333
50,60-64,old_vaccine,0.0,0.0,0.0,0.0
50,60-64,new_vaccine,0.0,0.0,0.0,0.0
50,65-69,unvaccinated,154.0,126.0,3.6666666666666665,0.3333333333333333
50,65-69,old_vaccine,0.0,0.0,0.0,0.0
50,65-69,new_vaccine,0.0,0.0,0.0,0.0
50,70-74,unvaccinated,158.66666666666666,103.66666666666667,2.6666666666666665,0.3333333333333333
50,70-74,old_vaccine,0.0,0.0,0.0,0.0
50,70-74,new_vaccine,0.0,0.0,0.0,0.0
50,75+,unvaccinated,335.0,173.0,8.666666666666666,2.0
50,75+,old_vaccine,0.0,0.0,0.0,0.0
50,75+,new_vaccine,0.0,0.0,0.0,0.0
51,0-4,unvaccinated,15.666666666666666,262.6666666666667,0.0,0.0
51,0-4,old_vaccine,0.0,0.0,0.0,0.0
51,0-4,new_vaccine,0.0,0.0,0.0,0.0
51,5-9,unvaccinated,4.0,336.6666666666667,0.3333333333333333,0.0
51,5-9,old_vaccine,0.0,0.0,0.0,0.0
51,5-9,new_vaccine,0.0,0.0,0.0,0.0
51,10-14,unvaccinated,8.666666666666666,359.3333333333333,0.0,0.0
51,10-14,old_vaccine,0.0,0.0,0.0,0.0
51,10-14,new_vaccine,0.0,0.0,0.0,0.0
51,15-19,unvaccinated,10.666666666666666,358.3333333333333,0.0,0.0
51,15-19,old_vaccine,0.0,0.0,0.0,0.0
51,15-19,new_vaccine,0.0,0.0,0.0,0.0
51,20-24,unvaccinated,27.333333333333332,454.6666666666667,0.0,0.0
51,20-24,old_vaccine,0.0,0.0,0.0,0.0
51,20-24,new_vaccine,0.0,0.0,0.0,0.0
51,25-29,unvaccinated,53.333333333333336,476.0,0.0,0.0
51,25-29,old_vaccine,0.0,0.0,0.0,0.0
51,25-29,new_vaccine,0.0,0.0,0.0,0.0
51,30-34,unvaccinated,56.333333333333336,503.6666666666667,0.6666666666666666,0.0
51,30-34,old_vaccine,0.0,0.0,0.0,0.0
51,30-34,new_vaccine,0.0,0.0,0.0,0.0
51,35-39,unvaccinated,52.333333333333336,478.6666666666667,0.0,0.0
51,35-39,old_vaccine,0.0,0.0,0.0,0.0
51,35-39,new_vaccine,0.0,0.0,0.0,0.0
51,40-44,unvaccinated,58.0,471.3333333333333,0.0,0.0
51,40-44,old_vaccine,0.0,0.0,0.0,0.0
51,40-44,new_vaccine,0.0,0.0,0.0,0.0
51,45-49,unvaccinated,62.666666666666664,462.0,1.0,0.0
51,45-49,old_vaccine,0.0,0.0,0.0,0.0
51,45-49,new_vaccine,0.0,0.0,0.0,0.0
51,50-54,unvaccinated,107.0,444.0,2.0,0.0
51,50-54,old_vaccine,0.0,0.0,0.0,0.0
51,50-54,new_vaccine,0.0,0.0,0.0,0.0
51,55-59,unvaccinated,141.33333333333334,389.3333333333333,1.3333333333333333,0.3333333333333333
51,55-59,old_vaccine,0.0,0.0,0.0,0.0
51,55-59,new_vaccine,0.0,0.0,0.0,0.0
51,60-64,unvaccinated,122.66666666666667,308.3333333333333,2.0,0.3333333333333333
51,60-64,old_vaccine,0.0,0.0,0.0,0.0
51,60-64,new_vaccine,0.0,0.0,0.0,0.0
51,65-69,unvaccinated,156.33333333333334,146.66666666666666,2.6666666666666665,0.0
51,65-69,old_vaccine,0.0,0.0,0.0,0.0
51,65-69,new_vaccine,0.0,0.0,0.0,0.0
51,70-74,unvaccinated,177.66666666666666,109.0,2.3333333333333335,1.0
51,70-74,old_vaccine,0.0,0.0,0.0,0.0
51,70-74,new_vaccine,0.0,0.0,0.0,0.0
51,75+,unvaccinated,310.0,138.0,5.0,4.666666666666667
51,75+,old_vaccine,0.0,0.0,0.0,0.0
51,75+,new_vaccine,0.0,0.0,0.0,0.0
52,0-4,unvaccinated,23.333333333333332,301.6666666666667,0.3333333333333333,0.0
52,0-4,old_vaccine,0.0,0.0,0.0,0.0
52,0-4,new_vaccine,0.0,0.0,0.0,0.0
52,5-9,unvaccinated,5.666666666666667,376.0,0.0,0.0
52,5-9,old_vaccine,0.0,0.0,0.0,0.0
52,5-9,new_vaccine,0.0,0.0,0.0,0.0
52,10-14,unvaccinated,9.333333333333334,366.3333333333333,0.0,0.0
52,10-14,old_vaccine,0.0,0.0,0.0,0.0
52,10-14,new_vaccine,0.0,0.0,0.0,0.0
52,15-19,unvaccinated,15.333333333333334,391.6666666666667,0.0,0.0
52,15-19,old_vaccine,0.0,0.0,0.0,0.0
52,15-19,new_vaccine,0.0,0.0,0.0,0.0
52,20-24,unvaccinated,35.0,449.0,0.0,0.0
52,20-24,old_vaccine,0.0,0.0,0.0,0.0
52,20-24,new_vaccine,0.0,0.0,0.0,0.0
52,25-29,unvaccinated,51.0,507.3333333333333,0.0,0.0
52,25-29,old_vaccine,0.0,0.0,0.0,0.0
52,25-29,new_vaccine,0.0,0.0,0.0,0.0
52,30-34,unvaccinated,54.666666666666664,484.0,0.0,0.0
52,30-34,old_vaccine,0.0,0.0,0.0,0.0
52,30-34,new_vaccine,0.0,0.0,0.0,0.0
52,35-39,unvaccinated,52.0,471.0,1.3333333333333333,0.0
52,35-39,old_vaccine,0.0,0.0,0.0,0.0
52,35-39,new_vaccine,0.0,0.0,0.0,0.0
52,40-44,unvaccinated,47.333333333333336,451.6666666666667,0.6666666666666666,0.0
52,40-44,old_vaccine,0.0,0.0,0.0,0.0
52,40-44,new_vaccine,0.0,0.0,0.0,0.0
52,45-49,unvaccinated,64.33333333333333,441.0,0.3333333333333333,0.0
52,45-49,old_vaccine,0.0,0.0,0.0,0.0
52,45-49,new_vaccine,0.0,0.0,0.0,0.0
52,50-54,unvaccinated,107.0,454.0,0.6666666666666666,0.0
52,50-54,old_vaccine,0.0,0.0,0.0,0.0
52,50-54,new_vaccine,0.0,0.0,0.0,0.0
52,55-59,unvaccinated,126.0,399.3333333333333,1.0,0.0
52,55-59,old_vaccine,0.0,0.0,0.0,0.0
52,55-59,new_vaccine,0.0,0.0,0.0,0.0
52,60-64,unvaccinated,130.33333333333334,323.3333333333333,0.6666666666666666,0.0
52,60-64,old_vaccine,0.0,0.0,0.0,0.0
52,60-64,new_vaccine,0.0,0.0,0.0,0.0
52,65-69,unvaccinated,168.33333333333334,151.0,1.0,0.0
52,65-69,old_vaccine,0.0,0.0,0.0,0.0
52,65-69,new_vaccine,0.0,0.0,0.0,0.0
52,70-74,unvaccinated,186.0,112.33333333333333,4.333333333333333,0.3333333333333333
52,70-74,old_vaccine,0.0,0.0,0.0,0.0
52,70-74,new_vaccine,0.0,0.0,0.0,0.0
52,75+,unvaccinated,299.6666666666667,139.33333333333334,4.666666666666667,3.0
52,75+,old_vaccine,0.0,0.0,0.0,0.0
52,75+,new_vaccine,0.0,0.0,0.0,0.0
53,0-4,unvaccinated,28.0,312.3333333333333,0.0,0.0
53,0-4,old_vaccine,0.0,0.0,0.0,0.0
53,0-4,new_vaccine,0.0,0.0,0.0,0.0
53,5-9,unvaccinated,5.0,370.3333333333333,0.0,0.0
53,5-9,old_vaccine,0.0,0.0,0.0,0.0
53,5-9,new_vaccine,0.0,0.0,0.0,0.0
53,10-14,unvaccinated,8.666666666666666,413.6666666666667,0.0,0.0
53,10-14,old_vaccine,0.0,0.0,0.0,0.0
53,10-14,new_vaccine,0.0,0.0,0.0,0.0
53,15-19,unvaccinated,9.666666666666666,431.6666666666667,0.0,0.0
53,15-19,old_vaccine,0.0,0.0,0.0,0.0
53,15-19,new_vaccine,0.0,0.0,0.0,0.0
53,20-24,unvaccinated,38.666666666666664,452.3333333333333,0.0,0.0
53,20-24,old_vaccine,0.0,0.0,0.0,0.0
53,20-24,new_vaccine,0.0,0.0,0.0,0.0
53,25-29,unvaccinated,52.333333333333336,474.0,0.0,0.0
53,25-29,old_vaccine,0.0,0.0,0.0,0.0
53,25-29,new_vaccine,0.0,0.0,0.0,0.0
53,30-34,unvaccinated,59.333333333333336,457.3333333333333,0.3333333333333333,0.0
53,30-34,old_vaccine,0.0,0.0,0.0,0.0
53,30-34,new_vaccine,0.0,0.0,0.0,0.0
53,35-39,unvaccinated,45.333333333333336,478.6666666666667,0.6666666666666666,0.0
53,35-39,old_vaccine,0.0,0.0,0.0,0.0
53,35-39,new_vaccine,0.0,0.0,0.0,0.0
53,40-44,unvaccinated,49.666666666666664,424.6666666666667,0.3333333333333333,0.0
53,40-44,old_vaccine,0.0,0.0,0.0,0.0
53,40-44,new_vaccine,0.0,0.0,0.0,0.0
53,45-49,unvaccinated,60.0,433.3333333333333,0.0,0.0
53,45-49,old_vaccine,0.0,0.0,0.0,0.0
53,45-49,new_vaccine,0.0,0.0,0.0,0.0
53,50-54,unvaccinated,105.66666666666667,459.0,1.0,0.0
53,50-54,old_vaccine,0.0,0.0,0.0,0.0
53,50-54,new_vaccine,0.0,0.0,0.0,0.0
53,55-59,unvaccinated,134.66666666666666,414.3333333333333,1.6666666666666667,0.0
53,55-59,old_vaccine,0.0,0.0,0.0,0.0
53,55-59,new_vaccine,0.0,0.0,0.0,0.0
53,60-64,unvaccinated,125.0,337.0,1.3333333333333333,1.0
53,60-64,old_vaccine,0.0,0.0,0.0,0.0
53,60-64,new_vaccine,0.0,0.0,0.0,0.0
53,65-69,unvaccinated,187.33333333333334,151.0,1.0,0.6666666666666666
53,65-69,old_vaccine,0.0,0.0,0.0,0.0
53,65-69,new_vaccine,0.0,0.0,0.0,0.0
53,70-74,unvaccinated,200.0,105.33333333333333,3.0,1.0
53,70-74,old_vaccine,0.0,0.0,0.0,0.0
53,70-74,new_vaccine,0.0,0.0,0.0,0.0
53,75+,unvaccinated,306.0,139.0,5.0,2.3333333333333335
53,75+,old_vaccine,0.0,0.0,0.0,0.0
53,75+,new_vaccine,0.0,0.0,0.0,0.0
54,0-4,unvaccinated,28.666666666666668,337.6666666666667,0.0,0.0
54,0-4,old_vaccine,0.0,0.0,0.0,0.0
54,0-4,new_vaccine,0.0,0.0,0.0,0.0
54,5-9,unvaccinated,5.666666666666667,429.6666666666667,0.0,0.0
54,5-9,old_vaccine,0.0,0.0,0.0,0.0
54,5-9,new_vaccine,0.0,0.0,0.0,0.0
54,10-14,unvaccinated,9.666666666666666,432.6666666666667,0.0,0.0
54,10-14,old_vaccine,0.0,0.0,0.0,0.0
54,10-14,new_vaccine,0.0,0.0,0.0,0.0
54,15-19,unvaccinated,9.666666666666666,450.3333333333333,0.3333333333333333,0.0
54,15-19,old_vaccine,0.0,0.0,0.0,0.0
54,15-19,new_vaccine,0.0,0.0,0.0,0.0
54,20-24,unvaccinated,29.666666666666668,439.0,0.0,0.0
54,20-24,old_vaccine,0.0,0.0,0.0,0.0
54,20-24,new_vaccine,0.0,0.0,0.0,0.0
54,25-29,unvaccinated,44.0,478.0,0.0,0.0
54,25-29,old_vaccine,0.0,0.0,0.0,0.0
54,25-29,new_vaccine,0.0,0.0,0.0,0.0
54,30-34,unvaccinated,52.666666666666664,498.3333333333333,0.0,0.0
54,30-34,old_vaccine,0.0,0.0,0.0,0.0
54,30-34,new_vaccine,0.0,0.0,0.0,0.0
54,35-39,unvaccinated,47.333333333333336,448.0,0.3333333333333333,0.0
54,35-39,old_vaccine,0.0,0.0,0.0,0.0
54,35-39,new_vaccine,0.0,0.0,0.0,0.0
54,40-44,unvaccinated,47.0,411.6666666666667,0.3333333333333333,0.0
54,40-44,old_vaccine,0.0,0.0,0.0,0.0
54,40-44,new_vaccine,0.0,0.0,0.0,0.0
54,45-49,unvaccinated,61.0,422.0,0.3333333333333333,0.0
54,45-49,old_vaccine,0.0,0.0,0.0,0.0
54,45-49,new_vaccine,0.0,0.0,0.0,0.0
54,50-54,unvaccinated,94.0,431.0,0.3333333333333333,0.0
54,50-54,old_vaccine,0.0,0.0,0.0,0.0
54,50-54,new_vaccine,0.0,0.0,0.0,0.0
54,55-59,unvaccinated,144.33333333333334,382.0,1.6666666666666667,0.0
54,55-59,old_vaccine,0.0,0.0,0.0,0.0
54,55-59,new_vaccine,0.0,0.0,0.0,0.0
54,60-64,unvaccinated,120.33333333333333,323.3333333333333,2.0,0.3333333333333333
54,60-64,old_vaccine,0.0,0.0,0.0,0.0
54,60-64,new_vaccine,0.0,0.0,0.0,0.0
54,65-69,unvaccinated,187.66666666666666,153.66666666666666,3.6666666666666665,0.0
54,65-69,old_vaccine,0.0,0.0,0.0,0.0
54,65-69,new_vaccine,0.0,0.0,0.0,0.0
54,70-74,unvaccinated,209.0,123.66666666666667,2.3333333333333335,0.0
54,70-74,old_vaccine,0.0,0.0,0.0,0.0
54,70-74,new_vaccine,0.0,0.0,0.0,0.0
54,75+,unvaccinated,287.3333333333333,140.66666666666666,4.333333333333333,3.6666666666666665
54,75+,old_vaccine,0.0,0.0,0.0,0.0
54,75+,new_vaccine,0.0,0.0,0.0,0.0
55,0-4,unvaccinated,26.333333333333332,403.6666666666667,0.3333333333333333,0.0
55,0-4,old_vaccine,0.0,0.0,0.0,0.0
55,0-4,new_vaccine,0.0,0.0,0.0,0.0
55,5-9,unvaccinated,5.333333333333333,442.3333333333333,0.0,0.0
55,5-9,old_vaccine,0.0,0.0,0.0,0.0
55,5-9,new_vaccine,0.0,0.0,0.0,0.0
55,10-14,unvaccinated,12.333333333333334,442.3333333333333,0.0,0.0
55,10-14,old_vaccine,0.0,0.0,0.0,0.0
55,10-14,new_vaccine,0.0,0.0,0.0,0.0
55,15-19,unvaccinated,10.0,412.0,0.0,0.0
55,15-19,old_vaccine,0.0,0.0,0.0,0.0
55,15-19,new_vaccine,0.0,0.0,0.0,0.0
55,20-24,unvaccinated,26.666666666666668,440.0,0.3333333333333333,0.0
55,20-24,old_vaccine,0.0,0.0,0.0,0.0
55,20-24,new_vaccine,0.0,0.0,0.0,0.0
55,25-29,unvaccinated,47.0,462.3333333333333,0.0,0.0
55,25-29,old_vaccine,0.0,0.0,0.0,0.0
55,25-29,new_vaccine,0.0,0.0,0.0,0.0
55,30-34,unvaccinated,54.666666666666664,453.3333333333333,0.3333333333333333,0.0
55,30-34,old_vaccine,0.0,0.0,0.0,0.0
55,30-34,new_vaccine,0.0,0.0,0.0,0.0
55,35-39,unvaccinated,43.333333333333336,429.0,0.3333333333333333,0.0
55,35-39,old_vaccine,0.0,0.0,0.0,0.0
55,35-39,new_vaccine,0.0,0.0,0.0,0.0
55,40-44,unvaccinated,40.0,399.3333333333333,0.0,0.0
55,40-44,old_vaccine,0.0,0.0,0.0,0.0
55,40-44,new_vaccine,0.0,0.0,0.0,0.0
55,45-49,unvaccinated,57.666666666666664,388.3333333333333,0.3333333333333333,0.0
55,45-49,old_vaccine,0.0,0.0,0.0,0.0
55,45-49,new_vaccine,0.0,0.0,0.0,0.0
55,50-54,unvaccinated,100.0,407.6666666666667,0.3333333333333333,0.0
55,50-54,old_vaccine,0.0,0.0,0.0,0.0
55,50-54,new_vaccine,0.0,0.0,0.0,0.0
55,55-59,unvaccinated,128.66666666666666,370.6666666666667,2.0,0.0
55,55-59,old_vaccine,0.0,0.0,0.0,0.0
55,55-59,new_vaccine,0.0,0.0,0.0,0.0
55,60-64,unvaccinated,132.33333333333334,295.3333333333333,3.3333333333333335,0.3333333333333333
55,60-64,old_vaccine,0.0,0.0,0.0,0.0
55,60-64,new_vaccine,0.0,0.0,0.0,0.0
55,65-69,unvaccinated,217.66666666666666,187.33333333333334,4.0,1.6666666666666667
55,65-69,old_vaccine,0.0,0.0,0.0,0.0
55,65-69,new_vaccine,0.0,0.0,0.0,0.0
55,70-74,unvaccinated,216.0,135.33333333333334,2.3333333333333335,1.0
55,70-74,old_vaccine,0.0,0.0,0.0,0.0
55,70-74,new_vaccine,0.0,0.0,0.0,0.0
55,75+,unvaccinated,316.6666666666667,141.0,7.0,2.6666666666666665
55,75+,old_vaccine,0.0,0.0,0.0,0.0
55,75+,new_vaccine,0.0,0.0,0.0,0.0
56,0-4,unvaccinated,27.333333333333332,386.0,0.3333333333333333,0.0
56,0-4,old_vaccine,0.0,0.0,0.0,0.0
56,0-4,new_vaccine,0.0,0.0,0.0,0.0
56,5-9,unvaccinated,6.666666666666667,463.0,0.0,0.0
56,5-9,old_vaccine,0.0,0.0,0.0,0.0
56,5-9,new_vaccine,0.0,0.0,0.0,0.0
56,10-14,unvaccinated,9.0,463.0,0.3333333333333333,0.0
56,10-14,old_vaccine,0.0,0.0,0.0,0.0
56,10-14,new_vaccine,0.0,0.0,0.0,0.0
56,15-19,unvaccinated,12.333333333333334,415.0,0.0,0.0
56,15-19,old_vaccine,0.0,0.0,0.0,0.0
56,15-19,new_vaccine,0.0,0.0,0.0,0.0
56,20-24,unvaccinated,33.333333333333336,422.3333333333333,0.0,0.0
56,20-24,old_vaccine,0.0,0.0,0.0,0.0
56,20-24,new_vaccine,0.0,0.0,0.0,0.0
56,25-29,unvaccinated,48.333333333333336,418.6666666666667,0.0,0.0
56,25-29,old_vaccine,0.0,0.0,0.0,0.0
56,25-29,new_vaccine,0.0,0.0,0.0,0.0
56,30-34,unvaccinated,51.333333333333336,430.3333333333333,0.3333333333333333,0.0
56,30-34,old_vaccine,0.0,0.0,0.0,0.0
56,30-34,new_vaccine,0.0,0.0,0.0,0.0
56,35-39,unvaccinated,45.0,420.3333333333333,0.0,0.0
56,35-39,old_vaccine,0.0,0.0,0.0,0.0
56,35-39,new_vaccine,0.0,0.0,0.0,0.0
56,40-44,unvaccinated,46.0,385.3333333333333,0.3333333333333333,0.0
56,40-44,old_vaccine,0.0,0.0,0.0,0.0
56,40-44,new_vaccine,0.0,0.0,0.0,0.0
56,45-49,unvaccinated,51.666666666666664,362.3333333333333,1.3333333333333333,0.0
56,45-49,old_vaccine,0.0,0.0,0.0,0.0
56,45-49,new_vaccine,0.0,0.0,0.0,0.0
56,50-54,unvaccinated,91.33333333333333,380.0,0.3333333333333333,0.3333333333333333
56,50-54,old_vaccine,0.0,0.0,0.0,0.0
56,50-54,new_vaccine,0.0,0.0,0.0,0.0
56,55-59,unvaccinated,133.0,331.0,0.6666666666666666,0.3333333333333333
56,55-59,old_vaccine,0.0,0.0,0.0,0.0
56,55-59,new_vaccine,0.0,0.0,0.0,0.0
56,60-64,unvaccinated,127.33333333333333,307.6666666666667,1.6666666666666667,0.0
56,60-64,old_vaccine,0.0,0.0,0.0,0.0
56,60-64,new_vaccine,0.0,0.0,0.0,0.0
56,65-69,unvaccinated,207.66666666666666,171.0,4.666666666666667,0.6666666666666666
56,65-69,old_vaccine,0.0,0.0,0.0,0.0
56,65-69,new_vaccine,0.0,0.0,0.0,0.0
56,70-74,unvaccinated,228.66666666666666,131.0,4.666666666666667,0.6666666666666666
56,70-74,old_vaccine,0.0,0.0,0.0,0.0
56,70-74,new_vaccine,0.0,0.0,0.0,0.0
56,75+,unvaccinated,330.3333333333333,150.0,6.333333333333333,2.0
56,75+,old_vaccine,0.0,0.0,0.0,0.0
56,75+,new_vaccine,0.0,0.0,0.0,0.0
57,0-4,unvaccinated,26.666666666666668,430.3333333333333,0.0,0.0
57,0-4,old_vaccine,0.0,0.0,0.0,0.0
57,0-4,new_vaccine,0.0,0.0,0.0,0.0
57,5-9,unvaccinated,8.666666666666666,454.0,0.0,0.0
57,5-9,old_vaccine,0.0,0.0,0.0,0.0
57,5-9,new_vaccine,0.0,0.0,0.0,0.0
57,10-14,unvaccinated,9.333333333333334,454.6666666666667,0.6666666666666666,0.0
57,10-14,old_vaccine,0.0,0.0,0.0,0.0
57,10-14,new_vaccine,0.0,0.0,0.0,0.0
57,15-19,unvaccinated,11.666666666666666,376.3333333333333,0.0,0.0
57,15-19,old_vaccine,0.0,0.0,0.0,0.0
57,15-19,new_vaccine,0.0,0.0,0.0,0.0
57,20-24,unvaccinated,28.0,376.3333333333333,0.0,0.0
57,20-24,old_vaccine,0.0,0.0,0.0,0.0
57,20-24,new_vaccine,0.0,0.0,0.0,0.0
57,25-29,unvaccinated,42.666666666666664,407.6666666666667,0.3333333333333333,0.0
57,25-29,old_vaccine,0.0,0.0,0.0,0.0
57,25-29,new_vaccine,0.0,0.0,0.0,0.0
57,30-34,unvaccinated,47.0,395.6666666666667,0.3333333333333333,0.0
57,30-34,old_vaccine,0.0,0.0,0.0,0.0
57,30-34,new_vaccine,0.0,0.0,0.0,0.0
57,35-39,unvaccinated,40.666666666666664,388.0,0.3333333333333333,0.0
57,35-39,old_vaccine,0.0,0.0,0.0,0.0
57,35-39,new_vaccine,0.0,0.0,0.0,0.0
57,40-44,unvaccinated,35.333333333333336,377.0,1.0,0.0
57,40-44,old_vaccine,0.0,0.0,0.0,0.0
57,40-44,new_vaccine,0.0,0.0,0.0,0.0
57,45-49,unvaccinated,55.0,368.0,0.3333333333333333,0.3333333333333333
57,45-49,old_vaccine,0.0,0.0,0.0,0.0
57,45-49,new_vaccine,0.0,0.0,0.0,0.0
57,50-54,unvaccinated,95.0,364.0,0.6666666666666666,0.3333333333333333
57,50-54,old_vaccine,0.0,0.0,0.0,0.0
57,50-54,new_vaccine,0.0,0.0,0.0,0.0
57,55-59,unvaccinated,125.66666666666667,336.0,1.3333333333333333,0.0
57,55-59,old_vaccine,0.0,0.0,0.0,0.0
57,55-59,new_vaccine,0.0,0.0,0.0,0.0
57,60-64,unvaccinated,114.33333333333333,288.6666666666667,0.3333333333333333,0.6666666666666666
57,60-64,old_vaccine,0.0,0.0,0.0,0.0
57,60-64,new_vaccine,0.0,0.0,0.0,0.0
57,65-69,unvaccinated,216.0,172.33333333333334,4.666666666666667,0.3333333333333333
57,65-69,old_vaccine,0.0,0.0,0.0,0.0
57,65-69,new_vaccine,0.0,0.0,0.0,0.0
57,70-74,unvaccinated,225.33333333333334,134.0,6.666666666666667,1.0
57,70-74,old_vaccine,0.0,0.0,0.0,0.0
57,70-74,new_vaccine,0.0,0.0,0.0,0.0
57,75+,unvaccinated,323.6666666666667,161.66666666666666,7.0,3.6666666666666665
57,75+,old_vaccine,0.0,0.0,0.0,0.0
57,75+,new_vaccine,0.0,0.0,0.0,0.0
58,0-4,unvaccinated,26.0,437.3333333333333,0.3333333333333333,0.0
58,0-4,old_vaccine,0.0,0.0,0.0,0.0
58,0-4,new_vaccine,0.0,0.0,0.0,0.0
58,5-9,unvaccinated,7.666666666666667,481.0,0.0,0.0
58,5-9,old_vaccine,0.0,0.0,0.0,0.0
58,5-9,new_vaccine,0.0,0.0,0.0,0.0
58,10-14,unvaccinated,9.666666666666666,435.3333333333333,0.0,0.0
58,10-14,old_vaccine,0.0,0.0,0.0,0.0
58,10-14,new_vaccine,0.0,0.0,0.0,0.0
58,15-19,unvaccinated,8.666666666666666,348.0,0.0,0.0
58,15-19,old_vaccine,0.0,0.0,0.0,0.0
58,15-19,new_vaccine,0.0,0.0,0.0,0.0
58,20-24,unvaccinated,26.666666666666668,372.3333333333333,0.3333333333333333,0.0
58,20-24,old_vaccine,0.0,0.0,0.0,0.0
58,20-24,new_vaccine,0.0,0.0,0.0,0.0
58,25-29,unvaccinated,43.0,374.0,0.3333333333333333,0.0
58,25-29,old_vaccine,0.0,0.0,0.0,0.0
58,25-29,new_vaccine,0.0,0.0,0.0,0.0
58,30-34,unvaccinated,40.666666666666664,383.6666666666667,0.0,0.0
58,30-34,old_vaccine,0.0,0.0,0.0,0.0
58,30-34,new_vaccine,0.0,0.0,0.0,0.0
58,35-39,unvaccinated,34.666666666666664,385.0,1.0,0.0
58,35-39,old_vaccine,0.0,0.0,0.0,0.0
58,35-39,new_vaccine,0.0,0.0,0.0,0.0
58,40-44,unvaccinated,39.333333333333336,393.6666666666667,0.3333333333333333,0.0
58,40-44,old_vaccine,0.0,0.0,0.0,0.0
58,40-44,new_vaccine,0.0,0.0,0.0,0.0
58,45-49,unvaccinated,53.333333333333336,335.6666666666667,0.3333333333333333,0.0
58,45-49,old_vaccine,0.0,0.0,0.0,0.0
58,45-49,new_vaccine,0.0,0.0,0.0,0.0
58,50-54,unvaccinated,88.66666666666667,332.3333333333333,0.3333333333333333,0.0
58,50-54,old_vaccine,0.0,0.0,0.0,0.0
58,50-54,new_vaccine,0.0,0.0,0.0,0.0
58,55-59,unvaccinated,110.33333333333333,337.3333333333333,2.0,0.3333333333333333
58,55-59,old_vaccine,0.0,0.0,0.0,0.0
58,55-59,new_vaccine,0.0,0.0,0.0,0.0
58,60-64,unvaccinated,96.33333333333333,257.3333333333333,2.0,0.0
58,60-64,old_vaccine,0.0,0.0,0.0,0.0
58,60-64,new_vaccine,0.0,0.0,0.0,0.0
58,65-69,unvaccinated,200.0,175.0,3.0,0.3333333333333333
58,65-69,old_vaccine,0.0,0.0,0.0,0.0
58,65-69,new_vaccine,0.0,0.0,0.0,0.0
58,70-74,unvaccinated,229.33333333333334,142.0,3.6666666666666665,0.3333333333333333
58,70-74,old_vaccine,0.0,0.0,0.0,0.0
58,70-74,new_vaccine,0.0,0.0,0.0,0.0
58,75+,unvaccinated,361.0,169.0,9.0,1.3333333333333333
58,75+,old_vaccine,0.0,0.0,0.0,0.0
58,75+,new_vaccine,0.0,0.0,0.0,0.0
59,0-4,unvaccinated,30.666666666666668,388.3333333333333,0.3333333333333333,0.0
59,0-4,old_vaccine,0.0,0.0,0.0,0.0
59,0-4,new_vaccine,0.0,0.0,0.0,0.0
59,5-9,unvaccinated,5.333333333333333,456.0,0.0,0.0
59,5-9,old_vaccine,0.0,0.0,0.0,0.0
59,5-9,new_vaccine,0.0,0.0,0.0,0.0
59,10-14,unvaccinated,8.333333333333334,400.6666666666667,0.0,0.0
59,10-14,old_vaccine,0.0,0.0,0.0,0.0
59,10-14,new_vaccine,0.0,0.0,0.0,0.0
59,15-19,unvaccinated,5.666666666666667,370.6666666666667,0.0,0.0
59,15-19,old_vaccine,0.0,0.0,0.0,0.0
59,15-19,new_vaccine,0.0,0.0,0.0,0.0
59,20-24,unvaccinated,26.666666666666668,344.0,0.3333333333333333,0.0
59,20-24,old_vaccine,0.0,0.0,0.0,0.0
59,20-24,new_vaccine,0.0,0.0,0.0,0.0
59,25-29,unvaccinated,40.333333333333336,374.0,0.3333333333333333,0.0
59,25-29,old_vaccine,0.0,0.0,0.0,0.0
59,25-29,new_vaccine,0.0,0.0,0.0,0.0
59,30-34,unvaccinated,45.666666666666664,379.0,0.0,0.0
59,30-34,old_vaccine,0.0,0.0,0.0,0.0
59,30-34,new_vaccine,0.0,0.0,0.0,0.0
59,35-39,unvaccinated,33.666666666666664,406.0,0.0,0.0
59,35-39,old_vaccine,0.0,0.0,0.0,0.0
59,35-39,new_vaccine,0.0,0.0,0.0,0.0
59,40-44,unvaccinated,38.666666666666664,385.0,0.6666666666666666,0.0
59,40-44,old_vaccine,0.0,0.0,0.0,0.0
59,40-44,new_vaccine,0.0,0.0,0.0,0.0
59,45-49,unvaccinated,48.333333333333336,344.6666666666667,1.0,0.0
59,45-49,old_vaccine,0.0,0.0,0.0,0.0
59,45-49,new_vaccine,0.0,0.0,0.0,0.0
59,50-54,unvaccinated,79.33333333333333,340.6666666666667,1.6666666666666667,0.0
59,50-54,old_vaccine,0.0,0.0,0.0,0.0
59,50-54,new_vaccine,0.0,0.0,0.0,0.0
59,55-59,unvaccinated,112.0,316.0,1.0,0.0
59,55-59,old_vaccine,0.0,0.0,0.0,0.0
59,55-59,new_vaccine,0.0,0.0,0.0,0.0
59,60-64,unvaccinated,107.33333333333333,264.6666666666667,2.0,0.3333333333333333
59,60-64,old_vaccine,0.0,0.0,0.0,0.0
59,60-64,new_vaccine,0.0,0.0,0.0,0.0
59,65-69,unvaccinated,192.0,158.0,3.6666666666666665,0.3333333333333333
59,65-69,old_vaccine,0.0,0.0,0.0,0.0
59,65-69,new_vaccine,0.0,0.0,0.0,0.0
59,70-74,unvaccinated,207.33333333333334,139.33333333333334,3.3333333333333335,2.0
59,70-74,old_vaccine,0.0,0.0,0.0,0.0
59,70-74,new_vaccine,0.0,0.0,0.0,0.0
59,75+,unvaccinated,361.6666666666667,173.0,6.0,3.0
59,75+,old_vaccine,0.0,0.0,0.0,0.0
59,75+,new_vaccine,0.0,0.0,0.0,0.0
60,0-4,unvaccinated,25.666666666666668,375.6666666666667,0.3333333333333333,0.0
60,0-4,old_vaccine,0.0,0.0,0.0,0.0
60,0-4,new_vaccine,0.0,0.0,0.0,0.0
60,5-9,unvaccinated,5.333333333333333,443.3333333333333,0.0,0.0
60,5-9,old_vaccine,0.0,0.0,0.0,0.0
60,5-9,new_vaccine,0.0,0.0,0.0,0.0
60,10-14,unvaccinated,5.0,388.6666666666667,0.0,0.0
60,10-14,old_vaccine,0.0,0.0,0.0,0.0
60,10-14,new_vaccine,0.0,0.0,0.0,0.0
60,15-19,unvaccinated,8.0,325.3333333333333,0.0,0.0
60,15-19,old_vaccine,0.0,0.0,0.0,0.0
60,15-19,new_vaccine,0.0,0.0,0.0,0.0
60,20-24,unvaccinated,26.666666666666668,346.6666666666667,0.0,0.0
60,20-24,old_vaccine,0.0,0.0,0.0,0.0
60,20-24,new_vaccine,0.0,0.0,0.0,0.0
60,25-29,unvaccinated,40.333333333333336,373.6666666666667,0.3333333333333333,0.0
60,25-29,old_vaccine,0.0,0.0,0.0,0.0
60,25-29,new_vaccine,0.0,0.0,0.0,0.0
60,30-34,unvaccinated,40.333333333333336,385.3333333333333,0.3333333333333333,0.0
60,30-34,old_vaccine,0.0,0.0,0.0,0.0
60,30-34,new_vaccine,0.0,0.0,0.0,0.0
60,35-39,unvaccinated,32.333333333333336,414.3333333333333,0.3333333333333333,0.0
60,35-39,old_vaccine,0.0,0.0,0.0,0.0
60,35-39,new_vaccine,0.0,0.0,0.0,0.0
60,40-44,unvaccinated,40.0,398.0,0.3333333333333333,0.0
60,40-44,old_vaccine,0.0,0.0,0.0,0.0
60,40-44,new_vaccine,0.0,0.0,0.0,0.0
60,45-49,unvaccinated,51.666666666666664,364.0,0.3333333333333333,0.0
60,45-49,old_vaccine,0.0,0.0,0.0,0.0
60,45-49,new_vaccine,0.0,0.0,0.0,0.0
60,50-54,unvaccinated,92.0,340.3333333333333,0.6666666666666666,0.0
60,50-54,old_vaccine,0.0,0.0,0.0,0.0
60,50-54,new_vaccine,0.0,0.0,0.0,0.0
60,55-59,unvaccinated,106.0,311.0,0.6666666666666666,0.3333333333333333
60,55-59,old_vaccine,0.0,0.0,0.0,0.0
60,55-59,new_vaccine,0.0,0.0,0.0,0.0
60,60-64,unvaccinated,114.33333333333333,252.33333333333334,1.0,0.3333333333333333
60,60-64,old_vaccine,0.0,0.0,0.0,0.0
60,60-64,new_vaccine,0.0,0.0,0.0,0.0
60,65-69,unvaccinated,189.0,155.66666666666666,2.0,0.0
60,65-69,old_vaccine,0.0,0.0,0.0,0.0
60,65-69,new_vaccine,0.0,0.0,0.0,0.0
60,70-74,unvaccinated,219.66666666666666,132.33333333333334,2.6666666666666665,0.0
60,70-74,old_vaccine,0.0,0.0,0.0,0.0
60,70-74,new_vaccine,0.0,0.0,0.0,0.0
60,75+,unvaccinated,385.3333333333333,192.33333333333334,7.333333333333333,2.3333333333333335
60,75+,old_vaccine,0.0,0.0,0.0,0.0
60,75+,new_vaccine,0.0,0.0,0.0,0.0
61,0-4,unvaccinated,25.666666666666668,347.0,0.6666666666666666,0.0
61,0-4,old_vaccine,0.0,0.0,0.0,0.0
61,0-4,new_vaccine,0.0,0.0,0.0,0.0
61,5-9,unvaccinated,6.666666666666667,400.6666666666667,0.0,0.0
61,5-9,old_vaccine,0.0,0.0,0.0,0.0
61,5-9,new_vaccine,0.0,0.0,0.0,0.0
61,10-14,unvaccinated,7.333333333333333,358.0,0.0,0.0
61,10-14,old_vaccine,0.0,0.0,0.0,0.0
61,10-14,new_vaccine,0.0,0.0,0.0,0.0
61,15-19,unvaccinated,10.333333333333334,326.6666666666667,0.0,0.0
61,15-19,old_vaccine,0.0,0.0,0.0,0.0
61,15-19,new_vaccine,0.0,0.0,0.0,0.0
61,20-24,unvaccinated,24.333333333333332,354.3333333333333,0.0,0.0
61,20-24,old_vaccine,0.0,0.0,0.0,0.0
61,20-24,new_vaccine,0.0,0.0,0.0,0.0
61,25-29,unvaccinated,38.0,396.6666666666667,0.0,0.0
61,25-29,old_vaccine,0.0,0.0,0.0,0.0
61,25-29,new_vaccine,0.0,0.0,0.0,0.0
61,30-34,unvaccinated,52.333333333333336,399.3333333333333,0.6666666666666666,0.0
61,30-34,old_vaccine,0.0,0.0,0.0,0.0
61,30-34,new_vaccine,0.0,0.0,0.0,0.0
61,35-39,unvaccinated,41.333333333333336,410.3333333333333,0.0,0.0
61,35-39,old_vaccine,0.0,0.0,0.0,0.0
61,35-39,new_vaccine,0.0,0.0,0.0,0.0
61,40-44,unvaccinated,44.333333333333336,402.3333333333333,0.6666666666666666,0.0
61,40-44,old_vaccine,0.0,0.0,0.0,0.0
61,40-44,new_vaccine,0.0,0.0,0.0,0.0
61,45-49,unvaccinated,56.666666666666664,377.3333333333333,0.3333333333333333,0.0
61,45-49,old_vaccine,0.0,0.0,0.0,0.0
61,45-49,new_vaccine,0.0,0.0,0.0,0.0
61,50-54,unvaccinated,87.0,342.3333333333333,0.0,0.0
61,50-54,old_vaccine,0.0,0.0,0.0,0.0
61,50-54,new_vaccine,0.0,0.0,0.0,0.0
61,55-59,unvaccinated,105.33333333333333,323.6666666666667,0.3333333333333333,0.0
61,55-59,old_vaccine,0.0,0.0,0.0,0.0
61,55-59,new_vaccine,0.0,0.0,0.0,0.0
61,60-64,unvaccinated,108.0,238.0,2.3333333333333335,0.3333333333333333
61,60-64,old_vaccine,0.0,0.0,0.0,0.0
61,60-64,new_vaccine,0.0,0.0,0.0,0.0
61,65-69,unvaccinated,175.33333333333334,144.0,2.6666666666666665,0.0
61,65-69,old_vaccine,0.0,0.0,0.0,0.0
61,65-69,new_vaccine,0.0,0.0,0.0,0.0
61,70-74,unvaccinated,206.33333333333334,111.66666666666667,3.0,0.6666666666666666
61,70-74,old_vaccine,0.0,0.0,0.0,0.0
61,70-74,new_vaccine,0.0,0.0,0.0,0.0
61,75+,unvaccinated,376.6666666666667,187.33333333333334,8.0,2.0
61,75+,old_vaccine,0.0,0.0,0.0,0.0
61,75+,new_vaccine,0.0,0.0,0.0,0.0
62,0-4,unvaccinated,22.666666666666668,352.0,0.3333333333333333,0.0
62,0-4,old_vaccine,0.0,0.0,0.0,0.0
62,0-4,new_vaccine,0.0,0.0,0.0,0.0
62,5-9,unvaccinated,5.666666666666667,360.6666666666667,0.0,0.0
62,5-9,old_vaccine,0.0,0.0,0.0,0.0
62,5-9,new_vaccine,0.0,0.0,0.0,0.0
62,10-14,unvaccinated,8.333333333333334,343.0,0.0,0.0
62,10-14,old_vaccine,0.0,0.0,0.0,0.0
62,10-14,new_vaccine,0.0,0.0,0.0,0.0
62,15-19,unvaccinated,9.666666666666666,317.6666666666667,0.0,0.0
62,15-19,old_vaccine,0.0,0.0,0.0,0.0
62,15-19,new_vaccine,0.0,0.0,0.0,0.0
62,20-24,unvaccinated,23.0,348.3333333333333,0.0,0.0
62,20-24,old_vaccine,0.0,0.0,0.0,0.0
62,20-24,new_vaccine,0.0,0.0,0.0,0.0
62,25-29,unvaccinated,42.0,423.0,0.0,0.0
62,25-29,old_vaccine,0.0,0.0,0.0,0.0
62,25-29,new_vaccine,0.0,0.0,0.0,0.0
62,30-34,unvaccinated,46.666666666666664,424.0,0.0,0.0
62,30-34,old_vaccine,0.0,0.0,0.0,0.0
62,30-34,new_vaccine,0.0,0.0,0.0,0.0
62,35-39,unvaccinated,47.0,425.6666666666667,0.3333333333333333,0.0
62,35-39,old_vaccine,0.0,0.0,0.0,0.0
62,35-39,new_vaccine,0.0,0.0,0.0,0.0
62,40-44,unvaccinated,50.333333333333336,411.6666666666667,0.0,0.0
62,40-44,old_vaccine,0.0,0.0,0.0,0.0
62,40-44,new_vaccine,0.0,0.0,0.0,0.0
62,45-49,unvaccinated,52.333333333333336,383.6666666666667,0.3333333333333333,0.0
62,45-49,old_vaccine,0.0,0.0,0.0,0.0
62,45-49,new_vaccine,0.0,0.0,0.0,0.0
62,50-54,unvaccinated,89.0,385.0,1.3333333333333333,0.0
62,50-54,old_vaccine,0.0,0.0,0.0,0.0
62,50-54,new_vaccine,0.0,0.0,0.0,0.0
62,55-59,unvaccinated,107.66666666666667,330.0,0.6666666666666666,0.3333333333333333
62,55-59,old_vaccine,0.0,0.0,0.0,0.0
62,55-59,new_vaccine,0.0,0.0,0.0,0.0
62,60-64,unvaccinated,123.0,267.6666666666667,0.3333333333333333,0.3333333333333333
62,60-64,old_vaccine,0.0,0.0,0.0,0.0
62,60-64,new_vaccine,0.0,0.0,0.0,0.0
62,65-69,unvaccinated,169.0,146.66666666666666,1.3333333333333333,0.0
62,65-69,old_vaccine,0.0,0.0,0.0,0.0
62,65-69,new_vaccine,0.0,0.0,0.0,0.0
62,70-74,unvaccinated,191.0,110.66666666666667,4.333333333333333,1.6666666666666667
62,70-74,old_vaccine,0.0,0.0,0.0,0.0
62,70-74,new_vaccine,0.0,0.0,0.0,0.0
62,75+,unvaccinated,408.6666666666667,197.0,6.333333333333333,4.333333333333333
62,75+,old_vaccine,0.0,0.0,0.0,0.0
62,75+,new_vaccine,0.0,0.0,0.0,0.0
63,0-4,unvaccinated,19.0,312.6666666666667,0.0,0.0
63,0-4,old_vaccine,0.0,0.0,0.0,0.0
63,0-4,new_vaccine,0.0,0.0,0.0,0.0
63,5-9,unvaccinated,4.0,363.0,0.0,0.0
63,5-9,old_vaccine,0.0,0.0,0.0,0.0
63,5-9,new_vaccine,0.0,0.0,0.0,0.0
63,10-14,unvaccinated,6.333333333333333,336.6666666666667,0.0,0.0
63,10-14,old_vaccine,0.0,0.0,0.0,0.0
63,10-14,new_vaccine,0.0,0.0,0.0,0.0
63,15-19,unvaccinated,10.0,332.3333333333333,0.0,0.0
63,15-19,old_vaccine,0.0,0.0,0.0,0.0
63,15-19,new_vaccine,0.0,0.0,0.0,0.0
63,20-24,unvaccinated,27.0,355.0,0.0,0.0
63,20-24,old_vaccine,0.0,0.0,0.0,0.0
63,20-24,new_vaccine,0.0,0.0,0.0,0.0
63,25-29,unvaccinated,55.0,437.0,0.0,0.0
63,25-29,old_vaccine,0.0,0.0,0.0,0.0
63,25-29,new_vaccine,0.0,0.0,0.0,0.0
63,30-34,unvaccinated,46.333333333333336,439.6666666666667,0.0,0.0
63,30-34,old_vaccine,0.0,0.0,0.0,0.0
63,30-34,new_vaccine,0.0,0.0,0.0,0.0
63,35-39,unvaccinated,43.0,442.3333333333333,0.0,0.0
63,35-39,old_vaccine,0.0,0.0,0.0,0.0
63,35-39,new_vaccine,0.0,0.0,0.0,0.0
63,40-44,unvaccinated,45.333333333333336,441.3333333333333,0.0,0.0
63,40-44,old_vaccine,0.0,0.0,0.0,0.0
63,40-44,new_vaccine,0.0,0.0,0.0,0.0
63,45-49,unvaccinated,55.666666666666664,410.3333333333333,1.0,0.0
63,45-49,old_vaccine,0.0,0.0,0.0,0.0
63,45-49,new_vaccine,0.0,0.0,0.0,0.0
63,50-54,unvaccinated,84.0,404.3333333333333,1.6666666666666667,0.3333333333333333
63,50-54,old_vaccine,0.0,0.0,0.0,0.0
63,50-54,new_vaccine,0.0,0.0,0.0,0.0
63,55-59,unvaccinated,118.33333333333333,335.3333333333333,1.3333333333333333,0.3333333333333333
63,55-59,old_vaccine,0.0,0.0,0.0,0.0
63,55-59,new_vaccine,0.0,0.0,0.0,0.0
63,60-64,unvaccinated,113.33333333333333,271.6666666666667,0.3333333333333333,0.3333333333333333
63,60-64,old_vaccine,0.0,0.0,0.0,0.0
63,60-64,new_vaccine,0.0,0.0,0.0,0.0
63,65-69,unvaccinated,165.0,141.0,4.666666666666667,0.3333333333333333
63,65-69,old_vaccine,0.0,0.0,0.0,0.0
63,65-69,new_vaccine,0.0,0.0,0.0,0.0
63,70-74,unvaccinated,186.66666666666666,118.66666666666667,1.6666666666666667,0.6666666666666666
63,70-74,old_vaccine,0.0,0.0,0.0,0.0
63,70-74,new_vaccine,0.0,0.0,0.0,0.0
63,75+,unvaccinated,387.3333333333333,190.66666666666666,5.666666666666667,3.6666666666666665
63,75+,old_vaccine,0.0,0.0,0.0,0.0
63,75+,new_vaccine,0.0,0.0,0.0,0.0
64,0-4,unvaccinated,19.0,318.6666666666667,0.0,0.0
64,0-4,old_vaccine,0.0,0.0,0.0,0.0
64,0-4,new_vaccine,0.0,0.0,0.0,0.0
64,5-9,unvaccinated,5.333333333333333,368.3333333333333,0.0,0.0
64,5-9,old_vaccine,0.0,0.0,0.0,0.0
64,5-9,new_vaccine,0.0,0.0,0.0,0.0
64,10-14,unvaccinated,7.333333333333333,342.6666666666667,0.0,0.0
64,10-14,old_vaccine,0.0,0.0,0.0,0.0
64,10-14,new_vaccine,0.0,0.0,0.0,0.0
64,15-19,unvaccinated,7.0,329.6666666666667,0.0,0.0
64,15-19,old_vaccine,0.0,0.0,0.0,0.0
64,15-19,new_vaccine,0.0,0.0,0.0,0.0
64,20-24,unvaccinated,25.333333333333332,387.0,0.6666666666666666,0.0
64,20-24,old_vaccine,0.0,0.0,0.0,0.0
64,20-24,new_vaccine,0.0,0.0,0.0,0.0
64,25-29,unvaccinated,45.666666666666664,430.0,0.0,0.0
64,25-29,old_vaccine,0.0,0.0,0.0,0.0
64,25-29,new_vaccine,0.0,0.0,0.0,0.0
64,30-34,unvaccinated,49.666666666666664,434.3333333333333,0.3333333333333333,0.0
64,30-34,old_vaccine,0.0,0.0,0.0,0.0
64,30-34,new_vaccine,0.0,0.0,0.0,0.0
64,35-39,unvaccinated,42.0,441.6666666666667,0.3333333333333333,0.0
64,35-39,old_vaccine,0.0,0.0,0.0,0.0
64,35-39,new_vaccine,0.0,0.0,0.0,0.0
64,40-44,unvaccinated,44.333333333333336,428.3333333333333,0.3333333333333333,0.0
64,40-44,old_vaccine,0.0,0.0,0.0,0.0
64,40-44,new_vaccine,0.0,0.0,0.0,0.0
64,45-49,unvaccinated,54.333333333333336,439.6666666666667,0.0,0.0
64,45-49,old_vaccine,0.0,0.0,0.0,0.0
64,45-49,new_vaccine,0.0,0.0,0.0,0.0
64,50-54,unvaccinated,87.33333333333333,408.6666666666667,0.6666666666666666,0.0
64,50-54,old_vaccine,0.0,0.0,0.0,0.0
64,50-54,new_vaccine,0.0,0.0,0.0,0.0
64,55-59,unvaccinated,124.0,340.0,1.0,0.0
64,55-59,old_vaccine,0.0,0.0,0.0,0.0
64,55-59,new_vaccine,0.0,0.0,0.0,0.0
64,60-64,unvaccinated,112.66666666666667,279.6666666666667,2.3333333333333335,0.0
64,60-64,old_vaccine,0.0,0.0,0.0,0.0
64,60-64,new_vaccine,0.0,0.0,0.0,0.0
64,65-69,unvaccinated,161.66666666666666,129.0,2.0,1.0
64,65-69,old_vaccine,0.0,0.0,0.0,0.0
64,65-69,new_vaccine,0.0,0.0,0.0,0.0
64,70-74,unvaccinated,199.33333333333334,121.0,3.0,0.6666666666666666
64,70-74,old_vaccine,0.0,0.0,0.0,0.0
64,70-74,new_vaccine,0.0,0.0,0.0,0.0
64,75+,unvaccinated,339.3333333333333,174.66666666666666,5.666666666666667,3.0
64,75+,old_vaccine,0.0,0.0,0.0,0.0
64,75+,new_vaccine,0.0,0.0,0.0,0.0
65,0-4,unvaccinated,20.333333333333332,291.3333333333333,0.0,0.0
65,0-4,old_vaccine,0.0,0.0,0.0,0.0
65,0-4,new_vaccine,0.0,0.0,0.0,0.0
65,5-9,unvaccinated,7.0,360.0,0.0,0.0
65,5-9,old_vaccine,0.0,0.0,0.0,0.0
65,5-9,new_vaccine,0.0,0.0,0.0,0.0
65,10-14,unvaccinated,8.0,365.0,0.0,0.0
65,10-14,old_vaccine,0.0,0.0,0.0,0.0
65,10-14,new_vaccine,0.0,0.0,0.0,0.0
65,15-19,unvaccinated,12.666666666666666,347.6666666666667,0.0,0.0
65,15-19,old_vaccine,0.0,0.0,0.0,0.0
65,15-19,new_vaccine,0.0,0.0,0.0,0.0
65,20-24,unvaccinated,26.333333333333332,416.3333333333333,0.0,0.0
65,20-24,old_vaccine,0.0,0.0,0.0,0.0
65,20-24,new_vaccine,0.0,0.0,0.0,0.0
65,25-29,unvaccinated,48.333333333333336,458.0,0.3333333333333333,0.0
65,25-29,old_vaccine,0.0,0.0,0.0,0.0
65,25-29,new_vaccine,0.0,0.0,0.0,0.0
65,30-34,unvaccinated,57.0,459.6666666666667,0.6666666666666666,0.0
65,30-34,old_vaccine,0.0,0.0,0.0,0.0
65,30-34,new_vaccine,0.0,0.0,0.0,0.0
65,35-39,unvaccinated,46.333333333333336,472.6666666666667,0.6666666666666666,0.0
65,35-39,old_vaccine,0.0,0.0,0.0,0.0
65,35-39,new_vaccine,0.0,0.0,0.0,0.0
65,40-44,unvaccinated,42.666666666666664,422.6666666666667,1.0,0.0
65,40-44,old_vaccine,0.0,0.0,0.0,0.0
65,40-44,new_vaccine,0.0,0.0,0.0,0.0
65,45-49,unvaccinated,62.0,414.3333333333333,0.3333333333333333,0.0
65,45-49,old_vaccine,0.0,0.0,0.0,0.0
65,45-49,new_vaccine,0.0,0.0,0.0,0.0
65,50-54,unvaccinated,105.0,420.3333333333333,1.3333333333333333,0.0
65,50-54,old_vaccine,0.0,0.0,0.0,0.0
65,50-54,new_vaccine,0.0,0.0,0.0,0.0
65,55-59,unvaccinated,120.0,337.6666666666667,1.0,0.6666666666666666
65,55-59,old_vaccine,0.0,0.0,0.0,0.0
65,55-59,new_vaccine,0.0,0.0,0.0,0.0
65,60-64,unvaccinated,117.33333333333333,298.0,2.3333333333333335,1.3333333333333333
65,60-64,old_vaccine,0.0,0.0,0.0,0.0
65,60-64,new_vaccine,0.0,0.0,0.0,0.0
65,65-69,unvaccinated,168.33333333333334,136.66666666666666,2.0,0.6666666666666666
65,65-69,old_vaccine,0.0,0.0,0.0,0.0
65,65-69,new_vaccine,0.0,0.0,0.0,0.0
65,70-74,unvaccinated,183.33333333333334,103.0,2.0,0.6666666666666666
65,70-74,old_vaccine,0.0,0.0,0.0,0.0
65,70-74,new_vaccine,0.0,0.0,0.0,0.0
65,75+,unvaccinated,364.0,186.66666666666666,5.333333333333333,2.0
65,75+,old_vaccine,0.0,0.0,0.0,0.0
65,75+,new_vaccine,0.0,0.0,0.0,0.0
66,0-4,unvaccinated,20.0,314.3333333333333,0.3333333333333333,0.0
66,0-4,old_vaccine,0.0,0.0,0.0,0.0
66,0-4,new_vaccine,0.0,0.0,0.0,0.0
66,5-9,unvaccinated,4.666666666666667,355.3333333333333,0.3333333333333333,0.0
66,5-9,old_vaccine,0.0,0.0,0.0,0.0
66,5-9,new_vaccine,0.0,0.0,0.0,0.0
66,10-14,unvaccinated,7.0,369.3333333333333,0.0,0.0
66,10-14,old_vaccine,0.0,0.0,0.0,0.0
66,10-14,new_vaccine,0.0,0.0,0.0,0.0
66,15-19,unvaccinated,12.333333333333334,359.0,0.0,0.0
66,15-19,old_vaccine,0.0,0.0,0.0,0.0
66,15-19,new_vaccine,0.0,0.0,0.0,0.0
66,20-24,unvaccinated,33.0,416.6666666666667,0.3333333333333333,0.0
66,20-24,old_vaccine,0.0,0.0,0.0,0.0
66,20-24,new_vaccine,0.0,0.0,0.0,0.0
66,25-29,unvaccinated,52.0,438.6666666666667,0.0,0.0
66,25-29,old_vaccine,0.0,0.0,0.0,0.0
66,25-29,new_vaccine,0.0,0.0,0.0,0.0
66,30-34,unvaccinated,57.0,458.3333333333333,0.3333333333333333,0.0
66,30-34,old_vaccine,0.0,0.0,0.0,0.0
66,30-34,new_vaccine,0.0,0.0,0.0,0.0
66,35-39,unvaccinated,44.0,448.6666666666667,0.0,0.0
66,35-39,old_vaccine,0.0,0.0,0.0,0.0
66,35-39,new_vaccine,0.0,0.0,0.0,0.0
66,40-44,unvaccinated,47.333333333333336,437.6666666666667,0.0,0.0
66,40-44,old_vaccine,0.0,0.0,0.0,0.0
66,40-44,new_vaccine,0.0,0.0,0.0,0.0
66,45-49,unvaccinated,65.66666666666667,402.3333333333333,0.0,0.0
66,45-49,old_vaccine,0.0,0.0,0.0,0.0
66,45-49,new_vaccine,0.0,0.0,0.0,0.0
66,50-54,unvaccinated,99.66666666666667,424.6666666666667,1.0,0.0
66,50-54,old_vaccine,0.0,0.0,0.0,0.0
66,50-54,new_vaccine,0.0,0.0,0.0,0.0
66,55-59,unvaccinated,136.66666666666666,364.6666666666667,0.6666666666666666,0.0
66,55-59,old_vaccine,0.0,0.0,0.0,0.0
66,55-59,new_vaccine,0.0,0.0,0.0,0.0
66,60-64,unvaccinated,108.66666666666667,301.6666666666667,2.0,0.3333333333333333
66,60-64,old_vaccine,0.0,0.0,0.0,0.0
66,60-64,new_vaccine,0.0,0.0,0.0,0.0
66,65-69,unvaccinated,150.0,148.0,3.6666666666666665,0.0
66,65-69,old_vaccine,0.0,0.0,0.0,0.0
66,65-69,new_vaccine,0.0,0.0,0.0,0.0
66,70-74,unvaccinated,207.0,106.0,2.0,1.3333333333333333
66,70-74,old_vaccine,0.0,0.0,0.0,0.0
66,70-74,new_vaccine,0.0,0.0,0.0,0.0
66,75+,unvaccinated,355.0,166.33333333333334,6.0,4.666666666666667
66,75+,old_vaccine,0.0,0.0,0.0,0.0
66,75+,new_vaccine,0.0,0.0,0.0,0.0
67,0-4,unvaccinated,23.333333333333332,317.3333333333333,0.3333333333333333,0.0
67,0-4,old_vaccine,0.0,0.0,0.0,0.0
67,0-4,new_vaccine,0.0,0.0,0.0,0.0
67,5-9,unvaccinated,6.333333333333333,353.0,0.0,0.0
67,5-9,old_vaccine,0.0,0.0,0.0,0.0
67,5-9,new_vaccine,0.0,0.0,0.0,0.0
67,10-14,unvaccinated,9.333333333333334,379.6666666666667,0.0,0.0
67,10-14,old_vaccine,0.0,0.0,0.0,0.0
67,10-14,new_vaccine,0.0,0.0,0.0,0.0
67,15-19,unvaccinated,9.0,378.0,0.3333333333333333,0.0
67,15-19,old_vaccine,0.0,0.0,0.0,0.0
67,15-19,new_vaccine,0.0,0.0,0.0,0.0
67,20-24,unvaccinated,31.333333333333332,404.3333333333333,0.0,0.0
67,20-24,old_vaccine,0.0,0.0,0.0,0.0
67,20-24,new_vaccine,0.0,0.0,0.0,0.0
67,25-29,unvaccinated,51.0,457.6666666666667,0.0,0.0
67,25-29,old_vaccine,0.0,0.0,0.0,0.0
67,25-29,new_vaccine,0.0,0.0,0.0,0.0
67,30-34,unvaccinated,47.0,477.0,0.0,0.0
67,30-34,old_vaccine,0.0,0.0,0.0,0.0
67,30-34,new_vaccine,0.0,0.0,0.0,0.0
67,35-39,unvaccinated,49.666666666666664,457.3333333333333,1.0,0.0
67,35-39,old_vaccine,0.0,0.0,0.0,0.0
67,35-39,new_vaccine,0.0,0.0,0.0,0.0
67,40-44,unvaccinated,54.666666666666664,418.3333333333333,0.0,0.0
67,40-44,old_vaccine,0.0,0.0,0.0,0.0
67,40-44,new_vaccine,0.0,0.0,0.0,0.0
67,45-49,unvaccinated,58.0,425.0,0.6666666666666666,0.0
67,45-49,old_vaccine,0.0,0.0,0.0,0.0
67,45-49,new_vaccine,0.0,0.0,0.0,0.0
67,50-54,unvaccinated,104.0,431.6666666666667,1.6666666666666667,0.0
67,50-54,old_vaccine,0.0,0.0,0.0,0.0
67,50-54,new_vaccine,0.0,0.0,0.0,0.0
67,55-59,unvaccinated,130.66666666666666,384.0,1.0,0.3333333333333333
67,55-59,old_vaccine,0.0,0.0,0.0,0.0
67,55-59,new_vaccine,0.0,0.0,0.0,0.0
67,60-64,unvaccinated,127.66666666666667,313.0,1.3333333333333333,0.0
67,60-64,old_vaccine,0.0,0.0,0.0,0.0
67,60-64,new_vaccine,0.0,0.0,0.0,0.0
67,65-69,unvaccinated,169.0,149.0,2.0,0.6666666666666666
67,65-69,old_vaccine,0.0,0.0,0.0,0.0
67,65-69,new_vaccine,0.0,0.0,0.0,0.0
67,70-74,unvaccinated,195.33333333333334,113.66666666666667,2.6666666666666665,0.6666666666666666
67,70-74,old_vaccine,0.0,0.0,0.0,0.0
67,70-74,new_vaccine,0.0,0.0,0.0,0.0
67,75+,unvaccinated,353.3333333333333,174.0,6.0,2.6666666666666665
67,75+,old_vaccine,0.0,0.0,0.0,0.0
67,75+,new_vaccine,0.0,0.0,0.0,0.0
68,0-4,unvaccinated,24.0,318.0,0.3333333333333333,0.0
68,0-4,old_vaccine,0.0,0.0,0.0,0.0
68,0-4,new_vaccine,0.0,0.0,0.0,0.0
68,5-9,unvaccinated,5.666666666666667,377.3333333333333,0.3333333333333333,0.0
68,5-9,old_vaccine,0.0,0.0,0.0,0.0
68,5-9,new_vaccine,0.0,0.0,0.0,0.0
68,10-14,unvaccinated,6.333333333333333,391.3333333333333,0.0,0.0
68,10-14,old_vaccine,0.0,0.0,0.0,0.0
68,10-14,new_vaccine,0.0,0.0,0.0,0.0
68,15-19,unvaccinated,8.0,370.0,0.0,0.0
68,15-19,old_vaccine,0.0,0.0,0.0,0.0
68,15-19,new_vaccine,0.0,0.0,0.0,0.0
68,20-24,unvaccinated,39.666666666666664,424.0,0.0,0.0
68,20-24,old_vaccine,0.0,0.0,0.0,0.0
68,20-24,new_vaccine,0.0,0.0,0.0,0.0
68,25-29,unvaccinated,53.333333333333336,462.6666666666667,0.0,0.0
68,25-29,old_vaccine,0.0,0.0,0.0,0.0
68,25-29,new_vaccine,0.0,0.0,0.0,0.0
68,30-34,unvaccinated,50.666666666666664,437.0,0.3333333333333333,0.0
68,30-34,old_vaccine,0.0,0.0,0.0,0.0
68,30-34,new_vaccine,0.0,0.0,0.0,0.0
68,35-39,unvaccinated,39.666666666666664,451.3333333333333,0.0,0.0
68,35-39,old_vaccine,0.0,0.0,0.0,0.0
68,35-39,new_vaccine,0.0,0.0,0.0,0.0
68,40-44,unvaccinated,48.333333333333336,392.0,0.6666666666666666,0.0
68,40-44,old_vaccine,0.0,0.0,0.0,0.0
68,40-44,new_vaccine,0.0,0.0,0.0,0.0
68,45-49,unvaccinated,61.666666666666664,387.3333333333333,0.3333333333333333,0.0
68,45-49,old_vaccine,0.0,0.0,0.0,0.0
68,45-49,new_vaccine,0.0,0.0,0.0,0.0
68,50-54,unvaccinated,102.0,414.3333333333333,3.0,0.3333333333333333
68,50-54,old_vaccine,0.0,0.0,0.0,0.0
68,50-54,new_vaccine,0.0,0.0,0.0,0.0
68,55-59,unvaccinated,127.66666666666667,361.0,2.0,0.0
68,55-59,old_vaccine,0.0,0.0,0.0,0.0
68,55-59,new_vaccine,0.0,0.0,0.0,0.0
68,60-64,unvaccinated,127.33333333333333,309.6666666666667,1.0,0.0
68,60-64,old_vaccine,0.0,0.0,0.0,0.0
68,60-64,new_vaccine,0.0,0.0,0.0,0.0
68,65-69,unvaccinated,187.0,164.0,4.0,1.3333333333333333
68,65-69,old_vaccine,0.0,0.0,0.0,0.0
68,65-69,new_vaccine,0.0,0.0,0.0,0.0
68,70-74,unvaccinated,201.33333333333334,122.0,5.0,0.3333333333333333
68,70-74,old_vaccine,0.0,0.0,0.0,0.0
68,70-74,new_vaccine,0.0,0.0,0.0,0.0
68,75+,unvaccinated,340.0,170.33333333333334,6.333333333333333,3.0
68,75+,old_vaccine,0.0,0.0,0.0,0.0
68,75+,new_vaccine,0.0,0.0,0.0,0.0
69,0-4,unvaccinated,29.0,337.6666666666667,0.0,0.0
69,0-4,old_vaccine,0.0,0.0,0.0,0.0
69,0-4,new_vaccine,0.0,0.0,0.0,0.0
69,5-9,unvaccinated,3.0,401.0,0.0,0.0
69,5-9,old_vaccine,0.0,0.0,0.0,0.0
69,5-9,new_vaccine,0.0,0.0,0.0,0.0
69,10-14,unvaccinated,7.333333333333333,395.6666666666667,0.0,0.0
69,10-14,old_vaccine,0.0,0.0,0.0,0.0
69,10-14,new_vaccine,0.0,0.0,0.0,0.0
69,15-19,unvaccinated,14.666666666666666,390.0,0.0,0.0
69,15-19,old_vaccine,0.0,0.0,0.0,0.0
69,15-19,new_vaccine,0.0,0.0,0.0,0.0
69,20-24,unvaccinated,30.333333333333332,416.0,0.6666666666666666,0.0
69,20-24,old_vaccine,0.0,0.0,0.0,0.0
69,20-24,new_vaccine,0.0,0.0,0.0,0.0
69,25-29,unvaccinated,50.333333333333336,432.3333333333333,0.3333333333333333,0.0
69,25-29,old_vaccine,0.0,0.0,0.0,0.0
69,25-29,new_vaccine,0.0,0.0,0.0,0.0
69,30-34,unvaccinated,59.0,441.6666666666667,0.0,0.0
69,30-34,old_vaccine,0.0,0.0,0.0,0.0
69,30-34,new_vaccine,0.0,0.0,0.0,0.0
69,35-39,unvaccinated,45.333333333333336,437.6666666666667,0.0,0.0
69,35-39,old_vaccine,0.0,0.0,0.0,0.0
69,35-39,new_vaccine,0.0,0.0,0.0,0.0
69,40-44,unvaccinated,42.666666666666664,428.0,0.6666666666666666,0.0
69,40-44,old_vaccine,0.0,0.0,0.0,0.0
69,40-44,new_vaccine,0.0,0.0,0.0,0.0
69,45-49,unvaccinated,58.333333333333336,381.3333333333333,0.6666666666666666,0.0
69,45-49,old_vaccine,0.0,0.0,0.0,0.0
69,45-49,new_vaccine,0.0,0.0,0.0,0.0
69,50-54,unvaccinated,91.66666666666667,388.0,1.6666666666666667,0.0
69,50-54,old_vaccine,0.0,0.0,0.0,0.0
69,50-54,new_vaccine,0.0,0.0,0.0,0.0
69,55-59,unvaccinated,124.66666666666667,379.3333333333333,0.6666666666666666,0.3333333333333333
69,55-59,old_vaccine,0.0,0.0,0.0,0.0
69,55-59,new_vaccine,0.0,0.0,0.0,0.0
69,60-64,unvaccinated,122.66666666666667,312.3333333333333,1.3333333333333333,0.3333333333333333
69,60-64,old_vaccine,0.0,0.0,0.0,0.0
69,60-64,new_vaccine,0.0,0.0,0.0,0.0
69,65-69,unvaccinated,191.33333333333334,159.0,2.6666666666666665,0.0
69,65-69,old_vaccine,0.0,0.0,0.0,0.0
69,65-69,new_vaccine,0.0,0.0,0.0,0.0
69,70-74,unvaccinated,203.66666666666666,119.0,3.3333333333333335,1.3333333333333333
69,70-74,old_vaccine,0.0,0.0,0.0,0.0
69,70-74,new_vaccine,0.0,0.0,0.0,0.0
69,75+,unvaccinated,319.3333333333333,161.0,3.3333333333333335,3.6666666666666665
69,75+,old_vaccine,0.0,0.0,0.0,0.0
69,75+,new_vaccine,0.0,0.0,0.0,0.0
70,0-4,unvaccinated,32.0,356.0,0.0,0.0
70,0-4,old_vaccine,0.0,0.0,0.0,0.0
70,0-4,new_vaccine,0.0,0.0,0.0,0.0
70,5-9,unvaccinated,4.333333333333333,421.0,0.0,0.0
70,5-9,old_vaccine,0.0,0.0,0.0,0.0
70,5-9,new_vaccine,0.0,0.0,0.0,0.0
70,10-14,unvaccinated,6.333333333333333,427.0,0.3333333333333333,0.0
70,10-14,old_vaccine,0.0,0.0,0.0,0.0
70,10-14,new_vaccine,0.0,0.0,0.0,0.0
70,15-19,unvaccinated,10.333333333333334,423.6666666666667,0.0,0.0
70,15-19,old_vaccine,0.0,0.0,0.0,0.0
70,15-19,new_vaccine,0.0,0.0,0.0,0.0
70,20-24,unvaccinated,31.666666666666668,425.3333333333333,0.3333333333333333,0.0
70,20-24,old_vaccine,0.0,0.0,0.0,0.0
70,20-24,new_vaccine,0.0,0.0,0.0,0.0
70,25-29,unvaccinated,48.0,410.6666666666667,0.0,0.0
70,25-29,old_vaccine,0.0,0.0,0.0,0.0
70,25-29,new_vaccine,0.0,0.0,0.0,0.0
70,30-34,unvaccinated,52.0,424.3333333333333,0.0,0.0
70,30-34,old_vaccine,0.0,0.0,0.0,0.0
70,30-34,new_vaccine,0.0,0.0,0.0,0.0
70,35-39,unvaccinated,44.0,430.0,0.0,0.0
70,35-39,old_vaccine,0.0,0.0,0.0,0.0
70,35-39,new_vaccine,0.0,0.0,0.0,0.0
70,40-44,unvaccinated,39.666666666666664,412.0,0.3333333333333333,0.0
70,40-44,old_vaccine,0.0,0.0,0.0,0.0
70,40-44,new_vaccine,0.0,0.0,0.0,0.0
70,45-49,unvaccinated,58.0,394.6666666666667,1.0,0.3333333333333333
70,45-49,old_vaccine,0.0,0.0,0.0,0.0
70,45-49,new_vaccine,0.0,0.0,0.0,0.0
70,50-54,unvaccinated,95.0,401.0,1.3333333333333333,0.3333333333333333
70,50-54,old_vaccine,0.0,0.0,0.0,0.0
70,50-54,new_vaccine,0.0,0.0,0.0,0.0
70,55-59,unvaccinated,123.33333333333333,360.0,0.6666666666666666,0.0
70,55-59,old_vaccine,0.0,0.0,0.0,0.0
70,55-59,new_vaccine,0.0,0.0,0.0,0.0
70,60-64,unvaccinated,106.33333333333333,296.3333333333333,2.0,0.6666666666666666
70,60-64,old_vaccine,0.0,0.0,0.0,0.0
70,60-64,new_vaccine,0.0,0.0,0.0,0.0
70,65-69,unvaccinated,217.66666666666666,156.66666666666666,2.6666666666666665,0.6666666666666666
70,65-69,old_vaccine,0.0,0.0,0.0,0.0
70,65-69,new_vaccine,0.0,0.0,0.0,0.0
70,70-74,unvaccinated,205.33333333333334,137.0,3.0,0.6666666666666666
70,70-74,old_vaccine,0.0,0.0,0.0,0.0
70,70-74,new_vaccine,0.0,0.0,0.0,0.0
70,75+,unvaccinated,315.6666666666667,162.0,5.333333333333333,3.3333333333333335
70,75+,old_vaccine,0.0,0.0,0.0,0.0
70,75+,new_vaccine,0.0,0.0,0.0,0.0
71,0-4,unvaccinated,19.333333333333332,360.6666666666667,0.3333333333333333,0.0
71,0-4,old_vaccine,0.0,0.0,0.0,0.0
71,0-4,new_vaccine,0.0,0.0,0.0,0.0
71,5-9,unvaccinated,5.666666666666667,433.0,0.0,0.0
71,5-9,old_vaccine,0.0,0.0,0.0,0.0
71,5-9,new_vaccine,0.0,0.0,0.0,0.0
71,10-14,unvaccinated,10.333333333333334,423.3333333333333,0.0,0.0
71,10-14,old_vaccine,0.0,0.0,0.0,0.0
71,10-14,new_vaccine,0.0,0.0,0.0,0.0
71,15-19,unvaccinated,13.0,410.0,0.3333333333333333,0.0
71,15-19,old_vaccine,0.0,0.0,0.0,0.0
71,15-19,new_vaccine,0.0,0.0,0.0,0.0
71,20-24,unvaccinated,34.0,391.0,0.0,0.0
71,20-24,old_vaccine,0.0,0.0,0.0,0.0
71,20-24,new_vaccine,0.0,0.0,0.0,0.0
71,25-29,unvaccinated,40.0,430.3333333333333,0.0,0.0
71,25-29,old_vaccine,0.0,0.0,0.0,0.0
71,25-29,new_vaccine,0.0,0.0,0.0,0.0
71,30-34,unvaccinated,40.666666666666664,417.3333333333333,0.0,0.0
71,30-34,old_vaccine,0.0,0.0,0.0,0.0
71,30-34,new_vaccine,0.0,0.0,0.0,0.0
71,35-39,unvaccinated,46.0,412.0,0.6666666666666666,0.0
71,35-39,old_vaccine,0.0,0.0,0.0,0.0
71,35-39,new_vaccine,0.0,0.0,0.0,0.0
71,40-44,unvaccinated,39.666666666666664,396.6666666666667,0.6666666666666666,0.0
71,40-44,old_vaccine,0.0,0.0,0.0,0.0
71,40-44,new_vaccine,0.0,0.0,0.0,0.0
71,45-49,unvaccinated,45.0,376.6666666666667,0.6666666666666666,0.0
71,45-49,old_vaccine,0.0,0.0,0.0,0.0
71,45-49,new_vaccine,0.0,0.0,0.0,0.0
71,50-54,unvaccinated,96.66666666666667,386.3333333333333,0.3333333333333333,0.3333333333333333
71,50-54,old_vaccine,0.0,0.0,0.0,0.0
71,50-54,new_vaccine,0.0,0.0,0.0,0.0
71,55-59,unvaccinated,124.66666666666667,350.3333333333333,1.6666666666666667,0.0
71,55-59,old_vaccine,0.0,0.0,0.0,0.0
71,55-59,new_vaccine,0.0,0.0,0.0,0.0
71,60-64,unvaccinated,108.66666666666667,274.6666666666667,1.6666666666666667,0.0
71,60-64,old_vaccine,0.0,0.0,0.0,0.0
71,60-64,new_vaccine,0.0,0.0,0.0,0.0
71,65-69,unvaccinated,197.0,169.33333333333334,1.0,0.3333333333333333
71,65-69,old_vaccine,0.0,0.0,0.0,0.0
71,65-69,new_vaccine,0.0,0.0,0.0,0.0
71,70-74,unvaccinated,212.66666666666666,122.33333333333333,4.0,0.3333333333333333
71,70-74,old_vaccine,0.0,0.0,0.0,0.0
71,70-74,new_vaccine,0.0,0.0,0.0,0.0
71,75+,unvaccinated,338.6666666666667,149.66666666666666,4.666666666666667,1.6666666666666667
71,75+,old_vaccine,0.0,0.0,0.0,0.0
71,75+,new_vaccine,0.0,0.0,0.0,0.0
72,0-4,unvaccinated,24.333333333333332,384.3333333333333,0.0,0.0
72,0-4,old_vaccine,0.0,0.0,0.0,0.0
72,0-4,new_vaccine,0.0,0.0,0.0,0.0
72,5-9,unvaccinated,5.666666666666667,450.0,0.0,0.0
72,5-9,old_vaccine,0.0,0.0,0.0,0.0
72,5-9,new_vaccine,0.0,0.0,0.0,0.0
72,10-14,unvaccinated,9.0,433.3333333333333,0.0,0.0
72,10-14,old_vaccine,0.0,0.0,0.0,0.0
72,10-14,new_vaccine,0.0,0.0,0.0,0.0
72,15-19,unvaccinated,10.0,370.3333333333333,0.0,0.0
72,15-19,old_vaccine,0.0,0.0,0.0,0.0
72,15-19,new_vaccine,0.0,0.0,0.0,0.0
72,20-24,unvaccinated,31.0,381.0,0.0,0.0
72,20-24,old_vaccine,0.0,0.0,0.0,0.0
72,20-24,new_vaccine,0.0,0.0,0.0,0.0
72,25-29,unvaccinated,53.666666666666664,409.0,0.3333333333333333,0.0
72,25-29,old_vaccine,0.0,0.0,0.0,0.0
72,25-29,new_vaccine,0.0,0.0,0.0,0.0
72,30-34,unvaccinated,48.333333333333336,414.3333333333333,0.3333333333333333,0.0
72,30-34,old_vaccine,0.0,0.0,0.0,0.0
72,30-34,new_vaccine,0.0,0.0,0.0,0.0
72,35-39,unvaccinated,40.666666666666664,406.0,0.3333333333333333,0.0
72,35-39,old_vaccine,0.0,0.0,0.0,0.0
72,35-39,new_vaccine,0.0,0.0,0.0,0.0
72,40-44,unvaccinated,43.0,391.0,0.0,0.0
72,40-44,old_vaccine,0.0,0.0,0.0,0.0
72,40-44,new_vaccine,0.0,0.0,0.0,0.0
72,45-49,unvaccinated,51.0,375.3333333333333,0.6666666666666666,0.0
72,45-49,old_vaccine,0.0,0.0,0.0,0.0
72,45-49,new_vaccine,0.0,0.0,0.0,0.0
72,50-54,unvaccinated,89.66666666666667,371.3333333333333,1.0,0.0
72,50-54,old_vaccine,0.0,0.0,0.0,0.0
72,50-54,new_vaccine,0.0,0.0,0.0,0.0
72,55-59,unvaccinated,124.33333333333333,324.3333333333333,2.0,0.0
72,55-59,old_vaccine,0.0,0.0,0.0,0.0
72,55-59,new_vaccine,0.0,0.0,0.0,0.0
72,60-64,unvaccinated,113.66666666666667,279.3333333333333,1.0,0.3333333333333333
72,60-64,old_vaccine,0.0,0.0,0.0,0.0
72,60-64,new_vaccine,0.0,0.0,0.0,0.0
72,65-69,unvaccinated,174.0,163.66666666666666,5.0,0.3333333333333333
72,65-69,old_vaccine,0.0,0.0,0.0,0.0
72,65-69,new_vaccine,0.0,0.0,0.0,0.0
72,70-74,unvaccinated,207.0,124.33333333333333,6.0,0.6666666666666666
72,70-74,old_vaccine,0.0,0.0,0.0,0.0
72,70-74,new_vaccine,0.0,0.0,0.0,0.0
72,75+,unvaccinated,350.3333333333333,154.33333333333334,7.666666666666667,4.333333333333333
72,75+,old_vaccine,0.0,0.0,0.0,0.0
72,75+,new_vaccine,0.0,0.0,0.0,0.0
73,0-4,unvaccinated,30.333333333333332,371.0,0.0,0.0
73,0-4,old_vaccine,0.0,0.0,0.0,0.0
73,0-4,new_vaccine,0.0,0.0,0.0,0.0
73,5-9,unvaccinated,6.0,422.3333333333333,0.0,0.0
73,5-9,old_vaccine,0.0,0.0,0.0,0.0
73,5-9,new_vaccine,0.0,0.0,0.0,0.0
73,10-14,unvaccinated,9.333333333333334,388.6666666666667,0.0,0.0
73,10-14,old_vaccine,0.0,0.0,0.0,0.0
73,10-14,new_vaccine,0.0,0.0,0.0,0.0
73,15-19,unvaccinated,9.333333333333334,371.6666666666667,0.0,0.0
73,15-19,old_vaccine,0.0,0.0,0.0,0.0
73,15-19,new_vaccine,0.0,0.0,0.0,0.0
73,20-24,unvaccinated,23.666666666666668,370.6666666666667,0.3333333333333333,0.0
73,20-24,old_vaccine,0.0,0.0,0.0,0.0
73,20-24,new_vaccine,0.0,0.0,0.0,0.0
73,25-29,unvaccinated,36.333333333333336,406.0,0.0,0.0
73,25-29,old_vaccine,0.0,0.0,0.0,0.0
73,25-29,new_vaccine,0.0,0.0,0.0,0.0
73,30-34,unvaccinated,49.333333333333336,415.3333333333333,0.3333333333333333,0.0
73,30-34,old_vaccine,0.0,0.0,0.0,0.0
73,30-34,new_vaccine,0.0,0.0,0.0,0.0
73,35-39,unvaccinated,41.0,410.0,0.6666666666666666,0.0
73,35-39,old_vaccine,0.0,0.0,0.0,0.0
73,35-39,new_vaccine,0.0,0.0,0.0,0.0
73,40-44,unvaccinated,43.0,396.6666666666667,0.6666666666666666,0.0
73,40-44,old_vaccine,0.0,0.0,0.0,0.0
73,40-44,new_vaccine,0.0,0.0,0.0,0.0
73,45-49,unvaccinated,47.333333333333336,375.3333333333333,0.6666666666666666,0.0
73,45-49,old_vaccine,0.0,0.0,0.0,0.0
73,45-49,new_vaccine,0.0,0.0,0.0,0.0
73,50-54,unvaccinated,90.0,372.0,1.6666666666666667,0.0
73,50-54,old_vaccine,0.0,0.0,0.0,0.0
73,50-54,new_vaccine,0.0,0.0,0.0,0.0
73,55-59,unvaccinated,117.33333333333333,338.0,1.0,0.0
73,55-59,old_vaccine,0.0,0.0,0.0,0.0
73,55-59,new_vaccine,0.0,0.0,0.0,0.0
73,60-64,unvaccinated,104.33333333333333,276.6666666666667,2.0,0.3333333333333333
73,60-64,old_vaccine,0.0,0.0,0.0,0.0
73,60-64,new_vaccine,0.0,0.0,0.0,0.0
73,65-69,unvaccinated,182.33333333333334,158.33333333333334,4.333333333333333,0.3333333333333333
73,65-69,old_vaccine,0.0,0.0,0.0,0.0
73,65-69,new_vaccine,0.0,0.0,0.0,0.0
73,70-74,unvaccinated,224.0,121.33333333333333,2.6666666666666665,0.3333333333333333
73,70-74,old_vaccine,0.0,0.0,0.0,0.0
73,70-74,new_vaccine,0.0,0.0,0.0,0.0
73,75+,unvaccinated,328.0,166.66666666666666,4.0,1.0
73,75+,old_vaccine,0.0,0.0,0.0,0.0
73,75+,new_vaccine,0.0,0.0,0.0,0.0
74,0-4,unvaccinated,22.333333333333332,366.6666666666667,0.0,0.0
74,0-4,old_vaccine,0.0,0.0,0.0,0.0
74,0-4,new_vaccine,0.0,0.0,0.0,0.0
74,5-9,unvaccinated,5.333333333333333,425.6666666666667,0.0,0.0
74,5-9,old_vaccine,0.0,0.0,0.0,0.0
74,5-9,new_vaccine,0.0,0.0,0.0,0.0
74,10-14,unvaccinated,7.0,415.6666666666667,0.0,0.0
74,10-14,old_vaccine,0.0,0.0,0.0,0.0
74,10-14,new_vaccine,0.0,0.0,0.0,0.0
74,15-19,unvaccinated,8.666666666666666,345.0,0.0,0.0
74,15-19,old_vaccine,0.0,0.0,0.0,0.0
74,15-19,new_vaccine,0.0,0.0,0.0,0.0
74,20-24,unvaccinated,25.666666666666668,383.0,0.3333333333333333,0.0
74,20-24,old_vaccine,0.0,0.0,0.0,0.0
74,20-24,new_vaccine,0.0,0.0,0.0,0.0
74,25-29,unvaccinated,48.333333333333336,417.6666666666667,0.0,0.0
74,25-29,old_vaccine,0.0,0.0,0.0,0.0
74,25-29,new_vaccine,0.0,0.0,0.0,0.0
74,30-34,unvaccinated,43.0,412.3333333333333,0.0,0.0
74,30-34,old_vaccine,0.0,0.0,0.0,0.0
74,30-34,new_vaccine,0.0,0.0,0.0,0.0
74,35-39,unvaccinated,49.0,411.3333333333333,0.3333333333333333,0.0
74,35-39,old_vaccine,0.0,0.0,0.0,0.0
74,35-39,new_vaccine,0.0,0.0,0.0,0.0
74,40-44,unvaccinated,47.0,411.3333333333333,0.0,0.0
74,40-44,old_vaccine,0.0,0.0,0.0,0.0
74,40-44,new_vaccine,0.0,0.0,0.0,0.0
74,45-49,unvaccinated,54.333333333333336,384.6666666666667,0.0,0.0
74,45-49,old_vaccine,0.0,0.0,0.0,0.0
74,45-49,new_vaccine,0.0,0.0,0.0,0.0
74,50-54,unvaccinated,82.33333333333333,375.0,1.3333333333333333,0.0
74,50-54,old_vaccine,0.0,0.0,0.0,0.0
74,50-54,new_vaccine,0.0,0.0,0.0,0.0
74,55-59,unvaccinated,109.0,333.0,0.3333333333333333,0.3333333333333333
74,55-59,old_vaccine,0.0,0.0,0.0,0.0
74,55-59,new_vaccine,0.0,0.0,0.0,0.0
74,60-64,unvaccinated,114.33333333333333,262.0,1.6666666666666667,0.0
74,60-64,old_vaccine,0.0,0.0,0.0,0.0
74,60-64,new_vaccine,0.0,0.0,0.0,0.0
74,65-69,unvaccinated,184.33333333333334,163.0,5.666666666666667,1.3333333333333333
74,65-69,old_vaccine,0.0,0.0,0.0,0.0
74,65-69,new_vaccine,0.0,0.0,0.0,0.0
74,70-74,unvaccinated,206.0,124.0,2.0,0.6666666666666666
74,70-74,old_vaccine,0.0,0.0,0.0,0.0
74,70-74,new_vaccine,0.0,0.0,0.0,0.0
74,75+,unvaccinated,351.3333333333333,166.0,7.0,1.6666666666666667
74,75+,old_vaccine,0.0,0.0,0.0,0.0
74,75+,new_vaccine,0.0,0.0,0.0,0.0
75,0-4,unvaccinated,27.0,380.0,0.0,0.0
75,0-4,old_vaccine,0.0,0.0,0.0,0.0
75,0-4,new_vaccine,0.0,0.0,0.0,0.0
75,5-9,unvaccinated,6.333333333333333,408.3333333333333,0.0,0.0
75,5-9,old_vaccine,0.0,0.0,0.0,0.0
75,5-9,new_vaccine,0.0,0.0,0.0,0.0
75,10-14,unvaccinated,8.666666666666666,373.6666666666667,0.0,0.0
75,10-14,old_vaccine,0.0,0.0,0.0,0.0
75,10-14,new_vaccine,0.0,0.0,0.0,0.0
75,15-19,unvaccinated,11.0,347.0,0.3333333333333333,0.0
75,15-19,old_vaccine,0.0,0.0,0.0,0.0
75,15-19,new_vaccine,0.0,0.0,0.0,0.0
75,20-24,unvaccinated,26.666666666666668,366.0,0.0,0.0
75,20-24,old_vaccine,0.0,0.0,0.0,0.0
75,20-24,new_vaccine,0.0,0.0,0.0,0.0
75,25-29,unvaccinated,44.666666666666664,412.3333333333333,0.3333333333333333,0.0
75,25-29,old_vaccine,0.0,0.0,0.0,0.0
75,25-29,new_vaccine,0.0,0.0,0.0,0.0
75,30-34,unvaccinated,48.666666666666664,424.3333333333333,0.0,0.0
75,30-34,old_vaccine,0.0,0.0,0.0,0.0
75,30-34,new_vaccine,0.0,0.0,0.0,0.0
75,35-39,unvaccinated,40.666666666666664,408.3333333333333,0.0,0.0
75,35-39,old_vaccine,0.0,0.0,0.0,0.0
75,35-39,new_vaccine,0.0,0.0,0.0,0.0
75,40-44,unvaccinated,48.666666666666664,412.3333333333333,0.6666666666666666,0.0
75,40-44,old_vaccine,0.0,0.0,0.0,0.0
75,40-44,new_vaccine,0.0,0.0,0.0,0.0
75,45-49,unvaccinated,51.333333333333336,387.0,1.3333333333333333,0.0
75,45-49,old_vaccine,0.0,0.0,0.0,0.0
75,45-49,new_vaccine,0.0,0.0,0.0,0.0
75,50-54,unvaccinated,91.0,368.3333333333333,0.3333333333333333,0.0
75,50-54,old_vaccine,0.0,0.0,0.0,0.0
75,50-54,new_vaccine,0.0,0.0,0.0,0.0
75,55-59,unvaccinated,125.0,337.0,1.0,0.0
75,55-59,old_vaccine,0.0,0.0,0.0,0.0
75,55-59,new_vaccine,0.0,0.0,0.0,0.0
75,60-64,unvaccinated,108.33333333333333,266.6666666666667,1.3333333333333333,0.6666666666666666
75,60-64,old_vaccine,0.0,0.0,0.0,0.0
75,60-64,new_vaccine,0.0,0.0,0.0,0.0
75,65-69,unvaccinated,183.33333333333334,157.66666666666666,1.3333333333333333,0.0
75,65-69,old_vaccine,0.0,0.0,0.0,0.0
75,65-69,new_vaccine,0.0,0.0,0.0,0.0
75,70-74,unvaccinated,216.33333333333334,122.66666666666667,3.3333333333333335,0.3333333333333333
75,70-74,old_vaccine,0.0,0.0,0.0,0.0
75,70-74,new_vaccine,0.0,0.0,0.0,0.0
75,75+,unvaccinated,349.6666666666667,167.66666666666666,6.666666666666667,1.3333333333333333
75,75+,old_vaccine,0.0,0.0,0.0,0.0
75,75+,new_vaccine,0.0,0.0,0.0,0.0
76,0-4,unvaccinated,25.0,361.0,0.0,0.0
76,0-4,old_vaccine,0.0,0.0,0.0,0.0
76,0-4,new_vaccine,0.0,0.0,0.0,0.0
76,5-9,unvaccinated,3.6666666666666665,416.0,0.0,0.0
76,5-9,old_vaccine,0.0,0.0,0.0,0.0
76,5-9,new_vaccine,0.0,0.0,0.0,0.0
76,10-14,unvaccinated,11.0,378.0,0.0,0.0
76,10-14,old_vaccine,0.0,0.0,0.0,0.0
76,10-14,new_vaccine,0.0,0.0,0.0,0.0
76,15-19,unvaccinated,10.0,347.3333333333333,0.0,0.0
76,15-19,old_vaccine,0.0,0.0,0.0,0.0
76,15-19,new_vaccine,0.0,0.0,0.0,0.0
76,20-24,unvaccinated,22.0,366.0,0.0,0.0
76,20-24,old_vaccine,0.0,0.0,0.0,0.0
76,20-24,new_vaccine,0.0,0.0,0.0,0.0
76,25-29,unvaccinated,44.0,402.3333333333333,0.0,0.0
76,25-29,old_vaccine,0.0,0.0,0.0,0.0
76,25-29,new_vaccine,0.0,0.0,0.0,0.0
76,30-34,unvaccinated,50.333333333333336,410.0,0.0,0.0
76,30-34,old_vaccine,0.0,0.0,0.0,0.0
76,30-34,new_vaccine,0.0,0.0,0.0,0.0
76,35-39,unvaccinated,44.0,435.3333333333333,0.3333333333333333,0.0
76,35-39,old_vaccine,0.0,0.0,0.0,0.0
76,35-39,new_vaccine,0.0,0.0,0.0,0.0
76,40-44,unvaccinated,47.333333333333336,417.6666666666667,0.3333333333333333,0.0
76,40-44,old_vaccine,0.0,0.0,0.0,0.0
76,40-44,new_vaccine,0.0,0.0,0.0,0.0
76,45-49,unvaccinated,50.666666666666664,379.6666666666667,0.6666666666666666,0.0
76,45-49,old_vaccine,0.0,0.0,0.0,0.0
76,45-49,new_vaccine,0.0,0.0,0.0,0.0
76,50-54,unvaccinated,93.66666666666667,365.3333333333333,0.3333333333333333,0.0
76,50-54,old_vaccine,0.0,0.0,0.0,0.0
76,50-54,new_vaccine,0.0,0.0,0.0,0.0
76,55-59,unvaccinated,124.0,322.0,1.0,0.0
76,55-59,old_vaccine,0.0,0.0,0.0,0.0
76,55-59,new_vaccine,0.0,0.0,0.0,0.0
76,60-64,unvaccinated,120.0,271.6666666666667,2.3333333333333335,0.6666666666666666
76,60-64,old_vaccine,0.0,0.0,0.0,0.0
76,60-64,new_vaccine,0.0,0.0,0.0,0.0
76,65-69,unvaccinated,181.0,149.0,2.6666666666666665,0.3333333333333333
76,65-69,old_vaccine,0.0,0.0,0.0,0.0
76,65-69,new_vaccine,0.0,0.0,0.0,0.0
76,70-74,unvaccinated,205.33333333333334,126.0,4.0,1.0
76,70-74,old_vaccine,0.0,0.0,0.0,0.0
76,70-74,new_vaccine,0.0,0.0,0.0,0.0
76,75+,unvaccinated,355.3333333333333,165.0,5.333333333333333,3.3333333333333335
76,75+,old_vaccine,0.0,0.0,0.0,0.0
76,75+,new_vaccine,0.0,0.0,0.0,0.0
77,0-4,unvaccinated,24.333333333333332,354.6666666666667,0.6666666666666666,0.0
77,0-4,old_vaccine,0.0,0.0,0.0,0.0
77,0-4,new_vaccine,0.0,0.0,0.0,0.0
77,5-9,unvaccinated,6.666666666666667,407.3333333333333,0.3333333333333333,0.0
77,5-9,old_vaccine,0.0,0.0,0.0,0.0
77,5-9,new_vaccine,0.0,0.0,0.0,0.0
77,10-14,unvaccinated,6.333333333333333,362.0,0.0,0.0
77,10-14,old_vaccine,0.0,0.0,0.0,0.0
77,10-14,new_vaccine,0.0,0.0,0.0,0.0
77,15-19,unvaccinated,8.0,346.6666666666667,0.0,0.0
77,15-19,old_vaccine,0.0,0.0,0.0,0.0
77,15-19,new_vaccine,0.0,0.0,0.0,0.0
77,20-24,unvaccinated,24.0,372.6666666666667,0.0,0.0
77,20-24,old_vaccine,0.0,0.0,0.0,0.0
77,20-24,new_vaccine,0.0,0.0,0.0,0.0
77,25-29,unvaccinated,45.0,429.6666666666667,0.3333333333333333,0.0
77,25-29,old_vaccine,0.0,0.0,0.0,0.0
77,25-29,new_vaccine,0.0,0.0,0.0,0.0
77,30-34,unvaccinated,47.333333333333336,438.6666666666667,0.3333333333333333,0.0
77,30-34,old_vaccine,0.0,0.0,0.0,0.0
77,30-34,new_vaccine,0.0,0.0,0.0,0.0
77,35-39,unvaccinated,45.0,424.3333333333333,0.6666666666666666,0.0
77,35-39,old_vaccine,0.0,0.0,0.0,0.0
77,35-39,new_vaccine,0.0,0.0,0.0,0.0
77,40-44,unvaccinated,48.0,417.6666666666667,0.0,0.0
77,40-44,old_vaccine,0.0,0.0,0.0,0.0
77,40-44,new_vaccine,0.0,0.0,0.0,0.0
77,45-49,unvaccinated,55.0,408.0,0.0,0.0
77,45-49,old_vaccine,0.0,0.0,0.0,0.0
77,45-49,new_vaccine,0.0,0.0,0.0,0.0
77,50-54,unvaccinated,90.0,367.0,1.6666666666666667,0.0
77,50-54,old_vaccine,0.0,0.0,0.0,0.0
77,50-54,new_vaccine,0.0,0.0,0.0,0.0
77,55-59,unvaccinated,106.33333333333333,344.3333333333333,1.3333333333333333,0.3333333333333333
77,55-59,old_vaccine,0.0,0.0,0.0,0.0
77,55-59,new_vaccine,0.0,0.0,0.0,0.0
77,60-64,unvaccinated,116.0,275.3333333333333,2.0,0.3333333333333333
77,60-64,old_vaccine,0.0,0.0,0.0,0.0
77,60-64,new_vaccine,0.0,0.0,0.0,0.0
77,65-69,unvaccinated,188.66666666666666,141.33333333333334,1.3333333333333333,0.6666666666666666
77,65-69,old_vaccine,0.0,0.0,0.0,0.0
77,65-69,new_vaccine,0.0,0.0,0.0,0.0
77,70-74,unvaccinated,198.0,110.33333333333333,4.0,0.3333333333333333
77,70-74,old_vaccine,0.0,0.0,0.0,0.0
77,70-74,new_vaccine,0.0,0.0,0.0,0.0
77,75+,unvaccinated,352.3333333333333,172.66666666666666,7.666666666666667,3.3333333333333335
77,75+,old_vaccine,0.0,0.0,0.0,0.0
77,75+,new_vaccine,0.0,0.0,0.0,0.0
78,0-4,unvaccinated,25.0,334.0,0.3333333333333333,0.0
78,0-4,old_vaccine,0.0,0.0,0.0,0.0
78,0-4,new_vaccine,0.0,0.0,0.0,0.0
78,5-9,unvaccinated,5.333333333333333,388.0,0.0,0.0
78,5-9,old_vaccine,0.0,0.0,0.0,0.0
78,5-9,new_vaccine,0.0,0.0,0.0,0.0
78,10-14,unvaccinated,9.333333333333334,372.6666666666667,0.0,0.0
78,10-14,old_vaccine,0.0,0.0,0.0,0.0
78,10-14,new_vaccine,0.0,0.0,0.0,0.0
78,15-19,unvaccinated,10.333333333333334,328.6666666666667,0.3333333333333333,0.0
78,15-19,old_vaccine,0.0,0.0,0.0,0.0
78,15-19,new_vaccine,0.0,0.0,0.0,0.0
78,20-24,unvaccinated,32.333333333333336,391.6666666666667,0.0,0.0
78,20-24,old_vaccine,0.0,0.0,0.0,0.0
78,20-24,new_vaccine,0.0,0.0,0.0,0.0
78,25-29,unvaccinated,43.0,425.6666666666667,0.3333333333333333,0.0
78,25-29,old_vaccine,0.0,0.0,0.0,0.0
78,25-29,new_vaccine,0.0,0.0,0.0,0.0
78,30-34,unvaccinated,55.666666666666664,440.0,0.3333333333333333,0.0
78,30-34,old_vaccine,0.0,0.0,0.0,0.0
78,30-34,new_vaccine,0.0,0.0,0.0,0.0
78,35-39,unvaccinated,43.333333333333336,452.0,0.0,0.0
78,35-39,old_vaccine,0.0,0.0,0.0,0.0
78,35-39,new_vaccine,0.0,0.0,0.0,0.0
78,40-44,unvaccinated,47.666666666666664,427.6666666666667,0.6666666666666666,0.0
78,40-44,old_vaccine,0.0,0.0,0.0,0.0
78,40-44,new_vaccine,0.0,0.0,0.0,0.0
78,45-49,unvaccinated,58.666666666666664,403.6666666666667,0.0,0.0
78,45-49,old_vaccine,0.0,0.0,0.0,0.0
78,45-49,new_vaccine,0.0,0.0,0.0,0.0
78,50-54,unvaccinated,100.66666666666667,407.3333333333333,2.0,0.0
78,50-54,old_vaccine,0.0,0.0,0.0,0.0
78,50-54,new_vaccine,0.0,0.0,0.0,0.0
78,55-59,unvaccinated,107.0,337.0,2.0,0.0
78,55-59,old_vaccine,0.0,0.0,0.0,0.0
78,55-59,new_vaccine,0.0,0.0,0.0,0.0
78,60-64,unvaccinated,116.66666666666667,288.6666666666667,1.3333333333333333,0.0
78,60-64,old_vaccine,0.0,0.0,0.0,0.0
78,60-64,new_vaccine,0.0,0.0,0.0,0.0
78,65-69,unvaccinated,172.0,149.66666666666666,1.3333333333333333,0.3333333333333333
78,65-69,old_vaccine,0.0,0.0,0.0,0.0
78,65-69,new_vaccine,0.0,0.0,0.0,0.0
78,70-74,unvaccinated,178.33333333333334,121.66666666666667,4.666666666666667,0.6666666666666666
78,70-74,old_vaccine,0.0,0.0,0.0,0.0
78,70-74,new_vaccine,0.0,0.0,0.0,0.0
78,75+,unvaccinated,377.3333333333333,166.0,9.333333333333334,2.0
78,75+,old_vaccine,0.0,0.0,0.0,0.0
78,75+,new_vaccine,0.0,0.0,0.0,0.0
79,0-4,unvaccinated,25.333333333333332,312.6666666666667,0.0,0.0
79,0-4,old_vaccine,0.0,0.0,0.0,0.0
79,0-4,new_vaccine,0.0,0.0,0.0,0.0
79,5-9,unvaccinated,3.0,410.0,0.0,0.0
79,5-9,old_vaccine,0.0,0.0,0.0,0.0
79,5-9,new_vaccine,0.0,0.0,0.0,0.0
79,10-14,unvaccinated,9.333333333333334,376.3333333333333,0.0,0.0
79,10-14,old_vaccine,0.0,0.0,0.0,0.0
79,10-14,new_vaccine,0.0,0.0,0.0,0.0
79,15-19,unvaccinated,10.333333333333334,352.6666666666667,0.0,0.0
79,15-19,old_vaccine,0.0,0.0,0.0,0.0
79,15-19,new_vaccine,0.0,0.0,0.0,0.0
79,20-24,unvaccinated,27.0,366.6666666666667,0.0,0.0
79,20-24,old_vaccine,0.0,0.0,0.0,0.0
79,20-24,new_vaccine,0.0,0.0,0.0,0.0
79,25-29,unvaccinated,42.333333333333336,447.6666666666667,0.0,0.0
79,25-29,old_vaccine,0.0,0.0,0.0,0.0
79,25-29,new_vaccine,0.0,0.0,0.0,0.0
79,30-34,unvaccinated,49.666666666666664,429.3333333333333,0.3333333333333333,0.0
79,30-34,old_vaccine,0.0,0.0,0.0,0.0
79,30-34,new_vaccine,0.0,0.0,0.0,0.0
79,35-39,unvaccinated,44.666666666666664,455.3333333333333,0.6666666666666666,0.0
79,35-39,old_vaccine,0.0,0.0,0.0,0.0
79,35-39,new_vaccine,0.0,0.0,0.0,0.0
79,40-44,unvaccinated,44.0,406.6666666666667,0.0,0.0
79,40-44,old_vaccine,0.0,0.0,0.0,0.0
79,40-44,new_vaccine,0.0,0.0,0.0,0.0
79,45-49,unvaccinated,57.333333333333336,409.3333333333333,0.3333333333333333,0.0
79,45-49,old_vaccine,0.0,0.0,0.0,0.0
79,45-49,new_vaccine,0.0,0.0,0.0,0.0
79,50-54,unvaccinated,86.33333333333333,409.0,1.3333333333333333,0.0
79,50-54,old_vaccine,0.0,0.0,0.0,0.0
79,50-54,new_vaccine,0.0,0.0,0.0,0.0
79,55-59,unvaccinated,111.0,346.3333333333333,1.3333333333333333,0.0
79,55-59,old_vaccine,0.0,0.0,0.0,0.0
79,55-59,new_vaccine,0.0,0.0,0.0,0.0
79,60-64,unvaccinated,111.66666666666667,269.3333333333333,2.0,0.0
79,60-64,old_vaccine,0.0,0.0,0.0,0.0
79,60-64,new_vaccine,0.0,0.0,0.0,0.0
79,65-69,unvaccinated,173.33333333333334,147.0,2.6666666666666665,0.6666666666666666
79,65-69,old_vaccine,0.0,0.0,0.0,0.0
79,65-69,new_vaccine,0.0,0.0,0.0,0.0
79,70-74,unvaccinated,201.66666666666666,111.0,2.6666666666666665,0.0
79,70-74,old_vaccine,0.0,0.0,0.0,0.0
79,70-74,new_vaccine,0.0,0.0,0.0,0.0
79,75+,unvaccinated,388.6666666666667,163.0,7.666666666666667,3.3333333333333335
79,75+,old_vaccine,0.0,0.0,0.0,0.0
79,75+,new_vaccine,0.0,0.0,0.0,0.0
80,0-4,unvaccinated,18.666666666666668,339.6666666666667,0.3333333333333333,0.0
80,0-4,old_vaccine,0.0,0.0,0.0,0.0
80,0-4,new_vaccine,0.0,0.0,0.0,0.0
80,5-9,unvaccinated,4.666666666666667,377.6666666666667,0.0,0.0
80,5-9,old_vaccine,0.0,0.0,0.0,0.0
80,5-9,new_vaccine,0.0,0.0,0.0,0.0
80,10-14,unvaccinated,7.333333333333333,368.0,0.0,0.0
80,10-14,old_vaccine,0.0,0.0,0.0,0.0
80,10-14,new_vaccine,0.0,0.0,0.0,0.0
80,15-19,unvaccinated,8.333333333333334,368.0,0.0,0.0
80,15-19,old_vaccine,0.0,0.0,0.0,0.0
80,15-19,new_vaccine,0.0,0.0,0.0,0.0
80,20-24,unvaccinated,27.0,379.0,0.3333333333333333,0.0
80,20-24,old_vaccine,0.0,0.0,0.0,0.0
80,20-24,new_vaccine,0.0,0.0,0.0,0.0
80,25-29,unvaccinated,44.333333333333336,438.6666666666667,0.0,0.0
80,25-29,old_vaccine,0.0,0.0,0.0,0.0
80,25-29,new_vaccine,0.0,0.0,0.0,0.0
80,30-34,unvaccinated,52.0,432.6666666666667,0.0,0.0
80,30-34,old_vaccine,0.0,0.0,0.0,0.0
80,30-34,new_vaccine,0.0,0.0,0.0,0.0
80,35-39,unvaccinated,52.666666666666664,448.0,0.3333333333333333,0.0
80,35-39,old_vaccine,0.0,0.0,0.0,0.0
80,35-39,new_vaccine,0.0,0.0,0.0,0.0
80,40-44,unvaccinated,46.333333333333336,426.0,0.3333333333333333,0.0
80,40-44,old_vaccine,0.0,0.0,0.0,0.0
80,40-44,new_vaccine,0.0,0.0,0.0,0.0
80,45-49,unvaccinated,63.666666666666664,401.0,0.6666666666666666,0.0
80,45-49,old_vaccine,0.0,0.0,0.0,0.0
80,45-49,new_vaccine,0.0,0.0,0.0,0.0
80,50-54,unvaccinated,87.66666666666667,396.3333333333333,1.0,0.3333333333333333
80,50-54,old_vaccine,0.0,0.0,0.0,0.0
80,50-54,new_vaccine,0.0,0.0,0.0,0.0
80,55-59,unvaccinated,125.0,363.0,0.6666666666666666,0.0
80,55-59,old_vaccine,0.0,0.0,0.0,0.0
80,55-59,new_vaccine,0.0,0.0,0.0,0.0
80,60-64,unvaccinated,108.66666666666667,306.6666666666667,2.0,0.0
80,60-64,old_vaccine,0.0,0.0,0.0,0.0
80,60-64,new_vaccine,0.0,0.0,0.0,0.0
80,65-69,unvaccinated,178.0,141.66666666666666,3.3333333333333335,0.3333333333333333
80,65-69,old_vaccine,0.0,0.0,0.0,0.0
80,65-69,new_vaccine,0.0,0.0,0.0,0.0
80,70-74,unvaccinated,205.0,100.0,2.6666666666666665,1.0
80,70-74,old_vaccine,0.0,0.0,0.0,0.0
80,70-74,new_vaccine,0.0,0.0,0.0,0.0
80,75+,unvaccinated,358.6666666666667,175.33333333333334,5.333333333333333,2.0
80,75+,old_vaccine,0.0,0.0,0.0,0.0
80,75+,new_vaccine,0.0,0.0,0.0,0.0
81,0-4,unvaccinated,26.333333333333332,306.6666666666667,0.0,0.0
81,0-4,old_vaccine,0.0,0.0,0.0,0.0
81,0-4,new_vaccine,0.0,0.0,0.0,0.0
81,5-9,unvaccinated,6.333333333333333,371.3333333333333,0.0,0.0
81,5-9,old_vaccine,0.0,0.0,0.0,0.0
81,5-9,new_vaccine,0.0,0.0,0.0,0.0
81,10-14,unvaccinated,9.0,365.0,0.0,0.0
81,10-14,old_vaccine,0.0,0.0,0.0,0.0
81,10-14,new_vaccine,0.0,0.0,0.0,0.0
81,15-19,unvaccinated,8.666666666666666,365.6666666666667,0.0,0.0
81,15-19,old_vaccine,0.0,0.0,0.0,0.0
81,15-19,new_vaccine,0.0,0.0,0.0,0.0
81,20-24,unvaccinated,25.666666666666668,404.6666666666667,0.0,0.0
81,20-24,old_vaccine,0.0,0.0,0.0,0.0
81,20-24,new_vaccine,0.0,0.0,0.0,0.0
81,25-29,unvaccinated,42.333333333333336,449.0,0.0,0.0
81,25-29,old_vaccine,0.0,0.0,0.0,0.0
81,25-29,new_vaccine,0.0,0.0,0.0,0.0
81,30-34,unvaccinated,52.0,433.0,0.3333333333333333,0.0
81,30-34,old_vaccine,0.0,0.0,0.0,0.0
81,30-34,new_vaccine,0.0,0.0,0.0,0.0
81,35-39,unvaccinated,45.0,417.6666666666667,0.6666666666666666,0.3333333333333333
81,35-39,old_vaccine,0.0,0.0,0.0,0.0
81,35-39,new_vaccine,0.0,0.0,0.0,0.0
81,40-44,unvaccinated,41.0,412.0,0.6666666666666666,0.0
81,40-44,old_vaccine,0.0,0.0,0.0,0.0
81,40-44,new_vaccine,0.0,0.0,0.0,0.0
81,45-49,unvaccinated,56.333333333333336,416.0,1.3333333333333333,0.0
81,45-49,old_vaccine,0.0,0.0,0.0,0.0
81,45-49,new_vaccine,0.0,0.0,0.0,0.0
81,50-54,unvaccinated,95.33333333333333,413.6666666666667,1.6666666666666667,0.0
81,50-54,old_vaccine,0.0,0.0,0.0,0.0
81,50-54,new_vaccine,0.0,0.0,0.0,0.0
81,55-59,unvaccinated,116.66666666666667,345.3333333333333,0.6666666666666666,0.0
81,55-59,old_vaccine,0.0,0.0,0.0,0.0
81,55-59,new_vaccine,0.0,0.0,0.0,0.0
81,60-64,unvaccinated,128.0,296.6666666666667,1.6666666666666667,0.3333333333333333
81,60-64,old_vaccine,0.0,0.0,0.0,0.0
81,60-64,new_vaccine,0.0,0.0,0.0,0.0
81,65-69,unvaccinated,166.0,136.66666666666666,1.0,0.0
81,65-69,old_vaccine,0.0,0.0,0.0,0.0
81,65-69,new_vaccine,0.0,0.0,0.0,0.0
81,70-74,unvaccinated,203.33333333333334,123.66666666666667,3.0,1.0
81,70-74,old_vaccine,0.0,0.0,0.0,0.0
81,70-74,new_vaccine,0.0,0.0,0.0,0.0
81,75+,unvaccinated,351.6666666666667,162.66666666666666,3.0,3.6666666666666665
81,75+,old_vaccine,0.0,0.0,0.0,0.0
81,75+,new_vaccine,0.0,0.0,0.0,0.0
82,0-4,unvaccinated,22.0,334.6666666666667,0.3333333333333333,0.0
82,0-4,old_vaccine,0.0,0.0,0.0,0.0
82,0-4,new_vaccine,0.0,0.0,0.0,0.0
82,5-9,unvaccinated,6.333333333333333,385.3333333333333,0.0,0.0
82,5-9,old_vaccine,0.0,0.0,0.0,0.0
82,5-9,new_vaccine,0.0,0.0,0.0,0.0
82,10-14,unvaccinated,9.0,373.0,0.0,0.0
82,10-14,old_vaccine,0.0,0.0,0.0,0.0
82,10-14,new_vaccine,0.0,0.0,0.0,0.0
82,15-19,unvaccinated,9.0,371.6666666666667,0.0,0.0
82,15-19,old_vaccine,0.0,0.0,0.0,0.0
82,15-19,new_vaccine,0.0,0.0,0.0,0.0
82,20-24,unvaccinated,27.666666666666668,418.0,0.0,0.0
82,20-24,old_vaccine,0.0,0.0,0.0,0.0
82,20-24,new_vaccine,0.0,0.0,0.0,0.0
82,25-29,unvaccinated,54.666666666666664,418.3333333333333,0.0,0.0
82,25-29,old_vaccine,0.0,0.0,0.0,0.0
82,25-29,new_vaccine,0.0,0.0,0.0,0.0
82,30-34,unvaccinated,47.333333333333336,440.0,0.0,0.0
82,30-34,old_vaccine,0.0,0.0,0.0,0.0
82,30-34,new_vaccine,0.0,0.0,0.0,0.0
82,35-39,unvaccinated,42.666666666666664,442.0,0.6666666666666666,0.0
82,35-39,old_vaccine,0.0,0.0,0.0,0.0
82,35-39,new_vaccine,0.0,0.0,0.0,0.0
82,40-44,unvaccinated,46.333333333333336,407.3333333333333,0.3333333333333333,0.0
82,40-44,old_vaccine,0.0,0.0,0.0,0.0
82,40-44,new_vaccine,0.0,0.0,0.0,0.0
82,45-49,unvaccinated,61.333333333333336,398.0,0.3333333333333333,0.3333333333333333
82,45-49,old_vaccine,0.0,0.0,0.0,0.0
82,45-49,new_vaccine,0.0,0.0,0.0,0.0
82,50-54,unvaccinated,100.66666666666667,415.3333333333333,2.3333333333333335,0.0
82,50-54,old_vaccine,0.0,0.0,0.0,0.0
82,50-54,new_vaccine,0.0,0.0,0.0,0.0
82,55-59,unvaccinated,139.0,350.3333333333333,0.6666666666666666,0.3333333333333333
82,55-59,old_vaccine,0.0,0.0,0.0,0.0
82,55-59,new_vaccine,0.0,0.0,0.0,0.0
82,60-64,unvaccinated,123.66666666666667,298.6666666666667,2.3333333333333335,0.0
82,60-64,old_vaccine,0.0,0.0,0.0,0.0
82,60-64,new_vaccine,0.0,0.0,0.0,0.0
82,65-69,unvaccinated,169.0,157.66666666666666,2.6666666666666665,0.0
82,65-69,old_vaccine,0.0,0.0,0.0,0.0
82,65-69,new_vaccine,0.0,0.0,0.0,0.0
82,70-74,unvaccinated,201.66666666666666,111.0,3.3333333333333335,0.3333333333333333
82,70-74,old_vaccine,0.0,0.0,0.0,0.0
82,70-74,new_vaccine,0.0,0.0,0.0,0.0
82,75+,unvaccinated,346.3333333333333,167.66666666666666,5.666666666666667,3.3333333333333335
82,75+,old_vaccine,0.0,0.0,0.0,0.0
82,75+,new_vaccine,0.0,0.0,0.0,0.0
83,0-4,unvaccinated,28.666666666666668,339.3333333333333,0.3333333333333333,0.0
83,0-4,old_vaccine,0.0,0.0,0.0,0.0
83,0-4,new_vaccine,0.0,0.0,0.0,0.0
83,5-9,unvaccinated,3.3333333333333335,384.0,0.0,0.0
83,5-9,old_vaccine,0.0,0.0,0.0,0.0
83,5-9,new_vaccine,0.0,0.0,0.0,0.0
83,10-14,unvaccinated,5.333333333333333,372.6666666666667,0.0,0.0
83,10-14,old_vaccine,0.0,0.0,0.0,0.0
83,10-14,new_vaccine,0.0,0.0,0.0,0.0
83,15-19,unvaccinated,10.333333333333334,379.6666666666667,0.0,0.0
83,15-19,old_vaccine,0.0,0.0,0.0,0.0
83,15-19,new_vaccine,0.0,0.0,0.0,0.0
83,20-24,unvaccinated,27.0,407.0,0.0,0.0
83,20-24,old_vaccine,0.0,0.0,0.0,0.0
83,20-24,new_vaccine,0.0,0.0,0.0,0.0
83,25-29,unvaccinated,47.0,436.6666666666667,0.0,0.0
83,25-29,old_vaccine,0.0,0.0,0.0,0.0
83,25-29,new_vaccine,0.0,0.0,0.0,0.0
83,30-34,unvaccinated,59.333333333333336,440.0,0.0,0.0
83,30-34,old_vaccine,0.0,0.0,0.0,0.0
83,30-34,new_vaccine,0.0,0.0,0.0,0.0
83,35-39,unvaccinated,47.0,427.6666666666667,0.0,0.0
83,35-39,old_vaccine,0.0,0.0,0.0,0.0
83,35-39,new_vaccine,0.0,0.0,0.0,0.0
83,40-44,unvaccinated,45.666666666666664,426.0,0.6666666666666666,0.0
83,40-44,old_vaccine,0.0,0.0,0.0,0.0
83,40-44,new_vaccine,0.0,0.0,0.0,0.0
83,45-49,unvaccinated,56.333333333333336,389.6666666666667,0.6666666666666666,0.0
83,45-49,old_vaccine,0.0,0.0,0.0,0.0
83,45-49,new_vaccine,0.0,0.0,0.0,0.0
83,50-54,unvaccinated,94.33333333333333,393.3333333333333,2.3333333333333335,0.0
83,50-54,old_vaccine,0.0,0.0,0.0,0.0
83,50-54,new_vaccine,0.0,0.0,0.0,0.0
83,55-59,unvaccinated,125.0,390.3333333333333,1.0,0.0
83,55-59,old_vaccine,0.0,0.0,0.0,0.0
83,55-59,new_vaccine,0.0,0.0,0.0,0.0
83,60-64,unvaccinated,129.33333333333334,284.0,1.0,0.0
83,60-64,old_vaccine,0.0,0.0,0.0,0.0
83,60-64,new_vaccine,0.0,0.0,0.0,0.0
83,65-69,unvaccinated,179.33333333333334,152.66666666666666,4.0,1.0
83,65-69,old_vaccine,0.0,0.0,0.0,0.0
83,65-69,new_vaccine,0.0,0.0,0.0,0.0
83,70-74,unvaccinated,205.66666666666666,116.0,2.3333333333333335,1.3333333333333333
83,70-74,old_vaccine,0.0,0.0,0.0,0.0
83,70-74,new_vaccine,0.0,0.0,0.0,0.0
83,75+,unvaccinated,350.0,159.66666666666666,6.0,4.0
83,75+,old_vaccine,0.0,0.0,0.0,0.0
83,75+,new_vaccine,0.0,0.0,0.0,0.0
84,0-4,unvaccinated,22.666666666666668,330.6666666666667,0.3333333333333333,0.0
84,0-4,old_vaccine,0.0,0.0,0.0,0.0
84,0-4,new_vaccine,0.0,0.0,0.0,0.0
84,5-9,unvaccinated,4.0,390.3333333333333,0.0,0.0
84,5-9,old_vaccine,0.0,0.0,0.0,0.0
84,5-9,new_vaccine,0.0,0.0,0.0,0.0
84,10-14,unvaccinated,5.666666666666667,390.3333333333333,0.0,0.0
84,10-14,old_vaccine,0.0,0.0,0.0,0.0
84,10-14,new_vaccine,0.0,0.0,0.0,0.0
84,15-19,unvaccinated,9.0,386.0,0.0,0.0
84,15-19,old_vaccine,0.0,0.0,0.0,0.0
84,15-19,new_vaccine,0.0,0.0,0.0,0.0
84,20-24,unvaccinated,29.0,423.6666666666667,0.3333333333333333,0.0
84,20-24,old_vaccine,0.0,0.0,0.0,0.0
84,20-24,new_vaccine,0.0,0.0,0.0,0.0
84,25-29,unvaccinated,47.0,434.6666666666667,0.3333333333333333,0.0
84,25-29,old_vaccine,0.0,0.0,0.0,0.0
84,25-29,new_vaccine,0.0,0.0,0.0,0.0
84,30-34,unvaccinated,50.0,439.0,0.0,0.0
84,30-34,old_vaccine,0.0,0.0,0.0,0.0
84,30-34,new_vaccine,0.0,0.0,0.0,0.0
84,35-39,unvaccinated,39.333333333333336,444.0,0.0,0.0
84,35-39,old_vaccine,0.0,0.0,0.0,0.0
84,35-39,new_vaccine,0.0,0.0,0.0,0.0
84,40-44,unvaccinated,38.333333333333336,384.3333333333333,0.3333333333333333,0.3333333333333333
84,40-44,old_vaccine,0.0,0.0,0.0,0.0
84,40-44,new_vaccine,0.0,0.0,0.0,0.0
84,45-49,unvaccinated,52.333333333333336,390.0,0.6666666666666666,0.0
84,45-49,old_vaccine,0.0,0.0,0.0,0.0
84,45-49,new_vaccine,0.0,0.0,0.0,0.0
84,50-54,unvaccinated,92.0,387.0,2.6666666666666665,0.0
84,50-54,old_vaccine,0.0,0.0,0.0,0.0
84,50-54,new_vaccine,0.0,0.0,0.0,0.0
84,55-59,unvaccinated,126.66666666666667,343.6666666666667,1.0,0.0
84,55-59,old_vaccine,0.0,0.0,0.0,0.0
84,55-59,new_vaccine,0.0,0.0,0.0,0.0
84,60-64,unvaccinated,112.66666666666667,272.3333333333333,1.3333333333333333,0.0
84,60-64,old_vaccine,0.0,0.0,0.0,0.0
84,60-64,new_vaccine,0.0,0.0,0.0,0.0
84,65-69,unvaccinated,195.66666666666666,159.66666666666666,1.3333333333333333,1.0
84,65-69,old_vaccine,0.0,0.0,0.0,0.0
84,65-69,new_vaccine,0.0,0.0,0.0,0.0
84,70-74,unvaccinated,219.0,119.0,3.3333333333333335,1.3333333333333333
84,70-74,old_vaccine,0.0,0.0,0.0,0.0
84,70-74,new_vaccine,0.0,0.0,0.0,0.0
84,75+,unvaccinated,357.6666666666667,178.33333333333334,6.0,3.0
84,75+,old_vaccine,0.0,0.0,0.0,0.0
84,75+,new_vaccine,0.0,0.0,0.0,0.0
85,0-4,unvaccinated,27.0,349.6666666666667,0.6666666666666666,0.0
85,0-4,old_vaccine,0.0,0.0,0.0,0.0
85,0-4,new_vaccine,0.0,0.0,0.0,0.0
85,5-9,unvaccinated,5.0,393.3333333333333,0.0,0.0
85,5-9,old_vaccine,0.0,0.0,0.0,0.0
85,5-9,new_vaccine,0.0,0.0,0.0,0.0
85,10-14,unvaccinated,9.666666666666666,418.6666666666667,0.0,0.0
85,10-14,old_vaccine,0.0,0.0,0.0,0.0
85,10-14,new_vaccine,0.0,0.0,0.0,0.0
85,15-19,unvaccinated,8.0,379.3333333333333,0.0,0.0
85,15-19,old_vaccine,0.0,0.0,0.0,0.0
85,15-19,new_vaccine,0.0,0.0,0.0,0.0
85,20-24,unvaccinated,37.333333333333336,421.0,0.0,0.0
85,20-24,old_vaccine,0.0,0.0,0.0,0.0
85,20-24,new_vaccine,0.0,0.0,0.0,0.0
85,25-29,unvaccinated,44.0,412.0,0.0,0.0
85,25-29,old_vaccine,0.0,0.0,0.0,0.0
85,25-29,new_vaccine,0.0,0.0,0.0,0.0
85,30-34,unvaccinated,47.666666666666664,447.0,0.3333333333333333,0.0
85,30-34,old_vaccine,0.0,0.0,0.0,0.0
85,30-34,new_vaccine,0.0,0.0,0.0,0.0
85,35-39,unvaccinated,48.0,420.0,0.0,0.0
85,35-39,old_vaccine,0.0,0.0,0.0,0.0
85,35-39,new_vaccine,0.0,0.0,0.0,0.0
85,40-44,unvaccinated,38.333333333333336,436.6666666666667,0.3333333333333333,0.0
85,40-44,old_vaccine,0.0,0.0,0.0,0.0
85,40-44,new_vaccine,0.0,0.0,0.0,0.0
85,45-49,unvaccinated,55.333333333333336,388.3333333333333,0.0,0.0
85,45-49,old_vaccine,0.0,0.0,0.0,0.0
85,45-49,new_vaccine,0.0,0.0,0.0,0.0
85,50-54,unvaccinated,91.66666666666667,382.3333333333333,0.3333333333333333,0.0
85,50-54,old_vaccine,0.0,0.0,0.0,0.0
85,50-54,new_vaccine,0.0,0.0,0.0,0.0
85,55-59,unvaccinated,109.33333333333333,359.0,1.0,0.3333333333333333
85,55-59,old_vaccine,0.0,0.0,0.0,0.0
85,55-59,new_vaccine,0.0,0.0,0.0,0.0
85,60-64,unvaccinated,109.33333333333333,289.0,2.3333333333333335,0.3333333333333333
85,60-64,old_vaccine,0.0,0.0,0.0,0.0
85,60-64,new_vaccine,0.0,0.0,0.0,0.0
85,65-69,unvaccinated,197.66666666666666,154.33333333333334,2.6666666666666665,0.0
85,65-69,old_vaccine,0.0,0.0,0.0,0.0
85,65-69,new_vaccine,0.0,0.0,0.0,0.0
85,70-74,unvaccinated,218.66666666666666,124.66666666666667,3.3333333333333335,0.6666666666666666
85,70-74,old_vaccine,0.0,0.0,0.0,0.0
85,70-74,new_vaccine,0.0,0.0,0.0,0.0
85,75+,unvaccinated,362.3333333333333,153.0,6.0,3.6666666666666665
85,75+,old_vaccine,0.0,0.0,0.0,0.0
85,75+,new_vaccine,0.0,0.0,0.0,0.0
86,0-4,unvaccinated,29.333333333333332,347.3333333333333,0.0,0.0
86,0-4,old_vaccine,0.0,0.0,0.0,0.0
86,0-4,new_vaccine,0.0,0.0,0.0,0.0
86,5-9,unvaccinated,8.0,405.6666666666667,0.0,0.0
86,5-9,old_vaccine,0.0,0.0,0.0,0.0
86,5-9,new_vaccine,0.0,0.0,0.0,0.0
86,10-14,unvaccinated,6.333333333333333,400.3333333333333,0.0,0.0
86,10-14,old_vaccine,0.0,0.0,0.0,0.0
86,10-14,new_vaccine,0.0,0.0,0.0,0.0
86,15-19,unvaccinated,9.666666666666666,374.6666666666667,0.0,0.0
86,15-19,old_vaccine,0.0,0.0,0.0,0.0
86,15-19,new_vaccine,0.0,0.0,0.0,0.0
86,20-24,unvaccinated,25.666666666666668,392.6666666666667,0.3333333333333333,0.0
86,20-24,old_vaccine,0.0,0.0,0.0,0.0
86,20-24,new_vaccine,0.0,0.0,0.0,0.0
86,25-29,unvaccinated,46.666666666666664,410.3333333333333,0.0,0.0
86,25-29,old_vaccine,0.0,0.0,0.0,0.0
86,25-29,new_vaccine,0.0,0.0,0.0,0.0
86,30-34,unvaccinated,48.333333333333336,423.0,0.0,0.0
86,30-34,old_vaccine,0.0,0.0,0.0,0.0
86,30-34,new_vaccine,0.0,0.0,0.0,0.0
86,35-39,unvaccinated,42.0,416.3333333333333,0.3333333333333333,0.0
86,35-39,old_vaccine,0.0,0.0,0.0,0.0
86,35-39,new_vaccine,0.0,0.0,0.0,0.0
86,40-44,unvaccinated,43.666666666666664,402.3333333333333,0.0,0.0
86,40-44,old_vaccine,0.0,0.0,0.0,0.0
86,40-44,new_vaccine,0.0,0.0,0.0,0.0
86,45-49,unvaccinated,54.0,387.0,0.0,0.0
86,45-49,old_vaccine,0.0,0.0,0.0,0.0
86,45-49,new_vaccine,0.0,0.0,0.0,0.0
86,50-54,unvaccinated,91.0,385.6666666666667,1.3333333333333333,0.0
86,50-54,old_vaccine,0.0,0.0,0.0,0.0
86,50-54,new_vaccine,0.0,0.0,0.0,0.0
86,55-59,unvaccinated,122.0,355.6666666666667,2.0,0.0
86,55-59,old_vaccine,0.0,0.0,0.0,0.0
86,55-59,new_vaccine,0.0,0.0,0.0,0.0
86,60-64,unvaccinated,125.0,263.6666666666667,0.6666666666666666,0.0
86,60-64,old_vaccine,0.0,0.0,0.0,0.0
86,60-64,new_vaccine,0.0,0.0,0.0,0.0
86,65-69,unvaccinated,180.33333333333334,161.66666666666666,2.3333333333333335,0.3333333333333333
86,65-69,old_vaccine,0.0,0.0,0.0,0.0
86,65-69,new_vaccine,0.0,0.0,0.0,0.0
86,70-74,unvaccinated,212.66666666666666,122.33333333333333,3.0,0.0
86,70-74,old_vaccine,0.0,0.0,0.0,0.0
86,70-74,new_vaccine,0.0,0.0,0.0,0.0
86,75+,unvaccinated,358.3333333333333,160.33333333333334,4.666666666666667,3.3333333333333335
86,75+,old_vaccine,0.0,0.0,0.0,0.0
86,75+,new_vaccine,0.0,0.0,0.0,0.0
87,0-4,unvaccinated,27.333333333333332,367.6666666666667,0.0,0.0
87,0-4,old_vaccine,0.0,0.0,0.0,0.0
87,0-4,new_vaccine,0.0,0.0,0.0,0.0
87,5-9,unvaccinated,6.666666666666667,407.6666666666667,0.0,0.0
87,5-9,old_vaccine,0.0,0.0,0.0,0.0
87,5-9,new_vaccine,0.0,0.0,0.0,0.0
87,10-14,unvaccinated,9.333333333333334,416.0,0.0,0.0
87,10-14,old_vaccine,0.0,0.0,0.0,0.0
87,10-14,new_vaccine,0.0,0.0,0.0,0.0
87,15-19,unvaccinated,10.666666666666666,383.0,0.3333333333333333,0.0
87,15-19,old_vaccine,0.0,0.0,0.0,0.0
87,15-19,new_vaccine,0.0,0.0,0.0,0.0
87,20-24,unvaccinated,27.0,379.0,0.3333333333333333,0.0
87,20-24,old_vaccine,0.0,0.0,0.0,0.0
87,20-24,new_vaccine,0.0,0.0,0.0,0.0
87,25-29,unvaccinated,46.0,419.0,0.0,0.0
87,25-29,old_vaccine,0.0,0.0,0.0,0.0
87,25-29,new_vaccine,0.0,0.0,0.0,0.0
87,30-34,unvaccinated,48.0,415.3333333333333,0.0,0.0
87,30-34,old_vaccine,0.0,0.0,0.0,0.0
87,30-34,new_vaccine,0.0,0.0,0.0,0.0
87,35-39,unvaccinated,49.666666666666664,397.3333333333333,0.3333333333333333,0.0
87,35-39,old_vaccine,0.0,0.0,0.0,0.0
87,35-39,new_vaccine,0.0,0.0,0.0,0.0
87,40-44,unvaccinated,43.333333333333336,403.6666666666667,0.3333333333333333,0.0
87,40-44,old_vaccine,0.0,0.0,0.0,0.0
87,40-44,new_vaccine,0.0,0.0,0.0,0.0
87,45-49,unvaccinated,50.666666666666664,392.6666666666667,0.3333333333333333,0.0
87,45-49,old_vaccine,0.0,0.0,0.0,0.0
87,45-49,new_vaccine,0.0,0.0,0.0,0.0
87,50-54,unvaccinated,93.0,370.6666666666667,1.0,0.3333333333333333
87,50-54,old_vaccine,0.0,0.0,0.0,0.0
87,50-54,new_vaccine,0.0,0.0,0.0,0.0
87,55-59,unvaccinated,124.33333333333333,334.0,0.6666666666666666,0.0
87,55-59,old_vaccine,0.0,0.0,0.0,0.0
87,55-59,new_vaccine,0.0,0.0,0.0,0.0
87,60-64,unvaccinated,105.33333333333333,297.0,1.6666666666666667,0.0
87,60-64,old_vaccine,0.0,0.0,0.0,0.0
87,60-64,new_vaccine,0.0,0.0,0.0,0.0
87,65-69,unvaccinated,186.33333333333334,175.66666666666666,2.6666666666666665,0.6666666666666666
87,65-69,old_vaccine,0.0,0.0,0.0,0.0
87,65-69,new_vaccine,0.0,0.0,0.0,0.0
87,70-74,unvaccinated,202.0,120.0,3.6666666666666665,0.6666666666666666
87,70-74,old_vaccine,0.0,0.0,0.0,0.0
87,70-74,new_vaccine,0.0,0.0,0.0,0.0
87,75+,unvaccinated,353.0,151.33333333333334,6.0,1.0
87,75+,old_vaccine,0.0,0.0,0.0,0.0
87,75+,new_vaccine,0.0,0.0,0.0,0.0
88,0-4,unvaccinated,28.0,369.6666666666667,0.0,0.0
88,0-4,old_vaccine,0.0,0.0,0.0,0.0
88,0-4,new_vaccine,0.0,0.0,0.0,0.0
88,5-9,unvaccinated,4.0,413.6666666666667,0.0,0.0
88,5-9,old_vaccine,0.0,0.0,0.0,0.0
88,5-9,new_vaccine,0.0,0.0,0.0,0.0
88,10-14,unvaccinated,8.666666666666666,401.6666666666667,0.0,0.0
88,10-14,old_vaccine,0.0,0.0,0.0,0.0
88,10-14,new_vaccine,0.0,0.0,0.0,0.0
88,15-19,unvaccinated,7.0,377.3333333333333,0.0,0.0
88,15-19,old_vaccine,0.0,0.0,0.0,0.0
88,15-19,new_vaccine,0.0,0.0,0.0,0.0
88,20-24,unvaccinated,31.0,383.6666666666667,0.0,0.0
88,20-24,old_vaccine,0.0,0.0,0.0,0.0
88,20-24,new_vaccine,0.0,0.0,0.0,0.0
88,25-29,unvaccinated,42.0,423.6666666666667,0.3333333333333333,0.0
88,25-29,old_vaccine,0.0,0.0,0.0,0.0
88,25-29,new_vaccine,0.0,0.0,0.0,0.0
88,30-34,unvaccinated,49.333333333333336,416.6666666666667,0.6666666666666666,0.0
88,30-34,old_vaccine,0.0,0.0,0.0,0.0
88,30-34,new_vaccine,0.0,0.0,0.0,0.0
88,35-39,unvaccinated,46.333333333333336,420.3333333333333,0.3333333333333333,0.0
88,35-39,old_vaccine,0.0,0.0,0.0,0.0
88,35-39,new_vaccine,0.0,0.0,0.0,0.0
88,40-44,unvaccinated,42.333333333333336,419.3333333333333,0.3333333333333333,0.0
88,40-44,old_vaccine,0.0,0.0,0.0,0.0
88,40-44,new_vaccine,0.0,0.0,0.0,0.0
88,45-49,unvaccinated,62.0,375.6666666666667,0.6666666666666666,0.0
88,45-49,old_vaccine,0.0,0.0,0.0,0.0
88,45-49,new_vaccine,0.0,0.0,0.0,0.0
88,50-54,unvaccinated,84.66666666666667,379.6666666666667,2.0,0.0
88,50-54,old_vaccine,0.0,0.0,0.0,0.0
88,50-54,new_vaccine,0.0,0.0,0.0,0.0
88,55-59,unvaccinated,114.33333333333333,353.0,0.3333333333333333,0.3333333333333333
88,55-59,old_vaccine,0.0,0.0,0.0,0.0
88,55-59,new_vaccine,0.0,0.0,0.0,0.0
88,60-64,unvaccinated,112.66666666666667,276.3333333333333,1.6666666666666667,0.0
88,60-64,old_vaccine,0.0,0.0,0.0,0.0
88,60-64,new_vaccine,0.0,0.0,0.0,0.0
88,65-69,unvaccinated,186.33333333333334,156.0,2.0,0.3333333333333333
88,65-69,old_vaccine,0.0,0.0,0.0,0.0
88,65-69,new_vaccine,0.0,0.0,0.0,0.0
88,70-74,unvaccinated,225.0,130.33333333333334,3.6666666666666665,0.0
88,70-74,old_vaccine,0.0,0.0,0.0,0.0
88,70-74,new_vaccine,0.0,0.0,0.0,0.0
88,75+,unvaccinated,332.3333333333333,166.66666666666666,7.666666666666667,4.333333333333333
88,75+,old_vaccine,0.0,0.0,0.0,0.0
88,75+,new_vaccine,0.0,0.0,0.0,0.0
89,0-4,unvaccinated,29.0,368.0,0.3333333333333333,0.0
89,0-4,old_vaccine,0.0,0.0,0.0,0.0
89,0-4,new_vaccine,0.0,0.0,0.0,0.0
89,5-9,unvaccinated,7.0,414.3333333333333,0.0,0.0
89,5-9,old_vaccine,0.0,0.0,0.0,0.0
89,5-9,new_vaccine,0.0,0.0,0.0,0.0
89,10-14,unvaccinated,5.666666666666667,397.6666666666667,0.0,0.0
89,10-14,old_vaccine,0.0,0.0,0.0,0.0
89,10-14,new_vaccine,0.0,0.0,0.0,0.0
89,15-19,unvaccinated,9.333333333333334,366.3333333333333,0.0,0.0
89,15-19,old_vaccine,0.0,0.0,0.0,0.0
89,15-19,new_vaccine,0.0,0.0,0.0,0.0
89,20-24,unvaccinated,29.666666666666668,378.0,0.0,0.0
89,20-24,old_vaccine,0.0,0.0,0.0,0.0
89,20-24,new_vaccine,0.0,0.0,0.0,0.0
89,25-29,unvaccinated,45.0,417.6666666666667,0.0,0.0
89,25-29,old_vaccine,0.0,0.0,0.0,0.0
89,25-29,new_vaccine,0.0,0.0,0.0,0.0
89,30-34,unvaccinated,47.0,431.0,0.0,0.0
89,30-34,old_vaccine,0.0,0.0,0.0,0.0
89,30-34,new_vaccine,0.0,0.0,0.0,0.0
89,35-39,unvaccinated,45.0,458.0,0.0,0.0
89,35-39,old_vaccine,0.0,0.0,0.0,0.0
89,35-39,new_vaccine,0.0,0.0,0.0,0.0
89,40-44,unvaccinated,52.0,419.3333333333333,1.0,0.0
89,40-44,old_vaccine,0.0,0.0,0.0,0.0
89,40-44,new_vaccine,0.0,0.0,0.0,0.0
89,45-49,unvaccinated,46.0,374.6666666666667,0.0,0.0
89,45-49,old_vaccine,0.0,0.0,0.0,0.0
89,45-49,new_vaccine,0.0,0.0,0.0,0.0
89,50-54,unvaccinated,84.33333333333333,372.3333333333333,0.6666666666666666,0.0
89,50-54,old_vaccine,0.0,0.0,0.0,0.0
89,50-54,new_vaccine,0.0,0.0,0.0,0.0
89,55-59,unvaccinated,121.66666666666667,331.0,0.3333333333333333,0.0
89,55-59,old_vaccine,0.0,0.0,0.0,0.0
89,55-59,new_vaccine,0.0,0.0,0.0,0.0
89,60-64,unvaccinated,119.33333333333333,278.0,0.6666666666666666,0.0
89,60-64,old_vaccine,0.0,0.0,0.0,0.0
89,60-64,new_vaccine,0.0,0.0,0.0,0.0
89,65-69,unvaccinated,188.33333333333334,152.0,3.3333333333333335,0.3333333333333333
89,65-69,old_vaccine,0.0,0.0,0.0,0.0
89,65-69,new_vaccine,0.0,0.0,0.0,0.0
89,70-74,unvaccinated,211.0,107.66666666666667,1.6666666666666667,0.3333333333333333
89,70-74,old_vaccine,0.0,0.0,0.0,0.0
89,70-74,new_vaccine,0.0,0.0,0.0,0.0
89,75+,unvaccinated,344.3333333333333,168.33333333333334,6.0,3.3333333333333335
89,75+,old_vaccine,0.0,0.0,0.0,0.0
89,75+,new_vaccine,0.0,0.0,0.0,0.0
90,0-4,unvaccinated,20.333333333333332,355.3333333333333,0.0,0.0
90,0-4,old_vaccine,0.0,0.0,0.0,0.0
90,0-4,new_vaccine,0.0,0.0,0.0,0.0
90,5-9,unvaccinated,6.333333333333333,415.6666666666667,0.0,0.0
90,5-9,old_vaccine,0.0,0.0,0.0,0.0
90,5-9,new_vaccine,0.0,0.0,0.0,0.0
90,10-14,unvaccinated,9.666666666666666,391.6666666666667,0.0,0.0
90,10-14,old_vaccine,0.0,0.0,0.0,0.0
90,10-14,new_vaccine,0.0,0.0,0.0,0.0
90,15-19,unvaccinated,6.666666666666667,359.3333333333333,0.0,0.0
90,15-19,old_vaccine,0.0,0.0,0.0,0.0
90,15-19,new_vaccine,0.0,0.0,0.0,0.0
90,20-24,unvaccinated,30.666666666666668,365.3333333333333,0.0,0.0
90,20-24,old_vaccine,0.0,0.0,0.0,0.0
90,20-24,new_vaccine,0.0,0.0,0.0,0.0
90,25-29,unvaccinated,46.333333333333336,417.3333333333333,0.0,0.0
90,25-29,old_vaccine,0.0,0.0,0.0,0.0
90,25-29,new_vaccine,0.0,0.0,0.0,0.0
90,30-34,unvaccinated,43.0,420.6666666666667,0.0,0.0
90,30-34,old_vaccine,0.0,0.0,0.0,0.0
90,30-34,new_vaccine,0.0,0.0,0.0,0.0
90,35-39,unvaccinated,41.333333333333336,422.0,0.0,0.0
90,35-39,old_vaccine,0.0,0.0,0.0,0.0
90,35-39,new_vaccine,0.0,0.0,0.0,0.0
90,40-44,unvaccinated,48.0,417.3333333333333,0.0,0.0
90,40-44,old_vaccine,0.0,0.0,0.0,0.0
90,40-44,new_vaccine,0.0,0.0,0.0,0.0
90,45-49,unvaccinated,44.666666666666664,390.6666666666667,0.0,0.0
90,45-49,old_vaccine,0.0,0.0,0.0,0.0
90,45-49,new_vaccine,0.0,0.0,0.0,0.0
90,50-54,unvaccinated,90.33333333333333,399.0,1.3333333333333333,0.0
90,50-54,old_vaccine,0.0,0.0,0.0,0.0
90,50-54,new_vaccine,0.0,0.0,0.0,0.0
90,55-59,unvaccinated,112.66666666666667,336.3333333333333,0.6666666666666666,0.0
90,55-59,old_vaccine,0.0,0.0,0.0,0.0
90,55-59,new_vaccine,0.0,0.0,0.0,0.0
90,60-64,unvaccinated,119.0,268.0,0.6666666666666666,0.0
90,60-64,old_vaccine,0.0,0.0,0.0,0.0
90,60-64,new_vaccine,0.0,0.0,0.0,0.0
90,65-69,unvaccinated,167.66666666666666,163.0,1.6666666666666667,0.0
90,65-69,old_vaccine,0.0,0.0,0.0,0.0
90,65-69,new_vaccine,0.0,0.0,0.0,0.0
90,70-74,unvaccinated,211.66666666666666,111.66666666666667,0.6666666666666666,0.0
90,70-74,old_vaccine,0.0,0.0,0.0,0.0
90,70-74,new_vaccine,0.0,0.0,0.0,0.0
90,75+,unvaccinated,345.0,161.0,4.666666666666667,2.3333333333333335
90,75+,old_vaccine,0.0,0.0,0.0,0.0
90,75+,new_vaccine,0.0,0.0,0.0,0.0
91,0-4,unvaccinated,25.0,373.0,0.0,0.0
91,0-4,old_vaccine,0.0,0.0,0.0,0.0
91,0-4,new_vaccine,0.0,0.0,0.0,0.0
91,5-9,unvaccinated,3.3333333333333335,416.3333333333333,0.0,0.0
91,5-9,old_vaccine,0.0,0.0,0.0,0.0
91,5-9,new_vaccine,0.0,0.0,0.0,0.0
91,10-14,unvaccinated,8.333333333333334,377.3333333333333,0.0,0.0
91,10-14,old_vaccine,0.0,0.0,0.0,0.0
91,10-14,new_vaccine,0.0,0.0,0.0,0.0
91,15-19,unvaccinated,7.0,337.6666666666667,0.0,0.0
91,15-19,old_vaccine,0.0,0.0,0.0,0.0
91,15-19,new_vaccine,0.0,0.0,0.0,0.0
91,20-24,unvaccinated,33.666666666666664,364.3333333333333,0.0,0.0
91,20-24,old_vaccine,0.0,0.0,0.0,0.0
91,20-24,new_vaccine,0.0,0.0,0.0,0.0
91,25-29,unvaccinated,45.333333333333336,432.3333333333333,0.0,0.0
91,25-29,old_vaccine,0.0,0.0,0.0,0.0
91,25-29,new_vaccine,0.0,0.0,0.0,0.0
91,30-34,unvaccinated,47.666666666666664,423.6666666666667,0.0,0.0
91,30-34,old_vaccine,0.0,0.0,0.0,0.0
91,30-34,new_vaccine,0.0,0.0,0.0,0.0
91,35-39,unvaccinated,43.0,445.0,0.0,0.0
91,35-39,old_vaccine,0.0,0.0,0.0,0.0
91,35-39,new_vaccine,0.0,0.0,0.0,0.0
91,40-44,unvaccinated,51.0,393.6666666666667,0.3333333333333333,0.0
91,40-44,old_vaccine,0.0,0.0,0.0,0.0
91,40-44,new_vaccine,0.0,0.0,0.0,0.0
91,45-49,unvaccinated,61.0,382.0,1.6666666666666667,0.0
91,45-49,old_vaccine,0.0,0.0,0.0,0.0
91,45-49,new_vaccine,0.0,0.0,0.0,0.0
91,50-54,unvaccinated,86.66666666666667,392.0,0.6666666666666666,0.0
91,50-54,old_vaccine,0.0,0.0,0.0,0.0
91,50-54,new_vaccine,0.0,0.0,0.0,0.0
91,55-59,unvaccinated,114.33333333333333,343.3333333333333,0.6666666666666666,0.0
91,55-59,old_vaccine,0.0,0.0,0.0,0.0
91,55-59,new_vaccine,0.0,0.0,0.0,0.0
91,60-64,unvaccinated,120.0,294.0,1.6666666666666667,0.0
91,60-64,old_vaccine,0.0,0.0,0.0,0.0
91,60-64,new_vaccine,0.0,0.0,0.0,0.0
91,65-69,unvaccinated,173.0,165.33333333333334,3.0,1.3333333333333333
91,65-69,old_vaccine,0.0,0.0,0.0,0.0
91,65-69,new_vaccine,0.0,0.0,0.0,0.0
91,70-74,unvaccinated,199.0,117.66666666666667,3.6666666666666665,1.6666666666666667
91,70-74,old_vaccine,0.0,0.0,0.0,0.0
91,70-74,new_vaccine,0.0,0.0,0.0,0.0
91,75+,unvaccinated,345.3333333333333,172.33333333333334,5.333333333333333,3.3333333333333335
91,75+,old_vaccine,0.0,0.0,0.0,0.0
91,75+,new_vaccine,0.0,0.0,0.0,0.0
92,0-4,unvaccinated,23.0,334.3333333333333,0.0,0.0
92,0-4,old_vaccine,0.0,0.0,0.0,0.0
92,0-4,new_vaccine,0.0,0.0,0.0,0.0
92,5-9,unvaccinated,4.666666666666667,397.6666666666667,0.3333333333333333,0.0
92,5-9,old_vaccine,0.0,0.0,0.0,0.0
92,5-9,new_vaccine,0.0,0.0,0.0,0.0
92,10-14,unvaccinated,10.0,383.3333333333333,0.0,0.0
92,10-14,old_vaccine,0.0,0.0,0.0,0.0
92,10-14,new_vaccine,0.0,0.0,0.0,0.0
92,15-19,unvaccinated,11.666666666666666,340.3333333333333,0.0,0.0
92,15-19,old_vaccine,0.0,0.0,0.0,0.0
92,15-19,new_vaccine,0.0,0.0,0.0,0.0
92,20-24,unvaccinated,23.333333333333332,381.6666666666667,0.0,0.0
92,20-24,old_vaccine,0.0,0.0,0.0,0.0
92,20-24,new_vaccine,0.0,0.0,0.0,0.0
92,25-29,unvaccinated,50.666666666666664,425.0,0.0,0.0
92,25-29,old_vaccine,0.0,0.0,0.0,0.0
92,25-29,new_vaccine,0.0,0.0,0.0,0.0
92,30-34,unvaccinated,52.0,446.0,0.3333333333333333,0.0
92,30-34,old_vaccine,0.0,0.0,0.0,0.0
92,30-34,new_vaccine,0.0,0.0,0.0,0.0
92,35-39,unvaccinated,44.333333333333336,440.0,0.3333333333333333,0.0
92,35-39,old_vaccine,0.0,0.0,0.0,0.0
92,35-39,new_vaccine,0.0,0.0,0.0,0.0
92,40-44,unvaccinated,41.333333333333336,398.0,0.3333333333333333,0.0
92,40-44,old_vaccine,0.0,0.0,0.0,0.0
92,40-44,new_vaccine,0.0,0.0,0.0,0.0
92,45-49,unvaccinated,49.666666666666664,397.3333333333333,0.6666666666666666,0.0
92,45-49,old_vaccine,0.0,0.0,0.0,0.0
92,45-49,new_vaccine,0.0,0.0,0.0,0.0
92,50-54,unvaccinated,88.0,409.3333333333333,0.6666666666666666,0.0
92,50-54,old_vaccine,0.0,0.0,0.0,0.0
92,50-54,new_vaccine,0.0,0.0,0.0,0.0
92,55-59,unvaccinated,122.0,342.3333333333333,1.0,0.0
92,55-59,old_vaccine,0.0,0.0,0.0,0.0
92,55-59,new_vaccine,0.0,0.0,0.0,0.0
92,60-64,unvaccinated,117.66666666666667,276.0,1.3333333333333333,0.0
92,60-64,old_vaccine,0.0,0.0,0.0,0.0
92,60-64,new_vaccine,0.0,0.0,0.0,0.0
92,65-69,unvaccinated,159.0,141.66666666666666,3.3333333333333335,0.6666666666666666
92,65-69,old_vaccine,0.0,0.0,0.0,0.0
92,65-69,new_vaccine,0.0,0.0,0.0,0.0
92,70-74,unvaccinated,213.33333333333334,128.0,3.6666666666666665,1.0
92,70-74,old_vaccine,0.0,0.0,0.0,0.0
92,70-74,new_vaccine,0.0,0.0,0.0,0.0
92,75+,unvaccinated,350.3333333333333,176.0,4.333333333333333,2.0
92,75+,old_vaccine,0.0,0.0,0.0,0.0
92,75+,new_vaccine,0.0,0.0,0.0,0.0
93,0-4,unvaccinated,22.333333333333332,337.3333333333333,0.6666666666666666,0.0
93,0-4,old_vaccine,0.0,0.0,0.0,0.0
93,0-4,new_vaccine,0.0,0.0,0.0,0.0
93,5-9,unvaccinated,5.0,386.3333333333333,0.0,0.0
93,5-9,old_vaccine,0.0,0.0,0.0,0.0
93,5-9,new_vaccine,0.0,0.0,0.0,0.0
93,10-14,unvaccinated,9.0,374.0,0.0,0.0
93,10-14,old_vaccine,0.0,0.0,0.0,0.0
93,10-14,new_vaccine,0.0,0.0,0.0,0.0
93,15-19,unvaccinated,9.0,347.0,0.0,0.0
93,15-19,old_vaccine,0.0,0.0,0.0,0.0
93,15-19,new_vaccine,0.0,0.0,0.0,0.0
93,20-24,unvaccinated,22.0,376.0,0.3333333333333333,0.0
93,20-24,old_vaccine,0.0,0.0,0.0,0.0
93,20-24,new_vaccine,0.0,0.0,0.0,0.0
93,25-29,unvaccinated,45.666666666666664,444.0,0.0,0.0
93,25-29,old_vaccine,0.0,0.0,0.0,0.0
93,25-29,new_vaccine,0.0,0.0,0.0,0.0
93,30-34,unvaccinated,59.333333333333336,422.3333333333333,0.0,0.0
93,30-34,old_vaccine,0.0,0.0,0.0,0.0
93,30-34,new_vaccine,0.0,0.0,0.0,0.0
93,35-39,unvaccinated,44.0,428.6666666666667,0.6666666666666666,0.0
93,35-39,old_vaccine,0.0,0.0,0.0,0.0
93,35-39,new_vaccine,0.0,0.0,0.0,0.0
93,40-44,unvaccinated,49.0,413.0,0.6666666666666666,0.0
93,40-44,old_vaccine,0.0,0.0,0.0,0.0
93,40-44,new_vaccine,0.0,0.0,0.0,0.0
93,45-49,unvaccinated,49.0,411.0,1.3333333333333333,0.0
93,45-49,old_vaccine,0.0,0.0,0.0,0.0
93,45-49,new_vaccine,0.0,0.0,0.0,0.0
93,50-54,unvaccinated,98.0,406.0,2.3333333333333335,0.0
93,50-54,old_vaccine,0.0,0.0,0.0,0.0
93,50-54,new_vaccine,0.0,0.0,0.0,0.0
93,55-59,unvaccinated,139.66666666666666,354.3333333333333,1.6666666666666667,0.0
93,55-59,old_vaccine,0.0,0.0,0.0,0.0
93,55-59,new_vaccine,0.0,0.0,0.0,0.0
93,60-64,unvaccinated,118.0,279.0,2.0,0.0
93,60-64,old_vaccine,0.0,0.0,0.0,0.0
93,60-64,new_vaccine,0.0,0.0,0.0,0.0
93,65-69,unvaccinated,190.33333333333334,152.66666666666666,2.0,0.3333333333333333
93,65-69,old_vaccine,0.0,0.0,0.0,0.0
93,65-69,new_vaccine,0.0,0.0,0.0,0.0
93,70-74,unvaccinated,196.33333333333334,120.0,3.3333333333333335,0.6666666666666666
93,70-74,old_vaccine,0.0,0.0,0.0,0.0
93,70-74,new_vaccine,0.0,0.0,0.0,0.0
93,75+,unvaccinated,358.3333333333333,161.0,6.0,1.3333333333333333
93,75+,old_vaccine,0.0,0.0,0.0,0.0
93,75+,new_vaccine,0.0,0.0,0.0,0.0
94,0-4,unvaccinated,22.666666666666668,352.0,0.3333333333333333,0.0
94,0-4,old_vaccine,0.0,0.0,0.0,0.0
94,0-4,new_vaccine,0.0,0.0,0.0,0.0
94,5-9,unvaccinated,5.333333333333333,424.0,0.0,0.0
94,5-9,old_vaccine,0.0,0.0,0.0,0.0
94,5-9,new_vaccine,0.0,0.0,0.0,0.0
94,10-14,unvaccinated,7.0,372.6666666666667,0.3333333333333333,0.0
94,10-14,old_vaccine,0.0,0.0,0.0,0.0
94,10-14,new_vaccine,0.0,0.0,0.0,0.0
94,15-19,unvaccinated,8.333333333333334,334.6666666666667,0.0,0.0
94,15-19,old_vaccine,0.0,0.0,0.0,0.0
94,15-19,new_vaccine,0.0,0.0,0.0,0.0
94,20-24,unvaccinated,25.666666666666668,387.3333333333333,0.0,0.0
94,20-24,old_vaccine,0.0,0.0,0.0,0.0
94,20-24,new_vaccine,0.0,0.0,0.0,0.0
94,25-29,unvaccinated,38.333333333333336,421.3333333333333,0.3333333333333333,0.0
94,25-29,old_vaccine,0.0,0.0,0.0,0.0
94,25-29,new_vaccine,0.0,0.0,0.0,0.0
94,30-34,unvaccinated,52.333333333333336,418.3333333333333,0.3333333333333333,0.0
94,30-34,old_vaccine,0.0,0.0,0.0,0.0
94,30-34,new_vaccine,0.0,0.0,0.0,0.0
94,35-39,unvaccinated,42.333333333333336,434.6666666666667,0.3333333333333333,0.0
94,35-39,old_vaccine,0.0,0.0,0.0,0.0
94,35-39,new_vaccine,0.0,0.0,0.0,0.0
94,40-44,unvaccinated,53.0,417.3333333333333,0.0,0.0
94,40-44,old_vaccine,0.0,0.0,0.0,0.0
94,40-44,new_vaccine,0.0,0.0,0.0,0.0
94,45-49,unvaccinated,60.0,413.3333333333333,1.6666666666666667,0.0
94,45-49,old_vaccine,0.0,0.0,0.0,0.0
94,45-49,new_vaccine,0.0,0.0,0.0,0.0
94,50-54,unvaccinated,89.0,388.3333333333333,2.0,0.0
94,50-54,old_vaccine,0.0,0.0,0.0,0.0
94,50-54,new_vaccine,0.0,0.0,0.0,0.0
94,55-59,unvaccinated,117.33333333333333,348.6666666666667,1.3333333333333333,0.3333333333333333
94,55-59,old_vaccine,0.0,0.0,0.0,0.0
94,55-59,new_vaccine,0.0,0.0,0.0,0.0
94,60-64,unvaccinated,120.33333333333333,270.3333333333333,3.3333333333333335,0.3333333333333333
94,60-64,old_vaccine,0.0,0.0,0.0,0.0
94,60-64,new_vaccine,0.0,0.0,0.0,0.0
94,65-69,unvaccinated,159.33333333333334,150.66666666666666,3.0,0.0
94,65-69,old_vaccine,0.0,0.0,0.0,0.0
94,65-69,new_vaccine,0.0,0.0,0.0,0.0
94,70-74,unvaccinated,190.66666666666666,105.33333333333333,2.3333333333333335,1.6666666666666667
94,70-74,old_vaccine,0.0,0.0,0.0,0.0
94,70-74,new_vaccine,0.0,0.0,0.0,0.0
94,75+,unvaccinated,352.0,167.33333333333334,3.3333333333333335,3.3333333333333335
94,75+,old_vaccine,0.0,0.0,0.0,0.0
94,75+,new_vaccine,0.0,0.0,0.0,0.0
95,0-4,unvaccinated,21.0,322.0,0.0,0.0
95,0-4,old_vaccine,0.0,0.0,0.0,0.0
95,0-4,new_vaccine,0.0,0.0,0.0,0.0
95,5-9,unvaccinated,3.6666666666666665,393.0,0.0,0.0
95,5-9,old_vaccine,0.0,0.0,0.0,0.0
95,5-9,new_vaccine,0.0,0.0,0.0,0.0
95,10-14,unvaccinated,6.666666666666667,376.6666666666667,0.0,0.0
95,10-14,old_vaccine,0.0,0.0,0.0,0.0
95,10-14,new_vaccine,0.0,0.0,0.0,0.0
95,15-19,unvaccinated,6.666666666666667,385.3333333333333,0.0,0.0
95,15-19,old_vaccine,0.0,0.0,0.0,0.0
95,15-19,new_vaccine,0.0,0.0,0.0,0.0
95,20-24,unvaccinated,25.333333333333332,388.6666666666667,0.3333333333333333,0.0
95,20-24,old_vaccine,0.0,0.0,0.0,0.0
95,20-24,new_vaccine,0.0,0.0,0.0,0.0
95,25-29,unvaccinated,44.333333333333336,425.6666666666667,0.0,0.0
95,25-29,old_vaccine,0.0,0.0,0.0,0.0
95,25-29,new_vaccine,0.0,0.0,0.0,0.0
95,30-34,unvaccinated,50.333333333333336,429.6666666666667,0.0,0.0
95,30-34,old_vaccine,0.0,0.0,0.0,0.0
95,30-34,new_vaccine,0.0,0.0,0.0,0.0
95,35-39,unvaccinated,41.0,428.6666666666667,0.6666666666666666,0.0
95,35-39,old_vaccine,0.0,0.0,0.0,0.0
95,35-39,new_vaccine,0.0,0.0,0.0,0.0
95,40-44,unvaccinated,38.333333333333336,420.6666666666667,0.6666666666666666,0.0
95,40-44,old_vaccine,0.0,0.0,0.0,0.0
95,40-44,new_vaccine,0.0,0.0,0.0,0.0
95,45-49,unvaccinated,60.0,387.6666666666667,0.6666666666666666,0.0
95,45-49,old_vaccine,0.0,0.0,0.0,0.0
95,45-49,new_vaccine,0.0,0.0,0.0,0.0
95,50-54,unvaccinated,91.0,411.6666666666667,0.6666666666666666,0.0
95,50-54,old_vaccine,0.0,0.0,0.0,0.0
95,50-54,new_vaccine,0.0,0.0,0.0,0.0
95,55-59,unvaccinated,122.66666666666667,341.6666666666667,1.6666666666666667,0.0
95,55-59,old_vaccine,0.0,0.0,0.0,0.0
95,55-59,new_vaccine,0.0,0.0,0.0,0.0
95,60-64,unvaccinated,117.0,290.0,1.0,0.0
95,60-64,old_vaccine,0.0,0.0,0.0,0.0
95,60-64,new_vaccine,0.0,0.0,0.0,0.0
95,65-69,unvaccinated,169.0,151.66666666666666,2.6666666666666665,1.0
95,65-69,old_vaccine,0.0,0.0,0.0,0.0
95,65-69,new_vaccine,0.0,0.0,0.0,0.0
95,70-74,unvaccinated,223.66666666666666,114.0,3.3333333333333335,1.0
95,70-74,old_vaccine,0.0,0.0,0.0,0.0
95,70-74,new_vaccine,0.0,0.0,0.0,0.0
95,75+,unvaccinated,331.0,156.33333333333334,5.666666666666667,3.0
95,75+,old_vaccine,0.0,0.0,0.0,0.0
95,75+,new_vaccine,0.0,0.0,0.0,0.0
96,0-4,unvaccinated,26.0,326.0,0.3333333333333333,0.0
96,0-4,old_vaccine,0.0,0.0,0.0,0.0
96,0-4,new_vaccine,0.0,0.0,0.0,0.0
96,5-9,unvaccinated,6.0,377.3333333333333,0.0,0.0
96,5-9,old_vaccine,0.0,0.0,0.0,0.0
96,5-9,new_vaccine,0.0,0.0,0.0,0.0
96,10-14,unvaccinated,8.666666666666666,378.6666666666667,0.0,0.0
96,10-14,old_vaccine,0.0,0.0,0.0,0.0
96,10-14,new_vaccine,0.0,0.0,0.0,0.0
96,15-19,unvaccinated,9.666666666666666,368.0,0.3333333333333333,0.0
96,15-19,old_vaccine,0.0,0.0,0.0,0.0
96,15-19,new_vaccine,0.0,0.0,0.0,0.0
96,20-24,unvaccinated,25.0,416.0,0.3333333333333333,0.0
96,20-24,old_vaccine,0.0,0.0,0.0,0.0
96,20-24,new_vaccine,0.0,0.0,0.0,0.0
96,25-29,unvaccinated,49.333333333333336,421.6666666666667,0.0,0.0
96,25-29,old_vaccine,0.0,0.0,0.0,0.0
96,25-29,new_vaccine,0.0,0.0,0.0,0.0
96,30-34,unvaccinated,50.333333333333336,464.0,1.0,0.0
96,30-34,old_vaccine,0.0,0.0,0.0,0.0
96,30-34,new_vaccine,0.0,0.0,0.0,0.0
96,35-39,unvaccinated,42.0,443.3333333333333,0.0,0.0
96,35-39,old_vaccine,0.0,0.0,0.0,0.0
96,35-39,new_vaccine,0.0,0.0,0.0,0.0
96,40-44,unvaccinated,47.333333333333336,424.3333333333333,0.3333333333333333,0.0
96,40-44,old_vaccine,0.0,0.0,0.0,0.0
96,40-44,new_vaccine,0.0,0.0,0.0,0.0
96,45-49,unvaccinated,58.666666666666664,404.0,0.3333333333333333,0.0
96,45-49,old_vaccine,0.0,0.0,0.0,0.0
96,45-49,new_vaccine,0.0,0.0,0.0,0.0
96,50-54,unvaccinated,94.0,395.0,0.3333333333333333,0.3333333333333333
96,50-54,old_vaccine,0.0,0.0,0.0,0.0
96,50-54,new_vaccine,0.0,0.0,0.0,0.0
96,55-59,unvaccinated,123.33333333333333,356.3333333333333,0.6666666666666666,0.3333333333333333
96,55-59,old_vaccine,0.0,0.0,0.0,0.0
96,55-59,new_vaccine,0.0,0.0,0.0,0.0
96,60-64,unvaccinated,121.33333333333333,287.3333333333333,2.0,0.3333333333333333
96,60-64,old_vaccine,0.0,0.0,0.0,0.0
96,60-64,new_vaccine,0.0,0.0,0.0,0.0
96,65-69,unvaccinated,185.33333333333334,166.0,3.3333333333333335,0.3333333333333333
96,65-69,old_vaccine,0.0,0.0,0.0,0.0
96,65-69,new_vaccine,0.0,0.0,0.0,0.0
96,70-74,unvaccinated,196.66666666666666,127.0,4.0,1.0
96,70-74,old_vaccine,0.0,0.0,0.0,0.0
96,70-74,new_vaccine,0.0,0.0,0.0,0.0
96,75+,unvaccinated,343.3333333333333,187.33333333333334,6.0,1.6666666666666667
96,75+,old_vaccine,0.0,0.0,0.0,0.0
96,75+,new_vaccine,0.0,0.0,0.0,0.0
97,0-4,unvaccinated,26.333333333333332,329.3333333333333,0.0,0.0
97,0-4,old_vaccine,0.0,0.0,0.0,0.0
97,0-4,new_vaccine,0.0,0.0,0.0,0.0
97,5-9,unvaccinated,8.0,382.0,0.0,0.0
97,5-9,old_vaccine,0.0,0.0,0.0,0.0
97,5-9,new_vaccine,0.0,0.0,0.0,0.0
97,10-14,unvaccinated,10.333333333333334,394.6666666666667,0.0,0.0
97,10-14,old_vaccine,0.0,0.0,0.0,0.0
97,10-14,new_vaccine,0.0,0.0,0.0,0.0
97,15-19,unvaccinated,8.666666666666666,371.0,0.0,0.0
97,15-19,old_vaccine,0.0,0.0,0.0,0.0
97,15-19,new_vaccine,0.0,0.0,0.0,0.0
97,20-24,unvaccinated,27.0,402.0,0.0,0.0
97,20-24,old_vaccine,0.0,0.0,0.0,0.0
97,20-24,new_vaccine,0.0,0.0,0.0,0.0
97,25-29,unvaccinated,44.666666666666664,432.6666666666667,0.0,0.0
97,25-29,old_vaccine,0.0,0.0,0.0,0.0
97,25-29,new_vaccine,0.0,0.0,0.0,0.0
97,30-34,unvaccinated,47.666666666666664,430.3333333333333,0.3333333333333333,0.0
97,30-34,old_vaccine,0.0,0.0,0.0,0.0
97,30-34,new_vaccine,0.0,0.0,0.0,0.0
97,35-39,unvaccinated,47.333333333333336,424.0,0.3333333333333333,0.0
97,35-39,old_vaccine,0.0,0.0,0.0,0.0
97,35-39,new_vaccine,0.0,0.0,0.0,0.0
97,40-44,unvaccinated,44.0,403.6666666666667,0.6666666666666666,0.0
97,40-44,old_vaccine,0.0,0.0,0.0,0.0
97,40-44,new_vaccine,0.0,0.0,0.0,0.0
97,45-49,unvaccinated,59.666666666666664,412.3333333333333,0.3333333333333333,0.0
97,45-49,old_vaccine,0.0,0.0,0.0,0.0
97,45-49,new_vaccine,0.0,0.0,0.0,0.0
97,50-54,unvaccinated,87.66666666666667,386.0,1.3333333333333333,0.0
97,50-54,old_vaccine,0.0,0.0,0.0,0.0
97,50-54,new_vaccine,0.0,0.0,0.0,0.0
97,55-59,unvaccinated,124.66666666666667,339.0,1.0,0.0
97,55-59,old_vaccine,0.0,0.0,0.0,0.0
97,55-59,new_vaccine,0.0,0.0,0.0,0.0
97,60-64,unvaccinated,115.66666666666667,295.6666666666667,1.6666666666666667,0.3333333333333333
97,60-64,old_vaccine,0.0,0.0,0.0,0.0
97,60-64,new_vaccine,0.0,0.0,0.0,0.0
97,65-69,unvaccinated,175.66666666666666,164.0,2.6666666666666665,0.0
97,65-69,old_vaccine,0.0,0.0,0.0,0.0
97,65-69,new_vaccine,0.0,0.0,0.0,0.0
97,70-74,unvaccinated,204.33333333333334,116.0,3.3333333333333335,1.0
97,70-74,old_vaccine,0.0,0.0,0.0,0.0
97,70-74,new_vaccine,0.0,0.0,0.0,0.0
97,75+,unvaccinated,351.0,163.0,6.333333333333333,1.3333333333333333
97,75+,old_vaccine,0.0,0.0,0.0,0.0
97,75+,new_vaccine,0.0,0.0,0.0,0.0
98,0-4,unvaccinated,20.666666666666668,346.3333333333333,0.6666666666666666,0.0
98,0-4,old_vaccine,0.0,0.0,0.0,0.0
98,0-4,new_vaccine,0.0,0.0,0.0,0.0
98,5-9,unvaccinated,5.333333333333333,409.3333333333333,0.0,0.0
98,5-9,old_vaccine,0.0,0.0,0.0,0.0
98,5-9,new_vaccine,0.0,0.0,0.0,0.0
98,10-14,unvaccinated,7.333333333333333,393.6666666666667,0.3333333333333333,0.0
98,10-14,old_vaccine,0.0,0.0,0.0,0.0
98,10-14,new_vaccine,0.0,0.0,0.0,0.0
98,15-19,unvaccinated,8.333333333333334,377.3333333333333,0.0,0.0
98,15-19,old_vaccine,0.0,0.0,0.0,0.0
98,15-19,new_vaccine,0.0,0.0,0.0,0.0
98,20-24,unvaccinated,24.333333333333332,412.6666666666667,0.0,0.0
98,20-24,old_vaccine,0.0,0.0,0.0,0.0
98,20-24,new_vaccine,0.0,0.0,0.0,0.0
98,25-29,unvaccinated,43.0,430.0,0.3333333333333333,0.0
98,25-29,old_vaccine,0.0,0.0,0.0,0.0
98,25-29,new_vaccine,0.0,0.0,0.0,0.0
98,30-34,unvaccinated,53.666666666666664,428.0,0.0,0.0
98,30-34,old_vaccine,0.0,0.0,0.0,0.0
98,30-34,new_vaccine,0.0,0.0,0.0,0.0
98,35-39,unvaccinated,53.0,426.6666666666667,0.6666666666666666,0.0
98,35-39,old_vaccine,0.0,0.0,0.0,0.0
98,35-39,new_vaccine,0.0,0.0,0.0,0.0
98,40-44,unvaccinated,46.666666666666664,418.0,0.3333333333333333,0.0
98,40-44,old_vaccine,0.0,0.0,0.0,0.0
98,40-44,new_vaccine,0.0,0.0,0.0,0.0
98,45-49,unvaccinated,51.333333333333336,374.0,0.6666666666666666,0.0
98,45-49,old_vaccine,0.0,0.0,0.0,0.0
98,45-49,new_vaccine,0.0,0.0,0.0,0.0
98,50-54,unvaccinated,97.33333333333333,394.6666666666667,2.0,0.0
98,50-54,old_vaccine,0.0,0.0,0.0,0.0
98,50-54,new_vaccine,0.0,0.0,0.0,0.0
98,55-59,unvaccinated,124.0,358.0,1.3333333333333333,0.0
98,55-59,old_vaccine,0.0,0.0,0.0,0.0
98,55-59,new_vaccine,0.0,0.0,0.0,0.0
98,60-64,unvaccinated,114.66666666666667,286.3333333333333,1.0,0.0
98,60-64,old_vaccine,0.0,0.0,0.0,0.0
98,60-64,new_vaccine,0.0,0.0,0.0,0.0
98,65-69,unvaccinated,176.0,159.0,3.0,0.6666666666666666
98,65-69,old_vaccine,0.0,0.0,0.0,0.0
98,65-69,new_vaccine,0.0,0.0,0.0,0.0
98,70-74,unvaccinated,208.33333333333334,117.33333333333333,3.3333333333333335,0.6666666666666666
98,70-74,old_vaccine,0.0,0.0,0.0,0.0
98,70-74,new_vaccine,0.0,0.0,0.0,0.0
98,75+,unvaccinated,359.6666666666667,161.66666666666666,9.0,2.3333333333333335
98,75+,old_vaccine,0.0,0.0,0.0,0.0
98,75+,new_vaccine,0.0,0.0,0.0,0.0
99,0-4,unvaccinated,31.333333333333332,347.6666666666667,1.3333333333333333,0.0
99,0-4,old_vaccine,0.0,0.0,0.0,0.0
99,0-4,new_vaccine,0.0,0.0,0.0,0.0
99,5-9,unvaccinated,6.333333333333333,403.0,0.0,0.0
99,5-9,old_vaccine,0.0,0.0,0.0,0.0
99,5-9,new_vaccine,0.0,0.0,0.0,0.0
99,10-14,unvaccinated,8.333333333333334,396.0,0.0,0.0
99,10-14,old_vaccine,0.0,0.0,0.0,0.0
99,10-14,new_vaccine,0.0,0.0,0.0,0.0
99,15-19,unvaccinated,10.666666666666666,387.3333333333333,0.3333333333333333,0.0
99,15-19,old_vaccine,0.0,0.0,0.0,0.0
99,15-19,new_vaccine,0.0,0.0,0.0,0.0
99,20-24,unvaccinated,29.666666666666668,396.0,0.0,0.0
99,20-24,old_vaccine,0.0,0.0,0.0,0.0
99,20-24,new_vaccine,0.0,0.0,0.0,0.0
99,25-29,unvaccinated,52.666666666666664,436.3333333333333,0.0,0.0
99,25-29,old_vaccine,0.0,0.0,0.0,0.0
99,25-29,new_vaccine,0.0,0.0,0.0,0.0
99,30-34,unvaccinated,51.0,429.3333333333333,0.0,0.0
99,30-34,old_vaccine,0.0,0.0,0.0,0.0
99,30-34,new_vaccine,0.0,0.0,0.0,0.0
99,35-39,unvaccinated,43.333333333333336,410.0,0.6666666666666666,0.0
99,35-39,old_vaccine,0.0,0.0,0.0,0.0
99,35-39,new_vaccine,0.0,0.0,0.0,0.0
99,40-44,unvaccinated,46.0,393.6666666666667,0.0,0.0
99,40-44,old_vaccine,0.0,0.0,0.0,0.0
99,40-44,new_vaccine,0.0,0.0,0.0,0.0
99,45-49,unvaccinated,48.666666666666664,402.6666666666667,0.6666666666666666,0.0
99,45-49,old_vaccine,0.0,0.0,0.0,0.0
99,45-49,new_vaccine,0.0,0.0,0.0,0.0
99,50-54,unvaccinated,83.66666666666667,381.3333333333333,0.6666666666666666,0.0
99,50-54,old_vaccine,0.0,0.0,0.0,0.0
99,50-54,new_vaccine,0.0,0.0,0.0,0.0
99,55-59,unvaccinated,122.33333333333333,324.6666666666667,2.3333333333333335,0.0
99,55-59,old_vaccine,0.0,0.0,0.0,0.0
99,55-59,new_vaccine,0.0,0.0,0.0,0.0
99,60-64,unvaccinated,111.0,290.0,1.0,0.0
99,60-64,old_vaccine,0.0,0.0,0.0,0.0
99,60-64,new_vaccine,0.0,0.0,0.0,0.0
99,65-69,unvaccinated,172.33333333333334,144.66666666666666,2.3333333333333335,0.3333333333333333
99,65-69,old_vaccine,0.0,0.0,0.0,0.0
99,65-69,new_vaccine,0.0,0.0,0.0,0.0
99,70-74,unvaccinated,196.0,121.66666666666667,4.0,0.3333333333333333
99,70-74,old_vaccine,0.0,0.0,0.0,0.0
99,70-74,new_vaccine,0.0,0.0,0.0,0.0
99,75+,unvaccinated,337.6666666666667,177.0,5.333333333333333,2.6666666666666665
99,75+,old_vaccine,0.0,0.0,0.0,0.0
99,75+,new_vaccine,0.0,0.0,0.0,0.0
100,0-4,unvaccinated,17.333333333333332,336.3333333333333,0.3333333333333333,0.0
100,0-4,old_vaccine,0.0,0.0,0.0,0.0
100,0-4,new_vaccine,0.0,0.0,0.0,0.0
100,5-9,unvaccinated,5.333333333333333,379.3333333333333,0.0,0.0
100,5-9,old_vaccine,0.0,0.0,0.0,0.0
100,5-9,new_vaccine,0.0,0.0,0.0,0.0
100,10-14,unvaccinated,9.666666666666666,402.3333333333333,0.0,0.0
100,10-14,old_vaccine,0.0,0.0,0.0,0.0
100,10-14,new_vaccine,0.0,0.0,0.0,0.0
100,15-19,unvaccinated,8.666666666666666,370.3333333333333,0.0,0.0
100,15-19,old_vaccine,0.0,0.0,0.0,0.0
100,15-19,new_vaccine,0.0,0.0,0.0,0.0
100,20-24,unvaccinated,26.333333333333332,402.0,0.0,0.0
100,20-24,old_vaccine,0.0,0.0,0.0,0.0
100,20-24,new_vaccine,0.0,0.0,0.0,0.0
100,25-29,unvaccinated,49.666666666666664,428.3333333333333,0.0,0.0
100,25-29,old_vaccine,0.0,0.0,0.0,0.0
100,25-29,new_vaccine,0.0,0.0,0.0,0.0
100,30-34,unvaccinated,52.666666666666664,444.0,0.3333333333333333,0.0
100,30-34,old_vaccine,0.0,0.0,0.0,0.0
100,30-34,new_vaccine,0.0,0.0,0.0,0.0
100,35-39,unvaccinated,49.666666666666664,420.0,0.0,0.0
100,35-39,old_vaccine,0.0,0.0,0.0,0.0
100,35-39,new_vaccine,0.0,0.0,0.0,0.0
100,40-44,unvaccinated,41.666666666666664,422.3333333333333,0.6666666666666666,0.0
100,40-44,old_vaccine,0.0,0.0,0.0,0.0
100,40-44,new_vaccine,0.0,0.0,0.0,0.0
100,45-49,unvaccinated,52.666666666666664,385.3333333333333,0.3333333333333333,0.0
100,45-49,old_vaccine,0.0,0.0,0.0,0.0
100,45-49,new_vaccine,0.0,0.0,0.0,0.0
100,50-54,unvaccinated,89.0,389.6666666666667,2.0,0.0
100,50-54,old_vaccine,0.0,0.0,0.0,0.0
100,50-54,new_vaccine,0.0,0.0,0.0,0.0
100,55-59,unvaccinated,117.0,349.6666666666667,1.0,0.0
100,55-59,old_vaccine,0.0,0.0,0.0,0.0
100,55-59,new_vaccine,0.0,0.0,0.0,0.0
100,60-64,unvaccinated,124.66666666666667,279.6666666666667,2.3333333333333335,0.0
100,60-64,old_vaccine,0.0,0.0,0.0,0.0
100,60-64,new_vaccine,0.0,0.0,0.0,0.0
100,65-69,unvaccinated,179.66666666666666,157.33333333333334,3.3333333333333335,0.0
100,65-69,old_vaccine,0.0,0.0,0.0,0.0
100,65-69,new_vaccine,0.0,0.0,0.0,0.0
100,70-74,unvaccinated,217.33333333333334,123.33333333333333,3.6666666666666665,1.0
100,70-74,old_vaccine,0.0,0.0,0.0,0.0
100,70-74,new_vaccine,0.0,0.0,0.0,0.0
100,75+,unvaccinated,350.3333333333333,159.33333333333334,6.0,4.0
100,75+,old_vaccine,0.0,0.0,0.0,0.0
100,75+,new_vaccine,0.0,0.0,0.0,0.0
101,0-4,unvaccinated,25.333333333333332,364.0,0.3333333333333333,0.0
101,0-4,old_vaccine,0.0,0.0,0.0,0.0
101,0-4,new_vaccine,0.0,0.0,0.0,0.0
101,5-9,unvaccinated,5.0,395.3333333333333,0.0,0.0
101,5-9,old_vaccine,0.0,0.0,0.0,0.0
101,5-9,new_vaccine,0.0,0.0,0.0,0.0
101,10-14,unvaccinated,9.0,397.0,0.0,0.0
101,10-14,old_vaccine,0.0,0.0,0.0,0.0
101,10-14,new_vaccine,0.0,0.0,0.0,0.0
101,15-19,unvaccinated,10.333333333333334,381.3333333333333,0.0,0.0
101,15-19,old_vaccine,0.0,0.0,0.0,0.0
101,15-19,new_vaccine,0.0,0.0,0.0,0.0
101,20-24,unvaccinated,26.666666666666668,400.0,0.0,0.0
101,20-24,old_vaccine,0.0,0.0,0.0,0.0
101,20-24,new_vaccine,0.0,0.0,0.0,0.0
101,25-29,unvaccinated,44.333333333333336,409.6666666666667,0.3333333333333333,0.0
101,25-29,old_vaccine,0.0,0.0,0.0,0.0
101,25-29,new_vaccine,0.0,0.0,0.0,0.0
101,30-34,unvaccinated,49.0,445.6666666666667,0.0,0.0
101,30-34,old_vaccine,0.0,0.0,0.0,0.0
101,30-34,new_vaccine,0.0,0.0,0.0,0.0
101,35-39,unvaccinated,57.0,432.3333333333333,0.0,0.0
101,35-39,old_vaccine,0.0,0.0,0.0,0.0
101,35-39,new_vaccine,0.0,0.0,0.0,0.0
101,40-44,unvaccinated,43.333333333333336,397.3333333333333,0.3333333333333333,0.0
101,40-44,old_vaccine,0.0,0.0,0.0,0.0
101,40-44,new_vaccine,0.0,0.0,0.0,0.0
101,45-49,unvaccinated,53.666666666666664,371.0,0.0,0.0
101,45-49,old_vaccine,0.0,0.0,0.0,0.0
101,45-49,new_vaccine,0.0,0.0,0.0,0.0
101,50-54,unvaccinated,89.66666666666667,404.0,0.3333333333333333,0.0
101,50-54,old_vaccine,0.0,0.0,0.0,0.0
101,50-54,new_vaccine,0.0,0.0,0.0,0.0
101,55-59,unvaccinated,118.66666666666667,362.6666666666667,1.3333333333333333,0.0
101,55-59,old_vaccine,0.0,0.0,0.0,0.0
101,55-59,new_vaccine,0.0,0.0,0.0,0.0
101,60-64,unvaccinated,112.33333333333333,279.0,1.6666666666666667,0.0
101,60-64,old_vaccine,0.0,0.0,0.0,0.0
101,60-64,new_vaccine,0.0,0.0,0.0,0.0
101,65-69,unvaccinated,188.66666666666666,174.33333333333334,5.0,0.3333333333333333
101,65-69,old_vaccine,0.0,0.0,0.0,0.0
101,65-69,new_vaccine,0.0,0.0,0.0,0.0
101,70-74,unvaccinated,192.0,116.0,2.6666666666666665,0.3333333333333333
101,70-74,old_vaccine,0.0,0.0,0.0,0.0
101,70-74,new_vaccine,0.0,0.0,0.0,0.0
101,75+,unvaccinated,348.3333333333333,168.66666666666666,7.0,3.3333333333333335
101,75+,old_vaccine,0.0,0.0,0.0,0.0
101,75+,new_vaccine,0.0,0.0,0.0,0.0
102,0-4,unvaccinated,26.333333333333332,349.0,1.0,0.0
102,0-4,old_vaccine,0.0,0.0,0.0,0.0
102,0-4,new_vaccine,0.0,0.0,0.0,0.0
102,5-9,unvaccinated,4.666666666666667,388.3333333333333,0.0,0.0
102,5-9,old_vaccine,0.0,0.0,0.0,0.0
102,5-9,new_vaccine,0.0,0.0,0.0,0.0
102,10-14,unvaccinated,8.333333333333334,381.0,0.0,0.0
102,10-14,old_vaccine,0.0,0.0,0.0,0.0
102,10-14,new_vaccine,0.0,0.0,0.0,0.0
102,15-19,unvaccinated,10.333333333333334,369.0,0.0,0.0
102,15-19,old_vaccine,0.0,0.0,0.0,0.0
102,15-19,new_vaccine,0.0,0.0,0.0,0.0
102,20-24,unvaccinated,33.0,389.6666666666667,0.0,0.0
102,20-24,old_vaccine,0.0,0.0,0.0,0.0
102,20-24,new_vaccine,0.0,0.0,0.0,0.0
102,25-29,unvaccinated,47.666666666666664,438.0,0.0,0.0
102,25-29,old_vaccine,0.0,0.0,0.0,0.0
102,25-29,new_vaccine,0.0,0.0,0.0,0.0
102,30-34,unvaccinated,57.0,412.6666666666667,0.3333333333333333,0.0
102,30-34,old_vaccine,0.0,0.0,0.0,0.0
102,30-34,new_vaccine,0.0,0.0,0.0,0.0
102,35-39,unvaccinated,38.666666666666664,410.6666666666667,0.0,0.0
102,35-39,old_vaccine,0.0,0.0,0.0,0.0
102,35-39,new_vaccine,0.0,0.0,0.0,0.0
102,40-44,unvaccinated,46.0,423.3333333333333,0.3333333333333333,0.0
102,40-44,old_vaccine,0.0,0.0,0.0,0.0
102,40-44,new_vaccine,0.0,0.0,0.0,0.0
102,45-49,unvaccinated,54.666666666666664,396.6666666666667,0.3333333333333333,0.3333333333333333
102,45-49,old_vaccine,0.0,0.0,0.0,0.0
102,45-49,new_vaccine,0.0,0.0,0.0,0.0
102,50-54,unvaccinated,88.0,398.3333333333333,0.0,0.0
102,50-54,old_vaccine,0.0,0.0,0.0,0.0
102,50-54,new_vaccine,0.0,0.0,0.0,0.0
102,55-59,unvaccinated,120.0,335.0,1.6666666666666667,0.0
102,55-59,old_vaccine,0.0,0.0,0.0,0.0
102,55-59,new_vaccine,0.0,0.0,0.0,0.0
102,60-64,unvaccinated,121.33333333333333,285.6666666666667,1.3333333333333333,0.3333333333333333
102,60-64,old_vaccine,0.0,0.0,0.0,0.0
102,60-64,new_vaccine,0.0,0.0,0.0,0.0
102,65-69,unvaccinated,181.33333333333334,159.66666666666666,3.0,0.0
102,65-69,old_vaccine,0.0,0.0,0.0,0.0
102,65-69,new_vaccine,0.0,0.0,0.0,0.0
102,70-74,unvaccinated,204.66666666666666,124.33333333333333,3.6666666666666665,0.6666666666666666
102,70-74,old_vaccine,0.0,0.0,0.0,0.0
102,70-74,new_vaccine,0.0,0.0,0.0,0.0
102,75+,unvaccinated,345.3333333333333,161.0,6.0,2.3333333333333335
102,75+,old_vaccine,0.0,0.0,0.0,0.0
102,75+,new_vaccine,0.0,0.0,0.0,0.0
103,0-4,unvaccinated,25.666666666666668,363.3333333333333,0.3333333333333333,0.0
103,0-4,old_vaccine,0.0,0.0,0.0,0.0
103,0-4,new_vaccine,0.0,0.0,0.0,0.0
103,5-9,unvaccinated,4.666666666666667,411.3333333333333,0.0,0.0
103,5-9,old_vaccine,0.0,0.0,0.0,0.0
103,5-9,new_vaccine,0.0,0.0,0.0,0.0
103,10-14,unvaccinated,9.666666666666666,388.0,0.0,0.0
103,10-14,old_vaccine,0.0,0.0,0.0,0.0
103,10-14,new_vaccine,0.0,0.0,0.0,0.0
103,15-19,unvaccinated,10.666666666666666,362.0,0.0,0.0
103,15-19,old_vaccine,0.0,0.0,0.0,0.0
103,15-19,new_vaccine,0.0,0.0,0.0,0.0
103,20-24,unvaccinated,25.666666666666668,407.3333333333333,0.0,0.0
103,20-24,old_vaccine,0.0,0.0,0.0,0.0
103,20-24,new_vaccine,0.0,0.0,0.0,0.0
103,25-29,unvaccinated,48.0,412.3333333333333,0.0,0.0
103,25-29,old_vaccine,0.0,0.0,0.0,0.0
103,25-29,new_vaccine,0.0,0.0,0.0,0.0
103,30-34,unvaccinated,42.666666666666664,420.0,1.3333333333333333,0.0
103,30-34,old_vaccine,0.0,0.0,0.0,0.0
103,30-34,new_vaccine,0.0,0.0,0.0,0.0
103,35-39,unvaccinated,38.666666666666664,425.0,0.6666666666666666,0.0
103,35-39,old_vaccine,0.0,0.0,0.0,0.0
103,35-39,new_vaccine,0.0,0.0,0.0,0.0
103,40-44,unvaccinated,47.666666666666664,420.0,0.6666666666666666,0.0
103,40-44,old_vaccine,0.0,0.0,0.0,0.0
103,40-44,new_vaccine,0.0,0.0,0.0,0.0
103,45-49,unvaccinated,51.0,385.0,0.6666666666666666,0.0
103,45-49,old_vaccine,0.0,0.0,0.0,0.0
103,45-49,new_vaccine,0.0,0.0,0.0,0.0
103,50-54,unvaccinated,92.33333333333333,387.3333333333333,1.3333333333333333,0.0
103,50-54,old_vaccine,0.0,0.0,0.0,0.0
103,50-54,new_vaccine,0.0,0.0,0.0,0.0
103,55-59,unvaccinated,124.66666666666667,370.3333333333333,1.0,0.0
103,55-59,old_vaccine,0.0,0.0,0.0,0.0
103,55-59,new_vaccine,0.0,0.0,0.0,0.0
103,60-64,unvaccinated,102.66666666666667,292.3333333333333,0.6666666666666666,0.0
103,60-64,old_vaccine,0.0,0.0,0.0,0.0
103,60-64,new_vaccine,0.0,0.0,0.0,0.0
103,65-69,unvaccinated,175.33333333333334,162.33333333333334,3.3333333333333335,0.3333333333333333
103,65-69,old_vaccine,0.0,0.0,0.0,0.0
103,65-69,new_vaccine,0.0,0.0,0.0,0.0
103,70-74,unvaccinated,210.33333333333334,119.66666666666667,3.3333333333333335,0.6666666666666666
103,70-74,old_vaccine,0.0,0.0,0.0,0.0
103,70-74,new_vaccine,0.0,0.0,0.0,0.0
103,75+,unvaccinated,334.0,165.66666666666666,4.0,2.0
103,75+,old_vaccine,0.0,0.0,0.0,0.0
103,75+,new_vaccine,0.0,0.0,0.0,0.0
104,0-4,unvaccinated,23.666666666666668,346.3333333333333,0.0,0.0
104,0-4,old_vaccine,0.0,0.0,0.0,0.0
104,0-4,new_vaccine,0.0,0.0,0.0,0.0
104,5-9,unvaccinated,4.666666666666667,422.6666666666667,0.0,0.0
104,5-9,old_vaccine,0.0,0.0,0.0,0.0
104,5-9,new_vaccine,0.0,0.0,0.0,0.0
104,10-14,unvaccinated,8.0,384.0,0.0,0.0
104,10-14,old_vaccine,0.0,0.0,0.0,0.0
104,10-14,new_vaccine,0.0,0.0,0.0,0.0
104,15-19,unvaccinated,10.333333333333334,364.0,0.0,0.0
104,15-19,old_vaccine,0.0,0.0,0.0,0.0
104,15-19,new_vaccine,0.0,0.0,0.0,0.0
104,20-24,unvaccinated,26.666666666666668,389.0,0.0,0.0
104,20-24,old_vaccine,0.0,0.0,0.0,0.0
104,20-24,new_vaccine,0.0,0.0,0.0,0.0
104,25-29,unvaccinated,45.666666666666664,417.0,0.0,0.0
104,25-29,old_vaccine,0.0,0.0,0.0,0.0
104,25-29,new_vaccine,0.0,0.0,0.0,0.0
104,30-34,unvaccinated,47.666666666666664,433.0,0.3333333333333333,0.0
104,30-34,old_vaccine,0.0,0.0,0.0,0.0
104,30-34,new_vaccine,0.0,0.0,0.0,0.0
104,35-39,unvaccinated,41.666666666666664,442.6666666666667,0.6666666666666666,0.0
104,35-39,old_vaccine,0.0,0.0,0.0,0.0
104,35-39,new_vaccine,0.0,0.0,0.0,0.0
104,40-44,unvaccinated,43.0,399.6666666666667,0.0,0.0
104,40-44,old_vaccine,0.0,0.0,0.0,0.0
104,40-44,new_vaccine,0.0,0.0,0.0,0.0
104,45-49,unvaccinated,53.666666666666664,391.6666666666667,0.6666666666666666,0.0
104,45-49,old_vaccine,0.0,0.0,0.0,0.0
104,45-49,new_vaccine,0.0,0.0,0.0,0.0
104,50-54,unvaccinated,89.0,386.0,0.6666666666666666,0.0
104,50-54,old_vaccine,0.0,0.0,0.0,0.0
104,50-54,new_vaccine,0.0,0.0,0.0,0.0
104,55-59,unvaccinated,114.66666666666667,328.3333333333333,1.6666666666666667,0.0
104,55-59,old_vaccine,0.0,0.0,0.0,0.0
104,55-59,new_vaccine,0.0,0.0,0.0,0.0
104,60-64,unvaccinated,115.0,271.0,2.3333333333333335,0.3333333333333333
104,60-64,old_vaccine,0.0,0.0,0.0,0.0
104,60-64,new_vaccine,0.0,0.0,0.0,0.0
104,65-69,unvaccinated,176.66666666666666,148.33333333333334,4.333333333333333,0.0
104,65-69,old_vaccine,0.0,0.0,0.0,0.0
104,65-69,new_vaccine,0.0,0.0,0.0,0.0
104,70-74,unvaccinated,209.66666666666666,118.0,2.0,1.0
104,70-74,old_vaccine,0.0,0.0,0.0,0.0
104,70-74,new_vaccine,0.0,0.0,0.0,0.0
104,75+,unvaccinated,350.0,173.33333333333334,6.666666666666667,2.0
104,75+,old_vaccine,0.0,0.0,0.0,0.0
104,75+,new_vaccine,0.0,0.0,0.0,0.0
105,0-4,unvaccinated,28.666666666666668,345.6666666666667,0.0,0.0
105,0-4,old_vaccine,0.0,0.0,0.0,0.0
105,0-4,new_vaccine,0.0,0.0,0.0,0.0
105,5-9,unvaccinated,3.6666666666666665,407.0,0.0,0.0
105,5-9,old_vaccine,0.0,0.0,0.0,0.0
105,5-9,new_vaccine,0.0,0.0,0.0,0.0
105,10-14,unvaccinated,7.0,382.3333333333333,0.0,0.0
105,10-14,old_vaccine,0.0,0.0,0.0,0.0
105,10-14,new_vaccine,0.0,0.0,0.0,0.0
105,15-19,unvaccinated,7.666666666666667,348.3333333333333,0.0,0.0
105,15-19,old_vaccine,0.0,0.0,0.0,0.0
105,15-19,new_vaccine,0.0,0.0,0.0,0.0
105,20-24,unvaccinated,30.0,360.0,0.3333333333333333,0.0
105,20-24,old_vaccine,0.0,0.0,0.0,0.0
105,20-24,new_vaccine,0.0,0.0,0.0,0.0
105,25-29,unvaccinated,45.333333333333336,440.6666666666667,0.6666666666666666,0.0
105,25-29,old_vaccine,0.0,0.0,0.0,0.0
105,25-29,new_vaccine,0.0,0.0,0.0,0.0
105,30-34,unvaccinated,51.0,424.6666666666667,0.0,0.0
105,30-34,old_vaccine,0.0,0.0,0.0,0.0
105,30-34,new_vaccine,0.0,0.0,0.0,0.0
105,35-39,unvaccinated,43.333333333333336,433.6666666666667,0.3333333333333333,0.0
105,35-39,old_vaccine,0.0,0.0,0.0,0.0
105,35-39,new_vaccine,0.0,0.0,0.0,0.0
105,40-44,unvaccinated,50.0,397.6666666666667,0.3333333333333333,0.0
105,40-44,old_vaccine,0.0,0.0,0.0,0.0
105,40-44,new_vaccine,0.0,0.0,0.0,0.0
105,45-49,unvaccinated,57.0,383.3333333333333,0.3333333333333333,0.0
105,45-49,old_vaccine,0.0,0.0,0.0,0.0
105,45-49,new_vaccine,0.0,0.0,0.0,0.0
105,50-54,unvaccinated,101.33333333333333,371.6666666666667,0.6666666666666666,0.0
105,50-54,old_vaccine,0.0,0.0,0.0,0.0
105,50-54,new_vaccine,0.0,0.0,0.0,0.0
105,55-59,unvaccinated,121.66666666666667,351.0,1.0,0.0
105,55-59,old_vaccine,0.0,0.0,0.0,0.0
105,55-59,new_vaccine,0.0,0.0,0.0,0.0
105,60-64,unvaccinated,105.0,284.3333333333333,1.3333333333333333,0.3333333333333333
105,60-64,old_vaccine,0.0,0.0,0.0,0.0
105,60-64,new_vaccine,0.0,0.0,0.0,0.0
105,65-69,unvaccinated,183.0,144.66666666666666,3.6666666666666665,0.0
105,65-69,old_vaccine,0.0,0.0,0.0,0.0
105,65-69,new_vaccine,0.0,0.0,0.0,0.0
105,70-74,unvaccinated,205.66666666666666,114.66666666666667,3.3333333333333335,0.6666666666666666
105,70-74,old_vaccine,0.0,0.0,0.0,0.0
105,70-74,new_vaccine,0.0,0.0,0.0,0.0
105,75+,unvaccinated,346.0,166.0,7.333333333333333,4.333333333333333
105,75+,old_vaccine,0.0,0.0,0.0,0.0
105,75+,new_vaccine,0.0,0.0,0.0,0.0
106,0-4,unvaccinated,26.333333333333332,357.0,0.0,0.0
106,0-4,old_vaccine,0.0,0.0,0.0,0.0
106,0-4,new_vaccine,0.0,0.0,0.0,0.0
106,5-9,unvaccinated,4.0,436.6666666666667,0.0,0.0
106,5-9,old_vaccine,0.0,0.0,0.0,0.0
106,5-9,new_vaccine,0.0,0.0,0.0,0.0
106,10-14,unvaccinated,11.0,393.0,0.0,0.0
106,10-14,old_vaccine,0.0,0.0,0.0,0.0
106,10-14,new_vaccine,0.0,0.0,0.0,0.0
106,15-19,unvaccinated,9.333333333333334,350.6666666666667,0.0,0.0
106,15-19,old_vaccine,0.0,0.0,0.0,0.0
106,15-19,new_vaccine,0.0,0.0,0.0,0.0
106,20-24,unvaccinated,28.666666666666668,376.6666666666667,0.0,0.0
106,20-24,old_vaccine,0.0,0.0,0.0,0.0
106,20-24,new_vaccine,0.0,0.0,0.0,0.0
106,25-29,unvaccinated,46.333333333333336,419.6666666666667,0.0,0.0
106,25-29,old_vaccine,0.0,0.0,0.0,0.0
106,25-29,new_vaccine,0.0,0.0,0.0,0.0
106,30-34,unvaccinated,57.666666666666664,422.6666666666667,0.3333333333333333,0.0
106,30-34,old_vaccine,0.0,0.0,0.0,0.0
106,30-34,new_vaccine,0.0,0.0,0.0,0.0
106,35-39,unvaccinated,40.666666666666664,433.3333333333333,0.3333333333333333,0.0
106,35-39,old_vaccine,0.0,0.0,0.0,0.0
106,35-39,new_vaccine,0.0,0.0,0.0,0.0
106,40-44,unvaccinated,46.0,421.6666666666667,0.3333333333333333,0.0
106,40-44,old_vaccine,0.0,0.0,0.0,0.0
106,40-44,new_vaccine,0.0,0.0,0.0,0.0
106,45-49,unvaccinated,51.333333333333336,401.3333333333333,0.6666666666666666,0.0
106,45-49,old_vaccine,0.0,0.0,0.0,0.0
106,45-49,new_vaccine,0.0,0.0,0.0,0.0
106,50-54,unvaccinated,96.0,399.6666666666667,1.3333333333333333,0.0
106,50-54,old_vaccine,0.0,0.0,0.0,0.0
106,50-54,new_vaccine,0.0,0.0,0.0,0.0
106,55-59,unvaccinated,120.66666666666667,351.3333333333333,1.0,0.3333333333333333
106,55-59,old_vaccine,0.0,0.0,0.0,0.0
106,55-59,new_vaccine,0.0,0.0,0.0,0.0
106,60-64,unvaccinated,117.0,289.6666666666667,0.6666666666666666,0.0
106,60-64,old_vaccine,0.0,0.0,0.0,0.0
106,60-64,new_vaccine,0.0,0.0,0.0,0.0
106,65-69,unvaccinated,192.0,144.0,3.6666666666666665,0.3333333333333333
106,65-69,old_vaccine,0.0,0.0,0.0,0.0
106,65-69,new_vaccine,0.0,0.0,0.0,0.0
106,70-74,unvaccinated,202.0,124.0,3.6666666666666665,0.6666666666666666
106,70-74,old_vaccine,0.0,0.0,0.0,0.0
106,70-74,new_vaccine,0.0,0.0,0.0,0.0
106,75+,unvaccinated,357.6666666666667,161.66666666666666,5.666666666666667,2.0
106,75+,old_vaccine,0.0,0.0,0.0,0.0
106,75+,new_vaccine,0.0,0.0,0.0,0.0
107,0-4,unvaccinated,27.666666666666668,356.3333333333333,0.3333333333333333,0.0
107,0-4,old_vaccine,0.0,0.0,0.0,0.0
107,0-4,new_vaccine,0.0,0.0,0.0,0.0
107,5-9,unvaccinated,4.0,393.6666666666667,0.0,0.0
107,5-9,old_vaccine,0.0,0.0,0.0,0.0
107,5-9,new_vaccine,0.0,0.0,0.0,0.0
107,10-14,unvaccinated,7.333333333333333,394.6666666666667,0.0,0.0
107,10-14,old_vaccine,0.0,0.0,0.0,0.0
107,10-14,new_vaccine,0.0,0.0,0.0,0.0
107,15-19,unvaccinated,10.333333333333334,356.3333333333333,0.0,0.0
107,15-19,old_vaccine,0.0,0.0,0.0,0.0
107,15-19,new_vaccine,0.0,0.0,0.0,0.0
107,20-24,unvaccinated,28.333333333333332,378.6666666666667,0.3333333333333333,0.0
107,20-24,old_vaccine,0.0,0.0,0.0,0.0
107,20-24,new_vaccine,0.0,0.0,0.0,0.0
107,25-29,unvaccinated,53.0,424.0,0.0,0.0
107,25-29,old_vaccine,0.0,0.0,0.0,0.0
107,25-29,new_vaccine,0.0,0.0,0.0,0.0
107,30-34,unvaccinated,54.333333333333336,428.6666666666667,0.6666666666666666,0.0
107,30-34,old_vaccine,0.0,0.0,0.0,0.0
107,30-34,new_vaccine,0.0,0.0,0.0,0.0
107,35-39,unvaccinated,42.0,429.0,0.3333333333333333,0.0
107,35-39,old_vaccine,0.0,0.0,0.0,0.0
107,35-39,new_vaccine,0.0,0.0,0.0,0.0
107,40-44,unvaccinated,43.0,414.0,0.3333333333333333,0.0
107,40-44,old_vaccine,0.0,0.0,0.0,0.0
107,40-44,new_vaccine,0.0,0.0,0.0,0.0
107,45-49,unvaccinated,52.666666666666664,429.0,1.3333333333333333,0.0
107,45-49,old_vaccine,0.0,0.0,0.0,0.0
107,45-49,new_vaccine,0.0,0.0,0.0,0.0
107,50-54,unvaccinated,98.0,406.6666666666667,1.3333333333333333,0.0
107,50-54,old_vaccine,0.0,0.0,0.0,0.0
107,50-54,new_vaccine,0.0,0.0,0.0,0.0
107,55-59,unvaccinated,110.33333333333333,344.6666666666667,1.0,0.0
107,55-59,old_vaccine,0.0,0.0,0.0,0.0
107,55-59,new_vaccine,0.0,0.0,0.0,0.0
107,60-64,unvaccinated,113.66666666666667,291.6666666666667,0.3333333333333333,0.3333333333333333
107,60-64,old_vaccine,0.0,0.0,0.0,0.0
107,60-64,new_vaccine,0.0,0.0,0.0,0.0
107,65-69,unvaccinated,177.66666666666666,158.66666666666666,0.6666666666666666,0.3333333333333333
107,65-69,old_vaccine,0.0,0.0,0.0,0.0
107,65-69,new_vaccine,0.0,0.0,0.0,0.0
107,70-74,unvaccinated,189.66666666666666,117.0,1.6666666666666667,0.0
107,70-74,old_vaccine,0.0,0.0,0.0,0.0
107,70-74,new_vaccine,0.0,0.0,0.0,0.0
107,75+,unvaccinated,346.0,172.0,7.0,3.0
107,75+,old_vaccine,0.0,0.0,0.0,0.0
107,75+,new_vaccine,0.0,0.0,0.0,0.0
108,0-4,unvaccinated,20.333333333333332,360.3333333333333,0.0,0.0
108,0-4,old_vaccine,0.0,0.0,0.0,0.0
108,0-4,new_vaccine,0.0,0.0,0.0,0.0
108,5-9,unvaccinated,7.333333333333333,402.0,0.0,0.0
108,5-9,old_vaccine,0.0,0.0,0.0,0.0
108,5-9,new_vaccine,0.0,0.0,0.0,0.0
108,10-14,unvaccinated,6.0,404.6666666666667,0.0,0.0
108,10-14,old_vaccine,0.0,0.0,0.0,0.0
108,10-14,new_vaccine,0.0,0.0,0.0,0.0
108,15-19,unvaccinated,10.666666666666666,356.0,0.0,0.0
108,15-19,old_vaccine,0.0,0.0,0.0,0.0
108,15-19,new_vaccine,0.0,0.0,0.0,0.0
108,20-24,unvaccinated,25.666666666666668,401.0,0.0,0.0
108,20-24,old_vaccine,0.0,0.0,0.0,0.0
108,20-24,new_vaccine,0.0,0.0,0.0,0.0
108,25-29,unvaccinated,47.666666666666664,444.6666666666667,0.0,0.0
108,25-29,old_vaccine,0.0,0.0,0.0,0.0
108,25-29,new_vaccine,0.0,0.0,0.0,0.0
108,30-34,unvaccinated,52.666666666666664,433.6666666666667,0.0,0.0
108,30-34,old_vaccine,0.0,0.0,0.0,0.0
108,30-34,new_vaccine,0.0,0.0,0.0,0.0
108,35-39,unvaccinated,50.0,445.0,0.3333333333333333,0.0
108,35-39,old_vaccine,0.0,0.0,0.0,0.0
108,35-39,new_vaccine,0.0,0.0,0.0,0.0
108,40-44,unvaccinated,45.666666666666664,426.6666666666667,0.0,0.0
108,40-44,old_vaccine,0.0,0.0,0.0,0.0
108,40-44,new_vaccine,0.0,0.0,0.0,0.0
108,45-49,unvaccinated,58.333333333333336,414.3333333333333,0.3333333333333333,0.0
108,45-49,old_vaccine,0.0,0.0,0.0,0.0
108,45-49,new_vaccine,0.0,0.0,0.0,0.0
108,50-54,unvaccinated,99.33333333333333,377.6666666666667,2.6666666666666665,0.0
108,50-54,old_vaccine,0.0,0.0,0.0,0.0
108,50-54,new_vaccine,0.0,0.0,0.0,0.0
108,55-59,unvaccinated,103.0,349.3333333333333,1.3333333333333333,0.0
108,55-59,old_vaccine,0.0,0.0,0.0,0.0
108,55-59,new_vaccine,0.0,0.0,0.0,0.0
108,60-64,unvaccinated,110.33333333333333,286.0,1.6666666666666667,0.3333333333333333
108,60-64,old_vaccine,0.0,0.0,0.0,0.0
108,60-64,new_vaccine,0.0,0.0,0.0,0.0
108,65-69,unvaccinated,181.33333333333334,157.33333333333334,3.6666666666666665,0.0
108,65-69,old_vaccine,0.0,0.0,0.0,0.0
108,65-69,new_vaccine,0.0,0.0,0.0,0.0
108,70-74,unvaccinated,201.33333333333334,112.66666666666667,5.666666666666667,0.3333333333333333
108,70-74,old_vaccine,0.0,0.0,0.0,0.0
108,70-74,new_vaccine,0.0,0.0,0.0,0.0
108,75+,unvaccinated,326.3333333333333,168.66666666666666,7.0,2.3333333333333335
108,75+,old_vaccine,0.0,0.0,0.0,0.0
108,75+,new_vaccine,0.0,0.0,0.0,0.0
109,0-4,unvaccinated,25.0,348.0,0.0,0.0
109,0-4,old_vaccine,0.0,0.0,0.0,0.0
109,0-4,new_vaccine,0.0,0.0,0.0,0.0
109,5-9,unvaccinated,8.333333333333334,391.6666666666667,0.0,0.0
109,5-9,old_vaccine,0.0,0.0,0.0,0.0
109,5-9,new_vaccine,0.0,0.0,0.0,0.0
109,10-14,unvaccinated,9.0,385.3333333333333,0.0,0.0
109,10-14,old_vaccine,0.0,0.0,0.0,0.0
109,10-14,new_vaccine,0.0,0.0,0.0,0.0
109,15-19,unvaccinated,10.0,373.0,0.0,0.0
109,15-19,old_vaccine,0.0,0.0,0.0,0.0
109,15-19,new_vaccine,0.0,0.0,0.0,0.0
109,20-24,unvaccinated,26.666666666666668,388.3333333333333,0.0,0.0
109,20-24,old_vaccine,0.0,0.0,0.0,0.0
109,20-24,new_vaccine,0.0,0.0,0.0,0.0
109,25-29,unvaccinated,53.333333333333336,408.3333333333333,0.0,0.0
109,25-29,old_vaccine,0.0,0.0,0.0,0.0
109,25-29,new_vaccine,0.0,0.0,0.0,0.0
109,30-34,unvaccinated,47.0,427.6666666666667,0.0,0.0
109,30-34,old_vaccine,0.0,0.0,0.0,0.0
109,30-34,new_vaccine,0.0,0.0,0.0,0.0
109,35-39,unvaccinated,53.0,424.3333333333333,1.0,0.0
109,35-39,old_vaccine,0.0,0.0,0.0,0.0
109,35-39,new_vaccine,0.0,0.0,0.0,0.0
109,40-44,unvaccinated,46.333333333333336,415.6666666666667,0.0,0.0
109,40-44,old_vaccine,0.0,0.0,0.0,0.0
109,40-44,new_vaccine,0.0,0.0,0.0,0.0
109,45-49,unvaccinated,49.333333333333336,400.3333333333333,1.3333333333333333,0.0
109,45-49,old_vaccine,0.0,0.0,0.0,0.0
109,45-49,new_vaccine,0.0,0.0,0.0,0.0
109,50-54,unvaccinated,88.0,386.3333333333333,2.0,0.0
109,50-54,old_vaccine,0.0,0.0,0.0,0.0
109,50-54,new_vaccine,0.0,0.0,0.0,0.0
109,55-59,unvaccinated,125.33333333333333,366.3333333333333,1.6666666666666667,0.0
109,55-59,old_vaccine,0.0,0.0,0.0,0.0
109,55-59,new_vaccine,0.0,0.0,0.0,0.0
109,60-64,unvaccinated,128.66666666666666,295.0,1.6666666666666667,0.3333333333333333
109,60-64,old_vaccine,0.0,0.0,0.0,0.0
109,60-64,new_vaccine,0.0,0.0,0.0,0.0
109,65-69,unvaccinated,174.0,157.66666666666666,3.6666666666666665,0.6666666666666666
109,65-69,old_vaccine,0.0,0.0,0.0,0.0
109,65-69,new_vaccine,0.0,0.0,0.0,0.0
109,70-74,unvaccinated,213.66666666666666,113.0,3.6666666666666665,0.3333333333333333
109,70-74,old_vaccine,0.0,0.0,0.0,0.0
109,70-74,new_vaccine,0.0,0.0,0.0,0.0
109,75+,unvaccinated,335.3333333333333,162.66666666666666,6.666666666666667,2.3333333333333335
109,75+,old_vaccine,0.0,0.0,0.0,0.0
109,75+,new_vaccine,0.0,0.0,0.0,0.0
110,0-4,unvaccinated,23.333333333333332,322.3333333333333,0.0,0.0
110,0-4,old_vaccine,0.0,0.0,0.0,0.0
110,0-4,new_vaccine,0.0,0.0,0.0,0.0
110,5-9,unvaccinated,4.666666666666667,379.6666666666667,0.3333333333333333,0.0
110,5-9,old_vaccine,0.0,0.0,0.0,0.0
110,5-9,new_vaccine,0.0,0.0,0.0,0.0
110,10-14,unvaccinated,8.666666666666666,376.3333333333333,0.0,0.0
110,10-14,old_vaccine,0.0,0.0,0.0,0.0
110,10-14,new_vaccine,0.0,0.0,0.0,0.0
110,15-19,unvaccinated,11.333333333333334,357.3333333333333,0.0,0.0
110,15-19,old_vaccine,0.0,0.0,0.0,0.0
110,15-19,new_vaccine,0.0,0.0,0.0,0.0
110,20-24,unvaccinated,24.666666666666668,377.6666666666667,0.0,0.0
110,20-24,old_vaccine,0.0,0.0,0.0,0.0
110,20-24,new_vaccine,0.0,0.0,0.0,0.0
110,25-29,unvaccinated,45.333333333333336,413.3333333333333,0.3333333333333333,0.0
110,25-29,old_vaccine,0.0,0.0,0.0,0.0
110,25-29,new_vaccine,0.0,0.0,0.0,0.0
110,30-34,unvaccinated,48.0,424.6666666666667,0.3333333333333333,0.0
110,30-34,old_vaccine,0.0,0.0,0.0,0.0
110,30-34,new_vaccine,0.0,0.0,0.0,0.0
110,35-39,unvaccinated,51.333333333333336,429.0,0.0,0.0
110,35-39,old_vaccine,0.0,0.0,0.0,0.0
110,35-39,new_vaccine,0.0,0.0,0.0,0.0
110,40-44,unvaccinated,45.0,406.3333333333333,0.0,0.0
110,40-44,old_vaccine,0.0,0.0,0.0,0.0
110,40-44,new_vaccine,0.0,0.0,0.0,0.0
110,45-49,unvaccinated,54.333333333333336,386.3333333333333,0.3333333333333333,0.0
110,45-49,old_vaccine,0.0,0.0,0.0,0.0
110,45-49,new_vaccine,0.0,0.0,0.0,0.0
110,50-54,unvaccinated,103.33333333333333,399.6666666666667,0.6666666666666666,0.0
110,50-54,old_vaccine,0.0,0.0,0.0,0.0
110,50-54,new_vaccine,0.0,0.0,0.0,0.0
110,55-59,unvaccinated,127.0,354.3333333333333,0.6666666666666666,0.0
110,55-59,old_vaccine,0.0,0.0,0.0,0.0
110,55-59,new_vaccine,0.0,0.0,0.0,0.0
110,60-64,unvaccinated,118.33333333333333,277.0,0.6666666666666666,0.6666666666666666
110,60-64,old_vaccine,0.0,0.0,0.0,0.0
110,60-64,new_vaccine,0.0,0.0,0.0,0.0
110,65-69,unvaccinated,172.66666666666666,151.66666666666666,1.6666666666666667,0.6666666666666666
110,65-69,old_vaccine,0.0,0.0,0.0,0.0
110,65-69,new_vaccine,0.0,0.0,0.0,0.0
110,70-74,unvaccinated,199.0,106.66666666666667,6.0,1.3333333333333333
110,70-74,old_vaccine,0.0,0.0,0.0,0.0
110,70-74,new_vaccine,0.0,0.0,0.0,0.0
110,75+,unvaccinated,359.0,168.33333333333334,6.0,2.0
110,75+,old_vaccine,0.0,0.0,0.0,0.0
110,75+,new_vaccine,0.0,0.0,0.0,0.0
111,0-4,unvaccinated,25.666666666666668,327.0,0.3333333333333333,0.0
111,0-4,old_vaccine,0.0,0.0,0.0,0.0
111,0-4,new_vaccine,0.0,0.0,0.0,0.0
111,5-9,unvaccinated,4.333333333333333,397.6666666666667,0.3333333333333333,0.0
111,5-9,old_vaccine,0.0,0.0,0.0,0.0
111,5-9,new_vaccine,0.0,0.0,0.0,0.0
111,10-14,unvaccinated,7.666666666666667,367.0,0.0,0.0
111,10-14,old_vaccine,0.0,0.0,0.0,0.0
111,10-14,new_vaccine,0.0,0.0,0.0,0.0
111,15-19,unvaccinated,9.0,371.6666666666667,0.0,0.0
111,15-19,old_vaccine,0.0,0.0,0.0,0.0
111,15-19,new_vaccine,0.0,0.0,0.0,0.0
111,20-24,unvaccinated,30.666666666666668,402.3333333333333,0.0,0.0
111,20-24,old_vaccine,0.0,0.0,0.0,0.0
111,20-24,new_vaccine,0.0,0.0,0.0,0.0
111,25-29,unvaccinated,45.333333333333336,433.3333333333333,0.0,0.0
111,25-29,old_vaccine,0.0,0.0,0.0,0.0
111,25-29,new_vaccine,0.0,0.0,0.0,0.0
111,30-34,unvaccinated,43.0,434.0,0.0,0.0
111,30-34,old_vaccine,0.0,0.0,0.0,0.0
111,30-34,new_vaccine,0.0,0.0,0.0,0.0
111,35-39,unvaccinated,37.666666666666664,432.6666666666667,0.0,0.0
111,35-39,old_vaccine,0.0,0.0,0.0,0.0
111,35-39,new_vaccine,0.0,0.0,0.0,0.0
111,40-44,unvaccinated,50.333333333333336,391.6666666666667,0.3333333333333333,0.0
111,40-44,old_vaccine,0.0,0.0,0.0,0.0
111,40-44,new_vaccine,0.0,0.0,0.0,0.0
111,45-49,unvaccinated,52.0,380.0,0.6666666666666666,0.0
111,45-49,old_vaccine,0.0,0.0,0.0,0.0
111,45-49,new_vaccine,0.0,0.0,0.0,0.0
111,50-54,unvaccinated,97.33333333333333,395.0,1.6666666666666667,0.0
111,50-54,old_vaccine,0.0,0.0,0.0,0.0
111,50-54,new_vaccine,0.0,0.0,0.0,0.0
111,55-59,unvaccinated,121.66666666666667,347.3333333333333,0.6666666666666666,0.6666666666666666
111,55-59,old_vaccine,0.0,0.0,0.0,0.0
111,55-59,new_vaccine,0.0,0.0,0.0,0.0
111,60-64,unvaccinated,109.66666666666667,281.0,1.3333333333333333,0.0
111,60-64,old_vaccine,0.0,0.0,0.0,0.0
111,60-64,new_vaccine,0.0,0.0,0.0,0.0
111,65-69,unvaccinated,171.66666666666666,142.0,3.0,0.3333333333333333
111,65-69,old_vaccine,0.0,0.0,0.0,0.0
111,65-69,new_vaccine,0.0,0.0,0.0,0.0
111,70-74,unvaccinated,198.33333333333334,124.0,2.3333333333333335,1.0
111,70-74,old_vaccine,0.0,0.0,0.0,0.0
111,70-74,new_vaccine,0.0,0.0,0.0,0.0
111,75+,unvaccinated,334.6666666666667,166.0,7.333333333333333,1.3333333333333333
111,75+,old_vaccine,0.0,0.0,0.0,0.0
111,75+,new_vaccine,0.0,0.0,0.0,0.0
112,0-4,unvaccinated,22.666666666666668,339.3333333333333,0.0,0.0
112,0-4,old_vaccine,0.0,0.0,0.0,0.0
112,0-4,new_vaccine,0.0,0.0,0.0,0.0
112,5-9,unvaccinated,8.666666666666666,401.3333333333333,0.3333333333333333,0.0
112,5-9,old_vaccine,0.0,0.0,0.0,0.0
112,5-9,new_vaccine,0.0,0.0,0.0,0.0
112,10-14,unvaccinated,8.0,382.3333333333333,0.0,0.0
112,10-14,old_vaccine,0.0,0.0,0.0,0.0
112,10-14,new_vaccine,0.0,0.0,0.0,0.0
112,15-19,unvaccinated,10.0,347.0,0.0,0.0
112,15-19,old_vaccine,0.0,0.0,0.0,0.0
112,15-19,new_vaccine,0.0,0.0,0.0,0.0
112,20-24,unvaccinated,27.333333333333332,382.0,0.0,0.0
112,20-24,old_vaccine,0.0,0.0,0.0,0.0
112,20-24,new_vaccine,0.0,0.0,0.0,0.0
112,25-29,unvaccinated,47.333333333333336,440.0,0.0,0.0
112,25-29,old_vaccine,0.0,0.0,0.0,0.0
112,25-29,new_vaccine,0.0,0.0,0.0,0.0
112,30-34,unvaccinated,48.0,440.0,0.3333333333333333,0.0
112,30-34,old_vaccine,0.0,0.0,0.0,0.0
112,30-34,new_vaccine,0.0,0.0,0.0,0.0
112,35-39,unvaccinated,44.0,432.6666666666667,0.0,0.0
112,35-39,old_vaccine,0.0,0.0,0.0,0.0
112,35-39,new_vaccine,0.0,0.0,0.0,0.0
112,40-44,unvaccinated,45.666666666666664,405.0,0.3333333333333333,0.0
112,40-44,old_vaccine,0.0,0.0,0.0,0.0
112,40-44,new_vaccine,0.0,0.0,0.0,0.0
112,45-49,unvaccinated,57.666666666666664,387.6666666666667,1.3333333333333333,0.0
112,45-49,old_vaccine,0.0,0.0,0.0,0.0
112,45-49,new_vaccine,0.0,0.0,0.0,0.0
112,50-54,unvaccinated,83.0,369.6666666666667,1.0,0.0
112,50-54,old_vaccine,0.0,0.0,0.0,0.0
112,50-54,new_vaccine,0.0,0.0,0.0,0.0
112,55-59,unvaccinated,122.0,334.0,3.0,0.0
112,55-59,old_vaccine,0.0,0.0,0.0,0.0
112,55-59,new_vaccine,0.0,0.0,0.0,0.0
112,60-64,unvaccinated,114.66666666666667,285.3333333333333,2.3333333333333335,0.3333333333333333
112,60-64,old_vaccine,0.0,0.0,0.0,0.0
112,60-64,new_vaccine,0.0,0.0,0.0,0.0
112,65-69,unvaccinated,176.0,154.0,3.3333333333333335,0.0
112,65-69,old_vaccine,0.0,0.0,0.0,0.0
112,65-69,new_vaccine,0.0,0.0,0.0,0.0
112,70-74,unvaccinated,204.33333333333334,125.0,3.3333333333333335,1.3333333333333333
112,70-74,old_vaccine,0.0,0.0,0.0,0.0
112,70-74,new_vaccine,0.0,0.0,0.0,0.0
112,75+,unvaccinated,366.3333333333333,175.33333333333334,6.0,3.6666666666666665
112,75+,old_vaccine,0.0,0.0,0.0,0.0
112,75+,new_vaccine,0.0,0.0,0.0,0.0
113,0-4,unvaccinated,27.666666666666668,360.3333333333333,0.0,0.0
113,0-4,old_vaccine,0.0,0.0,0.0,0.0
113,0-4,new_vaccine,0.0,0.0,0.0,0.0
113,5-9,unvaccinated,5.666666666666667,388.6666666666667,0.0,0.0
113,5-9,old_vaccine,0.0,0.0,0.0,0.0
113,5-9,new_vaccine,0.0,0.0,0.0,0.0
113,10-14,unvaccinated,7.0,382.6666666666667,0.0,0.0
113,10-14,old_vaccine,0.0,0.0,0.0,0.0
113,10-14,new_vaccine,0.0,0.0,0.0,0.0
113,15-19,unvaccinated,9.0,376.6666666666667,0.0,0.0
113,15-19,old_vaccine,0.0,0.0,0.0,0.0
113,15-19,new_vaccine,0.0,0.0,0.0,0.0
113,20-24,unvaccinated,28.666666666666668,428.0,0.0,0.0
113,20-24,old_vaccine,0.0,0.0,0.0,0.0
113,20-24,new_vaccine,0.0,0.0,0.0,0.0
113,25-29,unvaccinated,47.0,428.0,0.6666666666666666,0.0
113,25-29,old_vaccine,0.0,0.0,0.0,0.0
113,25-29,new_vaccine,0.0,0.0,0.0,0.0
113,30-34,unvaccinated,52.0,423.3333333333333,0.0,0.0
113,30-34,old_vaccine,0.0,0.0,0.0,0.0
113,30-34,new_vaccine,0.0,0.0,0.0,0.0
113,35-39,unvaccinated,41.666666666666664,430.3333333333333,0.0,0.0
113,35-39,old_vaccine,0.0,0.0,0.0,0.0
113,35-39,new_vaccine,0.0,0.0,0.0,0.0
113,40-44,unvaccinated,49.333333333333336,434.0,0.3333333333333333,0.0
113,40-44,old_vaccine,0.0,0.0,0.0,0.0
113,40-44,new_vaccine,0.0,0.0,0.0,0.0
113,45-49,unvaccinated,57.333333333333336,391.6666666666667,1.0,0.0
113,45-49,old_vaccine,0.0,0.0,0.0,0.0
113,45-49,new_vaccine,0.0,0.0,0.0,0.0
113,50-54,unvaccinated,91.66666666666667,386.6666666666667,0.3333333333333333,0.0
113,50-54,old_vaccine,0.0,0.0,0.0,0.0
113,50-54,new_vaccine,0.0,0.0,0.0,0.0
113,55-59,unvaccinated,118.33333333333333,328.3333333333333,0.6666666666666666,0.0
113,55-59,old_vaccine,0.0,0.0,0.0,0.0
113,55-59,new_vaccine,0.0,0.0,0.0,0.0
113,60-64,unvaccinated,119.66666666666667,273.0,1.3333333333333333,0.3333333333333333
113,60-64,old_vaccine,0.0,0.0,0.0,0.0
113,60-64,new_vaccine,0.0,0.0,0.0,0.0
113,65-69,unvaccinated,194.66666666666666,160.0,4.0,0.3333333333333333
113,65-69,old_vaccine,0.0,0.0,0.0,0.0
113,65-69,new_vaccine,0.0,0.0,0.0,0.0
113,70-74,unvaccinated,197.33333333333334,134.66666666666666,4.333333333333333,1.0
113,70-74,old_vaccine,0.0,0.0,0.0,0.0
113,70-74,new_vaccine,0.0,0.0,0.0,0.0
113,75+,unvaccinated,342.3333333333333,148.66666666666666,5.333333333333333,1.3333333333333333
113,75+,old_vaccine,0.0,0.0,0.0,0.0
113,75+,new_vaccine,0.0,0.0,0.0,0.0
114,0-4,unvaccinated,23.333333333333332,338.3333333333333,0.3333333333333333,0.0
114,0-4,old_vaccine,0.0,0.0,0.0,0.0
114,0-4,new_vaccine,0.0,0.0,0.0,0.0
114,5-9,unvaccinated,7.0,401.6666666666667,0.0,0.0
114,5-9,old_vaccine,0.0,0.0,0.0,0.0
114,5-9,new_vaccine,0.0,0.0,0.0,0.0
114,10-14,unvaccinated,7.0,398.3333333333333,0.3333333333333333,0.0
114,10-14,old_vaccine,0.0,0.0,0.0,0.0
114,10-14,new_vaccine,0.0,0.0,0.0,0.0
114,15-19,unvaccinated,9.666666666666666,373.3333333333333,0.0,0.0
114,15-19,old_vaccine,0.0,0.0,0.0,0.0
114,15-19,new_vaccine,0.0,0.0,0.0,0.0
114,20-24,unvaccinated,28.666666666666668,395.0,0.0,0.0
114,20-24,old_vaccine,0.0,0.0,0.0,0.0
114,20-24,new_vaccine,0.0,0.0,0.0,0.0
114,25-29,unvaccinated,47.0,433.0,0.0,0.0
114,25-29,old_vaccine,0.0,0.0,0.0,0.0
114,25-29,new_vaccine,0.0,0.0,0.0,0.0
114,30-34,unvaccinated,52.666666666666664,435.6666666666667,0.6666666666666666,0.0
114,30-34,old_vaccine,0.0,0.0,0.0,0.0
114,30-34,new_vaccine,0.0,0.0,0.0,0.0
114,35-39,unvaccinated,44.666666666666664,406.6666666666667,0.0,0.0
114,35-39,old_vaccine,0.0,0.0,0.0,0.0
114,35-39,new_vaccine,0.0,0.0,0.0,0.0
114,40-44,unvaccinated,40.666666666666664,407.3333333333333,0.3333333333333333,0.0
114,40-44,old_vaccine,0.0,0.0,0.0,0.0
114,40-44,new_vaccine,0.0,0.0,0.0,0.0
114,45-49,unvaccinated,48.666666666666664,398.0,1.0,0.0
114,45-49,old_vaccine,0.0,0.0,0.0,0.0
114,45-49,new_vaccine,0.0,0.0,0.0,0.0
114,50-54,unvaccinated,94.66666666666667,378.6666666666667,0.3333333333333333,0.0
114,50-54,old_vaccine,0.0,0.0,0.0,0.0
114,50-54,new_vaccine,0.0,0.0,0.0,0.0
114,55-59,unvaccinated,126.33333333333333,354.0,1.3333333333333333,0.0
114,55-59,old_vaccine,0.0,0.0,0.0,0.0
114,55-59,new_vaccine,0.0,0.0,0.0,0.0
114,60-64,unvaccinated,122.33333333333333,280.3333333333333,0.6666666666666666,0.3333333333333333
114,60-64,old_vaccine,0.0,0.0,0.0,0.0
114,60-64,new_vaccine,0.0,0.0,0.0,0.0
114,65-69,unvaccinated,191.0,157.0,3.6666666666666665,0.6666666666666666
114,65-69,old_vaccine,0.0,0.0,0.0,0.0
114,65-69,new_vaccine,0.0,0.0,0.0,0.0
114,70-74,unvaccinated,191.66666666666666,133.66666666666666,3.6666666666666665,0.6666666666666666
114,70-74,old_vaccine,0.0,0.0,0.0,0.0
114,70-74,new_vaccine,0.0,0.0,0.0,0.0
114,75+,unvaccinated,336.6666666666667,167.0,6.666666666666667,2.0
114,75+,old_vaccine,0.0,0.0,0.0,0.0
114,75+,new_vaccine,0.0,0.0,0.0,0.0
115,0-4,unvaccinated,24.666666666666668,347.0,0.0,0.0
115,0-4,old_vaccine,0.0,0.0,0.0,0.0
115,0-4,new_vaccine,0.0,0.0,0.0,0.0
115,5-9,unvaccinated,4.333333333333333,403.3333333333333,0.0,0.0
115,5-9,old_vaccine,0.0,0.0,0.0,0.0
115,5-9,new_vaccine,0.0,0.0,0.0,0.0
115,10-14,unvaccinated,7.333333333333333,387.0,0.3333333333333333,0.0
115,10-14,old_vaccine,0.0,0.0,0.0,0.0
115,10-14,new_vaccine,0.0,0.0,0.0,0.0
115,15-19,unvaccinated,12.333333333333334,364.6666666666667,0.0,0.0
115,15-19,old_vaccine,0.0,0.0,0.0,0.0
115,15-19,new_vaccine,0.0,0.0,0.0,0.0
115,20-24,unvaccinated,22.0,380.6666666666667,0.0,0.0
115,20-24,old_vaccine,0.0,0.0,0.0,0.0
115,20-24,new_vaccine,0.0,0.0,0.0,0.0
115,25-29,unvaccinated,44.666666666666664,412.6666666666667,0.0,0.0
115,25-29,old_vaccine,0.0,0.0,0.0,0.0
115,25-29,new_vaccine,0.0,0.0,0.0,0.0
115,30-34,unvaccinated,55.0,434.0,0.0,0.0
115,30-34,old_vaccine,0.0,0.0,0.0,0.0
115,30-34,new_vaccine,0.0,0.0,0.0,0.0
115,35-39,unvaccinated,47.333333333333336,437.3333333333333,0.3333333333333333,0.0
115,35-39,old_vaccine,0.0,0.0,0.0,0.0
115,35-39,new_vaccine,0.0,0.0,0.0,0.0
115,40-44,unvaccinated,48.333333333333336,401.0,0.0,0.0
115,40-44,old_vaccine,0.0,0.0,0.0,0.0
115,40-44,new_vaccine,0.0,0.0,0.0,0.0
115,45-49,unvaccinated,63.666666666666664,379.6666666666667,0.0,0.0
115,45-49,old_vaccine,0.0,0.0,0.0,0.0
115,45-49,new_vaccine,0.0,0.0,0.0,0.0
115,50-54,unvaccinated,96.33333333333333,393.6666666666667,0.6666666666666666,0.0
115,50-54,old_vaccine,0.0,0.0,0.0,0.0
115,50-54,new_vaccine,0.0,0.0,0.0,0.0
115,55-59,unvaccinated,126.33333333333333,345.3333333333333,1.0,0.0
115,55-59,old_vaccine,0.0,0.0,0.0,0.0
115,55-59,new_vaccine,0.0,0.0,0.0,0.0
115,60-64,unvaccinated,125.66666666666667,280.0,2.3333333333333335,0.0
115,60-64,old_vaccine,0.0,0.0,0.0,0.0
115,60-64,new_vaccine,0.0,0.0,0.0,0.0
115,65-69,unvaccinated,182.66666666666666,153.33333333333334,3.6666666666666665,0.0
115,65-69,old_vaccine,0.0,0.0,0.0,0.0
115,65-69,new_vaccine,0.0,0.0,0.0,0.0
115,70-74,unvaccinated,189.66666666666666,124.33333333333333,2.6666666666666665,0.6666666666666666
115,70-74,old_vaccine,0.0,0.0,0.0,0.0
115,70-74,new_vaccine,0.0,0.0,0.0,0.0
115,75+,unvaccinated,357.3333333333333,155.66666666666666,5.333333333333333,2.6666666666666665
115,75+,old_vaccine,0.0,0.0,0.0,0.0
115,75+,new_vaccine,0.0,0.0,0.0,0.0
116,0-4,unvaccinated,25.333333333333332,331.6666666666667,0.0,0.0
116,0-4,old_vaccine,0.0,0.0,0.0,0.0
116,0-4,new_vaccine,0.0,0.0,0.0,0.0
116,5-9,unvaccinated,6.333333333333333,416.6666666666667,0.0,0.0
116,5-9,old_vaccine,0.0,0.0,0.0,0.0
116,5-9,new_vaccine,0.0,0.0,0.0,0.0
116,10-14,unvaccinated,9.333333333333334,377.3333333333333,0.0,0.0
116,10-14,old_vaccine,0.0,0.0,0.0,0.0
116,10-14,new_vaccine,0.0,0.0,0.0,0.0
116,15-19,unvaccinated,10.666666666666666,377.0,0.0,0.0
116,15-19,old_vaccine,0.0,0.0,0.0,0.0
116,15-19,new_vaccine,0.0,0.0,0.0,0.0
116,20-24,unvaccinated,29.666666666666668,398.6666666666667,0.0,0.0
116,20-24,old_vaccine,0.0,0.0,0.0,0.0
116,20-24,new_vaccine,0.0,0.0,0.0,0.0
116,25-29,unvaccinated,42.333333333333336,413.6666666666667,0.0,0.0
116,25-29,old_vaccine,0.0,0.0,0.0,0.0
116,25-29,new_vaccine,0.0,0.0,0.0,0.0
116,30-34,unvaccinated,47.0,440.0,0.0,0.0
116,30-34,old_vaccine,0.0,0.0,0.0,0.0
116,30-34,new_vaccine,0.0,0.0,0.0,0.0
116,35-39,unvaccinated,48.0,419.3333333333333,0.6666666666666666,0.0
116,35-39,old_vaccine,0.0,0.0,0.0,0.0
116,35-39,new_vaccine,0.0,0.0,0.0,0.0
116,40-44,unvaccinated,49.0,417.6666666666667,0.0,0.0
116,40-44,old_vaccine,0.0,0.0,0.0,0.0
116,40-44,new_vaccine,0.0,0.0,0.0,0.0
116,45-49,unvaccinated,60.333333333333336,391.0,0.3333333333333333,0.0
116,45-49,old_vaccine,0.0,0.0,0.0,0.0
116,45-49,new_vaccine,0.0,0.0,0.0,0.0
116,50-54,unvaccinated,108.0,410.3333333333333,1.0,0.0
116,50-54,old_vaccine,0.0,0.0,0.0,0.0
116,50-54,new_vaccine,0.0,0.0,0.0,0.0
116,55-59,unvaccinated,129.66666666666666,350.0,1.6666666666666667,0.0
116,55-59,old_vaccine,0.0,0.0,0.0,0.0
116,55-59,new_vaccine,0.0,0.0,0.0,0.0
116,60-64,unvaccinated,118.66666666666667,285.0,3.0,0.0
116,60-64,old_vaccine,0.0,0.0,0.0,0.0
116,60-64,new_vaccine,0.0,0.0,0.0,0.0
116,65-69,unvaccinated,179.33333333333334,158.0,1.6666666666666667,0.3333333333333333
116,65-69,old_vaccine,0.0,0.0,0.0,0.0
116,65-69,new_vaccine,0.0,0.0,0.0,0.0
116,70-74,unvaccinated,199.0,119.33333333333333,4.0,1.6666666666666667
116,70-74,old_vaccine,0.0,0.0,0.0,0.0
116,70-74,new_vaccine,0.0,0.0,0.0,0.0
116,75+,unvaccinated,344.0,173.66666666666666,7.333333333333333,1.6666666666666667
116,75+,old_vaccine,0.0,0.0,0.0,0.0
116,75+,new_vaccine,0.0,0.0,0.0,0.0
117,0-4,unvaccinated,25.333333333333332,349.0,0.0,0.0
117,0-4,old_vaccine,0.0,0.0,0.0,0.0
117,0-4,new_vaccine,0.0,0.0,0.0,0.0
117,5-9,unvaccinated,6.666666666666667,394.6666666666667,0.3333333333333333,0.0
117,5-9,old_vaccine,0.0,0.0,0.0,0.0
117,5-9,new_vaccine,0.0,0.0,0.0,0.0
117,10-14,unvaccinated,9.333333333333334,386.0,0.0,0.0
117,10-14,old_vaccine,0.0,0.0,0.0,0.0
117,10-14,new_vaccine,0.0,0.0,0.0,0.0
117,15-19,unvaccinated,9.333333333333334,373.3333333333333,0.0,0.0
117,15-19,old_vaccine,0.0,0.0,0.0,0.0
117,15-19,new_vaccine,0.0,0.0,0.0,0.0
117,20-24,unvaccinated,26.666666666666668,398.6666666666667,0.0,0.0
117,20-24,old_vaccine,0.0,0.0,0.0,0.0
117,20-24,new_vaccine,0.0,0.0,0.0,0.0
117,25-29,unvaccinated,52.666666666666664,445.3333333333333,0.0,0.0
117,25-29,old_vaccine,0.0,0.0,0.0,0.0
117,25-29,new_vaccine,0.0,0.0,0.0,0.0
117,30-34,unvaccinated,47.666666666666664,406.0,1.0,0.3333333333333333
117,30-34,old_vaccine,0.0,0.0,0.0,0.0
117,30-34,new_vaccine,0.0,0.0,0.0,0.0
117,35-39,unvaccinated,46.666666666666664,440.6666666666667,0.0,0.0
117,35-39,old_vaccine,0.0,0.0,0.0,0.0
117,35-39,new_vaccine,0.0,0.0,0.0,0.0
117,40-44,unvaccinated,52.0,407.6666666666667,1.0,0.0
117,40-44,old_vaccine,0.0,0.0,0.0,0.0
117,40-44,new_vaccine,0.0,0.0,0.0,0.0
117,45-49,unvaccinated,52.666666666666664,383.3333333333333,1.3333333333333333,0.0
117,45-49,old_vaccine,0.0,0.0,0.0,0.0
117,45-49,new_vaccine,0.0,0.0,0.0,0.0
117,50-54,unvaccinated,96.33333333333333,382.0,0.6666666666666666,0.0
117,50-54,old_vaccine,0.0,0.0,0.0,0.0
117,50-54,new_vaccine,0.0,0.0,0.0,0.0
117,55-59,unvaccinated,119.66666666666667,330.6666666666667,1.0,0.0
117,55-59,old_vaccine,0.0,0.0,0.0,0.0
117,55-59,new_vaccine,0.0,0.0,0.0,0.0
117,60-64,unvaccinated,106.0,292.3333333333333,1.0,0.0
117,60-64,old_vaccine,0.0,0.0,0.0,0.0
117,60-64,new_vaccine,0.0,0.0,0.0,0.0
117,65-69,unvaccinated,168.0,155.0,3.0,0.3333333333333333
117,65-69,old_vaccine,0.0,0.0,0.0,0.0
117,65-69,new_vaccine,0.0,0.0,0.0,0.0
117,70-74,unvaccinated,203.66666666666666,135.33333333333334,3.6666666666666665,0.6666666666666666
117,70-74,old_vaccine,0.0,0.0,0.0,0.0
117,70-74,new_vaccine,0.0,0.0,0.0,0.0
117,75+,unvaccinated,330.6666666666667,168.0,6.666666666666667,1.3333333333333333
117,75+,old_vaccine,0.0,0.0,0.0,0.0
117,75+,new_vaccine,0.0,0.0,0.0,0.0
118,0-4,unvaccinated,21.333333333333332,354.3333333333333,0.3333333333333333,0.0
118,0-4,old_vaccine,0.0,0.0,0.0,0.0
118,0-4,new_vaccine,0.0,0.0,0.0,0.0
118,5-9,unvaccinated,8.0,405.0,0.0,0.0
118,5-9,old_vaccine,0.0,0.0,0.0,0.0
118,5-9,new_vaccine,0.0,0.0,0.0,0.0
118,10-14,unvaccinated,9.666666666666666,395.6666666666667,0.0,0.0
118,10-14,old_vaccine,0.0,0.0,0.0,0.0
118,10-14,new_vaccine,0.0,0.0,0.0,0.0
118,15-19,unvaccinated,9.666666666666666,362.6666666666667,0.0,0.0
118,15-19,old_vaccine,0.0,0.0,0.0,0.0
118,15-19,new_vaccine,0.0,0.0,0.0,0.0
118,20-24,unvaccinated,24.666666666666668,374.3333333333333,0.0,0.0
118,20-24,old_vaccine,0.0,0.0,0.0,0.0
118,20-24,new_vaccine,0.0,0.0,0.0,0.0
118,25-29,unvaccinated,41.333333333333336,420.3333333333333,0.0,0.0
118,25-29,old_vaccine,0.0,0.0,0.0,0.0
118,25-29,new_vaccine,0.0,0.0,0.0,0.0
118,30-34,unvaccinated,46.333333333333336,423.3333333333333,0.3333333333333333,0.0
118,30-34,old_vaccine,0.0,0.0,0.0,0.0
118,30-34,new_vaccine,0.0,0.0,0.0,0.0
118,35-39,unvaccinated,42.333333333333336,430.3333333333333,0.0,0.0
118,35-39,old_vaccine,0.0,0.0,0.0,0.0
118,35-39,new_vaccine,0.0,0.0,0.0,0.0
118,40-44,unvaccinated,42.666666666666664,404.0,0.0,0.0
118,40-44,old_vaccine,0.0,0.0,0.0,0.0
118,40-44,new_vaccine,0.0,0.0,0.0,0.0
118,45-49,unvaccinated,51.333333333333336,391.3333333333333,0.6666666666666666,0.0
118,45-49,old_vaccine,0.0,0.0,0.0,0.0
118,45-49,new_vaccine,0.0,0.0,0.0,0.0
118,50-54,unvaccinated,98.0,391.3333333333333,1.0,0.0
118,50-54,old_vaccine,0.0,0.0,0.0,0.0
118,50-54,new_vaccine,0.0,0.0,0.0,0.0
118,55-59,unvaccinated,114.66666666666667,364.6666666666667,2.3333333333333335,0.3333333333333333
118,55-59,old_vaccine,0.0,0.0,0.0,0.0
118,55-59,new_vaccine,0.0,0.0,0.0,0.0
118,60-64,unvaccinated,119.33333333333333,270.0,2.0,0.3333333333333333
118,60-64,old_vaccine,0.0,0.0,0.0,0.0
118,60-64,new_vaccine,0.0,0.0,0.0,0.0
118,65-69,unvaccinated,182.0,154.0,3.3333333333333335,0.6666666666666666
118,65-69,old_vaccine,0.0,0.0,0.0,0.0
118,65-69,new_vaccine,0.0,0.0,0.0,0.0
118,70-74,unvaccinated,205.0,111.33333333333333,2.3333333333333335,0.3333333333333333
118,70-74,old_vaccine,0.0,0.0,0.0,0.0
118,70-74,new_vaccine,0.0,0.0,0.0,0.0
118,75+,unvaccinated,328.6666666666667,176.0,6.666666666666667,2.3333333333333335
118,75+,old_vaccine,0.0,0.0,0.0,0.0
118,75+,new_vaccine,0.0,0.0,0.0,0.0
119,0-4,unvaccinated,24.0,362.0,0.0,0.0
119,0-4,old_vaccine,0.0,0.0,0.0,0.0
119,0-4,new_vaccine,0.0,0.0,0.0,0.0
119,5-9,unvaccinated,6.666666666666667,388.0,0.0,0.0
119,5-9,old_vaccine,0.0,0.0,0.0,0.0
119,5-9,new_vaccine,0.0,0.0,0.0,0.0
119,10-14,unvaccinated,9.666666666666666,403.0,0.0,0.0
119,10-14,old_vaccine,0.0,0.0,0.0,0.0
119,10-14,new_vaccine,0.0,0.0,0.0,0.0
119,15-19,unvaccinated,11.333333333333334,342.0,0.0,0.0
119,15-19,old_vaccine,0.0,0.0,0.0,0.0
119,15-19,new_vaccine,0.0,0.0,0.0,0.0
119,20-24,unvaccinated,25.333333333333332,382.6666666666667,0.3333333333333333,0.0
119,20-24,old_vaccine,0.0,0.0,0.0,0.0
119,20-24,new_vaccine,0.0,0.0,0.0,0.0
119,25-29,unvaccinated,44.0,431.3333333333333,0.0,0.0
119,25-29,old_vaccine,0.0,0.0,0.0,0.0
119,25-29,new_vaccine,0.0,0.0,0.0,0.0
119,30-34,unvaccinated,53.666666666666664,424.6666666666667,0.0,0.0
119,30-34,old_vaccine,0.0,0.0,0.0,0.0
119,30-34,new_vaccine,0.0,0.0,0.0,0.0
119,35-39,unvaccinated,39.666666666666664,444.0,0.0,0.0
119,35-39,old_vaccine,0.0,0.0,0.0,0.0
119,35-39,new_vaccine,0.0,0.0,0.0,0.0
119,40-44,unvaccinated,44.666666666666664,419.3333333333333,0.0,0.0
119,40-44,old_vaccine,0.0,0.0,0.0,0.0
119,40-44,new_vaccine,0.0,0.0,0.0,0.0
119,45-49,unvaccinated,54.666666666666664,401.0,0.3333333333333333,0.0
119,45-49,old_vaccine,0.0,0.0,0.0,0.0
119,45-49,new_vaccine,0.0,0.0,0.0,0.0
119,50-54,unvaccinated,96.33333333333333,383.6666666666667,1.6666666666666667,0.0
119,50-54,old_vaccine,0.0,0.0,0.0,0.0
119,50-54,new_vaccine,0.0,0.0,0.0,0.0
119,55-59,unvaccinated,120.66666666666667,328.6666666666667,1.3333333333333333,0.0
119,55-59,old_vaccine,0.0,0.0,0.0,0.0
119,55-59,new_vaccine,0.0,0.0,0.0,0.0
119,60-64,unvaccinated,113.0,281.6666666666667,2.0,0.6666666666666666
119,60-64,old_vaccine,0.0,0.0,0.0,0.0
119,60-64,new_vaccine,0.0,0.0,0.0,0.0
119,65-69,unvaccinated,187.0,164.66666666666666,0.6666666666666666,0.6666666666666666
119,65-69,old_vaccine,0.0,0.0,0.0,0.0
119,65-69,new_vaccine,0.0,0.0,0.0,0.0
119,70-74,unvaccinated,202.33333333333334,122.33333333333333,4.0,1.6666666666666667
119,70-74,old_vaccine,0.0,0.0,0.0,0.0
119,70-74,new_vaccine,0.0,0.0,0.0,0.0
119,75+,unvaccinated,349.0,158.66666666666666,7.666666666666667,3.6666666666666665
119,75+,old_vaccine,0.0,0.0,0.0,0.0
119,75+,new_vaccine,0.0,0.0,0.0,0.0
120,0-4,unvaccinated,26.0,344.6666666666667,0.3333333333333333,0.0
120,0-4,old_vaccine,0.0,0.0,0.0,0.0
120,0-4,new_vaccine,0.0,0.0,0.0,0.0
120,5-9,unvaccinated,4.666666666666667,413.0,0.0,0.0
120,5-9,old_vaccine,0.0,0.0,0.0,0.0
120,5-9,new_vaccine,0.0,0.0,0.0,0.0
120,10-14,unvaccinated,8.333333333333334,384.6666666666667,0.0,0.0
120,10-14,old_vaccine,0.0,0.0,0.0,0.0
120,10-14,new_vaccine,0.0,0.0,0.0,0.0
120,15-19,unvaccinated,10.666666666666666,364.0,0.0,0.0
120,15-19,old_vaccine,0.0,0.0,0.0,0.0
120,15-19,new_vaccine,0.0,0.0,0.0,0.0
120,20-24,unvaccinated,27.666666666666668,400.0,0.3333333333333333,0.0
120,20-24,old_vaccine,0.0,0.0,0.0,0.0
120,20-24,new_vaccine,0.0,0.0,0.0,0.0
120,25-29,unvaccinated,47.333333333333336,417.3333333333333,0.0,0.0
120,25-29,old_vaccine,0.0,0.0,0.0,0.0
120,25-29,new_vaccine,0.0,0.0,0.0,0.0
120,30-34,unvaccinated,52.666666666666664,436.6666666666667,0.3333333333333333,0.0
120,30-34,old_vaccine,0.0,0.0,0.0,0.0
120,30-34,new_vaccine,0.0,0.0,0.0,0.0
120,35-39,unvaccinated,42.333333333333336,411.6666666666667,0.3333333333333333,0.0
120,35-39,old_vaccine,0.0,0.0,0.0,0.0
120,35-39,new_vaccine,0.0,0.0,0.0,0.0
120,40-44,unvaccinated,40.666666666666664,401.3333333333333,0.0,0.0
120,40-44,old_vaccine,0.0,0.0,0.0,0.0
120,40-44,new_vaccine,0.0,0.0,0.0,0.0
120,45-49,unvaccinated,64.0,385.3333333333333,1.0,0.0
120,45-49,old_vaccine,0.0,0.0,0.0,0.0
120,45-49,new_vaccine,0.0,0.0,0.0,0.0
120,50-54,unvaccinated,89.0,377.6666666666667,1.6666666666666667,0.0
120,50-54,old_vaccine,0.0,0.0,0.0,0.0
120,50-54,new_vaccine,0.0,0.0,0.0,0.0
120,55-59,unvaccinated,110.0,341.3333333333333,0.6666666666666666,0.3333333333333333
120,55-59,old_vaccine,0.0,0.0,0.0,0.0
120,55-59,new_vaccine,0.0,0.0,0.0,0.0
120,60-64,unvaccinated,114.66666666666667,279.6666666666667,2.0,0.0
120,60-64,old_vaccine,0.0,0.0,0.0,0.0
120,60-64,new_vaccine,0.0,0.0,0.0,0.0
120,65-69,unvaccinated,178.0,157.0,3.3333333333333335,0.0
120,65-69,old_vaccine,0.0,0.0,0.0,0.0
120,65-69,new_vaccine,0.0,0.0,0.0,0.0
120,70-74,unvaccinated,186.33333333333334,119.66666666666667,2.3333333333333335,0.6666666666666666
120,70-74,old_vaccine,0.0,0.0,0.0,0.0
120,70-74,new_vaccine,0.0,0.0,0.0,0.0
120,75+,unvaccinated,342.3333333333333,163.66666666666666,7.666666666666667,3.0
120,75+,old_vaccine,0.0,0.0,0.0,0.0
120,75+,new_vaccine,0.0,0.0,0.0,0.0
121,0-4,unvaccinated,24.333333333333332,344.3333333333333,0.3333333333333333,0.0
121,0-4,old_vaccine,0.0,0.0,0.0,0.0
121,0-4,new_vaccine,0.0,0.0,0.0,0.0
121,5-9,unvaccinated,5.666666666666667,405.0,0.0,0.0
121,5-9,old_vaccine,0.0,0.0,0.0,0.0
121,5-9,new_vaccine,0.0,0.0,0.0,0.0
121,10-14,unvaccinated,7.666666666666667,380.6666666666667,0.0,0.0
121,10-14,old_vaccine,0.0,0.0,0.0,0.0
121,10-14,new_vaccine,0.0,0.0,0.0,0.0
121,15-19,unvaccinated,10.333333333333334,350.0,0.0,0.0
121,15-19,old_vaccine,0.0,0.0,0.0,0.0
121,15-19,new_vaccine,0.0,0.0,0.0,0.0
121,20-24,unvaccinated,26.0,396.0,0.0,0.0
121,20-24,old_vaccine,0.0,0.0,0.0,0.0
121,20-24,new_vaccine,0.0,0.0,0.0,0.0
121,25-29,unvaccinated,52.333333333333336,432.3333333333333,0.0,0.0
121,25-29,old_vaccine,0.0,0.0,0.0,0.0
121,25-29,new_vaccine,0.0,0.0,0.0,0.0
121,30-34,unvaccinated,50.0,432.0,0.6666666666666666,0.0
121,30-34,old_vaccine,0.0,0.0,0.0,0.0
121,30-34,new_vaccine,0.0,0.0,0.0,0.0
121,35-39,unvaccinated,43.0,439.0,0.0,0.0
121,35-39,old_vaccine,0.0,0.0,0.0,0.0
121,35-39,new_vaccine,0.0,0.0,0.0,0.0
121,40-44,unvaccinated,44.666666666666664,438.0,0.3333333333333333,0.0
121,40-44,old_vaccine,0.0,0.0,0.0,0.0
121,40-44,new_vaccine,0.0,0.0,0.0,0.0
121,45-49,unvaccinated,52.333333333333336,389.0,0.0,0.0
121,45-49,old_vaccine,0.0,0.0,0.0,0.0
121,45-49,new_vaccine,0.0,0.0,0.0,0.0
121,50-54,unvaccinated,92.33333333333333,385.3333333333333,1.0,0.0
121,50-54,old_vaccine,0.0,0.0,0.0,0.0
121,50-54,new_vaccine,0.0,0.0,0.0,0.0
121,55-59,unvaccinated,134.66666666666666,363.3333333333333,1.0,0.0
121,55-59,old_vaccine,0.0,0.0,0.0,0.0
121,55-59,new_vaccine,0.0,0.0,0.0,0.0
121,60-64,unvaccinated,108.33333333333333,290.0,1.3333333333333333,0.3333333333333333
121,60-64,old_vaccine,0.0,0.0,0.0,0.0
121,60-64,new_vaccine,0.0,0.0,0.0,0.0
121,65-69,unvaccinated,178.0,150.0,2.3333333333333335,0.3333333333333333
121,65-69,old_vaccine,0.0,0.0,0.0,0.0
121,65-69,new_vaccine,0.0,0.0,0.0,0.0
121,70-74,unvaccinated,207.33333333333334,124.66666666666667,3.0,0.6666666666666666
121,70-74,old_vaccine,0.0,0.0,0.0,0.0
121,70-74,new_vaccine,0.0,0.0,0.0,0.0
121,75+,unvaccinated,335.6666666666667,155.33333333333334,6.0,3.6666666666666665
121,75+,old_vaccine,0.0,0.0,0.0,0.0
121,75+,new_vaccine,0.0,0.0,0.0,0.0
122,0-4,unvaccinated,22.0,363.0,0.0,0.0
122,0-4,old_vaccine,0.0,0.0,0.0,0.0
122,0-4,new_vaccine,0.0,0.0,0.0,0.0
122,5-9,unvaccinated,4.333333333333333,382.3333333333333,0.3333333333333333,0.0
122,5-9,old_vaccine,0.0,0.0,0.0,0.0
122,5-9,new_vaccine,0.0,0.0,0.0,0.0
122,10-14,unvaccinated,7.0,410.0,0.0,0.0
122,10-14,old_vaccine,0.0,0.0,0.0,0.0
122,10-14,new_vaccine,0.0,0.0,0.0,0.0
122,15-19,unvaccinated,10.0,366.0,0.0,0.0
122,15-19,old_vaccine,0.0,0.0,0.0,0.0
122,15-19,new_vaccine,0.0,0.0,0.0,0.0
122,20-24,unvaccinated,27.333333333333332,388.6666666666667,0.0,0.0
122,20-24,old_vaccine,0.0,0.0,0.0,0.0
122,20-24,new_vaccine,0.0,0.0,0.0,0.0
122,25-29,unvaccinated,46.333333333333336,441.3333333333333,0.3333333333333333,0.0
122,25-29,old_vaccine,0.0,0.0,0.0,0.0
122,25-29,new_vaccine,0.0,0.0,0.0,0.0
122,30-34,unvaccinated,48.0,420.6666666666667,0.3333333333333333,0.0
122,30-34,old_vaccine,0.0,0.0,0.0,0.0
122,30-34,new_vaccine,0.0,0.0,0.0,0.0
122,35-39,unvaccinated,52.0,427.6666666666667,0.0,0.0
122,35-39,old_vaccine,0.0,0.0,0.0,0.0
122,35-39,new_vaccine,0.0,0.0,0.0,0.0
122,40-44,unvaccinated,42.0,404.3333333333333,0.6666666666666666,0.0
122,40-44,old_vaccine,0.0,0.0,0.0,0.0
122,40-44,new_vaccine,0.0,0.0,0.0,0.0
122,45-49,unvaccinated,56.666666666666664,413.0,1.0,0.0
122,45-49,old_vaccine,0.0,0.0,0.0,0.0
122,45-49,new_vaccine,0.0,0.0,0.0,0.0
122,50-54,unvaccinated,96.33333333333333,386.6666666666667,1.6666666666666667,0.0
122,50-54,old_vaccine,0.0,0.0,0.0,0.0
122,50-54,new_vaccine,0.0,0.0,0.0,0.0
122,55-59,unvaccinated,122.33333333333333,349.3333333333333,0.3333333333333333,0.0
122,55-59,old_vaccine,0.0,0.0,0.0,0.0
122,55-59,new_vaccine,0.0,0.0,0.0,0.0
122,60-64,unvaccinated,116.0,286.3333333333333,2.3333333333333335,0.0
122,60-64,old_vaccine,0.0,0.0,0.0,0.0
122,60-64,new_vaccine,0.0,0.0,0.0,0.0
122,65-69,unvaccinated,184.0,145.33333333333334,4.0,0.3333333333333333
122,65-69,old_vaccine,0.0,0.0,0.0,0.0
122,65-69,new_vaccine,0.0,0.0,0.0,0.0
122,70-74,unvaccinated,203.33333333333334,114.33333333333333,3.3333333333333335,1.3333333333333333
122,70-74,old_vaccine,0.0,0.0,0.0,0.0
122,70-74,new_vaccine,0.0,0.0,0.0,0.0
122,75+,unvaccinated,347.3333333333333,173.0,7.0,2.6666666666666665
122,75+,old_vaccine,0.0,0.0,0.0,0.0
122,75+,new_vaccine,0.0,0.0,0.0,0.0
123,0-4,unvaccinated,25.333333333333332,351.0,0.0,0.0
123,0-4,old_vaccine,0.0,0.0,0.0,0.0
123,0-4,new_vaccine,0.0,0.0,0.0,0.0
123,5-9,unvaccinated,5.666666666666667,391.0,0.0,0.0
123,5-9,old_vaccine,0.0,0.0,0.0,0.0
123,5-9,new_vaccine,0.0,0.0,0.0,0.0
123,10-14,unvaccinated,7.333333333333333,391.3333333333333,0.0,0.0
123,10-14,old_vaccine,0.0,0.0,0.0,0.0
123,10-14,new_vaccine,0.0,0.0,0.0,0.0
123,15-19,unvaccinated,8.333333333333334,348.3333333333333,0.0,0.0
123,15-19,old_vaccine,0.0,0.0,0.0,0.0
123,15-19,new_vaccine,0.0,0.0,0.0,0.0
123,20-24,unvaccinated,27.0,388.0,0.0,0.0
123,20-24,old_vaccine,0.0,0.0,0.0,0.0
123,20-24,new_vaccine,0.0,0.0,0.0,0.0
123,25-29,unvaccinated,43.666666666666664,420.3333333333333,0.6666666666666666,0.0
123,25-29,old_vaccine,0.0,0.0,0.0,0.0
123,25-29,new_vaccine,0.0,0.0,0.0,0.0
123,30-34,unvaccinated,51.666666666666664,439.6666666666667,0.0,0.0
123,30-34,old_vaccine,0.0,0.0,0.0,0.0
123,30-34,new_vaccine,0.0,0.0,0.0,0.0
123,35-39,unvaccinated,44.333333333333336,428.6666666666667,0.6666666666666666,0.0
123,35-39,old_vaccine,0.0,0.0,0.0,0.0
123,35-39,new_vaccine,0.0,0.0,0.0,0.0
123,40-44,unvaccinated,45.666666666666664,405.6666666666667,0.3333333333333333,0.0
123,40-44,old_vaccine,0.0,0.0,0.0,0.0
123,40-44,new_vaccine,0.0,0.0,0.0,0.0
123,45-49,unvaccinated,58.666666666666664,392.6666666666667,0.0,0.0
123,45-49,old_vaccine,0.0,0.0,0.0,0.0
123,45-49,new_vaccine,0.0,0.0,0.0,0.0
123,50-54,unvaccinated,90.33333333333333,380.6666666666667,0.0,0.3333333333333333
123,50-54,old_vaccine,0.0,0.0,0.0,0.0
123,50-54,new_vaccine,0.0,0.0,0.0,0.0
123,55-59,unvaccinated,126.33333333333333,349.0,1.3333333333333333,0.3333333333333333
123,55-59,old_vaccine,0.0,0.0,0.0,0.0
123,55-59,new_vaccine,0.0,0.0,0.0,0.0
123,60-64,unvaccinated,121.66666666666667,269.3333333333333,2.0,0.3333333333333333
123,60-64,old_vaccine,0.0,0.0,0.0,0.0
123,60-64,new_vaccine,0.0,0.0,0.0,0.0
123,65-69,unvaccinated,166.66666666666666,155.33333333333334,3.3333333333333335,1.0
123,65-69,old_vaccine,0.0,0.0,0.0,0.0
123,65-69,new_vaccine,0.0,0.0,0.0,0.0
123,70-74,unvaccinated,196.33333333333334,119.0,3.3333333333333335,2.6666666666666665
123,70-74,old_vaccine,0.0,0.0,0.0,0.0
123,70-74,new_vaccine,0.0,0.0,0.0,0.0
123,75+,unvaccinated,341.0,172.0,6.0,3.0
123,75+,old_vaccine,0.0,0.0,0.0,0.0
123,75+,new_vaccine,0.0,0.0,0.0,0.0
124,0-4,unvaccinated,25.0,341.3333333333333,0.3333333333333333,0.0
124,0-4,old_vaccine,0.0,0.0,0.0,0.0
124,0-4,new_vaccine,0.0,0.0,0.0,0.0
124,5-9,unvaccinated,5.333333333333333,415.6666666666667,0.0,0.0
124,5-9,old_vaccine,0.0,0.0,0.0,0.0
124,5-9,new_vaccine,0.0,0.0,0.0,0.0
124,10-14,unvaccinated,8.333333333333334,380.6666666666667,0.0,0.0
124,10-14,old_vaccine,0.0,0.0,0.0,0.0
124,10-14,new_vaccine,0.0,0.0,0.0,0.0
124,15-19,unvaccinated,7.666666666666667,375.3333333333333,0.3333333333333333,0.0
124,15-19,old_vaccine,0.0,0.0,0.0,0.0
124,15-19,new_vaccine,0.0,0.0,0.0,0.0
124,20-24,unvaccinated,23.333333333333332,372.0,0.0,0.0
124,20-24,old_vaccine,0.0,0.0,0.0,0.0
124,20-24,new_vaccine,0.0,0.0,0.0,0.0
124,25-29,unvaccinated,44.0,429.3333333333333,0.0,0.0
124,25-29,old_vaccine,0.0,0.0,0.0,0.0
124,25-29,new_vaccine,0.0,0.0,0.0,0.0
124,30-34,unvaccinated,49.333333333333336,428.3333333333333,0.6666666666666666,0.0
124,30-34,old_vaccine,0.0,0.0,0.0,0.0
124,30-34,new_vaccine,0.0,0.0,0.0,0.0
124,35-39,unvaccinated,37.666666666666664,435.6666666666667,0.6666666666666666,0.0
124,35-39,old_vaccine,0.0,0.0,0.0,0.0
124,35-39,new_vaccine,0.0,0.0,0.0,0.0
124,40-44,unvaccinated,42.666666666666664,400.6666666666667,0.0,0.0
124,40-44,old_vaccine,0.0,0.0,0.0,0.0
124,40-44,new_vaccine,0.0,0.0,0.0,0.0
124,45-49,unvaccinated,51.333333333333336,397.0,0.0,0.0
124,45-49,old_vaccine,0.0,0.0,0.0,0.0
124,45-49,new_vaccine,0.0,0.0,0.0,0.0
124,50-54,unvaccinated,85.0,409.0,0.6666666666666666,0.3333333333333333
124,50-54,old_vaccine,0.0,0.0,0.0,0.0
124,50-54,new_vaccine,0.0,0.0,0.0,0.0
124,55-59,unvaccinated,115.66666666666667,338.3333333333333,1.0,0.0
124,55-59,old_vaccine,0.0,0.0,0.0,0.0
124,55-59,new_vaccine,0.0,0.0,0.0,0.0
124,60-64,unvaccinated,109.33333333333333,278.6666666666667,2.0,0.0
124,60-64,old_vaccine,0.0,0.0,0.0,0.0
124,60-64,new_vaccine,0.0,0.0,0.0,0.0
124,65-69,unvaccinated,197.33333333333334,151.0,3.6666666666666665,0.3333333333333333
124,65-69,old_vaccine,0.0,0.0,0.0,0.0
124,65-69,new_vaccine,0.0,0.0,0.0,0.0
124,70-74,unvaccinated,194.66666666666666,122.0,2.0,0.0
124,70-74,old_vaccine,0.0,0.0,0.0,0.0
124,70-74,new_vaccine,0.0,0.0,0.0,0.0
124,75+,unvaccinated,353.6666666666667,165.66666666666666,6.333333333333333,3.6666666666666665
124,75+,old_vaccine,0.0,0.0,0.0,0.0
124,75+,new_vaccine,0.0,0.0,0.0,0.0
125,0-4,unvaccinated,25.333333333333332,347.3333333333333,0.3333333333333333,0.0
125,0-4,old_vaccine,0.0,0.0,0.0,0.0
125,0-4,new_vaccine,0.0,0.0,0.0,0.0
125,5-9,unvaccinated,5.666666666666667,397.6666666666667,0.0,0.0
125,5-9,old_vaccine,0.0,0.0,0.0,0.0
125,5-9,new_vaccine,0.0,0.0,0.0,0.0
125,10-14,unvaccinated,5.333333333333333,380.3333333333333,0.0,0.0
125,10-14,old_vaccine,0.0,0.0,0.0,0.0
125,10-14,new_vaccine,0.0,0.0,0.0,0.0
125,15-19,unvaccinated,10.666666666666666,359.0,0.0,0.0
125,15-19,old_vaccine,0.0,0.0,0.0,0.0
125,15-19,new_vaccine,0.0,0.0,0.0,0.0
125,20-24,unvaccinated,29.333333333333332,384.3333333333333,0.3333333333333333,0.0
125,20-24,old_vaccine,0.0,0.0,0.0,0.0
125,20-24,new_vaccine,0.0,0.0,0.0,0.0
125,25-29,unvaccinated,44.333333333333336,406.0,0.0,0.0
125,25-29,old_vaccine,0.0,0.0,0.0,0.0
125,25-29,new_vaccine,0.0,0.0,0.0,0.0
125,30-34,unvaccinated,54.666666666666664,435.3333333333333,0.0,0.0
125,30-34,old_vaccine,0.0,0.0,0.0,0.0
125,30-34,new_vaccine,0.0,0.0,0.0,0.0
125,35-39,unvaccinated,48.666666666666664,417.6666666666667,0.3333333333333333,0.0
125,35-39,old_vaccine,0.0,0.0,0.0,0.0
125,35-39,new_vaccine,0.0,0.0,0.0,0.0
125,40-44,unvaccinated,43.333333333333336,413.3333333333333,0.0,0.0
125,40-44,old_vaccine,0.0,0.0,0.0,0.0
125,40-44,new_vaccine,0.0,0.0,0.0,0.0
125,45-49,unvaccinated,52.666666666666664,388.6666666666667,0.3333333333333333,0.0
125,45-49,old_vaccine,0.0,0.0,0.0,0.0
125,45-49,new_vaccine,0.0,0.0,0.0,0.0
125,50-54,unvaccinated,97.66666666666667,399.3333333333333,0.0,0.0
125,50-54,old_vaccine,0.0,0.0,0.0,0.0
125,50-54,new_vaccine,0.0,0.0,0.0,0.0
125,55-59,unvaccinated,125.66666666666667,323.6666666666667,1.6666666666666667,0.6666666666666666
125,55-59,old_vaccine,0.0,0.0,0.0,0.0
125,55-59,new_vaccine,0.0,0.0,0.0,0.0
125,60-64,unvaccinated,125.0,285.3333333333333,1.3333333333333333,0.3333333333333333
125,60-64,old_vaccine,0.0,0.0,0.0,0.0
125,60-64,new_vaccine,0.0,0.0,0.0,0.0
125,65-69,unvaccinated,171.0,149.66666666666666,3.0,0.6666666666666666
125,65-69,old_vaccine,0.0,0.0,0.0,0.0
125,65-69,new_vaccine,0.0,0.0,0.0,0.0
125,70-74,unvaccinated,211.66666666666666,121.66666666666667,3.6666666666666665,1.0
125,70-74,old_vaccine,0.0,0.0,0.0,0.0
125,70-74,new_vaccine,0.0,0.0,0.0,0.0
125,75+,unvaccinated,340.0,160.0,6.666666666666667,2.3333333333333335
125,75+,old_vaccine,0.0,0.0,0.0,0.0
125,75+,new_vaccine,0.0,0.0,0.0,0.0
126,0-4,unvaccinated,25.666666666666668,349.6666666666667,0.0,0.0
126,0-4,old_vaccine,0.0,0.0,0.0,0.0
126,0-4,new_vaccine,0.0,0.0,0.0,0.0
126,5-9,unvaccinated,7.0,392.6666666666667,0.0,0.0
126,5-9,old_vaccine,0.0,0.0,0.0,0.0
126,5-9,new_vaccine,0.0,0.0,0.0,0.0
126,10-14,unvaccinated,11.333333333333334,392.3333333333333,0.0,0.0
126,10-14,old_vaccine,0.0,0.0,0.0,0.0
126,10-14,new_vaccine,0.0,0.0,0.0,0.0
126,15-19,unvaccinated,7.333333333333333,375.3333333333333,0.0,0.0
126,15-19,old_vaccine,0.0,0.0,0.0,0.0
126,15-19,new_vaccine,0.0,0.0,0.0,0.0
126,20-24,unvaccinated,32.666666666666664,392.6666666666667,0.0,0.0
126,20-24,old_vaccine,0.0,0.0,0.0,0.0
126,20-24,new_vaccine,0.0,0.0,0.0,0.0
126,25-29,unvaccinated,43.666666666666664,422.0,0.0,0.0
126,25-29,old_vaccine,0.0,0.0,0.0,0.0
126,25-29,new_vaccine,0.0,0.0,0.0,0.0
126,30-34,unvaccinated,45.333333333333336,418.3333333333333,0.0,0.0
126,30-34,old_vaccine,0.0,0.0,0.0,0.0
126,30-34,new_vaccine,0.0,0.0,0.0,0.0
126,35-39,unvaccinated,49.0,429.6666666666667,0.0,0.0
126,35-39,old_vaccine,0.0,0.0,0.0,0.0
126,35-39,new_vaccine,0.0,0.0,0.0,0.0
126,40-44,unvaccinated,50.666666666666664,438.3333333333333,0.6666666666666666,0.0
126,40-44,old_vaccine,0.0,0.0,0.0,0.0
126,40-44,new_vaccine,0.0,0.0,0.0,0.0
126,45-49,unvaccinated,48.666666666666664,409.0,1.0,0.0
126,45-49,old_vaccine,0.0,0.0,0.0,0.0
126,45-49,new_vaccine,0.0,0.0,0.0,0.0
126,50-54,unvaccinated,91.0,380.6666666666667,0.6666666666666666,0.0
126,50-54,old_vaccine,0.0,0.0,0.0,0.0
126,50-54,new_vaccine,0.0,0.0,0.0,0.0
126,55-59,unvaccinated,120.66666666666667,361.0,2.0,0.0
126,55-59,old_vaccine,0.0,0.0,0.0,0.0
126,55-59,new_vaccine,0.0,0.0,0.0,0.0
126,60-64,unvaccinated,107.33333333333333,286.3333333333333,2.3333333333333335,0.3333333333333333
126,60-64,old_vaccine,0.0,0.0,0.0,0.0
126,60-64,new_vaccine,0.0,0.0,0.0,0.0
126,65-69,unvaccinated,182.33333333333334,152.66666666666666,3.3333333333333335,0.3333333333333333
126,65-69,old_vaccine,0.0,0.0,0.0,0.0
126,65-69,new_vaccine,0.0,0.0,0.0,0.0
126,70-74,unvaccinated,195.66666666666666,125.33333333333333,5.666666666666667,0.3333333333333333
126,70-74,old_vaccine,0.0,0.0,0.0,0.0
126,70-74,new_vaccine,0.0,0.0,0.0,0.0
126,75+,unvaccinated,332.3333333333333,162.66666666666666,6.0,1.6666666666666667
126,75+,old_vaccine,0.0,0.0,0.0,0.0
126,75+,new_vaccine,0.0,0.0,0.0,0.0
127,0-4,unvaccinated,23.333333333333332,338.6666666666667,0.3333333333333333,0.0
127,0-4,old_vaccine,0.0,0.0,0.0,0.0
127,0-4,new_vaccine,0.0,0.0,0.0,0.0
127,5-9,unvaccinated,6.333333333333333,391.3333333333333,0.0,0.0
127,5-9,old_vaccine,0.0,0.0,0.0,0.0
127,5-9,new_vaccine,0.0,0.0,0.0,0.0
127,10-14,unvaccinated,7.333333333333333,380.6666666666667,0.0,0.0
127,10-14,old_vaccine,0.0,0.0,0.0,0.0
127,10-14,new_vaccine,0.0,0.0,0.0,0.0
127,15-19,unvaccinated,10.666666666666666,348.3333333333333,0.0,0.0
127,15-19,old_vaccine,0.0,0.0,0.0,0.0
127,15-19,new_vaccine,0.0,0.0,0.0,0.0
127,20-24,unvaccinated,20.0,391.0,1.0,0.0
127,20-24,old_vaccine,0.0,0.0,0.0,0.0
127,20-24,new_vaccine,0.0,0.0,0.0,0.0
127,25-29,unvaccinated,47.0,446.0,0.6666666666666666,0.0
127,25-29,old_vaccine,0.0,0.0,0.0,0.0
127,25-29,new_vaccine,0.0,0.0,0.0,0.0
127,30-34,unvaccinated,46.0,451.0,0.0,0.0
127,30-34,old_vaccine,0.0,0.0,0.0,0.0
127,30-34,new_vaccine,0.0,0.0,0.0,0.0
127,35-39,unvaccinated,45.0,447.0,0.0,0.0
127,35-39,old_vaccine,0.0,0.0,0.0,0.0
127,35-39,new_vaccine,0.0,0.0,0.0,0.0
127,40-44,unvaccinated,51.0,409.0,1.0,0.0
127,40-44,old_vaccine,0.0,0.0,0.0,0.0
127,40-44,new_vaccine,0.0,0.0,0.0,0.0
127,45-49,unvaccinated,48.666666666666664,397.0,0.3333333333333333,0.0
127,45-49,old_vaccine,0.0,0.0,0.0,0.0
127,45-49,new_vaccine,0.0,0.0,0.0,0.0
127,50-54,unvaccinated,80.66666666666667,400.3333333333333,0.3333333333333333,0.0
127,50-54,old_vaccine,0.0,0.0,0.0,0.0
127,50-54,new_vaccine,0.0,0.0,0.0,0.0
127,55-59,unvaccinated,124.0,349.3333333333333,2.3333333333333335,0.0
127,55-59,old_vaccine,0.0,0.0,0.0,0.0
127,55-59,new_vaccine,0.0,0.0,0.0,0.0
127,60-64,unvaccinated,107.66666666666667,286.0,2.3333333333333335,1.0
127,60-64,old_vaccine,0.0,0.0,0.0,0.0
127,60-64,new_vaccine,0.0,0.0,0.0,0.0
127,65-69,unvaccinated,188.33333333333334,160.0,2.6666666666666665,0.3333333333333333
127,65-69,old_vaccine,0.0,0.0,0.0,0.0
127,65-69,new_vaccine,0.0,0.0,0.0,0.0
127,70-74,unvaccinated,203.33333333333334,123.33333333333333,3.3333333333333335,0.6666666666666666
127,70-74,old_vaccine,0.0,0.0,0.0,0.0
127,70-74,new_vaccine,0.0,0.0,0.0,0.0
127,75+,unvaccinated,343.3333333333333,162.66666666666666,5.333333333333333,2.0
127,75+,old_vaccine,0.0,0.0,0.0,0.0
127,75+,new_vaccine,0.0,0.0,0.0,0.0
128,0-4,unvaccinated,23.0,332.6666666666667,0.3333333333333333,0.0
128,0-4,old_vaccine,0.0,0.0,0.0,0.0
128,0-4,new_vaccine,0.0,0.0,0.0,0.0
128,5-9,unvaccinated,5.333333333333333,409.0,0.0,0.0
128,5-9,old_vaccine,0.0,0.0,0.0,0.0
128,5-9,new_vaccine,0.0,0.0,0.0,0.0
128,10-14,unvaccinated,7.666666666666667,370.3333333333333,0.0,0.0
128,10-14,old_vaccine,0.0,0.0,0.0,0.0
128,10-14,new_vaccine,0.0,0.0,0.0,0.0
128,15-19,unvaccinated,10.0,390.6666666666667,0.0,0.0
128,15-19,old_vaccine,0.0,0.0,0.0,0.0
128,15-19,new_vaccine,0.0,0.0,0.0,0.0
128,20-24,unvaccinated,31.333333333333332,408.0,0.0,0.0
128,20-24,old_vaccine,0.0,0.0,0.0,0.0
128,20-24,new_vaccine,0.0,0.0,0.0,0.0
128,25-29,unvaccinated,40.666666666666664,417.6666666666667,0.0,0.0
128,25-29,old_vaccine,0.0,0.0,0.0,0.0
128,25-29,new_vaccine,0.0,0.0,0.0,0.0
128,30-34,unvaccinated,45.666666666666664,429.6666666666667,0.0,0.0
128,30-34,old_vaccine,0.0,0.0,0.0,0.0
128,30-34,new_vaccine,0.0,0.0,0.0,0.0
128,35-39,unvaccinated,43.666666666666664,419.3333333333333,0.3333333333333333,0.0
128,35-39,old_vaccine,0.0,0.0,0.0,0.0
128,35-39,new_vaccine,0.0,0.0,0.0,0.0
128,40-44,unvaccinated,43.0,415.3333333333333,0.6666666666666666,0.3333333333333333
128,40-44,old_vaccine,0.0,0.0,0.0,0.0
128,40-44,new_vaccine,0.0,0.0,0.0,0.0
128,45-49,unvaccinated,50.333333333333336,394.3333333333333,0.0,0.0
128,45-49,old_vaccine,0.0,0.0,0.0,0.0
128,45-49,new_vaccine,0.0,0.0,0.0,0.0
128,50-54,unvaccinated,106.33333333333333,380.0,1.3333333333333333,0.0
128,50-54,old_vaccine,0.0,0.0,0.0,0.0
128,50-54,new_vaccine,0.0,0.0,0.0,0.0
128,55-59,unvaccinated,124.33333333333333,360.0,0.6666666666666666,0.6666666666666666
128,55-59,old_vaccine,0.0,0.0,0.0,0.0
128,55-59,new_vaccine,0.0,0.0,0.0,0.0
128,60-64,unvaccinated,119.66666666666667,282.6666666666667,2.0,0.3333333333333333
128,60-64,old_vaccine,0.0,0.0,0.0,0.0
128,60-64,new_vaccine,0.0,0.0,0.0,0.0
128,65-69,unvaccinated,175.33333333333334,147.33333333333334,4.333333333333333,0.3333333333333333
128,65-69,old_vaccine,0.0,0.0,0.0,0.0
128,65-69,new_vaccine,0.0,0.0,0.0,0.0
128,70-74,unvaccinated,202.66666666666666,126.66666666666667,3.3333333333333335,1.6666666666666667
128,70-74,old_vaccine,0.0,0.0,0.0,0.0
128,70-74,new_vaccine,0.0,0.0,0.0,0.0
128,75+,unvaccinated,343.3333333333333,167.66666666666666,6.666666666666667,2.6666666666666665
128,75+,old_vaccine,0.0,0.0,0.0,0.0
128,75+,new_vaccine,0.0,0.0,0.0,0.0
129,0-4,unvaccinated,26.666666666666668,342.6666666666667,0.6666666666666666,0.0
129,0-4,old_vaccine,0.0,0.0,0.0,0.0
129,0-4,new_vaccine,0.0,0.0,0.0,0.0
129,5-9,unvaccinated,5.333333333333333,401.0,0.0,0.0
129,5-9,old_vaccine,0.0,0.0,0.0,0.0
129,5-9,new_vaccine,0.0,0.0,0.0,0.0
129,10-14,unvaccinated,8.666666666666666,374.0,0.0,0.0
129,10-14,old_vaccine,0.0,0.0,0.0,0.0
129,10-14,new_vaccine,0.0,0.0,0.0,0.0
129,15-19,unvaccinated,9.0,368.6666666666667,0.3333333333333333,0.0
129,15-19,old_vaccine,0.0,0.0,0.0,0.0
129,15-19,new_vaccine,0.0,0.0,0.0,0.0
129,20-24,unvaccinated,33.0,400.0,0.0,0.0
129,20-24,old_vaccine,0.0,0.0,0.0,0.0
129,20-24,new_vaccine,0.0,0.0,0.0,0.0
129,25-29,unvaccinated,46.0,426.6666666666667,0.0,0.0
129,25-29,old_vaccine,0.0,0.0,0.0,0.0
129,25-29,new_vaccine,0.0,0.0,0.0,0.0
129,30-34,unvaccinated,48.666666666666664,453.0,0.0,0.0
129,30-34,old_vaccine,0.0,0.0,0.0,0.0
129,30-34,new_vaccine,0.0,0.0,0.0,0.0
129,35-39,unvaccinated,43.0,421.3333333333333,0.6666666666666666,0.0
129,35-39,old_vaccine,0.0,0.0,0.0,0.0
129,35-39,new_vaccine,0.0,0.0,0.0,0.0
129,40-44,unvaccinated,44.0,396.0,1.3333333333333333,0.0
129,40-44,old_vaccine,0.0,0.0,0.0,0.0
129,40-44,new_vaccine,0.0,0.0,0.0,0.0
129,45-49,unvaccinated,46.666666666666664,389.6666666666667,0.6666666666666666,0.0
129,45-49,old_vaccine,0.0,0.0,0.0,0.0
129,45-49,new_vaccine,0.0,0.0,0.0,0.0
129,50-54,unvaccinated,96.66666666666667,378.3333333333333,1.0,0.0
129,50-54,old_vaccine,0.0,0.0,0.0,0.0
129,50-54,new_vaccine,0.0,0.0,0.0,0.0
129,55-59,unvaccinated,115.33333333333333,322.6666666666667,2.0,0.0
129,55-59,old_vaccine,0.0,0.0,0.0,0.0
129,55-59,new_vaccine,0.0,0.0,0.0,0.0
129,60-64,unvaccinated,128.33333333333334,285.0,1.3333333333333333,0.3333333333333333
129,60-64,old_vaccine,0.0,0.0,0.0,0.0
129,60-64,new_vaccine,0.0,0.0,0.0,0.0
129,65-69,unvaccinated,177.33333333333334,155.66666666666666,3.6666666666666665,0.0
129,65-69,old_vaccine,0.0,0.0,0.0,0.0
129,65-69,new_vaccine,0.0,0.0,0.0,0.0
129,70-74,unvaccinated,197.33333333333334,121.0,3.0,0.6666666666666666
129,70-74,old_vaccine,0.0,0.0,0.0,0.0
129,70-74,new_vaccine,0.0,0.0,0.0,0.0
129,75+,unvaccinated,324.6666666666667,163.0,5.666666666666667,5.0
129,75+,old_vaccine,0.0,0.0,0.0,0.0
129,75+,new_vaccine,0.0,0.0,0.0,0.0
130,0-4,unvaccinated,22.666666666666668,343.3333333333333,0.3333333333333333,0.0
130,0-4,old_vaccine,0.0,0.0,0.0,0.0
130,0-4,new_vaccine,0.0,0.0,0.0,0.0
130,5-9,unvaccinated,8.0,399.0,0.0,0.0
130,5-9,old_vaccine,0.0,0.0,0.0,0.0
130,5-9,new_vaccine,0.0,0.0,0.0,0.0
130,10-14,unvaccinated,7.0,388.0,0.0,0.0
130,10-14,old_vaccine,0.0,0.0,0.0,0.0
130,10-14,new_vaccine,0.0,0.0,0.0,0.0
130,15-19,unvaccinated,11.0,356.3333333333333,0.0,0.0
130,15-19,old_vaccine,0.0,0.0,0.0,0.0
130,15-19,new_vaccine,0.0,0.0,0.0,0.0
130,20-24,unvaccinated,26.0,395.6666666666667,0.0,0.0
130,20-24,old_vaccine,0.0,0.0,0.0,0.0
130,20-24,new_vaccine,0.0,0.0,0.0,0.0
130,25-29,unvaccinated,42.0,422.6666666666667,0.0,0.0
130,25-29,old_vaccine,0.0,0.0,0.0,0.0
130,25-29,new_vaccine,0.0,0.0,0.0,0.0
130,30-34,unvaccinated,52.333333333333336,435.0,0.0,0.3333333333333333
130,30-34,old_vaccine,0.0,0.0,0.0,0.0
130,30-34,new_vaccine,0.0,0.0,0.0,0.0
130,35-39,unvaccinated,44.0,428.3333333333333,0.0,0.0
130,35-39,old_vaccine,0.0,0.0,0.0,0.0
130,35-39,new_vaccine,0.0,0.0,0.0,0.0
130,40-44,unvaccinated,42.333333333333336,410.3333333333333,0.3333333333333333,0.0
130,40-44,old_vaccine,0.0,0.0,0.0,0.0
130,40-44,new_vaccine,0.0,0.0,0.0,0.0
130,45-49,unvaccinated,53.666666666666664,399.3333333333333,0.0,0.0
130,45-49,old_vaccine,0.0,0.0,0.0,0.0
130,45-49,new_vaccine,0.0,0.0,0.0,0.0
130,50-54,unvaccinated,92.33333333333333,405.6666666666667,0.0,0.0
130,50-54,old_vaccine,0.0,0.0,0.0,0.0
130,50-54,new_vaccine,0.0,0.0,0.0,0.0
130,55-59,unvaccinated,125.66666666666667,350.6666666666667,2.3333333333333335,0.0
130,55-59,old_vaccine,0.0,0.0,0.0,0.0
130,55-59,new_vaccine,0.0,0.0,0.0,0.0
130,60-64,unvaccinated,126.66666666666667,299.0,2.6666666666666665,0.6666666666666666
130,60-64,old_vaccine,0.0,0.0,0.0,0.0
130,60-64,new_vaccine,0.0,0.0,0.0,0.0
130,65-69,unvaccinated,178.0,155.33333333333334,4.0,0.0
130,65-69,old_vaccine,0.0,0.0,0.0,0.0
130,65-69,new_vaccine,0.0,0.0,0.0,0.0
130,70-74,unvaccinated,204.0,123.33333333333333,4.666666666666667,1.3333333333333333
130,70-74,old_vaccine,0.0,0.0,0.0,0.0
130,70-74,new_vaccine,0.0,0.0,0.0,0.0
130,75+,unvaccinated,338.3333333333333,178.33333333333334,5.333333333333333,3.3333333333333335
130,75+,old_vaccine,0.0,0.0,0.0,0.0
130,75+,new_vaccine,0.0,0.0,0.0,0.0
131,0-4,unvaccinated,25.333333333333332,342.3333333333333,0.6666666666666666,0.0
131,0-4,old_vaccine,0.0,0.0,0.0,0.0
131,0-4,new_vaccine,0.0,0.0,0.0,0.0
131,5-9,unvaccinated,6.666666666666667,399.6666666666667,0.0,0.0
131,5-9,old_vaccine,0.0,0.0,0.0,0.0
131,5-9,new_vaccine,0.0,0.0,0.0,0.0
131,10-14,unvaccinated,9.0,390.0,0.3333333333333333,0.0
131,10-14,old_vaccine,0.0,0.0,0.0,0.0
131,10-14,new_vaccine,0.0,0.0,0.0,0.0
131,15-19,unvaccinated,9.333333333333334,367.6666666666667,0.0,0.0
131,15-19,old_vaccine,0.0,0.0,0.0,0.0
131,15-19,new_vaccine,0.0,0.0,0.0,0.0
131,20-24,unvaccinated,27.333333333333332,385.0,0.0,0.0
131,20-24,old_vaccine,0.0,0.0,0.0,0.0
131,20-24,new_vaccine,0.0,0.0,0.0,0.0
131,25-29,unvaccinated,51.0,446.3333333333333,0.3333333333333333,0.0
131,25-29,old_vaccine,0.0,0.0,0.0,0.0
131,25-29,new_vaccine,0.0,0.0,0.0,0.0
131,30-34,unvaccinated,42.333333333333336,402.0,0.6666666666666666,0.0
131,30-34,old_vaccine,0.0,0.0,0.0,0.0
131,30-34,new_vaccine,0.0,0.0,0.0,0.0
131,35-39,unvaccinated,42.666666666666664,448.3333333333333,0.6666666666666666,0.0
131,35-39,old_vaccine,0.0,0.0,0.0,0.0
131,35-39,new_vaccine,0.0,0.0,0.0,0.0
131,40-44,unvaccinated,54.666666666666664,420.3333333333333,0.3333333333333333,0.0
131,40-44,old_vaccine,0.0,0.0,0.0,0.0
131,40-44,new_vaccine,0.0,0.0,0.0,0.0
131,45-49,unvaccinated,58.0,387.6666666666667,0.6666666666666666,0.3333333333333333
131,45-49,old_vaccine,0.0,0.0,0.0,0.0
131,45-49,new_vaccine,0.0,0.0,0.0,0.0
131,50-54,unvaccinated,94.66666666666667,393.6666666666667,1.3333333333333333,0.0
131,50-54,old_vaccine,0.0,0.0,0.0,0.0
131,50-54,new_vaccine,0.0,0.0,0.0,0.0
131,55-59,unvaccinated,111.0,345.0,1.6666666666666667,0.0
131,55-59,old_vaccine,0.0,0.0,0.0,0.0
131,55-59,new_vaccine,0.0,0.0,0.0,0.0
131,60-64,unvaccinated,107.66666666666667,269.6666666666667,2.3333333333333335,0.0
131,60-64,old_vaccine,0.0,0.0,0.0,0.0
131,60-64,new_vaccine,0.0,0.0,0.0,0.0
131,65-69,unvaccinated,173.33333333333334,159.0,1.0,0.3333333333333333
131,65-69,old_vaccine,0.0,0.0,0.0,0.0
131,65-69,new_vaccine,0.0,0.0,0.0,0.0
131,70-74,unvaccinated,203.66666666666666,122.66666666666667,3.3333333333333335,1.0
131,70-74,old_vaccine,0.0,0.0,0.0,0.0
131,70-74,new_vaccine,0.0,0.0,0.0,0.0
131,75+,unvaccinated,358.3333333333333,175.33333333333334,4.333333333333333,2.6666666666666665
131,75+,old_vaccine,0.0,0.0,0.0,0.0
131,75+,new_vaccine,0.0,0.0,0.0,0.0
132,0-4,unvaccinated,22.0,359.0,0.6666666666666666,0.0
132,0-4,old_vaccine,0.0,0.0,0.0,0.0
132,0-4,new_vaccine,0.0,0.0,0.0,0.0
132,5-9,unvaccinated,7.333333333333333,403.3333333333333,0.0,0.0
132,5-9,old_vaccine,0.0,0.0,0.0,0.0
132,5-9,new_vaccine,0.0,0.0,0.0,0.0
132,10-14,unvaccinated,7.0,410.0,0.0,0.0
132,10-14,old_vaccine,0.0,0.0,0.0,0.0
132,10-14,new_vaccine,0.0,0.0,0.0,0.0
132,15-19,unvaccinated,10.0,372.0,0.0,0.0
132,15-19,old_vaccine,0.0,0.0,0.0,0.0
132,15-19,new_vaccine,0.0,0.0,0.0,0.0
132,20-24,unvaccinated,29.0,384.3333333333333,0.0,0.0
132,20-24,old_vaccine,0.0,0.0,0.0,0.0
132,20-24,new_vaccine,0.0,0.0,0.0,0.0
132,25-29,unvaccinated,45.666666666666664,444.3333333333333,0.0,0.0
132,25-29,old_vaccine,0.0,0.0,0.0,0.0
132,25-29,new_vaccine,0.0,0.0,0.0,0.0
132,30-34,unvaccinated,56.333333333333336,411.0,0.0,0.0
132,30-34,old_vaccine,0.0,0.0,0.0,0.0
132,30-34,new_vaccine,0.0,0.0,0.0,0.0
132,35-39,unvaccinated,44.0,416.6666666666667,0.6666666666666666,0.0
132,35-39,old_vaccine,0.0,0.0,0.0,0.0
132,35-39,new_vaccine,0.0,0.0,0.0,0.0
132,40-44,unvaccinated,44.333333333333336,419.6666666666667,0.6666666666666666,0.0
132,40-44,old_vaccine,0.0,0.0,0.0,0.0
132,40-44,new_vaccine,0.0,0.0,0.0,0.0
132,45-49,unvaccinated,54.0,389.6666666666667,0.3333333333333333,0.0
132,45-49,old_vaccine,0.0,0.0,0.0,0.0
132,45-49,new_vaccine,0.0,0.0,0.0,0.0
132,50-54,unvaccinated,88.33333333333333,389.3333333333333,1.0,0.0
132,50-54,old_vaccine,0.0,0.0,0.0,0.0
132,50-54,new_vaccine,0.0,0.0,0.0,0.0
132,55-59,unvaccinated,113.0,371.0,0.0,0.0
132,55-59,old_vaccine,0.0,0.0,0.0,0.0
132,55-59,new_vaccine,0.0,0.0,0.0,0.0
132,60-64,unvaccinated,123.0,269.3333333333333,0.3333333333333333,0.0
132,60-64,old_vaccine,0.0,0.0,0.0,0.0
132,60-64,new_vaccine,0.0,0.0,0.0,0.0
132,65-69,unvaccinated,181.33333333333334,162.0,3.0,0.0
132,65-69,old_vaccine,0.0,0.0,0.0,0.0
132,65-69,new_vaccine,0.0,0.0,0.0,0.0
132,70-74,unvaccinated,186.33333333333334,120.33333333333333,2.3333333333333335,1.0
132,70-74,old_vaccine,0.0,0.0,0.0,0.0
132,70-74,new_vaccine,0.0,0.0,0.0,0.0
132,75+,unvaccinated,343.3333333333333,152.33333333333334,6.333333333333333,3.6666666666666665
132,75+,old_vaccine,0.0,0.0,0.0,0.0
132,75+,new_vaccine,0.0,0.0,0.0,0.0
133,0-4,unvaccinated,26.666666666666668,334.3333333333333,0.0,0.0
133,0-4,old_vaccine,0.0,0.0,0.0,0.0
133,0-4,new_vaccine,0.0,0.0,0.0,0.0
133,5-9,unvaccinated,6.0,392.0,0.0,0.0
133,5-9,old_vaccine,0.0,0.0,0.0,0.0
133,5-9,new_vaccine,0.0,0.0,0.0,0.0
133,10-14,unvaccinated,6.333333333333333,403.6666666666667,0.0,0.0
133,10-14,old_vaccine,0.0,0.0,0.0,0.0
133,10-14,new_vaccine,0.0,0.0,0.0,0.0
133,15-19,unvaccinated,11.0,352.0,0.0,0.0
133,15-19,old_vaccine,0.0,0.0,0.0,0.0
133,15-19,new_vaccine,0.0,0.0,0.0,0.0
133,20-24,unvaccinated,27.0,393.6666666666667,0.0,0.0
133,20-24,old_vaccine,0.0,0.0,0.0,0.0
133,20-24,new_vaccine,0.0,0.0,0.0,0.0
133,25-29,unvaccinated,41.666666666666664,426.6666666666667,0.3333333333333333,0.0
133,25-29,old_vaccine,0.0,0.0,0.0,0.0
133,25-29,new_vaccine,0.0,0.0,0.0,0.0
133,30-34,unvaccinated,46.0,435.6666666666667,0.0,0.0
133,30-34,old_vaccine,0.0,0.0,0.0,0.0
133,30-34,new_vaccine,0.0,0.0,0.0,0.0
133,35-39,unvaccinated,37.0,425.3333333333333,0.0,0.0
133,35-39,old_vaccine,0.0,0.0,0.0,0.0
133,35-39,new_vaccine,0.0,0.0,0.0,0.0
133,40-44,unvaccinated,43.333333333333336,416.0,0.3333333333333333,0.0
133,40-44,old_vaccine,0.0,0.0,0.0,0.0
133,40-44,new_vaccine,0.0,0.0,0.0,0.0
133,45-49,unvaccinated,53.666666666666664,381.0,0.6666666666666666,0.0
133,45-49,old_vaccine,0.0,0.0,0.0,0.0
133,45-49,new_vaccine,0.0,0.0,0.0,0.0
133,50-54,unvaccinated,97.33333333333333,406.3333333333333,0.6666666666666666,0.0
133,50-54,old_vaccine,0.0,0.0,0.0,0.0
133,50-54,new_vaccine,0.0,0.0,0.0,0.0
133,55-59,unvaccinated,114.66666666666667,340.3333333333333,1.3333333333333333,0.0
133,55-59,old_vaccine,0.0,0.0,0.0,0.0
133,55-59,new_vaccine,0.0,0.0,0.0,0.0
133,60-64,unvaccinated,115.66666666666667,279.3333333333333,1.6666666666666667,0.0
133,60-64,old_vaccine,0.0,0.0,0.0,0.0
133,60-64,new_vaccine,0.0,0.0,0.0,0.0
133,65-69,unvaccinated,176.0,150.66666666666666,3.3333333333333335,0.0
133,65-69,old_vaccine,0.0,0.0,0.0,0.0
133,65-69,new_vaccine,0.0,0.0,0.0,0.0
133,70-74,unvaccinated,207.0,119.0,4.333333333333333,1.0
133,70-74,old_vaccine,0.0,0.0,0.0,0.0
133,70-74,new_vaccine,0.0,0.0,0.0,0.0
133,75+,unvaccinated,335.3333333333333,172.66666666666666,5.666666666666667,3.6666666666666665
133,75+,old_vaccine,0.0,0.0,0.0,0.0
133,75+,new_vaccine,0.0,0.0,0.0,0.0
134,0-4,unvaccinated,24.666666666666668,361.6666666666667,0.0,0.0
134,0-4,old_vaccine,0.0,0.0,0.0,0.0
134,0-4,new_vaccine,0.0,0.0,0.0,0.0
134,5-9,unvaccinated,4.333333333333333,399.6666666666667,0.0,0.0
134,5-9,old_vaccine,0.0,0.0,0.0,0.0
134,5-9,new_vaccine,0.0,0.0,0.0,0.0
134,10-14,unvaccinated,7.0,383.3333333333333,0.0,0.0
134,10-14,old_vaccine,0.0,0.0,0.0,0.0
134,10-14,new_vaccine,0.0,0.0,0.0,0.0
134,15-19,unvaccinated,8.0,358.6666666666667,0.3333333333333333,0.0
134,15-19,old_vaccine,0.0,0.0,0.0,0.0
134,15-19,new_vaccine,0.0,0.0,0.0,0.0
134,20-24,unvaccinated,32.0,404.0,0.0,0.0
134,20-24,old_vaccine,0.0,0.0,0.0,0.0
134,20-24,new_vaccine,0.0,0.0,0.0,0.0
134,25-29,unvaccinated,41.0,433.0,0.3333333333333333,0.0
134,25-29,old_vaccine,0.0,0.0,0.0,0.0
134,25-29,new_vaccine,0.0,0.0,0.0,0.0
134,30-34,unvaccinated,49.666666666666664,434.3333333333333,0.3333333333333333,0.0
134,30-34,old_vaccine,0.0,0.0,0.0,0.0
134,30-34,new_vaccine,0.0,0.0,0.0,0.0
134,35-39,unvaccinated,38.666666666666664,430.3333333333333,0.6666666666666666,0.0
134,35-39,old_vaccine,0.0,0.0,0.0,0.0
134,35-39,new_vaccine,0.0,0.0,0.0,0.0
134,40-44,unvaccinated,50.333333333333336,390.0,0.3333333333333333,0.0
134,40-44,old_vaccine,0.0,0.0,0.0,0.0
134,40-44,new_vaccine,0.0,0.0,0.0,0.0
134,45-49,unvaccinated,54.666666666666664,388.6666666666667,0.0,0.0
134,45-49,old_vaccine,0.0,0.0,0.0,0.0
134,45-49,new_vaccine,0.0,0.0,0.0,0.0
134,50-54,unvaccinated,91.0,401.6666666666667,1.0,0.3333333333333333
134,50-54,old_vaccine,0.0,0.0,0.0,0.0
134,50-54,new_vaccine,0.0,0.0,0.0,0.0
134,55-59,unvaccinated,127.33333333333333,340.6666666666667,2.0,0.3333333333333333
134,55-59,old_vaccine,0.0,0.0,0.0,0.0
134,55-59,new_vaccine,0.0,0.0,0.0,0.0
134,60-64,unvaccinated,117.66666666666667,299.3333333333333,1.3333333333333333,0.3333333333333333
134,60-64,old_vaccine,0.0,0.0,0.0,0.0
134,60-64,new_vaccine,0.0,0.0,0.0,0.0
134,65-69,unvaccinated,167.66666666666666,151.0,2.3333333333333335,0.3333333333333333
134,65-69,old_vaccine,0.0,0.0,0.0,0.0
134,65-69,new_vaccine,0.0,0.0,0.0,0.0
134,70-74,unvaccinated,207.66666666666666,105.0,4.333333333333333,2.0
134,70-74,old_vaccine,0.0,0.0,0.0,0.0
134,70-74,new_vaccine,0.0,0.0,0.0,0.0
134,75+,unvaccinated,334.6666666666667,172.66666666666666,6.666666666666667,3.0
134,75+,old_vaccine,0.0,0.0,0.0,0.0
134,75+,new_vaccine,0.0,0.0,0.0,0.0
135,0-4,unvaccinated,28.666666666666668,359.6666666666667,0.6666666666666666,0.0
135,0-4,old_vaccine,0.0,0.0,0.0,0.0
135,0-4,new_vaccine,0.0,0.0,0.0,0.0
135,5-9,unvaccinated,7.333333333333333,410.6666666666667,0.3333333333333333,0.0
135,5-9,old_vaccine,0.0,0.0,0.0,0.0
135,5-9,new_vaccine,0.0,0.0,0.0,0.0
135,10-14,unvaccinated,7.0,398.3333333333333,0.0,0.0
135,10-14,old_vaccine,0.0,0.0,0.0,0.0
135,10-14,new_vaccine,0.0,0.0,0.0,0.0
135,15-19,unvaccinated,10.333333333333334,369.0,0.0,0.0
135,15-19,old_vaccine,0.0,0.0,0.0,0.0
135,15-19,new_vaccine,0.0,0.0,0.0,0.0
135,20-24,unvaccinated,31.666666666666668,380.3333333333333,0.0,0.0
135,20-24,old_vaccine,0.0,0.0,0.0,0.0
135,20-24,new_vaccine,0.0,0.0,0.0,0.0
135,25-29,unvaccinated,49.666666666666664,433.3333333333333,0.0,0.0
135,25-29,old_vaccine,0.0,0.0,0.0,0.0
135,25-29,new_vaccine,0.0,0.0,0.0,0.0
135,30-34,unvaccinated,51.0,451.0,0.6666666666666666,0.0
135,30-34,old_vaccine,0.0,0.0,0.0,0.0
135,30-34,new_vaccine,0.0,0.0,0.0,0.0
135,35-39,unvaccinated,43.666666666666664,439.3333333333333,0.0,0.0
135,35-39,old_vaccine,0.0,0.0,0.0,0.0
135,35-39,new_vaccine,0.0,0.0,0.0,0.0
135,40-44,unvaccinated,50.333333333333336,415.3333333333333,1.0,0.0
135,40-44,old_vaccine,0.0,0.0,0.0,0.0
135,40-44,new_vaccine,0.0,0.0,0.0,0.0
135,45-49,unvaccinated,61.0,403.6666666666667,0.0,0.0
135,45-49,old_vaccine,0.0,0.0,0.0,0.0
135,45-49,new_vaccine,0.0,0.0,0.0,0.0
135,50-54,unvaccinated,88.33333333333333,392.3333333333333,1.0,0.0
135,50-54,old_vaccine,0.0,0.0,0.0,0.0
135,50-54,new_vaccine,0.0,0.0,0.0,0.0
135,55-59,unvaccinated,127.0,344.6666666666667,2.0,0.3333333333333333
135,55-59,old_vaccine,0.0,0.0,0.0,0.0
135,55-59,new_vaccine,0.0,0.0,0.0,0.0
135,60-64,unvaccinated,122.33333333333333,267.3333333333333,1.3333333333333333,0.0
135,60-64,old_vaccine,0.0,0.0,0.0,0.0
135,60-64,new_vaccine,0.0,0.0,0.0,0.0
135,65-69,unvaccinated,182.33333333333334,158.0,2.6666666666666665,1.0
135,65-69,old_vaccine,0.0,0.0,0.0,0.0
135,65-69,new_vaccine,0.0,0.0,0.0,0.0
135,70-74,unvaccinated,203.33333333333334,125.66666666666667,3.3333333333333335,1.0
135,70-74,old_vaccine,0.0,0.0,0.0,0.0
135,70-74,new_vaccine,0.0,0.0,0.0,0.0
135,75+,unvaccinated,335.6666666666667,156.33333333333334,4.333333333333333,1.6666666666666667
135,75+,old_vaccine,0.0,0.0,0.0,0.0
135,75+,new_vaccine,0.0,0.0,0.0,0.0
136,0-4,unvaccinated,21.333333333333332,339.6666666666667,0.0,0.0
136,0-4,old_vaccine,0.0,0.0,0.0,0.0
136,0-4,new_vaccine,0.0,0.0,0.0,0.0
136,5-9,unvaccinated,6.666666666666667,404.6666666666667,0.0,0.0
136,5-9,old_vaccine,0.0,0.0,0.0,0.0
136,5-9,new_vaccine,0.0,0.0,0.0,0.0
136,10-14,unvaccinated,9.333333333333334,392.6666666666667,0.6666666666666666,0.0
136,10-14,old_vaccine,0.0,0.0,0.0,0.0
136,10-14,new_vaccine,0.0,0.0,0.0,0.0
136,15-19,unvaccinated,8.0,361.6666666666667,0.0,0.0
136,15-19,old_vaccine,0.0,0.0,0.0,0.0
136,15-19,new_vaccine,0.0,0.0,0.0,0.0
136,20-24,unvaccinated,27.666666666666668,386.0,0.0,0.0
136,20-24,old_vaccine,0.0,0.0,0.0,0.0
136,20-24,new_vaccine,0.0,0.0,0.0,0.0
136,25-29,unvaccinated,40.666666666666664,415.3333333333333,0.3333333333333333,0.0
136,25-29,old_vaccine,0.0,0.0,0.0,0.0
136,25-29,new_vaccine,0.0,0.0,0.0,0.0
136,30-34,unvaccinated,48.333333333333336,426.3333333333333,0.3333333333333333,0.0
136,30-34,old_vaccine,0.0,0.0,0.0,0.0
136,30-34,new_vaccine,0.0,0.0,0.0,0.0
136,35-39,unvaccinated,43.666666666666664,439.3333333333333,0.0,0.0
136,35-39,old_vaccine,0.0,0.0,0.0,0.0
136,35-39,new_vaccine,0.0,0.0,0.0,0.0
136,40-44,unvaccinated,48.0,398.3333333333333,0.3333333333333333,0.0
136,40-44,old_vaccine,0.0,0.0,0.0,0.0
136,40-44,new_vaccine,0.0,0.0,0.0,0.0
136,45-49,unvaccinated,60.333333333333336,407.0,1.0,0.0
136,45-49,old_vaccine,0.0,0.0,0.0,0.0
136,45-49,new_vaccine,0.0,0.0,0.0,0.0
136,50-54,unvaccinated,98.0,387.6666666666667,0.3333333333333333,0.0
136,50-54,old_vaccine,0.0,0.0,0.0,0.0
136,50-54,new_vaccine,0.0,0.0,0.0,0.0
136,55-59,unvaccinated,119.33333333333333,347.6666666666667,2.0,0.0
136,55-59,old_vaccine,0.0,0.0,0.0,0.0
136,55-59,new_vaccine,0.0,0.0,0.0,0.0
136,60-64,unvaccinated,119.0,257.0,1.0,0.0
136,60-64,old_vaccine,0.0,0.0,0.0,0.0
136,60-64,new_vaccine,0.0,0.0,0.0,0.0
136,65-69,unvaccinated,195.33333333333334,162.0,2.6666666666666665,0.3333333333333333
136,65-69,old_vaccine,0.0,0.0,0.0,0.0
136,65-69,new_vaccine,0.0,0.0,0.0,0.0
136,70-74,unvaccinated,201.66666666666666,106.66666666666667,5.0,1.3333333333333333
136,70-74,old_vaccine,0.0,0.0,0.0,0.0
136,70-74,new_vaccine,0.0,0.0,0.0,0.0
136,75+,unvaccinated,336.6666666666667,145.33333333333334,6.0,3.6666666666666665
136,75+,old_vaccine,0.0,0.0,0.0,0.0
136,75+,new_vaccine,0.0,0.0,0.0,0.0
137,0-4,unvaccinated,24.666666666666668,346.3333333333333,0.3333333333333333,0.0
137,0-4,old_vaccine,0.0,0.0,0.0,0.0
137,0-4,new_vaccine,0.0,0.0,0.0,0.0
137,5-9,unvaccinated,5.333333333333333,380.6666666666667,0.0,0.0
137,5-9,old_vaccine,0.0,0.0,0.0,0.0
137,5-9,new_vaccine,0.0,0.0,0.0,0.0
137,10-14,unvaccinated,5.666666666666667,400.0,0.0,0.0
137,10-14,old_vaccine,0.0,0.0,0.0,0.0
137,10-14,new_vaccine,0.0,0.0,0.0,0.0
137,15-19,unvaccinated,8.666666666666666,365.6666666666667,0.0,0.0
137,15-19,old_vaccine,0.0,0.0,0.0,0.0
137,15-19,new_vaccine,0.0,0.0,0.0,0.0
137,20-24,unvaccinated,27.333333333333332,377.6666666666667,0.0,0.0
137,20-24,old_vaccine,0.0,0.0,0.0,0.0
137,20-24,new_vaccine,0.0,0.0,0.0,0.0
137,25-29,unvaccinated,40.666666666666664,433.0,0.0,0.0
137,25-29,old_vaccine,0.0,0.0,0.0,0.0
137,25-29,new_vaccine,0.0,0.0,0.0,0.0
137,30-34,unvaccinated,46.0,430.0,0.0,0.3333333333333333
137,30-34,old_vaccine,0.0,0.0,0.0,0.0
137,30-34,new_vaccine,0.0,0.0,0.0,0.0
137,35-39,unvaccinated,42.333333333333336,428.3333333333333,0.0,0.0
137,35-39,old_vaccine,0.0,0.0,0.0,0.0
137,35-39,new_vaccine,0.0,0.0,0.0,0.0
137,40-44,unvaccinated,48.0,415.6666666666667,0.6666666666666666,0.0
137,40-44,old_vaccine,0.0,0.0,0.0,0.0
137,40-44,new_vaccine,0.0,0.0,0.0,0.0
137,45-49,unvaccinated,61.0,407.6666666666667,1.6666666666666667,0.0
137,45-49,old_vaccine,0.0,0.0,0.0,0.0
137,45-49,new_vaccine,0.0,0.0,0.0,0.0
137,50-54,unvaccinated,84.0,376.0,0.3333333333333333,0.0
137,50-54,old_vaccine,0.0,0.0,0.0,0.0
137,50-54,new_vaccine,0.0,0.0,0.0,0.0
137,55-59,unvaccinated,120.0,337.6666666666667,1.3333333333333333,0.0
137,55-59,old_vaccine,0.0,0.0,0.0,0.0
137,55-59,new_vaccine,0.0,0.0,0.0,0.0
137,60-64,unvaccinated,114.33333333333333,296.0,0.6666666666666666,0.3333333333333333
137,60-64,old_vaccine,0.0,0.0,0.0,0.0
137,60-64,new_vaccine,0.0,0.0,0.0,0.0
137,65-69,unvaccinated,174.66666666666666,164.0,3.0,0.0
137,65-69,old_vaccine,0.0,0.0,0.0,0.0
137,65-69,new_vaccine,0.0,0.0,0.0,0.0
137,70-74,unvaccinated,202.33333333333334,120.0,4.666666666666667,1.0
137,70-74,old_vaccine,0.0,0.0,0.0,0.0
137,70-74,new_vaccine,0.0,0.0,0.0,0.0
137,75+,unvaccinated,366.0,159.33333333333334,5.333333333333333,2.3333333333333335
137,75+,old_vaccine,0.0,0.0,0.0,0.0
137,75+,new_vaccine,0.0,0.0,0.0,0.0
138,0-4,unvaccinated,25.0,367.0,0.0,0.0
138,0-4,old_vaccine,0.0,0.0,0.0,0.0
138,0-4,new_vaccine,0.0,0.0,0.0,0.0
138,5-9,unvaccinated,6.0,418.6666666666667,0.3333333333333333,0.0
138,5-9,old_vaccine,0.0,0.0,0.0,0.0
138,5-9,new_vaccine,0.0,0.0,0.0,0.0
138,10-14,unvaccinated,7.333333333333333,377.3333333333333,0.0,0.0
138,10-14,old_vaccine,0.0,0.0,0.0,0.0
138,10-14,new_vaccine,0.0,0.0,0.0,0.0
138,15-19,unvaccinated,8.666666666666666,359.0,0.0,0.0
138,15-19,old_vaccine,0.0,0.0,0.0,0.0
138,15-19,new_vaccine,0.0,0.0,0.0,0.0
138,20-24,unvaccinated,26.0,395.6666666666667,0.0,0.0
138,20-24,old_vaccine,0.0,0.0,0.0,0.0
138,20-24,new_vaccine,0.0,0.0,0.0,0.0
138,25-29,unvaccinated,42.0,418.6666666666667,0.0,0.0
138,25-29,old_vaccine,0.0,0.0,0.0,0.0
138,25-29,new_vaccine,0.0,0.0,0.0,0.0
138,30-34,unvaccinated,52.333333333333336,425.6666666666667,0.3333333333333333,0.0
138,30-34,old_vaccine,0.0,0.0,0.0,0.0
138,30-34,new_vaccine,0.0,0.0,0.0,0.0
138,35-39,unvaccinated,37.333333333333336,441.0,0.3333333333333333,0.0
138,35-39,old_vaccine,0.0,0.0,0.0,0.0
138,35-39,new_vaccine,0.0,0.0,0.0,0.0
138,40-44,unvaccinated,43.333333333333336,419.0,0.6666666666666666,0.0
138,40-44,old_vaccine,0.0,0.0,0.0,0.0
138,40-44,new_vaccine,0.0,0.0,0.0,0.0
138,45-49,unvaccinated,61.333333333333336,401.3333333333333,1.3333333333333333,0.0
138,45-49,old_vaccine,0.0,0.0,0.0,0.0
138,45-49,new_vaccine,0.0,0.0,0.0,0.0
138,50-54,unvaccinated,92.66666666666667,405.0,1.3333333333333333,0.0
138,50-54,old_vaccine,0.0,0.0,0.0,0.0
138,50-54,new_vaccine,0.0,0.0,0.0,0.0
138,55-59,unvaccinated,119.0,339.3333333333333,1.0,0.0
138,55-59,old_vaccine,0.0,0.0,0.0,0.0
138,55-59,new_vaccine,0.0,0.0,0.0,0.0
138,60-64,unvaccinated,120.33333333333333,285.0,2.0,0.0
138,60-64,old_vaccine,0.0,0.0,0.0,0.0
138,60-64,new_vaccine,0.0,0.0,0.0,0.0
138,65-69,unvaccinated,178.0,141.66666666666666,2.3333333333333335,0.6666666666666666
138,65-69,old_vaccine,0.0,0.0,0.0,0.0
138,65-69,new_vaccine,0.0,0.0,0.0,0.0
138,70-74,unvaccinated,210.0,117.0,3.3333333333333335,1.3333333333333333
138,70-74,old_vaccine,0.0,0.0,0.0,0.0
138,70-74,new_vaccine,0.0,0.0,0.0,0.0
138,75+,unvaccinated,321.6666666666667,171.33333333333334,5.666666666666667,2.3333333333333335
138,75+,old_vaccine,0.0,0.0,0.0,0.0
138,75+,new_vaccine,0.0,0.0,0.0,0.0
139,0-4,unvaccinated,27.666666666666668,346.3333333333333,0.6666666666666666,0.0
139,0-4,old_vaccine,0.0,0.0,0.0,0.0
139,0-4,new_vaccine,0.0,0.0,0.0,0.0
139,5-9,unvaccinated,4.0,396.6666666666667,0.0,0.0
139,5-9,old_vaccine,0.0,0.0,0.0,0.0
139,5-9,new_vaccine,0.0,0.0,0.0,0.0
139,10-14,unvaccinated,10.0,359.6666666666667,0.3333333333333333,0.0
139,10-14,old_vaccine,0.0,0.0,0.0,0.0
139,10-14,new_vaccine,0.0,0.0,0.0,0.0
139,15-19,unvaccinated,11.0,366.0,0.3333333333333333,0.0
139,15-19,old_vaccine,0.0,0.0,0.0,0.0
139,15-19,new_vaccine,0.0,0.0,0.0,0.0
139,20-24,unvaccinated,24.0,382.3333333333333,0.0,0.0
139,20-24,old_vaccine,0.0,0.0,0.0,0.0
139,20-24,new_vaccine,0.0,0.0,0.0,0.0
139,25-29,unvaccinated,50.666666666666664,434.6666666666667,0.0,0.0
139,25-29,old_vaccine,0.0,0.0,0.0,0.0
139,25-29,new_vaccine,0.0,0.0,0.0,0.0
139,30-34,unvaccinated,50.666666666666664,443.6666666666667,0.3333333333333333,0.0
139,30-34,old_vaccine,0.0,0.0,0.0,0.0
139,30-34,new_vaccine,0.0,0.0,0.0,0.0
139,35-39,unvaccinated,46.0,433.6666666666667,0.0,0.0
139,35-39,old_vaccine,0.0,0.0,0.0,0.0
139,35-39,new_vaccine,0.0,0.0,0.0,0.0
139,40-44,unvaccinated,41.333333333333336,408.3333333333333,0.6666666666666666,0.0
139,40-44,old_vaccine,0.0,0.0,0.0,0.0
139,40-44,new_vaccine,0.0,0.0,0.0,0.0
139,45-49,unvaccinated,59.666666666666664,385.6666666666667,0.6666666666666666,0.0
139,45-49,old_vaccine,0.0,0.0,0.0,0.0
139,45-49,new_vaccine,0.0,0.0,0.0,0.0
139,50-54,unvaccinated,94.33333333333333,368.3333333333333,1.0,0.3333333333333333
139,50-54,old_vaccine,0.0,0.0,0.0,0.0
139,50-54,new_vaccine,0.0,0.0,0.0,0.0
139,55-59,unvaccinated,128.0,347.0,1.3333333333333333,0.0
139,55-59,old_vaccine,0.0,0.0,0.0,0.0
139,55-59,new_vaccine,0.0,0.0,0.0,0.0
139,60-64,unvaccinated,111.66666666666667,293.6666666666667,2.3333333333333335,0.0
139,60-64,old_vaccine,0.0,0.0,0.0,0.0
139,60-64,new_vaccine,0.0,0.0,0.0,0.0
139,65-69,unvaccinated,174.0,157.0,3.6666666666666665,0.6666666666666666
139,65-69,old_vaccine,0.0,0.0,0.0,0.0
139,65-69,new_vaccine,0.0,0.0,0.0,0.0
139,70-74,unvaccinated,200.66666666666666,115.66666666666667,3.6666666666666665,0.0
139,70-74,old_vaccine,0.0,0.0,0.0,0.0
139,70-74,new_vaccine,0.0,0.0,0.0,0.0
139,75+,unvaccinated,342.6666666666667,160.0,3.3333333333333335,2.3333333333333335
139,75+,old_vaccine,0.0,0.0,0.0,0.0
139,75+,new_vaccine,0.0,0.0,0.0,0.0
140,0-4,unvaccinated,25.666666666666668,344.3333333333333,0.0,0.0
140,0-4,old_vaccine,0.0,0.0,0.0,0.0
140,0-4,new_vaccine,0.0,0.0,0.0,0.0
140,5-9,unvaccinated,7.0,398.6666666666667,0.0,0.0
140,5-9,old_vaccine,0.0,0.0,0.0,0.0
140,5-9,new_vaccine,0.0,0.0,0.0,0.0
140,10-14,unvaccinated,10.333333333333334,380.0,0.0,0.0
140,10-14,old_vaccine,0.0,0.0,0.0,0.0
140,10-14,new_vaccine,0.0,0.0,0.0,0.0
140,15-19,unvaccinated,11.0,362.0,0.0,0.0
140,15-19,old_vaccine,0.0,0.0,0.0,0.0
140,15-19,new_vaccine,0.0,0.0,0.0,0.0
140,20-24,unvaccinated,25.333333333333332,370.6666666666667,0.0,0.0
140,20-24,old_vaccine,0.0,0.0,0.0,0.0
140,20-24,new_vaccine,0.0,0.0,0.0,0.0
140,25-29,unvaccinated,45.333333333333336,406.6666666666667,0.0,0.0
140,25-29,old_vaccine,0.0,0.0,0.0,0.0
140,25-29,new_vaccine,0.0,0.0,0.0,0.0
140,30-34,unvaccinated,42.0,439.6666666666667,0.0,0.0
140,30-34,old_vaccine,0.0,0.0,0.0,0.0
140,30-34,new_vaccine,0.0,0.0,0.0,0.0
140,35-39,unvaccinated,45.0,409.3333333333333,0.3333333333333333,0.0
140,35-39,old_vaccine,0.0,0.0,0.0,0.0
140,35-39,new_vaccine,0.0,0.0,0.0,0.0
140,40-44,unvaccinated,45.0,425.6666666666667,0.6666666666666666,0.0
140,40-44,old_vaccine,0.0,0.0,0.0,0.0
140,40-44,new_vaccine,0.0,0.0,0.0,0.0
140,45-49,unvaccinated,55.666666666666664,404.0,0.3333333333333333,0.0
140,45-49,old_vaccine,0.0,0.0,0.0,0.0
140,45-49,new_vaccine,0.0,0.0,0.0,0.0
140,50-54,unvaccinated,86.33333333333333,380.3333333333333,1.3333333333333333,0.0
140,50-54,old_vaccine,0.0,0.0,0.0,0.0
140,50-54,new_vaccine,0.0,0.0,0.0,0.0
140,55-59,unvaccinated,119.66666666666667,342.0,2.3333333333333335,0.0
140,55-59,old_vaccine,0.0,0.0,0.0,0.0
140,55-59,new_vaccine,0.0,0.0,0.0,0.0
140,60-64,unvaccinated,111.33333333333333,292.6666666666667,2.0,0.0
140,60-64,old_vaccine,0.0,0.0,0.0,0.0
140,60-64,new_vaccine,0.0,0.0,0.0,0.0
140,65-69,unvaccinated,187.66666666666666,144.66666666666666,4.0,0.3333333333333333
140,65-69,old_vaccine,0.0,0.0,0.0,0.0
140,65-69,new_vaccine,0.0,0.0,0.0,0.0
140,70-74,unvaccinated,203.66666666666666,103.66666666666667,3.6666666666666665,0.3333333333333333
140,70-74,old_vaccine,0.0,0.0,0.0,0.0
140,70-74,new_vaccine,0.0,0.0,0.0,0.0
140,75+,unvaccinated,328.0,170.66666666666666,5.0,3.0
140,75+,old_vaccine,0.0,0.0,0.0,0.0
140,75+,new_vaccine,0.0,0.0,0.0,0.0
141,0-4,unvaccinated,22.333333333333332,334.6666666666667,0.3333333333333333,0.0
141,0-4,old_vaccine,0.0,0.0,0.0,0.0
141,0-4,new_vaccine,0.0,0.0,0.0,0.0
141,5-9,unvaccinated,7.666666666666667,410.0,0.0,0.0
141,5-9,old_vaccine,0.0,0.0,0.0,0.0
141,5-9,new_vaccine,0.0,0.0,0.0,0.0
141,10-14,unvaccinated,12.0,375.3333333333333,0.0,0.0
141,10-14,old_vaccine,0.0,0.0,0.0,0.0
141,10-14,new_vaccine,0.0,0.0,0.0,0.0
141,15-19,unvaccinated,7.666666666666667,358.6666666666667,0.0,0.0
141,15-19,old_vaccine,0.0,0.0,0.0,0.0
141,15-19,new_vaccine,0.0,0.0,0.0,0.0
141,20-24,unvaccinated,23.666666666666668,410.0,0.3333333333333333,0.0
141,20-24,old_vaccine,0.0,0.0,0.0,0.0
141,20-24,new_vaccine,0.0,0.0,0.0,0.0
141,25-29,unvaccinated,44.666666666666664,412.6666666666667,0.0,0.0
141,25-29,old_vaccine,0.0,0.0,0.0,0.0
141,25-29,new_vaccine,0.0,0.0,0.0,0.0
141,30-34,unvaccinated,50.333333333333336,429.3333333333333,0.0,0.0
141,30-34,old_vaccine,0.0,0.0,0.0,0.0
141,30-34,new_vaccine,0.0,0.0,0.0,0.0
141,35-39,unvaccinated,45.666666666666664,428.6666666666667,0.0,0.0
141,35-39,old_vaccine,0.0,0.0,0.0,0.0
141,35-39,new_vaccine,0.0,0.0,0.0,0.0
141,40-44,unvaccinated,50.666666666666664,405.6666666666667,0.3333333333333333,0.0
141,40-44,old_vaccine,0.0,0.0,0.0,0.0
141,40-44,new_vaccine,0.0,0.0,0.0,0.0
141,45-49,unvaccinated,59.666666666666664,385.6666666666667,0.6666666666666666,0.0
141,45-49,old_vaccine,0.0,0.0,0.0,0.0
141,45-49,new_vaccine,0.0,0.0,0.0,0.0
141,50-54,unvaccinated,106.33333333333333,392.3333333333333,0.6666666666666666,0.0
141,50-54,old_vaccine,0.0,0.0,0.0,0.0
141,50-54,new_vaccine,0.0,0.0,0.0,0.0
141,55-59,unvaccinated,121.0,358.3333333333333,1.3333333333333333,0.0
141,55-59,old_vaccine,0.0,0.0,0.0,0.0
141,55-59,new_vaccine,0.0,0.0,0.0,0.0
141,60-64,unvaccinated,116.33333333333333,298.3333333333333,1.6666666666666667,0.3333333333333333
141,60-64,old_vaccine,0.0,0.0,0.0,0.0
141,60-64,new_vaccine,0.0,0.0,0.0,0.0
141,65-69,unvaccinated,169.66666666666666,155.66666666666666,4.333333333333333,0.3333333333333333
141,65-69,old_vaccine,0.0,0.0,0.0,0.0
141,65-69,new_vaccine,0.0,0.0,0.0,0.0
141,70-74,unvaccinated,197.0,119.0,4.666666666666667,0.3333333333333333
141,70-74,old_vaccine,0.0,0.0,0.0,0.0
141,70-74,new_vaccine,0.0,0.0,0.0,0.0
141,75+,unvaccinated,353.0,155.33333333333334,9.0,2.6666666666666665
141,75+,old_vaccine,0.0,0.0,0.0,0.0
141,75+,new_vaccine,0.0,0.0,0.0,0.0
142,0-4,unvaccinated,22.333333333333332,339.3333333333333,0.3333333333333333,0.0
142,0-4,old_vaccine,0.0,0.0,0.0,0.0
142,0-4,new_vaccine,0.0,0.0,0.0,0.0
142,5-9,unvaccinated,7.333333333333333,400.0,0.0,0.0
142,5-9,old_vaccine,0.0,0.0,0.0,0.0
142,5-9,new_vaccine,0.0,0.0,0.0,0.0
142,10-14,unvaccinated,8.666666666666666,395.3333333333333,0.0,0.0
142,10-14,old_vaccine,0.0,0.0,0.0,0.0
142,10-14,new_vaccine,0.0,0.0,0.0,0.0
142,15-19,unvaccinated,10.333333333333334,382.0,0.0,0.0
142,15-19,old_vaccine,0.0,0.0,0.0,0.0
142,15-19,new_vaccine,0.0,0.0,0.0,0.0
142,20-24,unvaccinated,32.666666666666664,398.3333333333333,0.0,0.0
142,20-24,old_vaccine,0.0,0.0,0.0,0.0
142,20-24,new_vaccine,0.0,0.0,0.0,0.0
142,25-29,unvaccinated,49.333333333333336,414.3333333333333,0.0,0.0
142,25-29,old_vaccine,0.0,0.0,0.0,0.0
142,25-29,new_vaccine,0.0,0.0,0.0,0.0
142,30-34,unvaccinated,46.666666666666664,429.3333333333333,0.0,0.0
142,30-34,old_vaccine,0.0,0.0,0.0,0.0
142,30-34,new_vaccine,0.0,0.0,0.0,0.0
142,35-39,unvaccinated,42.666666666666664,453.0,0.0,0.0
142,35-39,old_vaccine,0.0,0.0,0.0,0.0
142,35-39,new_vaccine,0.0,0.0,0.0,0.0
142,40-44,unvaccinated,44.333333333333336,411.0,0.0,0.0
142,40-44,old_vaccine,0.0,0.0,0.0,0.0
142,40-44,new_vaccine,0.0,0.0,0.0,0.0
142,45-49,unvaccinated,46.666666666666664,387.3333333333333,0.6666666666666666,0.0
142,45-49,old_vaccine,0.0,0.0,0.0,0.0
142,45-49,new_vaccine,0.0,0.0,0.0,0.0
142,50-54,unvaccinated,92.33333333333333,387.3333333333333,0.6666666666666666,0.0
142,50-54,old_vaccine,0.0,0.0,0.0,0.0
142,50-54,new_vaccine,0.0,0.0,0.0,0.0
142,55-59,unvaccinated,126.66666666666667,357.6666666666667,1.3333333333333333,0.0
142,55-59,old_vaccine,0.0,0.0,0.0,0.0
142,55-59,new_vaccine,0.0,0.0,0.0,0.0
142,60-64,unvaccinated,113.33333333333333,287.0,2.0,0.3333333333333333
142,60-64,old_vaccine,0.0,0.0,0.0,0.0
142,60-64,new_vaccine,0.0,0.0,0.0,0.0
142,65-69,unvaccinated,184.33333333333334,162.33333333333334,3.0,1.0
142,65-69,old_vaccine,0.0,0.0,0.0,0.0
142,65-69,new_vaccine,0.0,0.0,0.0,0.0
142,70-74,unvaccinated,192.0,114.66666666666667,3.0,0.3333333333333333
142,70-74,old_vaccine,0.0,0.0,0.0,0.0
142,70-74,new_vaccine,0.0,0.0,0.0,0.0
142,75+,unvaccinated,360.0,170.33333333333334,4.666666666666667,4.333333333333333
142,75+,old_vaccine,0.0,0.0,0.0,0.0
142,75+,new_vaccine,0.0,0.0,0.0,0.0
143,0-4,unvaccinated,27.0,339.0,0.0,0.0
143,0-4,old_vaccine,0.0,0.0,0.0,0.0
143,0-4,new_vaccine,0.0,0.0,0.0,0.0
143,5-9,unvaccinated,6.333333333333333,396.0,0.0,0.0
143,5-9,old_vaccine,0.0,0.0,0.0,0.0
143,5-9,new_vaccine,0.0,0.0,0.0,0.0
143,10-14,unvaccinated,5.666666666666667,392.3333333333333,0.0,0.0
143,10-14,old_vaccine,0.0,0.0,0.0,0.0
143,10-14,new_vaccine,0.0,0.0,0.0,0.0
143,15-19,unvaccinated,11.0,359.6666666666667,0.0,0.0
143,15-19,old_vaccine,0.0,0.0,0.0,0.0
143,15-19,new_vaccine,0.0,0.0,0.0,0.0
143,20-24,unvaccinated,29.0,393.0,0.0,0.0
143,20-24,old_vaccine,0.0,0.0,0.0,0.0
143,20-24,new_vaccine,0.0,0.0,0.0,0.0
143,25-29,unvaccinated,46.666666666666664,439.6666666666667,0.0,0.0
143,25-29,old_vaccine,0.0,0.0,0.0,0.0
143,25-29,new_vaccine,0.0,0.0,0.0,0.0
143,30-34,unvaccinated,50.333333333333336,414.0,0.6666666666666666,0.0
143,30-34,old_vaccine,0.0,0.0,0.0,0.0
143,30-34,new_vaccine,0.0,0.0,0.0,0.0
143,35-39,unvaccinated,43.666666666666664,432.0,0.3333333333333333,0.0
143,35-39,old_vaccine,0.0,0.0,0.0,0.0
143,35-39,new_vaccine,0.0,0.0,0.0,0.0
143,40-44,unvaccinated,45.666666666666664,398.3333333333333,0.0,0.0
143,40-44,old_vaccine,0.0,0.0,0.0,0.0
143,40-44,new_vaccine,0.0,0.0,0.0,0.0
143,45-49,unvaccinated,57.0,375.0,1.0,0.0
143,45-49,old_vaccine,0.0,0.0,0.0,0.0
143,45-49,new_vaccine,0.0,0.0,0.0,0.0
143,50-54,unvaccinated,92.66666666666667,404.6666666666667,0.3333333333333333,0.0
143,50-54,old_vaccine,0.0,0.0,0.0,0.0
143,50-54,new_vaccine,0.0,0.0,0.0,0.0
143,55-59,unvaccinated,117.33333333333333,335.0,1.0,0.0
143,55-59,old_vaccine,0.0,0.0,0.0,0.0
143,55-59,new_vaccine,0.0,0.0,0.0,0.0
143,60-64,unvaccinated,114.33333333333333,267.0,2.0,0.0
143,60-64,old_vaccine,0.0,0.0,0.0,0.0
143,60-64,new_vaccine,0.0,0.0,0.0,0.0
143,65-69,unvaccinated,166.33333333333334,151.33333333333334,4.0,0.0
143,65-69,old_vaccine,0.0,0.0,0.0,0.0
143,65-69,new_vaccine,0.0,0.0,0.0,0.0
143,70-74,unvaccinated,213.0,124.66666666666667,2.3333333333333335,1.3333333333333333
143,70-74,old_vaccine,0.0,0.0,0.0,0.0
143,70-74,new_vaccine,0.0,0.0,0.0,0.0
143,75+,unvaccinated,347.0,157.33333333333334,7.666666666666667,3.3333333333333335
143,75+,old_vaccine,0.0,0.0,0.0,0.0
143,75+,new_vaccine,0.0,0.0,0.0,0.0
144,0-4,unvaccinated,28.0,354.6666666666667,0.0,0.0
144,0-4,old_vaccine,0.0,0.0,0.0,0.0
144,0-4,new_vaccine,0.0,0.0,0.0,0.0
144,5-9,unvaccinated,5.0,381.6666666666667,0.0,0.0
144,5-9,old_vaccine,0.0,0.0,0.0,0.0
144,5-9,new_vaccine,0.0,0.0,0.0,0.0
144,10-14,unvaccinated,5.0,395.0,0.0,0.0
144,10-14,old_vaccine,0.0,0.0,0.0,0.0
144,10-14,new_vaccine,0.0,0.0,0.0,0.0
144,15-19,unvaccinated,11.666666666666666,369.0,0.0,0.0
144,15-19,old_vaccine,0.0,0.0,0.0,0.0
144,15-19,new_vaccine,0.0,0.0,0.0,0.0
144,20-24,unvaccinated,29.666666666666668,384.3333333333333,0.0,0.0
144,20-24,old_vaccine,0.0,0.0,0.0,0.0
144,20-24,new_vaccine,0.0,0.0,0.0,0.0
144,25-29,unvaccinated,43.666666666666664,412.0,0.0,0.0
144,25-29,old_vaccine,0.0,0.0,0.0,0.0
144,25-29,new_vaccine,0.0,0.0,0.0,0.0
144,30-34,unvaccinated,51.0,410.6666666666667,0.3333333333333333,0.0
144,30-34,old_vaccine,0.0,0.0,0.0,0.0
144,30-34,new_vaccine,0.0,0.0,0.0,0.0
144,35-39,unvaccinated,42.333333333333336,440.0,0.3333333333333333,0.0
144,35-39,old_vaccine,0.0,0.0,0.0,0.0
144,35-39,new_vaccine,0.0,0.0,0.0,0.0
144,40-44,unvaccinated,47.333333333333336,400.0,0.0,0.0
144,40-44,old_vaccine,0.0,0.0,0.0,0.0
144,40-44,new_vaccine,0.0,0.0,0.0,0.0
144,45-49,unvaccinated,54.333333333333336,386.6666666666667,0.3333333333333333,0.0
144,45-49,old_vaccine,0.0,0.0,0.0,0.0
144,45-49,new_vaccine,0.0,0.0,0.0,0.0
144,50-54,unvaccinated,89.66666666666667,384.0,1.0,0.0
144,50-54,old_vaccine,0.0,0.0,0.0,0.0
144,50-54,new_vaccine,0.0,0.0,0.0,0.0
144,55-59,unvaccinated,122.0,335.6666666666667,1.3333333333333333,0.0
144,55-59,old_vaccine,0.0,0.0,0.0,0.0
144,55-59,new_vaccine,0.0,0.0,0.0,0.0
144,60-64,unvaccinated,112.66666666666667,269.0,2.0,0.0
144,60-64,old_vaccine,0.0,0.0,0.0,0.0
144,60-64,new_vaccine,0.0,0.0,0.0,0.0
144,65-69,unvaccinated,170.66666666666666,162.33333333333334,3.3333333333333335,0.0
144,65-69,old_vaccine,0.0,0.0,0.0,0.0
144,65-69,new_vaccine,0.0,0.0,0.0,0.0
144,70-74,unvaccinated,199.0,122.33333333333333,2.3333333333333335,0.3333333333333333
144,70-74,old_vaccine,0.0,0.0,0.0,0.0
144,70-74,new_vaccine,0.0,0.0,0.0,0.0
144,75+,unvaccinated,332.3333333333333,157.0,7.666666666666667,1.0
144,75+,old_vaccine,0.0,0.0,0.0,0.0
144,75+,new_vaccine,0.0,0.0,0.0,0.0
145,0-4,unvaccinated,24.333333333333332,328.6666666666667,0.3333333333333333,0.0
145,0-4,old_vaccine,0.0,0.0,0.0,0.0
145,0-4,new_vaccine,0.0,0.0,0.0,0.0
145,5-9,unvaccinated,4.333333333333333,394.3333333333333,0.0,0.0
145,5-9,old_vaccine,0.0,0.0,0.0,0.0
145,5-9,new_vaccine,0.0,0.0,0.0,0.0
145,10-14,unvaccinated,6.666666666666667,384.6666666666667,0.0,0.0
145,10-14,old_vaccine,0.0,0.0,0.0,0.0
145,10-14,new_vaccine,0.0,0.0,0.0,0.0
145,15-19,unvaccinated,10.333333333333334,378.3333333333333,0.0,0.0
145,15-19,old_vaccine,0.0,0.0,0.0,0.0
145,15-19,new_vaccine,0.0,0.0,0.0,0.0
145,20-24,unvaccinated,36.666666666666664,383.3333333333333,0.3333333333333333,0.0
145,20-24,old_vaccine,0.0,0.0,0.0,0.0
145,20-24,new_vaccine,0.0,0.0,0.0,0.0
145,25-29,unvaccinated,43.0,429.3333333333333,0.0,0.0
145,25-29,old_vaccine,0.0,0.0,0.0,0.0
145,25-29,new_vaccine,0.0,0.0,0.0,0.0
145,30-34,unvaccinated,49.333333333333336,450.0,0.6666666666666666,0.0
145,30-34,old_vaccine,0.0,0.0,0.0,0.0
145,30-34,new_vaccine,0.0,0.0,0.0,0.0
145,35-39,unvaccinated,36.0,432.3333333333333,0.3333333333333333,0.0
145,35-39,old_vaccine,0.0,0.0,0.0,0.0
145,35-39,new_vaccine,0.0,0.0,0.0,0.0
145,40-44,unvaccinated,44.0,439.0,0.0,0.0
145,40-44,old_vaccine,0.0,0.0,0.0,0.0
145,40-44,new_vaccine,0.0,0.0,0.0,0.0
145,45-49,unvaccinated,55.666666666666664,371.0,0.6666666666666666,0.0
145,45-49,old_vaccine,0.0,0.0,0.0,0.0
145,45-49,new_vaccine,0.0,0.0,0.0,0.0
145,50-54,unvaccinated,84.0,392.0,0.6666666666666666,0.0
145,50-54,old_vaccine,0.0,0.0,0.0,0.0
145,50-54,new_vaccine,0.0,0.0,0.0,0.0
145,55-59,unvaccinated,118.0,338.0,0.3333333333333333,0.0
145,55-59,old_vaccine,0.0,0.0,0.0,0.0
145,55-59,new_vaccine,0.0,0.0,0.0,0.0
145,60-64,unvaccinated,113.33333333333333,278.6666666666667,0.6666666666666666,0.6666666666666666
145,60-64,old_vaccine,0.0,0.0,0.0,0.0
145,60-64,new_vaccine,0.0,0.0,0.0,0.0
145,65-69,unvaccinated,180.66666666666666,145.33333333333334,5.666666666666667,0.0
145,65-69,old_vaccine,0.0,0.0,0.0,0.0
145,65-69,new_vaccine,0.0,0.0,0.0,0.0
145,70-74,unvaccinated,190.66666666666666,133.66666666666666,5.0,0.6666666666666666
145,70-74,old_vaccine,0.0,0.0,0.0,0.0
145,70-74,new_vaccine,0.0,0.0,0.0,0.0
145,75+,unvaccinated,337.0,174.66666666666666,6.666666666666667,2.3333333333333335
145,75+,old_vaccine,0.0,0.0,0.0,0.0
145,75+,new_vaccine,0.0,0.0,0.0,0.0
146,0-4,unvaccinated,25.666666666666668,346.6666666666667,0.6666666666666666,0.0
146,0-4,old_vaccine,0.0,0.0,0.0,0.0
146,0-4,new_vaccine,0.0,0.0,0.0,0.0
146,5-9,unvaccinated,8.333333333333334,385.6666666666667,0.0,0.0
146,5-9,old_vaccine,0.0,0.0,0.0,0.0
146,5-9,new_vaccine,0.0,0.0,0.0,0.0
146,10-14,unvaccinated,8.333333333333334,387.0,0.3333333333333333,0.0
146,10-14,old_vaccine,0.0,0.0,0.0,0.0
146,10-14,new_vaccine,0.0,0.0,0.0,0.0
146,15-19,unvaccinated,6.333333333333333,365.6666666666667,0.0,0.0
146,15-19,old_vaccine,0.0,0.0,0.0,0.0
146,15-19,new_vaccine,0.0,0.0,0.0,0.0
146,20-24,unvaccinated,30.0,406.6666666666667,0.0,0.0
146,20-24,old_vaccine,0.0,0.0,0.0,0.0
146,20-24,new_vaccine,0.0,0.0,0.0,0.0
146,25-29,unvaccinated,43.666666666666664,430.0,0.0,0.0
146,25-29,old_vaccine,0.0,0.0,0.0,0.0
146,25-29,new_vaccine,0.0,0.0,0.0,0.0
146,30-34,unvaccinated,50.666666666666664,420.3333333333333,0.3333333333333333,0.0
146,30-34,old_vaccine,0.0,0.0,0.0,0.0
146,30-34,new_vaccine,0.0,0.0,0.0,0.0
146,35-39,unvaccinated,32.333333333333336,418.0,0.3333333333333333,0.0
146,35-39,old_vaccine,0.0,0.0,0.0,0.0
146,35-39,new_vaccine,0.0,0.0,0.0,0.0
146,40-44,unvaccinated,40.333333333333336,407.0,0.3333333333333333,0.0
146,40-44,old_vaccine,0.0,0.0,0.0,0.0
146,40-44,new_vaccine,0.0,0.0,0.0,0.0
146,45-49,unvaccinated,48.333333333333336,405.6666666666667,0.3333333333333333,0.0
146,45-49,old_vaccine,0.0,0.0,0.0,0.0
146,45-49,new_vaccine,0.0,0.0,0.0,0.0
146,50-54,unvaccinated,92.66666666666667,381.3333333333333,0.6666666666666666,0.0
146,50-54,old_vaccine,0.0,0.0,0.0,0.0
146,50-54,new_vaccine,0.0,0.0,0.0,0.0
146,55-59,unvaccinated,123.0,344.3333333333333,0.6666666666666666,0.0
146,55-59,old_vaccine,0.0,0.0,0.0,0.0
146,55-59,new_vaccine,0.0,0.0,0.0,0.0
146,60-64,unvaccinated,116.66666666666667,275.6666666666667,1.3333333333333333,0.0
146,60-64,old_vaccine,0.0,0.0,0.0,0.0
146,60-64,new_vaccine,0.0,0.0,0.0,0.0
146,65-69,unvaccinated,174.0,149.0,2.3333333333333335,0.3333333333333333
146,65-69,old_vaccine,0.0,0.0,0.0,0.0
146,65-69,new_vaccine,0.0,0.0,0.0,0.0
146,70-74,unvaccinated,194.0,125.66666666666667,4.666666666666667,0.6666666666666666
146,70-74,old_vaccine,0.0,0.0,0.0,0.0
146,70-74,new_vaccine,0.0,0.0,0.0,0.0
146,75+,unvaccinated,350.0,166.66666666666666,5.666666666666667,2.6666666666666665
146,75+,old_vaccine,0.0,0.0,0.0,0.0
146,75+,new_vaccine,0.0,0.0,0.0,0.0
147,0-4,unvaccinated,23.333333333333332,337.0,0.6666666666666666,0.0
147,0-4,old_vaccine,0.0,0.0,0.0,0.0
147,0-4,new_vaccine,0.0,0.0,0.0,0.0
147,5-9,unvaccinated,5.0,396.0,0.0,0.0
147,5-9,old_vaccine,0.0,0.0,0.0,0.0
147,5-9,new_vaccine,0.0,0.0,0.0,0.0
147,10-14,unvaccinated,10.0,401.0,0.0,0.0
147,10-14,old_vaccine,0.0,0.0,0.0,0.0
147,10-14,new_vaccine,0.0,0.0,0.0,0.0
147,15-19,unvaccinated,7.666666666666667,368.3333333333333,0.3333333333333333,0.0
147,15-19,old_vaccine,0.0,0.0,0.0,0.0
147,15-19,new_vaccine,0.0,0.0,0.0,0.0
147,20-24,unvaccinated,25.333333333333332,403.3333333333333,0.0,0.0
147,20-24,old_vaccine,0.0,0.0,0.0,0.0
147,20-24,new_vaccine,0.0,0.0,0.0,0.0
147,25-29,unvaccinated,50.666666666666664,446.0,0.0,0.0
147,25-29,old_vaccine,0.0,0.0,0.0,0.0
147,25-29,new_vaccine,0.0,0.0,0.0,0.0
147,30-34,unvaccinated,47.333333333333336,427.3333333333333,0.0,0.0
147,30-34,old_vaccine,0.0,0.0,0.0,0.0
147,30-34,new_vaccine,0.0,0.0,0.0,0.0
147,35-39,unvaccinated,42.666666666666664,430.3333333333333,0.3333333333333333,0.0
147,35-39,old_vaccine,0.0,0.0,0.0,0.0
147,35-39,new_vaccine,0.0,0.0,0.0,0.0
147,40-44,unvaccinated,44.0,416.3333333333333,0.3333333333333333,0.0
147,40-44,old_vaccine,0.0,0.0,0.0,0.0
147,40-44,new_vaccine,0.0,0.0,0.0,0.0
147,45-49,unvaccinated,56.333333333333336,382.3333333333333,1.0,0.0
147,45-49,old_vaccine,0.0,0.0,0.0,0.0
147,45-49,new_vaccine,0.0,0.0,0.0,0.0
147,50-54,unvaccinated,96.0,396.0,0.6666666666666666,0.0
147,50-54,old_vaccine,0.0,0.0,0.0,0.0
147,50-54,new_vaccine,0.0,0.0,0.0,0.0
147,55-59,unvaccinated,125.0,333.3333333333333,1.3333333333333333,0.0
147,55-59,old_vaccine,0.0,0.0,0.0,0.0
147,55-59,new_vaccine,0.0,0.0,0.0,0.0
147,60-64,unvaccinated,116.33333333333333,291.3333333333333,1.3333333333333333,0.0
147,60-64,old_vaccine,0.0,0.0,0.0,0.0
147,60-64,new_vaccine,0.0,0.0,0.0,0.0
147,65-69,unvaccinated,188.66666666666666,157.0,4.333333333333333,0.0
147,65-69,old_vaccine,0.0,0.0,0.0,0.0
147,65-69,new_vaccine,0.0,0.0,0.0,0.0
147,70-74,unvaccinated,217.0,110.0,2.6666666666666665,0.3333333333333333
147,70-74,old_vaccine,0.0,0.0,0.0,0.0
147,70-74,new_vaccine,0.0,0.0,0.0,0.0
147,75+,unvaccinated,330.0,171.0,6.333333333333333,2.6666666666666665
147,75+,old_vaccine,0.0,0.0,0.0,0.0
147,75+,new_vaccine,0.0,0.0,0.0,0.0
148,0-4,unvaccinated,21.0,361.0,0.3333333333333333,0.0
148,0-4,old_vaccine,0.0,0.0,0.0,0.0
148,0-4,new_vaccine,0.0,0.0,0.0,0.0
148,5-9,unvaccinated,8.666666666666666,407.3333333333333,0.0,0.0
148,5-9,old_vaccine,0.0,0.0,0.0,0.0
148,5-9,new_vaccine,0.0,0.0,0.0,0.0
148,10-14,unvaccinated,7.333333333333333,389.0,0.0,0.0
148,10-14,old_vaccine,0.0,0.0,0.0,0.0
148,10-14,new_vaccine,0.0,0.0,0.0,0.0
148,15-19,unvaccinated,10.0,358.3333333333333,0.0,0.0
148,15-19,old_vaccine,0.0,0.0,0.0,0.0
148,15-19,new_vaccine,0.0,0.0,0.0,0.0
148,20-24,unvaccinated,23.0,385.0,0.0,0.0
148,20-24,old_vaccine,0.0,0.0,0.0,0.0
148,20-24,new_vaccine,0.0,0.0,0.0,0.0
148,25-29,unvaccinated,45.333333333333336,434.6666666666667,0.6666666666666666,0.0
148,25-29,old_vaccine,0.0,0.0,0.0,0.0
148,25-29,new_vaccine,0.0,0.0,0.0,0.0
148,30-34,unvaccinated,53.0,439.0,0.3333333333333333,0.0
148,30-34,old_vaccine,0.0,0.0,0.0,0.0
148,30-34,new_vaccine,0.0,0.0,0.0,0.0
148,35-39,unvaccinated,49.666666666666664,436.3333333333333,0.0,0.0
148,35-39,old_vaccine,0.0,0.0,0.0,0.0
148,35-39,new_vaccine,0.0,0.0,0.0,0.0
148,40-44,unvaccinated,45.0,432.3333333333333,0.3333333333333333,0.0
148,40-44,old_vaccine,0.0,0.0,0.0,0.0
148,40-44,new_vaccine,0.0,0.0,0.0,0.0
148,45-49,unvaccinated,61.0,407.3333333333333,0.3333333333333333,0.0
148,45-49,old_vaccine,0.0,0.0,0.0,0.0
148,45-49,new_vaccine,0.0,0.0,0.0,0.0
148,50-54,unvaccinated,95.33333333333333,397.3333333333333,1.3333333333333333,0.0
148,50-54,old_vaccine,0.0,0.0,0.0,0.0
148,50-54,new_vaccine,0.0,0.0,0.0,0.0
148,55-59,unvaccinated,133.66666666666666,348.3333333333333,1.3333333333333333,0.3333333333333333
148,55-59,old_vaccine,0.0,0.0,0.0,0.0
148,55-59,new_vaccine,0.0,0.0,0.0,0.0
148,60-64,unvaccinated,115.33333333333333,290.0,2.0,0.6666666666666666
148,60-64,old_vaccine,0.0,0.0,0.0,0.0
148,60-64,new_vaccine,0.0,0.0,0.0,0.0
148,65-69,unvaccinated,165.33333333333334,145.0,2.6666666666666665,0.0
148,65-69,old_vaccine,0.0,0.0,0.0,0.0
148,65-69,new_vaccine,0.0,0.0,0.0,0.0
148,70-74,unvaccinated,199.0,121.33333333333333,4.666666666666667,1.6666666666666667
148,70-74,old_vaccine,0.0,0.0,0.0,0.0
148,70-74,new_vaccine,0.0,0.0,0.0,0.0
148,75+,unvaccinated,334.6666666666667,173.66666666666666,5.0,6.333333333333333
148,75+,old_vaccine,0.0,0.0,0.0,0.0
148,75+,new_vaccine,0.0,0.0,0.0,0.0
149,0-4,unvaccinated,30.333333333333332,344.6666666666667,0.3333333333333333,0.0
149,0-4,old_vaccine,0.0,0.0,0.0,0.0
149,0-4,new_vaccine,0.0,0.0,0.0,0.0
149,5-9,unvaccinated,6.666666666666667,406.6666666666667,0.0,0.0
149,5-9,old_vaccine,0.0,0.0,0.0,0.0
149,5-9,new_vaccine,0.0,0.0,0.0,0.0
149,10-14,unvaccinated,8.666666666666666,387.6666666666667,0.0,0.0
149,10-14,old_vaccine,0.0,0.0,0.0,0.0
149,10-14,new_vaccine,0.0,0.0,0.0,0.0
149,15-19,unvaccinated,9.333333333333334,357.0,0.0,0.0
149,15-19,old_vaccine,0.0,0.0,0.0,0.0
149,15-19,new_vaccine,0.0,0.0,0.0,0.0
149,20-24,unvaccinated,25.0,385.3333333333333,0.0,0.0
149,20-24,old_vaccine,0.0,0.0,0.0,0.0
149,20-24,new_vaccine,0.0,0.0,0.0,0.0
149,25-29,unvaccinated,49.0,421.0,0.3333333333333333,0.0
149,25-29,old_vaccine,0.0,0.0,0.0,0.0
149,25-29,new_vaccine,0.0,0.0,0.0,0.0
149,30-34,unvaccinated,48.666666666666664,426.0,0.0,0.0
149,30-34,old_vaccine,0.0,0.0,0.0,0.0
149,30-34,new_vaccine,0.0,0.0,0.0,0.0
149,35-39,unvaccinated,40.666666666666664,432.0,0.3333333333333333,0.0
149,35-39,old_vaccine,0.0,0.0,0.0,0.0
149,35-39,new_vaccine,0.0,0.0,0.0,0.0
149,40-44,unvaccinated,45.333333333333336,377.3333333333333,0.3333333333333333,0.0
149,40-44,old_vaccine,0.0,0.0,0.0,0.0
149,40-44,new_vaccine,0.0,0.0,0.0,0.0
149,45-49,unvaccinated,55.666666666666664,393.6666666666667,0.6666666666666666,0.0
149,45-49,old_vaccine,0.0,0.0,0.0,0.0
149,45-49,new_vaccine,0.0,0.0,0.0,0.0
149,50-54,unvaccinated,91.33333333333333,394.6666666666667,1.3333333333333333,0.0
149,50-54,old_vaccine,0.0,0.0,0.0,0.0
149,50-54,new_vaccine,0.0,0.0,0.0,0.0
149,55-59,unvaccinated,116.0,333.6666666666667,2.0,0.0
149,55-59,old_vaccine,0.0,0.0,0.0,0.0
149,55-59,new_vaccine,0.0,0.0,0.0,0.0
149,60-64,unvaccinated,112.0,271.3333333333333,1.0,0.0
149,60-64,old_vaccine,0.0,0.0,0.0,0.0
149,60-64,new_vaccine,0.0,0.0,0.0,0.0
149,65-69,unvaccinated,176.66666666666666,155.33333333333334,3.3333333333333335,0.6666666666666666
149,65-69,old_vaccine,0.0,0.0,0.0,0.0
149,65-69,new_vaccine,0.0,0.0,0.0,0.0
149,70-74,unvaccinated,200.0,112.0,4.0,1.0
149,70-74,old_vaccine,0.0,0.0,0.0,0.0
149,70-74,new_vaccine,0.0,0.0,0.0,0.0
149,75+,unvaccinated,339.3333333333333,151.33333333333334,6.333333333333333,2.6666666666666665
149,75+,old_vaccine,0.0,0.0,0.0,0.0
149,75+,new_vaccine,0.0,0.0,0.0,0.0
150,0-4,unvaccinated,27.333333333333332,349.0,0.0,0.0
150,0-4,old_vaccine,0.0,0.0,0.0,0.0
150,0-4,new_vaccine,0.0,0.0,0.0,0.0
150,5-9,unvaccinated,7.666666666666667,404.3333333333333,0.0,0.0
150,5-9,old_vaccine,0.0,0.0,0.0,0.0
150,5-9,new_vaccine,0.0,0.0,0.0,0.0
150,10-14,unvaccinated,5.666666666666667,383.0,0.0,0.0
150,10-14,old_vaccine,0.0,0.0,0.0,0.0
150,10-14,new_vaccine,0.0,0.0,0.0,0.0
150,15-19,unvaccinated,7.0,378.6666666666667,0.0,0.0
150,15-19,old_vaccine,0.0,0.0,0.0,0.0
150,15-19,new_vaccine,0.0,0.0,0.0,0.0
150,20-24,unvaccinated,27.666666666666668,396.0,0.0,0.0
150,20-24,old_vaccine,0.0,0.0,0.0,0.0
150,20-24,new_vaccine,0.0,0.0,0.0,0.0
150,25-29,unvaccinated,47.0,422.0,0.3333333333333333,0.0
150,25-29,old_vaccine,0.0,0.0,0.0,0.0
150,25-29,new_vaccine,0.0,0.0,0.0,0.0
150,30-34,unvaccinated,55.666666666666664,419.6666666666667,0.0,0.0
150,30-34,old_vaccine,0.0,0.0,0.0,0.0
150,30-34,new_vaccine,0.0,0.0,0.0,0.0
150,35-39,unvaccinated,51.0,433.6666666666667,0.3333333333333333,0.0
150,35-39,old_vaccine,0.0,0.0,0.0,0.0
150,35-39,new_vaccine,0.0,0.0,0.0,0.0
150,40-44,unvaccinated,41.666666666666664,407.6666666666667,1.0,0.0
150,40-44,old_vaccine,0.0,0.0,0.0,0.0
150,40-44,new_vaccine,0.0,0.0,0.0,0.0
150,45-49,unvaccinated,61.666666666666664,388.0,1.3333333333333333,0.0
150,45-49,old_vaccine,0.0,0.0,0.0,0.0
150,45-49,new_vaccine,0.0,0.0,0.0,0.0
150,50-54,unvaccinated,92.33333333333333,395.3333333333333,0.3333333333333333,0.0
150,50-54,old_vaccine,0.0,0.0,0.0,0.0
150,50-54,new_vaccine,0.0,0.0,0.0,0.0
150,55-59,unvaccinated,127.33333333333333,353.6666666666667,1.0,0.3333333333333333
150,55-59,old_vaccine,0.0,0.0,0.0,0.0
150,55-59,new_vaccine,0.0,0.0,0.0,0.0
150,60-64,unvaccinated,115.66666666666667,293.3333333333333,1.0,0.0
150,60-64,old_vaccine,0.0,0.0,0.0,0.0
150,60-64,new_vaccine,0.0,0.0,0.0,0.0
150,65-69,unvaccinated,168.0,166.0,2.0,1.0
150,65-69,old_vaccine,0.0,0.0,0.0,0.0
150,65-69,new_vaccine,0.0,0.0,0.0,0.0
150,70-74,unvaccinated,194.33333333333334,119.33333333333333,2.6666666666666665,0.6666666666666666
150,70-74,old_vaccine,0.0,0.0,0.0,0.0
150,70-74,new_vaccine,0.0,0.0,0.0,0.0
150,75+,unvaccinated,330.6666666666667,157.66666666666666,5.0,2.6666666666666665
150,75+,old_vaccine,0.0,0.0,0.0,0.0
150,75+,new_vaccine,0.0,0.0,0.0,0.0
151,0-4,unvaccinated,26.333333333333332,356.3333333333333,0.3333333333333333,0.0
151,0-4,old_vaccine,0.0,0.0,0.0,0.0
151,0-4,new_vaccine,0.0,0.0,0.0,0.0
151,5-9,unvaccinated,5.333333333333333,397.0,0.3333333333333333,0.0
151,5-9,old_vaccine,0.0,0.0,0.0,0.0
151,5-9,new_vaccine,0.0,0.0,0.0,0.0
151,10-14,unvaccinated,9.333333333333334,390.6666666666667,0.0,0.0
151,10-14,old_vaccine,0.0,0.0,0.0,0.0
151,10-14,new_vaccine,0.0,0.0,0.0,0.0
151,15-19,unvaccinated,12.0,344.0,0.0,0.0
151,15-19,old_vaccine,0.0,0.0,0.0,0.0
151,15-19,new_vaccine,0.0,0.0,0.0,0.0
151,20-24,unvaccinated,23.666666666666668,383.6666666666667,0.0,0.0
151,20-24,old_vaccine,0.0,0.0,0.0,0.0
151,20-24,new_vaccine,0.0,0.0,0.0,0.0
151,25-29,unvaccinated,54.0,423.3333333333333,0.3333333333333333,0.0
151,25-29,old_vaccine,0.0,0.0,0.0,0.0
151,25-29,new_vaccine,0.0,0.0,0.0,0.0
151,30-34,unvaccinated,49.333333333333336,436.0,0.3333333333333333,0.0
151,30-34,old_vaccine,0.0,0.0,0.0,0.0
151,30-34,new_vaccine,0.0,0.0,0.0,0.0
151,35-39,unvaccinated,51.333333333333336,431.0,0.0,0.0
151,35-39,old_vaccine,0.0,0.0,0.0,0.0
151,35-39,new_vaccine,0.0,0.0,0.0,0.0
151,40-44,unvaccinated,49.666666666666664,421.6666666666667,0.0,0.0
151,40-44,old_vaccine,0.0,0.0,0.0,0.0
151,40-44,new_vaccine,0.0,0.0,0.0,0.0
151,45-49,unvaccinated,60.0,383.3333333333333,0.3333333333333333,0.0
151,45-49,old_vaccine,0.0,0.0,0.0,0.0
151,45-49,new_vaccine,0.0,0.0,0.0,0.0
151,50-54,unvaccinated,88.66666666666667,375.3333333333333,1.0,0.0
151,50-54,old_vaccine,0.0,0.0,0.0,0.0
151,50-54,new_vaccine,0.0,0.0,0.0,0.0
151,55-59,unvaccinated,121.66666666666667,340.6666666666667,1.0,0.3333333333333333
151,55-59,old_vaccine,0.0,0.0,0.0,0.0
151,55-59,new_vaccine,0.0,0.0,0.0,0.0
151,60-64,unvaccinated,120.66666666666667,271.3333333333333,3.0,0.6666666666666666
151,60-64,old_vaccine,0.0,0.0,0.0,0.0
151,60-64,new_vaccine,0.0,0.0,0.0,0.0
151,65-69,unvaccinated,179.0,159.0,2.0,0.6666666666666666
151,65-69,old_vaccine,0.0,0.0,0.0,0.0
151,65-69,new_vaccine,0.0,0.0,0.0,0.0
151,70-74,unvaccinated,207.33333333333334,117.33333333333333,3.0,1.0
151,70-74,old_vaccine,0.0,0.0,0.0,0.0
151,70-74,new_vaccine,0.0,0.0,0.0,0.0
151,75+,unvaccinated,316.0,169.66666666666666,6.333333333333333,2.0
151,75+,old_vaccine,0.0,0.0,0.0,0.0
151,75+,new_vaccine,0.0,0.0,0.0,0.0
152,0-4,unvaccinated,23.0,353.3333333333333,0.6666666666666666,0.0
152,0-4,old_vaccine,0.0,0.0,0.0,0.0
152,0-4,new_vaccine,0.0,0.0,0.0,0.0
152,5-9,unvaccinated,6.0,404.6666666666667,0.3333333333333333,0.0
152,5-9,old_vaccine,0.0,0.0,0.0,0.0
152,5-9,new_vaccine,0.0,0.0,0.0,0.0
152,10-14,unvaccinated,9.333333333333334,383.6666666666667,0.0,0.0
152,10-14,old_vaccine,0.0,0.0,0.0,0.0
152,10-14,new_vaccine,0.0,0.0,0.0,0.0
152,15-19,unvaccinated,9.666666666666666,370.0,0.3333333333333333,0.0
152,15-19,old_vaccine,0.0,0.0,0.0,0.0
152,15-19,new_vaccine,0.0,0.0,0.0,0.0
152,20-24,unvaccinated,27.0,400.6666666666667,0.0,0.0
152,20-24,old_vaccine,0.0,0.0,0.0,0.0
152,20-24,new_vaccine,0.0,0.0,0.0,0.0
152,25-29,unvaccinated,43.666666666666664,431.0,0.3333333333333333,0.0
152,25-29,old_vaccine,0.0,0.0,0.0,0.0
152,25-29,new_vaccine,0.0,0.0,0.0,0.0
152,30-34,unvaccinated,52.666666666666664,423.6666666666667,0.3333333333333333,0.0
152,30-34,old_vaccine,0.0,0.0,0.0,0.0
152,30-34,new_vaccine,0.0,0.0,0.0,0.0
152,35-39,unvaccinated,46.0,432.3333333333333,0.0,0.0
152,35-39,old_vaccine,0.0,0.0,0.0,0.0
152,35-39,new_vaccine,0.0,0.0,0.0,0.0
152,40-44,unvaccinated,45.0,424.0,0.3333333333333333,0.0
152,40-44,old_vaccine,0.0,0.0,0.0,0.0
152,40-44,new_vaccine,0.0,0.0,0.0,0.0
152,45-49,unvaccinated,56.333333333333336,383.3333333333333,0.3333333333333333,0.0
152,45-49,old_vaccine,0.0,0.0,0.0,0.0
152,45-49,new_vaccine,0.0,0.0,0.0,0.0
152,50-54,unvaccinated,100.0,393.0,0.6666666666666666,0.0
152,50-54,old_vaccine,0.0,0.0,0.0,0.0
152,50-54,new_vaccine,0.0,0.0,0.0,0.0
152,55-59,unvaccinated,117.0,340.0,0.3333333333333333,0.3333333333333333
152,55-59,old_vaccine,0.0,0.0,0.0,0.0
152,55-59,new_vaccine,0.0,0.0,0.0,0.0
152,60-64,unvaccinated,121.0,282.3333333333333,1.6666666666666667,0.6666666666666666
152,60-64,old_vaccine,0.0,0.0,0.0,0.0
152,60-64,new_vaccine,0.0,0.0,0.0,0.0
152,65-69,unvaccinated,186.0,155.0,5.333333333333333,0.3333333333333333
152,65-69,old_vaccine,0.0,0.0,0.0,0.0
152,65-69,new_vaccine,0.0,0.0,0.0,0.0
152,70-74,unvaccinated,202.66666666666666,132.66666666666666,3.0,1.6666666666666667
152,70-74,old_vaccine,0.0,0.0,0.0,0.0
152,70-74,new_vaccine,0.0,0.0,0.0,0.0
152,75+,unvaccinated,359.3333333333333,186.0,6.666666666666667,1.0
152,75+,old_vaccine,0.0,0.0,0.0,0.0
152,75+,new_vaccine,0.0,0.0,0.0,0.0
153,0-4,unvaccinated,23.333333333333332,328.0,0.0,0.0
153,0-4,old_vaccine,0.0,0.0,0.0,0.0
153,0-4,new_vaccine,0.0,0.0,0.0,0.0
153,5-9,unvaccinated,4.0,401.6666666666667,0.3333333333333333,0.0
153,5-9,old_vaccine,0.0,0.0,0.0,0.0
153,5-9,new_vaccine,0.0,0.0,0.0,0.0
153,10-14,unvaccinated,11.333333333333334,401.3333333333333,0.0,0.0
153,10-14,old_vaccine,0.0,0.0,0.0,0.0
153,10-14,new_vaccine,0.0,0.0,0.0,0.0
153,15-19,unvaccinated,11.333333333333334,363.3333333333333,0.0,0.0
153,15-19,old_vaccine,0.0,0.0,0.0,0.0
153,15-19,new_vaccine,0.0,0.0,0.0,0.0
153,20-24,unvaccinated,29.333333333333332,385.0,0.0,0.0
153,20-24,old_vaccine,0.0,0.0,0.0,0.0
153,20-24,new_vaccine,0.0,0.0,0.0,0.0
153,25-29,unvaccinated,48.0,430.0,0.0,0.0
153,25-29,old_vaccine,0.0,0.0,0.0,0.0
153,25-29,new_vaccine,0.0,0.0,0.0,0.0
153,30-34,unvaccinated,42.666666666666664,433.6666666666667,0.0,0.0
153,30-34,old_vaccine,0.0,0.0,0.0,0.0
153,30-34,new_vaccine,0.0,0.0,0.0,0.0
153,35-39,unvaccinated,40.0,438.6666666666667,0.0,0.0
153,35-39,old_vaccine,0.0,0.0,0.0,0.0
153,35-39,new_vaccine,0.0,0.0,0.0,0.0
153,40-44,unvaccinated,46.333333333333336,403.0,0.0,0.0
153,40-44,old_vaccine,0.0,0.0,0.0,0.0
153,40-44,new_vaccine,0.0,0.0,0.0,0.0
153,45-49,unvaccinated,51.0,394.6666666666667,1.3333333333333333,0.0
153,45-49,old_vaccine,0.0,0.0,0.0,0.0
153,45-49,new_vaccine,0.0,0.0,0.0,0.0
153,50-54,unvaccinated,101.33333333333333,385.0,1.3333333333333333,0.0
153,50-54,old_vaccine,0.0,0.0,0.0,0.0
153,50-54,new_vaccine,0.0,0.0,0.0,0.0
153,55-59,unvaccinated,134.66666666666666,348.0,1.0,0.3333333333333333
153,55-59,old_vaccine,0.0,0.0,0.0,0.0
153,55-59,new_vaccine,0.0,0.0,0.0,0.0
153,60-64,unvaccinated,116.33333333333333,290.0,2.3333333333333335,0.6666666666666666
153,60-64,old_vaccine,0.0,0.0,0.0,0.0
153,60-64,new_vaccine,0.0,0.0,0.0,0.0
153,65-69,unvaccinated,178.33333333333334,149.0,1.3333333333333333,0.6666666666666666
153,65-69,old_vaccine,0.0,0.0,0.0,0.0
153,65-69,new_vaccine,0.0,0.0,0.0,0.0
153,70-74,unvaccinated,198.0,124.0,4.666666666666667,0.3333333333333333
153,70-74,old_vaccine,0.0,0.0,0.0,0.0
153,70-74,new_vaccine,0.0,0.0,0.0,0.0
153,75+,unvaccinated,344.3333333333333,160.66666666666666,4.333333333333333,3.6666666666666665
153,75+,old_vaccine,0.0,0.0,0.0,0.0
153,75+,new_vaccine,0.0,0.0,0.0,0.0
154,0-4,unvaccinated,20.666666666666668,343.6666666666667,0.3333333333333333,0.0
154,0-4,old_vaccine,0.0,0.0,0.0,0.0
154,0-4,new_vaccine,0.0,0.0,0.0,0.0
154,5-9,unvaccinated,4.333333333333333,407.0,0.0,0.0
154,5-9,old_vaccine,0.0,0.0,0.0,0.0
154,5-9,new_vaccine,0.0,0.0,0.0,0.0
154,10-14,unvaccinated,8.666666666666666,381.3333333333333,0.3333333333333333,0.0
154,10-14,old_vaccine,0.0,0.0,0.0,0.0
154,10-14,new_vaccine,0.0,0.0,0.0,0.0
154,15-19,unvaccinated,9.333333333333334,373.0,0.0,0.0
154,15-19,old_vaccine,0.0,0.0,0.0,0.0
154,15-19,new_vaccine,0.0,0.0,0.0,0.0
154,20-24,unvaccinated,31.333333333333332,382.6666666666667,0.0,0.0
154,20-24,old_vaccine,0.0,0.0,0.0,0.0
154,20-24,new_vaccine,0.0,0.0,0.0,0.0
154,25-29,unvaccinated,45.666666666666664,405.3333333333333,0.0,0.0
154,25-29,old_vaccine,0.0,0.0,0.0,0.0
154,25-29,new_vaccine,0.0,0.0,0.0,0.0
154,30-34,unvaccinated,46.333333333333336,433.6666666666667,0.0,0.0
154,30-34,old_vaccine,0.0,0.0,0.0,0.0
154,30-34,new_vaccine,0.0,0.0,0.0,0.0
154,35-39,unvaccinated,41.333333333333336,429.6666666666667,0.0,0.0
154,35-39,old_vaccine,0.0,0.0,0.0,0.0
154,35-39,new_vaccine,0.0,0.0,0.0,0.0
154,40-44,unvaccinated,44.0,403.6666666666667,0.3333333333333333,0.0
154,40-44,old_vaccine,0.0,0.0,0.0,0.0
154,40-44,new_vaccine,0.0,0.0,0.0,0.0
154,45-49,unvaccinated,62.0,384.3333333333333,1.3333333333333333,0.3333333333333333
154,45-49,old_vaccine,0.0,0.0,0.0,0.0
154,45-49,new_vaccine,0.0,0.0,0.0,0.0
154,50-54,unvaccinated,98.66666666666667,381.6666666666667,1.0,0.0
154,50-54,old_vaccine,0.0,0.0,0.0,0.0
154,50-54,new_vaccine,0.0,0.0,0.0,0.0
154,55-59,unvaccinated,115.0,362.0,1.0,0.0
154,55-59,old_vaccine,0.0,0.0,0.0,0.0
154,55-59,new_vaccine,0.0,0.0,0.0,0.0
154,60-64,unvaccinated,116.66666666666667,271.3333333333333,1.0,0.0
154,60-64,old_vaccine,0.0,0.0,0.0,0.0
154,60-64,new_vaccine,0.0,0.0,0.0,0.0
154,65-69,unvaccinated,185.66666666666666,169.0,4.0,0.0
154,65-69,old_vaccine,0.0,0.0,0.0,0.0
154,65-69,new_vaccine,0.0,0.0,0.0,0.0
154,70-74,unvaccinated,203.0,123.33333333333333,3.3333333333333335,1.6666666666666667
154,70-74,old_vaccine,0.0,0.0,0.0,0.0
154,70-74,new_vaccine,0.0,0.0,0.0,0.0
154,75+,unvaccinated,331.6666666666667,180.0,4.666666666666667,1.6666666666666667
154,75+,old_vaccine,0.0,0.0,0.0,0.0
154,75+,new_vaccine,0.0,0.0,0.0,0.0
155,0-4,unvaccinated,30.333333333333332,349.3333333333333,0.0,0.0
155,0-4,old_vaccine,0.0,0.0,0.0,0.0
155,0-4,new_vaccine,0.0,0.0,0.0,0.0
155,5-9,unvaccinated,7.0,411.0,0.6666666666666666,0.0
155,5-9,old_vaccine,0.0,0.0,0.0,0.0
155,5-9,new_vaccine,0.0,0.0,0.0,0.0
155,10-14,unvaccinated,8.0,414.0,0.0,0.0
155,10-14,old_vaccine,0.0,0.0,0.0,0.0
155,10-14,new_vaccine,0.0,0.0,0.0,0.0
155,15-19,unvaccinated,10.0,362.6666666666667,0.0,0.0
155,15-19,old_vaccine,0.0,0.0,0.0,0.0
155,15-19,new_vaccine,0.0,0.0,0.0,0.0
155,20-24,unvaccinated,25.0,380.3333333333333,0.6666666666666666,0.0
155,20-24,old_vaccine,0.0,0.0,0.0,0.0
155,20-24,new_vaccine,0.0,0.0,0.0,0.0
155,25-29,unvaccinated,38.0,423.0,0.0,0.0
155,25-29,old_vaccine,0.0,0.0,0.0,0.0
155,25-29,new_vaccine,0.0,0.0,0.0,0.0
155,30-34,unvaccinated,52.666666666666664,439.3333333333333,0.0,0.0
155,30-34,old_vaccine,0.0,0.0,0.0,0.0
155,30-34,new_vaccine,0.0,0.0,0.0,0.0
155,35-39,unvaccinated,50.0,429.0,0.6666666666666666,0.0
155,35-39,old_vaccine,0.0,0.0,0.0,0.0
155,35-39,new_vaccine,0.0,0.0,0.0,0.0
155,40-44,unvaccinated,46.333333333333336,420.6666666666667,0.3333333333333333,0.0
155,40-44,old_vaccine,0.0,0.0,0.0,0.0
155,40-44,new_vaccine,0.0,0.0,0.0,0.0
155,45-49,unvaccinated,46.333333333333336,413.0,0.6666666666666666,0.0
155,45-49,old_vaccine,0.0,0.0,0.0,0.0
155,45-49,new_vaccine,0.0,0.0,0.0,0.0
155,50-54,unvaccinated,88.66666666666667,372.0,1.6666666666666667,0.0
155,50-54,old_vaccine,0.0,0.0,0.0,0.0
155,50-54,new_vaccine,0.0,0.0,0.0,0.0
155,55-59,unvaccinated,121.66666666666667,342.6666666666667,0.6666666666666666,0.0
155,55-59,old_vaccine,0.0,0.0,0.0,0.0
155,55-59,new_vaccine,0.0,0.0,0.0,0.0
155,60-64,unvaccinated,126.33333333333333,287.0,2.0,0.0
155,60-64,old_vaccine,0.0,0.0,0.0,0.0
155,60-64,new_vaccine,0.0,0.0,0.0,0.0
155,65-69,unvaccinated,168.33333333333334,165.66666666666666,1.6666666666666667,0.6666666666666666
155,65-69,old_vaccine,0.0,0.0,0.0,0.0
155,65-69,new_vaccine,0.0,0.0,0.0,0.0
155,70-74,unvaccinated,191.0,122.66666666666667,2.3333333333333335,0.6666666666666666
155,70-74,old_vaccine,0.0,0.0,0.0,0.0
155,70-74,new_vaccine,0.0,0.0,0.0,0.0
155,75+,unvaccinated,343.0,165.66666666666666,5.0,3.3333333333333335
155,75+,old_vaccine,0.0,0.0,0.0,0.0
155,75+,new_vaccine,0.0,0.0,0.0,0.0
156,0-4,unvaccinated,22.0,339.6666666666667,1.0,0.0
156,0-4,old_vaccine,0.0,0.0,0.0,0.0
156,0-4,new_vaccine,0.0,0.0,0.0,0.0
156,5-9,unvaccinated,8.666666666666666,379.3333333333333,0.3333333333333333,0.0
156,5-9,old_vaccine,0.0,0.0,0.0,0.0
156,5-9,new_vaccine,0.0,0.0,0.0,0.0
156,10-14,unvaccinated,9.0,382.6666666666667,0.3333333333333333,0.0
156,10-14,old_vaccine,0.0,0.0,0.0,0.0
156,10-14,new_vaccine,0.0,0.0,0.0,0.0
156,15-19,unvaccinated,8.666666666666666,348.3333333333333,0.0,0.0
156,15-19,old_vaccine,0.0,0.0,0.0,0.0
156,15-19,new_vaccine,0.0,0.0,0.0,0.0
156,20-24,unvaccinated,28.0,407.3333333333333,0.0,0.0
156,20-24,old_vaccine,0.0,0.0,0.0,0.0
156,20-24,new_vaccine,0.0,0.0,0.0,0.0
156,25-29,unvaccinated,53.666666666666664,420.0,0.0,0.0
156,25-29,old_vaccine,0.0,0.0,0.0,0.0
156,25-29,new_vaccine,0.0,0.0,0.0,0.0
156,30-34,unvaccinated,47.333333333333336,422.0,0.0,0.0
156,30-34,old_vaccine,0.0,0.0,0.0,0.0
156,30-34,new_vaccine,0.0,0.0,0.0,0.0
156,35-39,unvaccinated,45.666666666666664,425.6666666666667,0.6666666666666666,0.0
156,35-39,old_vaccine,0.0,0.0,0.0,0.0
156,35-39,new_vaccine,0.0,0.0,0.0,0.0
156,40-44,unvaccinated,46.333333333333336,415.0,0.0,0.0
156,40-44,old_vaccine,0.0,0.0,0.0,0.0
156,40-44,new_vaccine,0.0,0.0,0.0,0.0
156,45-49,unvaccinated,58.0,416.6666666666667,0.6666666666666666,0.0
156,45-49,old_vaccine,0.0,0.0,0.0,0.0
156,45-49,new_vaccine,0.0,0.0,0.0,0.0
156,50-54,unvaccinated,91.33333333333333,400.6666666666667,0.3333333333333333,0.0
156,50-54,old_vaccine,0.0,0.0,0.0,0.0
156,50-54,new_vaccine,0.0,0.0,0.0,0.0
156,55-59,unvaccinated,116.66666666666667,353.6666666666667,2.6666666666666665,0.0
156,55-59,old_vaccine,0.0,0.0,0.0,0.0
156,55-59,new_vaccine,0.0,0.0,0.0,0.0
156,60-64,unvaccinated,106.66666666666667,274.6666666666667,1.0,0.6666666666666666
156,60-64,old_vaccine,0.0,0.0,0.0,0.0
156,60-64,new_vaccine,0.0,0.0,0.0,0.0
156,65-69,unvaccinated,177.33333333333334,168.0,3.6666666666666665,0.3333333333333333
156,65-69,old_vaccine,0.0,0.0,0.0,0.0
156,65-69,new_vaccine,0.0,0.0,0.0,0.0
156,70-74,unvaccinated,196.0,114.0,3.0,0.6666666666666666
156,70-74,old_vaccine,0.0,0.0,0.0,0.0
156,70-74,new_vaccine,0.0,0.0,0.0,0.0
156,75+,unvaccinated,338.0,142.66666666666666,3.3333333333333335,3.0
156,75+,old_vaccine,0.0,0.0,0.0,0.0
156,75+,new_vaccine,0.0,0.0,0.0,0.0
157,0-4,unvaccinated,23.0,342.3333333333333,0.0,0.0
157,0-4,old_vaccine,0.0,0.0,0.0,0.0
157,0-4,new_vaccine,0.0,0.0,0.0,0.0
157,5-9,unvaccinated,8.333333333333334,395.0,0.0,0.0
157,5-9,old_vaccine,0.0,0.0,0.0,0.0
157,5-9,new_vaccine,0.0,0.0,0.0,0.0
157,10-14,unvaccinated,7.333333333333333,384.6666666666667,0.0,0.0
157,10-14,old_vaccine,0.0,0.0,0.0,0.0
157,10-14,new_vaccine,0.0,0.0,0.0,0.0
157,15-19,unvaccinated,9.333333333333334,367.0,0.0,0.0
157,15-19,old_vaccine,0.0,0.0,0.0,0.0
157,15-19,new_vaccine,0.0,0.0,0.0,0.0
157,20-24,unvaccinated,26.0,383.3333333333333,0.6666666666666666,0.0
157,20-24,old_vaccine,0.0,0.0,0.0,0.0
157,20-24,new_vaccine,0.0,0.0,0.0,0.0
157,25-29,unvaccinated,48.666666666666664,431.6666666666667,0.0,0.0
157,25-29,old_vaccine,0.0,0.0,0.0,0.0
157,25-29,new_vaccine,0.0,0.0,0.0,0.0
157,30-34,unvaccinated,49.333333333333336,420.0,0.3333333333333333,0.0
157,30-34,old_vaccine,0.0,0.0,0.0,0.0
157,30-34,new_vaccine,0.0,0.0,0.0,0.0
157,35-39,unvaccinated,42.333333333333336,431.3333333333333,0.0,0.0
157,35-39,old_vaccine,0.0,0.0,0.0,0.0
157,35-39,new_vaccine,0.0,0.0,0.0,0.0
157,40-44,unvaccinated,44.0,412.0,0.3333333333333333,0.0
157,40-44,old_vaccine,0.0,0.0,0.0,0.0
157,40-44,new_vaccine,0.0,0.0,0.0,0.0
157,45-49,unvaccinated,56.666666666666664,387.3333333333333,1.3333333333333333,0.0
157,45-49,old_vaccine,0.0,0.0,0.0,0.0
157,45-49,new_vaccine,0.0,0.0,0.0,0.0
157,50-54,unvaccinated,102.0,380.6666666666667,1.0,0.0
157,50-54,old_vaccine,0.0,0.0,0.0,0.0
157,50-54,new_vaccine,0.0,0.0,0.0,0.0
157,55-59,unvaccinated,123.0,352.6666666666667,1.3333333333333333,0.3333333333333333
157,55-59,old_vaccine,0.0,0.0,0.0,0.0
157,55-59,new_vaccine,0.0,0.0,0.0,0.0
157,60-64,unvaccinated,121.0,272.3333333333333,1.0,0.3333333333333333
157,60-64,old_vaccine,0.0,0.0,0.0,0.0
157,60-64,new_vaccine,0.0,0.0,0.0,0.0
157,65-69,unvaccinated,179.0,157.0,3.0,0.3333333333333333
157,65-69,old_vaccine,0.0,0.0,0.0,0.0
157,65-69,new_vaccine,0.0,0.0,0.0,0.0
157,70-74,unvaccinated,198.33333333333334,130.0,3.3333333333333335,0.3333333333333333
157,70-74,old_vaccine,0.0,0.0,0.0,0.0
157,70-74,new_vaccine,0.0,0.0,0.0,0.0
157,75+,unvaccinated,343.0,164.0,5.0,2.6666666666666665
157,75+,old_vaccine,0.0,0.0,0.0,0.0
157,75+,new_vaccine,0.0,0.0,0.0,0.0
158,0-4,unvaccinated,21.0,335.3333333333333,0.3333333333333333,0.0
158,0-4,old_vaccine,0.0,0.0,0.0,0.0
158,0-4,new_vaccine,0.0,0.0,0.0,0.0
158,5-9,unvaccinated,8.666666666666666,394.3333333333333,0.0,0.0
158,5-9,old_vaccine,0.0,0.0,0.0,0.0
158,5-9,new_vaccine,0.0,0.0,0.0,0.0
158,10-14,unvaccinated,9.333333333333334,364.3333333333333,0.0,0.0
158,10-14,old_vaccine,0.0,0.0,0.0,0.0
158,10-14,new_vaccine,0.0,0.0,0.0,0.0
158,15-19,unvaccinated,14.666666666666666,372.3333333333333,0.0,0.0
158,15-19,old_vaccine,0.0,0.0,0.0,0.0
158,15-19,new_vaccine,0.0,0.0,0.0,0.0
158,20-24,unvaccinated,29.333333333333332,396.0,0.0,0.0
158,20-24,old_vaccine,0.0,0.0,0.0,0.0
158,20-24,new_vaccine,0.0,0.0,0.0,0.0
158,25-29,unvaccinated,55.333333333333336,433.0,0.0,0.0
158,25-29,old_vaccine,0.0,0.0,0.0,0.0
158,25-29,new_vaccine,0.0,0.0,0.0,0.0
158,30-34,unvaccinated,47.666666666666664,455.6666666666667,1.0,0.0
158,30-34,old_vaccine,0.0,0.0,0.0,0.0
158,30-34,new_vaccine,0.0,0.0,0.0,0.0
158,35-39,unvaccinated,42.666666666666664,437.0,0.3333333333333333,0.0
158,35-39,old_vaccine,0.0,0.0,0.0,0.0
158,35-39,new_vaccine,0.0,0.0,0.0,0.0
158,40-44,unvaccinated,44.0,415.3333333333333,0.3333333333333333,0.0
158,40-44,old_vaccine,0.0,0.0,0.0,0.0
158,40-44,new_vaccine,0.0,0.0,0.0,0.0
158,45-49,unvaccinated,55.666666666666664,392.6666666666667,0.3333333333333333,0.0
158,45-49,old_vaccine,0.0,0.0,0.0,0.0
158,45-49,new_vaccine,0.0,0.0,0.0,0.0
158,50-54,unvaccinated,97.33333333333333,392.3333333333333,1.3333333333333333,0.0
158,50-54,old_vaccine,0.0,0.0,0.0,0.0
158,50-54,new_vaccine,0.0,0.0,0.0,0.0
158,55-59,unvaccinated,124.33333333333333,321.6666666666667,0.6666666666666666,0.0
158,55-59,old_vaccine,0.0,0.0,0.0,0.0
158,55-59,new_vaccine,0.0,0.0,0.0,0.0
158,60-64,unvaccinated,124.0,295.6666666666667,0.3333333333333333,0.3333333333333333
158,60-64,old_vaccine,0.0,0.0,0.0,0.0
158,60-64,new_vaccine,0.0,0.0,0.0,0.0
158,65-69,unvaccinated,162.0,154.66666666666666,2.0,0.3333333333333333
158,65-69,old_vaccine,0.0,0.0,0.0,0.0
158,65-69,new_vaccine,0.0,0.0,0.0,0.0
158,70-74,unvaccinated,209.33333333333334,126.33333333333333,2.6666666666666665,0.3333333333333333
158,70-74,old_vaccine,0.0,0.0,0.0,0.0
158,70-74,new_vaccine,0.0,0.0,0.0,0.0
158,75+,unvaccinated,348.3333333333333,169.0,5.666666666666667,3.6666666666666665
158,75+,old_vaccine,0.0,0.0,0.0,0.0
158,75+,new_vaccine,0.0,0.0,0.0,0.0
159,0-4,unvaccinated,21.0,329.3333333333333,0.3333333333333333,0.0
159,0-4,old_vaccine,0.0,0.0,0.0,0.0
159,0-4,new_vaccine,0.0,0.0,0.0,0.0
159,5-9,unvaccinated,5.0,380.6666666666667,0.0,0.0
159,5-9,old_vaccine,0.0,0.0,0.0,0.0
159,5-9,new_vaccine,0.0,0.0,0.0,0.0
159,10-14,unvaccinated,7.333333333333333,385.6666666666667,0.0,0.0
159,10-14,old_vaccine,0.0,0.0,0.0,0.0
159,10-14,new_vaccine,0.0,0.0,0.0,0.0
159,15-19,unvaccinated,11.666666666666666,357.3333333333333,0.3333333333333333,0.0
159,15-19,old_vaccine,0.0,0.0,0.0,0.0
159,15-19,new_vaccine,0.0,0.0,0.0,0.0
159,20-24,unvaccinated,28.666666666666668,380.0,0.0,0.0
159,20-24,old_vaccine,0.0,0.0,0.0,0.0
159,20-24,new_vaccine,0.0,0.0,0.0,0.0
159,25-29,unvaccinated,43.666666666666664,431.3333333333333,0.0,0.0
159,25-29,old_vaccine,0.0,0.0,0.0,0.0
159,25-29,new_vaccine,0.0,0.0,0.0,0.0
159,30-34,unvaccinated,48.333333333333336,428.3333333333333,0.0,0.0
159,30-34,old_vaccine,0.0,0.0,0.0,0.0
159,30-34,new_vaccine,0.0,0.0,0.0,0.0
159,35-39,unvaccinated,42.333333333333336,438.3333333333333,0.3333333333333333,0.0
159,35-39,old_vaccine,0.0,0.0,0.0,0.0
159,35-39,new_vaccine,0.0,0.0,0.0,0.0
159,40-44,unvaccinated,52.666666666666664,394.0,0.6666666666666666,0.0
159,40-44,old_vaccine,0.0,0.0,0.0,0.0
159,40-44,new_vaccine,0.0,0.0,0.0,0.0
159,45-49,unvaccinated,63.666666666666664,377.3333333333333,0.0,0.0
159,45-49,old_vaccine,0.0,0.0,0.0,0.0
159,45-49,new_vaccine,0.0,0.0,0.0,0.0
159,50-54,unvaccinated,89.33333333333333,385.3333333333333,1.0,0.0
159,50-54,old_vaccine,0.0,0.0,0.0,0.0
159,50-54,new_vaccine,0.0,0.0,0.0,0.0
159,55-59,unvaccinated,119.66666666666667,336.3333333333333,2.3333333333333335,0.6666666666666666
159,55-59,old_vaccine,0.0,0.0,0.0,0.0
159,55-59,new_vaccine,0.0,0.0,0.0,0.0
159,60-64,unvaccinated,115.33333333333333,271.6666666666667,2.6666666666666665,0.3333333333333333
159,60-64,old_vaccine,0.0,0.0,0.0,0.0
159,60-64,new_vaccine,0.0,0.0,0.0,0.0
159,65-69,unvaccinated,156.0,139.66666666666666,4.666666666666667,0.3333333333333333
159,65-69,old_vaccine,0.0,0.0,0.0,0.0
159,65-69,new_vaccine,0.0,0.0,0.0,0.0
159,70-74,unvaccinated,197.33333333333334,115.0,3.3333333333333335,1.0
159,70-74,old_vaccine,0.0,0.0,0.0,0.0
159,70-74,new_vaccine,0.0,0.0,0.0,0.0
159,75+,unvaccinated,336.3333333333333,159.33333333333334,5.0,1.6666666666666667
159,75+,old_vaccine,0.0,0.0,0.0,0.0
159,75+,new_vaccine,0.0,0.0,0.0,0.0
160,0-4,unvaccinated,26.333333333333332,354.6666666666667,0.6666666666666666,0.0
160,0-4,old_vaccine,0.0,0.0,0.0,0.0
160,0-4,new_vaccine,0.0,0.0,0.0,0.0
160,5-9,unvaccinated,6.333333333333333,408.6666666666667,0.0,0.0
160,5-9,old_vaccine,0.0,0.0,0.0,0.0
160,5-9,new_vaccine,0.0,0.0,0.0,0.0
160,10-14,unvaccinated,6.666666666666667,393.0,0.0,0.0
160,10-14,old_vaccine,0.0,0.0,0.0,0.0
160,10-14,new_vaccine,0.0,0.0,0.0,0.0
160,15-19,unvaccinated,12.666666666666666,378.3333333333333,0.0,0.0
160,15-19,old_vaccine,0.0,0.0,0.0,0.0
160,15-19,new_vaccine,0.0,0.0,0.0,0.0
160,20-24,unvaccinated,25.333333333333332,389.0,0.3333333333333333,0.0
160,20-24,old_vaccine,0.0,0.0,0.0,0.0
160,20-24,new_vaccine,0.0,0.0,0.0,0.0
160,25-29,unvaccinated,48.0,440.3333333333333,0.0,0.0
160,25-29,old_vaccine,0.0,0.0,0.0,0.0
160,25-29,new_vaccine,0.0,0.0,0.0,0.0
160,30-34,unvaccinated,49.666666666666664,416.0,0.0,0.0
160,30-34,old_vaccine,0.0,0.0,0.0,0.0
160,30-34,new_vaccine,0.0,0.0,0.0,0.0
160,35-39,unvaccinated,43.666666666666664,430.3333333333333,0.0,0.0
160,35-39,old_vaccine,0.0,0.0,0.0,0.0
160,35-39,new_vaccine,0.0,0.0,0.0,0.0
160,40-44,unvaccinated,47.0,419.3333333333333,0.3333333333333333,0.0
160,40-44,old_vaccine,0.0,0.0,0.0,0.0
160,40-44,new_vaccine,0.0,0.0,0.0,0.0
160,45-49,unvaccinated,56.0,381.0,0.3333333333333333,0.0
160,45-49,old_vaccine,0.0,0.0,0.0,0.0
160,45-49,new_vaccine,0.0,0.0,0.0,0.0
160,50-54,unvaccinated,97.0,395.6666666666667,1.3333333333333333,0.0
160,50-54,old_vaccine,0.0,0.0,0.0,0.0
160,50-54,new_vaccine,0.0,0.0,0.0,0.0
160,55-59,unvaccinated,124.33333333333333,349.0,1.0,0.0
160,55-59,old_vaccine,0.0,0.0,0.0,0.0
160,55-59,new_vaccine,0.0,0.0,0.0,0.0
160,60-64,unvaccinated,122.66666666666667,286.0,0.6666666666666666,0.3333333333333333
160,60-64,old_vaccine,0.0,0.0,0.0,0.0
160,60-64,new_vaccine,0.0,0.0,0.0,0.0
160,65-69,unvaccinated,178.66666666666666,157.66666666666666,4.333333333333333,0.3333333333333333
160,65-69,old_vaccine,0.0,0.0,0.0,0.0
160,65-69,new_vaccine,0.0,0.0,0.0,0.0
160,70-74,unvaccinated,201.33333333333334,112.33333333333333,3.0,0.6666666666666666
160,70-74,old_vaccine,0.0,0.0,0.0,0.0
160,70-74,new_vaccine,0.0,0.0,0.0,0.0
160,75+,unvaccinated,343.0,166.33333333333334,8.666666666666666,2.3333333333333335
160,75+,old_vaccine,0.0,0.0,0.0,0.0
160,75+,new_vaccine,0.0,0.0,0.0,0.0
161,0-4,unvaccinated,24.0,346.0,0.0,0.0
161,0-4,old_vaccine,0.0,0.0,0.0,0.0
161,0-4,new_vaccine,0.0,0.0,0.0,0.0
161,5-9,unvaccinated,7.666666666666667,399.3333333333333,0.6666666666666666,0.0
161,5-9,old_vaccine,0.0,0.0,0.0,0.0
161,5-9,new_vaccine,0.0,0.0,0.0,0.0
161,10-14,unvaccinated,5.333333333333333,401.0,0.0,0.0
161,10-14,old_vaccine,0.0,0.0,0.0,0.0
161,10-14,new_vaccine,0.0,0.0,0.0,0.0
161,15-19,unvaccinated,10.0,360.0,0.0,0.0
161,15-19,old_vaccine,0.0,0.0,0.0,0.0
161,15-19,new_vaccine,0.0,0.0,0.0,0.0
161,20-24,unvaccinated,24.333333333333332,397.3333333333333,0.0,0.0
161,20-24,old_vaccine,0.0,0.0,0.0,0.0
161,20-24,new_vaccine,0.0,0.0,0.0,0.0
161,25-29,unvaccinated,43.0,414.0,0.0,0.0
161,25-29,old_vaccine,0.0,0.0,0.0,0.0
161,25-29,new_vaccine,0.0,0.0,0.0,0.0
161,30-34,unvaccinated,51.0,450.0,0.0,0.0
161,30-34,old_vaccine,0.0,0.0,0.0,0.0
161,30-34,new_vaccine,0.0,0.0,0.0,0.0
161,35-39,unvaccinated,45.333333333333336,428.3333333333333,0.3333333333333333,0.0
161,35-39,old_vaccine,0.0,0.0,0.0,0.0
161,35-39,new_vaccine,0.0,0.0,0.0,0.0
161,40-44,unvaccinated,39.333333333333336,404.3333333333333,0.6666666666666666,0.0
161,40-44,old_vaccine,0.0,0.0,0.0,0.0
161,40-44,new_vaccine,0.0,0.0,0.0,0.0
161,45-49,unvaccinated,58.666666666666664,377.6666666666667,0.6666666666666666,0.0
161,45-49,old_vaccine,0.0,0.0,0.0,0.0
161,45-49,new_vaccine,0.0,0.0,0.0,0.0
161,50-54,unvaccinated,87.66666666666667,405.0,0.6666666666666666,0.0
161,50-54,old_vaccine,0.0,0.0,0.0,0.0
161,50-54,new_vaccine,0.0,0.0,0.0,0.0
161,55-59,unvaccinated,113.0,358.3333333333333,1.0,0.0
161,55-59,old_vaccine,0.0,0.0,0.0,0.0
161,55-59,new_vaccine,0.0,0.0,0.0,0.0
161,60-64,unvaccinated,108.33333333333333,282.3333333333333,0.6666666666666666,0.3333333333333333
161,60-64,old_vaccine,0.0,0.0,0.0,0.0
161,60-64,new_vaccine,0.0,0.0,0.0,0.0
161,65-69,unvaccinated,190.66666666666666,154.66666666666666,2.3333333333333335,0.6666666666666666
161,65-69,old_vaccine,0.0,0.0,0.0,0.0
161,65-69,new_vaccine,0.0,0.0,0.0,0.0
161,70-74,unvaccinated,194.33333333333334,128.0,3.0,1.3333333333333333
161,70-74,old_vaccine,0.0,0.0,0.0,0.0
161,70-74,new_vaccine,0.0,0.0,0.0,0.0
161,75+,unvaccinated,333.0,169.66666666666666,7.333333333333333,2.6666666666666665
161,75+,old_vaccine,0.0,0.0,0.0,0.0
161,75+,new_vaccine,0.0,0.0,0.0,0.0
162,0-4,unvaccinated,24.666666666666668,345.3333333333333,0.3333333333333333,0.0
162,0-4,old_vaccine,0.0,0.0,0.0,0.0
162,0-4,new_vaccine,0.0,0.0,0.0,0.0
162,5-9,unvaccinated,6.0,413.0,0.0,0.0
162,5-9,old_vaccine,0.0,0.0,0.0,0.0
162,5-9,new_vaccine,0.0,0.0,0.0,0.0
162,10-14,unvaccinated,8.666666666666666,374.3333333333333,0.0,0.0
162,10-14,old_vaccine,0.0,0.0,0.0,0.0
162,10-14,new_vaccine,0.0,0.0,0.0,0.0
162,15-19,unvaccinated,9.0,364.3333333333333,0.0,0.0
162,15-19,old_vaccine,0.0,0.0,0.0,0.0
162,15-19,new_vaccine,0.0,0.0,0.0,0.0
162,20-24,unvaccinated,20.0,405.3333333333333,0.0,0.0
162,20-24,old_vaccine,0.0,0.0,0.0,0.0
162,20-24,new_vaccine,0.0,0.0,0.0,0.0
162,25-29,unvaccinated,42.666666666666664,404.6666666666667,0.3333333333333333,0.0
162,25-29,old_vaccine,0.0,0.0,0.0,0.0
162,25-29,new_vaccine,0.0,0.0,0.0,0.0
162,30-34,unvaccinated,45.0,421.0,0.0,0.0
162,30-34,old_vaccine,0.0,0.0,0.0,0.0
162,30-34,new_vaccine,0.0,0.0,0.0,0.0
162,35-39,unvaccinated,46.666666666666664,421.3333333333333,0.3333333333333333,0.0
162,35-39,old_vaccine,0.0,0.0,0.0,0.0
162,35-39,new_vaccine,0.0,0.0,0.0,0.0
162,40-44,unvaccinated,45.333333333333336,416.0,0.0,0.0
162,40-44,old_vaccine,0.0,0.0,0.0,0.0
162,40-44,new_vaccine,0.0,0.0,0.0,0.0
162,45-49,unvaccinated,53.666666666666664,391.6666666666667,1.0,0.0
162,45-49,old_vaccine,0.0,0.0,0.0,0.0
162,45-49,new_vaccine,0.0,0.0,0.0,0.0
162,50-54,unvaccinated,98.66666666666667,375.3333333333333,0.6666666666666666,0.0
162,50-54,old_vaccine,0.0,0.0,0.0,0.0
162,50-54,new_vaccine,0.0,0.0,0.0,0.0
162,55-59,unvaccinated,112.66666666666667,351.6666666666667,1.3333333333333333,0.0
162,55-59,old_vaccine,0.0,0.0,0.0,0.0
162,55-59,new_vaccine,0.0,0.0,0.0,0.0
162,60-64,unvaccinated,109.66666666666667,274.6666666666667,0.6666666666666666,0.6666666666666666
162,60-64,old_vaccine,0.0,0.0,0.0,0.0
162,60-64,new_vaccine,0.0,0.0,0.0,0.0
162,65-69,unvaccinated,173.66666666666666,153.66666666666666,3.0,0.3333333333333333
162,65-69,old_vaccine,0.0,0.0,0.0,0.0
162,65-69,new_vaccine,0.0,0.0,0.0,0.0
162,70-74,unvaccinated,197.33333333333334,113.66666666666667,2.6666666666666665,1.3333333333333333
162,70-74,old_vaccine,0.0,0.0,0.0,0.0
162,70-74,new_vaccine,0.0,0.0,0.0,0.0
162,75+,unvaccinated,317.6666666666667,164.33333333333334,7.0,1.6666666666666667
162,75+,old_vaccine,0.0,0.0,0.0,0.0
162,75+,new_vaccine,0.0,0.0,0.0,0.0
163,0-4,unvaccinated,28.0,340.0,0.6666666666666666,0.0
163,0-4,old_vaccine,0.0,0.0,0.0,0.0
163,0-4,new_vaccine,0.0,0.0,0.0,0.0
163,5-9,unvaccinated,8.0,405.6666666666667,0.0,0.0
163,5-9,old_vaccine,0.0,0.0,0.0,0.0
163,5-9,new_vaccine,0.0,0.0,0.0,0.0
163,10-14,unvaccinated,10.0,387.0,0.0,0.0
163,10-14,old_vaccine,0.0,0.0,0.0,0.0
163,10-14,new_vaccine,0.0,0.0,0.0,0.0
163,15-19,unvaccinated,12.333333333333334,367.6666666666667,0.3333333333333333,0.0
163,15-19,old_vaccine,0.0,0.0,0.0,0.0
163,15-19,new_vaccine,0.0,0.0,0.0,0.0
163,20-24,unvaccinated,27.0,392.6666666666667,0.0,0.0
163,20-24,old_vaccine,0.0,0.0,0.0,0.0
163,20-24,new_vaccine,0.0,0.0,0.0,0.0
163,25-29,unvaccinated,50.333333333333336,458.0,0.3333333333333333,0.0
163,25-29,old_vaccine,0.0,0.0,0.0,0.0
163,25-29,new_vaccine,0.0,0.0,0.0,0.0
163,30-34,unvaccinated,54.0,410.0,0.0,0.0
163,30-34,old_vaccine,0.0,0.0,0.0,0.0
163,30-34,new_vaccine,0.0,0.0,0.0,0.0
163,35-39,unvaccinated,39.666666666666664,427.6666666666667,0.0,0.0
163,35-39,old_vaccine,0.0,0.0,0.0,0.0
163,35-39,new_vaccine,0.0,0.0,0.0,0.0
163,40-44,unvaccinated,48.666666666666664,421.0,0.3333333333333333,0.0
163,40-44,old_vaccine,0.0,0.0,0.0,0.0
163,40-44,new_vaccine,0.0,0.0,0.0,0.0
163,45-49,unvaccinated,64.33333333333333,391.0,0.3333333333333333,0.0
163,45-49,old_vaccine,0.0,0.0,0.0,0.0
163,45-49,new_vaccine,0.0,0.0,0.0,0.0
163,50-54,unvaccinated,101.33333333333333,395.3333333333333,2.3333333333333335,0.0
163,50-54,old_vaccine,0.0,0.0,0.0,0.0
163,50-54,new_vaccine,0.0,0.0,0.0,0.0
163,55-59,unvaccinated,114.33333333333333,342.6666666666667,2.0,0.3333333333333333
163,55-59,old_vaccine,0.0,0.0,0.0,0.0
163,55-59,new_vaccine,0.0,0.0,0.0,0.0
163,60-64,unvaccinated,112.66666666666667,287.3333333333333,1.0,0.6666666666666666
163,60-64,old_vaccine,0.0,0.0,0.0,0.0
163,60-64,new_vaccine,0.0,0.0,0.0,0.0
163,65-69,unvaccinated,166.66666666666666,146.33333333333334,1.3333333333333333,0.3333333333333333
163,65-69,old_vaccine,0.0,0.0,0.0,0.0
163,65-69,new_vaccine,0.0,0.0,0.0,0.0
163,70-74,unvaccinated,207.66666666666666,105.33333333333333,5.333333333333333,1.0
163,70-74,old_vaccine,0.0,0.0,0.0,0.0
163,70-74,new_vaccine,0.0,0.0,0.0,0.0
163,75+,unvaccinated,323.6666666666667,153.33333333333334,6.666666666666667,4.0
163,75+,old_vaccine,0.0,0.0,0.0,0.0
163,75+,new_vaccine,0.0,0.0,0.0,0.0
164,0-4,unvaccinated,27.0,344.6666666666667,0.0,0.0
164,0-4,old_vaccine,0.0,0.0,0.0,0.0
164,0-4,new_vaccine,0.0,0.0,0.0,0.0
164,5-9,unvaccinated,2.6666666666666665,403.0,0.0,0.0
164,5-9,old_vaccine,0.0,0.0,0.0,0.0
164,5-9,new_vaccine,0.0,0.0,0.0,0.0
164,10-14,unvaccinated,9.0,388.3333333333333,0.0,0.0
164,10-14,old_vaccine,0.0,0.0,0.0,0.0
164,10-14,new_vaccine,0.0,0.0,0.0,0.0
164,15-19,unvaccinated,8.666666666666666,366.0,0.0,0.0
164,15-19,old_vaccine,0.0,0.0,0.0,0.0
164,15-19,new_vaccine,0.0,0.0,0.0,0.0
164,20-24,unvaccinated,26.0,382.6666666666667,0.3333333333333333,0.0
164,20-24,old_vaccine,0.0,0.0,0.0,0.0
164,20-24,new_vaccine,0.0,0.0,0.0,0.0
164,25-29,unvaccinated,41.666666666666664,412.0,0.0,0.0
164,25-29,old_vaccine,0.0,0.0,0.0,0.0
164,25-29,new_vaccine,0.0,0.0,0.0,0.0
164,30-34,unvaccinated,47.0,430.3333333333333,0.0,0.0
164,30-34,old_vaccine,0.0,0.0,0.0,0.0
164,30-34,new_vaccine,0.0,0.0,0.0,0.0
164,35-39,unvaccinated,42.666666666666664,439.3333333333333,0.3333333333333333,0.0
164,35-39,old_vaccine,0.0,0.0,0.0,0.0
164,35-39,new_vaccine,0.0,0.0,0.0,0.0
164,40-44,unvaccinated,44.333333333333336,406.3333333333333,0.0,0.0
164,40-44,old_vaccine,0.0,0.0,0.0,0.0
164,40-44,new_vaccine,0.0,0.0,0.0,0.0
164,45-49,unvaccinated,55.666666666666664,392.0,0.3333333333333333,0.0
164,45-49,old_vaccine,0.0,0.0,0.0,0.0
164,45-49,new_vaccine,0.0,0.0,0.0,0.0
164,50-54,unvaccinated,88.33333333333333,380.6666666666667,0.6666666666666666,0.0
164,50-54,old_vaccine,0.0,0.0,0.0,0.0
164,50-54,new_vaccine,0.0,0.0,0.0,0.0
164,55-59,unvaccinated,118.66666666666667,362.6666666666667,1.0,0.0
164,55-59,old_vaccine,0.0,0.0,0.0,0.0
164,55-59,new_vaccine,0.0,0.0,0.0,0.0
164,60-64,unvaccinated,123.33333333333333,275.0,1.6666666666666667,1.0
164,60-64,old_vaccine,0.0,0.0,0.0,0.0
164,60-64,new_vaccine,0.0,0.0,0.0,0.0
164,65-69,unvaccinated,179.66666666666666,157.0,3.0,0.0
164,65-69,old_vaccine,0.0,0.0,0.0,0.0
164,65-69,new_vaccine,0.0,0.0,0.0,0.0
164,70-74,unvaccinated,200.33333333333334,117.0,3.0,0.6666666666666666
164,70-74,old_vaccine,0.0,0.0,0.0,0.0
164,70-74,new_vaccine,0.0,0.0,0.0,0.0
164,75+,unvaccinated,343.6666666666667,167.33333333333334,7.0,2.6666666666666665
164,75+,old_vaccine,0.0,0.0,0.0,0.0
164,75+,new_vaccine,0.0,0.0,0.0,0.0
165,0-4,unvaccinated,24.0,353.0,0.0,0.0
165,0-4,old_vaccine,0.0,0.0,0.0,0.0
165,0-4,new_vaccine,0.0,0.0,0.0,0.0
165,5-9,unvaccinated,7.0,390.3333333333333,0.0,0.0
165,5-9,old_vaccine,0.0,0.0,0.0,0.0
165,5-9,new_vaccine,0.0,0.0,0.0,0.0
165,10-14,unvaccinated,7.666666666666667,380.0,0.0,0.0
165,10-14,old_vaccine,0.0,0.0,0.0,0.0
165,10-14,new_vaccine,0.0,0.0,0.0,0.0
165,15-19,unvaccinated,10.666666666666666,363.6666666666667,0.0,0.0
165,15-19,old_vaccine,0.0,0.0,0.0,0.0
165,15-19,new_vaccine,0.0,0.0,0.0,0.0
165,20-24,unvaccinated,27.666666666666668,391.0,0.0,0.0
165,20-24,old_vaccine,0.0,0.0,0.0,0.0
165,20-24,new_vaccine,0.0,0.0,0.0,0.0
165,25-29,unvaccinated,47.666666666666664,422.3333333333333,0.0,0.0
165,25-29,old_vaccine,0.0,0.0,0.0,0.0
165,25-29,new_vaccine,0.0,0.0,0.0,0.0
165,30-34,unvaccinated,47.333333333333336,437.0,0.0,0.0
165,30-34,old_vaccine,0.0,0.0,0.0,0.0
165,30-34,new_vaccine,0.0,0.0,0.0,0.0
165,35-39,unvaccinated,52.333333333333336,417.6666666666667,0.3333333333333333,0.0
165,35-39,old_vaccine,0.0,0.0,0.0,0.0
165,35-39,new_vaccine,0.0,0.0,0.0,0.0
165,40-44,unvaccinated,45.333333333333336,415.3333333333333,0.0,0.0
165,40-44,old_vaccine,0.0,0.0,0.0,0.0
165,40-44,new_vaccine,0.0,0.0,0.0,0.0
165,45-49,unvaccinated,62.0,378.6666666666667,0.6666666666666666,0.0
165,45-49,old_vaccine,0.0,0.0,0.0,0.0
165,45-49,new_vaccine,0.0,0.0,0.0,0.0
165,50-54,unvaccinated,92.33333333333333,395.6666666666667,1.6666666666666667,0.3333333333333333
165,50-54,old_vaccine,0.0,0.0,0.0,0.0
165,50-54,new_vaccine,0.0,0.0,0.0,0.0
165,55-59,unvaccinated,115.33333333333333,336.3333333333333,0.6666666666666666,0.0
165,55-59,old_vaccine,0.0,0.0,0.0,0.0
165,55-59,new_vaccine,0.0,0.0,0.0,0.0
165,60-64,unvaccinated,123.66666666666667,277.6666666666667,1.0,0.0
165,60-64,old_vaccine,0.0,0.0,0.0,0.0
165,60-64,new_vaccine,0.0,0.0,0.0,0.0
165,65-69,unvaccinated,182.33333333333334,147.33333333333334,3.3333333333333335,0.6666666666666666
165,65-69,old_vaccine,0.0,0.0,0.0,0.0
165,65-69,new_vaccine,0.0,0.0,0.0,0.0
165,70-74,unvaccinated,199.66666666666666,115.66666666666667,2.3333333333333335,0.3333333333333333
165,70-74,old_vaccine,0.0,0.0,0.0,0.0
165,70-74,new_vaccine,0.0,0.0,0.0,0.0
165,75+,unvaccinated,342.3333333333333,176.66666666666666,6.333333333333333,3.6666666666666665
165,75+,old_vaccine,0.0,0.0,0.0,0.0
165,75+,new_vaccine,0.0,0.0,0.0,0.0
166,0-4,unvaccinated,28.666666666666668,357.3333333333333,0.0,0.0
166,0-4,old_vaccine,0.0,0.0,0.0,0.0
166,0-4,new_vaccine,0.0,0.0,0.0,0.0
166,5-9,unvaccinated,6.0,396.0,0.3333333333333333,0.0
166,5-9,old_vaccine,0.0,0.0,0.0,0.0
166,5-9,new_vaccine,0.0,0.0,0.0,0.0
166,10-14,unvaccinated,6.666666666666667,382.3333333333333,0.0,0.0
166,10-14,old_vaccine,0.0,0.0,0.0,0.0
166,10-14,new_vaccine,0.0,0.0,0.0,0.0
166,15-19,unvaccinated,8.333333333333334,348.0,0.3333333333333333,0.0
166,15-19,old_vaccine,0.0,0.0,0.0,0.0
166,15-19,new_vaccine,0.0,0.0,0.0,0.0
166,20-24,unvaccinated,25.333333333333332,387.0,0.0,0.0
166,20-24,old_vaccine,0.0,0.0,0.0,0.0
166,20-24,new_vaccine,0.0,0.0,0.0,0.0
166,25-29,unvaccinated,50.666666666666664,436.0,0.0,0.0
166,25-29,old_vaccine,0.0,0.0,0.0,0.0
166,25-29,new_vaccine,0.0,0.0,0.0,0.0
166,30-34,unvaccinated,54.666666666666664,413.6666666666667,0.3333333333333333,0.0
166,30-34,old_vaccine,0.0,0.0,0.0,0.0
166,30-34,new_vaccine,0.0,0.0,0.0,0.0
166,35-39,unvaccinated,51.0,428.6666666666667,0.0,0.0
166,35-39,old_vaccine,0.0,0.0,0.0,0.0
166,35-39,new_vaccine,0.0,0.0,0.0,0.0
166,40-44,unvaccinated,42.0,416.6666666666667,0.3333333333333333,0.0
166,40-44,old_vaccine,0.0,0.0,0.0,0.0
166,40-44,new_vaccine,0.0,0.0,0.0,0.0
166,45-49,unvaccinated,62.0,393.6666666666667,1.0,0.3333333333333333
166,45-49,old_vaccine,0.0,0.0,0.0,0.0
166,45-49,new_vaccine,0.0,0.0,0.0,0.0
166,50-54,unvaccinated,97.66666666666667,377.0,1.0,0.0
166,50-54,old_vaccine,0.0,0.0,0.0,0.0
166,50-54,new_vaccine,0.0,0.0,0.0,0.0
166,55-59,unvaccinated,124.33333333333333,348.0,2.0,0.0
166,55-59,old_vaccine,0.0,0.0,0.0,0.0
166,55-59,new_vaccine,0.0,0.0,0.0,0.0
166,60-64,unvaccinated,121.66666666666667,277.6666666666667,0.6666666666666666,0.3333333333333333
166,60-64,old_vaccine,0.0,0.0,0.0,0.0
166,60-64,new_vaccine,0.0,0.0,0.0,0.0
166,65-69,unvaccinated,181.0,147.66666666666666,1.6666666666666667,0.0
166,65-69,old_vaccine,0.0,0.0,0.0,0.0
166,65-69,new_vaccine,0.0,0.0,0.0,0.0
166,70-74,unvaccinated,188.0,119.0,1.0,1.6666666666666667
166,70-74,old_vaccine,0.0,0.0,0.0,0.0
166,70-74,new_vaccine,0.0,0.0,0.0,0.0
166,75+,unvaccinated,336.0,170.33333333333334,6.666666666666667,3.6666666666666665
166,75+,old_vaccine,0.0,0.0,0.0,0.0
166,75+,new_vaccine,0.0,0.0,0.0,0.0
167,0-4,unvaccinated,26.666666666666668,365.3333333333333,0.6666666666666666,0.0
167,0-4,old_vaccine,0.0,0.0,0.0,0.0
167,0-4,new_vaccine,0.0,0.0,0.0,0.0
167,5-9,unvaccinated,6.666666666666667,399.0,0.0,0.0
167,5-9,old_vaccine,0.0,0.0,0.0,0.0
167,5-9,new_vaccine,0.0,0.0,0.0,0.0
167,10-14,unvaccinated,6.666666666666667,377.0,0.0,0.0
167,10-14,old_vaccine,0.0,0.0,0.0,0.0
167,10-14,new_vaccine,0.0,0.0,0.0,0.0
167,15-19,unvaccinated,8.666666666666666,350.0,0.0,0.0
167,15-19,old_vaccine,0.0,0.0,0.0,0.0
167,15-19,new_vaccine,0.0,0.0,0.0,0.0
167,20-24,unvaccinated,29.333333333333332,406.0,0.0,0.0
167,20-24,old_vaccine,0.0,0.0,0.0,0.0
167,20-24,new_vaccine,0.0,0.0,0.0,0.0
167,25-29,unvaccinated,49.666666666666664,428.6666666666667,0.3333333333333333,0.0
167,25-29,old_vaccine,0.0,0.0,0.0,0.0
167,25-29,new_vaccine,0.0,0.0,0.0,0.0
167,30-34,unvaccinated,45.333333333333336,449.0,0.0,0.0
167,30-34,old_vaccine,0.0,0.0,0.0,0.0
167,30-34,new_vaccine,0.0,0.0,0.0,0.0
167,35-39,unvaccinated,45.666666666666664,428.6666666666667,0.6666666666666666,0.0
167,35-39,old_vaccine,0.0,0.0,0.0,0.0
167,35-39,new_vaccine,0.0,0.0,0.0,0.0
167,40-44,unvaccinated,45.333333333333336,410.6666666666667,0.0,0.0
167,40-44,old_vaccine,0.0,0.0,0.0,0.0
167,40-44,new_vaccine,0.0,0.0,0.0,0.0
167,45-49,unvaccinated,53.333333333333336,395.6666666666667,0.6666666666666666,0.0
167,45-49,old_vaccine,0.0,0.0,0.0,0.0
167,45-49,new_vaccine,0.0,0.0,0.0,0.0
167,50-54,unvaccinated,99.0,393.3333333333333,0.3333333333333333,0.0
167,50-54,old_vaccine,0.0,0.0,0.0,0.0
167,50-54,new_vaccine,0.0,0.0,0.0,0.0
167,55-59,unvaccinated,124.33333333333333,336.0,0.0,0.0
167,55-59,old_vaccine,0.0,0.0,0.0,0.0
167,55-59,new_vaccine,0.0,0.0,0.0,0.0
167,60-64,unvaccinated,120.66666666666667,289.0,2.3333333333333335,0.0
167,60-64,old_vaccine,0.0,0.0,0.0,0.0
167,60-64,new_vaccine,0.0,0.0,0.0,0.0
167,65-69,unvaccinated,188.33333333333334,149.33333333333334,3.0,0.3333333333333333
167,65-69,old_vaccine,0.0,0.0,0.0,0.0
167,65-69,new_vaccine,0.0,0.0,0.0,0.0
167,70-74,unvaccinated,198.33333333333334,115.0,4.333333333333333,1.3333333333333333
167,70-74,old_vaccine,0.0,0.0,0.0,0.0
167,70-74,new_vaccine,0.0,0.0,0.0,0.0
167,75+,unvaccinated,340.0,159.0,4.0,2.3333333333333335
167,75+,old_vaccine,0.0,0.0,0.0,0.0
167,75+,new_vaccine,0.0,0.0,0.0,0.0
168,0-4,unvaccinated,31.0,335.6666666666667,0.3333333333333333,0.0
168,0-4,old_vaccine,0.0,0.0,0.0,0.0
168,0-4,new_vaccine,0.0,0.0,0.0,0.0
168,5-9,unvaccinated,6.333333333333333,413.6666666666667,0.0,0.0
168,5-9,old_vaccine,0.0,0.0,0.0,0.0
168,5-9,new_vaccine,0.0,0.0,0.0,0.0
168,10-14,unvaccinated,8.0,391.0,0.0,0.0
168,10-14,old_vaccine,0.0,0.0,0.0,0.0
168,10-14,new_vaccine,0.0,0.0,0.0,0.0
168,15-19,unvaccinated,12.666666666666666,374.6666666666667,0.0,0.0
168,15-19,old_vaccine,0.0,0.0,0.0,0.0
168,15-19,new_vaccine,0.0,0.0,0.0,0.0
168,20-24,unvaccinated,29.333333333333332,401.6666666666667,0.3333333333333333,0.0
168,20-24,old_vaccine,0.0,0.0,0.0,0.0
168,20-24,new_vaccine,0.0,0.0,0.0,0.0
168,25-29,unvaccinated,45.0,412.0,0.6666666666666666,0.0
168,25-29,old_vaccine,0.0,0.0,0.0,0.0
168,25-29,new_vaccine,0.0,0.0,0.0,0.0
168,30-34,unvaccinated,56.333333333333336,432.0,0.0,0.0
168,30-34,old_vaccine,0.0,0.0,0.0,0.0
168,30-34,new_vaccine,0.0,0.0,0.0,0.0
168,35-39,unvaccinated,41.666666666666664,430.0,0.3333333333333333,0.0
168,35-39,old_vaccine,0.0,0.0,0.0,0.0
168,35-39,new_vaccine,0.0,0.0,0.0,0.0
168,40-44,unvaccinated,50.666666666666664,417.0,0.0,0.0
168,40-44,old_vaccine,0.0,0.0,0.0,0.0
168,40-44,new_vaccine,0.0,0.0,0.0,0.0
168,45-49,unvaccinated,52.666666666666664,401.6666666666667,1.3333333333333333,0.0
168,45-49,old_vaccine,0.0,0.0,0.0,0.0
168,45-49,new_vaccine,0.0,0.0,0.0,0.0
168,50-54,unvaccinated,93.66666666666667,387.0,0.6666666666666666,0.0
168,50-54,old_vaccine,0.0,0.0,0.0,0.0
168,50-54,new_vaccine,0.0,0.0,0.0,0.0
168,55-59,unvaccinated,104.66666666666667,360.6666666666667,0.6666666666666666,0.0
168,55-59,old_vaccine,0.0,0.0,0.0,0.0
168,55-59,new_vaccine,0.0,0.0,0.0,0.0
168,60-64,unvaccinated,118.66666666666667,283.0,1.0,0.6666666666666666
168,60-64,old_vaccine,0.0,0.0,0.0,0.0
168,60-64,new_vaccine,0.0,0.0,0.0,0.0
168,65-69,unvaccinated,178.66666666666666,160.0,1.0,0.0
168,65-69,old_vaccine,0.0,0.0,0.0,0.0
168,65-69,new_vaccine,0.0,0.0,0.0,0.0
168,70-74,unvaccinated,215.33333333333334,110.33333333333333,4.0,1.0
168,70-74,old_vaccine,0.0,0.0,0.0,0.0
168,70-74,new_vaccine,0.0,0.0,0.0,0.0
168,75+,unvaccinated,326.3333333333333,175.33333333333334,3.6666666666666665,2.6666666666666665
168,75+,old_vaccine,0.0,0.0,0.0,0.0
168,75+,new_vaccine,0.0,0.0,0.0,0.0
169,0-4,unvaccinated,21.333333333333332,337.3333333333333,0.0,0.0
169,0-4,old_vaccine,0.0,0.0,0.0,0.0
169,0-4,new_vaccine,0.0,0.0,0.0,0.0
169,5-9,unvaccinated,4.666666666666667,402.0,0.0,0.0
169,5-9,old_vaccine,0.0,0.0,0.0,0.0
169,5-9,new_vaccine,0.0,0.0,0.0,0.0
169,10-14,unvaccinated,5.333333333333333,381.6666666666667,0.0,0.0
169,10-14,old_vaccine,0.0,0.0,0.0,0.0
169,10-14,new_vaccine,0.0,0.0,0.0,0.0
169,15-19,unvaccinated,10.666666666666666,361.6666666666667,0.0,0.0
169,15-19,old_vaccine,0.0,0.0,0.0,0.0
169,15-19,new_vaccine,0.0,0.0,0.0,0.0
169,20-24,unvaccinated,29.0,395.0,0.0,0.0
169,20-24,old_vaccine,0.0,0.0,0.0,0.0
169,20-24,new_vaccine,0.0,0.0,0.0,0.0
169,25-29,unvaccinated,45.333333333333336,432.0,0.0,0.0
169,25-29,old_vaccine,0.0,0.0,0.0,0.0
169,25-29,new_vaccine,0.0,0.0,0.0,0.0
169,30-34,unvaccinated,44.333333333333336,444.6666666666667,0.0,0.0
169,30-34,old_vaccine,0.0,0.0,0.0,0.0
169,30-34,new_vaccine,0.0,0.0,0.0,0.0
169,35-39,unvaccinated,47.0,425.0,0.0,0.0
169,35-39,old_vaccine,0.0,0.0,0.0,0.0
169,35-39,new_vaccine,0.0,0.0,0.0,0.0
169,40-44,unvaccinated,39.666666666666664,424.0,0.0,0.0
169,40-44,old_vaccine,0.0,0.0,0.0,0.0
169,40-44,new_vaccine,0.0,0.0,0.0,0.0
169,45-49,unvaccinated,60.666666666666664,400.0,0.6666666666666666,0.0
169,45-49,old_vaccine,0.0,0.0,0.0,0.0
169,45-49,new_vaccine,0.0,0.0,0.0,0.0
169,50-54,unvaccinated,86.66666666666667,401.0,1.3333333333333333,0.0
169,50-54,old_vaccine,0.0,0.0,0.0,0.0
169,50-54,new_vaccine,0.0,0.0,0.0,0.0
169,55-59,unvaccinated,126.66666666666667,356.6666666666667,0.6666666666666666,0.0
169,55-59,old_vaccine,0.0,0.0,0.0,0.0
169,55-59,new_vaccine,0.0,0.0,0.0,0.0
169,60-64,unvaccinated,106.0,291.0,1.6666666666666667,0.0
169,60-64,old_vaccine,0.0,0.0,0.0,0.0
169,60-64,new_vaccine,0.0,0.0,0.0,0.0
169,65-69,unvaccinated,180.0,154.33333333333334,2.0,1.0
169,65-69,old_vaccine,0.0,0.0,0.0,0.0
169,65-69,new_vaccine,0.0,0.0,0.0,0.0
169,70-74,unvaccinated,208.66666666666666,126.0,1.6666666666666667,1.6666666666666667
169,70-74,old_vaccine,0.0,0.0,0.0,0.0
169,70-74,new_vaccine,0.0,0.0,0.0,0.0
169,75+,unvaccinated,338.6666666666667,172.66666666666666,7.0,1.6666666666666667
169,75+,old_vaccine,0.0,0.0,0.0,0.0
169,75+,new_vaccine,0.0,0.0,0.0,0.0
170,0-4,unvaccinated,25.0,344.6666666666667,0.3333333333333333,0.0
170,0-4,old_vaccine,0.0,0.0,0.0,0.0
170,0-4,new_vaccine,0.0,0.0,0.0,0.0
170,5-9,unvaccinated,5.666666666666667,397.0,0.0,0.0
170,5-9,old_vaccine,0.0,0.0,0.0,0.0
170,5-9,new_vaccine,0.0,0.0,0.0,0.0
170,10-14,unvaccinated,8.333333333333334,427.6666666666667,0.0,0.0
170,10-14,old_vaccine,0.0,0.0,0.0,0.0
170,10-14,new_vaccine,0.0,0.0,0.0,0.0
170,15-19,unvaccinated,7.333333333333333,366.0,0.0,0.0
170,15-19,old_vaccine,0.0,0.0,0.0,0.0
170,15-19,new_vaccine,0.0,0.0,0.0,0.0
170,20-24,unvaccinated,30.0,385.3333333333333,0.0,0.0
170,20-24,old_vaccine,0.0,0.0,0.0,0.0
170,20-24,new_vaccine,0.0,0.0,0.0,0.0
170,25-29,unvaccinated,43.0,421.0,0.0,0.0
170,25-29,old_vaccine,0.0,0.0,0.0,0.0
170,25-29,new_vaccine,0.0,0.0,0.0,0.0
170,30-34,unvaccinated,53.0,441.3333333333333,0.0,0.0
170,30-34,old_vaccine,0.0,0.0,0.0,0.0
170,30-34,new_vaccine,0.0,0.0,0.0,0.0
170,35-39,unvaccinated,46.333333333333336,446.3333333333333,0.3333333333333333,0.0
170,35-39,old_vaccine,0.0,0.0,0.0,0.0
170,35-39,new_vaccine,0.0,0.0,0.0,0.0
170,40-44,unvaccinated,43.666666666666664,414.0,0.0,0.0
170,40-44,old_vaccine,0.0,0.0,0.0,0.0
170,40-44,new_vaccine,0.0,0.0,0.0,0.0
170,45-49,unvaccinated,62.0,399.3333333333333,0.0,0.0
170,45-49,old_vaccine,0.0,0.0,0.0,0.0
170,45-49,new_vaccine,0.0,0.0,0.0,0.0
170,50-54,unvaccinated,92.0,393.0,0.6666666666666666,0.0
170,50-54,old_vaccine,0.0,0.0,0.0,0.0
170,50-54,new_vaccine,0.0,0.0,0.0,0.0
170,55-59,unvaccinated,114.33333333333333,361.3333333333333,1.3333333333333333,0.0
170,55-59,old_vaccine,0.0,0.0,0.0,0.0
170,55-59,new_vaccine,0.0,0.0,0.0,0.0
170,60-64,unvaccinated,114.33333333333333,284.6666666666667,2.6666666666666665,0.0
170,60-64,old_vaccine,0.0,0.0,0.0,0.0
170,60-64,new_vaccine,0.0,0.0,0.0,0.0
170,65-69,unvaccinated,186.0,156.66666666666666,4.666666666666667,0.3333333333333333
170,65-69,old_vaccine,0.0,0.0,0.0,0.0
170,65-69,new_vaccine,0.0,0.0,0.0,0.0
170,70-74,unvaccinated,209.33333333333334,118.0,2.6666666666666665,1.3333333333333333
170,70-74,old_vaccine,0.0,0.0,0.0,0.0
170,70-74,new_vaccine,0.0,0.0,0.0,0.0
170,75+,unvaccinated,328.0,164.0,7.0,3.3333333333333335
170,75+,old_vaccine,0.0,0.0,0.0,0.0
170,75+,new_vaccine,0.0,0.0,0.0,0.0
171,0-4,unvaccinated,23.666666666666668,338.0,0.3333333333333333,0.0
171,0-4,old_vaccine,0.0,0.0,0.0,0.0
171,0-4,new_vaccine,0.0,0.0,0.0,0.0
171,5-9,unvaccinated,5.666666666666667,395.6666666666667,0.3333333333333333,0.0
171,5-9,old_vaccine,0.0,0.0,0.0,0.0
171,5-9,new_vaccine,0.0,0.0,0.0,0.0
171,10-14,unvaccinated,6.666666666666667,398.0,0.0,0.0
171,10-14,old_vaccine,0.0,0.0,0.0,0.0
171,10-14,new_vaccine,0.0,0.0,0.0,0.0
171,15-19,unvaccinated,10.333333333333334,355.0,0.0,0.0
171,15-19,old_vaccine,0.0,0.0,0.0,0.0
171,15-19,new_vaccine,0.0,0.0,0.0,0.0
171,20-24,unvaccinated,29.666666666666668,397.0,0.3333333333333333,0.0
171,20-24,old_vaccine,0.0,0.0,0.0,0.0
171,20-24,new_vaccine,0.0,0.0,0.0,0.0
171,25-29,unvaccinated,43.0,452.0,0.0,0.0
171,25-29,old_vaccine,0.0,0.0,0.0,0.0
171,25-29,new_vaccine,0.0,0.0,0.0,0.0
171,30-34,unvaccinated,51.666666666666664,409.3333333333333,0.0,0.0
171,30-34,old_vaccine,0.0,0.0,0.0,0.0
171,30-34,new_vaccine,0.0,0.0,0.0,0.0
171,35-39,unvaccinated,40.333333333333336,433.6666666666667,1.3333333333333333,0.0
171,35-39,old_vaccine,0.0,0.0,0.0,0.0
171,35-39,new_vaccine,0.0,0.0,0.0,0.0
171,40-44,unvaccinated,48.0,414.3333333333333,0.3333333333333333,0.0
171,40-44,old_vaccine,0.0,0.0,0.0,0.0
171,40-44,new_vaccine,0.0,0.0,0.0,0.0
171,45-49,unvaccinated,57.333333333333336,383.0,0.3333333333333333,0.0
171,45-49,old_vaccine,0.0,0.0,0.0,0.0
171,45-49,new_vaccine,0.0,0.0,0.0,0.0
171,50-54,unvaccinated,94.33333333333333,381.6666666666667,1.3333333333333333,0.3333333333333333
171,50-54,old_vaccine,0.0,0.0,0.0,0.0
171,50-54,new_vaccine,0.0,0.0,0.0,0.0
171,55-59,unvaccinated,127.66666666666667,343.3333333333333,1.3333333333333333,0.3333333333333333
171,55-59,old_vaccine,0.0,0.0,0.0,0.0
171,55-59,new_vaccine,0.0,0.0,0.0,0.0
171,60-64,unvaccinated,116.0,259.6666666666667,0.6666666666666666,0.0
171,60-64,old_vaccine,0.0,0.0,0.0,0.0
171,60-64,new_vaccine,0.0,0.0,0.0,0.0
171,65-69,unvaccinated,177.66666666666666,150.33333333333334,1.6666666666666667,0.3333333333333333
171,65-69,old_vaccine,0.0,0.0,0.0,0.0
171,65-69,new_vaccine,0.0,0.0,0.0,0.0
171,70-74,unvaccinated,198.66666666666666,114.66666666666667,3.3333333333333335,1.3333333333333333
171,70-74,old_vaccine,0.0,0.0,0.0,0.0
171,70-74,new_vaccine,0.0,0.0,0.0,0.0
171,75+,unvaccinated,332.0,160.0,5.666666666666667,4.333333333333333
171,75+,old_vaccine,0.0,0.0,0.0,0.0
171,75+,new_vaccine,0.0,0.0,0.0,0.0
172,0-4,unvaccinated,24.0,351.0,0.3333333333333333,0.0
172,0-4,old_vaccine,0.0,0.0,0.0,0.0
172,0-4,new_vaccine,0.0,0.0,0.0,0.0
172,5-9,unvaccinated,6.333333333333333,381.6666666666667,0.0,0.0
172,5-9,old_vaccine,0.0,0.0,0.0,0.0
172,5-9,new_vaccine,0.0,0.0,0.0,0.0
172,10-14,unvaccinated,7.0,372.3333333333333,0.0,0.0
172,10-14,old_vaccine,0.0,0.0,0.0,0.0
172,10-14,new_vaccine,0.0,0.0,0.0,0.0
172,15-19,unvaccinated,9.333333333333334,356.0,0.0,0.0
172,15-19,old_vaccine,0.0,0.0,0.0,0.0
172,15-19,new_vaccine,0.0,0.0,0.0,0.0
172,20-24,unvaccinated,26.333333333333332,374.3333333333333,0.3333333333333333,0.0
172,20-24,old_vaccine,0.0,0.0,0.0,0.0
172,20-24,new_vaccine,0.0,0.0,0.0,0.0
172,25-29,unvaccinated,44.333333333333336,426.6666666666667,0.3333333333333333,0.0
172,25-29,old_vaccine,0.0,0.0,0.0,0.0
172,25-29,new_vaccine,0.0,0.0,0.0,0.0
172,30-34,unvaccinated,50.333333333333336,441.0,0.0,0.0
172,30-34,old_vaccine,0.0,0.0,0.0,0.0
172,30-34,new_vaccine,0.0,0.0,0.0,0.0
172,35-39,unvaccinated,51.666666666666664,423.6666666666667,0.3333333333333333,0.0
172,35-39,old_vaccine,0.0,0.0,0.0,0.0
172,35-39,new_vaccine,0.0,0.0,0.0,0.0
172,40-44,unvaccinated,38.333333333333336,384.6666666666667,0.0,0.0
172,40-44,old_vaccine,0.0,0.0,0.0,0.0
172,40-44,new_vaccine,0.0,0.0,0.0,0.0
172,45-49,unvaccinated,55.666666666666664,381.6666666666667,0.6666666666666666,0.0
172,45-49,old_vaccine,0.0,0.0,0.0,0.0
172,45-49,new_vaccine,0.0,0.0,0.0,0.0
172,50-54,unvaccinated,84.0,376.3333333333333,1.0,0.0
172,50-54,old_vaccine,0.0,0.0,0.0,0.0
172,50-54,new_vaccine,0.0,0.0,0.0,0.0
172,55-59,unvaccinated,118.66666666666667,343.3333333333333,1.6666666666666667,0.6666666666666666
172,55-59,old_vaccine,0.0,0.0,0.0,0.0
172,55-59,new_vaccine,0.0,0.0,0.0,0.0
172,60-64,unvaccinated,120.66666666666667,288.0,1.3333333333333333,0.6666666666666666
172,60-64,old_vaccine,0.0,0.0,0.0,0.0
172,60-64,new_vaccine,0.0,0.0,0.0,0.0
172,65-69,unvaccinated,179.33333333333334,156.66666666666666,3.3333333333333335,1.0
172,65-69,old_vaccine,0.0,0.0,0.0,0.0
172,65-69,new_vaccine,0.0,0.0,0.0,0.0
172,70-74,unvaccinated,198.33333333333334,119.33333333333333,3.0,2.0
172,70-74,old_vaccine,0.0,0.0,0.0,0.0
172,70-74,new_vaccine,0.0,0.0,0.0,0.0
172,75+,unvaccinated,342.3333333333333,147.66666666666666,5.333333333333333,0.6666666666666666
172,75+,old_vaccine,0.0,0.0,0.0,0.0
172,75+,new_vaccine,0.0,0.0,0.0,0.0
173,0-4,unvaccinated,24.666666666666668,354.0,0.0,0.0
173,0-4,old_vaccine,0.0,0.0,0.0,0.0
173,0-4,new_vaccine,0.0,0.0,0.0,0.0
173,5-9,unvaccinated,5.666666666666667,381.0,0.0,0.0
173,5-9,old_vaccine,0.0,0.0,0.0,0.0
173,5-9,new_vaccine,0.0,0.0,0.0,0.0
173,10-14,unvaccinated,7.333333333333333,388.6666666666667,0.3333333333333333,0.0
173,10-14,old_vaccine,0.0,0.0,0.0,0.0
173,10-14,new_vaccine,0.0,0.0,0.0,0.0
173,15-19,unvaccinated,10.0,378.3333333333333,0.0,0.0
173,15-19,old_vaccine,0.0,0.0,0.0,0.0
173,15-19,new_vaccine,0.0,0.0,0.0,0.0
173,20-24,unvaccinated,30.666666666666668,381.0,0.0,0.0
173,20-24,old_vaccine,0.0,0.0,0.0,0.0
173,20-24,new_vaccine,0.0,0.0,0.0,0.0
173,25-29,unvaccinated,43.333333333333336,422.0,0.0,0.0
173,25-29,old_vaccine,0.0,0.0,0.0,0.0
173,25-29,new_vaccine,0.0,0.0,0.0,0.0
173,30-34,unvaccinated,52.333333333333336,406.3333333333333,0.6666666666666666,0.0
173,30-34,old_vaccine,0.0,0.0,0.0,0.0
173,30-34,new_vaccine,0.0,0.0,0.0,0.0
173,35-39,unvaccinated,39.666666666666664,430.0,0.3333333333333333,0.0
173,35-39,old_vaccine,0.0,0.0,0.0,0.0
173,35-39,new_vaccine,0.0,0.0,0.0,0.0
173,40-44,unvaccinated,46.333333333333336,420.0,0.3333333333333333,0.0
173,40-44,old_vaccine,0.0,0.0,0.0,0.0
173,40-44,new_vaccine,0.0,0.0,0.0,0.0
173,45-49,unvaccinated,50.0,404.3333333333333,0.3333333333333333,0.0
173,45-49,old_vaccine,0.0,0.0,0.0,0.0
173,45-49,new_vaccine,0.0,0.0,0.0,0.0
173,50-54,unvaccinated,95.0,389.6666666666667,1.6666666666666667,0.0
173,50-54,old_vaccine,0.0,0.0,0.0,0.0
173,50-54,new_vaccine,0.0,0.0,0.0,0.0
173,55-59,unvaccinated,141.0,337.6666666666667,0.0,0.0
173,55-59,old_vaccine,0.0,0.0,0.0,0.0
173,55-59,new_vaccine,0.0,0.0,0.0,0.0
173,60-64,unvaccinated,123.33333333333333,301.0,1.3333333333333333,0.6666666666666666
173,60-64,old_vaccine,0.0,0.0,0.0,0.0
173,60-64,new_vaccine,0.0,0.0,0.0,0.0
173,65-69,unvaccinated,170.33333333333334,161.0,0.6666666666666666,0.3333333333333333
173,65-69,old_vaccine,0.0,0.0,0.0,0.0
173,65-69,new_vaccine,0.0,0.0,0.0,0.0
173,70-74,unvaccinated,203.33333333333334,114.33333333333333,3.6666666666666665,1.6666666666666667
173,70-74,old_vaccine,0.0,0.0,0.0,0.0
173,70-74,new_vaccine,0.0,0.0,0.0,0.0
173,75+,unvaccinated,332.0,168.33333333333334,7.666666666666667,3.3333333333333335
173,75+,old_vaccine,0.0,0.0,0.0,0.0
173,75+,new_vaccine,0.0,0.0,0.0,0.0
174,0-4,unvaccinated,26.0,329.3333333333333,0.3333333333333333,0.0
174,0-4,old_vaccine,0.0,0.0,0.0,0.0
174,0-4,new_vaccine,0.0,0.0,0.0,0.0
174,5-9,unvaccinated,6.333333333333333,405.0,0.0,0.0
174,5-9,old_vaccine,0.0,0.0,0.0,0.0
174,5-9,new_vaccine,0.0,0.0,0.0,0.0
174,10-14,unvaccinated,8.0,382.6666666666667,0.0,0.0
174,10-14,old_vaccine,0.0,0.0,0.0,0.0
174,10-14,new_vaccine,0.0,0.0,0.0,0.0
174,15-19,unvaccinated,8.666666666666666,361.0,0.0,0.0
174,15-19,old_vaccine,0.0,0.0,0.0,0.0
174,15-19,new_vaccine,0.0,0.0,0.0,0.0
174,20-24,unvaccinated,33.666666666666664,383.6666666666667,0.0,0.0
174,20-24,old_vaccine,0.0,0.0,0.0,0.0
174,20-24,new_vaccine,0.0,0.0,0.0,0.0
174,25-29,unvaccinated,35.666666666666664,428.3333333333333,0.3333333333333333,0.0
174,25-29,old_vaccine,0.0,0.0,0.0,0.0
174,25-29,new_vaccine,0.0,0.0,0.0,0.0
174,30-34,unvaccinated,46.666666666666664,442.0,0.3333333333333333,0.0
174,30-34,old_vaccine,0.0,0.0,0.0,0.0
174,30-34,new_vaccine,0.0,0.0,0.0,0.0
174,35-39,unvaccinated,42.666666666666664,435.3333333333333,0.3333333333333333,0.0
174,35-39,old_vaccine,0.0,0.0,0.0,0.0
174,35-39,new_vaccine,0.0,0.0,0.0,0.0
174,40-44,unvaccinated,46.333333333333336,415.3333333333333,0.0,0.0
174,40-44,old_vaccine,0.0,0.0,0.0,0.0
174,40-44,new_vaccine,0.0,0.0,0.0,0.0
174,45-49,unvaccinated,49.666666666666664,400.0,1.0,0.0
174,45-49,old_vaccine,0.0,0.0,0.0,0.0
174,45-49,new_vaccine,0.0,0.0,0.0,0.0
174,50-54,unvaccinated,86.0,393.3333333333333,0.3333333333333333,0.3333333333333333
174,50-54,old_vaccine,0.0,0.0,0.0,0.0
174,50-54,new_vaccine,0.0,0.0,0.0,0.0
174,55-59,unvaccinated,112.66666666666667,337.0,0.6666666666666666,0.0
174,55-59,old_vaccine,0.0,0.0,0.0,0.0
174,55-59,new_vaccine,0.0,0.0,0.0,0.0
174,60-64,unvaccinated,111.33333333333333,274.0,1.0,0.0
174,60-64,old_vaccine,0.0,0.0,0.0,0.0
174,60-64,new_vaccine,0.0,0.0,0.0,0.0
174,65-69,unvaccinated,188.0,148.33333333333334,1.3333333333333333,0.6666666666666666
174,65-69,old_vaccine,0.0,0.0,0.0,0.0
174,65-69,new_vaccine,0.0,0.0,0.0,0.0
174,70-74,unvaccinated,204.0,118.0,2.6666666666666665,1.3333333333333333
174,70-74,old_vaccine,0.0,0.0,0.0,0.0
174,70-74,new_vaccine,0.0,0.0,0.0,0.0
174,75+,unvaccinated,326.0,156.66666666666666,5.666666666666667,1.3333333333333333
174,75+,old_vaccine,0.0,0.0,0.0,0.0
174,75+,new_vaccine,0.0,0.0,0.0,0.0
175,0-4,unvaccinated,25.333333333333332,351.0,0.0,0.0
175,0-4,old_vaccine,0.0,0.0,0.0,0.0
175,0-4,new_vaccine,0.0,0.0,0.0,0.0
175,5-9,unvaccinated,8.0,403.3333333333333,0.0,0.0
175,5-9,old_vaccine,0.0,0.0,0.0,0.0
175,5-9,new_vaccine,0.0,0.0,0.0,0.0
175,10-14,unvaccinated,9.666666666666666,386.3333333333333,0.0,0.0
175,10-14,old_vaccine,0.0,0.0,0.0,0.0
175,10-14,new_vaccine,0.0,0.0,0.0,0.0
175,15-19,unvaccinated,12.0,362.0,0.0,0.0
175,15-19,old_vaccine,0.0,0.0,0.0,0.0
175,15-19,new_vaccine,0.0,0.0,0.0,0.0
175,20-24,unvaccinated,23.0,393.3333333333333,0.0,0.0
175,20-24,old_vaccine,0.0,0.0,0.0,0.0
175,20-24,new_vaccine,0.0,0.0,0.0,0.0
175,25-29,unvaccinated,46.333333333333336,407.0,0.0,0.0
175,25-29,old_vaccine,0.0,0.0,0.0,0.0
175,25-29,new_vaccine,0.0,0.0,0.0,0.0
175,30-34,unvaccinated,42.0,453.0,0.3333333333333333,0.0
175,30-34,old_vaccine,0.0,0.0,0.0,0.0
175,30-34,new_vaccine,0.0,0.0,0.0,0.0
175,35-39,unvaccinated,47.666666666666664,418.0,0.0,0.0
175,35-39,old_vaccine,0.0,0.0,0.0,0.0
175,35-39,new_vaccine,0.0,0.0,0.0,0.0
175,40-44,unvaccinated,50.333333333333336,411.0,0.0,0.0
175,40-44,old_vaccine,0.0,0.0,0.0,0.0
175,40-44,new_vaccine,0.0,0.0,0.0,0.0
175,45-49,unvaccinated,44.666666666666664,381.3333333333333,0.3333333333333333,0.0
175,45-49,old_vaccine,0.0,0.0,0.0,0.0
175,45-49,new_vaccine,0.0,0.0,0.0,0.0
175,50-54,unvaccinated,93.66666666666667,385.3333333333333,0.6666666666666666,0.0
175,50-54,old_vaccine,0.0,0.0,0.0,0.0
175,50-54,new_vaccine,0.0,0.0,0.0,0.0
175,55-59,unvaccinated,125.33333333333333,343.0,0.6666666666666666,0.3333333333333333
175,55-59,old_vaccine,0.0,0.0,0.0,0.0
175,55-59,new_vaccine,0.0,0.0,0.0,0.0
175,60-64,unvaccinated,123.0,282.0,1.3333333333333333,0.3333333333333333
175,60-64,old_vaccine,0.0,0.0,0.0,0.0
175,60-64,new_vaccine,0.0,0.0,0.0,0.0
175,65-69,unvaccinated,172.66666666666666,154.33333333333334,3.0,0.3333333333333333
175,65-69,old_vaccine,0.0,0.0,0.0,0.0
175,65-69,new_vaccine,0.0,0.0,0.0,0.0
175,70-74,unvaccinated,187.66666666666666,131.0,3.6666666666666665,0.6666666666666666
175,70-74,old_vaccine,0.0,0.0,0.0,0.0
175,70-74,new_vaccine,0.0,0.0,0.0,0.0
175,75+,unvaccinated,339.0,161.0,6.333333333333333,1.6666666666666667
175,75+,old_vaccine,0.0,0.0,0.0,0.0
175,75+,new_vaccine,0.0,0.0,0.0,0.0
176,0-4,unvaccinated,27.666666666666668,339.3333333333333,0.3333333333333333,0.0
176,0-4,old_vaccine,0.0,0.0,0.0,0.0
176,0-4,new_vaccine,0.0,0.0,0.0,0.0
176,5-9,unvaccinated,8.0,405.0,0.0,0.0
176,5-9,old_vaccine,0.0,0.0,0.0,0.0
176,5-9,new_vaccine,0.0,0.0,0.0,0.0
176,10-14,unvaccinated,8.0,390.3333333333333,0.0,0.0
176,10-14,old_vaccine,0.0,0.0,0.0,0.0
176,10-14,new_vaccine,0.0,0.0,0.0,0.0
176,15-19,unvaccinated,10.666666666666666,373.6666666666667,0.0,0.0
176,15-19,old_vaccine,0.0,0.0,0.0,0.0
176,15-19,new_vaccine,0.0,0.0,0.0,0.0
176,20-24,unvaccinated,25.666666666666668,408.0,0.0,0.0
176,20-24,old_vaccine,0.0,0.0,0.0,0.0
176,20-24,new_vaccine,0.0,0.0,0.0,0.0
176,25-29,unvaccinated,48.666666666666664,420.0,0.0,0.0
176,25-29,old_vaccine,0.0,0.0,0.0,0.0
176,25-29,new_vaccine,0.0,0.0,0.0,0.0
176,30-34,unvaccinated,44.0,415.3333333333333,1.0,0.0
176,30-34,old_vaccine,0.0,0.0,0.0,0.0
176,30-34,new_vaccine,0.0,0.0,0.0,0.0
176,35-39,unvaccinated,48.333333333333336,398.0,0.3333333333333333,0.0
176,35-39,old_vaccine,0.0,0.0,0.0,0.0
176,35-39,new_vaccine,0.0,0.0,0.0,0.0
176,40-44,unvaccinated,40.0,409.6666666666667,0.6666666666666666,0.0
176,40-44,old_vaccine,0.0,0.0,0.0,0.0
176,40-44,new_vaccine,0.0,0.0,0.0,0.0
176,45-49,unvaccinated,51.0,403.0,0.0,0.0
176,45-49,old_vaccine,0.0,0.0,0.0,0.0
176,45-49,new_vaccine,0.0,0.0,0.0,0.0
176,50-54,unvaccinated,97.33333333333333,405.0,2.3333333333333335,0.0
176,50-54,old_vaccine,0.0,0.0,0.0,0.0
176,50-54,new_vaccine,0.0,0.0,0.0,0.0
176,55-59,unvaccinated,115.33333333333333,318.6666666666667,1.6666666666666667,0.0
176,55-59,old_vaccine,0.0,0.0,0.0,0.0
176,55-59,new_vaccine,0.0,0.0,0.0,0.0
176,60-64,unvaccinated,114.33333333333333,278.0,1.0,0.0
176,60-64,old_vaccine,0.0,0.0,0.0,0.0
176,60-64,new_vaccine,0.0,0.0,0.0,0.0
176,65-69,unvaccinated,180.33333333333334,157.0,4.0,0.0
176,65-69,old_vaccine,0.0,0.0,0.0,0.0
176,65-69,new_vaccine,0.0,0.0,0.0,0.0
176,70-74,unvaccinated,201.0,116.33333333333333,3.3333333333333335,0.3333333333333333
176,70-74,old_vaccine,0.0,0.0,0.0,0.0
176,70-74,new_vaccine,0.0,0.0,0.0,0.0
176,75+,unvaccinated,344.0,166.0,7.333333333333333,1.6666666666666667
176,75+,old_vaccine,0.0,0.0,0.0,0.0
176,75+,new_vaccine,0.0,0.0,0.0,0.0
177,0-4,unvaccinated,26.333333333333332,346.0,0.6666666666666666,0.0
177,0-4,old_vaccine,0.0,0.0,0.0,0.0
177,0-4,new_vaccine,0.0,0.0,0.0,0.0
177,5-9,unvaccinated,6.333333333333333,393.3333333333333,0.0,0.0
177,5-9,old_vaccine,0.0,0.0,0.0,0.0
177,5-9,new_vaccine,0.0,0.0,0.0,0.0
177,10-14,unvaccinated,6.666666666666667,368.3333333333333,0.0,0.0
177,10-14,old_vaccine,0.0,0.0,0.0,0.0
177,10-14,new_vaccine,0.0,0.0,0.0,0.0
177,15-19,unvaccinated,10.333333333333334,378.3333333333333,0.0,0.0
177,15-19,old_vaccine,0.0,0.0,0.0,0.0
177,15-19,new_vaccine,0.0,0.0,0.0,0.0
177,20-24,unvaccinated,32.666666666666664,362.3333333333333,0.0,0.0
177,20-24,old_vaccine,0.0,0.0,0.0,0.0
177,20-24,new_vaccine,0.0,0.0,0.0,0.0
177,25-29,unvaccinated,49.333333333333336,434.6666666666667,0.0,0.0
177,25-29,old_vaccine,0.0,0.0,0.0,0.0
177,25-29,new_vaccine,0.0,0.0,0.0,0.0
177,30-34,unvaccinated,51.333333333333336,423.6666666666667,0.3333333333333333,0.0
177,30-34,old_vaccine,0.0,0.0,0.0,0.0
177,30-34,new_vaccine,0.0,0.0,0.0,0.0
177,35-39,unvaccinated,45.0,423.6666666666667,0.6666666666666666,0.0
177,35-39,old_vaccine,0.0,0.0,0.0,0.0
177,35-39,new_vaccine,0.0,0.0,0.0,0.0
177,40-44,unvaccinated,51.333333333333336,405.0,0.0,0.0
177,40-44,old_vaccine,0.0,0.0,0.0,0.0
177,40-44,new_vaccine,0.0,0.0,0.0,0.0
177,45-49,unvaccinated,50.333333333333336,393.6666666666667,0.3333333333333333,0.3333333333333333
177,45-49,old_vaccine,0.0,0.0,0.0,0.0
177,45-49,new_vaccine,0.0,0.0,0.0,0.0
177,50-54,unvaccinated,90.33333333333333,396.0,1.6666666666666667,0.0
177,50-54,old_vaccine,0.0,0.0,0.0,0.0
177,50-54,new_vaccine,0.0,0.0,0.0,0.0
177,55-59,unvaccinated,120.0,344.6666666666667,1.3333333333333333,0.0
177,55-59,old_vaccine,0.0,0.0,0.0,0.0
177,55-59,new_vaccine,0.0,0.0,0.0,0.0
177,60-64,unvaccinated,118.33333333333333,285.6666666666667,1.6666666666666667,0.0
177,60-64,old_vaccine,0.0,0.0,0.0,0.0
177,60-64,new_vaccine,0.0,0.0,0.0,0.0
177,65-69,unvaccinated,172.0,149.66666666666666,1.6666666666666667,0.6666666666666666
177,65-69,old_vaccine,0.0,0.0,0.0,0.0
177,65-69,new_vaccine,0.0,0.0,0.0,0.0
177,70-74,unvaccinated,196.33333333333334,116.0,3.0,0.6666666666666666
177,70-74,old_vaccine,0.0,0.0,0.0,0.0
177,70-74,new_vaccine,0.0,0.0,0.0,0.0
177,75+,unvaccinated,337.0,155.66666666666666,3.6666666666666665,0.6666666666666666
177,75+,old_vaccine,0.0,0.0,0.0,0.0
177,75+,new_vaccine,0.0,0.0,0.0,0.0
178,0-4,unvaccinated,23.333333333333332,349.6666666666667,0.0,0.0
178,0-4,old_vaccine,0.0,0.0,0.0,0.0
178,0-4,new_vaccine,0.0,0.0,0.0,0.0
178,5-9,unvaccinated,6.0,411.6666666666667,0.0,0.0
178,5-9,old_vaccine,0.0,0.0,0.0,0.0
178,5-9,new_vaccine,0.0,0.0,0.0,0.0
178,10-14,unvaccinated,10.666666666666666,383.3333333333333,0.3333333333333333,0.0
178,10-14,old_vaccine,0.0,0.0,0.0,0.0
178,10-14,new_vaccine,0.0,0.0,0.0,0.0
178,15-19,unvaccinated,7.666666666666667,365.6666666666667,0.3333333333333333,0.0
178,15-19,old_vaccine,0.0,0.0,0.0,0.0
178,15-19,new_vaccine,0.0,0.0,0.0,0.0
178,20-24,unvaccinated,26.0,395.3333333333333,0.6666666666666666,0.0
178,20-24,old_vaccine,0.0,0.0,0.0,0.0
178,20-24,new_vaccine,0.0,0.0,0.0,0.0
178,25-29,unvaccinated,47.666666666666664,442.3333333333333,0.3333333333333333,0.0
178,25-29,old_vaccine,0.0,0.0,0.0,0.0
178,25-29,new_vaccine,0.0,0.0,0.0,0.0
178,30-34,unvaccinated,45.666666666666664,427.0,0.0,0.0
178,30-34,old_vaccine,0.0,0.0,0.0,0.0
178,30-34,new_vaccine,0.0,0.0,0.0,0.0
178,35-39,unvaccinated,49.333333333333336,434.6666666666667,0.0,0.0
178,35-39,old_vaccine,0.0,0.0,0.0,0.0
178,35-39,new_vaccine,0.0,0.0,0.0,0.0
178,40-44,unvaccinated,52.0,400.0,0.3333333333333333,0.0
178,40-44,old_vaccine,0.0,0.0,0.0,0.0
178,40-44,new_vaccine,0.0,0.0,0.0,0.0
178,45-49,unvaccinated,45.0,383.0,1.0,0.0
178,45-49,old_vaccine,0.0,0.0,0.0,0.0
178,45-49,new_vaccine,0.0,0.0,0.0,0.0
178,50-54,unvaccinated,104.0,398.3333333333333,1.3333333333333333,0.0
178,50-54,old_vaccine,0.0,0.0,0.0,0.0
178,50-54,new_vaccine,0.0,0.0,0.0,0.0
178,55-59,unvaccinated,118.0,354.6666666666667,1.3333333333333333,0.0
178,55-59,old_vaccine,0.0,0.0,0.0,0.0
178,55-59,new_vaccine,0.0,0.0,0.0,0.0
178,60-64,unvaccinated,119.66666666666667,271.3333333333333,2.0,0.6666666666666666
178,60-64,old_vaccine,0.0,0.0,0.0,0.0
178,60-64,new_vaccine,0.0,0.0,0.0,0.0
178,65-69,unvaccinated,174.0,155.33333333333334,2.3333333333333335,1.0
178,65-69,old_vaccine,0.0,0.0,0.0,0.0
178,65-69,new_vaccine,0.0,0.0,0.0,0.0
178,70-74,unvaccinated,193.0,113.0,2.3333333333333335,1.0
178,70-74,old_vaccine,0.0,0.0,0.0,0.0
178,70-74,new_vaccine,0.0,0.0,0.0,0.0
178,75+,unvaccinated,346.0,160.33333333333334,6.0,2.6666666666666665
178,75+,old_vaccine,0.0,0.0,0.0,0.0
178,75+,new_vaccine,0.0,0.0,0.0,0.0
179,0-4,unvaccinated,21.666666666666668,348.6666666666667,0.0,0.0
179,0-4,old_vaccine,0.0,0.0,0.0,0.0
179,0-4,new_vaccine,0.0,0.0,0.0,0.0
179,5-9,unvaccinated,6.0,405.3333333333333,0.3333333333333333,0.0
179,5-9,old_vaccine,0.0,0.0,0.0,0.0
179,5-9,new_vaccine,0.0,0.0,0.0,0.0
179,10-14,unvaccinated,6.333333333333333,390.0,0.0,0.0
179,10-14,old_vaccine,0.0,0.0,0.0,0.0
179,10-14,new_vaccine,0.0,0.0,0.0,0.0
179,15-19,unvaccinated,11.333333333333334,368.0,0.0,0.0
179,15-19,old_vaccine,0.0,0.0,0.0,0.0
179,15-19,new_vaccine,0.0,0.0,0.0,0.0
179,20-24,unvaccinated,30.333333333333332,396.6666666666667,0.0,0.0
179,20-24,old_vaccine,0.0,0.0,0.0,0.0
179,20-24,new_vaccine,0.0,0.0,0.0,0.0
179,25-29,unvaccinated,41.0,442.0,0.0,0.0
179,25-29,old_vaccine,0.0,0.0,0.0,0.0
179,25-29,new_vaccine,0.0,0.0,0.0,0.0
179,30-34,unvaccinated,47.0,418.6666666666667,0.3333333333333333,0.0
179,30-34,old_vaccine,0.0,0.0,0.0,0.0
179,30-34,new_vaccine,0.0,0.0,0.0,0.0
179,35-39,unvaccinated,46.333333333333336,400.0,0.3333333333333333,0.0
179,35-39,old_vaccine,0.0,0.0,0.0,0.0
179,35-39,new_vaccine,0.0,0.0,0.0,0.0
179,40-44,unvaccinated,50.0,401.3333333333333,0.3333333333333333,0.3333333333333333
179,40-44,old_vaccine,0.0,0.0,0.0,0.0
179,40-44,new_vaccine,0.0,0.0,0.0,0.0
179,45-49,unvaccinated,57.0,392.0,0.3333333333333333,0.0
179,45-49,old_vaccine,0.0,0.0,0.0,0.0
179,45-49,new_vaccine,0.0,0.0,0.0,0.0
179,50-54,unvaccinated,92.66666666666667,387.3333333333333,1.3333333333333333,0.0
179,50-54,old_vaccine,0.0,0.0,0.0,0.0
179,50-54,new_vaccine,0.0,0.0,0.0,0.0
179,55-59,unvaccinated,123.0,357.0,0.0,0.0
179,55-59,old_vaccine,0.0,0.0,0.0,0.0
179,55-59,new_vaccine,0.0,0.0,0.0,0.0
179,60-64,unvaccinated,114.66666666666667,277.0,2.3333333333333335,0.0
179,60-64,old_vaccine,0.0,0.0,0.0,0.0
179,60-64,new_vaccine,0.0,0.0,0.0,0.0
179,65-69,unvaccinated,176.0,162.66666666666666,0.6666666666666666,0.3333333333333333
179,65-69,old_vaccine,0.0,0.0,0.0,0.0
179,65-69,new_vaccine,0.0,0.0,0.0,0.0
179,70-74,unvaccinated,182.33333333333334,120.0,3.6666666666666665,0.6666666666666666
179,70-74,old_vaccine,0.0,0.0,0.0,0.0
179,70-74,new_vaccine,0.0,0.0,0.0,0.0
179,75+,unvaccinated,340.0,167.0,3.6666666666666665,2.3333333333333335
179,75+,old_vaccine,0.0,0.0,0.0,0.0
179,75+,new_vaccine,0.0,0.0,0.0,0.0
180,0-4,unvaccinated,19.333333333333332,329.0,0.0,0.0
180,0-4,old_vaccine,0.0,0.0,0.0,0.0
180,0-4,new_vaccine,0.0,0.0,0.0,0.0
180,5-9,unvaccinated,5.0,400.0,0.0,0.0
180,5-9,old_vaccine,0.0,0.0,0.0,0.0
180,5-9,new_vaccine,0.0,0.0,0.0,0.0
180,10-14,unvaccinated,5.666666666666667,394.0,0.3333333333333333,0.0
180,10-14,old_vaccine,0.0,0.0,0.0,0.0
180,10-14,new_vaccine,0.0,0.0,0.0,0.0
180,15-19,unvaccinated,10.0,360.3333333333333,0.0,0.0
180,15-19,old_vaccine,0.0,0.0,0.0,0.0
180,15-19,new_vaccine,0.0,0.0,0.0,0.0
180,20-24,unvaccinated,29.333333333333332,396.0,0.0,0.0
180,20-24,old_vaccine,0.0,0.0,0.0,0.0
180,20-24,new_vaccine,0.0,0.0,0.0,0.0
180,25-29,unvaccinated,46.0,429.6666666666667,0.3333333333333333,0.0
180,25-29,old_vaccine,0.0,0.0,0.0,0.0
180,25-29,new_vaccine,0.0,0.0,0.0,0.0
180,30-34,unvaccinated,50.0,449.0,0.3333333333333333,0.0
180,30-34,old_vaccine,0.0,0.0,0.0,0.0
180,30-34,new_vaccine,0.0,0.0,0.0,0.0
180,35-39,unvaccinated,47.666666666666664,438.3333333333333,1.3333333333333333,0.0
180,35-39,old_vaccine,0.0,0.0,0.0,0.0
180,35-39,new_vaccine,0.0,0.0,0.0,0.0
180,40-44,unvaccinated,46.666666666666664,402.3333333333333,0.0,0.0
180,40-44,old_vaccine,0.0,0.0,0.0,0.0
180,40-44,new_vaccine,0.0,0.0,0.0,0.0
180,45-49,unvaccinated,53.0,418.6666666666667,0.6666666666666666,0.0
180,45-49,old_vaccine,0.0,0.0,0.0,0.0
180,45-49,new_vaccine,0.0,0.0,0.0,0.0
180,50-54,unvaccinated,93.0,381.0,0.6666666666666666,0.0
180,50-54,old_vaccine,0.0,0.0,0.0,0.0
180,50-54,new_vaccine,0.0,0.0,0.0,0.0
180,55-59,unvaccinated,122.33333333333333,360.0,1.3333333333333333,0.0
180,55-59,old_vaccine,0.0,0.0,0.0,0.0
180,55-59,new_vaccine,0.0,0.0,0.0,0.0
180,60-64,unvaccinated,111.66666666666667,284.3333333333333,2.0,0.3333333333333333
180,60-64,old_vaccine,0.0,0.0,0.0,0.0
180,60-64,new_vaccine,0.0,0.0,0.0,0.0
180,65-69,unvaccinated,183.33333333333334,148.33333333333334,3.0,0.6666666666666666
180,65-69,old_vaccine,0.0,0.0,0.0,0.0
180,65-69,new_vaccine,0.0,0.0,0.0,0.0
180,70-74,unvaccinated,208.0,120.33333333333333,2.6666666666666665,0.6666666666666666
180,70-74,old_vaccine,0.0,0.0,0.0,0.0
180,70-74,new_vaccine,0.0,0.0,0.0,0.0
180,75+,unvaccinated,335.3333333333333,153.0,6.666666666666667,1.6666666666666667
180,75+,old_vaccine,0.0,0.0,0.0,0.0
180,75+,new_vaccine,0.0,0.0,0.0,0.0
181,0-4,unvaccinated,26.0,357.0,0.0,0.0
181,0-4,old_vaccine,0.0,0.0,0.0,0.0
181,0-4,new_vaccine,0.0,0.0,0.0,0.0
181,5-9,unvaccinated,7.333333333333333,408.3333333333333,0.0,0.0
181,5-9,old_vaccine,0.0,0.0,0.0,0.0
181,5-9,new_vaccine,0.0,0.0,0.0,0.0
181,10-14,unvaccinated,8.666666666666666,384.3333333333333,0.0,0.0
181,10-14,old_vaccine,0.0,0.0,0.0,0.0
181,10-14,new_vaccine,0.0,0.0,0.0,0.0
181,15-19,unvaccinated,10.333333333333334,358.6666666666667,0.3333333333333333,0.0
181,15-19,old_vaccine,0.0,0.0,0.0,0.0
181,15-19,new_vaccine,0.0,0.0,0.0,0.0
181,20-24,unvaccinated,27.666666666666668,389.3333333333333,0.0,0.0
181,20-24,old_vaccine,0.0,0.0,0.0,0.0
181,20-24,new_vaccine,0.0,0.0,0.0,0.0
181,25-29,unvaccinated,49.666666666666664,422.3333333333333,0.0,0.0
181,25-29,old_vaccine,0.0,0.0,0.0,0.0
181,25-29,new_vaccine,0.0,0.0,0.0,0.0
181,30-34,unvaccinated,49.0,420.6666666666667,0.0,0.0
181,30-34,old_vaccine,0.0,0.0,0.0,0.0
181,30-34,new_vaccine,0.0,0.0,0.0,0.0
181,35-39,unvaccinated,37.333333333333336,451.6666666666667,0.3333333333333333,0.0
181,35-39,old_vaccine,0.0,0.0,0.0,0.0
181,35-39,new_vaccine,0.0,0.0,0.0,0.0
181,40-44,unvaccinated,48.0,442.3333333333333,0.0,0.0
181,40-44,old_vaccine,0.0,0.0,0.0,0.0
181,40-44,new_vaccine,0.0,0.0,0.0,0.0
181,45-49,unvaccinated,61.666666666666664,397.0,0.6666666666666666,0.0
181,45-49,old_vaccine,0.0,0.0,0.0,0.0
181,45-49,new_vaccine,0.0,0.0,0.0,0.0
181,50-54,unvaccinated,89.33333333333333,403.6666666666667,1.0,0.0
181,50-54,old_vaccine,0.0,0.0,0.0,0.0
181,50-54,new_vaccine,0.0,0.0,0.0,0.0
181,55-59,unvaccinated,123.66666666666667,349.0,2.3333333333333335,0.0
181,55-59,old_vaccine,0.0,0.0,0.0,0.0
181,55-59,new_vaccine,0.0,0.0,0.0,0.0
181,60-64,unvaccinated,122.0,281.0,1.6666666666666667,0.6666666666666666
181,60-64,old_vaccine,0.0,0.0,0.0,0.0
181,60-64,new_vaccine,0.0,0.0,0.0,0.0
181,65-69,unvaccinated,183.33333333333334,149.33333333333334,1.3333333333333333,1.0
181,65-69,old_vaccine,0.0,0.0,0.0,0.0
181,65-69,new_vaccine,0.0,0.0,0.0,0.0
181,70-74,unvaccinated,193.33333333333334,117.66666666666667,4.333333333333333,1.3333333333333333
181,70-74,old_vaccine,0.0,0.0,0.0,0.0
181,70-74,new_vaccine,0.0,0.0,0.0,0.0
181,75+,unvaccinated,337.6666666666667,166.0,4.333333333333333,3.3333333333333335
181,75+,old_vaccine,0.0,0.0,0.0,0.0
181,75+,new_vaccine,0.0,0.0,0.0,0.0
182,0-4,unvaccinated,26.333333333333332,336.0,0.3333333333333333,0.0
182,0-4,old_vaccine,0.0,0.0,0.0,0.0
182,0-4,new_vaccine,0.0,0.0,0.0,0.0
182,5-9,unvaccinated,6.666666666666667,406.6666666666667,0.0,0.0
182,5-9,old_vaccine,0.0,0.0,0.0,0.0
182,5-9,new_vaccine,0.0,0.0,0.0,0.0
182,10-14,unvaccinated,9.0,397.3333333333333,0.0,0.0
182,10-14,old_vaccine,0.0,0.0,0.0,0.0
182,10-14,new_vaccine,0.0,0.0,0.0,0.0
182,15-19,unvaccinated,8.0,353.3333333333333,0.0,0.0
182,15-19,old_vaccine,0.0,0.0,0.0,0.0
182,15-19,new_vaccine,0.0,0.0,0.0,0.0
182,20-24,unvaccinated,29.333333333333332,397.3333333333333,0.0,0.0
182,20-24,old_vaccine,0.0,0.0,0.0,0.0
182,20-24,new_vaccine,0.0,0.0,0.0,0.0
182,25-29,unvaccinated,46.666666666666664,420.6666666666667,0.0,0.0
182,25-29,old_vaccine,0.0,0.0,0.0,0.0
182,25-29,new_vaccine,0.0,0.0,0.0,0.0
182,30-34,unvaccinated,47.666666666666664,438.6666666666667,0.6666666666666666,0.0
182,30-34,old_vaccine,0.0,0.0,0.0,0.0
182,30-34,new_vaccine,0.0,0.0,0.0,0.0
182,35-39,unvaccinated,42.333333333333336,454.0,0.3333333333333333,0.0
182,35-39,old_vaccine,0.0,0.0,0.0,0.0
182,35-39,new_vaccine,0.0,0.0,0.0,0.0
182,40-44,unvaccinated,48.0,408.6666666666667,0.6666666666666666,0.0
182,40-44,old_vaccine,0.0,0.0,0.0,0.0
182,40-44,new_vaccine,0.0,0.0,0.0,0.0
182,45-49,unvaccinated,52.666666666666664,416.3333333333333,0.6666666666666666,0.0
182,45-49,old_vaccine,0.0,0.0,0.0,0.0
182,45-49,new_vaccine,0.0,0.0,0.0,0.0
182,50-54,unvaccinated,85.0,389.0,1.0,0.0
182,50-54,old_vaccine,0.0,0.0,0.0,0.0
182,50-54,new_vaccine,0.0,0.0,0.0,0.0
182,55-59,unvaccinated,110.33333333333333,340.6666666666667,1.3333333333333333,0.0
182,55-59,old_vaccine,0.0,0.0,0.0,0.0
182,55-59,new_vaccine,0.0,0.0,0.0,0.0
182,60-64,unvaccinated,123.66666666666667,257.3333333333333,2.6666666666666665,0.0
182,60-64,old_vaccine,0.0,0.0,0.0,0.0
182,60-64,new_vaccine,0.0,0.0,0.0,0.0
182,65-69,unvaccinated,174.0,157.33333333333334,2.0,0.3333333333333333
182,65-69,old_vaccine,0.0,0.0,0.0,0.0
182,65-69,new_vaccine,0.0,0.0,0.0,0.0
182,70-74,unvaccinated,209.66666666666666,113.33333333333333,3.6666666666666665,0.6666666666666666
182,70-74,old_vaccine,0.0,0.0,0.0,0.0
182,70-74,new_vaccine,0.0,0.0,0.0,0.0
182,75+,unvaccinated,346.6666666666667,166.0,5.0,3.0
182,75+,old_vaccine,0.0,0.0,0.0,0.0
182,75+,new_vaccine,0.0,0.0,0.0,0.0
183,0-4,unvaccinated,25.0,353.3333333333333,0.0,0.0
183,0-4,old_vaccine,0.0,0.0,0.0,0.0
183,0-4,new_vaccine,0.0,0.0,0.0,0.0
183,5-9,unvaccinated,8.0,390.6666666666667,0.0,0.0
183,5-9,old_vaccine,0.0,0.0,0.0,0.0
183,5-9,new_vaccine,0.0,0.0,0.0,0.0
183,10-14,unvaccinated,6.0,413.3333333333333,0.0,0.0
183,10-14,old_vaccine,0.0,0.0,0.0,0.0
183,10-14,new_vaccine,0.0,0.0,0.0,0.0
183,15-19,unvaccinated,9.0,359.0,0.0,0.0
183,15-19,old_vaccine,0.0,0.0,0.0,0.0
183,15-19,new_vaccine,0.0,0.0,0.0,0.0
183,20-24,unvaccinated,25.0,387.3333333333333,0.0,0.0
183,20-24,old_vaccine,0.0,0.0,0.0,0.0
183,20-24,new_vaccine,0.0,0.0,0.0,0.0
183,25-29,unvaccinated,47.0,420.3333333333333,0.3333333333333333,0.0
183,25-29,old_vaccine,0.0,0.0,0.0,0.0
183,25-29,new_vaccine,0.0,0.0,0.0,0.0
183,30-34,unvaccinated,49.666666666666664,427.0,0.6666666666666666,0.0
183,30-34,old_vaccine,0.0,0.0,0.0,0.0
183,30-34,new_vaccine,0.0,0.0,0.0,0.0
183,35-39,unvaccinated,43.666666666666664,443.6666666666667,0.3333333333333333,0.0
183,35-39,old_vaccine,0.0,0.0,0.0,0.0
183,35-39,new_vaccine,0.0,0.0,0.0,0.0
183,40-44,unvaccinated,43.666666666666664,406.0,0.0,0.0
183,40-44,old_vaccine,0.0,0.0,0.0,0.0
183,40-44,new_vaccine,0.0,0.0,0.0,0.0
183,45-49,unvaccinated,58.666666666666664,373.3333333333333,1.0,0.0
183,45-49,old_vaccine,0.0,0.0,0.0,0.0
183,45-49,new_vaccine,0.0,0.0,0.0,0.0
183,50-54,unvaccinated,94.0,398.0,1.3333333333333333,0.0
183,50-54,old_vaccine,0.0,0.0,0.0,0.0
183,50-54,new_vaccine,0.0,0.0,0.0,0.0
183,55-59,unvaccinated,114.0,336.0,1.6666666666666667,0.0
183,55-59,old_vaccine,0.0,0.0,0.0,0.0
183,55-59,new_vaccine,0.0,0.0,0.0,0.0
183,60-64,unvaccinated,122.0,279.0,0.6666666666666666,0.0
183,60-64,old_vaccine,0.0,0.0,0.0,0.0
183,60-64,new_vaccine,0.0,0.0,0.0,0.0
183,65-69,unvaccinated,170.0,151.0,3.0,0.0
183,65-69,old_vaccine,0.0,0.0,0.0,0.0
183,65-69,new_vaccine,0.0,0.0,0.0,0.0
183,70-74,unvaccinated,202.66666666666666,120.66666666666667,4.0,2.0
183,70-74,old_vaccine,0.0,0.0,0.0,0.0
183,70-74,new_vaccine,0.0,0.0,0.0,0.0
183,75+,unvaccinated,351.3333333333333,156.66666666666666,4.666666666666667,1.6666666666666667
183,75+,old_vaccine,0.0,0.0,0.0,0.0
183,75+,new_vaccine,0.0,0.0,0.0,0.0
184,0-4,unvaccinated,23.0,341.3333333333333,0.0,0.0
184,0-4,old_vaccine,0.0,0.0,0.0,0.0
184,0-4,new_vaccine,0.0,0.0,0.0,0.0
184,5-9,unvaccinated,7.666666666666667,395.6666666666667,0.0,0.0
184,5-9,old_vaccine,0.0,0.0,0.0,0.0
184,5-9,new_vaccine,0.0,0.0,0.0,0.0
184,10-14,unvaccinated,7.0,382.3333333333333,0.0,0.0
184,10-14,old_vaccine,0.0,0.0,0.0,0.0
184,10-14,new_vaccine,0.0,0.0,0.0,0.0
184,15-19,unvaccinated,8.666666666666666,356.3333333333333,0.3333333333333333,0.0
184,15-19,old_vaccine,0.0,0.0,0.0,0.0
184,15-19,new_vaccine,0.0,0.0,0.0,0.0
184,20-24,unvaccinated,25.0,384.0,0.3333333333333333,0.0
184,20-24,old_vaccine,0.0,0.0,0.0,0.0
184,20-24,new_vaccine,0.0,0.0,0.0,0.0
184,25-29,unvaccinated,43.0,424.0,0.3333333333333333,0.0
184,25-29,old_vaccine,0.0,0.0,0.0,0.0
184,25-29,new_vaccine,0.0,0.0,0.0,0.0
184,30-34,unvaccinated,46.666666666666664,429.3333333333333,0.3333333333333333,0.0
184,30-34,old_vaccine,0.0,0.0,0.0,0.0
184,30-34,new_vaccine,0.0,0.0,0.0,0.0
184,35-39,unvaccinated,41.333333333333336,419.3333333333333,0.3333333333333333,0.0
184,35-39,old_vaccine,0.0,0.0,0.0,0.0
184,35-39,new_vaccine,0.0,0.0,0.0,0.0
184,40-44,unvaccinated,44.666666666666664,420.0,0.3333333333333333,0.0
184,40-44,old_vaccine,0.0,0.0,0.0,0.0
184,40-44,new_vaccine,0.0,0.0,0.0,0.0
184,45-49,unvaccinated,48.333333333333336,399.0,0.6666666666666666,0.0
184,45-49,old_vaccine,0.0,0.0,0.0,0.0
184,45-49,new_vaccine,0.0,0.0,0.0,0.0
184,50-54,unvaccinated,87.0,374.6666666666667,2.0,0.3333333333333333
184,50-54,old_vaccine,0.0,0.0,0.0,0.0
184,50-54,new_vaccine,0.0,0.0,0.0,0.0
184,55-59,unvaccinated,127.33333333333333,356.3333333333333,1.0,0.0
184,55-59,old_vaccine,0.0,0.0,0.0,0.0
184,55-59,new_vaccine,0.0,0.0,0.0,0.0
184,60-64,unvaccinated,123.33333333333333,287.6666666666667,1.3333333333333333,0.6666666666666666
184,60-64,old_vaccine,0.0,0.0,0.0,0.0
184,60-64,new_vaccine,0.0,0.0,0.0,0.0
184,65-69,unvaccinated,175.66666666666666,154.33333333333334,3.0,0.0
184,65-69,old_vaccine,0.0,0.0,0.0,0.0
184,65-69,new_vaccine,0.0,0.0,0.0,0.0
184,70-74,unvaccinated,196.0,119.66666666666667,5.333333333333333,0.3333333333333333
184,70-74,old_vaccine,0.0,0.0,0.0,0.0
184,70-74,new_vaccine,0.0,0.0,0.0,0.0
184,75+,unvaccinated,314.6666666666667,160.33333333333334,6.666666666666667,2.6666666666666665
184,75+,old_vaccine,0.0,0.0,0.0,0.0
184,75+,new_vaccine,0.0,0.0,0.0,0.0
185,0-4,unvaccinated,25.666666666666668,361.0,0.6666666666666666,0.0
185,0-4,old_vaccine,0.0,0.0,0.0,0.0
185,0-4,new_vaccine,0.0,0.0,0.0,0.0
185,5-9,unvaccinated,6.0,397.0,0.3333333333333333,0.0
185,5-9,old_vaccine,0.0,0.0,0.0,0.0
185,5-9,new_vaccine,0.0,0.0,0.0,0.0
185,10-14,unvaccinated,10.0,396.6666666666667,0.0,0.0
185,10-14,old_vaccine,0.0,0.0,0.0,0.0
185,10-14,new_vaccine,0.0,0.0,0.0,0.0
185,15-19,unvaccinated,9.0,353.6666666666667,0.3333333333333333,0.0
185,15-19,old_vaccine,0.0,0.0,0.0,0.0
185,15-19,new_vaccine,0.0,0.0,0.0,0.0
185,20-24,unvaccinated,30.333333333333332,414.0,1.3333333333333333,0.0
185,20-24,old_vaccine,0.0,0.0,0.0,0.0
185,20-24,new_vaccine,0.0,0.0,0.0,0.0
185,25-29,unvaccinated,43.666666666666664,434.0,0.0,0.0
185,25-29,old_vaccine,0.0,0.0,0.0,0.0
185,25-29,new_vaccine,0.0,0.0,0.0,0.0
185,30-34,unvaccinated,51.666666666666664,449.6666666666667,0.3333333333333333,0.0
185,30-34,old_vaccine,0.0,0.0,0.0,0.0
185,30-34,new_vaccine,0.0,0.0,0.0,0.0
185,35-39,unvaccinated,41.333333333333336,443.0,0.0,0.3333333333333333
185,35-39,old_vaccine,0.0,0.0,0.0,0.0
185,35-39,new_vaccine,0.0,0.0,0.0,0.0
185,40-44,unvaccinated,49.333333333333336,415.3333333333333,0.3333333333333333,0.0
185,40-44,old_vaccine,0.0,0.0,0.0,0.0
185,40-44,new_vaccine,0.0,0.0,0.0,0.0
185,45-49,unvaccinated,60.333333333333336,394.6666666666667,0.3333333333333333,0.0
185,45-49,old_vaccine,0.0,0.0,0.0,0.0
185,45-49,new_vaccine,0.0,0.0,0.0,0.0
185,50-54,unvaccinated,84.33333333333333,400.3333333333333,0.3333333333333333,0.0
185,50-54,old_vaccine,0.0,0.0,0.0,0.0
185,50-54,new_vaccine,0.0,0.0,0.0,0.0
185,55-59,unvaccinated,125.33333333333333,343.3333333333333,0.6666666666666666,0.0
185,55-59,old_vaccine,0.0,0.0,0.0,0.0
185,55-59,new_vaccine,0.0,0.0,0.0,0.0
185,60-64,unvaccinated,109.0,290.3333333333333,1.0,0.0
185,60-64,old_vaccine,0.0,0.0,0.0,0.0
185,60-64,new_vaccine,0.0,0.0,0.0,0.0
185,65-69,unvaccinated,188.66666666666666,154.0,3.0,1.0
185,65-69,old_vaccine,0.0,0.0,0.0,0.0
185,65-69,new_vaccine,0.0,0.0,0.0,0.0
185,70-74,unvaccinated,202.33333333333334,119.0,2.6666666666666665,1.3333333333333333
185,70-74,old_vaccine,0.0,0.0,0.0,0.0
185,70-74,new_vaccine,0.0,0.0,0.0,0.0
185,75+,unvaccinated,323.3333333333333,160.66666666666666,6.333333333333333,2.3333333333333335
185,75+,old_vaccine,0.0,0.0,0.0,0.0
185,75+,new_vaccine,0.0,0.0,0.0,0.0
186,0-4,unvaccinated,27.0,347.3333333333333,0.0,0.0
186,0-4,old_vaccine,0.0,0.0,0.0,0.0
186,0-4,new_vaccine,0.0,0.0,0.0,0.0
186,5-9,unvaccinated,6.0,399.0,0.0,0.0
186,5-9,old_vaccine,0.0,0.0,0.0,0.0
186,5-9,new_vaccine,0.0,0.0,0.0,0.0
186,10-14,unvaccinated,7.0,389.6666666666667,0.0,0.0
186,10-14,old_vaccine,0.0,0.0,0.0,0.0
186,10-14,new_vaccine,0.0,0.0,0.0,0.0
186,15-19,unvaccinated,8.666666666666666,375.0,0.0,0.0
186,15-19,old_vaccine,0.0,0.0,0.0,0.0
186,15-19,new_vaccine,0.0,0.0,0.0,0.0
186,20-24,unvaccinated,25.0,404.6666666666667,0.6666666666666666,0.0
186,20-24,old_vaccine,0.0,0.0,0.0,0.0
186,20-24,new_vaccine,0.0,0.0,0.0,0.0
186,25-29,unvaccinated,48.0,418.0,0.3333333333333333,0.0
186,25-29,old_vaccine,0.0,0.0,0.0,0.0
186,25-29,new_vaccine,0.0,0.0,0.0,0.0
186,30-34,unvaccinated,48.333333333333336,446.0,0.0,0.0
186,30-34,old_vaccine,0.0,0.0,0.0,0.0
186,30-34,new_vaccine,0.0,0.0,0.0,0.0
186,35-39,unvaccinated,38.333333333333336,430.0,0.6666666666666666,0.0
186,35-39,old_vaccine,0.0,0.0,0.0,0.0
186,35-39,new_vaccine,0.0,0.0,0.0,0.0
186,40-44,unvaccinated,43.666666666666664,396.6666666666667,0.3333333333333333,0.0
186,40-44,old_vaccine,0.0,0.0,0.0,0.0
186,40-44,new_vaccine,0.0,0.0,0.0,0.0
186,45-49,unvaccinated,61.0,386.3333333333333,0.6666666666666666,0.0
186,45-49,old_vaccine,0.0,0.0,0.0,0.0
186,45-49,new_vaccine,0.0,0.0,0.0,0.0
186,50-54,unvaccinated,94.66666666666667,388.0,0.6666666666666666,0.0
186,50-54,old_vaccine,0.0,0.0,0.0,0.0
186,50-54,new_vaccine,0.0,0.0,0.0,0.0
186,55-59,unvaccinated,121.33333333333333,355.0,1.0,0.0
186,55-59,old_vaccine,0.0,0.0,0.0,0.0
186,55-59,new_vaccine,0.0,0.0,0.0,0.0
186,60-64,unvaccinated,116.33333333333333,299.3333333333333,1.0,0.3333333333333333
186,60-64,old_vaccine,0.0,0.0,0.0,0.0
186,60-64,new_vaccine,0.0,0.0,0.0,0.0
186,65-69,unvaccinated,171.66666666666666,168.0,2.3333333333333335,0.0
186,65-69,old_vaccine,0.0,0.0,0.0,0.0
186,65-69,new_vaccine,0.0,0.0,0.0,0.0
186,70-74,unvaccinated,194.33333333333334,111.66666666666667,4.0,0.3333333333333333
186,70-74,old_vaccine,0.0,0.0,0.0,0.0
186,70-74,new_vaccine,0.0,0.0,0.0,0.0
186,75+,unvaccinated,333.3333333333333,161.66666666666666,5.333333333333333,2.6666666666666665
186,75+,old_vaccine,0.0,0.0,0.0,0.0
186,75+,new_vaccine,0.0,0.0,0.0,0.0
187,0-4,unvaccinated,23.666666666666668,346.3333333333333,0.3333333333333333,0.0
187,0-4,old_vaccine,0.0,0.0,0.0,0.0
187,0-4,new_vaccine,0.0,0.0,0.0,0.0
187,5-9,unvaccinated,10.333333333333334,400.3333333333333,0.0,0.0
187,5-9,old_vaccine,0.0,0.0,0.0,0.0
187,5-9,new_vaccine,0.0,0.0,0.0,0.0
187,10-14,unvaccinated,7.666666666666667,386.6666666666667,0.0,0.0
187,10-14,old_vaccine,0.0,0.0,0.0,0.0
187,10-14,new_vaccine,0.0,0.0,0.0,0.0
187,15-19,unvaccinated,10.0,369.6666666666667,0.0,0.0
187,15-19,old_vaccine,0.0,0.0,0.0,0.0
187,15-19,new_vaccine,0.0,0.0,0.0,0.0
187,20-24,unvaccinated,23.0,383.6666666666667,0.0,0.0
187,20-24,old_vaccine,0.0,0.0,0.0,0.0
187,20-24,new_vaccine,0.0,0.0,0.0,0.0
187,25-29,unvaccinated,48.333333333333336,414.0,0.0,0.0
187,25-29,old_vaccine,0.0,0.0,0.0,0.0
187,25-29,new_vaccine,0.0,0.0,0.0,0.0
187,30-34,unvaccinated,45.666666666666664,423.6666666666667,0.3333333333333333,0.0
187,30-34,old_vaccine,0.0,0.0,0.0,0.0
187,30-34,new_vaccine,0.0,0.0,0.0,0.0
187,35-39,unvaccinated,43.333333333333336,420.6666666666667,0.6666666666666666,0.0
187,35-39,old_vaccine,0.0,0.0,0.0,0.0
187,35-39,new_vaccine,0.0,0.0,0.0,0.0
187,40-44,unvaccinated,46.666666666666664,413.0,0.3333333333333333,0.0
187,40-44,old_vaccine,0.0,0.0,0.0,0.0
187,40-44,new_vaccine,0.0,0.0,0.0,0.0
187,45-49,unvaccinated,52.333333333333336,385.3333333333333,0.6666666666666666,0.0
187,45-49,old_vaccine,0.0,0.0,0.0,0.0
187,45-49,new_vaccine,0.0,0.0,0.0,0.0
187,50-54,unvaccinated,87.0,394.0,1.3333333333333333,0.0
187,50-54,old_vaccine,0.0,0.0,0.0,0.0
187,50-54,new_vaccine,0.0,0.0,0.0,0.0
187,55-59,unvaccinated,116.33333333333333,343.0,1.0,0.3333333333333333
187,55-59,old_vaccine,0.0,0.0,0.0,0.0
187,55-59,new_vaccine,0.0,0.0,0.0,0.0
187,60-64,unvaccinated,111.0,273.3333333333333,4.666666666666667,0.0
187,60-64,old_vaccine,0.0,0.0,0.0,0.0
187,60-64,new_vaccine,0.0,0.0,0.0,0.0
187,65-69,unvaccinated,178.66666666666666,158.0,3.0,0.0
187,65-69,old_vaccine,0.0,0.0,0.0,0.0
187,65-69,new_vaccine,0.0,0.0,0.0,0.0
187,70-74,unvaccinated,209.33333333333334,119.66666666666667,4.0,1.0
187,70-74,old_vaccine,0.0,0.0,0.0,0.0
187,70-74,new_vaccine,0.0,0.0,0.0,0.0
187,75+,unvaccinated,325.0,168.33333333333334,6.333333333333333,5.0
187,75+,old_vaccine,0.0,0.0,0.0,0.0
187,75+,new_vaccine,0.0,0.0,0.0,0.0
188,0-4,unvaccinated,27.333333333333332,348.3333333333333,0.0,0.0
188,0-4,old_vaccine,0.0,0.0,0.0,0.0
188,0-4,new_vaccine,0.0,0.0,0.0,0.0
188,5-9,unvaccinated,5.0,399.0,0.0,0.0
188,5-9,old_vaccine,0.0,0.0,0.0,0.0
188,5-9,new_vaccine,0.0,0.0,0.0,0.0
188,10-14,unvaccinated,7.333333333333333,377.6666666666667,0.3333333333333333,0.0
188,10-14,old_vaccine,0.0,0.0,0.0,0.0
188,10-14,new_vaccine,0.0,0.0,0.0,0.0
188,15-19,unvaccinated,10.333333333333334,371.0,0.0,0.0
188,15-19,old_vaccine,0.0,0.0,0.0,0.0
188,15-19,new_vaccine,0.0,0.0,0.0,0.0
188,20-24,unvaccinated,22.666666666666668,391.0,0.0,0.0
188,20-24,old_vaccine,0.0,0.0,0.0,0.0
188,20-24,new_vaccine,0.0,0.0,0.0,0.0
188,25-29,unvaccinated,35.666666666666664,442.3333333333333,0.0,0.0
188,25-29,old_vaccine,0.0,0.0,0.0,0.0
188,25-29,new_vaccine,0.0,0.0,0.0,0.0
188,30-34,unvaccinated,46.666666666666664,431.6666666666667,0.0,0.0
188,30-34,old_vaccine,0.0,0.0,0.0,0.0
188,30-34,new_vaccine,0.0,0.0,0.0,0.0
188,35-39,unvaccinated,49.333333333333336,413.6666666666667,0.3333333333333333,0.0
188,35-39,old_vaccine,0.0,0.0,0.0,0.0
188,35-39,new_vaccine,0.0,0.0,0.0,0.0
188,40-44,unvaccinated,40.0,406.3333333333333,0.3333333333333333,0.0
188,40-44,old_vaccine,0.0,0.0,0.0,0.0
188,40-44,new_vaccine,0.0,0.0,0.0,0.0
188,45-49,unvaccinated,56.333333333333336,390.6666666666667,0.3333333333333333,0.0
188,45-49,old_vaccine,0.0,0.0,0.0,0.0
188,45-49,new_vaccine,0.0,0.0,0.0,0.0
188,50-54,unvaccinated,97.33333333333333,379.3333333333333,1.3333333333333333,0.3333333333333333
188,50-54,old_vaccine,0.0,0.0,0.0,0.0
188,50-54,new_vaccine,0.0,0.0,0.0,0.0
188,55-59,unvaccinated,118.0,342.3333333333333,1.0,0.0
188,55-59,old_vaccine,0.0,0.0,0.0,0.0
188,55-59,new_vaccine,0.0,0.0,0.0,0.0
188,60-64,unvaccinated,126.66666666666667,275.0,1.3333333333333333,0.0
188,60-64,old_vaccine,0.0,0.0,0.0,0.0
188,60-64,new_vaccine,0.0,0.0,0.0,0.0
188,65-69,unvaccinated,172.33333333333334,152.33333333333334,4.0,1.3333333333333333
188,65-69,old_vaccine,0.0,0.0,0.0,0.0
188,65-69,new_vaccine,0.0,0.0,0.0,0.0
188,70-74,unvaccinated,219.0,109.66666666666667,4.333333333333333,0.3333333333333333
188,70-74,old_vaccine,0.0,0.0,0.0,0.0
188,70-74,new_vaccine,0.0,0.0,0.0,0.0
188,75+,unvaccinated,321.0,160.33333333333334,9.666666666666666,2.6666666666666665
188,75+,old_vaccine,0.0,0.0,0.0,0.0
188,75+,new_vaccine,0.0,0.0,0.0,0.0
189,0-4,unvaccinated,28.0,325.0,0.3333333333333333,0.0
189,0-4,old_vaccine,0.0,0.0,0.0,0.0
189,0-4,new_vaccine,0.0,0.0,0.0,0.0
189,5-9,unvaccinated,3.6666666666666665,411.0,0.0,0.0
189,5-9,old_vaccine,0.0,0.0,0.0,0.0
189,5-9,new_vaccine,0.0,0.0,0.0,0.0
189,10-14,unvaccinated,10.0,383.3333333333333,0.0,0.0
189,10-14,old_vaccine,0.0,0.0,0.0,0.0
189,10-14,new_vaccine,0.0,0.0,0.0,0.0
189,15-19,unvaccinated,11.0,361.6666666666667,0.0,0.0
189,15-19,old_vaccine,0.0,0.0,0.0,0.0
189,15-19,new_vaccine,0.0,0.0,0.0,0.0
189,20-24,unvaccinated,27.0,377.3333333333333,0.0,0.0
189,20-24,old_vaccine,0.0,0.0,0.0,0.0
189,20-24,new_vaccine,0.0,0.0,0.0,0.0
189,25-29,unvaccinated,44.333333333333336,413.0,0.3333333333333333,0.0
189,25-29,old_vaccine,0.0,0.0,0.0,0.0
189,25-29,new_vaccine,0.0,0.0,0.0,0.0
189,30-34,unvaccinated,52.333333333333336,425.6666666666667,0.0,0.0
189,30-34,old_vaccine,0.0,0.0,0.0,0.0
189,30-34,new_vaccine,0.0,0.0,0.0,0.0
189,35-39,unvaccinated,50.666666666666664,428.6666666666667,0.0,0.0
189,35-39,old_vaccine,0.0,0.0,0.0,0.0
189,35-39,new_vaccine,0.0,0.0,0.0,0.0
189,40-44,unvaccinated,46.0,422.0,0.3333333333333333,0.0
189,40-44,old_vaccine,0.0,0.0,0.0,0.0
189,40-44,new_vaccine,0.0,0.0,0.0,0.0
189,45-49,unvaccinated,59.666666666666664,390.6666666666667,0.3333333333333333,0.0
189,45-49,old_vaccine,0.0,0.0,0.0,0.0
189,45-49,new_vaccine,0.0,0.0,0.0,0.0
189,50-54,unvaccinated,92.66666666666667,401.6666666666667,1.0,0.0
189,50-54,old_vaccine,0.0,0.0,0.0,0.0
189,50-54,new_vaccine,0.0,0.0,0.0,0.0
189,55-59,unvaccinated,121.33333333333333,353.0,0.3333333333333333,0.3333333333333333
189,55-59,old_vaccine,0.0,0.0,0.0,0.0
189,55-59,new_vaccine,0.0,0.0,0.0,0.0
189,60-64,unvaccinated,110.0,274.3333333333333,1.3333333333333333,0.3333333333333333
189,60-64,old_vaccine,0.0,0.0,0.0,0.0
189,60-64,new_vaccine,0.0,0.0,0.0,0.0
189,65-69,unvaccinated,185.0,154.0,3.0,0.3333333333333333
189,65-69,old_vaccine,0.0,0.0,0.0,0.0
189,65-69,new_vaccine,0.0,0.0,0.0,0.0
189,70-74,unvaccinated,205.33333333333334,120.33333333333333,2.0,0.6666666666666666
189,70-74,old_vaccine,0.0,0.0,0.0,0.0
189,70-74,new_vaccine,0.0,0.0,0.0,0.0
189,75+,unvaccinated,324.6666666666667,161.66666666666666,6.666666666666667,2.3333333333333335
189,75+,old_vaccine,0.0,0.0,0.0,0.0
189,75+,new_vaccine,0.0,0.0,0.0,0.0
190,0-4,unvaccinated,26.333333333333332,343.6666666666667,0.6666666666666666,0.0
190,0-4,old_vaccine,0.0,0.0,0.0,0.0
190,0-4,new_vaccine,0.0,0.0,0.0,0.0
190,5-9,unvaccinated,7.0,382.0,0.0,0.0
190,5-9,old_vaccine,0.0,0.0,0.0,0.0
190,5-9,new_vaccine,0.0,0.0,0.0,0.0
190,10-14,unvaccinated,7.666666666666667,372.0,0.0,0.0
190,10-14,old_vaccine,0.0,0.0,0.0,0.0
190,10-14,new_vaccine,0.0,0.0,0.0,0.0
190,15-19,unvaccinated,12.333333333333334,371.6666666666667,0.0,0.0
190,15-19,old_vaccine,0.0,0.0,0.0,0.0
190,15-19,new_vaccine,0.0,0.0,0.0,0.0
190,20-24,unvaccinated,22.333333333333332,388.3333333333333,0.0,0.0
190,20-24,old_vaccine,0.0,0.0,0.0,0.0
190,20-24,new_vaccine,0.0,0.0,0.0,0.0
190,25-29,unvaccinated,49.0,425.3333333333333,0.0,0.0
190,25-29,old_vaccine,0.0,0.0,0.0,0.0
190,25-29,new_vaccine,0.0,0.0,0.0,0.0
190,30-34,unvaccinated,43.666666666666664,411.3333333333333,0.3333333333333333,0.0
190,30-34,old_vaccine,0.0,0.0,0.0,0.0
190,30-34,new_vaccine,0.0,0.0,0.0,0.0
190,35-39,unvaccinated,39.333333333333336,422.3333333333333,0.0,0.0
190,35-39,old_vaccine,0.0,0.0,0.0,0.0
190,35-39,new_vaccine,0.0,0.0,0.0,0.0
190,40-44,unvaccinated,49.0,402.3333333333333,0.6666666666666666,0.0
190,40-44,old_vaccine,0.0,0.0,0.0,0.0
190,40-44,new_vaccine,0.0,0.0,0.0,0.0
190,45-49,unvaccinated,51.666666666666664,389.0,0.0,0.0
190,45-49,old_vaccine,0.0,0.0,0.0,0.0
190,45-49,new_vaccine,0.0,0.0,0.0,0.0
190,50-54,unvaccinated,93.0,393.6666666666667,1.3333333333333333,0.0
190,50-54,old_vaccine,0.0,0.0,0.0,0.0
190,50-54,new_vaccine,0.0,0.0,0.0,0.0
190,55-59,unvaccinated,119.66666666666667,342.3333333333333,1.6666666666666667,0.3333333333333333
190,55-59,old_vaccine,0.0,0.0,0.0,0.0
190,55-59,new_vaccine,0.0,0.0,0.0,0.0
190,60-64,unvaccinated,107.0,289.3333333333333,3.0,0.0
190,60-64,old_vaccine,0.0,0.0,0.0,0.0
190,60-64,new_vaccine,0.0,0.0,0.0,0.0
190,65-69,unvaccinated,176.0,148.33333333333334,2.0,0.3333333333333333
190,65-69,old_vaccine,0.0,0.0,0.0,0.0
190,65-69,new_vaccine,0.0,0.0,0.0,0.0
190,70-74,unvaccinated,187.33333333333334,121.33333333333333,5.0,0.3333333333333333
190,70-74,old_vaccine,0.0,0.0,0.0,0.0
190,70-74,new_vaccine,0.0,0.0,0.0,0.0
190,75+,unvaccinated,341.3333333333333,150.66666666666666,5.333333333333333,1.6666666666666667
190,75+,old_vaccine,0.0,0.0,0.0,0.0
190,75+,new_vaccine,0.0,0.0,0.0,0.0
191,0-4,unvaccinated,27.0,357.3333333333333,0.0,0.0
191,0-4,old_vaccine,0.0,0.0,0.0,0.0
191,0-4,new_vaccine,0.0,0.0,0.0,0.0
191,5-9,unvaccinated,6.666666666666667,402.6666666666667,0.0,0.0
191,5-9,old_vaccine,0.0,0.0,0.0,0.0
191,5-9,new_vaccine,0.0,0.0,0.0,0.0
191,10-14,unvaccinated,8.666666666666666,376.0,0.0,0.0
191,10-14,old_vaccine,0.0,0.0,0.0,0.0
191,10-14,new_vaccine,0.0,0.0,0.0,0.0
191,15-19,unvaccinated,10.666666666666666,362.0,0.0,0.0
191,15-19,old_vaccine,0.0,0.0,0.0,0.0
191,15-19,new_vaccine,0.0,0.0,0.0,0.0
191,20-24,unvaccinated,27.333333333333332,396.6666666666667,0.0,0.0
191,20-24,old_vaccine,0.0,0.0,0.0,0.0
191,20-24,new_vaccine,0.0,0.0,0.0,0.0
191,25-29,unvaccinated,42.0,443.3333333333333,0.0,0.0
191,25-29,old_vaccine,0.0,0.0,0.0,0.0
191,25-29,new_vaccine,0.0,0.0,0.0,0.0
191,30-34,unvaccinated,45.333333333333336,449.3333333333333,0.3333333333333333,0.0
191,30-34,old_vaccine,0.0,0.0,0.0,0.0
191,30-34,new_vaccine,0.0,0.0,0.0,0.0
191,35-39,unvaccinated,45.333333333333336,422.0,0.3333333333333333,0.0
191,35-39,old_vaccine,0.0,0.0,0.0,0.0
191,35-39,new_vaccine,0.0,0.0,0.0,0.0
191,40-44,unvaccinated,56.0,401.0,0.3333333333333333,0.0
191,40-44,old_vaccine,0.0,0.0,0.0,0.0
191,40-44,new_vaccine,0.0,0.0,0.0,0.0
191,45-49,unvaccinated,51.333333333333336,407.0,0.0,0.0
191,45-49,old_vaccine,0.0,0.0,0.0,0.0
191,45-49,new_vaccine,0.0,0.0,0.0,0.0
191,50-54,unvaccinated,99.0,388.6666666666667,2.0,0.0
191,50-54,old_vaccine,0.0,0.0,0.0,0.0
191,50-54,new_vaccine,0.0,0.0,0.0,0.0
191,55-59,unvaccinated,122.66666666666667,356.0,2.0,0.0
191,55-59,old_vaccine,0.0,0.0,0.0,0.0
191,55-59,new_vaccine,0.0,0.0,0.0,0.0
191,60-64,unvaccinated,116.33333333333333,285.0,1.6666666666666667,0.0
191,60-64,old_vaccine,0.0,0.0,0.0,0.0
191,60-64,new_vaccine,0.0,0.0,0.0,0.0
191,65-69,unvaccinated,168.33333333333334,160.0,2.6666666666666665,1.0
191,65-69,old_vaccine,0.0,0.0,0.0,0.0
191,65-69,new_vaccine,0.0,0.0,0.0,0.0
191,70-74,unvaccinated,195.0,115.33333333333333,3.3333333333333335,1.3333333333333333
191,70-74,old_vaccine,0.0,0.0,0.0,0.0
191,70-74,new_vaccine,0.0,0.0,0.0,0.0
191,75+,unvaccinated,336.6666666666667,171.0,5.333333333333333,1.6666666666666667
191,75+,old_vaccine,0.0,0.0,0.0,0.0
191,75+,new_vaccine,0.0,0.0,0.0,0.0
192,0-4,unvaccinated,26.0,339.3333333333333,0.3333333333333333,0.0
192,0-4,old_vaccine,0.0,0.0,0.0,0.0
192,0-4,new_vaccine,0.0,0.0,0.0,0.0
192,5-9,unvaccinated,5.333333333333333,408.0,0.0,0.0
192,5-9,old_vaccine,0.0,0.0,0.0,0.0
192,5-9,new_vaccine,0.0,0.0,0.0,0.0
192,10-14,unvaccinated,5.0,384.6666666666667,0.0,0.0
192,10-14,old_vaccine,0.0,0.0,0.0,0.0
192,10-14,new_vaccine,0.0,0.0,0.0,0.0
192,15-19,unvaccinated,8.0,363.6666666666667,0.0,0.0
192,15-19,old_vaccine,0.0,0.0,0.0,0.0
192,15-19,new_vaccine,0.0,0.0,0.0,0.0
192,20-24,unvaccinated,26.666666666666668,386.0,0.0,0.0
192,20-24,old_vaccine,0.0,0.0,0.0,0.0
192,20-24,new_vaccine,0.0,0.0,0.0,0.0
192,25-29,unvaccinated,44.0,439.3333333333333,0.3333333333333333,0.0
192,25-29,old_vaccine,0.0,0.0,0.0,0.0
192,25-29,new_vaccine,0.0,0.0,0.0,0.0
192,30-34,unvaccinated,49.666666666666664,434.0,0.0,0.0
192,30-34,old_vaccine,0.0,0.0,0.0,0.0
192,30-34,new_vaccine,0.0,0.0,0.0,0.0
192,35-39,unvaccinated,39.333333333333336,443.0,0.3333333333333333,0.0
192,35-39,old_vaccine,0.0,0.0,0.0,0.0
192,35-39,new_vaccine,0.0,0.0,0.0,0.0
192,40-44,unvaccinated,40.0,427.6666666666667,0.3333333333333333,0.0
192,40-44,old_vaccine,0.0,0.0,0.0,0.0
192,40-44,new_vaccine,0.0,0.0,0.0,0.0
192,45-49,unvaccinated,60.333333333333336,376.3333333333333,1.0,0.0
192,45-49,old_vaccine,0.0,0.0,0.0,0.0
192,45-49,new_vaccine,0.0,0.0,0.0,0.0
192,50-54,unvaccinated,95.33333333333333,394.3333333333333,0.3333333333333333,0.0
192,50-54,old_vaccine,0.0,0.0,0.0,0.0
192,50-54,new_vaccine,0.0,0.0,0.0,0.0
192,55-59,unvaccinated,121.33333333333333,351.3333333333333,2.0,0.0
192,55-59,old_vaccine,0.0,0.0,0.0,0.0
192,55-59,new_vaccine,0.0,0.0,0.0,0.0
192,60-64,unvaccinated,113.66666666666667,292.6666666666667,1.3333333333333333,0.3333333333333333
192,60-64,old_vaccine,0.0,0.0,0.0,0.0
192,60-64,new_vaccine,0.0,0.0,0.0,0.0
192,65-69,unvaccinated,185.66666666666666,161.66666666666666,3.6666666666666665,0.3333333333333333
192,65-69,old_vaccine,0.0,0.0,0.0,0.0
192,65-69,new_vaccine,0.0,0.0,0.0,0.0
192,70-74,unvaccinated,182.66666666666666,117.66666666666667,3.6666666666666665,1.0
192,70-74,old_vaccine,0.0,0.0,0.0,0.0
192,70-74,new_vaccine,0.0,0.0,0.0,0.0
192,75+,unvaccinated,350.0,166.33333333333334,5.0,4.333333333333333
192,75+,old_vaccine,0.0,0.0,0.0,0.0
192,75+,new_vaccine,0.0,0.0,0.0,0.0
193,0-4,unvaccinated,23.0,347.3333333333333,0.6666666666666666,0.0
193,0-4,old_vaccine,0.0,0.0,0.0,0.0
193,0-4,new_vaccine,0.0,0.0,0.0,0.0
193,5-9,unvaccinated,4.666666666666667,404.3333333333333,0.0,0.0
193,5-9,old_vaccine,0.0,0.0,0.0,0.0
193,5-9,new_vaccine,0.0,0.0,0.0,0.0
193,10-14,unvaccinated,6.666666666666667,394.0,0.0,0.0
193,10-14,old_vaccine,0.0,0.0,0.0,0.0
193,10-14,new_vaccine,0.0,0.0,0.0,0.0
193,15-19,unvaccinated,8.333333333333334,375.0,0.0,0.0
193,15-19,old_vaccine,0.0,0.0,0.0,0.0
193,15-19,new_vaccine,0.0,0.0,0.0,0.0
193,20-24,unvaccinated,32.333333333333336,394.0,0.0,0.0
193,20-24,old_vaccine,0.0,0.0,0.0,0.0
193,20-24,new_vaccine,0.0,0.0,0.0,0.0
193,25-29,unvaccinated,47.333333333333336,422.3333333333333,0.0,0.0
193,25-29,old_vaccine,0.0,0.0,0.0,0.0
193,25-29,new_vaccine,0.0,0.0,0.0,0.0
193,30-34,unvaccinated,45.0,448.0,0.0,0.0
193,30-34,old_vaccine,0.0,0.0,0.0,0.0
193,30-34,new_vaccine,0.0,0.0,0.0,0.0
193,35-39,unvaccinated,37.333333333333336,442.3333333333333,0.0,0.0
193,35-39,old_vaccine,0.0,0.0,0.0,0.0
193,35-39,new_vaccine,0.0,0.0,0.0,0.0
193,40-44,unvaccinated,46.0,395.0,0.0,0.0
193,40-44,old_vaccine,0.0,0.0,0.0,0.0
193,40-44,new_vaccine,0.0,0.0,0.0,0.0
193,45-49,unvaccinated,54.666666666666664,393.3333333333333,0.0,0.0
193,45-49,old_vaccine,0.0,0.0,0.0,0.0
193,45-49,new_vaccine,0.0,0.0,0.0,0.0
193,50-54,unvaccinated,92.33333333333333,400.6666666666667,0.6666666666666666,0.0
193,50-54,old_vaccine,0.0,0.0,0.0,0.0
193,50-54,new_vaccine,0.0,0.0,0.0,0.0
193,55-59,unvaccinated,123.66666666666667,345.3333333333333,2.0,0.0
193,55-59,old_vaccine,0.0,0.0,0.0,0.0
193,55-59,new_vaccine,0.0,0.0,0.0,0.0
193,60-64,unvaccinated,118.66666666666667,285.6666666666667,1.3333333333333333,1.0
193,60-64,old_vaccine,0.0,0.0,0.0,0.0
193,60-64,new_vaccine,0.0,0.0,0.0,0.0
193,65-69,unvaccinated,175.66666666666666,155.33333333333334,1.3333333333333333,0.3333333333333333
193,65-69,old_vaccine,0.0,0.0,0.0,0.0
193,65-69,new_vaccine,0.0,0.0,0.0,0.0
193,70-74,unvaccinated,190.66666666666666,107.33333333333333,2.6666666666666665,1.0
193,70-74,old_vaccine,0.0,0.0,0.0,0.0
193,70-74,new_vaccine,0.0,0.0,0.0,0.0
193,75+,unvaccinated,329.6666666666667,166.0,7.333333333333333,3.0
193,75+,old_vaccine,0.0,0.0,0.0,0.0
193,75+,new_vaccine,0.0,0.0,0.0,0.0
194,0-4,unvaccinated,22.0,349.0,0.0,0.0
194,0-4,old_vaccine,0.0,0.0,0.0,0.0
194,0-4,new_vaccine,0.0,0.0,0.0,0.0
194,5-9,unvaccinated,5.666666666666667,419.3333333333333,0.3333333333333333,0.0
194,5-9,old_vaccine,0.0,0.0,0.0,0.0
194,5-9,new_vaccine,0.0,0.0,0.0,0.0
194,10-14,unvaccinated,7.0,406.0,0.0,0.0
194,10-14,old_vaccine,0.0,0.0,0.0,0.0
194,10-14,new_vaccine,0.0,0.0,0.0,0.0
194,15-19,unvaccinated,10.0,360.6666666666667,0.0,0.0
194,15-19,old_vaccine,0.0,0.0,0.0,0.0
194,15-19,new_vaccine,0.0,0.0,0.0,0.0
194,20-24,unvaccinated,29.333333333333332,380.6666666666667,0.3333333333333333,0.0
194,20-24,old_vaccine,0.0,0.0,0.0,0.0
194,20-24,new_vaccine,0.0,0.0,0.0,0.0
194,25-29,unvaccinated,49.333333333333336,433.3333333333333,0.0,0.0
194,25-29,old_vaccine,0.0,0.0,0.0,0.0
194,25-29,new_vaccine,0.0,0.0,0.0,0.0
194,30-34,unvaccinated,50.0,432.3333333333333,0.3333333333333333,0.0
194,30-34,old_vaccine,0.0,0.0,0.0,0.0
194,30-34,new_vaccine,0.0,0.0,0.0,0.0
194,35-39,unvaccinated,44.333333333333336,436.6666666666667,0.3333333333333333,0.0
194,35-39,old_vaccine,0.0,0.0,0.0,0.0
194,35-39,new_vaccine,0.0,0.0,0.0,0.0
194,40-44,unvaccinated,46.666666666666664,427.6666666666667,0.3333333333333333,0.0
194,40-44,old_vaccine,0.0,0.0,0.0,0.0
194,40-44,new_vaccine,0.0,0.0,0.0,0.0
194,45-49,unvaccinated,51.0,393.0,0.6666666666666666,0.0
194,45-49,old_vaccine,0.0,0.0,0.0,0.0
194,45-49,new_vaccine,0.0,0.0,0.0,0.0
194,50-54,unvaccinated,96.66666666666667,392.0,0.0,0.0
194,50-54,old_vaccine,0.0,0.0,0.0,0.0
194,50-54,new_vaccine,0.0,0.0,0.0,0.0
194,55-59,unvaccinated,120.33333333333333,345.0,1.6666666666666667,0.3333333333333333
194,55-59,old_vaccine,0.0,0.0,0.0,0.0
194,55-59,new_vaccine,0.0,0.0,0.0,0.0
194,60-64,unvaccinated,114.33333333333333,274.3333333333333,1.6666666666666667,0.0
194,60-64,old_vaccine,0.0,0.0,0.0,0.0
194,60-64,new_vaccine,0.0,0.0,0.0,0.0
194,65-69,unvaccinated,191.0,152.66666666666666,3.3333333333333335,0.0
194,65-69,old_vaccine,0.0,0.0,0.0,0.0
194,65-69,new_vaccine,0.0,0.0,0.0,0.0
194,70-74,unvaccinated,202.66666666666666,116.33333333333333,1.6666666666666667,0.3333333333333333
194,70-74,old_vaccine,0.0,0.0,0.0,0.0
194,70-74,new_vaccine,0.0,0.0,0.0,0.0
194,75+,unvaccinated,345.0,164.33333333333334,6.666666666666667,1.0
194,75+,old_vaccine,0.0,0.0,0.0,0.0
194,75+,new_vaccine,0.0,0.0,0.0,0.0
195,0-4,unvaccinated,23.0,350.3333333333333,1.0,0.0
195,0-4,old_vaccine,0.0,0.0,0.0,0.0
195,0-4,new_vaccine,0.0,0.0,0.0,0.0
195,5-9,unvaccinated,7.0,397.6666666666667,0.0,0.0
195,5-9,old_vaccine,0.0,0.0,0.0,0.0
195,5-9,new_vaccine,0.0,0.0,0.0,0.0
195,10-14,unvaccinated,7.0,365.0,0.0,0.0
195,10-14,old_vaccine,0.0,0.0,0.0,0.0
195,10-14,new_vaccine,0.0,0.0,0.0,0.0
195,15-19,unvaccinated,9.0,360.6666666666667,0.0,0.0
195,15-19,old_vaccine,0.0,0.0,0.0,0.0
195,15-19,new_vaccine,0.0,0.0,0.0,0.0
195,20-24,unvaccinated,27.333333333333332,397.3333333333333,0.0,0.0
195,20-24,old_vaccine,0.0,0.0,0.0,0.0
195,20-24,new_vaccine,0.0,0.0,0.0,0.0
195,25-29,unvaccinated,43.0,430.3333333333333,0.0,0.0
195,25-29,old_vaccine,0.0,0.0,0.0,0.0
195,25-29,new_vaccine,0.0,0.0,0.0,0.0
195,30-34,unvaccinated,45.666666666666664,436.3333333333333,0.0,0.0
195,30-34,old_vaccine,0.0,0.0,0.0,0.0
195,30-34,new_vaccine,0.0,0.0,0.0,0.0
195,35-39,unvaccinated,46.666666666666664,447.0,0.0,0.0
195,35-39,old_vaccine,0.0,0.0,0.0,0.0
195,35-39,new_vaccine,0.0,0.0,0.0,0.0
195,40-44,unvaccinated,43.666666666666664,428.0,0.6666666666666666,0.0
195,40-44,old_vaccine,0.0,0.0,0.0,0.0
195,40-44,new_vaccine,0.0,0.0,0.0,0.0
195,45-49,unvaccinated,63.0,399.0,0.6666666666666666,0.0
195,45-49,old_vaccine,0.0,0.0,0.0,0.0
195,45-49,new_vaccine,0.0,0.0,0.0,0.0
195,50-54,unvaccinated,85.66666666666667,367.3333333333333,0.6666666666666666,0.0
195,50-54,old_vaccine,0.0,0.0,0.0,0.0
195,50-54,new_vaccine,0.0,0.0,0.0,0.0
195,55-59,unvaccinated,115.33333333333333,339.3333333333333,2.6666666666666665,0.0
195,55-59,old_vaccine,0.0,0.0,0.0,0.0
195,55-59,new_vaccine,0.0,0.0,0.0,0.0
195,60-64,unvaccinated,113.66666666666667,283.6666666666667,2.3333333333333335,0.3333333333333333
195,60-64,old_vaccine,0.0,0.0,0.0,0.0
195,60-64,new_vaccine,0.0,0.0,0.0,0.0
195,65-69,unvaccinated,165.0,142.66666666666666,1.0,0.6666666666666666
195,65-69,old_vaccine,0.0,0.0,0.0,0.0
195,65-69,new_vaccine,0.0,0.0,0.0,0.0
195,70-74,unvaccinated,207.66666666666666,108.0,2.6666666666666665,1.0
195,70-74,old_vaccine,0.0,0.0,0.0,0.0
195,70-74,new_vaccine,0.0,0.0,0.0,0.0
195,75+,unvaccinated,305.6666666666667,156.66666666666666,6.0,1.3333333333333333
195,75+,old_vaccine,0.0,0.0,0.0,0.0
195,75+,new_vaccine,0.0,0.0,0.0,0.0
196,0-4,unvaccinated,20.0,350.3333333333333,0.6666666666666666,0.0
196,0-4,old_vaccine,0.0,0.0,0.0,0.0
196,0-4,new_vaccine,0.0,0.0,0.0,0.0
196,5-9,unvaccinated,6.0,393.0,0.0,0.0
196,5-9,old_vaccine,0.0,0.0,0.0,0.0
196,5-9,new_vaccine,0.0,0.0,0.0,0.0
196,10-14,unvaccinated,6.0,399.3333333333333,0.0,0.0
196,10-14,old_vaccine,0.0,0.0,0.0,0.0
196,10-14,new_vaccine,0.0,0.0,0.0,0.0
196,15-19,unvaccinated,9.0,362.0,0.0,0.0
196,15-19,old_vaccine,0.0,0.0,0.0,0.0
196,15-19,new_vaccine,0.0,0.0,0.0,0.0
196,20-24,unvaccinated,33.666666666666664,387.3333333333333,0.0,0.0
196,20-24,old_vaccine,0.0,0.0,0.0,0.0
196,20-24,new_vaccine,0.0,0.0,0.0,0.0
196,25-29,unvaccinated,42.333333333333336,446.3333333333333,0.0,0.0
196,25-29,old_vaccine,0.0,0.0,0.0,0.0
196,25-29,new_vaccine,0.0,0.0,0.0,0.0
196,30-34,unvaccinated,51.0,431.3333333333333,0.3333333333333333,0.0
196,30-34,old_vaccine,0.0,0.0,0.0,0.0
196,30-34,new_vaccine,0.0,0.0,0.0,0.0
196,35-39,unvaccinated,40.333333333333336,448.3333333333333,0.3333333333333333,0.0
196,35-39,old_vaccine,0.0,0.0,0.0,0.0
196,35-39,new_vaccine,0.0,0.0,0.0,0.0
196,40-44,unvaccinated,46.0,397.6666666666667,0.0,0.0
196,40-44,old_vaccine,0.0,0.0,0.0,0.0
196,40-44,new_vaccine,0.0,0.0,0.0,0.0
196,45-49,unvaccinated,53.333333333333336,400.0,0.6666666666666666,0.0
196,45-49,old_vaccine,0.0,0.0,0.0,0.0
196,45-49,new_vaccine,0.0,0.0,0.0,0.0
196,50-54,unvaccinated,95.33333333333333,376.3333333333333,1.6666666666666667,0.0
196,50-54,old_vaccine,0.0,0.0,0.0,0.0
196,50-54,new_vaccine,0.0,0.0,0.0,0.0
196,55-59,unvaccinated,112.33333333333333,339.3333333333333,1.0,0.0
196,55-59,old_vaccine,0.0,0.0,0.0,0.0
196,55-59,new_vaccine,0.0,0.0,0.0,0.0
196,60-64,unvaccinated,110.0,278.0,2.6666666666666665,0.3333333333333333
196,60-64,old_vaccine,0.0,0.0,0.0,0.0
196,60-64,new_vaccine,0.0,0.0,0.0,0.0
196,65-69,unvaccinated,176.33333333333334,148.66666666666666,2.3333333333333335,0.3333333333333333
196,65-69,old_vaccine,0.0,0.0,0.0,0.0
196,65-69,new_vaccine,0.0,0.0,0.0,0.0
196,70-74,unvaccinated,219.0,119.66666666666667,4.0,0.3333333333333333
196,70-74,old_vaccine,0.0,0.0,0.0,0.0
196,70-74,new_vaccine,0.0,0.0,0.0,0.0
196,75+,unvaccinated,317.3333333333333,165.33333333333334,7.0,3.0
196,75+,old_vaccine,0.0,0.0,0.0,0.0
196,75+,new_vaccine,0.0,0.0,0.0,0.0
197,0-4,unvaccinated,24.0,338.3333333333333,0.6666666666666666,0.0
197,0-4,old_vaccine,0.0,0.0,0.0,0.0
197,0-4,new_vaccine,0.0,0.0,0.0,0.0
197,5-9,unvaccinated,7.333333333333333,392.6666666666667,0.0,0.0
197,5-9,old_vaccine,0.0,0.0,0.0,0.0
197,5-9,new_vaccine,0.0,0.0,0.0,0.0
197,10-14,unvaccinated,7.333333333333333,388.3333333333333,0.0,0.0
197,10-14,old_vaccine,0.0,0.0,0.0,0.0
197,10-14,new_vaccine,0.0,0.0,0.0,0.0
197,15-19,unvaccinated,8.666666666666666,364.3333333333333,0.0,0.0
197,15-19,old_vaccine,0.0,0.0,0.0,0.0
197,15-19,new_vaccine,0.0,0.0,0.0,0.0
197,20-24,unvaccinated,30.0,392.3333333333333,0.0,0.0
197,20-24,old_vaccine,0.0,0.0,0.0,0.0
197,20-24,new_vaccine,0.0,0.0,0.0,0.0
197,25-29,unvaccinated,43.0,449.6666666666667,0.0,0.0
197,25-29,old_vaccine,0.0,0.0,0.0,0.0
197,25-29,new_vaccine,0.0,0.0,0.0,0.0
197,30-34,unvaccinated,43.333333333333336,421.0,0.0,0.0
197,30-34,old_vaccine,0.0,0.0,0.0,0.0
197,30-34,new_vaccine,0.0,0.0,0.0,0.0
197,35-39,unvaccinated,39.666666666666664,429.6666666666667,0.3333333333333333,0.0
197,35-39,old_vaccine,0.0,0.0,0.0,0.0
197,35-39,new_vaccine,0.0,0.0,0.0,0.0
197,40-44,unvaccinated,40.666666666666664,417.6666666666667,0.0,0.0
197,40-44,old_vaccine,0.0,0.0,0.0,0.0
197,40-44,new_vaccine,0.0,0.0,0.0,0.0
197,45-49,unvaccinated,54.666666666666664,406.3333333333333,1.3333333333333333,0.0
197,45-49,old_vaccine,0.0,0.0,0.0,0.0
197,45-49,new_vaccine,0.0,0.0,0.0,0.0
197,50-54,unvaccinated,82.66666666666667,393.0,1.0,0.0
197,50-54,old_vaccine,0.0,0.0,0.0,0.0
197,50-54,new_vaccine,0.0,0.0,0.0,0.0
197,55-59,unvaccinated,106.0,343.3333333333333,0.6666666666666666,0.0
197,55-59,old_vaccine,0.0,0.0,0.0,0.0
197,55-59,new_vaccine,0.0,0.0,0.0,0.0
197,60-64,unvaccinated,118.66666666666667,289.3333333333333,1.6666666666666667,0.0
197,60-64,old_vaccine,0.0,0.0,0.0,0.0
197,60-64,new_vaccine,0.0,0.0,0.0,0.0
197,65-69,unvaccinated,179.0,157.66666666666666,1.6666666666666667,0.3333333333333333
197,65-69,old_vaccine,0.0,0.0,0.0,0.0
197,65-69,new_vaccine,0.0,0.0,0.0,0.0
197,70-74,unvaccinated,198.33333333333334,113.33333333333333,2.6666666666666665,1.3333333333333333
197,70-74,old_vaccine,0.0,0.0,0.0,0.0
197,70-74,new_vaccine,0.0,0.0,0.0,0.0
197,75+,unvaccinated,323.3333333333333,179.0,6.0,2.0
197,75+,old_vaccine,0.0,0.0,0.0,0.0
197,75+,new_vaccine,0.0,0.0,0.0,0.0
198,0-4,unvaccinated,20.666666666666668,353.6666666666667,0.3333333333333333,0.0
198,0-4,old_vaccine,0.0,0.0,0.0,0.0
198,0-4,new_vaccine,0.0,0.0,0.0,0.0
198,5-9,unvaccinated,6.666666666666667,387.6666666666667,0.0,0.0
198,5-9,old_vaccine,0.0,0.0,0.0,0.0
198,5-9,new_vaccine,0.0,0.0,0.0,0.0
198,10-14,unvaccinated,8.333333333333334,409.6666666666667,0.0,0.0
198,10-14,old_vaccine,0.0,0.0,0.0,0.0
198,10-14,new_vaccine,0.0,0.0,0.0,0.0
198,15-19,unvaccinated,10.333333333333334,355.0,0.0,0.0
198,15-19,old_vaccine,0.0,0.0,0.0,0.0
198,15-19,new_vaccine,0.0,0.0,0.0,0.0
198,20-24,unvaccinated,27.0,397.6666666666667,0.0,0.0
198,20-24,old_vaccine,0.0,0.0,0.0,0.0
198,20-24,new_vaccine,0.0,0.0,0.0,0.0
198,25-29,unvaccinated,42.0,412.0,0.6666666666666666,0.0
198,25-29,old_vaccine,0.0,0.0,0.0,0.0
198,25-29,new_vaccine,0.0,0.0,0.0,0.0
198,30-34,unvaccinated,48.0,415.3333333333333,0.0,0.0
198,30-34,old_vaccine,0.0,0.0,0.0,0.0
198,30-34,new_vaccine,0.0,0.0,0.0,0.0
198,35-39,unvaccinated,47.0,416.0,0.0,0.0
198,35-39,old_vaccine,0.0,0.0,0.0,0.0
198,35-39,new_vaccine,0.0,0.0,0.0,0.0
198,40-44,unvaccinated,40.666666666666664,414.3333333333333,0.3333333333333333,0.0
198,40-44,old_vaccine,0.0,0.0,0.0,0.0
198,40-44,new_vaccine,0.0,0.0,0.0,0.0
198,45-49,unvaccinated,63.0,385.3333333333333,0.3333333333333333,0.3333333333333333
198,45-49,old_vaccine,0.0,0.0,0.0,0.0
198,45-49,new_vaccine,0.0,0.0,0.0,0.0
198,50-54,unvaccinated,92.0,399.6666666666667,2.3333333333333335,0.0
198,50-54,old_vaccine,0.0,0.0,0.0,0.0
198,50-54,new_vaccine,0.0,0.0,0.0,0.0
198,55-59,unvaccinated,126.33333333333333,339.3333333333333,2.0,0.0
198,55-59,old_vaccine,0.0,0.0,0.0,0.0
198,55-59,new_vaccine,0.0,0.0,0.0,0.0
198,60-64,unvaccinated,116.33333333333333,274.0,2.6666666666666665,0.3333333333333333
198,60-64,old_vaccine,0.0,0.0,0.0,0.0
198,60-64,new_vaccine,0.0,0.0,0.0,0.0
198,65-69,unvaccinated,174.66666666666666,156.33333333333334,3.3333333333333335,0.3333333333333333
198,65-69,old_vaccine,0.0,0.0,0.0,0.0
198,65-69,new_vaccine,0.0,0.0,0.0,0.0
198,70-74,unvaccinated,204.0,107.0,2.3333333333333335,1.0
198,70-74,old_vaccine,0.0,0.0,0.0,0.0
198,70-74,new_vaccine,0.0,0.0,0.0,0.0
198,75+,unvaccinated,336.3333333333333,166.66666666666666,7.666666666666667,2.3333333333333335
198,75+,old_vaccine,0.0,0.0,0.0,0.0
198,75+,new_vaccine,0.0,0.0,0.0,0.0
199,0-4,unvaccinated,25.666666666666668,355.3333333333333,0.0,0.0
199,0-4,old_vaccine,0.0,0.0,0.0,0.0
199,0-4,new_vaccine,0.0,0.0,0.0,0.0
199,5-9,unvaccinated,7.333333333333333,413.6666666666667,0.3333333333333333,0.0
199,5-9,old_vaccine,0.0,0.0,0.0,0.0
199,5-9,new_vaccine,0.0,0.0,0.0,0.0
199,10-14,unvaccinated,10.0,394.0,0.0,0.0
199,10-14,old_vaccine,0.0,0.0,0.0,0.0
199,10-14,new_vaccine,0.0,0.0,0.0,0.0
199,15-19,unvaccinated,9.333333333333334,358.6666666666667,0.0,0.0
199,15-19,old_vaccine,0.0,0.0,0.0,0.0
199,15-19,new_vaccine,0.0,0.0,0.0,0.0
199,20-24,unvaccinated,26.0,391.0,0.0,0.0
199,20-24,old_vaccine,0.0,0.0,0.0,0.0
199,20-24,new_vaccine,0.0,0.0,0.0,0.0
199,25-29,unvaccinated,37.333333333333336,423.6666666666667,0.3333333333333333,0.0
199,25-29,old_vaccine,0.0,0.0,0.0,0.0
199,25-29,new_vaccine,0.0,0.0,0.0,0.0
199,30-34,unvaccinated,54.333333333333336,432.0,0.6666666666666666,0.0
199,30-34,old_vaccine,0.0,0.0,0.0,0.0
199,30-34,new_vaccine,0.0,0.0,0.0,0.0
199,35-39,unvaccinated,48.666666666666664,411.6666666666667,0.0,0.0
199,35-39,old_vaccine,0.0,0.0,0.0,0.0
199,35-39,new_vaccine,0.0,0.0,0.0,0.0
199,40-44,unvaccinated,42.0,438.6666666666667,0.0,0.0
199,40-44,old_vaccine,0.0,0.0,0.0,0.0
199,40-44,new_vaccine,0.0,0.0,0.0,0.0
199,45-49,unvaccinated,52.333333333333336,394.6666666666667,0.0,0.0
199,45-49,old_vaccine,0.0,0.0,0.0,0.0
199,45-49,new_vaccine,0.0,0.0,0.0,0.0
199,50-54,unvaccinated,95.0,394.3333333333333,0.3333333333333333,0.0
199,50-54,old_vaccine,0.0,0.0,0.0,0.0
199,50-54,new_vaccine,0.0,0.0,0.0,0.0
199,55-59,unvaccinated,118.66666666666667,358.6666666666667,1.0,0.0
199,55-59,old_vaccine,0.0,0.0,0.0,0.0
199,55-59,new_vaccine,0.0,0.0,0.0,0.0
199,60-64,unvaccinated,121.33333333333333,285.6666666666667,0.6666666666666666,0.0
199,60-64,old_vaccine,0.0,0.0,0.0,0.0
199,60-64,new_vaccine,0.0,0.0,0.0,0.0
199,65-69,unvaccinated,175.0,156.66666666666666,2.6666666666666665,1.0
199,65-69,old_vaccine,0.0,0.0,0.0,0.0
199,65-69,new_vaccine,0.0,0.0,0.0,0.0
199,70-74,unvaccinated,197.33333333333334,127.66666666666667,5.333333333333333,0.6666666666666666
199,70-74,old_vaccine,0.0,0.0,0.0,0.0
199,70-74,new_vaccine,0.0,0.0,0.0,0.0
199,75+,unvaccinated,327.0,167.66666666666666,4.666666666666667,3.0
199,75+,old_vaccine,0.0,0.0,0.0,0.0
199,75+,new_vaccine,0.0,0.0,0.0,0.0
200,0-4,unvaccinated,26.333333333333332,348.6666666666667,0.0,0.0
200,0-4,old_vaccine,0.0,0.0,0.0,0.0
200,0-4,new_vaccine,0.0,0.0,0.0,0.0
200,5-9,unvaccinated,3.3333333333333335,406.3333333333333,0.0,0.0
200,5-9,old_vaccine,0.0,0.0,0.0,0.0
200,5-9,new_vaccine,0.0,0.0,0.0,0.0
200,10-14,unvaccinated,12.0,386.0,0.6666666666666666,0.0
200,10-14,old_vaccine,0.0,0.0,0.0,0.0
200,10-14,new_vaccine,0.0,0.0,0.0,0.0
200,15-19,unvaccinated,9.0,375.0,0.0,0.0
200,15-19,old_vaccine,0.0,0.0,0.0,0.0
200,15-19,new_vaccine,0.0,0.0,0.0,0.0
200,20-24,unvaccinated,26.0,380.3333333333333,0.3333333333333333,0.0
200,20-24,old_vaccine,0.0,0.0,0.0,0.0
200,20-24,new_vaccine,0.0,0.0,0.0,0.0
200,25-29,unvaccinated,45.333333333333336,427.6666666666667,0.0,0.0
200,25-29,old_vaccine,0.0,0.0,0.0,0.0
200,25-29,new_vaccine,0.0,0.0,0.0,0.0
200,30-34,unvaccinated,44.0,447.3333333333333,0.0,0.0
200,30-34,old_vaccine,0.0,0.0,0.0,0.0
200,30-34,new_vaccine,0.0,0.0,0.0,0.0
200,35-39,unvaccinated,44.333333333333336,441.3333333333333,0.0,0.0
200,35-39,old_vaccine,0.0,0.0,0.0,0.0
200,35-39,new_vaccine,0.0,0.0,0.0,0.0
200,40-44,unvaccinated,43.0,402.0,0.3333333333333333,0.0
200,40-44,old_vaccine,0.0,0.0,0.0,0.0
200,40-44,new_vaccine,0.0,0.0,0.0,0.0
200,45-49,unvaccinated,59.666666666666664,398.3333333333333,0.6666666666666666,0.0
200,45-49,old_vaccine,0.0,0.0,0.0,0.0
200,45-49,new_vaccine,0.0,0.0,0.0,0.0
200,50-54,unvaccinated,93.33333333333333,384.6666666666667,1.3333333333333333,0.0
200,50-54,old_vaccine,0.0,0.0,0.0,0.0
200,50-54,new_vaccine,0.0,0.0,0.0,0.0
200,55-59,unvaccinated,124.66666666666667,338.0,1.6666666666666667,0.0
200,55-59,old_vaccine,0.0,0.0,0.0,0.0
200,55-59,new_vaccine,0.0,0.0,0.0,0.0
200,60-64,unvaccinated,110.0,283.6666666666667,1.3333333333333333,0.0
200,60-64,old_vaccine,0.0,0.0,0.0,0.0
200,60-64,new_vaccine,0.0,0.0,0.0,0.0
200,65-69,unvaccinated,177.0,157.0,5.0,0.0
200,65-69,old_vaccine,0.0,0.0,0.0,0.0
200,65-69,new_vaccine,0.0,0.0,0.0,0.0
200,70-74,unvaccinated,194.33333333333334,113.33333333333333,1.3333333333333333,0.3333333333333333
200,70-74,old_vaccine,0.0,0.0,0.0,0.0
200,70-74,new_vaccine,0.0,0.0,0.0,0.0
200,75+,unvaccinated,324.3333333333333,160.66666666666666,6.0,4.0
200,75+,old_vaccine,0.0,0.0,0.0,0.0
200,75+,new_vaccine,0.0,0.0,0.0,0.0
201,0-4,unvaccinated,29.666666666666668,346.3333333333333,0.3333333333333333,0.0
201,0-4,old_vaccine,0.0,0.0,0.0,0.0
201,0-4,new_vaccine,0.0,0.0,0.0,0.0
201,5-9,unvaccinated,6.0,405.3333333333333,0.0,0.0
201,5-9,old_vaccine,0.0,0.0,0.0,0.0
201,5-9,new_vaccine,0.0,0.0,0.0,0.0
201,10-14,unvaccinated,5.333333333333333,386.3333333333333,0.0,0.0
201,10-14,old_vaccine,0.0,0.0,0.0,0.0
201,10-14,new_vaccine,0.0,0.0,0.0,0.0
201,15-19,unvaccinated,11.0,359.3333333333333,0.0,0.0
201,15-19,old_vaccine,0.0,0.0,0.0,0.0
201,15-19,new_vaccine,0.0,0.0,0.0,0.0
201,20-24,unvaccinated,30.333333333333332,383.3333333333333,0.0,0.0
201,20-24,old_vaccine,0.0,0.0,0.0,0.0
201,20-24,new_vaccine,0.0,0.0,0.0,0.0
201,25-29,unvaccinated,42.0,427.6666666666667,0.0,0.0
201,25-29,old_vaccine,0.0,0.0,0.0,0.0
201,25-29,new_vaccine,0.0,0.0,0.0,0.0
201,30-34,unvaccinated,45.333333333333336,448.3333333333333,0.3333333333333333,0.0
201,30-34,old_vaccine,0.0,0.0,0.0,0.0
201,30-34,new_vaccine,0.0,0.0,0.0,0.0
201,35-39,unvaccinated,42.0,435.6666666666667,0.6666666666666666,0.0
201,35-39,old_vaccine,0.0,0.0,0.0,0.0
201,35-39,new_vaccine,0.0,0.0,0.0,0.0
201,40-44,unvaccinated,48.0,407.3333333333333,0.6666666666666666,0.0
201,40-44,old_vaccine,0.0,0.0,0.0,0.0
201,40-44,new_vaccine,0.0,0.0,0.0,0.0
201,45-49,unvaccinated,59.666666666666664,384.0,1.0,0.0
201,45-49,old_vaccine,0.0,0.0,0.0,0.0
201,45-49,new_vaccine,0.0,0.0,0.0,0.0
201,50-54,unvaccinated,94.33333333333333,383.6666666666667,2.6666666666666665,0.0
201,50-54,old_vaccine,0.0,0.0,0.0,0.0
201,50-54,new_vaccine,0.0,0.0,0.0,0.0
201,55-59,unvaccinated,128.0,351.6666666666667,1.0,0.0
201,55-59,old_vaccine,0.0,0.0,0.0,0.0
201,55-59,new_vaccine,0.0,0.0,0.0,0.0
201,60-64,unvaccinated,119.0,290.3333333333333,1.6666666666666667,0.0
201,60-64,old_vaccine,0.0,0.0,0.0,0.0
201,60-64,new_vaccine,0.0,0.0,0.0,0.0
201,65-69,unvaccinated,182.33333333333334,151.33333333333334,2.6666666666666665,0.6666666666666666
201,65-69,old_vaccine,0.0,0.0,0.0,0.0
201,65-69,new_vaccine,0.0,0.0,0.0,0.0
201,70-74,unvaccinated,208.0,122.0,2.6666666666666665,1.0
201,70-74,old_vaccine,0.0,0.0,0.0,0.0
201,70-74,new_vaccine,0.0,0.0,0.0,0.0
201,75+,unvaccinated,323.0,160.0,5.666666666666667,2.6666666666666665
201,75+,old_vaccine,0.0,0.0,0.0,0.0
201,75+,new_vaccine,0.0,0.0,0.0,0.0
202,0-4,unvaccinated,25.333333333333332,349.3333333333333,0.3333333333333333,0.0
202,0-4,old_vaccine,0.0,0.0,0.0,0.0
202,0-4,new_vaccine,0.0,0.0,0.0,0.0
202,5-9,unvaccinated,4.666666666666667,395.3333333333333,0.3333333333333333,0.0
202,5-9,old_vaccine,0.0,0.0,0.0,0.0
202,5-9,new_vaccine,0.0,0.0,0.0,0.0
202,10-14,unvaccinated,9.666666666666666,383.3333333333333,0.3333333333333333,0.0
202,10-14,old_vaccine,0.0,0.0,0.0,0.0
202,10-14,new_vaccine,0.0,0.0,0.0,0.0
202,15-19,unvaccinated,12.0,362.0,0.0,0.0
202,15-19,old_vaccine,0.0,0.0,0.0,0.0
202,15-19,new_vaccine,0.0,0.0,0.0,0.0
202,20-24,unvaccinated,29.666666666666668,383.3333333333333,0.0,0.0
202,20-24,old_vaccine,0.0,0.0,0.0,0.0
202,20-24,new_vaccine,0.0,0.0,0.0,0.0
202,25-29,unvaccinated,45.333333333333336,435.6666666666667,0.3333333333333333,0.0
202,25-29,old_vaccine,0.0,0.0,0.0,0.0
202,25-29,new_vaccine,0.0,0.0,0.0,0.0
202,30-34,unvaccinated,50.333333333333336,423.6666666666667,0.3333333333333333,0.0
202,30-34,old_vaccine,0.0,0.0,0.0,0.0
202,30-34,new_vaccine,0.0,0.0,0.0,0.0
202,35-39,unvaccinated,40.0,424.3333333333333,0.0,0.0
202,35-39,old_vaccine,0.0,0.0,0.0,0.0
202,35-39,new_vaccine,0.0,0.0,0.0,0.0
202,40-44,unvaccinated,43.666666666666664,410.0,0.0,0.0
202,40-44,old_vaccine,0.0,0.0,0.0,0.0
202,40-44,new_vaccine,0.0,0.0,0.0,0.0
202,45-49,unvaccinated,48.666666666666664,400.3333333333333,1.0,0.0
202,45-49,old_vaccine,0.0,0.0,0.0,0.0
202,45-49,new_vaccine,0.0,0.0,0.0,0.0
202,50-54,unvaccinated,102.33333333333333,394.3333333333333,0.6666666666666666,0.0
202,50-54,old_vaccine,0.0,0.0,0.0,0.0
202,50-54,new_vaccine,0.0,0.0,0.0,0.0
202,55-59,unvaccinated,117.33333333333333,335.0,1.3333333333333333,0.6666666666666666
202,55-59,old_vaccine,0.0,0.0,0.0,0.0
202,55-59,new_vaccine,0.0,0.0,0.0,0.0
202,60-64,unvaccinated,112.33333333333333,273.3333333333333,1.0,0.3333333333333333
202,60-64,old_vaccine,0.0,0.0,0.0,0.0
202,60-64,new_vaccine,0.0,0.0,0.0,0.0
202,65-69,unvaccinated,164.66666666666666,153.0,2.3333333333333335,0.3333333333333333
202,65-69,old_vaccine,0.0,0.0,0.0,0.0
202,65-69,new_vaccine,0.0,0.0,0.0,0.0
202,70-74,unvaccinated,203.0,125.33333333333333,5.0,0.6666666666666666
202,70-74,old_vaccine,0.0,0.0,0.0,0.0
202,70-74,new_vaccine,0.0,0.0,0.0,0.0
202,75+,unvaccinated,317.3333333333333,162.0,5.666666666666667,4.0
202,75+,old_vaccine,0.0,0.0,0.0,0.0
202,75+,new_vaccine,0.0,0.0,0.0,0.0
203,0-4,unvaccinated,26.333333333333332,354.3333333333333,0.0,0.0
203,0-4,old_vaccine,0.0,0.0,0.0,0.0
203,0-4,new_vaccine,0.0,0.0,0.0,0.0
203,5-9,unvaccinated,6.666666666666667,384.3333333333333,0.0,0.0
203,5-9,old_vaccine,0.0,0.0,0.0,0.0
203,5-9,new_vaccine,0.0,0.0,0.0,0.0
203,10-14,unvaccinated,7.333333333333333,404.6666666666667,0.0,0.0
203,10-14,old_vaccine,0.0,0.0,0.0,0.0
203,10-14,new_vaccine,0.0,0.0,0.0,0.0
203,15-19,unvaccinated,11.0,364.3333333333333,0.0,0.0
203,15-19,old_vaccine,0.0,0.0,0.0,0.0
203,15-19,new_vaccine,0.0,0.0,0.0,0.0
203,20-24,unvaccinated,27.333333333333332,394.3333333333333,0.0,0.0
203,20-24,old_vaccine,0.0,0.0,0.0,0.0
203,20-24,new_vaccine,0.0,0.0,0.0,0.0
203,25-29,unvaccinated,49.333333333333336,423.6666666666667,0.0,0.0
203,25-29,old_vaccine,0.0,0.0,0.0,0.0
203,25-29,new_vaccine,0.0,0.0,0.0,0.0
203,30-34,unvaccinated,48.0,420.0,0.6666666666666666,0.0
203,30-34,old_vaccine,0.0,0.0,0.0,0.0
203,30-34,new_vaccine,0.0,0.0,0.0,0.0
203,35-39,unvaccinated,41.666666666666664,408.3333333333333,0.0,0.0
203,35-39,old_vaccine,0.0,0.0,0.0,0.0
203,35-39,new_vaccine,0.0,0.0,0.0,0.0
203,40-44,unvaccinated,37.0,405.6666666666667,0.6666666666666666,0.0
203,40-44,old_vaccine,0.0,0.0,0.0,0.0
203,40-44,new_vaccine,0.0,0.0,0.0,0.0
203,45-49,unvaccinated,50.333333333333336,394.0,0.0,0.0
203,45-49,old_vaccine,0.0,0.0,0.0,0.0
203,45-49,new_vaccine,0.0,0.0,0.0,0.0
203,50-54,unvaccinated,94.0,386.6666666666667,1.3333333333333333,0.0
203,50-54,old_vaccine,0.0,0.0,0.0,0.0
203,50-54,new_vaccine,0.0,0.0,0.0,0.0
203,55-59,unvaccinated,130.33333333333334,341.3333333333333,2.3333333333333335,0.3333333333333333
203,55-59,old_vaccine,0.0,0.0,0.0,0.0
203,55-59,new_vaccine,0.0,0.0,0.0,0.0
203,60-64,unvaccinated,107.66666666666667,285.3333333333333,1.6666666666666667,0.3333333333333333
203,60-64,old_vaccine,0.0,0.0,0.0,0.0
203,60-64,new_vaccine,0.0,0.0,0.0,0.0
203,65-69,unvaccinated,174.0,148.33333333333334,1.6666666666666667,0.0
203,65-69,old_vaccine,0.0,0.0,0.0,0.0
203,65-69,new_vaccine,0.0,0.0,0.0,0.0
203,70-74,unvaccinated,212.0,119.66666666666667,3.3333333333333335,1.6666666666666667
203,70-74,old_vaccine,0.0,0.0,0.0,0.0
203,70-74,new_vaccine,0.0,0.0,0.0,0.0
203,75+,unvaccinated,329.6666666666667,172.0,4.333333333333333,2.3333333333333335
203,75+,old_vaccine,0.0,0.0,0.0,0.0
203,75+,new_vaccine,0.0,0.0,0.0,0.0
204,0-4,unvaccinated,26.666666666666668,334.3333333333333,1.0,0.0
204,0-4,old_vaccine,0.0,0.0,0.0,0.0
204,0-4,new_vaccine,0.0,0.0,0.0,0.0
204,5-9,unvaccinated,5.666666666666667,401.6666666666667,0.3333333333333333,0.0
204,5-9,old_vaccine,0.0,0.0,0.0,0.0
204,5-9,new_vaccine,0.0,0.0,0.0,0.0
204,10-14,unvaccinated,10.333333333333334,384.6666666666667,0.0,0.0
204,10-14,old_vaccine,0.0,0.0,0.0,0.0
204,10-14,new_vaccine,0.0,0.0,0.0,0.0
204,15-19,unvaccinated,11.0,376.3333333333333,0.0,0.0
204,15-19,old_vaccine,0.0,0.0,0.0,0.0
204,15-19,new_vaccine,0.0,0.0,0.0,0.0
204,20-24,unvaccinated,26.666666666666668,395.3333333333333,0.3333333333333333,0.0
204,20-24,old_vaccine,0.0,0.0,0.0,0.0
204,20-24,new_vaccine,0.0,0.0,0.0,0.0
204,25-29,unvaccinated,35.0,418.0,0.3333333333333333,0.0
204,25-29,old_vaccine,0.0,0.0,0.0,0.0
204,25-29,new_vaccine,0.0,0.0,0.0,0.0
204,30-34,unvaccinated,46.333333333333336,438.0,0.3333333333333333,0.0
204,30-34,old_vaccine,0.0,0.0,0.0,0.0
204,30-34,new_vaccine,0.0,0.0,0.0,0.0
204,35-39,unvaccinated,47.0,429.0,0.3333333333333333,0.0
204,35-39,old_vaccine,0.0,0.0,0.0,0.0
204,35-39,new_vaccine,0.0,0.0,0.0,0.0
204,40-44,unvaccinated,43.333333333333336,411.0,0.3333333333333333,0.0
204,40-44,old_vaccine,0.0,0.0,0.0,0.0
204,40-44,new_vaccine,0.0,0.0,0.0,0.0
204,45-49,unvaccinated,62.333333333333336,370.6666666666667,0.0,0.0
204,45-49,old_vaccine,0.0,0.0,0.0,0.0
204,45-49,new_vaccine,0.0,0.0,0.0,0.0
204,50-54,unvaccinated,94.66666666666667,401.6666666666667,0.3333333333333333,0.0
204,50-54,old_vaccine,0.0,0.0,0.0,0.0
204,50-54,new_vaccine,0.0,0.0,0.0,0.0
204,55-59,unvaccinated,113.33333333333333,359.6666666666667,1.6666666666666667,0.0
204,55-59,old_vaccine,0.0,0.0,0.0,0.0
204,55-59,new_vaccine,0.0,0.0,0.0,0.0
204,60-64,unvaccinated,111.33333333333333,275.0,2.0,0.3333333333333333
204,60-64,old_vaccine,0.0,0.0,0.0,0.0
204,60-64,new_vaccine,0.0,0.0,0.0,0.0
204,65-69,unvaccinated,184.66666666666666,159.0,3.6666666666666665,0.0
204,65-69,old_vaccine,0.0,0.0,0.0,0.0
204,65-69,new_vaccine,0.0,0.0,0.0,0.0
204,70-74,unvaccinated,203.0,105.33333333333333,2.3333333333333335,1.0
204,70-74,old_vaccine,0.0,0.0,0.0,0.0
204,70-74,new_vaccine,0.0,0.0,0.0,0.0
204,75+,unvaccinated,314.6666666666667,151.0,5.333333333333333,2.3333333333333335
204,75+,old_vaccine,0.0,0.0,0.0,0.0
204,75+,new_vaccine,0.0,0.0,0.0,0.0
205,0-4,unvaccinated,29.333333333333332,350.0,0.0,0.0
205,0-4,old_vaccine,0.0,0.0,0.0,0.0
205,0-4,new_vaccine,0.0,0.0,0.0,0.0
205,5-9,unvaccinated,4.333333333333333,407.0,0.0,0.0
205,5-9,old_vaccine,0.0,0.0,0.0,0.0
205,5-9,new_vaccine,0.0,0.0,0.0,0.0
205,10-14,unvaccinated,11.333333333333334,395.3333333333333,0.0,0.0
205,10-14,old_vaccine,0.0,0.0,0.0,0.0
205,10-14,new_vaccine,0.0,0.0,0.0,0.0
205,15-19,unvaccinated,6.666666666666667,358.3333333333333,0.0,0.0
205,15-19,old_vaccine,0.0,0.0,0.0,0.0
205,15-19,new_vaccine,0.0,0.0,0.0,0.0
205,20-24,unvaccinated,28.0,382.3333333333333,0.0,0.0
205,20-24,old_vaccine,0.0,0.0,0.0,0.0
205,20-24,new_vaccine,0.0,0.0,0.0,0.0
205,25-29,unvaccinated,50.333333333333336,429.6666666666667,0.3333333333333333,0.0
205,25-29,old_vaccine,0.0,0.0,0.0,0.0
205,25-29,new_vaccine,0.0,0.0,0.0,0.0
205,30-34,unvaccinated,50.333333333333336,429.6666666666667,0.0,0.0
205,30-34,old_vaccine,0.0,0.0,0.0,0.0
205,30-34,new_vaccine,0.0,0.0,0.0,0.0
205,35-39,unvaccinated,49.0,419.6666666666667,0.0,0.0
205,35-39,old_vaccine,0.0,0.0,0.0,0.0
205,35-39,new_vaccine,0.0,0.0,0.0,0.0
205,40-44,unvaccinated,45.666666666666664,395.6666666666667,0.3333333333333333,0.0
205,40-44,old_vaccine,0.0,0.0,0.0,0.0
205,40-44,new_vaccine,0.0,0.0,0.0,0.0
205,45-49,unvaccinated,56.666666666666664,391.0,0.6666666666666666,0.0
205,45-49,old_vaccine,0.0,0.0,0.0,0.0
205,45-49,new_vaccine,0.0,0.0,0.0,0.0
205,50-54,unvaccinated,88.66666666666667,397.0,1.0,0.0
205,50-54,old_vaccine,0.0,0.0,0.0,0.0
205,50-54,new_vaccine,0.0,0.0,0.0,0.0
205,55-59,unvaccinated,119.66666666666667,351.3333333333333,0.0,0.0
205,55-59,old_vaccine,0.0,0.0,0.0,0.0
205,55-59,new_vaccine,0.0,0.0,0.0,0.0
205,60-64,unvaccinated,119.0,290.3333333333333,2.3333333333333335,0.0
205,60-64,old_vaccine,0.0,0.0,0.0,0.0
205,60-64,new_vaccine,0.0,0.0,0.0,0.0
205,65-69,unvaccinated,185.33333333333334,150.33333333333334,4.0,0.0
205,65-69,old_vaccine,0.0,0.0,0.0,0.0
205,65-69,new_vaccine,0.0,0.0,0.0,0.0
205,70-74,unvaccinated,197.0,107.0,2.6666666666666665,0.6666666666666666
205,70-74,old_vaccine,0.0,0.0,0.0,0.0
205,70-74,new_vaccine,0.0,0.0,0.0,0.0
205,75+,unvaccinated,338.3333333333333,166.66666666666666,3.0,2.3333333333333335
205,75+,old_vaccine,0.0,0.0,0.0,0.0
205,75+,new_vaccine,0.0,0.0,0.0,0.0
206,0-4,unvaccinated,29.666666666666668,327.6666666666667,0.3333333333333333,0.0
206,0-4,old_vaccine,0.0,0.0,0.0,0.0
206,0-4,new_vaccine,0.0,0.0,0.0,0.0
206,5-9,unvaccinated,9.0,410.0,0.0,0.0
206,5-9,old_vaccine,0.0,0.0,0.0,0.0
206,5-9,new_vaccine,0.0,0.0,0.0,0.0
206,10-14,unvaccinated,8.333333333333334,375.6666666666667,0.3333333333333333,0.0
206,10-14,old_vaccine,0.0,0.0,0.0,0.0
206,10-14,new_vaccine,0.0,0.0,0.0,0.0
206,15-19,unvaccinated,9.333333333333334,363.0,0.0,0.0
206,15-19,old_vaccine,0.0,0.0,0.0,0.0
206,15-19,new_vaccine,0.0,0.0,0.0,0.0
206,20-24,unvaccinated,25.0,393.0,0.0,0.0
206,20-24,old_vaccine,0.0,0.0,0.0,0.0
206,20-24,new_vaccine,0.0,0.0,0.0,0.0
206,25-29,unvaccinated,48.666666666666664,430.3333333333333,0.0,0.0
206,25-29,old_vaccine,0.0,0.0,0.0,0.0
206,25-29,new_vaccine,0.0,0.0,0.0,0.0
206,30-34,unvaccinated,53.666666666666664,452.3333333333333,0.0,0.0
206,30-34,old_vaccine,0.0,0.0,0.0,0.0
206,30-34,new_vaccine,0.0,0.0,0.0,0.0
206,35-39,unvaccinated,42.0,453.3333333333333,0.3333333333333333,0.0
206,35-39,old_vaccine,0.0,0.0,0.0,0.0
206,35-39,new_vaccine,0.0,0.0,0.0,0.0
206,40-44,unvaccinated,45.666666666666664,417.3333333333333,0.6666666666666666,0.0
206,40-44,old_vaccine,0.0,0.0,0.0,0.0
206,40-44,new_vaccine,0.0,0.0,0.0,0.0
206,45-49,unvaccinated,52.0,380.3333333333333,1.0,0.0
206,45-49,old_vaccine,0.0,0.0,0.0,0.0
206,45-49,new_vaccine,0.0,0.0,0.0,0.0
206,50-54,unvaccinated,94.0,391.3333333333333,1.0,0.0
206,50-54,old_vaccine,0.0,0.0,0.0,0.0
206,50-54,new_vaccine,0.0,0.0,0.0,0.0
206,55-59,unvaccinated,122.33333333333333,346.6666666666667,1.3333333333333333,0.3333333333333333
206,55-59,old_vaccine,0.0,0.0,0.0,0.0
206,55-59,new_vaccine,0.0,0.0,0.0,0.0
206,60-64,unvaccinated,114.33333333333333,288.3333333333333,1.0,0.0
206,60-64,old_vaccine,0.0,0.0,0.0,0.0
206,60-64,new_vaccine,0.0,0.0,0.0,0.0
206,65-69,unvaccinated,180.66666666666666,152.0,2.3333333333333335,0.3333333333333333
206,65-69,old_vaccine,0.0,0.0,0.0,0.0
206,65-69,new_vaccine,0.0,0.0,0.0,0.0
206,70-74,unvaccinated,199.66666666666666,109.66666666666667,2.0,0.0
206,70-74,old_vaccine,0.0,0.0,0.0,0.0
206,70-74,new_vaccine,0.0,0.0,0.0,0.0
206,75+,unvaccinated,330.3333333333333,167.33333333333334,5.333333333333333,2.3333333333333335
206,75+,old_vaccine,0.0,0.0,0.0,0.0
206,75+,new_vaccine,0.0,0.0,0.0,0.0
207,0-4,unvaccinated,25.0,344.3333333333333,0.0,0.0
207,0-4,old_vaccine,0.0,0.0,0.0,0.0
207,0-4,new_vaccine,0.0,0.0,0.0,0.0
207,5-9,unvaccinated,5.333333333333333,385.0,0.0,0.0
207,5-9,old_vaccine,0.0,0.0,0.0,0.0
207,5-9,new_vaccine,0.0,0.0,0.0,0.0
207,10-14,unvaccinated,8.333333333333334,366.3333333333333,0.0,0.0
207,10-14,old_vaccine,0.0,0.0,0.0,0.0
207,10-14,new_vaccine,0.0,0.0,0.0,0.0
207,15-19,unvaccinated,9.0,368.6666666666667,0.0,0.0
207,15-19,old_vaccine,0.0,0.0,0.0,0.0
207,15-19,new_vaccine,0.0,0.0,0.0,0.0
207,20-24,unvaccinated,26.0,396.6666666666667,0.0,0.0
207,20-24,old_vaccine,0.0,0.0,0.0,0.0
207,20-24,new_vaccine,0.0,0.0,0.0,0.0
207,25-29,unvaccinated,46.333333333333336,452.3333333333333,0.0,0.0
207,25-29,old_vaccine,0.0,0.0,0.0,0.0
207,25-29,new_vaccine,0.0,0.0,0.0,0.0
207,30-34,unvaccinated,42.666666666666664,418.0,0.0,0.0
207,30-34,old_vaccine,0.0,0.0,0.0,0.0
207,30-34,new_vaccine,0.0,0.0,0.0,0.0
207,35-39,unvaccinated,44.333333333333336,438.6666666666667,0.0,0.0
207,35-39,old_vaccine,0.0,0.0,0.0,0.0
207,35-39,new_vaccine,0.0,0.0,0.0,0.0
207,40-44,unvaccinated,45.666666666666664,441.0,0.6666666666666666,0.0
207,40-44,old_vaccine,0.0,0.0,0.0,0.0
207,40-44,new_vaccine,0.0,0.0,0.0,0.0
207,45-49,unvaccinated,52.333333333333336,388.3333333333333,1.0,0.0
207,45-49,old_vaccine,0.0,0.0,0.0,0.0
207,45-49,new_vaccine,0.0,0.0,0.0,0.0
207,50-54,unvaccinated,94.0,387.0,0.3333333333333333,0.0
207,50-54,old_vaccine,0.0,0.0,0.0,0.0
207,50-54,new_vaccine,0.0,0.0,0.0,0.0
207,55-59,unvaccinated,123.33333333333333,345.0,1.3333333333333333,0.0
207,55-59,old_vaccine,0.0,0.0,0.0,0.0
207,55-59,new_vaccine,0.0,0.0,0.0,0.0
207,60-64,unvaccinated,113.0,279.0,1.6666666666666667,0.3333333333333333
207,60-64,old_vaccine,0.0,0.0,0.0,0.0
207,60-64,new_vaccine,0.0,0.0,0.0,0.0
207,65-69,unvaccinated,176.33333333333334,149.33333333333334,3.6666666666666665,0.3333333333333333
207,65-69,old_vaccine,0.0,0.0,0.0,0.0
207,65-69,new_vaccine,0.0,0.0,0.0,0.0
207,70-74,unvaccinated,202.0,110.0,2.0,1.0
207,70-74,old_vaccine,0.0,0.0,0.0,0.0
207,70-74,new_vaccine,0.0,0.0,0.0,0.0
207,75+,unvaccinated,321.0,161.33333333333334,4.333333333333333,3.0
207,75+,old_vaccine,0.0,0.0,0.0,0.0
207,75+,new_vaccine,0.0,0.0,0.0,0.0
208,0-4,unvaccinated,25.0,354.6666666666667,0.0,0.0
208,0-4,old_vaccine,0.0,0.0,0.0,0.0
208,0-4,new_vaccine,0.0,0.0,0.0,0.0
208,5-9,unvaccinated,4.666666666666667,411.6666666666667,0.0,0.0
208,5-9,old_vaccine,0.0,0.0,0.0,0.0
208,5-9,new_vaccine,0.0,0.0,0.0,0.0
208,10-14,unvaccinated,8.666666666666666,385.6666666666667,0.0,0.0
208,10-14,old_vaccine,0.0,0.0,0.0,0.0
208,10-14,new_vaccine,0.0,0.0,0.0,0.0
208,15-19,unvaccinated,8.666666666666666,366.3333333333333,0.0,0.0
208,15-19,old_vaccine,0.0,0.0,0.0,0.0
208,15-19,new_vaccine,0.0,0.0,0.0,0.0
208,20-24,unvaccinated,29.666666666666668,403.0,0.0,0.0
208,20-24,old_vaccine,0.0,0.0,0.0,0.0
208,20-24,new_vaccine,0.0,0.0,0.0,0.0
208,25-29,unvaccinated,40.0,424.3333333333333,0.0,0.0
208,25-29,old_vaccine,0.0,0.0,0.0,0.0
208,25-29,new_vaccine,0.0,0.0,0.0,0.0
208,30-34,unvaccinated,46.666666666666664,411.6666666666667,0.0,0.0
208,30-34,old_vaccine,0.0,0.0,0.0,0.0
208,30-34,new_vaccine,0.0,0.0,0.0,0.0
208,35-39,unvaccinated,45.0,421.6666666666667,0.6666666666666666,0.0
208,35-39,old_vaccine,0.0,0.0,0.0,0.0
208,35-39,new_vaccine,0.0,0.0,0.0,0.0
208,40-44,unvaccinated,45.666666666666664,414.0,0.0,0.0
208,40-44,old_vaccine,0.0,0.0,0.0,0.0
208,40-44,new_vaccine,0.0,0.0,0.0,0.0
208,45-49,unvaccinated,58.0,398.0,0.3333333333333333,0.0
208,45-49,old_vaccine,0.0,0.0,0.0,0.0
208,45-49,new_vaccine,0.0,0.0,0.0,0.0
208,50-54,unvaccinated,89.0,392.3333333333333,1.0,0.0
208,50-54,old_vaccine,0.0,0.0,0.0,0.0
208,50-54,new_vaccine,0.0,0.0,0.0,0.0
208,55-59,unvaccinated,115.0,332.0,0.6666666666666666,0.6666666666666666
208,55-59,old_vaccine,0.0,0.0,0.0,0.0
208,55-59,new_vaccine,0.0,0.0,0.0,0.0
208,60-64,unvaccinated,108.33333333333333,288.6666666666667,1.3333333333333333,0.0
208,60-64,old_vaccine,0.0,0.0,0.0,0.0
208,60-64,new_vaccine,0.0,0.0,0.0,0.0
208,65-69,unvaccinated,191.0,164.33333333333334,3.3333333333333335,0.3333333333333333
208,65-69,old_vaccine,0.0,0.0,0.0,0.0
208,65-69,new_vaccine,0.0,0.0,0.0,0.0
208,70-74,unvaccinated,188.0,117.66666666666667,3.3333333333333335,1.0
208,70-74,old_vaccine,0.0,0.0,0.0,0.0
208,70-74,new_vaccine,0.0,0.0,0.0,0.0
208,75+,unvaccinated,348.6666666666667,158.0,6.666666666666667,1.3333333333333333
208,75+,old_vaccine,0.0,0.0,0.0,0.0
208,75+,new_vaccine,0.0,0.0,0.0,0.0
209,0-4,unvaccinated,26.0,356.0,0.0,0.0
209,0-4,old_vaccine,0.0,0.0,0.0,0.0
209,0-4,new_vaccine,0.0,0.0,0.0,0.0
209,5-9,unvaccinated,7.333333333333333,389.3333333333333,0.0,0.0
209,5-9,old_vaccine,0.0,0.0,0.0,0.0
209,5-9,new_vaccine,0.0,0.0,0.0,0.0
209,10-14,unvaccinated,12.333333333333334,382.0,0.0,0.0
209,10-14,old_vaccine,0.0,0.0,0.0,0.0
209,10-14,new_vaccine,0.0,0.0,0.0,0.0
209,15-19,unvaccinated,10.333333333333334,365.0,0.0,0.0
209,15-19,old_vaccine,0.0,0.0,0.0,0.0
209,15-19,new_vaccine,0.0,0.0,0.0,0.0
209,20-24,unvaccinated,23.666666666666668,384.3333333333333,0.0,0.0
209,20-24,old_vaccine,0.0,0.0,0.0,0.0
209,20-24,new_vaccine,0.0,0.0,0.0,0.0
209,25-29,unvaccinated,45.666666666666664,431.3333333333333,0.0,0.0
209,25-29,old_vaccine,0.0,0.0,0.0,0.0
209,25-29,new_vaccine,0.0,0.0,0.0,0.0
209,30-34,unvaccinated,58.666666666666664,436.6666666666667,0.0,0.0
209,30-34,old_vaccine,0.0,0.0,0.0,0.0
209,30-34,new_vaccine,0.0,0.0,0.0,0.0
209,35-39,unvaccinated,45.333333333333336,442.3333333333333,0.3333333333333333,0.0
209,35-39,old_vaccine,0.0,0.0,0.0,0.0
209,35-39,new_vaccine,0.0,0.0,0.0,0.0
209,40-44,unvaccinated,46.666666666666664,425.3333333333333,1.0,0.0
209,40-44,old_vaccine,0.0,0.0,0.0,0.0
209,40-44,new_vaccine,0.0,0.0,0.0,0.0
209,45-49,unvaccinated,49.0,387.0,0.3333333333333333,0.0
209,45-49,old_vaccine,0.0,0.0,0.0,0.0
209,45-49,new_vaccine,0.0,0.0,0.0,0.0
209,50-54,unvaccinated,103.33333333333333,390.0,1.6666666666666667,0.0
209,50-54,old_vaccine,0.0,0.0,0.0,0.0
209,50-54,new_vaccine,0.0,0.0,0.0,0.0
209,55-59,unvaccinated,111.66666666666667,332.3333333333333,1.3333333333333333,0.3333333333333333
209,55-59,old_vaccine,0.0,0.0,0.0,0.0
209,55-59,new_vaccine,0.0,0.0,0.0,0.0
209,60-64,unvaccinated,119.0,275.6666666666667,1.6666666666666667,0.6666666666666666
209,60-64,old_vaccine,0.0,0.0,0.0,0.0
209,60-64,new_vaccine,0.0,0.0,0.0,0.0
209,65-69,unvaccinated,173.33333333333334,145.0,2.6666666666666665,0.3333333333333333
209,65-69,old_vaccine,0.0,0.0,0.0,0.0
209,65-69,new_vaccine,0.0,0.0,0.0,0.0
209,70-74,unvaccinated,205.66666666666666,111.33333333333333,3.3333333333333335,1.0
209,70-74,old_vaccine,0.0,0.0,0.0,0.0
209,70-74,new_vaccine,0.0,0.0,0.0,0.0
209,75+,unvaccinated,326.0,152.33333333333334,5.0,3.6666666666666665
209,75+,old_vaccine,0.0,0.0,0.0,0.0
209,75+,new_vaccine,0.0,0.0,0.0,0.0
210,0-4,unvaccinated,23.666666666666668,344.3333333333333,0.0,0.0
210,0-4,old_vaccine,0.0,0.0,0.0,0.0
210,0-4,new_vaccine,0.0,0.0,0.0,0.0
210,5-9,unvaccinated,6.666666666666667,411.6666666666667,0.3333333333333333,0.0
210,5-9,old_vaccine,0.0,0.0,0.0,0.0
210,5-9,new_vaccine,0.0,0.0,0.0,0.0
210,10-14,unvaccinated,11.666666666666666,394.6666666666667,0.0,0.0
210,10-14,old_vaccine,0.0,0.0,0.0,0.0
210,10-14,new_vaccine,0.0,0.0,0.0,0.0
210,15-19,unvaccinated,11.0,368.6666666666667,0.0,0.0
210,15-19,old_vaccine,0.0,0.0,0.0,0.0
210,15-19,new_vaccine,0.0,0.0,0.0,0.0
210,20-24,unvaccinated,27.333333333333332,386.3333333333333,0.0,0.0
210,20-24,old_vaccine,0.0,0.0,0.0,0.0
210,20-24,new_vaccine,0.0,0.0,0.0,0.0
210,25-29,unvaccinated,42.333333333333336,431.0,0.0,0.0
210,25-29,old_vaccine,0.0,0.0,0.0,0.0
210,25-29,new_vaccine,0.0,0.0,0.0,0.0
210,30-34,unvaccinated,47.0,436.6666666666667,0.0,0.0
210,30-34,old_vaccine,0.0,0.0,0.0,0.0
210,30-34,new_vaccine,0.0,0.0,0.0,0.0
210,35-39,unvaccinated,44.0,407.3333333333333,0.0,0.0
210,35-39,old_vaccine,0.0,0.0,0.0,0.0
210,35-39,new_vaccine,0.0,0.0,0.0,0.0
210,40-44,unvaccinated,45.333333333333336,415.3333333333333,1.0,0.0
210,40-44,old_vaccine,0.0,0.0,0.0,0.0
210,40-44,new_vaccine,0.0,0.0,0.0,0.0
210,45-49,unvaccinated,62.0,391.3333333333333,0.6666666666666666,0.0
210,45-49,old_vaccine,0.0,0.0,0.0,0.0
210,45-49,new_vaccine,0.0,0.0,0.0,0.0
210,50-54,unvaccinated,93.0,367.0,0.6666666666666666,0.0
210,50-54,old_vaccine,0.0,0.0,0.0,0.0
210,50-54,new_vaccine,0.0,0.0,0.0,0.0
210,55-59,unvaccinated,116.33333333333333,350.3333333333333,1.6666666666666667,0.0
210,55-59,old_vaccine,0.0,0.0,0.0,0.0
210,55-59,new_vaccine,0.0,0.0,0.0,0.0
210,60-64,unvaccinated,121.33333333333333,274.6666666666667,1.3333333333333333,0.6666666666666666
210,60-64,old_vaccine,0.0,0.0,0.0,0.0
210,60-64,new_vaccine,0.0,0.0,0.0,0.0
210,65-69,unvaccinated,181.33333333333334,158.0,3.0,0.0
210,65-69,old_vaccine,0.0,0.0,0.0,0.0
210,65-69,new_vaccine,0.0,0.0,0.0,0.0
210,70-74,unvaccinated,215.0,118.0,2.6666666666666665,1.6666666666666667
210,70-74,old_vaccine,0.0,0.0,0.0,0.0
210,70-74,new_vaccine,0.0,0.0,0.0,0.0
210,75+,unvaccinated,339.6666666666667,168.33333333333334,4.333333333333333,3.0
210,75+,old_vaccine,0.0,0.0,0.0,0.0
210,75+,new_vaccine,0.0,0.0,0.0,0.0
211,0-4,unvaccinated,26.666666666666668,337.6666666666667,1.0,0.0
211,0-4,old_vaccine,0.0,0.0,0.0,0.0
211,0-4,new_vaccine,0.0,0.0,0.0,0.0
211,5-9,unvaccinated,8.666666666666666,421.0,0.0,0.0
211,5-9,old_vaccine,0.0,0.0,0.0,0.0
211,5-9,new_vaccine,0.0,0.0,0.0,0.0
211,10-14,unvaccinated,7.0,391.6666666666667,0.0,0.0
211,10-14,old_vaccine,0.0,0.0,0.0,0.0
211,10-14,new_vaccine,0.0,0.0,0.0,0.0
211,15-19,unvaccinated,11.0,362.3333333333333,0.0,0.0
211,15-19,old_vaccine,0.0,0.0,0.0,0.0
211,15-19,new_vaccine,0.0,0.0,0.0,0.0
211,20-24,unvaccinated,23.666666666666668,390.6666666666667,0.0,0.0
211,20-24,old_vaccine,0.0,0.0,0.0,0.0
211,20-24,new_vaccine,0.0,0.0,0.0,0.0
211,25-29,unvaccinated,47.0,432.0,0.0,0.0
211,25-29,old_vaccine,0.0,0.0,0.0,0.0
211,25-29,new_vaccine,0.0,0.0,0.0,0.0
211,30-34,unvaccinated,53.333333333333336,415.0,0.0,0.0
211,30-34,old_vaccine,0.0,0.0,0.0,0.0
211,30-34,new_vaccine,0.0,0.0,0.0,0.0
211,35-39,unvaccinated,44.333333333333336,442.3333333333333,0.0,0.0
211,35-39,old_vaccine,0.0,0.0,0.0,0.0
211,35-39,new_vaccine,0.0,0.0,0.0,0.0
211,40-44,unvaccinated,41.333333333333336,385.6666666666667,0.0,0.0
211,40-44,old_vaccine,0.0,0.0,0.0,0.0
211,40-44,new_vaccine,0.0,0.0,0.0,0.0
211,45-49,unvaccinated,59.666666666666664,402.3333333333333,0.3333333333333333,0.0
211,45-49,old_vaccine,0.0,0.0,0.0,0.0
211,45-49,new_vaccine,0.0,0.0,0.0,0.0
211,50-54,unvaccinated,81.0,385.0,1.0,0.0
211,50-54,old_vaccine,0.0,0.0,0.0,0.0
211,50-54,new_vaccine,0.0,0.0,0.0,0.0
211,55-59,unvaccinated,126.33333333333333,343.3333333333333,1.0,0.0
211,55-59,old_vaccine,0.0,0.0,0.0,0.0
211,55-59,new_vaccine,0.0,0.0,0.0,0.0
211,60-64,unvaccinated,119.0,276.0,1.6666666666666667,0.0
211,60-64,old_vaccine,0.0,0.0,0.0,0.0
211,60-64,new_vaccine,0.0,0.0,0.0,0.0
211,65-69,unvaccinated,178.33333333333334,157.0,3.6666666666666665,0.6666666666666666
211,65-69,old_vaccine,0.0,0.0,0.0,0.0
211,65-69,new_vaccine,0.0,0.0,0.0,0.0
211,70-74,unvaccinated,196.66666666666666,107.0,3.0,1.6666666666666667
211,70-74,old_vaccine,0.0,0.0,0.0,0.0
211,70-74,new_vaccine,0.0,0.0,0.0,0.0
211,75+,unvaccinated,321.3333333333333,168.33333333333334,5.333333333333333,2.6666666666666665
211,75+,old_vaccine,0.0,0.0,0.0,0.0
211,75+,new_vaccine,0.0,0.0,0.0,0.0
212,0-4,unvaccinated,25.666666666666668,336.3333333333333,0.3333333333333333,0.0
212,0-4,old_vaccine,0.0,0.0,0.0,0.0
212,0-4,new_vaccine,0.0,0.0,0.0,0.0
212,5-9,unvaccinated,4.333333333333333,414.3333333333333,0.0,0.0
212,5-9,old_vaccine,0.0,0.0,0.0,0.0
212,5-9,new_vaccine,0.0,0.0,0.0,0.0
212,10-14,unvaccinated,9.666666666666666,382.0,0.0,0.0
212,10-14,old_vaccine,0.0,0.0,0.0,0.0
212,10-14,new_vaccine,0.0,0.0,0.0,0.0
212,15-19,unvaccinated,9.0,354.6666666666667,0.0,0.0
212,15-19,old_vaccine,0.0,0.0,0.0,0.0
212,15-19,new_vaccine,0.0,0.0,0.0,0.0
212,20-24,unvaccinated,30.333333333333332,408.0,0.0,0.0
212,20-24,old_vaccine,0.0,0.0,0.0,0.0
212,20-24,new_vaccine,0.0,0.0,0.0,0.0
212,25-29,unvaccinated,44.666666666666664,437.3333333333333,0.0,0.0
212,25-29,old_vaccine,0.0,0.0,0.0,0.0
212,25-29,new_vaccine,0.0,0.0,0.0,0.0
212,30-34,unvaccinated,55.666666666666664,433.6666666666667,0.0,0.0
212,30-34,old_vaccine,0.0,0.0,0.0,0.0
212,30-34,new_vaccine,0.0,0.0,0.0,0.0
212,35-39,unvaccinated,45.0,444.6666666666667,0.3333333333333333,0.0
212,35-39,old_vaccine,0.0,0.0,0.0,0.0
212,35-39,new_vaccine,0.0,0.0,0.0,0.0
212,40-44,unvaccinated,47.0,416.3333333333333,0.3333333333333333,0.0
212,40-44,old_vaccine,0.0,0.0,0.0,0.0
212,40-44,new_vaccine,0.0,0.0,0.0,0.0
212,45-49,unvaccinated,62.666666666666664,385.3333333333333,1.0,0.0
212,45-49,old_vaccine,0.0,0.0,0.0,0.0
212,45-49,new_vaccine,0.0,0.0,0.0,0.0
212,50-54,unvaccinated,86.33333333333333,381.0,1.3333333333333333,0.0
212,50-54,old_vaccine,0.0,0.0,0.0,0.0
212,50-54,new_vaccine,0.0,0.0,0.0,0.0
212,55-59,unvaccinated,127.66666666666667,330.3333333333333,1.0,1.0
212,55-59,old_vaccine,0.0,0.0,0.0,0.0
212,55-59,new_vaccine,0.0,0.0,0.0,0.0
212,60-64,unvaccinated,124.0,282.3333333333333,1.6666666666666667,0.0
212,60-64,old_vaccine,0.0,0.0,0.0,0.0
212,60-64,new_vaccine,0.0,0.0,0.0,0.0
212,65-69,unvaccinated,171.33333333333334,155.33333333333334,4.0,0.6666666666666666
212,65-69,old_vaccine,0.0,0.0,0.0,0.0
212,65-69,new_vaccine,0.0,0.0,0.0,0.0
212,70-74,unvaccinated,188.66666666666666,119.0,4.0,0.6666666666666666
212,70-74,old_vaccine,0.0,0.0,0.0,0.0
212,70-74,new_vaccine,0.0,0.0,0.0,0.0
212,75+,unvaccinated,337.0,158.33333333333334,5.333333333333333,2.6666666666666665
212,75+,old_vaccine,0.0,0.0,0.0,0.0
212,75+,new_vaccine,0.0,0.0,0.0,0.0
213,0-4,unvaccinated,26.333333333333332,331.3333333333333,0.3333333333333333,0.0
213,0-4,old_vaccine,0.0,0.0,0.0,0.0
213,0-4,new_vaccine,0.0,0.0,0.0,0.0
213,5-9,unvaccinated,5.0,390.6666666666667,0.0,0.0
213,5-9,old_vaccine,0.0,0.0,0.0,0.0
213,5-9,new_vaccine,0.0,0.0,0.0,0.0
213,10-14,unvaccinated,5.0,392.3333333333333,0.0,0.0
213,10-14,old_vaccine,0.0,0.0,0.0,0.0
213,10-14,new_vaccine,0.0,0.0,0.0,0.0
213,15-19,unvaccinated,13.333333333333334,350.6666666666667,0.0,0.0
213,15-19,old_vaccine,0.0,0.0,0.0,0.0
213,15-19,new_vaccine,0.0,0.0,0.0,0.0
213,20-24,unvaccinated,25.666666666666668,382.3333333333333,0.0,0.0
213,20-24,old_vaccine,0.0,0.0,0.0,0.0
213,20-24,new_vaccine,0.0,0.0,0.0,0.0
213,25-29,unvaccinated,41.666666666666664,403.3333333333333,0.0,0.3333333333333333
213,25-29,old_vaccine,0.0,0.0,0.0,0.0
213,25-29,new_vaccine,0.0,0.0,0.0,0.0
213,30-34,unvaccinated,48.333333333333336,439.3333333333333,0.3333333333333333,0.0
213,30-34,old_vaccine,0.0,0.0,0.0,0.0
213,30-34,new_vaccine,0.0,0.0,0.0,0.0
213,35-39,unvaccinated,38.333333333333336,430.3333333333333,0.3333333333333333,0.0
213,35-39,old_vaccine,0.0,0.0,0.0,0.0
213,35-39,new_vaccine,0.0,0.0,0.0,0.0
213,40-44,unvaccinated,39.0,428.6666666666667,0.3333333333333333,0.0
213,40-44,old_vaccine,0.0,0.0,0.0,0.0
213,40-44,new_vaccine,0.0,0.0,0.0,0.0
213,45-49,unvaccinated,52.0,383.6666666666667,0.6666666666666666,0.0
213,45-49,old_vaccine,0.0,0.0,0.0,0.0
213,45-49,new_vaccine,0.0,0.0,0.0,0.0
213,50-54,unvaccinated,88.66666666666667,402.6666666666667,1.3333333333333333,0.0
213,50-54,old_vaccine,0.0,0.0,0.0,0.0
213,50-54,new_vaccine,0.0,0.0,0.0,0.0
213,55-59,unvaccinated,121.66666666666667,350.3333333333333,1.3333333333333333,0.0
213,55-59,old_vaccine,0.0,0.0,0.0,0.0
213,55-59,new_vaccine,0.0,0.0,0.0,0.0
213,60-64,unvaccinated,108.33333333333333,295.0,1.6666666666666667,0.3333333333333333
213,60-64,old_vaccine,0.0,0.0,0.0,0.0
213,60-64,new_vaccine,0.0,0.0,0.0,0.0
213,65-69,unvaccinated,168.0,143.66666666666666,3.3333333333333335,0.3333333333333333
213,65-69,old_vaccine,0.0,0.0,0.0,0.0
213,65-69,new_vaccine,0.0,0.0,0.0,0.0
213,70-74,unvaccinated,205.66666666666666,119.33333333333333,2.0,0.0
213,70-74,old_vaccine,0.0,0.0,0.0,0.0
213,70-74,new_vaccine,0.0,0.0,0.0,0.0
213,75+,unvaccinated,327.6666666666667,159.0,5.0,3.3333333333333335
213,75+,old_vaccine,0.0,0.0,0.0,0.0
213,75+,new_vaccine,0.0,0.0,0.0,0.0
214,0-4,unvaccinated,22.0,357.3333333333333,0.0,0.0
214,0-4,old_vaccine,0.0,0.0,0.0,0.0
214,0-4,new_vaccine,0.0,0.0,0.0,0.0
214,5-9,unvaccinated,6.333333333333333,409.6666666666667,0.0,0.0
214,5-9,old_vaccine,0.0,0.0,0.0,0.0
214,5-9,new_vaccine,0.0,0.0,0.0,0.0
214,10-14,unvaccinated,12.333333333333334,406.6666666666667,0.0,0.0
214,10-14,old_vaccine,0.0,0.0,0.0,0.0
214,10-14,new_vaccine,0.0,0.0,0.0,0.0
214,15-19,unvaccinated,8.333333333333334,367.3333333333333,0.0,0.0
214,15-19,old_vaccine,0.0,0.0,0.0,0.0
214,15-19,new_vaccine,0.0,0.0,0.0,0.0
214,20-24,unvaccinated,29.333333333333332,391.6666666666667,0.0,0.0
214,20-24,old_vaccine,0.0,0.0,0.0,0.0
214,20-24,new_vaccine,0.0,0.0,0.0,0.0
214,25-29,unvaccinated,44.0,417.6666666666667,0.0,0.0
214,25-29,old_vaccine,0.0,0.0,0.0,0.0
214,25-29,new_vaccine,0.0,0.0,0.0,0.0
214,30-34,unvaccinated,46.333333333333336,420.3333333333333,0.3333333333333333,0.0
214,30-34,old_vaccine,0.0,0.0,0.0,0.0
214,30-34,new_vaccine,0.0,0.0,0.0,0.0
214,35-39,unvaccinated,45.666666666666664,433.6666666666667,0.6666666666666666,0.0
214,35-39,old_vaccine,0.0,0.0,0.0,0.0
214,35-39,new_vaccine,0.0,0.0,0.0,0.0
214,40-44,unvaccinated,42.0,404.0,0.0,0.0
214,40-44,old_vaccine,0.0,0.0,0.0,0.0
214,40-44,new_vaccine,0.0,0.0,0.0,0.0
214,45-49,unvaccinated,56.0,388.0,0.3333333333333333,0.3333333333333333
214,45-49,old_vaccine,0.0,0.0,0.0,0.0
214,45-49,new_vaccine,0.0,0.0,0.0,0.0
214,50-54,unvaccinated,85.66666666666667,388.0,1.3333333333333333,0.0
214,50-54,old_vaccine,0.0,0.0,0.0,0.0
214,50-54,new_vaccine,0.0,0.0,0.0,0.0
214,55-59,unvaccinated,103.66666666666667,343.3333333333333,2.6666666666666665,0.3333333333333333
214,55-59,old_vaccine,0.0,0.0,0.0,0.0
214,55-59,new_vaccine,0.0,0.0,0.0,0.0
214,60-64,unvaccinated,109.66666666666667,263.3333333333333,1.0,0.0
214,60-64,old_vaccine,0.0,0.0,0.0,0.0
214,60-64,new_vaccine,0.0,0.0,0.0,0.0
214,65-69,unvaccinated,191.0,149.33333333333334,5.0,0.3333333333333333
214,65-69,old_vaccine,0.0,0.0,0.0,0.0
214,65-69,new_vaccine,0.0,0.0,0.0,0.0
214,70-74,unvaccinated,215.0,114.0,2.0,0.3333333333333333
214,70-74,old_vaccine,0.0,0.0,0.0,0.0
214,70-74,new_vaccine,0.0,0.0,0.0,0.0
214,75+,unvaccinated,336.6666666666667,164.0,6.333333333333333,3.3333333333333335
214,75+,old_vaccine,0.0,0.0,0.0,0.0
214,75+,new_vaccine,0.0,0.0,0.0,0.0
215,0-4,unvaccinated,28.333333333333332,342.3333333333333,0.3333333333333333,0.0
215,0-4,old_vaccine,0.0,0.0,0.0,0.0
215,0-4,new_vaccine,0.0,0.0,0.0,0.0
215,5-9,unvaccinated,8.666666666666666,395.0,0.0,0.0
215,5-9,old_vaccine,0.0,0.0,0.0,0.0
215,5-9,new_vaccine,0.0,0.0,0.0,0.0
215,10-14,unvaccinated,7.0,389.0,0.0,0.0
215,10-14,old_vaccine,0.0,0.0,0.0,0.0
215,10-14,new_vaccine,0.0,0.0,0.0,0.0
215,15-19,unvaccinated,10.333333333333334,353.6666666666667,0.0,0.0
215,15-19,old_vaccine,0.0,0.0,0.0,0.0
215,15-19,new_vaccine,0.0,0.0,0.0,0.0
215,20-24,unvaccinated,25.333333333333332,392.0,0.3333333333333333,0.0
215,20-24,old_vaccine,0.0,0.0,0.0,0.0
215,20-24,new_vaccine,0.0,0.0,0.0,0.0
215,25-29,unvaccinated,43.666666666666664,435.3333333333333,0.3333333333333333,0.0
215,25-29,old_vaccine,0.0,0.0,0.0,0.0
215,25-29,new_vaccine,0.0,0.0,0.0,0.0
215,30-34,unvaccinated,53.666666666666664,431.0,0.0,0.0
215,30-34,old_vaccine,0.0,0.0,0.0,0.0
215,30-34,new_vaccine,0.0,0.0,0.0,0.0
215,35-39,unvaccinated,44.666666666666664,424.6666666666667,0.3333333333333333,0.0
215,35-39,old_vaccine,0.0,0.0,0.0,0.0
215,35-39,new_vaccine,0.0,0.0,0.0,0.0
215,40-44,unvaccinated,46.333333333333336,420.3333333333333,0.6666666666666666,0.0
215,40-44,old_vaccine,0.0,0.0,0.0,0.0
215,40-44,new_vaccine,0.0,0.0,0.0,0.0
215,45-49,unvaccinated,50.0,404.3333333333333,0.6666666666666666,0.3333333333333333
215,45-49,old_vaccine,0.0,0.0,0.0,0.0
215,45-49,new_vaccine,0.0,0.0,0.0,0.0
215,50-54,unvaccinated,95.0,384.6666666666667,0.6666666666666666,0.0
215,50-54,old_vaccine,0.0,0.0,0.0,0.0
215,50-54,new_vaccine,0.0,0.0,0.0,0.0
215,55-59,unvaccinated,128.33333333333334,343.6666666666667,1.3333333333333333,0.3333333333333333
215,55-59,old_vaccine,0.0,0.0,0.0,0.0
215,55-59,new_vaccine,0.0,0.0,0.0,0.0
215,60-64,unvaccinated,113.0,284.0,1.0,0.0
215,60-64,old_vaccine,0.0,0.0,0.0,0.0
215,60-64,new_vaccine,0.0,0.0,0.0,0.0
215,65-69,unvaccinated,181.0,164.0,2.0,0.3333333333333333
215,65-69,old_vaccine,0.0,0.0,0.0,0.0
215,65-69,new_vaccine,0.0,0.0,0.0,0.0
215,70-74,unvaccinated,198.0,117.33333333333333,3.0,0.3333333333333333
215,70-74,old_vaccine,0.0,0.0,0.0,0.0
215,70-74,new_vaccine,0.0,0.0,0.0,0.0
215,75+,unvaccinated,319.6666666666667,166.0,8.333333333333334,1.6666666666666667
215,75+,old_vaccine,0.0,0.0,0.0,0.0
215,75+,new_vaccine,0.0,0.0,0.0,0.0
216,0-4,unvaccinated,21.333333333333332,348.0,0.0,0.0
216,0-4,old_vaccine,0.0,0.0,0.0,0.0
216,0-4,new_vaccine,0.0,0.0,0.0,0.0
216,5-9,unvaccinated,4.666666666666667,390.0,0.3333333333333333,0.0
216,5-9,old_vaccine,0.0,0.0,0.0,0.0
216,5-9,new_vaccine,0.0,0.0,0.0,0.0
216,10-14,unvaccinated,10.0,390.3333333333333,0.0,0.0
216,10-14,old_vaccine,0.0,0.0,0.0,0.0
216,10-14,new_vaccine,0.0,0.0,0.0,0.0
216,15-19,unvaccinated,10.333333333333334,371.6666666666667,0.6666666666666666,0.0
216,15-19,old_vaccine,0.0,0.0,0.0,0.0
216,15-19,new_vaccine,0.0,0.0,0.0,0.0
216,20-24,unvaccinated,27.0,394.6666666666667,0.0,0.0
216,20-24,old_vaccine,0.0,0.0,0.0,0.0
216,20-24,new_vaccine,0.0,0.0,0.0,0.0
216,25-29,unvaccinated,48.666666666666664,431.0,0.0,0.0
216,25-29,old_vaccine,0.0,0.0,0.0,0.0
216,25-29,new_vaccine,0.0,0.0,0.0,0.0
216,30-34,unvaccinated,44.666666666666664,435.0,0.0,0.0
216,30-34,old_vaccine,0.0,0.0,0.0,0.0
216,30-34,new_vaccine,0.0,0.0,0.0,0.0
216,35-39,unvaccinated,36.0,412.0,0.0,0.0
216,35-39,old_vaccine,0.0,0.0,0.0,0.0
216,35-39,new_vaccine,0.0,0.0,0.0,0.0
216,40-44,unvaccinated,38.0,400.6666666666667,0.0,0.0
216,40-44,old_vaccine,0.0,0.0,0.0,0.0
216,40-44,new_vaccine,0.0,0.0,0.0,0.0
216,45-49,unvaccinated,66.66666666666667,394.0,0.6666666666666666,0.0
216,45-49,old_vaccine,0.0,0.0,0.0,0.0
216,45-49,new_vaccine,0.0,0.0,0.0,0.0
216,50-54,unvaccinated,95.0,413.6666666666667,0.3333333333333333,0.3333333333333333
216,50-54,old_vaccine,0.0,0.0,0.0,0.0
216,50-54,new_vaccine,0.0,0.0,0.0,0.0
216,55-59,unvaccinated,127.33333333333333,359.0,1.3333333333333333,0.3333333333333333
216,55-59,old_vaccine,0.0,0.0,0.0,0.0
216,55-59,new_vaccine,0.0,0.0,0.0,0.0
216,60-64,unvaccinated,121.0,285.0,2.3333333333333335,0.3333333333333333
216,60-64,old_vaccine,0.0,0.0,0.0,0.0
216,60-64,new_vaccine,0.0,0.0,0.0,0.0
216,65-69,unvaccinated,174.33333333333334,146.33333333333334,2.6666666666666665,0.0
216,65-69,old_vaccine,0.0,0.0,0.0,0.0
216,65-69,new_vaccine,0.0,0.0,0.0,0.0
216,70-74,unvaccinated,198.66666666666666,116.66666666666667,2.3333333333333335,1.0
216,70-74,old_vaccine,0.0,0.0,0.0,0.0
216,70-74,new_vaccine,0.0,0.0,0.0,0.0
216,75+,unvaccinated,340.0,174.33333333333334,5.666666666666667,3.6666666666666665
216,75+,old_vaccine,0.0,0.0,0.0,0.0
216,75+,new_vaccine,0.0,0.0,0.0,0.0
217,0-4,unvaccinated,25.666666666666668,360.6666666666667,0.3333333333333333,0.0
217,0-4,old_vaccine,0.0,0.0,0.0,0.0
217,0-4,new_vaccine,0.0,0.0,0.0,0.0
217,5-9,unvaccinated,7.666666666666667,394.0,0.0,0.0
217,5-9,old_vaccine,0.0,0.0,0.0,0.0
217,5-9,new_vaccine,0.0,0.0,0.0,0.0
217,10-14,unvaccinated,7.666666666666667,392.3333333333333,0.0,0.0
217,10-14,old_vaccine,0.0,0.0,0.0,0.0
217,10-14,new_vaccine,0.0,0.0,0.0,0.0
217,15-19,unvaccinated,11.666666666666666,372.0,0.3333333333333333,0.0
217,15-19,old_vaccine,0.0,0.0,0.0,0.0
217,15-19,new_vaccine,0.0,0.0,0.0,0.0
217,20-24,unvaccinated,28.333333333333332,385.3333333333333,0.3333333333333333,0.0
217,20-24,old_vaccine,0.0,0.0,0.0,0.0
217,20-24,new_vaccine,0.0,0.0,0.0,0.0
217,25-29,unvaccinated,50.0,413.6666666666667,0.0,0.0
217,25-29,old_vaccine,0.0,0.0,0.0,0.0
217,25-29,new_vaccine,0.0,0.0,0.0,0.0
217,30-34,unvaccinated,57.0,438.3333333333333,0.0,0.0
217,30-34,old_vaccine,0.0,0.0,0.0,0.0
217,30-34,new_vaccine,0.0,0.0,0.0,0.0
217,35-39,unvaccinated,44.333333333333336,435.6666666666667,1.0,0.0
217,35-39,old_vaccine,0.0,0.0,0.0,0.0
217,35-39,new_vaccine,0.0,0.0,0.0,0.0
217,40-44,unvaccinated,54.0,406.3333333333333,0.0,0.0
217,40-44,old_vaccine,0.0,0.0,0.0,0.0
217,40-44,new_vaccine,0.0,0.0,0.0,0.0
217,45-49,unvaccinated,54.666666666666664,385.6666666666667,0.6666666666666666,0.0
217,45-49,old_vaccine,0.0,0.0,0.0,0.0
217,45-49,new_vaccine,0.0,0.0,0.0,0.0
217,50-54,unvaccinated,93.0,383.0,1.3333333333333333,0.0
217,50-54,old_vaccine,0.0,0.0,0.0,0.0
217,50-54,new_vaccine,0.0,0.0,0.0,0.0
217,55-59,unvaccinated,124.66666666666667,355.0,1.6666666666666667,0.0
217,55-59,old_vaccine,0.0,0.0,0.0,0.0
217,55-59,new_vaccine,0.0,0.0,0.0,0.0
217,60-64,unvaccinated,119.66666666666667,289.3333333333333,2.0,0.6666666666666666
217,60-64,old_vaccine,0.0,0.0,0.0,0.0
217,60-64,new_vaccine,0.0,0.0,0.0,0.0
217,65-69,unvaccinated,181.33333333333334,145.66666666666666,3.6666666666666665,0.0
217,65-69,old_vaccine,0.0,0.0,0.0,0.0
217,65-69,new_vaccine,0.0,0.0,0.0,0.0
217,70-74,unvaccinated,209.33333333333334,125.33333333333333,2.0,0.3333333333333333
217,70-74,old_vaccine,0.0,0.0,0.0,0.0
217,70-74,new_vaccine,0.0,0.0,0.0,0.0
217,75+,unvaccinated,321.0,149.33333333333334,7.0,3.6666666666666665
217,75+,old_vaccine,0.0,0.0,0.0,0.0
217,75+,new_vaccine,0.0,0.0,0.0,0.0
218,0-4,unvaccinated,26.0,332.6666666666667,0.3333333333333333,0.0
218,0-4,old_vaccine,0.0,0.0,0.0,0.0
218,0-4,new_vaccine,0.0,0.0,0.0,0.0
218,5-9,unvaccinated,6.666666666666667,393.3333333333333,0.0,0.0
218,5-9,old_vaccine,0.0,0.0,0.0,0.0
218,5-9,new_vaccine,0.0,0.0,0.0,0.0
218,10-14,unvaccinated,6.666666666666667,361.3333333333333,0.0,0.0
218,10-14,old_vaccine,0.0,0.0,0.0,0.0
218,10-14,new_vaccine,0.0,0.0,0.0,0.0
218,15-19,unvaccinated,12.333333333333334,363.6666666666667,0.0,0.0
218,15-19,old_vaccine,0.0,0.0,0.0,0.0
218,15-19,new_vaccine,0.0,0.0,0.0,0.0
218,20-24,unvaccinated,26.0,388.3333333333333,0.0,0.0
218,20-24,old_vaccine,0.0,0.0,0.0,0.0
218,20-24,new_vaccine,0.0,0.0,0.0,0.0
218,25-29,unvaccinated,47.666666666666664,424.0,0.0,0.0
218,25-29,old_vaccine,0.0,0.0,0.0,0.0
218,25-29,new_vaccine,0.0,0.0,0.0,0.0
218,30-34,unvaccinated,40.333333333333336,442.3333333333333,0.0,0.0
218,30-34,old_vaccine,0.0,0.0,0.0,0.0
218,30-34,new_vaccine,0.0,0.0,0.0,0.0
218,35-39,unvaccinated,46.0,429.0,0.3333333333333333,0.0
218,35-39,old_vaccine,0.0,0.0,0.0,0.0
218,35-39,new_vaccine,0.0,0.0,0.0,0.0
218,40-44,unvaccinated,43.333333333333336,409.0,0.6666666666666666,0.0
218,40-44,old_vaccine,0.0,0.0,0.0,0.0
218,40-44,new_vaccine,0.0,0.0,0.0,0.0
218,45-49,unvaccinated,58.0,385.0,0.3333333333333333,0.0
218,45-49,old_vaccine,0.0,0.0,0.0,0.0
218,45-49,new_vaccine,0.0,0.0,0.0,0.0
218,50-54,unvaccinated,88.66666666666667,401.6666666666667,3.0,0.0
218,50-54,old_vaccine,0.0,0.0,0.0,0.0
218,50-54,new_vaccine,0.0,0.0,0.0,0.0
218,55-59,unvaccinated,124.33333333333333,355.0,1.3333333333333333,0.0
218,55-59,old_vaccine,0.0,0.0,0.0,0.0
218,55-59,new_vaccine,0.0,0.0,0.0,0.0
218,60-64,unvaccinated,118.33333333333333,281.6666666666667,1.0,0.6666666666666666
218,60-64,old_vaccine,0.0,0.0,0.0,0.0
218,60-64,new_vaccine,0.0,0.0,0.0,0.0
218,65-69,unvaccinated,180.33333333333334,143.33333333333334,3.6666666666666665,0.3333333333333333
218,65-69,old_vaccine,0.0,0.0,0.0,0.0
218,65-69,new_vaccine,0.0,0.0,0.0,0.0
218,70-74,unvaccinated,195.0,117.0,1.3333333333333333,0.0
218,70-74,old_vaccine,0.0,0.0,0.0,0.0
218,70-74,new_vaccine,0.0,0.0,0.0,0.0
218,75+,unvaccinated,345.0,158.66666666666666,4.666666666666667,2.3333333333333335
218,75+,old_vaccine,0.0,0.0,0.0,0.0
218,75+,new_vaccine,0.0,0.0,0.0,0.0
219,0-4,unvaccinated,29.666666666666668,333.3333333333333,1.0,0.0
219,0-4,old_vaccine,0.0,0.0,0.0,0.0
219,0-4,new_vaccine,0.0,0.0,0.0,0.0
219,5-9,unvaccinated,7.0,384.6666666666667,0.0,0.0
219,5-9,old_vaccine,0.0,0.0,0.0,0.0
219,5-9,new_vaccine,0.0,0.0,0.0,0.0
219,10-14,unvaccinated,6.333333333333333,391.3333333333333,0.0,0.0
219,10-14,old_vaccine,0.0,0.0,0.0,0.0
219,10-14,new_vaccine,0.0,0.0,0.0,0.0
219,15-19,unvaccinated,10.333333333333334,355.0,0.0,0.0
219,15-19,old_vaccine,0.0,0.0,0.0,0.0
219,15-19,new_vaccine,0.0,0.0,0.0,0.0
219,20-24,unvaccinated,30.666666666666668,371.3333333333333,0.3333333333333333,0.0
219,20-24,old_vaccine,0.0,0.0,0.0,0.0
219,20-24,new_vaccine,0.0,0.0,0.0,0.0
219,25-29,unvaccinated,42.666666666666664,428.6666666666667,0.3333333333333333,0.0
219,25-29,old_vaccine,0.0,0.0,0.0,0.0
219,25-29,new_vaccine,0.0,0.0,0.0,0.0
219,30-34,unvaccinated,51.666666666666664,414.0,0.0,0.0
219,30-34,old_vaccine,0.0,0.0,0.0,0.0
219,30-34,new_vaccine,0.0,0.0,0.0,0.0
219,35-39,unvaccinated,44.333333333333336,428.0,0.3333333333333333,0.0
219,35-39,old_vaccine,0.0,0.0,0.0,0.0
219,35-39,new_vaccine,0.0,0.0,0.0,0.0
219,40-44,unvaccinated,45.666666666666664,419.6666666666667,1.0,0.0
219,40-44,old_vaccine,0.0,0.0,0.0,0.0
219,40-44,new_vaccine,0.0,0.0,0.0,0.0
219,45-49,unvaccinated,57.0,378.3333333333333,1.0,0.0
219,45-49,old_vaccine,0.0,0.0,0.0,0.0
219,45-49,new_vaccine,0.0,0.0,0.0,0.0
219,50-54,unvaccinated,94.0,377.6666666666667,0.6666666666666666,0.0
219,50-54,old_vaccine,0.0,0.0,0.0,0.0
219,50-54,new_vaccine,0.0,0.0,0.0,0.0
219,55-59,unvaccinated,123.33333333333333,337.3333333333333,0.3333333333333333,0.0
219,55-59,old_vaccine,0.0,0.0,0.0,0.0
219,55-59,new_vaccine,0.0,0.0,0.0,0.0
219,60-64,unvaccinated,110.66666666666667,279.6666666666667,1.6666666666666667,0.0
219,60-64,old_vaccine,0.0,0.0,0.0,0.0
219,60-64,new_vaccine,0.0,0.0,0.0,0.0
219,65-69,unvaccinated,183.33333333333334,151.0,2.3333333333333335,0.0
219,65-69,old_vaccine,0.0,0.0,0.0,0.0
219,65-69,new_vaccine,0.0,0.0,0.0,0.0
219,70-74,unvaccinated,192.66666666666666,116.0,3.0,0.6666666666666666
219,70-74,old_vaccine,0.0,0.0,0.0,0.0
219,70-74,new_vaccine,0.0,0.0,0.0,0.0
219,75+,unvaccinated,323.6666666666667,149.66666666666666,6.666666666666667,2.6666666666666665
219,75+,old_vaccine,0.0,0.0,0.0,0.0
219,75+,new_vaccine,0.0,0.0,0.0,0.0
220,0-4,unvaccinated,29.0,349.3333333333333,0.0,0.0
220,0-4,old_vaccine,0.0,0.0,0.0,0.0
220,0-4,new_vaccine,0.0,0.0,0.0,0.0
220,5-9,unvaccinated,4.0,406.6666666666667,0.0,0.0
220,5-9,old_vaccine,0.0,0.0,0.0,0.0
220,5-9,new_vaccine,0.0,0.0,0.0,0.0
220,10-14,unvaccinated,9.0,377.0,0.3333333333333333,0.0
220,10-14,old_vaccine,0.0,0.0,0.0,0.0
220,10-14,new_vaccine,0.0,0.0,0.0,0.0
220,15-19,unvaccinated,13.0,371.6666666666667,0.0,0.0
220,15-19,old_vaccine,0.0,0.0,0.0,0.0
220,15-19,new_vaccine,0.0,0.0,0.0,0.0
220,20-24,unvaccinated,24.666666666666668,380.3333333333333,0.0,0.3333333333333333
220,20-24,old_vaccine,0.0,0.0,0.0,0.0
220,20-24,new_vaccine,0.0,0.0,0.0,0.0
220,25-29,unvaccinated,49.666666666666664,437.0,0.0,0.0
220,25-29,old_vaccine,0.0,0.0,0.0,0.0
220,25-29,new_vaccine,0.0,0.0,0.0,0.0
220,30-34,unvaccinated,52.0,425.0,0.0,0.0
220,30-34,old_vaccine,0.0,0.0,0.0,0.0
220,30-34,new_vaccine,0.0,0.0,0.0,0.0
220,35-39,unvaccinated,44.0,448.6666666666667,0.3333333333333333,0.0
220,35-39,old_vaccine,0.0,0.0,0.0,0.0
220,35-39,new_vaccine,0.0,0.0,0.0,0.0
220,40-44,unvaccinated,46.0,418.6666666666667,0.3333333333333333,0.0
220,40-44,old_vaccine,0.0,0.0,0.0,0.0
220,40-44,new_vaccine,0.0,0.0,0.0,0.0
220,45-49,unvaccinated,56.0,362.0,1.0,0.0
220,45-49,old_vaccine,0.0,0.0,0.0,0.0
220,45-49,new_vaccine,0.0,0.0,0.0,0.0
220,50-54,unvaccinated,97.33333333333333,402.0,0.0,0.0
220,50-54,old_vaccine,0.0,0.0,0.0,0.0
220,50-54,new_vaccine,0.0,0.0,0.0,0.0
220,55-59,unvaccinated,126.66666666666667,341.3333333333333,0.3333333333333333,0.0
220,55-59,old_vaccine,0.0,0.0,0.0,0.0
220,55-59,new_vaccine,0.0,0.0,0.0,0.0
220,60-64,unvaccinated,103.0,278.3333333333333,1.6666666666666667,0.3333333333333333
220,60-64,old_vaccine,0.0,0.0,0.0,0.0
220,60-64,new_vaccine,0.0,0.0,0.0,0.0
220,65-69,unvaccinated,174.66666666666666,156.0,1.3333333333333333,0.0
220,65-69,old_vaccine,0.0,0.0,0.0,0.0
220,65-69,new_vaccine,0.0,0.0,0.0,0.0
220,70-74,unvaccinated,204.0,126.33333333333333,1.3333333333333333,1.3333333333333333
220,70-74,old_vaccine,0.0,0.0,0.0,0.0
220,70-74,new_vaccine,0.0,0.0,0.0,0.0
220,75+,unvaccinated,327.3333333333333,166.33333333333334,7.0,3.0
220,75+,old_vaccine,0.0,0.0,0.0,0.0
220,75+,new_vaccine,0.0,0.0,0.0,0.0
221,0-4,unvaccinated,25.666666666666668,339.3333333333333,0.0,0.0
221,0-4,old_vaccine,0.0,0.0,0.0,0.0
221,0-4,new_vaccine,0.0,0.0,0.0,0.0
221,5-9,unvaccinated,5.666666666666667,385.3333333333333,0.0,0.0
221,5-9,old_vaccine,0.0,0.0,0.0,0.0
221,5-9,new_vaccine,0.0,0.0,0.0,0.0
221,10-14,unvaccinated,11.333333333333334,383.3333333333333,0.0,0.0
221,10-14,old_vaccine,0.0,0.0,0.0,0.0
221,10-14,new_vaccine,0.0,0.0,0.0,0.0
221,15-19,unvaccinated,9.0,376.3333333333333,0.0,0.0
221,15-19,old_vaccine,0.0,0.0,0.0,0.0
221,15-19,new_vaccine,0.0,0.0,0.0,0.0
221,20-24,unvaccinated,33.333333333333336,406.6666666666667,0.0,0.0
221,20-24,old_vaccine,0.0,0.0,0.0,0.0
221,20-24,new_vaccine,0.0,0.0,0.0,0.0
221,25-29,unvaccinated,48.666666666666664,415.0,0.0,0.0
221,25-29,old_vaccine,0.0,0.0,0.0,0.0
221,25-29,new_vaccine,0.0,0.0,0.0,0.0
221,30-34,unvaccinated,53.0,454.3333333333333,0.3333333333333333,0.0
221,30-34,old_vaccine,0.0,0.0,0.0,0.0
221,30-34,new_vaccine,0.0,0.0,0.0,0.0
221,35-39,unvaccinated,50.666666666666664,415.3333333333333,0.0,0.0
221,35-39,old_vaccine,0.0,0.0,0.0,0.0
221,35-39,new_vaccine,0.0,0.0,0.0,0.0
221,40-44,unvaccinated,44.333333333333336,413.3333333333333,0.0,0.0
221,40-44,old_vaccine,0.0,0.0,0.0,0.0
221,40-44,new_vaccine,0.0,0.0,0.0,0.0
221,45-49,unvaccinated,47.666666666666664,407.0,0.3333333333333333,0.0
221,45-49,old_vaccine,0.0,0.0,0.0,0.0
221,45-49,new_vaccine,0.0,0.0,0.0,0.0
221,50-54,unvaccinated,94.0,378.3333333333333,0.3333333333333333,0.0
221,50-54,old_vaccine,0.0,0.0,0.0,0.0
221,50-54,new_vaccine,0.0,0.0,0.0,0.0
221,55-59,unvaccinated,120.33333333333333,341.3333333333333,2.6666666666666665,0.3333333333333333
221,55-59,old_vaccine,0.0,0.0,0.0,0.0
221,55-59,new_vaccine,0.0,0.0,0.0,0.0
221,60-64,unvaccinated,109.33333333333333,288.3333333333333,1.6666666666666667,0.0
221,60-64,old_vaccine,0.0,0.0,0.0,0.0
221,60-64,new_vaccine,0.0,0.0,0.0,0.0
221,65-69,unvaccinated,183.0,159.0,5.666666666666667,0.6666666666666666
221,65-69,old_vaccine,0.0,0.0,0.0,0.0
221,65-69,new_vaccine,0.0,0.0,0.0,0.0
221,70-74,unvaccinated,203.0,113.33333333333333,3.0,0.3333333333333333
221,70-74,old_vaccine,0.0,0.0,0.0,0.0
221,70-74,new_vaccine,0.0,0.0,0.0,0.0
221,75+,unvaccinated,333.6666666666667,152.66666666666666,6.666666666666667,1.6666666666666667
221,75+,old_vaccine,0.0,0.0,0.0,0.0
221,75+,new_vaccine,0.0,0.0,0.0,0.0
222,0-4,unvaccinated,23.0,343.6666666666667,0.0,0.0
222,0-4,old_vaccine,0.0,0.0,0.0,0.0
222,0-4,new_vaccine,0.0,0.0,0.0,0.0
222,5-9,unvaccinated,6.0,404.0,0.0,0.0
222,5-9,old_vaccine,0.0,0.0,0.0,0.0
222,5-9,new_vaccine,0.0,0.0,0.0,0.0
222,10-14,unvaccinated,8.333333333333334,396.6666666666667,0.0,0.0
222,10-14,old_vaccine,0.0,0.0,0.0,0.0
222,10-14,new_vaccine,0.0,0.0,0.0,0.0
222,15-19,unvaccinated,12.0,362.6666666666667,0.0,0.0
222,15-19,old_vaccine,0.0,0.0,0.0,0.0
222,15-19,new_vaccine,0.0,0.0,0.0,0.0
222,20-24,unvaccinated,27.0,400.3333333333333,0.0,0.0
222,20-24,old_vaccine,0.0,0.0,0.0,0.0
222,20-24,new_vaccine,0.0,0.0,0.0,0.0
222,25-29,unvaccinated,48.333333333333336,437.0,0.0,0.0
222,25-29,old_vaccine,0.0,0.0,0.0,0.0
222,25-29,new_vaccine,0.0,0.0,0.0,0.0
222,30-34,unvaccinated,45.666666666666664,425.0,0.0,0.0
222,30-34,old_vaccine,0.0,0.0,0.0,0.0
222,30-34,new_vaccine,0.0,0.0,0.0,0.0
222,35-39,unvaccinated,44.333333333333336,430.0,0.3333333333333333,0.0
222,35-39,old_vaccine,0.0,0.0,0.0,0.0
222,35-39,new_vaccine,0.0,0.0,0.0,0.0
222,40-44,unvaccinated,51.333333333333336,420.3333333333333,0.3333333333333333,0.0
222,40-44,old_vaccine,0.0,0.0,0.0,0.0
222,40-44,new_vaccine,0.0,0.0,0.0,0.0
222,45-49,unvaccinated,62.0,394.0,0.6666666666666666,0.0
222,45-49,old_vaccine,0.0,0.0,0.0,0.0
222,45-49,new_vaccine,0.0,0.0,0.0,0.0
222,50-54,unvaccinated,88.0,383.3333333333333,1.3333333333333333,0.3333333333333333
222,50-54,old_vaccine,0.0,0.0,0.0,0.0
222,50-54,new_vaccine,0.0,0.0,0.0,0.0
222,55-59,unvaccinated,130.33333333333334,341.0,1.6666666666666667,0.3333333333333333
222,55-59,old_vaccine,0.0,0.0,0.0,0.0
222,55-59,new_vaccine,0.0,0.0,0.0,0.0
222,60-64,unvaccinated,125.0,277.0,1.3333333333333333,0.6666666666666666
222,60-64,old_vaccine,0.0,0.0,0.0,0.0
222,60-64,new_vaccine,0.0,0.0,0.0,0.0
222,65-69,unvaccinated,172.66666666666666,135.66666666666666,2.0,0.0
222,65-69,old_vaccine,0.0,0.0,0.0,0.0
222,65-69,new_vaccine,0.0,0.0,0.0,0.0
222,70-74,unvaccinated,206.33333333333334,115.66666666666667,3.0,0.6666666666666666
222,70-74,old_vaccine,0.0,0.0,0.0,0.0
222,70-74,new_vaccine,0.0,0.0,0.0,0.0
222,75+,unvaccinated,353.3333333333333,164.66666666666666,8.666666666666666,2.6666666666666665
222,75+,old_vaccine,0.0,0.0,0.0,0.0
222,75+,new_vaccine,0.0,0.0,0.0,0.0
223,0-4,unvaccinated,26.0,342.0,0.0,0.0
223,0-4,old_vaccine,0.0,0.0,0.0,0.0
223,0-4,new_vaccine,0.0,0.0,0.0,0.0
223,5-9,unvaccinated,5.666666666666667,392.0,0.0,0.0
223,5-9,old_vaccine,0.0,0.0,0.0,0.0
223,5-9,new_vaccine,0.0,0.0,0.0,0.0
223,10-14,unvaccinated,9.0,407.0,0.0,0.0
223,10-14,old_vaccine,0.0,0.0,0.0,0.0
223,10-14,new_vaccine,0.0,0.0,0.0,0.0
223,15-19,unvaccinated,11.0,364.6666666666667,0.0,0.0
223,15-19,old_vaccine,0.0,0.0,0.0,0.0
223,15-19,new_vaccine,0.0,0.0,0.0,0.0
223,20-24,unvaccinated,27.666666666666668,389.3333333333333,0.0,0.0
223,20-24,old_vaccine,0.0,0.0,0.0,0.0
223,20-24,new_vaccine,0.0,0.0,0.0,0.0
223,25-29,unvaccinated,42.333333333333336,416.3333333333333,0.0,0.0
223,25-29,old_vaccine,0.0,0.0,0.0,0.0
223,25-29,new_vaccine,0.0,0.0,0.0,0.0
223,30-34,unvaccinated,41.666666666666664,424.6666666666667,0.3333333333333333,0.0
223,30-34,old_vaccine,0.0,0.0,0.0,0.0
223,30-34,new_vaccine,0.0,0.0,0.0,0.0
223,35-39,unvaccinated,48.666666666666664,425.6666666666667,0.0,0.0
223,35-39,old_vaccine,0.0,0.0,0.0,0.0
223,35-39,new_vaccine,0.0,0.0,0.0,0.0
223,40-44,unvaccinated,45.666666666666664,420.6666666666667,0.6666666666666666,0.0
223,40-44,old_vaccine,0.0,0.0,0.0,0.0
223,40-44,new_vaccine,0.0,0.0,0.0,0.0
223,45-49,unvaccinated,63.666666666666664,396.3333333333333,0.3333333333333333,0.0
223,45-49,old_vaccine,0.0,0.0,0.0,0.0
223,45-49,new_vaccine,0.0,0.0,0.0,0.0
223,50-54,unvaccinated,95.0,384.3333333333333,1.0,0.0
223,50-54,old_vaccine,0.0,0.0,0.0,0.0
223,50-54,new_vaccine,0.0,0.0,0.0,0.0
223,55-59,unvaccinated,119.66666666666667,346.6666666666667,0.6666666666666666,0.3333333333333333
223,55-59,old_vaccine,0.0,0.0,0.0,0.0
223,55-59,new_vaccine,0.0,0.0,0.0,0.0
223,60-64,unvaccinated,111.33333333333333,294.6666666666667,0.3333333333333333,0.0
223,60-64,old_vaccine,0.0,0.0,0.0,0.0
223,60-64,new_vaccine,0.0,0.0,0.0,0.0
223,65-69,unvaccinated,179.0,165.33333333333334,1.6666666666666667,0.0
223,65-69,old_vaccine,0.0,0.0,0.0,0.0
223,65-69,new_vaccine,0.0,0.0,0.0,0.0
223,70-74,unvaccinated,196.66666666666666,109.0,3.0,1.3333333333333333
223,70-74,old_vaccine,0.0,0.0,0.0,0.0
223,70-74,new_vaccine,0.0,0.0,0.0,0.0
223,75+,unvaccinated,338.6666666666667,144.33333333333334,2.0,3.0
223,75+,old_vaccine,0.0,0.0,0.0,0.0
223,75+,new_vaccine,0.0,0.0,0.0,0.0
224,0-4,unvaccinated,25.666666666666668,370.3333333333333,0.0,0.0
224,0-4,old_vaccine,0.0,0.0,0.0,0.0
224,0-4,new_vaccine,0.0,0.0,0.0,0.0
224,5-9,unvaccinated,5.666666666666667,421.0,0.0,0.0
224,5-9,old_vaccine,0.0,0.0,0.0,0.0
224,5-9,new_vaccine,0.0,0.0,0.0,0.0
224,10-14,unvaccinated,7.0,371.0,0.0,0.0
224,10-14,old_vaccine,0.0,0.0,0.0,0.0
224,10-14,new_vaccine,0.0,0.0,0.0,0.0
224,15-19,unvaccinated,9.333333333333334,364.3333333333333,0.0,0.0
224,15-19,old_vaccine,0.0,0.0,0.0,0.0
224,15-19,new_vaccine,0.0,0.0,0.0,0.0
224,20-24,unvaccinated,24.333333333333332,399.0,0.0,0.0
224,20-24,old_vaccine,0.0,0.0,0.0,0.0
224,20-24,new_vaccine,0.0,0.0,0.0,0.0
224,25-29,unvaccinated,49.666666666666664,435.6666666666667,0.0,0.0
224,25-29,old_vaccine,0.0,0.0,0.0,0.0
224,25-29,new_vaccine,0.0,0.0,0.0,0.0
224,30-34,unvaccinated,48.666666666666664,422.3333333333333,0.0,0.0
224,30-34,old_vaccine,0.0,0.0,0.0,0.0
224,30-34,new_vaccine,0.0,0.0,0.0,0.0
224,35-39,unvaccinated,49.0,442.3333333333333,0.3333333333333333,0.0
224,35-39,old_vaccine,0.0,0.0,0.0,0.0
224,35-39,new_vaccine,0.0,0.0,0.0,0.0
224,40-44,unvaccinated,38.0,407.6666666666667,0.0,0.3333333333333333
224,40-44,old_vaccine,0.0,0.0,0.0,0.0
224,40-44,new_vaccine,0.0,0.0,0.0,0.0
224,45-49,unvaccinated,54.333333333333336,413.0,0.6666666666666666,0.0
224,45-49,old_vaccine,0.0,0.0,0.0,0.0
224,45-49,new_vaccine,0.0,0.0,0.0,0.0
224,50-54,unvaccinated,90.33333333333333,414.6666666666667,2.6666666666666665,0.0
224,50-54,old_vaccine,0.0,0.0,0.0,0.0
224,50-54,new_vaccine,0.0,0.0,0.0,0.0
224,55-59,unvaccinated,120.33333333333333,333.0,1.3333333333333333,0.3333333333333333
224,55-59,old_vaccine,0.0,0.0,0.0,0.0
224,55-59,new_vaccine,0.0,0.0,0.0,0.0
224,60-64,unvaccinated,113.0,291.3333333333333,1.0,0.0
224,60-64,old_vaccine,0.0,0.0,0.0,0.0
224,60-64,new_vaccine,0.0,0.0,0.0,0.0
224,65-69,unvaccinated,173.33333333333334,159.33333333333334,2.3333333333333335,0.6666666666666666
224,65-69,old_vaccine,0.0,0.0,0.0,0.0
224,65-69,new_vaccine,0.0,0.0,0.0,0.0
224,70-74,unvaccinated,194.0,110.0,4.666666666666667,1.0
224,70-74,old_vaccine,0.0,0.0,0.0,0.0
224,70-74,new_vaccine,0.0,0.0,0.0,0.0
224,75+,unvaccinated,332.6666666666667,160.0,6.0,4.666666666666667
224,75+,old_vaccine,0.0,0.0,0.0,0.0
224,75+,new_vaccine,0.0,0.0,0.0,0.0
225,0-4,unvaccinated,24.0,353.3333333333333,0.6666666666666666,0.0
225,0-4,old_vaccine,0.0,0.0,0.0,0.0
225,0-4,new_vaccine,0.0,0.0,0.0,0.0
225,5-9,unvaccinated,5.0,411.0,0.0,0.0
225,5-9,old_vaccine,0.0,0.0,0.0,0.0
225,5-9,new_vaccine,0.0,0.0,0.0,0.0
225,10-14,unvaccinated,9.0,353.3333333333333,0.0,0.0
225,10-14,old_vaccine,0.0,0.0,0.0,0.0
225,10-14,new_vaccine,0.0,0.0,0.0,0.0
225,15-19,unvaccinated,9.333333333333334,349.0,0.0,0.0
225,15-19,old_vaccine,0.0,0.0,0.0,0.0
225,15-19,new_vaccine,0.0,0.0,0.0,0.0
225,20-24,unvaccinated,27.0,400.0,0.0,0.0
225,20-24,old_vaccine,0.0,0.0,0.0,0.0
225,20-24,new_vaccine,0.0,0.0,0.0,0.0
225,25-29,unvaccinated,55.333333333333336,424.6666666666667,0.3333333333333333,0.0
225,25-29,old_vaccine,0.0,0.0,0.0,0.0
225,25-29,new_vaccine,0.0,0.0,0.0,0.0
225,30-34,unvaccinated,57.0,435.6666666666667,0.0,0.0
225,30-34,old_vaccine,0.0,0.0,0.0,0.0
225,30-34,new_vaccine,0.0,0.0,0.0,0.0
225,35-39,unvaccinated,47.333333333333336,413.0,0.6666666666666666,0.0
225,35-39,old_vaccine,0.0,0.0,0.0,0.0
225,35-39,new_vaccine,0.0,0.0,0.0,0.0
225,40-44,unvaccinated,43.666666666666664,405.3333333333333,0.3333333333333333,0.0
225,40-44,old_vaccine,0.0,0.0,0.0,0.0
225,40-44,new_vaccine,0.0,0.0,0.0,0.0
225,45-49,unvaccinated,55.666666666666664,401.6666666666667,0.6666666666666666,0.0
225,45-49,old_vaccine,0.0,0.0,0.0,0.0
225,45-49,new_vaccine,0.0,0.0,0.0,0.0
225,50-54,unvaccinated,84.33333333333333,386.0,1.0,0.0
225,50-54,old_vaccine,0.0,0.0,0.0,0.0
225,50-54,new_vaccine,0.0,0.0,0.0,0.0
225,55-59,unvaccinated,113.66666666666667,344.0,0.3333333333333333,0.0
225,55-59,old_vaccine,0.0,0.0,0.0,0.0
225,55-59,new_vaccine,0.0,0.0,0.0,0.0
225,60-64,unvaccinated,129.0,278.3333333333333,1.3333333333333333,0.0
225,60-64,old_vaccine,0.0,0.0,0.0,0.0
225,60-64,new_vaccine,0.0,0.0,0.0,0.0
225,65-69,unvaccinated,177.33333333333334,147.66666666666666,1.3333333333333333,0.3333333333333333
225,65-69,old_vaccine,0.0,0.0,0.0,0.0
225,65-69,new_vaccine,0.0,0.0,0.0,0.0
225,70-74,unvaccinated,197.33333333333334,103.66666666666667,3.3333333333333335,1.3333333333333333
225,70-74,old_vaccine,0.0,0.0,0.0,0.0
225,70-74,new_vaccine,0.0,0.0,0.0,0.0
225,75+,unvaccinated,301.6666666666667,154.33333333333334,5.333333333333333,2.6666666666666665
225,75+,old_vaccine,0.0,0.0,0.0,0.0
225,75+,new_vaccine,0.0,0.0,0.0,0.0
226,0-4,unvaccinated,25.666666666666668,346.6666666666667,0.3333333333333333,0.0
226,0-4,old_vaccine,0.0,0.0,0.0,0.0
226,0-4,new_vaccine,0.0,0.0,0.0,0.0
226,5-9,unvaccinated,3.6666666666666665,414.3333333333333,0.0,0.0
226,5-9,old_vaccine,0.0,0.0,0.0,0.0
226,5-9,new_vaccine,0.0,0.0,0.0,0.0
226,10-14,unvaccinated,11.0,391.6666666666667,0.0,0.0
226,10-14,old_vaccine,0.0,0.0,0.0,0.0
226,10-14,new_vaccine,0.0,0.0,0.0,0.0
226,15-19,unvaccinated,11.0,357.6666666666667,0.3333333333333333,0.0
226,15-19,old_vaccine,0.0,0.0,0.0,0.0
226,15-19,new_vaccine,0.0,0.0,0.0,0.0
226,20-24,unvaccinated,36.666666666666664,376.6666666666667,0.3333333333333333,0.0
226,20-24,old_vaccine,0.0,0.0,0.0,0.0
226,20-24,new_vaccine,0.0,0.0,0.0,0.0
226,25-29,unvaccinated,44.333333333333336,421.0,0.0,0.0
226,25-29,old_vaccine,0.0,0.0,0.0,0.0
226,25-29,new_vaccine,0.0,0.0,0.0,0.0
226,30-34,unvaccinated,47.0,430.3333333333333,0.0,0.0
226,30-34,old_vaccine,0.0,0.0,0.0,0.0
226,30-34,new_vaccine,0.0,0.0,0.0,0.0
226,35-39,unvaccinated,43.666666666666664,423.3333333333333,0.3333333333333333,0.0
226,35-39,old_vaccine,0.0,0.0,0.0,0.0
226,35-39,new_vaccine,0.0,0.0,0.0,0.0
226,40-44,unvaccinated,46.666666666666664,407.0,0.6666666666666666,0.0
226,40-44,old_vaccine,0.0,0.0,0.0,0.0
226,40-44,new_vaccine,0.0,0.0,0.0,0.0
226,45-49,unvaccinated,41.0,385.6666666666667,0.3333333333333333,0.0
226,45-49,old_vaccine,0.0,0.0,0.0,0.0
226,45-49,new_vaccine,0.0,0.0,0.0,0.0
226,50-54,unvaccinated,104.66666666666667,393.6666666666667,1.3333333333333333,0.0
226,50-54,old_vaccine,0.0,0.0,0.0,0.0
226,50-54,new_vaccine,0.0,0.0,0.0,0.0
226,55-59,unvaccinated,114.0,355.0,0.6666666666666666,0.0
226,55-59,old_vaccine,0.0,0.0,0.0,0.0
226,55-59,new_vaccine,0.0,0.0,0.0,0.0
226,60-64,unvaccinated,117.0,286.3333333333333,1.0,0.3333333333333333
226,60-64,old_vaccine,0.0,0.0,0.0,0.0
226,60-64,new_vaccine,0.0,0.0,0.0,0.0
226,65-69,unvaccinated,188.66666666666666,151.33333333333334,3.0,1.0
226,65-69,old_vaccine,0.0,0.0,0.0,0.0
226,65-69,new_vaccine,0.0,0.0,0.0,0.0
226,70-74,unvaccinated,210.33333333333334,116.0,3.3333333333333335,0.3333333333333333
226,70-74,old_vaccine,0.0,0.0,0.0,0.0
226,70-74,new_vaccine,0.0,0.0,0.0,0.0
226,75+,unvaccinated,320.3333333333333,175.0,7.0,3.3333333333333335
226,75+,old_vaccine,0.0,0.0,0.0,0.0
226,75+,new_vaccine,0.0,0.0,0.0,0.0
227,0-4,unvaccinated,25.333333333333332,343.6666666666667,1.0,0.0
227,0-4,old_vaccine,0.0,0.0,0.0,0.0
227,0-4,new_vaccine,0.0,0.0,0.0,0.0
227,5-9,unvaccinated,4.0,391.0,0.0,0.0
227,5-9,old_vaccine,0.0,0.0,0.0,0.0
227,5-9,new_vaccine,0.0,0.0,0.0,0.0
227,10-14,unvaccinated,9.0,399.6666666666667,0.0,0.0
227,10-14,old_vaccine,0.0,0.0,0.0,0.0
227,10-14,new_vaccine,0.0,0.0,0.0,0.0
227,15-19,unvaccinated,9.0,362.3333333333333,0.3333333333333333,0.0
227,15-19,old_vaccine,0.0,0.0,0.0,0.0
227,15-19,new_vaccine,0.0,0.0,0.0,0.0
227,20-24,unvaccinated,30.333333333333332,387.6666666666667,0.0,0.0
227,20-24,old_vaccine,0.0,0.0,0.0,0.0
227,20-24,new_vaccine,0.0,0.0,0.0,0.0
227,25-29,unvaccinated,52.333333333333336,422.6666666666667,0.3333333333333333,0.0
227,25-29,old_vaccine,0.0,0.0,0.0,0.0
227,25-29,new_vaccine,0.0,0.0,0.0,0.0
227,30-34,unvaccinated,50.666666666666664,421.0,0.0,0.0
227,30-34,old_vaccine,0.0,0.0,0.0,0.0
227,30-34,new_vaccine,0.0,0.0,0.0,0.0
227,35-39,unvaccinated,48.0,435.3333333333333,0.6666666666666666,0.0
227,35-39,old_vaccine,0.0,0.0,0.0,0.0
227,35-39,new_vaccine,0.0,0.0,0.0,0.0
227,40-44,unvaccinated,49.666666666666664,393.3333333333333,0.6666666666666666,0.0
227,40-44,old_vaccine,0.0,0.0,0.0,0.0
227,40-44,new_vaccine,0.0,0.0,0.0,0.0
227,45-49,unvaccinated,64.0,378.3333333333333,1.0,0.0
227,45-49,old_vaccine,0.0,0.0,0.0,0.0
227,45-49,new_vaccine,0.0,0.0,0.0,0.0
227,50-54,unvaccinated,95.66666666666667,373.3333333333333,0.6666666666666666,0.0
227,50-54,old_vaccine,0.0,0.0,0.0,0.0
227,50-54,new_vaccine,0.0,0.0,0.0,0.0
227,55-59,unvaccinated,108.0,336.6666666666667,0.3333333333333333,0.0
227,55-59,old_vaccine,0.0,0.0,0.0,0.0
227,55-59,new_vaccine,0.0,0.0,0.0,0.0
227,60-64,unvaccinated,122.0,285.0,2.6666666666666665,0.0
227,60-64,old_vaccine,0.0,0.0,0.0,0.0
227,60-64,new_vaccine,0.0,0.0,0.0,0.0
227,65-69,unvaccinated,186.66666666666666,149.66666666666666,3.0,0.0
227,65-69,old_vaccine,0.0,0.0,0.0,0.0
227,65-69,new_vaccine,0.0,0.0,0.0,0.0
227,70-74,unvaccinated,197.33333333333334,115.66666666666667,3.3333333333333335,0.0
227,70-74,old_vaccine,0.0,0.0,0.0,0.0
227,70-74,new_vaccine,0.0,0.0,0.0,0.0
227,75+,unvaccinated,329.0,153.66666666666666,6.666666666666667,2.3333333333333335
227,75+,old_vaccine,0.0,0.0,0.0,0.0
227,75+,new_vaccine,0.0,0.0,0.0,0.0
228,0-4,unvaccinated,23.333333333333332,362.0,0.0,0.0
228,0-4,old_vaccine,0.0,0.0,0.0,0.0
228,0-4,new_vaccine,0.0,0.0,0.0,0.0
228,5-9,unvaccinated,6.333333333333333,421.0,0.0,0.0
228,5-9,old_vaccine,0.0,0.0,0.0,0.0
228,5-9,new_vaccine,0.0,0.0,0.0,0.0
228,10-14,unvaccinated,8.333333333333334,411.0,0.0,0.0
228,10-14,old_vaccine,0.0,0.0,0.0,0.0
228,10-14,new_vaccine,0.0,0.0,0.0,0.0
228,15-19,unvaccinated,10.0,372.6666666666667,0.0,0.0
228,15-19,old_vaccine,0.0,0.0,0.0,0.0
228,15-19,new_vaccine,0.0,0.0,0.0,0.0
228,20-24,unvaccinated,26.333333333333332,392.6666666666667,1.0,0.0
228,20-24,old_vaccine,0.0,0.0,0.0,0.0
228,20-24,new_vaccine,0.0,0.0,0.0,0.0
228,25-29,unvaccinated,46.0,418.3333333333333,0.0,0.0
228,25-29,old_vaccine,0.0,0.0,0.0,0.0
228,25-29,new_vaccine,0.0,0.0,0.0,0.0
228,30-34,unvaccinated,53.666666666666664,430.6666666666667,0.0,0.0
228,30-34,old_vaccine,0.0,0.0,0.0,0.0
228,30-34,new_vaccine,0.0,0.0,0.0,0.0
228,35-39,unvaccinated,42.666666666666664,433.6666666666667,0.0,0.0
228,35-39,old_vaccine,0.0,0.0,0.0,0.0
228,35-39,new_vaccine,0.0,0.0,0.0,0.0
228,40-44,unvaccinated,47.666666666666664,425.6666666666667,1.0,0.0
228,40-44,old_vaccine,0.0,0.0,0.0,0.0
228,40-44,new_vaccine,0.0,0.0,0.0,0.0
228,45-49,unvaccinated,63.666666666666664,405.6666666666667,0.6666666666666666,0.0
228,45-49,old_vaccine,0.0,0.0,0.0,0.0
228,45-49,new_vaccine,0.0,0.0,0.0,0.0
228,50-54,unvaccinated,88.33333333333333,385.0,1.0,0.0
228,50-54,old_vaccine,0.0,0.0,0.0,0.0
228,50-54,new_vaccine,0.0,0.0,0.0,0.0
228,55-59,unvaccinated,125.33333333333333,346.6666666666667,1.0,0.0
228,55-59,old_vaccine,0.0,0.0,0.0,0.0
228,55-59,new_vaccine,0.0,0.0,0.0,0.0
228,60-64,unvaccinated,109.33333333333333,286.0,2.6666666666666665,0.0
228,60-64,old_vaccine,0.0,0.0,0.0,0.0
228,60-64,new_vaccine,0.0,0.0,0.0,0.0
228,65-69,unvaccinated,168.33333333333334,145.0,3.6666666666666665,0.3333333333333333
228,65-69,old_vaccine,0.0,0.0,0.0,0.0
228,65-69,new_vaccine,0.0,0.0,0.0,0.0
228,70-74,unvaccinated,215.0,113.33333333333333,3.3333333333333335,0.6666666666666666
228,70-74,old_vaccine,0.0,0.0,0.0,0.0
228,70-74,new_vaccine,0.0,0.0,0.0,0.0
228,75+,unvaccinated,360.3333333333333,174.0,3.3333333333333335,0.6666666666666666
228,75+,old_vaccine,0.0,0.0,0.0,0.0
228,75+,new_vaccine,0.0,0.0,0.0,0.0
229,0-4,unvaccinated,22.666666666666668,330.0,0.0,0.0
229,0-4,old_vaccine,0.0,0.0,0.0,0.0
229,0-4,new_vaccine,0.0,0.0,0.0,0.0
229,5-9,unvaccinated,5.666666666666667,383.6666666666667,0.0,0.0
229,5-9,old_vaccine,0.0,0.0,0.0,0.0
229,5-9,new_vaccine,0.0,0.0,0.0,0.0
229,10-14,unvaccinated,8.0,369.0,0.0,0.0
229,10-14,old_vaccine,0.0,0.0,0.0,0.0
229,10-14,new_vaccine,0.0,0.0,0.0,0.0
229,15-19,unvaccinated,9.666666666666666,354.6666666666667,0.0,0.0
229,15-19,old_vaccine,0.0,0.0,0.0,0.0
229,15-19,new_vaccine,0.0,0.0,0.0,0.0
229,20-24,unvaccinated,26.0,396.3333333333333,0.0,0.0
229,20-24,old_vaccine,0.0,0.0,0.0,0.0
229,20-24,new_vaccine,0.0,0.0,0.0,0.0
229,25-29,unvaccinated,45.0,436.6666666666667,0.6666666666666666,0.0
229,25-29,old_vaccine,0.0,0.0,0.0,0.0
229,25-29,new_vaccine,0.0,0.0,0.0,0.0
229,30-34,unvaccinated,42.333333333333336,460.6666666666667,0.0,0.0
229,30-34,old_vaccine,0.0,0.0,0.0,0.0
229,30-34,new_vaccine,0.0,0.0,0.0,0.0
229,35-39,unvaccinated,50.333333333333336,431.6666666666667,0.0,0.0
229,35-39,old_vaccine,0.0,0.0,0.0,0.0
229,35-39,new_vaccine,0.0,0.0,0.0,0.0
229,40-44,unvaccinated,44.0,405.0,0.3333333333333333,0.0
229,40-44,old_vaccine,0.0,0.0,0.0,0.0
229,40-44,new_vaccine,0.0,0.0,0.0,0.0
229,45-49,unvaccinated,49.666666666666664,389.3333333333333,1.0,0.0
229,45-49,old_vaccine,0.0,0.0,0.0,0.0
229,45-49,new_vaccine,0.0,0.0,0.0,0.0
229,50-54,unvaccinated,93.66666666666667,389.0,0.6666666666666666,0.0
229,50-54,old_vaccine,0.0,0.0,0.0,0.0
229,50-54,new_vaccine,0.0,0.0,0.0,0.0
229,55-59,unvaccinated,112.0,343.6666666666667,2.0,0.0
229,55-59,old_vaccine,0.0,0.0,0.0,0.0
229,55-59,new_vaccine,0.0,0.0,0.0,0.0
229,60-64,unvaccinated,113.0,289.3333333333333,1.3333333333333333,0.6666666666666666
229,60-64,old_vaccine,0.0,0.0,0.0,0.0
229,60-64,new_vaccine,0.0,0.0,0.0,0.0
229,65-69,unvaccinated,172.0,156.66666666666666,3.0,0.6666666666666666
229,65-69,old_vaccine,0.0,0.0,0.0,0.0
229,65-69,new_vaccine,0.0,0.0,0.0,0.0
229,70-74,unvaccinated,196.0,113.0,2.3333333333333335,0.3333333333333333
229,70-74,old_vaccine,0.0,0.0,0.0,0.0
229,70-74,new_vaccine,0.0,0.0,0.0,0.0
229,75+,unvaccinated,314.3333333333333,155.66666666666666,7.333333333333333,1.3333333333333333
229,75+,old_vaccine,0.0,0.0,0.0,0.0
229,75+,new_vaccine,0.0,0.0,0.0,0.0
230,0-4,unvaccinated,30.333333333333332,352.6666666666667,0.3333333333333333,0.0
230,0-4,old_vaccine,0.0,0.0,0.0,0.0
230,0-4,new_vaccine,0.0,0.0,0.0,0.0
230,5-9,unvaccinated,4.333333333333333,399.6666666666667,0.0,0.0
230,5-9,old_vaccine,0.0,0.0,0.0,0.0
230,5-9,new_vaccine,0.0,0.0,0.0,0.0
230,10-14,unvaccinated,6.0,415.3333333333333,0.0,0.0
230,10-14,old_vaccine,0.0,0.0,0.0,0.0
230,10-14,new_vaccine,0.0,0.0,0.0,0.0
230,15-19,unvaccinated,9.666666666666666,372.6666666666667,0.0,0.0
230,15-19,old_vaccine,0.0,0.0,0.0,0.0
230,15-19,new_vaccine,0.0,0.0,0.0,0.0
230,20-24,unvaccinated,28.333333333333332,397.6666666666667,0.0,0.0
230,20-24,old_vaccine,0.0,0.0,0.0,0.0
230,20-24,new_vaccine,0.0,0.0,0.0,0.0
230,25-29,unvaccinated,42.333333333333336,410.6666666666667,0.0,0.0
230,25-29,old_vaccine,0.0,0.0,0.0,0.0
230,25-29,new_vaccine,0.0,0.0,0.0,0.0
230,30-34,unvaccinated,49.0,422.3333333333333,0.0,0.0
230,30-34,old_vaccine,0.0,0.0,0.0,0.0
230,30-34,new_vaccine,0.0,0.0,0.0,0.0
230,35-39,unvaccinated,40.333333333333336,404.0,0.3333333333333333,0.0
230,35-39,old_vaccine,0.0,0.0,0.0,0.0
230,35-39,new_vaccine,0.0,0.0,0.0,0.0
230,40-44,unvaccinated,46.333333333333336,416.0,0.0,0.0
230,40-44,old_vaccine,0.0,0.0,0.0,0.0
230,40-44,new_vaccine,0.0,0.0,0.0,0.0
230,45-49,unvaccinated,55.666666666666664,400.0,0.6666666666666666,0.0
230,45-49,old_vaccine,0.0,0.0,0.0,0.0
230,45-49,new_vaccine,0.0,0.0,0.0,0.0
230,50-54,unvaccinated,93.66666666666667,413.6666666666667,0.0,0.0
230,50-54,old_vaccine,0.0,0.0,0.0,0.0
230,50-54,new_vaccine,0.0,0.0,0.0,0.0
230,55-59,unvaccinated,121.66666666666667,365.3333333333333,0.3333333333333333,0.0
230,55-59,old_vaccine,0.0,0.0,0.0,0.0
230,55-59,new_vaccine,0.0,0.0,0.0,0.0
230,60-64,unvaccinated,113.33333333333333,281.0,2.0,0.0
230,60-64,old_vaccine,0.0,0.0,0.0,0.0
230,60-64,new_vaccine,0.0,0.0,0.0,0.0
230,65-69,unvaccinated,179.33333333333334,158.66666666666666,3.3333333333333335,0.6666666666666666
230,65-69,old_vaccine,0.0,0.0,0.0,0.0
230,65-69,new_vaccine,0.0,0.0,0.0,0.0
230,70-74,unvaccinated,201.0,118.66666666666667,4.333333333333333,0.3333333333333333
230,70-74,old_vaccine,0.0,0.0,0.0,0.0
230,70-74,new_vaccine,0.0,0.0,0.0,0.0
230,75+,unvaccinated,325.3333333333333,156.0,6.0,0.3333333333333333
230,75+,old_vaccine,0.0,0.0,0.0,0.0
230,75+,new_vaccine,0.0,0.0,0.0,0.0
231,0-4,unvaccinated,26.333333333333332,350.3333333333333,0.0,0.0
231,0-4,old_vaccine,0.0,0.0,0.0,0.0
231,0-4,new_vaccine,0.0,0.0,0.0,0.0
231,5-9,unvaccinated,5.333333333333333,426.0,0.0,0.0
231,5-9,old_vaccine,0.0,0.0,0.0,0.0
231,5-9,new_vaccine,0.0,0.0,0.0,0.0
231,10-14,unvaccinated,6.0,382.6666666666667,0.0,0.0
231,10-14,old_vaccine,0.0,0.0,0.0,0.0
231,10-14,new_vaccine,0.0,0.0,0.0,0.0
231,15-19,unvaccinated,10.0,364.6666666666667,0.0,0.0
231,15-19,old_vaccine,0.0,0.0,0.0,0.0
231,15-19,new_vaccine,0.0,0.0,0.0,0.0
231,20-24,unvaccinated,30.333333333333332,365.6666666666667,0.0,0.0
231,20-24,old_vaccine,0.0,0.0,0.0,0.0
231,20-24,new_vaccine,0.0,0.0,0.0,0.0
231,25-29,unvaccinated,40.333333333333336,423.0,0.0,0.0
231,25-29,old_vaccine,0.0,0.0,0.0,0.0
231,25-29,new_vaccine,0.0,0.0,0.0,0.0
231,30-34,unvaccinated,55.0,441.3333333333333,0.0,0.0
231,30-34,old_vaccine,0.0,0.0,0.0,0.0
231,30-34,new_vaccine,0.0,0.0,0.0,0.0
231,35-39,unvaccinated,46.666666666666664,437.3333333333333,0.3333333333333333,0.0
231,35-39,old_vaccine,0.0,0.0,0.0,0.0
231,35-39,new_vaccine,0.0,0.0,0.0,0.0
231,40-44,unvaccinated,40.0,426.0,0.0,0.0
231,40-44,old_vaccine,0.0,0.0,0.0,0.0
231,40-44,new_vaccine,0.0,0.0,0.0,0.0
231,45-49,unvaccinated,58.333333333333336,374.0,1.3333333333333333,0.0
231,45-49,old_vaccine,0.0,0.0,0.0,0.0
231,45-49,new_vaccine,0.0,0.0,0.0,0.0
231,50-54,unvaccinated,98.33333333333333,392.6666666666667,1.0,0.0
231,50-54,old_vaccine,0.0,0.0,0.0,0.0
231,50-54,new_vaccine,0.0,0.0,0.0,0.0
231,55-59,unvaccinated,125.33333333333333,341.6666666666667,1.0,0.0
231,55-59,old_vaccine,0.0,0.0,0.0,0.0
231,55-59,new_vaccine,0.0,0.0,0.0,0.0
231,60-64,unvaccinated,107.66666666666667,265.3333333333333,2.6666666666666665,0.6666666666666666
231,60-64,old_vaccine,0.0,0.0,0.0,0.0
231,60-64,new_vaccine,0.0,0.0,0.0,0.0
231,65-69,unvaccinated,171.66666666666666,159.0,1.6666666666666667,1.0
231,65-69,old_vaccine,0.0,0.0,0.0,0.0
231,65-69,new_vaccine,0.0,0.0,0.0,0.0
231,70-74,unvaccinated,199.0,113.33333333333333,2.3333333333333335,0.6666666666666666
231,70-74,old_vaccine,0.0,0.0,0.0,0.0
231,70-74,new_vaccine,0.0,0.0,0.0,0.0
231,75+,unvaccinated,330.6666666666667,149.33333333333334,7.0,3.3333333333333335
231,75+,old_vaccine,0.0,0.0,0.0,0.0
231,75+,new_vaccine,0.0,0.0,0.0,0.0
232,0-4,unvaccinated,19.0,369.6666666666667,0.6666666666666666,0.0
232,0-4,old_vaccine,0.0,0.0,0.0,0.0
232,0-4,new_vaccine,0.0,0.0,0.0,0.0
232,5-9,unvaccinated,6.333333333333333,385.3333333333333,0.0,0.0
232,5-9,old_vaccine,0.0,0.0,0.0,0.0
232,5-9,new_vaccine,0.0,0.0,0.0,0.0
232,10-14,unvaccinated,7.333333333333333,365.3333333333333,0.0,0.0
232,10-14,old_vaccine,0.0,0.0,0.0,0.0
232,10-14,new_vaccine,0.0,0.0,0.0,0.0
232,15-19,unvaccinated,6.666666666666667,376.6666666666667,0.0,0.0
232,15-19,old_vaccine,0.0,0.0,0.0,0.0
232,15-19,new_vaccine,0.0,0.0,0.0,0.0
232,20-24,unvaccinated,29.333333333333332,391.0,0.3333333333333333,0.0
232,20-24,old_vaccine,0.0,0.0,0.0,0.0
232,20-24,new_vaccine,0.0,0.0,0.0,0.0
232,25-29,unvaccinated,49.0,430.0,0.3333333333333333,0.0
232,25-29,old_vaccine,0.0,0.0,0.0,0.0
232,25-29,new_vaccine,0.0,0.0,0.0,0.0
232,30-34,unvaccinated,55.666666666666664,416.3333333333333,0.0,0.0
232,30-34,old_vaccine,0.0,0.0,0.0,0.0
232,30-34,new_vaccine,0.0,0.0,0.0,0.0
232,35-39,unvaccinated,42.666666666666664,422.0,0.6666666666666666,0.0
232,35-39,old_vaccine,0.0,0.0,0.0,0.0
232,35-39,new_vaccine,0.0,0.0,0.0,0.0
232,40-44,unvaccinated,43.0,403.0,0.3333333333333333,0.0
232,40-44,old_vaccine,0.0,0.0,0.0,0.0
232,40-44,new_vaccine,0.0,0.0,0.0,0.0
232,45-49,unvaccinated,49.333333333333336,387.0,1.3333333333333333,0.0
232,45-49,old_vaccine,0.0,0.0,0.0,0.0
232,45-49,new_vaccine,0.0,0.0,0.0,0.0
232,50-54,unvaccinated,92.0,382.0,2.3333333333333335,0.0
232,50-54,old_vaccine,0.0,0.0,0.0,0.0
232,50-54,new_vaccine,0.0,0.0,0.0,0.0
232,55-59,unvaccinated,123.33333333333333,350.6666666666667,2.6666666666666665,0.0
232,55-59,old_vaccine,0.0,0.0,0.0,0.0
232,55-59,new_vaccine,0.0,0.0,0.0,0.0
232,60-64,unvaccinated,105.33333333333333,280.6666666666667,0.6666666666666666,0.0
232,60-64,old_vaccine,0.0,0.0,0.0,0.0
232,60-64,new_vaccine,0.0,0.0,0.0,0.0
232,65-69,unvaccinated,169.33333333333334,144.33333333333334,3.0,0.0
232,65-69,old_vaccine,0.0,0.0,0.0,0.0
232,65-69,new_vaccine,0.0,0.0,0.0,0.0
232,70-74,unvaccinated,201.33333333333334,121.0,3.6666666666666665,1.0
232,70-74,old_vaccine,0.0,0.0,0.0,0.0
232,70-74,new_vaccine,0.0,0.0,0.0,0.0
232,75+,unvaccinated,329.3333333333333,160.33333333333334,4.0,2.0
232,75+,old_vaccine,0.0,0.0,0.0,0.0
232,75+,new_vaccine,0.0,0.0,0.0,0.0
233,0-4,unvaccinated,23.666666666666668,346.0,1.0,0.0
233,0-4,old_vaccine,0.0,0.0,0.0,0.0
233,0-4,new_vaccine,0.0,0.0,0.0,0.0
233,5-9,unvaccinated,4.666666666666667,411.0,0.0,0.0
233,5-9,old_vaccine,0.0,0.0,0.0,0.0
233,5-9,new_vaccine,0.0,0.0,0.0,0.0
233,10-14,unvaccinated,10.666666666666666,391.0,0.0,0.0
233,10-14,old_vaccine,0.0,0.0,0.0,0.0
233,10-14,new_vaccine,0.0,0.0,0.0,0.0
233,15-19,unvaccinated,9.666666666666666,364.0,0.0,0.0
233,15-19,old_vaccine,0.0,0.0,0.0,0.0
233,15-19,new_vaccine,0.0,0.0,0.0,0.0
233,20-24,unvaccinated,31.0,385.3333333333333,0.3333333333333333,0.0
233,20-24,old_vaccine,0.0,0.0,0.0,0.0
233,20-24,new_vaccine,0.0,0.0,0.0,0.0
233,25-29,unvaccinated,49.333333333333336,440.3333333333333,0.3333333333333333,0.0
233,25-29,old_vaccine,0.0,0.0,0.0,0.0
233,25-29,new_vaccine,0.0,0.0,0.0,0.0
233,30-34,unvaccinated,54.0,407.3333333333333,0.0,0.0
233,30-34,old_vaccine,0.0,0.0,0.0,0.0
233,30-34,new_vaccine,0.0,0.0,0.0,0.0
233,35-39,unvaccinated,45.666666666666664,424.6666666666667,0.6666666666666666,0.0
233,35-39,old_vaccine,0.0,0.0,0.0,0.0
233,35-39,new_vaccine,0.0,0.0,0.0,0.0
233,40-44,unvaccinated,45.333333333333336,418.0,1.0,0.0
233,40-44,old_vaccine,0.0,0.0,0.0,0.0
233,40-44,new_vaccine,0.0,0.0,0.0,0.0
233,45-49,unvaccinated,58.0,390.6666666666667,0.3333333333333333,0.0
233,45-49,old_vaccine,0.0,0.0,0.0,0.0
233,45-49,new_vaccine,0.0,0.0,0.0,0.0
233,50-54,unvaccinated,90.33333333333333,375.3333333333333,0.6666666666666666,0.0
233,50-54,old_vaccine,0.0,0.0,0.0,0.0
233,50-54,new_vaccine,0.0,0.0,0.0,0.0
233,55-59,unvaccinated,130.66666666666666,347.0,1.3333333333333333,0.3333333333333333
233,55-59,old_vaccine,0.0,0.0,0.0,0.0
233,55-59,new_vaccine,0.0,0.0,0.0,0.0
233,60-64,unvaccinated,109.66666666666667,276.6666666666667,2.0,0.0
233,60-64,old_vaccine,0.0,0.0,0.0,0.0
233,60-64,new_vaccine,0.0,0.0,0.0,0.0
233,65-69,unvaccinated,179.0,149.66666666666666,4.333333333333333,0.0
233,65-69,old_vaccine,0.0,0.0,0.0,0.0
233,65-69,new_vaccine,0.0,0.0,0.0,0.0
233,70-74,unvaccinated,184.0,116.66666666666667,4.333333333333333,0.6666666666666666
233,70-74,old_vaccine,0.0,0.0,0.0,0.0
233,70-74,new_vaccine,0.0,0.0,0.0,0.0
233,75+,unvaccinated,343.6666666666667,157.33333333333334,5.0,2.3333333333333335
233,75+,old_vaccine,0.0,0.0,0.0,0.0
233,75+,new_vaccine,0.0,0.0,0.0,0.0
234,0-4,unvaccinated,21.333333333333332,319.0,0.3333333333333333,0.0
234,0-4,old_vaccine,0.0,0.0,0.0,0.0
234,0-4,new_vaccine,0.0,0.0,0.0,0.0
234,5-9,unvaccinated,5.0,391.0,0.0,0.0
234,5-9,old_vaccine,0.0,0.0,0.0,0.0
234,5-9,new_vaccine,0.0,0.0,0.0,0.0
234,10-14,unvaccinated,12.0,397.3333333333333,0.0,0.0
234,10-14,old_vaccine,0.0,0.0,0.0,0.0
234,10-14,new_vaccine,0.0,0.0,0.0,0.0
234,15-19,unvaccinated,8.333333333333334,363.3333333333333,0.3333333333333333,0.0
234,15-19,old_vaccine,0.0,0.0,0.0,0.0
234,15-19,new_vaccine,0.0,0.0,0.0,0.0
234,20-24,unvaccinated,32.0,390.0,0.0,0.0
234,20-24,old_vaccine,0.0,0.0,0.0,0.0
234,20-24,new_vaccine,0.0,0.0,0.0,0.0
234,25-29,unvaccinated,46.0,418.0,0.3333333333333333,0.0
234,25-29,old_vaccine,0.0,0.0,0.0,0.0
234,25-29,new_vaccine,0.0,0.0,0.0,0.0
234,30-34,unvaccinated,42.666666666666664,428.3333333333333,0.6666666666666666,0.0
234,30-34,old_vaccine,0.0,0.0,0.0,0.0
234,30-34,new_vaccine,0.0,0.0,0.0,0.0
234,35-39,unvaccinated,47.0,426.0,0.3333333333333333,0.0
234,35-39,old_vaccine,0.0,0.0,0.0,0.0
234,35-39,new_vaccine,0.0,0.0,0.0,0.0
234,40-44,unvaccinated,47.333333333333336,403.0,1.0,0.0
234,40-44,old_vaccine,0.0,0.0,0.0,0.0
234,40-44,new_vaccine,0.0,0.0,0.0,0.0
234,45-49,unvaccinated,54.666666666666664,388.3333333333333,0.6666666666666666,0.0
234,45-49,old_vaccine,0.0,0.0,0.0,0.0
234,45-49,new_vaccine,0.0,0.0,0.0,0.0
234,50-54,unvaccinated,82.66666666666667,391.0,1.0,0.0
234,50-54,old_vaccine,0.0,0.0,0.0,0.0
234,50-54,new_vaccine,0.0,0.0,0.0,0.0
234,55-59,unvaccinated,117.0,339.3333333333333,1.3333333333333333,0.0
234,55-59,old_vaccine,0.0,0.0,0.0,0.0
234,55-59,new_vaccine,0.0,0.0,0.0,0.0
234,60-64,unvaccinated,122.0,287.0,2.0,0.6666666666666666
234,60-64,old_vaccine,0.0,0.0,0.0,0.0
234,60-64,new_vaccine,0.0,0.0,0.0,0.0
234,65-69,unvaccinated,184.33333333333334,138.66666666666666,2.0,0.6666666666666666
234,65-69,old_vaccine,0.0,0.0,0.0,0.0
234,65-69,new_vaccine,0.0,0.0,0.0,0.0
234,70-74,unvaccinated,189.66666666666666,118.66666666666667,3.6666666666666665,0.0
234,70-74,old_vaccine,0.0,0.0,0.0,0.0
234,70-74,new_vaccine,0.0,0.0,0.0,0.0
234,75+,unvaccinated,327.3333333333333,163.33333333333334,3.3333333333333335,4.333333333333333
234,75+,old_vaccine,0.0,0.0,0.0,0.0
234,75+,new_vaccine,0.0,0.0,0.0,0.0
235,0-4,unvaccinated,28.666666666666668,344.6666666666667,0.0,0.0
235,0-4,old_vaccine,0.0,0.0,0.0,0.0
235,0-4,new_vaccine,0.0,0.0,0.0,0.0
235,5-9,unvaccinated,8.333333333333334,399.0,0.0,0.0
235,5-9,old_vaccine,0.0,0.0,0.0,0.0
235,5-9,new_vaccine,0.0,0.0,0.0,0.0
235,10-14,unvaccinated,7.333333333333333,394.6666666666667,0.0,0.0
235,10-14,old_vaccine,0.0,0.0,0.0,0.0
235,10-14,new_vaccine,0.0,0.0,0.0,0.0
235,15-19,unvaccinated,9.333333333333334,374.6666666666667,0.0,0.0
235,15-19,old_vaccine,0.0,0.0,0.0,0.0
235,15-19,new_vaccine,0.0,0.0,0.0,0.0
235,20-24,unvaccinated,28.666666666666668,394.0,0.0,0.0
235,20-24,old_vaccine,0.0,0.0,0.0,0.0
235,20-24,new_vaccine,0.0,0.0,0.0,0.0
235,25-29,unvaccinated,51.0,441.3333333333333,0.3333333333333333,0.0
235,25-29,old_vaccine,0.0,0.0,0.0,0.0
235,25-29,new_vaccine,0.0,0.0,0.0,0.0
235,30-34,unvaccinated,48.333333333333336,444.6666666666667,0.0,0.0
235,30-34,old_vaccine,0.0,0.0,0.0,0.0
235,30-34,new_vaccine,0.0,0.0,0.0,0.0
235,35-39,unvaccinated,43.666666666666664,434.3333333333333,0.0,0.0
235,35-39,old_vaccine,0.0,0.0,0.0,0.0
235,35-39,new_vaccine,0.0,0.0,0.0,0.0
235,40-44,unvaccinated,46.333333333333336,443.3333333333333,1.0,0.0
235,40-44,old_vaccine,0.0,0.0,0.0,0.0
235,40-44,new_vaccine,0.0,0.0,0.0,0.0
235,45-49,unvaccinated,60.0,393.6666666666667,1.6666666666666667,0.0
235,45-49,old_vaccine,0.0,0.0,0.0,0.0
235,45-49,new_vaccine,0.0,0.0,0.0,0.0
235,50-54,unvaccinated,85.33333333333333,378.0,1.3333333333333333,0.0
235,50-54,old_vaccine,0.0,0.0,0.0,0.0
235,50-54,new_vaccine,0.0,0.0,0.0,0.0
235,55-59,unvaccinated,123.66666666666667,336.3333333333333,2.0,0.3333333333333333
235,55-59,old_vaccine,0.0,0.0,0.0,0.0
235,55-59,new_vaccine,0.0,0.0,0.0,0.0
235,60-64,unvaccinated,112.0,280.3333333333333,2.0,0.6666666666666666
235,60-64,old_vaccine,0.0,0.0,0.0,0.0
235,60-64,new_vaccine,0.0,0.0,0.0,0.0
235,65-69,unvaccinated,162.33333333333334,157.33333333333334,2.6666666666666665,0.6666666666666666
235,65-69,old_vaccine,0.0,0.0,0.0,0.0
235,65-69,new_vaccine,0.0,0.0,0.0,0.0
235,70-74,unvaccinated,194.33333333333334,118.0,3.3333333333333335,0.6666666666666666
235,70-74,old_vaccine,0.0,0.0,0.0,0.0
235,70-74,new_vaccine,0.0,0.0,0.0,0.0
235,75+,unvaccinated,310.3333333333333,163.33333333333334,4.666666666666667,3.3333333333333335
235,75+,old_vaccine,0.0,0.0,0.0,0.0
235,75+,new_vaccine,0.0,0.0,0.0,0.0
236,0-4,unvaccinated,28.666666666666668,348.0,0.0,0.0
236,0-4,old_vaccine,0.0,0.0,0.0,0.0
236,0-4,new_vaccine,0.0,0.0,0.0,0.0
236,5-9,unvaccinated,6.0,396.3333333333333,0.0,0.0
236,5-9,old_vaccine,0.0,0.0,0.0,0.0
236,5-9,new_vaccine,0.0,0.0,0.0,0.0
236,10-14,unvaccinated,8.333333333333334,383.3333333333333,0.0,0.0
236,10-14,old_vaccine,0.0,0.0,0.0,0.0
236,10-14,new_vaccine,0.0,0.0,0.0,0.0
236,15-19,unvaccinated,9.666666666666666,360.0,0.0,0.0
236,15-19,old_vaccine,0.0,0.0,0.0,0.0
236,15-19,new_vaccine,0.0,0.0,0.0,0.0
236,20-24,unvaccinated,28.0,375.6666666666667,0.0,0.0
236,20-24,old_vaccine,0.0,0.0,0.0,0.0
236,20-24,new_vaccine,0.0,0.0,0.0,0.0
236,25-29,unvaccinated,49.333333333333336,415.6666666666667,0.0,0.0
236,25-29,old_vaccine,0.0,0.0,0.0,0.0
236,25-29,new_vaccine,0.0,0.0,0.0,0.0
236,30-34,unvaccinated,43.333333333333336,411.6666666666667,0.3333333333333333,0.0
236,30-34,old_vaccine,0.0,0.0,0.0,0.0
236,30-34,new_vaccine,0.0,0.0,0.0,0.0
236,35-39,unvaccinated,49.666666666666664,434.3333333333333,0.0,0.0
236,35-39,old_vaccine,0.0,0.0,0.0,0.0
236,35-39,new_vaccine,0.0,0.0,0.0,0.0
236,40-44,unvaccinated,53.333333333333336,405.3333333333333,0.3333333333333333,0.0
236,40-44,old_vaccine,0.0,0.0,0.0,0.0
236,40-44,new_vaccine,0.0,0.0,0.0,0.0
236,45-49,unvaccinated,57.333333333333336,378.3333333333333,0.6666666666666666,0.0
236,45-49,old_vaccine,0.0,0.0,0.0,0.0
236,45-49,new_vaccine,0.0,0.0,0.0,0.0
236,50-54,unvaccinated,92.33333333333333,405.3333333333333,0.3333333333333333,0.0
236,50-54,old_vaccine,0.0,0.0,0.0,0.0
236,50-54,new_vaccine,0.0,0.0,0.0,0.0
236,55-59,unvaccinated,116.0,332.3333333333333,0.6666666666666666,0.3333333333333333
236,55-59,old_vaccine,0.0,0.0,0.0,0.0
236,55-59,new_vaccine,0.0,0.0,0.0,0.0
236,60-64,unvaccinated,127.0,277.0,1.0,0.0
236,60-64,old_vaccine,0.0,0.0,0.0,0.0
236,60-64,new_vaccine,0.0,0.0,0.0,0.0
236,65-69,unvaccinated,182.0,168.66666666666666,1.6666666666666667,0.6666666666666666
236,65-69,old_vaccine,0.0,0.0,0.0,0.0
236,65-69,new_vaccine,0.0,0.0,0.0,0.0
236,70-74,unvaccinated,214.66666666666666,121.33333333333333,2.6666666666666665,0.6666666666666666
236,70-74,old_vaccine,0.0,0.0,0.0,0.0
236,70-74,new_vaccine,0.0,0.0,0.0,0.0
236,75+,unvaccinated,326.6666666666667,161.66666666666666,6.0,1.6666666666666667
236,75+,old_vaccine,0.0,0.0,0.0,0.0
236,75+,new_vaccine,0.0,0.0,0.0,0.0
237,0-4,unvaccinated,20.0,360.3333333333333,0.3333333333333333,0.0
237,0-4,old_vaccine,0.0,0.0,0.0,0.0
237,0-4,new_vaccine,0.0,0.0,0.0,0.0
237,5-9,unvaccinated,4.666666666666667,396.3333333333333,0.0,0.0
237,5-9,old_vaccine,0.0,0.0,0.0,0.0
237,5-9,new_vaccine,0.0,0.0,0.0,0.0
237,10-14,unvaccinated,11.333333333333334,373.3333333333333,0.3333333333333333,0.0
237,10-14,old_vaccine,0.0,0.0,0.0,0.0
237,10-14,new_vaccine,0.0,0.0,0.0,0.0
237,15-19,unvaccinated,9.0,365.3333333333333,0.0,0.0
237,15-19,old_vaccine,0.0,0.0,0.0,0.0
237,15-19,new_vaccine,0.0,0.0,0.0,0.0
237,20-24,unvaccinated,24.666666666666668,382.3333333333333,0.0,0.0
237,20-24,old_vaccine,0.0,0.0,0.0,0.0
237,20-24,new_vaccine,0.0,0.0,0.0,0.0
237,25-29,unvaccinated,47.333333333333336,408.6666666666667,0.6666666666666666,0.0
237,25-29,old_vaccine,0.0,0.0,0.0,0.0
237,25-29,new_vaccine,0.0,0.0,0.0,0.0
237,30-34,unvaccinated,55.0,437.6666666666667,0.0,0.0
237,30-34,old_vaccine,0.0,0.0,0.0,0.0
237,30-34,new_vaccine,0.0,0.0,0.0,0.0
237,35-39,unvaccinated,44.666666666666664,434.0,0.3333333333333333,0.0
237,35-39,old_vaccine,0.0,0.0,0.0,0.0
237,35-39,new_vaccine,0.0,0.0,0.0,0.0
237,40-44,unvaccinated,42.666666666666664,398.0,0.3333333333333333,0.0
237,40-44,old_vaccine,0.0,0.0,0.0,0.0
237,40-44,new_vaccine,0.0,0.0,0.0,0.0
237,45-49,unvaccinated,57.0,403.3333333333333,0.0,0.0
237,45-49,old_vaccine,0.0,0.0,0.0,0.0
237,45-49,new_vaccine,0.0,0.0,0.0,0.0
237,50-54,unvaccinated,87.33333333333333,406.3333333333333,2.0,0.0
237,50-54,old_vaccine,0.0,0.0,0.0,0.0
237,50-54,new_vaccine,0.0,0.0,0.0,0.0
237,55-59,unvaccinated,134.33333333333334,350.3333333333333,2.0,0.3333333333333333
237,55-59,old_vaccine,0.0,0.0,0.0,0.0
237,55-59,new_vaccine,0.0,0.0,0.0,0.0
237,60-64,unvaccinated,118.0,274.0,1.6666666666666667,0.3333333333333333
237,60-64,old_vaccine,0.0,0.0,0.0,0.0
237,60-64,new_vaccine,0.0,0.0,0.0,0.0
237,65-69,unvaccinated,182.0,173.0,2.6666666666666665,0.6666666666666666
237,65-69,old_vaccine,0.0,0.0,0.0,0.0
237,65-69,new_vaccine,0.0,0.0,0.0,0.0
237,70-74,unvaccinated,204.0,114.33333333333333,3.3333333333333335,1.0
237,70-74,old_vaccine,0.0,0.0,0.0,0.0
237,70-74,new_vaccine,0.0,0.0,0.0,0.0
237,75+,unvaccinated,312.0,170.33333333333334,7.0,3.6666666666666665
237,75+,old_vaccine,0.0,0.0,0.0,0.0
237,75+,new_vaccine,0.0,0.0,0.0,0.0
238,0-4,unvaccinated,23.333333333333332,320.3333333333333,0.3333333333333333,0.0
238,0-4,old_vaccine,0.0,0.0,0.0,0.0
238,0-4,new_vaccine,0.0,0.0,0.0,0.0
238,5-9,unvaccinated,5.333333333333333,402.0,0.0,0.0
238,5-9,old_vaccine,0.0,0.0,0.0,0.0
238,5-9,new_vaccine,0.0,0.0,0.0,0.0
238,10-14,unvaccinated,9.0,413.3333333333333,0.0,0.0
238,10-14,old_vaccine,0.0,0.0,0.0,0.0
238,10-14,new_vaccine,0.0,0.0,0.0,0.0
238,15-19,unvaccinated,9.333333333333334,363.3333333333333,0.0,0.0
238,15-19,old_vaccine,0.0,0.0,0.0,0.0
238,15-19,new_vaccine,0.0,0.0,0.0,0.0
238,20-24,unvaccinated,28.666666666666668,412.6666666666667,0.0,0.0
238,20-24,old_vaccine,0.0,0.0,0.0,0.0
238,20-24,new_vaccine,0.0,0.0,0.0,0.0
238,25-29,unvaccinated,45.333333333333336,417.0,0.0,0.0
238,25-29,old_vaccine,0.0,0.0,0.0,0.0
238,25-29,new_vaccine,0.0,0.0,0.0,0.0
238,30-34,unvaccinated,48.333333333333336,444.0,0.3333333333333333,0.0
238,30-34,old_vaccine,0.0,0.0,0.0,0.0
238,30-34,new_vaccine,0.0,0.0,0.0,0.0
238,35-39,unvaccinated,41.333333333333336,430.6666666666667,0.3333333333333333,0.0
238,35-39,old_vaccine,0.0,0.0,0.0,0.0
238,35-39,new_vaccine,0.0,0.0,0.0,0.0
238,40-44,unvaccinated,41.666666666666664,390.3333333333333,0.3333333333333333,0.0
238,40-44,old_vaccine,0.0,0.0,0.0,0.0
238,40-44,new_vaccine,0.0,0.0,0.0,0.0
238,45-49,unvaccinated,50.666666666666664,394.3333333333333,0.6666666666666666,0.3333333333333333
238,45-49,old_vaccine,0.0,0.0,0.0,0.0
238,45-49,new_vaccine,0.0,0.0,0.0,0.0
238,50-54,unvaccinated,92.66666666666667,395.6666666666667,0.3333333333333333,0.3333333333333333
238,50-54,old_vaccine,0.0,0.0,0.0,0.0
238,50-54,new_vaccine,0.0,0.0,0.0,0.0
238,55-59,unvaccinated,128.0,320.0,0.6666666666666666,0.6666666666666666
238,55-59,old_vaccine,0.0,0.0,0.0,0.0
238,55-59,new_vaccine,0.0,0.0,0.0,0.0
238,60-64,unvaccinated,119.0,271.6666666666667,1.0,0.3333333333333333
238,60-64,old_vaccine,0.0,0.0,0.0,0.0
238,60-64,new_vaccine,0.0,0.0,0.0,0.0
238,65-69,unvaccinated,173.33333333333334,156.0,2.6666666666666665,0.6666666666666666
238,65-69,old_vaccine,0.0,0.0,0.0,0.0
238,65-69,new_vaccine,0.0,0.0,0.0,0.0
238,70-74,unvaccinated,196.0,111.0,2.6666666666666665,1.0
238,70-74,old_vaccine,0.0,0.0,0.0,0.0
238,70-74,new_vaccine,0.0,0.0,0.0,0.0
238,75+,unvaccinated,322.0,145.0,5.0,3.3333333333333335
238,75+,old_vaccine,0.0,0.0,0.0,0.0
238,75+,new_vaccine,0.0,0.0,0.0,0.0
239,0-4,unvaccinated,25.0,352.6666666666667,0.3333333333333333,0.0
239,0-4,old_vaccine,0.0,0.0,0.0,0.0
239,0-4,new_vaccine,0.0,0.0,0.0,0.0
239,5-9,unvaccinated,6.333333333333333,400.0,0.0,0.0
239,5-9,old_vaccine,0.0,0.0,0.0,0.0
239,5-9,new_vaccine,0.0,0.0,0.0,0.0
239,10-14,unvaccinated,10.333333333333334,367.6666666666667,0.0,0.0
239,10-14,old_vaccine,0.0,0.0,0.0,0.0
239,10-14,new_vaccine,0.0,0.0,0.0,0.0
239,15-19,unvaccinated,9.0,354.6666666666667,0.0,0.0
239,15-19,old_vaccine,0.0,0.0,0.0,0.0
239,15-19,new_vaccine,0.0,0.0,0.0,0.0
239,20-24,unvaccinated,26.333333333333332,392.6666666666667,0.3333333333333333,0.0
239,20-24,old_vaccine,0.0,0.0,0.0,0.0
239,20-24,new_vaccine,0.0,0.0,0.0,0.0
239,25-29,unvaccinated,47.666666666666664,417.0,0.6666666666666666,0.0
239,25-29,old_vaccine,0.0,0.0,0.0,0.0
239,25-29,new_vaccine,0.0,0.0,0.0,0.0
239,30-34,unvaccinated,47.666666666666664,442.0,1.0,0.0
239,30-34,old_vaccine,0.0,0.0,0.0,0.0
239,30-34,new_vaccine,0.0,0.0,0.0,0.0
239,35-39,unvaccinated,45.333333333333336,433.0,0.0,0.0
239,35-39,old_vaccine,0.0,0.0,0.0,0.0
239,35-39,new_vaccine,0.0,0.0,0.0,0.0
239,40-44,unvaccinated,50.333333333333336,411.0,0.0,0.0
239,40-44,old_vaccine,0.0,0.0,0.0,0.0
239,40-44,new_vaccine,0.0,0.0,0.0,0.0
239,45-49,unvaccinated,51.333333333333336,409.3333333333333,0.3333333333333333,0.0
239,45-49,old_vaccine,0.0,0.0,0.0,0.0
239,45-49,new_vaccine,0.0,0.0,0.0,0.0
239,50-54,unvaccinated,94.66666666666667,391.3333333333333,0.3333333333333333,0.0
239,50-54,old_vaccine,0.0,0.0,0.0,0.0
239,50-54,new_vaccine,0.0,0.0,0.0,0.0
239,55-59,unvaccinated,133.33333333333334,341.0,1.3333333333333333,0.0
239,55-59,old_vaccine,0.0,0.0,0.0,0.0
239,55-59,new_vaccine,0.0,0.0,0.0,0.0
239,60-64,unvaccinated,120.33333333333333,285.3333333333333,1.3333333333333333,0.0
239,60-64,old_vaccine,0.0,0.0,0.0,0.0
239,60-64,new_vaccine,0.0,0.0,0.0,0.0
239,65-69,unvaccinated,168.33333333333334,146.66666666666666,2.6666666666666665,0.6666666666666666
239,65-69,old_vaccine,0.0,0.0,0.0,0.0
239,65-69,new_vaccine,0.0,0.0,0.0,0.0
239,70-74,unvaccinated,203.0,112.66666666666667,4.333333333333333,0.0
239,70-74,old_vaccine,0.0,0.0,0.0,0.0
239,70-74,new_vaccine,0.0,0.0,0.0,0.0
239,75+,unvaccinated,313.0,169.33333333333334,4.666666666666667,1.6666666666666667
239,75+,old_vaccine,0.0,0.0,0.0,0.0
239,75+,new_vaccine,0.0,0.0,0.0,0.0
240,0-4,unvaccinated,21.0,342.6666666666667,0.3333333333333333,0.0
240,0-4,old_vaccine,0.0,0.0,0.0,0.0
240,0-4,new_vaccine,0.0,0.0,0.0,0.0
240,5-9,unvaccinated,4.333333333333333,396.0,0.0,0.0
240,5-9,old_vaccine,0.0,0.0,0.0,0.0
240,5-9,new_vaccine,0.0,0.0,0.0,0.0
240,10-14,unvaccinated,6.333333333333333,400.6666666666667,0.0,0.0
240,10-14,old_vaccine,0.0,0.0,0.0,0.0
240,10-14,new_vaccine,0.0,0.0,0.0,0.0
240,15-19,unvaccinated,11.666666666666666,375.6666666666667,0.0,0.0
240,15-19,old_vaccine,0.0,0.0,0.0,0.0
240,15-19,new_vaccine,0.0,0.0,0.0,0.0
240,20-24,unvaccinated,32.333333333333336,398.6666666666667,0.0,0.0
240,20-24,old_vaccine,0.0,0.0,0.0,0.0
240,20-24,new_vaccine,0.0,0.0,0.0,0.0
240,25-29,unvaccinated,47.333333333333336,424.3333333333333,0.0,0.0
240,25-29,old_vaccine,0.0,0.0,0.0,0.0
240,25-29,new_vaccine,0.0,0.0,0.0,0.0
240,30-34,unvaccinated,50.666666666666664,428.0,0.0,0.0
240,30-34,old_vaccine,0.0,0.0,0.0,0.0
240,30-34,new_vaccine,0.0,0.0,0.0,0.0
240,35-39,unvaccinated,46.666666666666664,426.3333333333333,0.0,0.0
240,35-39,old_vaccine,0.0,0.0,0.0,0.0
240,35-39,new_vaccine,0.0,0.0,0.0,0.0
240,40-44,unvaccinated,40.0,404.0,1.6666666666666667,0.0
240,40-44,old_vaccine,0.0,0.0,0.0,0.0
240,40-44,new_vaccine,0.0,0.0,0.0,0.0
240,45-49,unvaccinated,51.0,388.6666666666667,0.0,0.0
240,45-49,old_vaccine,0.0,0.0,0.0,0.0
240,45-49,new_vaccine,0.0,0.0,0.0,0.0
240,50-54,unvaccinated,98.0,408.0,1.6666666666666667,0.0
240,50-54,old_vaccine,0.0,0.0,0.0,0.0
240,50-54,new_vaccine,0.0,0.0,0.0,0.0
240,55-59,unvaccinated,125.66666666666667,353.6666666666667,2.0,0.0
240,55-59,old_vaccine,0.0,0.0,0.0,0.0
240,55-59,new_vaccine,0.0,0.0,0.0,0.0
240,60-64,unvaccinated,116.0,295.6666666666667,1.6666666666666667,0.0
240,60-64,old_vaccine,0.0,0.0,0.0,0.0
240,60-64,new_vaccine,0.0,0.0,0.0,0.0
240,65-69,unvaccinated,175.66666666666666,153.0,3.0,0.3333333333333333
240,65-69,old_vaccine,0.0,0.0,0.0,0.0
240,65-69,new_vaccine,0.0,0.0,0.0,0.0
240,70-74,unvaccinated,191.0,105.33333333333333,3.3333333333333335,0.0
240,70-74,old_vaccine,0.0,0.0,0.0,0.0
240,70-74,new_vaccine,0.0,0.0,0.0,0.0
240,75+,unvaccinated,337.6666666666667,156.33333333333334,3.6666666666666665,3.3333333333333335
240,75+,old_vaccine,0.0,0.0,0.0,0.0
240,75+,new_vaccine,0.0,0.0,0.0,0.0
241,0-4,unvaccinated,25.666666666666668,337.6666666666667,0.3333333333333333,0.0
241,0-4,old_vaccine,0.0,0.0,0.0,0.0
241,0-4,new_vaccine,0.0,0.0,0.0,0.0
241,5-9,unvaccinated,6.333333333333333,415.0,0.6666666666666666,0.0
241,5-9,old_vaccine,0.0,0.0,0.0,0.0
241,5-9,new_vaccine,0.0,0.0,0.0,0.0
241,10-14,unvaccinated,8.0,370.0,0.3333333333333333,0.0
241,10-14,old_vaccine,0.0,0.0,0.0,0.0
241,10-14,new_vaccine,0.0,0.0,0.0,0.0
241,15-19,unvaccinated,9.666666666666666,364.0,0.0,0.0
241,15-19,old_vaccine,0.0,0.0,0.0,0.0
241,15-19,new_vaccine,0.0,0.0,0.0,0.0
241,20-24,unvaccinated,27.333333333333332,390.0,0.3333333333333333,0.0
241,20-24,old_vaccine,0.0,0.0,0.0,0.0
241,20-24,new_vaccine,0.0,0.0,0.0,0.0
241,25-29,unvaccinated,47.666666666666664,439.3333333333333,0.0,0.0
241,25-29,old_vaccine,0.0,0.0,0.0,0.0
241,25-29,new_vaccine,0.0,0.0,0.0,0.0
241,30-34,unvaccinated,51.333333333333336,413.6666666666667,0.0,0.0
241,30-34,old_vaccine,0.0,0.0,0.0,0.0
241,30-34,new_vaccine,0.0,0.0,0.0,0.0
241,35-39,unvaccinated,47.333333333333336,441.0,0.3333333333333333,0.0
241,35-39,old_vaccine,0.0,0.0,0.0,0.0
241,35-39,new_vaccine,0.0,0.0,0.0,0.0
241,40-44,unvaccinated,41.0,422.0,0.3333333333333333,0.0
241,40-44,old_vaccine,0.0,0.0,0.0,0.0
241,40-44,new_vaccine,0.0,0.0,0.0,0.0
241,45-49,unvaccinated,60.333333333333336,390.0,0.3333333333333333,0.0
241,45-49,old_vaccine,0.0,0.0,0.0,0.0
241,45-49,new_vaccine,0.0,0.0,0.0,0.0
241,50-54,unvaccinated,94.0,376.3333333333333,1.0,0.0
241,50-54,old_vaccine,0.0,0.0,0.0,0.0
241,50-54,new_vaccine,0.0,0.0,0.0,0.0
241,55-59,unvaccinated,131.0,338.3333333333333,1.3333333333333333,0.0
241,55-59,old_vaccine,0.0,0.0,0.0,0.0
241,55-59,new_vaccine,0.0,0.0,0.0,0.0
241,60-64,unvaccinated,106.33333333333333,299.0,1.6666666666666667,0.6666666666666666
241,60-64,old_vaccine,0.0,0.0,0.0,0.0
241,60-64,new_vaccine,0.0,0.0,0.0,0.0
241,65-69,unvaccinated,190.33333333333334,144.66666666666666,2.0,0.3333333333333333
241,65-69,old_vaccine,0.0,0.0,0.0,0.0
241,65-69,new_vaccine,0.0,0.0,0.0,0.0
241,70-74,unvaccinated,193.33333333333334,119.33333333333333,5.0,0.3333333333333333
241,70-74,old_vaccine,0.0,0.0,0.0,0.0
241,70-74,new_vaccine,0.0,0.0,0.0,0.0
241,75+,unvaccinated,313.3333333333333,167.0,6.666666666666667,3.0
241,75+,old_vaccine,0.0,0.0,0.0,0.0
241,75+,new_vaccine,0.0,0.0,0.0,0.0
242,0-4,unvaccinated,26.333333333333332,365.0,0.3333333333333333,0.0
242,0-4,old_vaccine,0.0,0.0,0.0,0.0
242,0-4,new_vaccine,0.0,0.0,0.0,0.0
242,5-9,unvaccinated,5.333333333333333,406.6666666666667,0.0,0.0
242,5-9,old_vaccine,0.0,0.0,0.0,0.0
242,5-9,new_vaccine,0.0,0.0,0.0,0.0
242,10-14,unvaccinated,10.0,387.6666666666667,0.0,0.0
242,10-14,old_vaccine,0.0,0.0,0.0,0.0
242,10-14,new_vaccine,0.0,0.0,0.0,0.0
242,15-19,unvaccinated,8.666666666666666,366.6666666666667,0.0,0.0
242,15-19,old_vaccine,0.0,0.0,0.0,0.0
242,15-19,new_vaccine,0.0,0.0,0.0,0.0
242,20-24,unvaccinated,27.333333333333332,391.3333333333333,0.3333333333333333,0.0
242,20-24,old_vaccine,0.0,0.0,0.0,0.0
242,20-24,new_vaccine,0.0,0.0,0.0,0.0
242,25-29,unvaccinated,47.0,421.3333333333333,0.3333333333333333,0.0
242,25-29,old_vaccine,0.0,0.0,0.0,0.0
242,25-29,new_vaccine,0.0,0.0,0.0,0.0
242,30-34,unvaccinated,50.0,430.0,0.0,0.0
242,30-34,old_vaccine,0.0,0.0,0.0,0.0
242,30-34,new_vaccine,0.0,0.0,0.0,0.0
242,35-39,unvaccinated,38.333333333333336,428.6666666666667,0.0,0.0
242,35-39,old_vaccine,0.0,0.0,0.0,0.0
242,35-39,new_vaccine,0.0,0.0,0.0,0.0
242,40-44,unvaccinated,54.333333333333336,429.6666666666667,0.0,0.0
242,40-44,old_vaccine,0.0,0.0,0.0,0.0
242,40-44,new_vaccine,0.0,0.0,0.0,0.0
242,45-49,unvaccinated,48.0,402.6666666666667,0.3333333333333333,0.0
242,45-49,old_vaccine,0.0,0.0,0.0,0.0
242,45-49,new_vaccine,0.0,0.0,0.0,0.0
242,50-54,unvaccinated,100.0,399.3333333333333,0.6666666666666666,0.3333333333333333
242,50-54,old_vaccine,0.0,0.0,0.0,0.0
242,50-54,new_vaccine,0.0,0.0,0.0,0.0
242,55-59,unvaccinated,125.33333333333333,317.6666666666667,1.0,0.0
242,55-59,old_vaccine,0.0,0.0,0.0,0.0
242,55-59,new_vaccine,0.0,0.0,0.0,0.0
242,60-64,unvaccinated,122.0,268.3333333333333,1.6666666666666667,1.0
242,60-64,old_vaccine,0.0,0.0,0.0,0.0
242,60-64,new_vaccine,0.0,0.0,0.0,0.0
242,65-69,unvaccinated,184.0,166.66666666666666,3.0,0.0
242,65-69,old_vaccine,0.0,0.0,0.0,0.0
242,65-69,new_vaccine,0.0,0.0,0.0,0.0
242,70-74,unvaccinated,199.66666666666666,121.66666666666667,5.0,0.3333333333333333
242,70-74,old_vaccine,0.0,0.0,0.0,0.0
242,70-74,new_vaccine,0.0,0.0,0.0,0.0
242,75+,unvaccinated,333.3333333333333,157.33333333333334,4.666666666666667,2.3333333333333335
242,75+,old_vaccine,0.0,0.0,0.0,0.0
242,75+,new_vaccine,0.0,0.0,0.0,0.0
243,0-4,unvaccinated,23.0,346.0,0.3333333333333333,0.0
243,0-4,old_vaccine,0.0,0.0,0.0,0.0
243,0-4,new_vaccine,0.0,0.0,0.0,0.0
243,5-9,unvaccinated,5.666666666666667,411.3333333333333,0.0,0.0
243,5-9,old_vaccine,0.0,0.0,0.0,0.0
243,5-9,new_vaccine,0.0,0.0,0.0,0.0
243,10-14,unvaccinated,8.666666666666666,379.6666666666667,0.3333333333333333,0.0
243,10-14,old_vaccine,0.0,0.0,0.0,0.0
243,10-14,new_vaccine,0.0,0.0,0.0,0.0
243,15-19,unvaccinated,8.0,373.3333333333333,0.0,0.0
243,15-19,old_vaccine,0.0,0.0,0.0,0.0
243,15-19,new_vaccine,0.0,0.0,0.0,0.0
243,20-24,unvaccinated,29.0,391.6666666666667,0.0,0.0
243,20-24,old_vaccine,0.0,0.0,0.0,0.0
243,20-24,new_vaccine,0.0,0.0,0.0,0.0
243,25-29,unvaccinated,47.666666666666664,422.0,0.0,0.0
243,25-29,old_vaccine,0.0,0.0,0.0,0.0
243,25-29,new_vaccine,0.0,0.0,0.0,0.0
243,30-34,unvaccinated,45.666666666666664,434.3333333333333,0.0,0.0
243,30-34,old_vaccine,0.0,0.0,0.0,0.0
243,30-34,new_vaccine,0.0,0.0,0.0,0.0
243,35-39,unvaccinated,40.666666666666664,436.6666666666667,0.3333333333333333,0.0
243,35-39,old_vaccine,0.0,0.0,0.0,0.0
243,35-39,new_vaccine,0.0,0.0,0.0,0.0
243,40-44,unvaccinated,43.333333333333336,408.6666666666667,0.0,0.0
243,40-44,old_vaccine,0.0,0.0,0.0,0.0
243,40-44,new_vaccine,0.0,0.0,0.0,0.0
243,45-49,unvaccinated,57.0,375.6666666666667,1.6666666666666667,0.0
243,45-49,old_vaccine,0.0,0.0,0.0,0.0
243,45-49,new_vaccine,0.0,0.0,0.0,0.0
243,50-54,unvaccinated,102.0,377.6666666666667,2.3333333333333335,0.0
243,50-54,old_vaccine,0.0,0.0,0.0,0.0
243,50-54,new_vaccine,0.0,0.0,0.0,0.0
243,55-59,unvaccinated,108.66666666666667,353.3333333333333,1.0,0.3333333333333333
243,55-59,old_vaccine,0.0,0.0,0.0,0.0
243,55-59,new_vaccine,0.0,0.0,0.0,0.0
243,60-64,unvaccinated,121.33333333333333,280.0,2.6666666666666665,0.6666666666666666
243,60-64,old_vaccine,0.0,0.0,0.0,0.0
243,60-64,new_vaccine,0.0,0.0,0.0,0.0
243,65-69,unvaccinated,174.33333333333334,157.0,2.6666666666666665,0.6666666666666666
243,65-69,old_vaccine,0.0,0.0,0.0,0.0
243,65-69,new_vaccine,0.0,0.0,0.0,0.0
243,70-74,unvaccinated,193.33333333333334,122.33333333333333,4.333333333333333,0.6666666666666666
243,70-74,old_vaccine,0.0,0.0,0.0,0.0
243,70-74,new_vaccine,0.0,0.0,0.0,0.0
243,75+,unvaccinated,333.6666666666667,164.33333333333334,5.333333333333333,4.333333333333333
243,75+,old_vaccine,0.0,0.0,0.0,0.0
243,75+,new_vaccine,0.0,0.0,0.0,0.0
244,0-4,unvaccinated,26.333333333333332,350.3333333333333,0.3333333333333333,0.0
244,0-4,old_vaccine,0.0,0.0,0.0,0.0
244,0-4,new_vaccine,0.0,0.0,0.0,0.0
244,5-9,unvaccinated,8.0,383.0,0.0,0.0
244,5-9,old_vaccine,0.0,0.0,0.0,0.0
244,5-9,new_vaccine,0.0,0.0,0.0,0.0
244,10-14,unvaccinated,8.666666666666666,374.6666666666667,0.0,0.0
244,10-14,old_vaccine,0.0,0.0,0.0,0.0
244,10-14,new_vaccine,0.0,0.0,0.0,0.0
244,15-19,unvaccinated,10.0,355.6666666666667,0.0,0.0
244,15-19,old_vaccine,0.0,0.0,0.0,0.0
244,15-19,new_vaccine,0.0,0.0,0.0,0.0
244,20-24,unvaccinated,26.0,400.6666666666667,0.0,0.0
244,20-24,old_vaccine,0.0,0.0,0.0,0.0
244,20-24,new_vaccine,0.0,0.0,0.0,0.0
244,25-29,unvaccinated,45.666666666666664,433.6666666666667,0.0,0.0
244,25-29,old_vaccine,0.0,0.0,0.0,0.0
244,25-29,new_vaccine,0.0,0.0,0.0,0.0
244,30-34,unvaccinated,51.666666666666664,417.0,0.0,0.0
244,30-34,old_vaccine,0.0,0.0,0.0,0.0
244,30-34,new_vaccine,0.0,0.0,0.0,0.0
244,35-39,unvaccinated,39.0,437.6666666666667,0.6666666666666666,0.0
244,35-39,old_vaccine,0.0,0.0,0.0,0.0
244,35-39,new_vaccine,0.0,0.0,0.0,0.0
244,40-44,unvaccinated,46.0,412.0,0.6666666666666666,0.0
244,40-44,old_vaccine,0.0,0.0,0.0,0.0
244,40-44,new_vaccine,0.0,0.0,0.0,0.0
244,45-49,unvaccinated,55.666666666666664,396.6666666666667,0.0,0.0
244,45-49,old_vaccine,0.0,0.0,0.0,0.0
244,45-49,new_vaccine,0.0,0.0,0.0,0.0
244,50-54,unvaccinated,90.33333333333333,365.0,1.3333333333333333,0.0
244,50-54,old_vaccine,0.0,0.0,0.0,0.0
244,50-54,new_vaccine,0.0,0.0,0.0,0.0
244,55-59,unvaccinated,111.66666666666667,349.3333333333333,2.0,0.0
244,55-59,old_vaccine,0.0,0.0,0.0,0.0
244,55-59,new_vaccine,0.0,0.0,0.0,0.0
244,60-64,unvaccinated,116.0,280.0,1.0,0.3333333333333333
244,60-64,old_vaccine,0.0,0.0,0.0,0.0
244,60-64,new_vaccine,0.0,0.0,0.0,0.0
244,65-69,unvaccinated,172.66666666666666,152.66666666666666,3.6666666666666665,0.3333333333333333
244,65-69,old_vaccine,0.0,0.0,0.0,0.0
244,65-69,new_vaccine,0.0,0.0,0.0,0.0
244,70-74,unvaccinated,199.33333333333334,115.33333333333333,4.333333333333333,0.6666666666666666
244,70-74,old_vaccine,0.0,0.0,0.0,0.0
244,70-74,new_vaccine,0.0,0.0,0.0,0.0
244,75+,unvaccinated,316.0,156.0,7.333333333333333,3.3333333333333335
244,75+,old_vaccine,0.0,0.0,0.0,0.0
244,75+,new_vaccine,0.0,0.0,0.0,0.0
245,0-4,unvaccinated,29.666666666666668,330.0,0.0,0.0
245,0-4,old_vaccine,0.0,0.0,0.0,0.0
245,0-4,new_vaccine,0.0,0.0,0.0,0.0
245,5-9,unvaccinated,4.333333333333333,404.6666666666667,0.0,0.0
245,5-9,old_vaccine,0.0,0.0,0.0,0.0
245,5-9,new_vaccine,0.0,0.0,0.0,0.0
245,10-14,unvaccinated,11.0,389.3333333333333,0.0,0.0
245,10-14,old_vaccine,0.0,0.0,0.0,0.0
245,10-14,new_vaccine,0.0,0.0,0.0,0.0
245,15-19,unvaccinated,11.666666666666666,364.0,0.0,0.0
245,15-19,old_vaccine,0.0,0.0,0.0,0.0
245,15-19,new_vaccine,0.0,0.0,0.0,0.0
245,20-24,unvaccinated,29.666666666666668,392.0,0.0,0.0
245,20-24,old_vaccine,0.0,0.0,0.0,0.0
245,20-24,new_vaccine,0.0,0.0,0.0,0.0
245,25-29,unvaccinated,45.666666666666664,423.3333333333333,0.3333333333333333,0.0
245,25-29,old_vaccine,0.0,0.0,0.0,0.0
245,25-29,new_vaccine,0.0,0.0,0.0,0.0
245,30-34,unvaccinated,51.0,426.6666666666667,0.0,0.0
245,30-34,old_vaccine,0.0,0.0,0.0,0.0
245,30-34,new_vaccine,0.0,0.0,0.0,0.0
245,35-39,unvaccinated,44.666666666666664,408.6666666666667,0.3333333333333333,0.0
245,35-39,old_vaccine,0.0,0.0,0.0,0.0
245,35-39,new_vaccine,0.0,0.0,0.0,0.0
245,40-44,unvaccinated,43.0,408.6666666666667,0.0,0.0
245,40-44,old_vaccine,0.0,0.0,0.0,0.0
245,40-44,new_vaccine,0.0,0.0,0.0,0.0
245,45-49,unvaccinated,56.333333333333336,394.0,0.3333333333333333,0.0
245,45-49,old_vaccine,0.0,0.0,0.0,0.0
245,45-49,new_vaccine,0.0,0.0,0.0,0.0
245,50-54,unvaccinated,92.33333333333333,402.0,0.6666666666666666,0.0
245,50-54,old_vaccine,0.0,0.0,0.0,0.0
245,50-54,new_vaccine,0.0,0.0,0.0,0.0
245,55-59,unvaccinated,119.33333333333333,360.0,1.6666666666666667,0.0
245,55-59,old_vaccine,0.0,0.0,0.0,0.0
245,55-59,new_vaccine,0.0,0.0,0.0,0.0
245,60-64,unvaccinated,116.33333333333333,271.0,0.6666666666666666,0.3333333333333333
245,60-64,old_vaccine,0.0,0.0,0.0,0.0
245,60-64,new_vaccine,0.0,0.0,0.0,0.0
245,65-69,unvaccinated,170.33333333333334,148.0,2.0,0.3333333333333333
245,65-69,old_vaccine,0.0,0.0,0.0,0.0
245,65-69,new_vaccine,0.0,0.0,0.0,0.0
245,70-74,unvaccinated,184.66666666666666,124.0,3.3333333333333335,0.6666666666666666
245,70-74,old_vaccine,0.0,0.0,0.0,0.0
245,70-74,new_vaccine,0.0,0.0,0.0,0.0
245,75+,unvaccinated,332.3333333333333,161.0,5.0,1.6666666666666667
245,75+,old_vaccine,0.0,0.0,0.0,0.0
245,75+,new_vaccine,0.0,0.0,0.0,0.0
246,0-4,unvaccinated,19.0,334.3333333333333,0.0,0.0
246,0-4,old_vaccine,0.0,0.0,0.0,0.0
246,0-4,new_vaccine,0.0,0.0,0.0,0.0
246,5-9,unvaccinated,3.6666666666666665,402.0,0.0,0.0
246,5-9,old_vaccine,0.0,0.0,0.0,0.0
246,5-9,new_vaccine,0.0,0.0,0.0,0.0
246,10-14,unvaccinated,9.0,387.3333333333333,0.0,0.0
246,10-14,old_vaccine,0.0,0.0,0.0,0.0
246,10-14,new_vaccine,0.0,0.0,0.0,0.0
246,15-19,unvaccinated,9.0,359.0,0.0,0.0
246,15-19,old_vaccine,0.0,0.0,0.0,0.0
246,15-19,new_vaccine,0.0,0.0,0.0,0.0
246,20-24,unvaccinated,28.666666666666668,393.0,0.3333333333333333,0.0
246,20-24,old_vaccine,0.0,0.0,0.0,0.0
246,20-24,new_vaccine,0.0,0.0,0.0,0.0
246,25-29,unvaccinated,40.333333333333336,441.3333333333333,0.0,0.0
246,25-29,old_vaccine,0.0,0.0,0.0,0.0
246,25-29,new_vaccine,0.0,0.0,0.0,0.0
246,30-34,unvaccinated,52.333333333333336,421.6666666666667,0.3333333333333333,0.0
246,30-34,old_vaccine,0.0,0.0,0.0,0.0
246,30-34,new_vaccine,0.0,0.0,0.0,0.0
246,35-39,unvaccinated,45.0,422.3333333333333,0.3333333333333333,0.0
246,35-39,old_vaccine,0.0,0.0,0.0,0.0
246,35-39,new_vaccine,0.0,0.0,0.0,0.0
246,40-44,unvaccinated,46.333333333333336,435.0,0.0,0.0
246,40-44,old_vaccine,0.0,0.0,0.0,0.0
246,40-44,new_vaccine,0.0,0.0,0.0,0.0
246,45-49,unvaccinated,58.333333333333336,369.0,1.3333333333333333,0.0
246,45-49,old_vaccine,0.0,0.0,0.0,0.0
246,45-49,new_vaccine,0.0,0.0,0.0,0.0
246,50-54,unvaccinated,84.33333333333333,380.3333333333333,1.0,0.0
246,50-54,old_vaccine,0.0,0.0,0.0,0.0
246,50-54,new_vaccine,0.0,0.0,0.0,0.0
246,55-59,unvaccinated,126.66666666666667,345.0,1.0,0.0
246,55-59,old_vaccine,0.0,0.0,0.0,0.0
246,55-59,new_vaccine,0.0,0.0,0.0,0.0
246,60-64,unvaccinated,124.66666666666667,276.0,1.6666666666666667,0.3333333333333333
246,60-64,old_vaccine,0.0,0.0,0.0,0.0
246,60-64,new_vaccine,0.0,0.0,0.0,0.0
246,65-69,unvaccinated,168.0,156.66666666666666,2.6666666666666665,0.6666666666666666
246,65-69,old_vaccine,0.0,0.0,0.0,0.0
246,65-69,new_vaccine,0.0,0.0,0.0,0.0
246,70-74,unvaccinated,197.33333333333334,107.66666666666667,3.6666666666666665,0.0
246,70-74,old_vaccine,0.0,0.0,0.0,0.0
246,70-74,new_vaccine,0.0,0.0,0.0,0.0
246,75+,unvaccinated,336.6666666666667,155.33333333333334,6.666666666666667,1.3333333333333333
246,75+,old_vaccine,0.0,0.0,0.0,0.0
246,75+,new_vaccine,0.0,0.0,0.0,0.0
247,0-4,unvaccinated,23.333333333333332,363.0,0.0,0.0
247,0-4,old_vaccine,0.0,0.0,0.0,0.0
247,0-4,new_vaccine,0.0,0.0,0.0,0.0
247,5-9,unvaccinated,5.666666666666667,399.6666666666667,0.0,0.0
247,5-9,old_vaccine,0.0,0.0,0.0,0.0
247,5-9,new_vaccine,0.0,0.0,0.0,0.0
247,10-14,unvaccinated,8.333333333333334,401.3333333333333,0.0,0.0
247,10-14,old_vaccine,0.0,0.0,0.0,0.0
247,10-14,new_vaccine,0.0,0.0,0.0,0.0
247,15-19,unvaccinated,10.0,367.6666666666667,0.0,0.0
247,15-19,old_vaccine,0.0,0.0,0.0,0.0
247,15-19,new_vaccine,0.0,0.0,0.0,0.0
247,20-24,unvaccinated,32.0,382.6666666666667,0.0,0.0
247,20-24,old_vaccine,0.0,0.0,0.0,0.0
247,20-24,new_vaccine,0.0,0.0,0.0,0.0
247,25-29,unvaccinated,52.333333333333336,429.3333333333333,0.0,0.0
247,25-29,old_vaccine,0.0,0.0,0.0,0.0
247,25-29,new_vaccine,0.0,0.0,0.0,0.0
247,30-34,unvaccinated,43.333333333333336,440.3333333333333,0.0,0.0
247,30-34,old_vaccine,0.0,0.0,0.0,0.0
247,30-34,new_vaccine,0.0,0.0,0.0,0.0
247,35-39,unvaccinated,38.666666666666664,434.3333333333333,0.3333333333333333,0.0
247,35-39,old_vaccine,0.0,0.0,0.0,0.0
247,35-39,new_vaccine,0.0,0.0,0.0,0.0
247,40-44,unvaccinated,45.0,421.6666666666667,1.3333333333333333,0.0
247,40-44,old_vaccine,0.0,0.0,0.0,0.0
247,40-44,new_vaccine,0.0,0.0,0.0,0.0
247,45-49,unvaccinated,63.666666666666664,398.3333333333333,0.6666666666666666,0.0
247,45-49,old_vaccine,0.0,0.0,0.0,0.0
247,45-49,new_vaccine,0.0,0.0,0.0,0.0
247,50-54,unvaccinated,93.33333333333333,375.0,1.6666666666666667,0.0
247,50-54,old_vaccine,0.0,0.0,0.0,0.0
247,50-54,new_vaccine,0.0,0.0,0.0,0.0
247,55-59,unvaccinated,116.66666666666667,357.0,0.3333333333333333,0.0
247,55-59,old_vaccine,0.0,0.0,0.0,0.0
247,55-59,new_vaccine,0.0,0.0,0.0,0.0
247,60-64,unvaccinated,117.33333333333333,275.3333333333333,1.3333333333333333,0.0
247,60-64,old_vaccine,0.0,0.0,0.0,0.0
247,60-64,new_vaccine,0.0,0.0,0.0,0.0
247,65-69,unvaccinated,185.0,145.66666666666666,3.3333333333333335,0.0
247,65-69,old_vaccine,0.0,0.0,0.0,0.0
247,65-69,new_vaccine,0.0,0.0,0.0,0.0
247,70-74,unvaccinated,203.66666666666666,110.0,3.0,1.6666666666666667
247,70-74,old_vaccine,0.0,0.0,0.0,0.0
247,70-74,new_vaccine,0.0,0.0,0.0,0.0
247,75+,unvaccinated,334.6666666666667,167.66666666666666,6.666666666666667,2.3333333333333335
247,75+,old_vaccine,0.0,0.0,0.0,0.0
247,75+,new_vaccine,0.0,0.0,0.0,0.0
248,0-4,unvaccinated,21.666666666666668,352.6666666666667,0.0,0.0
248,0-4,old_vaccine,0.0,0.0,0.0,0.0
248,0-4,new_vaccine,0.0,0.0,0.0,0.0
248,5-9,unvaccinated,4.0,401.3333333333333,0.0,0.0
248,5-9,old_vaccine,0.0,0.0,0.0,0.0
248,5-9,new_vaccine,0.0,0.0,0.0,0.0
248,10-14,unvaccinated,8.333333333333334,401.3333333333333,0.0,0.0
248,10-14,old_vaccine,0.0,0.0,0.0,0.0
248,10-14,new_vaccine,0.0,0.0,0.0,0.0
248,15-19,unvaccinated,9.0,349.3333333333333,0.3333333333333333,0.0
248,15-19,old_vaccine,0.0,0.0,0.0,0.0
248,15-19,new_vaccine,0.0,0.0,0.0,0.0
248,20-24,unvaccinated,30.0,372.6666666666667,0.0,0.0
248,20-24,old_vaccine,0.0,0.0,0.0,0.0
248,20-24,new_vaccine,0.0,0.0,0.0,0.0
248,25-29,unvaccinated,49.0,418.0,0.0,0.0
248,25-29,old_vaccine,0.0,0.0,0.0,0.0
248,25-29,new_vaccine,0.0,0.0,0.0,0.0
248,30-34,unvaccinated,60.333333333333336,444.3333333333333,0.6666666666666666,0.0
248,30-34,old_vaccine,0.0,0.0,0.0,0.0
248,30-34,new_vaccine,0.0,0.0,0.0,0.0
248,35-39,unvaccinated,41.0,449.6666666666667,0.3333333333333333,0.0
248,35-39,old_vaccine,0.0,0.0,0.0,0.0
248,35-39,new_vaccine,0.0,0.0,0.0,0.0
248,40-44,unvaccinated,47.0,393.6666666666667,0.6666666666666666,0.0
248,40-44,old_vaccine,0.0,0.0,0.0,0.0
248,40-44,new_vaccine,0.0,0.0,0.0,0.0
248,45-49,unvaccinated,55.0,394.3333333333333,0.3333333333333333,0.0
248,45-49,old_vaccine,0.0,0.0,0.0,0.0
248,45-49,new_vaccine,0.0,0.0,0.0,0.0
248,50-54,unvaccinated,101.0,393.6666666666667,1.3333333333333333,0.0
248,50-54,old_vaccine,0.0,0.0,0.0,0.0
248,50-54,new_vaccine,0.0,0.0,0.0,0.0
248,55-59,unvaccinated,112.33333333333333,355.0,1.3333333333333333,0.0
248,55-59,old_vaccine,0.0,0.0,0.0,0.0
248,55-59,new_vaccine,0.0,0.0,0.0,0.0
248,60-64,unvaccinated,130.0,281.3333333333333,1.0,0.0
248,60-64,old_vaccine,0.0,0.0,0.0,0.0
248,60-64,new_vaccine,0.0,0.0,0.0,0.0
248,65-69,unvaccinated,168.33333333333334,145.66666666666666,2.0,0.0
248,65-69,old_vaccine,0.0,0.0,0.0,0.0
248,65-69,new_vaccine,0.0,0.0,0.0,0.0
248,70-74,unvaccinated,205.66666666666666,113.0,3.3333333333333335,1.6666666666666667
248,70-74,old_vaccine,0.0,0.0,0.0,0.0
248,70-74,new_vaccine,0.0,0.0,0.0,0.0
248,75+,unvaccinated,341.0,162.0,5.333333333333333,5.0
248,75+,old_vaccine,0.0,0.0,0.0,0.0
248,75+,new_vaccine,0.0,0.0,0.0,0.0
249,0-4,unvaccinated,26.333333333333332,337.0,0.0,0.0
249,0-4,old_vaccine,0.0,0.0,0.0,0.0
249,0-4,new_vaccine,0.0,0.0,0.0,0.0
249,5-9,unvaccinated,7.333333333333333,397.0,0.0,0.0
249,5-9,old_vaccine,0.0,0.0,0.0,0.0
249,5-9,new_vaccine,0.0,0.0,0.0,0.0
249,10-14,unvaccinated,6.666666666666667,396.6666666666667,0.0,0.0
249,10-14,old_vaccine,0.0,0.0,0.0,0.0
249,10-14,new_vaccine,0.0,0.0,0.0,0.0
249,15-19,unvaccinated,11.0,372.3333333333333,0.0,0.0
249,15-19,old_vaccine,0.0,0.0,0.0,0.0
249,15-19,new_vaccine,0.0,0.0,0.0,0.0
249,20-24,unvaccinated,28.333333333333332,387.3333333333333,0.0,0.0
249,20-24,old_vaccine,0.0,0.0,0.0,0.0
249,20-24,new_vaccine,0.0,0.0,0.0,0.0
249,25-29,unvaccinated,43.666666666666664,424.6666666666667,0.3333333333333333,0.0
249,25-29,old_vaccine,0.0,0.0,0.0,0.0
249,25-29,new_vaccine,0.0,0.0,0.0,0.0
249,30-34,unvaccinated,48.333333333333336,409.0,0.3333333333333333,0.0
249,30-34,old_vaccine,0.0,0.0,0.0,0.0
249,30-34,new_vaccine,0.0,0.0,0.0,0.0
249,35-39,unvaccinated,43.666666666666664,427.6666666666667,0.0,0.0
249,35-39,old_vaccine,0.0,0.0,0.0,0.0
249,35-39,new_vaccine,0.0,0.0,0.0,0.0
249,40-44,unvaccinated,43.0,413.0,0.0,0.0
249,40-44,old_vaccine,0.0,0.0,0.0,0.0
249,40-44,new_vaccine,0.0,0.0,0.0,0.0
249,45-49,unvaccinated,61.666666666666664,415.0,0.0,0.0
249,45-49,old_vaccine,0.0,0.0,0.0,0.0
249,45-49,new_vaccine,0.0,0.0,0.0,0.0
249,50-54,unvaccinated,91.66666666666667,389.0,1.0,0.0
249,50-54,old_vaccine,0.0,0.0,0.0,0.0
249,50-54,new_vaccine,0.0,0.0,0.0,0.0
249,55-59,unvaccinated,125.33333333333333,351.0,0.0,0.0
249,55-59,old_vaccine,0.0,0.0,0.0,0.0
249,55-59,new_vaccine,0.0,0.0,0.0,0.0
249,60-64,unvaccinated,114.66666666666667,294.0,1.3333333333333333,0.3333333333333333
249,60-64,old_vaccine,0.0,0.0,0.0,0.0
249,60-64,new_vaccine,0.0,0.0,0.0,0.0
249,65-69,unvaccinated,187.66666666666666,150.33333333333334,3.0,0.0
249,65-69,old_vaccine,0.0,0.0,0.0,0.0
249,65-69,new_vaccine,0.0,0.0,0.0,0.0
249,70-74,unvaccinated,203.33333333333334,112.33333333333333,3.6666666666666665,0.6666666666666666
249,70-74,old_vaccine,0.0,0.0,0.0,0.0
249,70-74,new_vaccine,0.0,0.0,0.0,0.0
249,75+,unvaccinated,312.6666666666667,160.66666666666666,6.333333333333333,2.3333333333333335
249,75+,old_vaccine,0.0,0.0,0.0,0.0
249,75+,new_vaccine,0.0,0.0,0.0,0.0
250,0-4,unvaccinated,24.0,368.6666666666667,0.0,0.0
250,0-4,old_vaccine,0.0,0.0,0.0,0.0
250,0-4,new_vaccine,0.0,0.0,0.0,0.0
250,5-9,unvaccinated,7.0,394.6666666666667,0.0,0.0
250,5-9,old_vaccine,0.0,0.0,0.0,0.0
250,5-9,new_vaccine,0.0,0.0,0.0,0.0
250,10-14,unvaccinated,10.0,378.3333333333333,0.3333333333333333,0.0
250,10-14,old_vaccine,0.0,0.0,0.0,0.0
250,10-14,new_vaccine,0.0,0.0,0.0,0.0
250,15-19,unvaccinated,9.666666666666666,361.0,0.3333333333333333,0.0
250,15-19,old_vaccine,0.0,0.0,0.0,0.0
250,15-19,new_vaccine,0.0,0.0,0.0,0.0
250,20-24,unvaccinated,24.0,387.6666666666667,0.3333333333333333,0.0
250,20-24,old_vaccine,0.0,0.0,0.0,0.0
250,20-24,new_vaccine,0.0,0.0,0.0,0.0
250,25-29,unvaccinated,42.666666666666664,439.3333333333333,0.0,0.0
250,25-29,old_vaccine,0.0,0.0,0.0,0.0
250,25-29,new_vaccine,0.0,0.0,0.0,0.0
250,30-34,unvaccinated,44.0,439.6666666666667,0.0,0.0
250,30-34,old_vaccine,0.0,0.0,0.0,0.0
250,30-34,new_vaccine,0.0,0.0,0.0,0.0
250,35-39,unvaccinated,44.0,443.0,0.0,0.0
250,35-39,old_vaccine,0.0,0.0,0.0,0.0
250,35-39,new_vaccine,0.0,0.0,0.0,0.0
250,40-44,unvaccinated,40.333333333333336,410.0,0.3333333333333333,0.0
250,40-44,old_vaccine,0.0,0.0,0.0,0.0
250,40-44,new_vaccine,0.0,0.0,0.0,0.0
250,45-49,unvaccinated,60.0,394.0,0.3333333333333333,0.0
250,45-49,old_vaccine,0.0,0.0,0.0,0.0
250,45-49,new_vaccine,0.0,0.0,0.0,0.0
250,50-54,unvaccinated,90.66666666666667,402.3333333333333,1.0,0.0
250,50-54,old_vaccine,0.0,0.0,0.0,0.0
250,50-54,new_vaccine,0.0,0.0,0.0,0.0
250,55-59,unvaccinated,115.33333333333333,339.3333333333333,1.6666666666666667,0.3333333333333333
250,55-59,old_vaccine,0.0,0.0,0.0,0.0
250,55-59,new_vaccine,0.0,0.0,0.0,0.0
250,60-64,unvaccinated,112.33333333333333,275.3333333333333,1.3333333333333333,0.0
250,60-64,old_vaccine,0.0,0.0,0.0,0.0
250,60-64,new_vaccine,0.0,0.0,0.0,0.0
250,65-69,unvaccinated,169.0,157.66666666666666,4.333333333333333,0.3333333333333333
250,65-69,old_vaccine,0.0,0.0,0.0,0.0
250,65-69,new_vaccine,0.0,0.0,0.0,0.0
250,70-74,unvaccinated,198.33333333333334,122.66666666666667,3.3333333333333335,0.6666666666666666
250,70-74,old_vaccine,0.0,0.0,0.0,0.0
250,70-74,new_vaccine,0.0,0.0,0.0,0.0
250,75+,unvaccinated,319.3333333333333,150.66666666666666,5.666666666666667,2.0
250,75+,old_vaccine,0.0,0.0,0.0,0.0
250,75+,new_vaccine,0.0,0.0,0.0,0.0
251,0-4,unvaccinated,21.333333333333332,339.0,0.0,0.0
251,0-4,old_vaccine,0.0,0.0,0.0,0.0
251,0-4,new_vaccine,0.0,0.0,0.0,0.0
251,5-9,unvaccinated,6.333333333333333,407.3333333333333,0.0,0.0
251,5-9,old_vaccine,0.0,0.0,0.0,0.0
251,5-9,new_vaccine,0.0,0.0,0.0,0.0
251,10-14,unvaccinated,7.0,379.6666666666667,0.0,0.0
251,10-14,old_vaccine,0.0,0.0,0.0,0.0
251,10-14,new_vaccine,0.0,0.0,0.0,0.0
251,15-19,unvaccinated,10.0,366.3333333333333,0.0,0.0
251,15-19,old_vaccine,0.0,0.0,0.0,0.0
251,15-19,new_vaccine,0.0,0.0,0.0,0.0
251,20-24,unvaccinated,35.666666666666664,393.6666666666667,0.0,0.0
251,20-24,old_vaccine,0.0,0.0,0.0,0.0
251,20-24,new_vaccine,0.0,0.0,0.0,0.0
251,25-29,unvaccinated,46.0,440.6666666666667,0.0,0.0
251,25-29,old_vaccine,0.0,0.0,0.0,0.0
251,25-29,new_vaccine,0.0,0.0,0.0,0.0
251,30-34,unvaccinated,47.333333333333336,447.0,0.0,0.0
251,30-34,old_vaccine,0.0,0.0,0.0,0.0
251,30-34,new_vaccine,0.0,0.0,0.0,0.0
251,35-39,unvaccinated,43.0,419.0,0.3333333333333333,0.0
251,35-39,old_vaccine,0.0,0.0,0.0,0.0
251,35-39,new_vaccine,0.0,0.0,0.0,0.0
251,40-44,unvaccinated,49.0,405.3333333333333,0.0,0.0
251,40-44,old_vaccine,0.0,0.0,0.0,0.0
251,40-44,new_vaccine,0.0,0.0,0.0,0.0
251,45-49,unvaccinated,50.0,392.6666666666667,0.6666666666666666,0.0
251,45-49,old_vaccine,0.0,0.0,0.0,0.0
251,45-49,new_vaccine,0.0,0.0,0.0,0.0
251,50-54,unvaccinated,88.33333333333333,393.6666666666667,1.0,0.0
251,50-54,old_vaccine,0.0,0.0,0.0,0.0
251,50-54,new_vaccine,0.0,0.0,0.0,0.0
251,55-59,unvaccinated,120.0,353.6666666666667,0.6666666666666666,0.3333333333333333
251,55-59,old_vaccine,0.0,0.0,0.0,0.0
251,55-59,new_vaccine,0.0,0.0,0.0,0.0
251,60-64,unvaccinated,105.0,276.0,2.3333333333333335,0.6666666666666666
251,60-64,old_vaccine,0.0,0.0,0.0,0.0
251,60-64,new_vaccine,0.0,0.0,0.0,0.0
251,65-69,unvaccinated,175.0,145.33333333333334,2.6666666666666665,0.0
251,65-69,old_vaccine,0.0,0.0,0.0,0.0
251,65-69,new_vaccine,0.0,0.0,0.0,0.0
251,70-74,unvaccinated,186.0,117.66666666666667,4.333333333333333,0.6666666666666666
251,70-74,old_vaccine,0.0,0.0,0.0,0.0
251,70-74,new_vaccine,0.0,0.0,0.0,0.0
251,75+,unvaccinated,306.3333333333333,160.66666666666666,4.666666666666667,1.6666666666666667
251,75+,old_vaccine,0.0,0.0,0.0,0.0
251,75+,new_vaccine,0.0,0.0,0.0,0.0
252,0-4,unvaccinated,25.666666666666668,335.3333333333333,0.0,0.0
252,0-4,old_vaccine,0.0,0.0,0.0,0.0
252,0-4,new_vaccine,0.0,0.0,0.0,0.0
252,5-9,unvaccinated,6.0,387.3333333333333,0.0,0.0
252,5-9,old_vaccine,0.0,0.0,0.0,0.0
252,5-9,new_vaccine,0.0,0.0,0.0,0.0
252,10-14,unvaccinated,9.666666666666666,390.6666666666667,0.0,0.0
252,10-14,old_vaccine,0.0,0.0,0.0,0.0
252,10-14,new_vaccine,0.0,0.0,0.0,0.0
252,15-19,unvaccinated,11.0,359.6666666666667,0.0,0.0
252,15-19,old_vaccine,0.0,0.0,0.0,0.0
252,15-19,new_vaccine,0.0,0.0,0.0,0.0
252,20-24,unvaccinated,28.333333333333332,375.6666666666667,0.3333333333333333,0.0
252,20-24,old_vaccine,0.0,0.0,0.0,0.0
252,20-24,new_vaccine,0.0,0.0,0.0,0.0
252,25-29,unvaccinated,40.333333333333336,414.6666666666667,0.0,0.0
252,25-29,old_vaccine,0.0,0.0,0.0,0.0
252,25-29,new_vaccine,0.0,0.0,0.0,0.0
252,30-34,unvaccinated,48.666666666666664,437.0,0.0,0.0
252,30-34,old_vaccine,0.0,0.0,0.0,0.0
252,30-34,new_vaccine,0.0,0.0,0.0,0.0
252,35-39,unvaccinated,55.0,444.0,0.0,0.0
252,35-39,old_vaccine,0.0,0.0,0.0,0.0
252,35-39,new_vaccine,0.0,0.0,0.0,0.0
252,40-44,unvaccinated,42.666666666666664,409.3333333333333,0.0,0.0
252,40-44,old_vaccine,0.0,0.0,0.0,0.0
252,40-44,new_vaccine,0.0,0.0,0.0,0.0
252,45-49,unvaccinated,55.666666666666664,399.0,0.0,0.0
252,45-49,old_vaccine,0.0,0.0,0.0,0.0
252,45-49,new_vaccine,0.0,0.0,0.0,0.0
252,50-54,unvaccinated,84.33333333333333,394.0,0.6666666666666666,0.3333333333333333
252,50-54,old_vaccine,0.0,0.0,0.0,0.0
252,50-54,new_vaccine,0.0,0.0,0.0,0.0
252,55-59,unvaccinated,125.0,338.3333333333333,1.0,0.0
252,55-59,old_vaccine,0.0,0.0,0.0,0.0
252,55-59,new_vaccine,0.0,0.0,0.0,0.0
252,60-64,unvaccinated,117.33333333333333,267.6666666666667,1.0,0.6666666666666666
252,60-64,old_vaccine,0.0,0.0,0.0,0.0
252,60-64,new_vaccine,0.0,0.0,0.0,0.0
252,65-69,unvaccinated,185.0,151.0,4.0,0.0
252,65-69,old_vaccine,0.0,0.0,0.0,0.0
252,65-69,new_vaccine,0.0,0.0,0.0,0.0
252,70-74,unvaccinated,197.66666666666666,125.66666666666667,3.0,0.0
252,70-74,old_vaccine,0.0,0.0,0.0,0.0
252,70-74,new_vaccine,0.0,0.0,0.0,0.0
252,75+,unvaccinated,326.3333333333333,162.66666666666666,5.0,2.6666666666666665
252,75+,old_vaccine,0.0,0.0,0.0,0.0
252,75+,new_vaccine,0.0,0.0,0.0,0.0
253,0-4,unvaccinated,23.0,339.0,0.0,0.0
253,0-4,old_vaccine,0.0,0.0,0.0,0.0
253,0-4,new_vaccine,0.0,0.0,0.0,0.0
253,5-9,unvaccinated,8.0,393.0,0.3333333333333333,0.0
253,5-9,old_vaccine,0.0,0.0,0.0,0.0
253,5-9,new_vaccine,0.0,0.0,0.0,0.0
253,10-14,unvaccinated,11.0,373.3333333333333,0.0,0.0
253,10-14,old_vaccine,0.0,0.0,0.0,0.0
253,10-14,new_vaccine,0.0,0.0,0.0,0.0
253,15-19,unvaccinated,11.666666666666666,369.0,0.0,0.0
253,15-19,old_vaccine,0.0,0.0,0.0,0.0
253,15-19,new_vaccine,0.0,0.0,0.0,0.0
253,20-24,unvaccinated,24.0,395.3333333333333,0.0,0.0
253,20-24,old_vaccine,0.0,0.0,0.0,0.0
253,20-24,new_vaccine,0.0,0.0,0.0,0.0
253,25-29,unvaccinated,55.666666666666664,423.3333333333333,0.0,0.0
253,25-29,old_vaccine,0.0,0.0,0.0,0.0
253,25-29,new_vaccine,0.0,0.0,0.0,0.0
253,30-34,unvaccinated,54.666666666666664,441.0,0.0,0.0
253,30-34,old_vaccine,0.0,0.0,0.0,0.0
253,30-34,new_vaccine,0.0,0.0,0.0,0.0
253,35-39,unvaccinated,48.333333333333336,419.6666666666667,0.0,0.0
253,35-39,old_vaccine,0.0,0.0,0.0,0.0
253,35-39,new_vaccine,0.0,0.0,0.0,0.0
253,40-44,unvaccinated,44.666666666666664,402.3333333333333,0.3333333333333333,0.0
253,40-44,old_vaccine,0.0,0.0,0.0,0.0
253,40-44,new_vaccine,0.0,0.0,0.0,0.0
253,45-49,unvaccinated,62.666666666666664,376.3333333333333,1.0,0.0
253,45-49,old_vaccine,0.0,0.0,0.0,0.0
253,45-49,new_vaccine,0.0,0.0,0.0,0.0
253,50-54,unvaccinated,96.33333333333333,412.3333333333333,2.0,0.0
253,50-54,old_vaccine,0.0,0.0,0.0,0.0
253,50-54,new_vaccine,0.0,0.0,0.0,0.0
253,55-59,unvaccinated,119.0,340.6666666666667,2.6666666666666665,0.0
253,55-59,old_vaccine,0.0,0.0,0.0,0.0
253,55-59,new_vaccine,0.0,0.0,0.0,0.0
253,60-64,unvaccinated,108.66666666666667,286.6666666666667,2.0,0.0
253,60-64,old_vaccine,0.0,0.0,0.0,0.0
253,60-64,new_vaccine,0.0,0.0,0.0,0.0
253,65-69,unvaccinated,180.66666666666666,157.0,2.0,0.6666666666666666
253,65-69,old_vaccine,0.0,0.0,0.0,0.0
253,65-69,new_vaccine,0.0,0.0,0.0,0.0
253,70-74,unvaccinated,186.33333333333334,120.66666666666667,3.0,0.6666666666666666
253,70-74,old_vaccine,0.0,0.0,0.0,0.0
253,70-74,new_vaccine,0.0,0.0,0.0,0.0
253,75+,unvaccinated,327.6666666666667,156.0,7.0,1.0
253,75+,old_vaccine,0.0,0.0,0.0,0.0
253,75+,new_vaccine,0.0,0.0,0.0,0.0
254,0-4,unvaccinated,24.0,345.0,0.3333333333333333,0.0
254,0-4,old_vaccine,0.0,0.0,0.0,0.0
254,0-4,new_vaccine,0.0,0.0,0.0,0.0
254,5-9,unvaccinated,5.333333333333333,410.3333333333333,0.0,0.0
254,5-9,old_vaccine,0.0,0.0,0.0,0.0
254,5-9,new_vaccine,0.0,0.0,0.0,0.0
254,10-14,unvaccinated,9.666666666666666,404.0,0.0,0.0
254,10-14,old_vaccine,0.0,0.0,0.0,0.0
254,10-14,new_vaccine,0.0,0.0,0.0,0.0
254,15-19,unvaccinated,11.333333333333334,373.3333333333333,0.3333333333333333,0.0
254,15-19,old_vaccine,0.0,0.0,0.0,0.0
254,15-19,new_vaccine,0.0,0.0,0.0,0.0
254,20-24,unvaccinated,24.333333333333332,394.3333333333333,0.0,0.0
254,20-24,old_vaccine,0.0,0.0,0.0,0.0
254,20-24,new_vaccine,0.0,0.0,0.0,0.0
254,25-29,unvaccinated,50.333333333333336,430.3333333333333,0.0,0.0
254,25-29,old_vaccine,0.0,0.0,0.0,0.0
254,25-29,new_vaccine,0.0,0.0,0.0,0.0
254,30-34,unvaccinated,46.333333333333336,428.6666666666667,0.3333333333333333,0.0
254,30-34,old_vaccine,0.0,0.0,0.0,0.0
254,30-34,new_vaccine,0.0,0.0,0.0,0.0
254,35-39,unvaccinated,39.666666666666664,430.6666666666667,0.6666666666666666,0.0
254,35-39,old_vaccine,0.0,0.0,0.0,0.0
254,35-39,new_vaccine,0.0,0.0,0.0,0.0
254,40-44,unvaccinated,55.333333333333336,420.0,0.0,0.0
254,40-44,old_vaccine,0.0,0.0,0.0,0.0
254,40-44,new_vaccine,0.0,0.0,0.0,0.0
254,45-49,unvaccinated,55.333333333333336,392.0,0.0,0.3333333333333333
254,45-49,old_vaccine,0.0,0.0,0.0,0.0
254,45-49,new_vaccine,0.0,0.0,0.0,0.0
254,50-54,unvaccinated,99.33333333333333,389.3333333333333,0.6666666666666666,0.0
254,50-54,old_vaccine,0.0,0.0,0.0,0.0
254,50-54,new_vaccine,0.0,0.0,0.0,0.0
254,55-59,unvaccinated,116.0,358.0,1.6666666666666667,0.0
254,55-59,old_vaccine,0.0,0.0,0.0,0.0
254,55-59,new_vaccine,0.0,0.0,0.0,0.0
254,60-64,unvaccinated,126.66666666666667,293.6666666666667,1.3333333333333333,0.0
254,60-64,old_vaccine,0.0,0.0,0.0,0.0
254,60-64,new_vaccine,0.0,0.0,0.0,0.0
254,65-69,unvaccinated,179.0,161.66666666666666,2.6666666666666665,0.0
254,65-69,old_vaccine,0.0,0.0,0.0,0.0
254,65-69,new_vaccine,0.0,0.0,0.0,0.0
254,70-74,unvaccinated,201.0,115.0,2.3333333333333335,1.3333333333333333
254,70-74,old_vaccine,0.0,0.0,0.0,0.0
254,70-74,new_vaccine,0.0,0.0,0.0,0.0
254,75+,unvaccinated,327.6666666666667,155.66666666666666,6.333333333333333,1.6666666666666667
254,75+,old_vaccine,0.0,0.0,0.0,0.0
254,75+,new_vaccine,0.0,0.0,0.0,0.0
255,0-4,unvaccinated,26.333333333333332,372.0,0.3333333333333333,0.0
255,0-4,old_vaccine,0.0,0.0,0.0,0.0
255,0-4,new_vaccine,0.0,0.0,0.0,0.0
255,5-9,unvaccinated,7.333333333333333,411.6666666666667,0.0,0.0
255,5-9,old_vaccine,0.0,0.0,0.0,0.0
255,5-9,new_vaccine,0.0,0.0,0.0,0.0
255,10-14,unvaccinated,8.666666666666666,398.0,0.0,0.0
255,10-14,old_vaccine,0.0,0.0,0.0,0.0
255,10-14,new_vaccine,0.0,0.0,0.0,0.0
255,15-19,unvaccinated,7.0,351.6666666666667,0.0,0.0
255,15-19,old_vaccine,0.0,0.0,0.0,0.0
255,15-19,new_vaccine,0.0,0.0,0.0,0.0
255,20-24,unvaccinated,26.333333333333332,408.6666666666667,0.0,0.0
255,20-24,old_vaccine,0.0,0.0,0.0,0.0
255,20-24,new_vaccine,0.0,0.0,0.0,0.0
255,25-29,unvaccinated,47.666666666666664,401.3333333333333,0.0,0.0
255,25-29,old_vaccine,0.0,0.0,0.0,0.0
255,25-29,new_vaccine,0.0,0.0,0.0,0.0
255,30-34,unvaccinated,54.333333333333336,422.3333333333333,0.0,0.0
255,30-34,old_vaccine,0.0,0.0,0.0,0.0
255,30-34,new_vaccine,0.0,0.0,0.0,0.0
255,35-39,unvaccinated,40.0,424.3333333333333,0.6666666666666666,0.0
255,35-39,old_vaccine,0.0,0.0,0.0,0.0
255,35-39,new_vaccine,0.0,0.0,0.0,0.0
255,40-44,unvaccinated,45.333333333333336,415.3333333333333,0.3333333333333333,0.0
255,40-44,old_vaccine,0.0,0.0,0.0,0.0
255,40-44,new_vaccine,0.0,0.0,0.0,0.0
255,45-49,unvaccinated,58.666666666666664,397.6666666666667,0.6666666666666666,0.0
255,45-49,old_vaccine,0.0,0.0,0.0,0.0
255,45-49,new_vaccine,0.0,0.0,0.0,0.0
255,50-54,unvaccinated,98.33333333333333,392.3333333333333,0.6666666666666666,0.0
255,50-54,old_vaccine,0.0,0.0,0.0,0.0
255,50-54,new_vaccine,0.0,0.0,0.0,0.0
255,55-59,unvaccinated,126.66666666666667,334.0,2.0,0.0
255,55-59,old_vaccine,0.0,0.0,0.0,0.0
255,55-59,new_vaccine,0.0,0.0,0.0,0.0
255,60-64,unvaccinated,116.0,274.3333333333333,2.0,0.3333333333333333
255,60-64,old_vaccine,0.0,0.0,0.0,0.0
255,60-64,new_vaccine,0.0,0.0,0.0,0.0
255,65-69,unvaccinated,169.0,147.0,3.3333333333333335,1.0
255,65-69,old_vaccine,0.0,0.0,0.0,0.0
255,65-69,new_vaccine,0.0,0.0,0.0,0.0
255,70-74,unvaccinated,201.66666666666666,105.0,4.666666666666667,0.6666666666666666
255,70-74,old_vaccine,0.0,0.0,0.0,0.0
255,70-74,new_vaccine,0.0,0.0,0.0,0.0
255,75+,unvaccinated,317.3333333333333,158.66666666666666,7.0,3.0
255,75+,old_vaccine,0.0,0.0,0.0,0.0
255,75+,new_vaccine,0.0,0.0,0.0,0.0
256,0-4,unvaccinated,21.0,345.0,0.0,0.0
256,0-4,old_vaccine,0.0,0.0,0.0,0.0
256,0-4,new_vaccine,0.0,0.0,0.0,0.0
256,5-9,unvaccinated,5.666666666666667,392.0,0.0,0.0
256,5-9,old_vaccine,0.0,0.0,0.0,0.0
256,5-9,new_vaccine,0.0,0.0,0.0,0.0
256,10-14,unvaccinated,7.666666666666667,372.3333333333333,0.0,0.0
256,10-14,old_vaccine,0.0,0.0,0.0,0.0
256,10-14,new_vaccine,0.0,0.0,0.0,0.0
256,15-19,unvaccinated,14.0,367.0,0.0,0.0
256,15-19,old_vaccine,0.0,0.0,0.0,0.0
256,15-19,new_vaccine,0.0,0.0,0.0,0.0
256,20-24,unvaccinated,26.666666666666668,399.0,0.0,0.0
256,20-24,old_vaccine,0.0,0.0,0.0,0.0
256,20-24,new_vaccine,0.0,0.0,0.0,0.0
256,25-29,unvaccinated,41.0,438.6666666666667,0.0,0.0
256,25-29,old_vaccine,0.0,0.0,0.0,0.0
256,25-29,new_vaccine,0.0,0.0,0.0,0.0
256,30-34,unvaccinated,52.666666666666664,410.0,0.0,0.0
256,30-34,old_vaccine,0.0,0.0,0.0,0.0
256,30-34,new_vaccine,0.0,0.0,0.0,0.0
256,35-39,unvaccinated,39.333333333333336,428.6666666666667,0.6666666666666666,0.0
256,35-39,old_vaccine,0.0,0.0,0.0,0.0
256,35-39,new_vaccine,0.0,0.0,0.0,0.0
256,40-44,unvaccinated,47.666666666666664,421.6666666666667,0.6666666666666666,0.0
256,40-44,old_vaccine,0.0,0.0,0.0,0.0
256,40-44,new_vaccine,0.0,0.0,0.0,0.0
256,45-49,unvaccinated,55.333333333333336,385.0,0.3333333333333333,0.0
256,45-49,old_vaccine,0.0,0.0,0.0,0.0
256,45-49,new_vaccine,0.0,0.0,0.0,0.0
256,50-54,unvaccinated,93.0,396.0,1.0,0.3333333333333333
256,50-54,old_vaccine,0.0,0.0,0.0,0.0
256,50-54,new_vaccine,0.0,0.0,0.0,0.0
256,55-59,unvaccinated,113.33333333333333,365.0,0.6666666666666666,0.0
256,55-59,old_vaccine,0.0,0.0,0.0,0.0
256,55-59,new_vaccine,0.0,0.0,0.0,0.0
256,60-64,unvaccinated,117.0,287.6666666666667,0.6666666666666666,0.0
256,60-64,old_vaccine,0.0,0.0,0.0,0.0
256,60-64,new_vaccine,0.0,0.0,0.0,0.0
256,65-69,unvaccinated,168.66666666666666,159.0,3.6666666666666665,0.6666666666666666
256,65-69,old_vaccine,0.0,0.0,0.0,0.0
256,65-69,new_vaccine,0.0,0.0,0.0,0.0
256,70-74,unvaccinated,220.0,122.0,2.3333333333333335,0.3333333333333333
256,70-74,old_vaccine,0.0,0.0,0.0,0.0
256,70-74,new_vaccine,0.0,0.0,0.0,0.0
256,75+,unvaccinated,314.6666666666667,152.33333333333334,5.666666666666667,2.3333333333333335
256,75+,old_vaccine,0.0,0.0,0.0,0.0
256,75+,new_vaccine,0.0,0.0,0.0,0.0
257,0-4,unvaccinated,25.0,339.0,0.6666666666666666,0.0
257,0-4,old_vaccine,0.0,0.0,0.0,0.0
257,0-4,new_vaccine,0.0,0.0,0.0,0.0
257,5-9,unvaccinated,7.333333333333333,394.0,0.3333333333333333,0.0
257,5-9,old_vaccine,0.0,0.0,0.0,0.0
257,5-9,new_vaccine,0.0,0.0,0.0,0.0
257,10-14,unvaccinated,8.666666666666666,398.6666666666667,0.0,0.0
257,10-14,old_vaccine,0.0,0.0,0.0,0.0
257,10-14,new_vaccine,0.0,0.0,0.0,0.0
257,15-19,unvaccinated,12.333333333333334,362.0,0.0,0.0
257,15-19,old_vaccine,0.0,0.0,0.0,0.0
257,15-19,new_vaccine,0.0,0.0,0.0,0.0
257,20-24,unvaccinated,25.0,395.6666666666667,0.0,0.0
257,20-24,old_vaccine,0.0,0.0,0.0,0.0
257,20-24,new_vaccine,0.0,0.0,0.0,0.0
257,25-29,unvaccinated,44.666666666666664,429.0,0.6666666666666666,0.0
257,25-29,old_vaccine,0.0,0.0,0.0,0.0
257,25-29,new_vaccine,0.0,0.0,0.0,0.0
257,30-34,unvaccinated,43.666666666666664,422.6666666666667,0.6666666666666666,0.0
257,30-34,old_vaccine,0.0,0.0,0.0,0.0
257,30-34,new_vaccine,0.0,0.0,0.0,0.0
257,35-39,unvaccinated,42.333333333333336,426.3333333333333,0.0,0.0
257,35-39,old_vaccine,0.0,0.0,0.0,0.0
257,35-39,new_vaccine,0.0,0.0,0.0,0.0
257,40-44,unvaccinated,47.666666666666664,400.3333333333333,0.3333333333333333,0.0
257,40-44,old_vaccine,0.0,0.0,0.0,0.0
257,40-44,new_vaccine,0.0,0.0,0.0,0.0
257,45-49,unvaccinated,55.333333333333336,388.3333333333333,0.0,0.0
257,45-49,old_vaccine,0.0,0.0,0.0,0.0
257,45-49,new_vaccine,0.0,0.0,0.0,0.0
257,50-54,unvaccinated,94.0,380.3333333333333,1.3333333333333333,0.0
257,50-54,old_vaccine,0.0,0.0,0.0,0.0
257,50-54,new_vaccine,0.0,0.0,0.0,0.0
257,55-59,unvaccinated,115.33333333333333,347.0,1.6666666666666667,0.0
257,55-59,old_vaccine,0.0,0.0,0.0,0.0
257,55-59,new_vaccine,0.0,0.0,0.0,0.0
257,60-64,unvaccinated,121.33333333333333,279.3333333333333,1.6666666666666667,0.3333333333333333
257,60-64,old_vaccine,0.0,0.0,0.0,0.0
257,60-64,new_vaccine,0.0,0.0,0.0,0.0
257,65-69,unvaccinated,173.0,161.66666666666666,2.6666666666666665,0.3333333333333333
257,65-69,old_vaccine,0.0,0.0,0.0,0.0
257,65-69,new_vaccine,0.0,0.0,0.0,0.0
257,70-74,unvaccinated,177.0,114.0,4.0,1.0
257,70-74,old_vaccine,0.0,0.0,0.0,0.0
257,70-74,new_vaccine,0.0,0.0,0.0,0.0
257,75+,unvaccinated,307.6666666666667,153.0,5.0,3.0
257,75+,old_vaccine,0.0,0.0,0.0,0.0
257,75+,new_vaccine,0.0,0.0,0.0,0.0
258,0-4,unvaccinated,26.333333333333332,331.6666666666667,0.3333333333333333,0.0
258,0-4,old_vaccine,0.0,0.0,0.0,0.0
258,0-4,new_vaccine,0.0,0.0,0.0,0.0
258,5-9,unvaccinated,6.0,417.6666666666667,0.0,0.0
258,5-9,old_vaccine,0.0,0.0,0.0,0.0
258,5-9,new_vaccine,0.0,0.0,0.0,0.0
258,10-14,unvaccinated,7.333333333333333,379.6666666666667,0.0,0.0
258,10-14,old_vaccine,0.0,0.0,0.0,0.0
258,10-14,new_vaccine,0.0,0.0,0.0,0.0
258,15-19,unvaccinated,7.333333333333333,377.0,0.0,0.0
258,15-19,old_vaccine,0.0,0.0,0.0,0.0
258,15-19,new_vaccine,0.0,0.0,0.0,0.0
258,20-24,unvaccinated,33.666666666666664,400.3333333333333,0.0,0.0
258,20-24,old_vaccine,0.0,0.0,0.0,0.0
258,20-24,new_vaccine,0.0,0.0,0.0,0.0
258,25-29,unvaccinated,42.666666666666664,412.3333333333333,0.0,0.0
258,25-29,old_vaccine,0.0,0.0,0.0,0.0
258,25-29,new_vaccine,0.0,0.0,0.0,0.0
258,30-34,unvaccinated,48.333333333333336,432.0,0.0,0.0
258,30-34,old_vaccine,0.0,0.0,0.0,0.0
258,30-34,new_vaccine,0.0,0.0,0.0,0.0
258,35-39,unvaccinated,48.333333333333336,424.0,0.3333333333333333,0.0
258,35-39,old_vaccine,0.0,0.0,0.0,0.0
258,35-39,new_vaccine,0.0,0.0,0.0,0.0
258,40-44,unvaccinated,42.666666666666664,401.0,0.3333333333333333,0.0
258,40-44,old_vaccine,0.0,0.0,0.0,0.0
258,40-44,new_vaccine,0.0,0.0,0.0,0.0
258,45-49,unvaccinated,55.666666666666664,380.3333333333333,1.3333333333333333,0.0
258,45-49,old_vaccine,0.0,0.0,0.0,0.0
258,45-49,new_vaccine,0.0,0.0,0.0,0.0
258,50-54,unvaccinated,88.33333333333333,380.6666666666667,0.6666666666666666,0.0
258,50-54,old_vaccine,0.0,0.0,0.0,0.0
258,50-54,new_vaccine,0.0,0.0,0.0,0.0
258,55-59,unvaccinated,125.0,342.3333333333333,2.0,0.0
258,55-59,old_vaccine,0.0,0.0,0.0,0.0
258,55-59,new_vaccine,0.0,0.0,0.0,0.0
258,60-64,unvaccinated,114.33333333333333,274.0,2.3333333333333335,0.0
258,60-64,old_vaccine,0.0,0.0,0.0,0.0
258,60-64,new_vaccine,0.0,0.0,0.0,0.0
258,65-69,unvaccinated,183.33333333333334,151.33333333333334,3.6666666666666665,0.3333333333333333
258,65-69,old_vaccine,0.0,0.0,0.0,0.0
258,65-69,new_vaccine,0.0,0.0,0.0,0.0
258,70-74,unvaccinated,201.0,124.66666666666667,3.3333333333333335,1.0
258,70-74,old_vaccine,0.0,0.0,0.0,0.0
258,70-74,new_vaccine,0.0,0.0,0.0,0.0
258,75+,unvaccinated,330.0,166.33333333333334,5.333333333333333,1.3333333333333333
258,75+,old_vaccine,0.0,0.0,0.0,0.0
258,75+,new_vaccine,0.0,0.0,0.0,0.0
259,0-4,unvaccinated,26.666666666666668,352.3333333333333,0.0,0.0
259,0-4,old_vaccine,0.0,0.0,0.0,0.0
259,0-4,new_vaccine,0.0,0.0,0.0,0.0
259,5-9,unvaccinated,5.0,398.0,0.0,0.0
259,5-9,old_vaccine,0.0,0.0,0.0,0.0
259,5-9,new_vaccine,0.0,0.0,0.0,0.0
259,10-14,unvaccinated,8.666666666666666,391.0,0.0,0.0
259,10-14,old_vaccine,0.0,0.0,0.0,0.0
259,10-14,new_vaccine,0.0,0.0,0.0,0.0
259,15-19,unvaccinated,9.666666666666666,365.0,0.0,0.0
259,15-19,old_vaccine,0.0,0.0,0.0,0.0
259,15-19,new_vaccine,0.0,0.0,0.0,0.0
259,20-24,unvaccinated,27.0,384.0,0.0,0.0
259,20-24,old_vaccine,0.0,0.0,0.0,0.0
259,20-24,new_vaccine,0.0,0.0,0.0,0.0
259,25-29,unvaccinated,44.666666666666664,421.6666666666667,0.6666666666666666,0.0
259,25-29,old_vaccine,0.0,0.0,0.0,0.0
259,25-29,new_vaccine,0.0,0.0,0.0,0.0
259,30-34,unvaccinated,51.666666666666664,437.3333333333333,0.0,0.0
259,30-34,old_vaccine,0.0,0.0,0.0,0.0
259,30-34,new_vaccine,0.0,0.0,0.0,0.0
259,35-39,unvaccinated,38.333333333333336,432.3333333333333,0.6666666666666666,0.0
259,35-39,old_vaccine,0.0,0.0,0.0,0.0
259,35-39,new_vaccine,0.0,0.0,0.0,0.0
259,40-44,unvaccinated,49.333333333333336,417.6666666666667,0.0,0.0
259,40-44,old_vaccine,0.0,0.0,0.0,0.0
259,40-44,new_vaccine,0.0,0.0,0.0,0.0
259,45-49,unvaccinated,50.333333333333336,403.6666666666667,0.6666666666666666,0.0
259,45-49,old_vaccine,0.0,0.0,0.0,0.0
259,45-49,new_vaccine,0.0,0.0,0.0,0.0
259,50-54,unvaccinated,84.0,381.3333333333333,0.0,0.0
259,50-54,old_vaccine,0.0,0.0,0.0,0.0
259,50-54,new_vaccine,0.0,0.0,0.0,0.0
259,55-59,unvaccinated,118.33333333333333,338.0,1.0,0.0
259,55-59,old_vaccine,0.0,0.0,0.0,0.0
259,55-59,new_vaccine,0.0,0.0,0.0,0.0
259,60-64,unvaccinated,107.0,275.0,2.0,0.0
259,60-64,old_vaccine,0.0,0.0,0.0,0.0
259,60-64,new_vaccine,0.0,0.0,0.0,0.0
259,65-69,unvaccinated,174.33333333333334,151.66666666666666,2.6666666666666665,0.0
259,65-69,old_vaccine,0.0,0.0,0.0,0.0
259,65-69,new_vaccine,0.0,0.0,0.0,0.0
259,70-74,unvaccinated,196.66666666666666,106.33333333333333,1.6666666666666667,0.6666666666666666
259,70-74,old_vaccine,0.0,0.0,0.0,0.0
259,70-74,new_vaccine,0.0,0.0,0.0,0.0
259,75+,unvaccinated,328.6666666666667,155.66666666666666,4.333333333333333,3.3333333333333335
259,75+,old_vaccine,0.0,0.0,0.0,0.0
259,75+,new_vaccine,0.0,0.0,0.0,0.0
260,0-4,unvaccinated,18.333333333333332,366.6666666666667,0.6666666666666666,0.0
260,0-4,old_vaccine,0.0,0.0,0.0,0.0
260,0-4,new_vaccine,0.0,0.0,0.0,0.0
260,5-9,unvaccinated,6.666666666666667,400.6666666666667,0.0,0.0
260,5-9,old_vaccine,0.0,0.0,0.0,0.0
260,5-9,new_vaccine,0.0,0.0,0.0,0.0
260,10-14,unvaccinated,9.666666666666666,378.3333333333333,0.0,0.0
260,10-14,old_vaccine,0.0,0.0,0.0,0.0
260,10-14,new_vaccine,0.0,0.0,0.0,0.0
260,15-19,unvaccinated,8.333333333333334,359.0,0.0,0.0
260,15-19,old_vaccine,0.0,0.0,0.0,0.0
260,15-19,new_vaccine,0.0,0.0,0.0,0.0
260,20-24,unvaccinated,27.333333333333332,364.3333333333333,0.0,0.0
260,20-24,old_vaccine,0.0,0.0,0.0,0.0
260,20-24,new_vaccine,0.0,0.0,0.0,0.0
260,25-29,unvaccinated,47.0,416.3333333333333,0.0,0.0
260,25-29,old_vaccine,0.0,0.0,0.0,0.0
260,25-29,new_vaccine,0.0,0.0,0.0,0.0
260,30-34,unvaccinated,54.0,444.3333333333333,0.0,0.0
260,30-34,old_vaccine,0.0,0.0,0.0,0.0
260,30-34,new_vaccine,0.0,0.0,0.0,0.0
260,35-39,unvaccinated,43.333333333333336,438.3333333333333,0.3333333333333333,0.0
260,35-39,old_vaccine,0.0,0.0,0.0,0.0
260,35-39,new_vaccine,0.0,0.0,0.0,0.0
260,40-44,unvaccinated,52.666666666666664,399.6666666666667,0.3333333333333333,0.0
260,40-44,old_vaccine,0.0,0.0,0.0,0.0
260,40-44,new_vaccine,0.0,0.0,0.0,0.0
260,45-49,unvaccinated,54.333333333333336,389.6666666666667,1.6666666666666667,0.0
260,45-49,old_vaccine,0.0,0.0,0.0,0.0
260,45-49,new_vaccine,0.0,0.0,0.0,0.0
260,50-54,unvaccinated,94.33333333333333,372.6666666666667,0.6666666666666666,0.0
260,50-54,old_vaccine,0.0,0.0,0.0,0.0
260,50-54,new_vaccine,0.0,0.0,0.0,0.0
260,55-59,unvaccinated,117.66666666666667,346.0,0.6666666666666666,0.3333333333333333
260,55-59,old_vaccine,0.0,0.0,0.0,0.0
260,55-59,new_vaccine,0.0,0.0,0.0,0.0
260,60-64,unvaccinated,109.66666666666667,286.0,1.6666666666666667,0.3333333333333333
260,60-64,old_vaccine,0.0,0.0,0.0,0.0
260,60-64,new_vaccine,0.0,0.0,0.0,0.0
260,65-69,unvaccinated,178.0,160.0,4.0,1.0
260,65-69,old_vaccine,0.0,0.0,0.0,0.0
260,65-69,new_vaccine,0.0,0.0,0.0,0.0
260,70-74,unvaccinated,197.0,116.0,3.0,0.3333333333333333
260,70-74,old_vaccine,0.0,0.0,0.0,0.0
260,70-74,new_vaccine,0.0,0.0,0.0,0.0
260,75+,unvaccinated,352.0,160.0,7.333333333333333,2.3333333333333335
260,75+,old_vaccine,0.0,0.0,0.0,0.0
260,75+,new_vaccine,0.0,0.0,0.0,0.0
261,0-4,unvaccinated,21.0,320.3333333333333,0.0,0.0
261,0-4,old_vaccine,0.0,0.0,0.0,0.0
261,0-4,new_vaccine,0.0,0.0,0.0,0.0
261,5-9,unvaccinated,8.0,381.0,0.0,0.0
261,5-9,old_vaccine,0.0,0.0,0.0,0.0
261,5-9,new_vaccine,0.0,0.0,0.0,0.0
261,10-14,unvaccinated,8.666666666666666,392.0,0.0,0.0
261,10-14,old_vaccine,0.0,0.0,0.0,0.0
261,10-14,new_vaccine,0.0,0.0,0.0,0.0
261,15-19,unvaccinated,6.0,367.3333333333333,0.0,0.0
261,15-19,old_vaccine,0.0,0.0,0.0,0.0
261,15-19,new_vaccine,0.0,0.0,0.0,0.0
261,20-24,unvaccinated,29.666666666666668,398.6666666666667,0.0,0.0
261,20-24,old_vaccine,0.0,0.0,0.0,0.0
261,20-24,new_vaccine,0.0,0.0,0.0,0.0
261,25-29,unvaccinated,45.333333333333336,448.0,0.3333333333333333,0.0
261,25-29,old_vaccine,0.0,0.0,0.0,0.0
261,25-29,new_vaccine,0.0,0.0,0.0,0.0
261,30-34,unvaccinated,48.0,406.3333333333333,0.3333333333333333,0.0
261,30-34,old_vaccine,0.0,0.0,0.0,0.0
261,30-34,new_vaccine,0.0,0.0,0.0,0.0
261,35-39,unvaccinated,47.666666666666664,435.6666666666667,1.0,0.0
261,35-39,old_vaccine,0.0,0.0,0.0,0.0
261,35-39,new_vaccine,0.0,0.0,0.0,0.0
261,40-44,unvaccinated,47.0,403.3333333333333,0.0,0.0
261,40-44,old_vaccine,0.0,0.0,0.0,0.0
261,40-44,new_vaccine,0.0,0.0,0.0,0.0
261,45-49,unvaccinated,54.666666666666664,385.0,0.6666666666666666,0.0
261,45-49,old_vaccine,0.0,0.0,0.0,0.0
261,45-49,new_vaccine,0.0,0.0,0.0,0.0
261,50-54,unvaccinated,90.0,396.6666666666667,1.6666666666666667,0.0
261,50-54,old_vaccine,0.0,0.0,0.0,0.0
261,50-54,new_vaccine,0.0,0.0,0.0,0.0
261,55-59,unvaccinated,121.0,342.3333333333333,2.0,0.0
261,55-59,old_vaccine,0.0,0.0,0.0,0.0
261,55-59,new_vaccine,0.0,0.0,0.0,0.0
261,60-64,unvaccinated,128.33333333333334,276.6666666666667,2.0,0.3333333333333333
261,60-64,old_vaccine,0.0,0.0,0.0,0.0
261,60-64,new_vaccine,0.0,0.0,0.0,0.0
261,65-69,unvaccinated,175.0,153.66666666666666,1.0,0.0
261,65-69,old_vaccine,0.0,0.0,0.0,0.0
261,65-69,new_vaccine,0.0,0.0,0.0,0.0
261,70-74,unvaccinated,199.33333333333334,116.0,1.6666666666666667,1.3333333333333333
261,70-74,old_vaccine,0.0,0.0,0.0,0.0
261,70-74,new_vaccine,0.0,0.0,0.0,0.0
261,75+,unvaccinated,338.6666666666667,143.0,10.0,0.6666666666666666
261,75+,old_vaccine,0.0,0.0,0.0,0.0
261,75+,new_vaccine,0.0,0.0,0.0,0.0
262,0-4,unvaccinated,25.0,346.6666666666667,0.0,0.0
262,0-4,old_vaccine,0.0,0.0,0.0,0.0
262,0-4,new_vaccine,0.0,0.0,0.0,0.0
262,5-9,unvaccinated,4.0,421.3333333333333,0.0,0.0
262,5-9,old_vaccine,0.0,0.0,0.0,0.0
262,5-9,new_vaccine,0.0,0.0,0.0,0.0
262,10-14,unvaccinated,5.0,377.6666666666667,0.0,0.0
262,10-14,old_vaccine,0.0,0.0,0.0,0.0
262,10-14,new_vaccine,0.0,0.0,0.0,0.0
262,15-19,unvaccinated,8.0,359.3333333333333,0.0,0.0
262,15-19,old_vaccine,0.0,0.0,0.0,0.0
262,15-19,new_vaccine,0.0,0.0,0.0,0.0
262,20-24,unvaccinated,26.333333333333332,369.3333333333333,0.0,0.0
262,20-24,old_vaccine,0.0,0.0,0.0,0.0
262,20-24,new_vaccine,0.0,0.0,0.0,0.0
262,25-29,unvaccinated,49.0,451.3333333333333,0.0,0.0
262,25-29,old_vaccine,0.0,0.0,0.0,0.0
262,25-29,new_vaccine,0.0,0.0,0.0,0.0
262,30-34,unvaccinated,50.333333333333336,412.3333333333333,1.3333333333333333,0.0
262,30-34,old_vaccine,0.0,0.0,0.0,0.0
262,30-34,new_vaccine,0.0,0.0,0.0,0.0
262,35-39,unvaccinated,42.333333333333336,427.3333333333333,0.0,0.0
262,35-39,old_vaccine,0.0,0.0,0.0,0.0
262,35-39,new_vaccine,0.0,0.0,0.0,0.0
262,40-44,unvaccinated,42.333333333333336,406.0,0.0,0.0
262,40-44,old_vaccine,0.0,0.0,0.0,0.0
262,40-44,new_vaccine,0.0,0.0,0.0,0.0
262,45-49,unvaccinated,58.333333333333336,408.3333333333333,0.0,0.0
262,45-49,old_vaccine,0.0,0.0,0.0,0.0
262,45-49,new_vaccine,0.0,0.0,0.0,0.0
262,50-54,unvaccinated,86.66666666666667,402.6666666666667,1.0,0.3333333333333333
262,50-54,old_vaccine,0.0,0.0,0.0,0.0
262,50-54,new_vaccine,0.0,0.0,0.0,0.0
262,55-59,unvaccinated,119.66666666666667,330.3333333333333,1.3333333333333333,0.3333333333333333
262,55-59,old_vaccine,0.0,0.0,0.0,0.0
262,55-59,new_vaccine,0.0,0.0,0.0,0.0
262,60-64,unvaccinated,112.66666666666667,279.3333333333333,1.3333333333333333,0.3333333333333333
262,60-64,old_vaccine,0.0,0.0,0.0,0.0
262,60-64,new_vaccine,0.0,0.0,0.0,0.0
262,65-69,unvaccinated,162.66666666666666,156.0,3.6666666666666665,0.0
262,65-69,old_vaccine,0.0,0.0,0.0,0.0
262,65-69,new_vaccine,0.0,0.0,0.0,0.0
262,70-74,unvaccinated,208.33333333333334,115.0,4.0,1.3333333333333333
262,70-74,old_vaccine,0.0,0.0,0.0,0.0
262,70-74,new_vaccine,0.0,0.0,0.0,0.0
262,75+,unvaccinated,330.6666666666667,154.66666666666666,3.0,2.0
262,75+,old_vaccine,0.0,0.0,0.0,0.0
262,75+,new_vaccine,0.0,0.0,0.0,0.0
263,0-4,unvaccinated,22.666666666666668,344.6666666666667,0.3333333333333333,0.0
263,0-4,old_vaccine,0.0,0.0,0.0,0.0
263,0-4,new_vaccine,0.0,0.0,0.0,0.0
263,5-9,unvaccinated,6.0,394.0,0.0,0.0
263,5-9,old_vaccine,0.0,0.0,0.0,0.0
263,5-9,new_vaccine,0.0,0.0,0.0,0.0
263,10-14,unvaccinated,8.333333333333334,392.3333333333333,0.3333333333333333,0.0
263,10-14,old_vaccine,0.0,0.0,0.0,0.0
263,10-14,new_vaccine,0.0,0.0,0.0,0.0
263,15-19,unvaccinated,7.333333333333333,355.3333333333333,0.0,0.0
263,15-19,old_vaccine,0.0,0.0,0.0,0.0
263,15-19,new_vaccine,0.0,0.0,0.0,0.0
263,20-24,unvaccinated,29.0,379.3333333333333,0.0,0.0
263,20-24,old_vaccine,0.0,0.0,0.0,0.0
263,20-24,new_vaccine,0.0,0.0,0.0,0.0
263,25-29,unvaccinated,49.333333333333336,424.3333333333333,0.0,0.0
263,25-29,old_vaccine,0.0,0.0,0.0,0.0
263,25-29,new_vaccine,0.0,0.0,0.0,0.0
263,30-34,unvaccinated,55.0,437.6666666666667,0.3333333333333333,0.0
263,30-34,old_vaccine,0.0,0.0,0.0,0.0
263,30-34,new_vaccine,0.0,0.0,0.0,0.0
263,35-39,unvaccinated,49.666666666666664,433.6666666666667,0.3333333333333333,0.0
263,35-39,old_vaccine,0.0,0.0,0.0,0.0
263,35-39,new_vaccine,0.0,0.0,0.0,0.0
263,40-44,unvaccinated,40.0,422.6666666666667,0.0,0.0
263,40-44,old_vaccine,0.0,0.0,0.0,0.0
263,40-44,new_vaccine,0.0,0.0,0.0,0.0
263,45-49,unvaccinated,62.333333333333336,386.6666666666667,0.6666666666666666,0.0
263,45-49,old_vaccine,0.0,0.0,0.0,0.0
263,45-49,new_vaccine,0.0,0.0,0.0,0.0
263,50-54,unvaccinated,97.0,400.3333333333333,0.6666666666666666,0.0
263,50-54,old_vaccine,0.0,0.0,0.0,0.0
263,50-54,new_vaccine,0.0,0.0,0.0,0.0
263,55-59,unvaccinated,112.33333333333333,343.6666666666667,1.0,0.3333333333333333
263,55-59,old_vaccine,0.0,0.0,0.0,0.0
263,55-59,new_vaccine,0.0,0.0,0.0,0.0
263,60-64,unvaccinated,113.0,278.0,1.0,0.0
263,60-64,old_vaccine,0.0,0.0,0.0,0.0
263,60-64,new_vaccine,0.0,0.0,0.0,0.0
263,65-69,unvaccinated,171.66666666666666,145.0,3.3333333333333335,0.0
263,65-69,old_vaccine,0.0,0.0,0.0,0.0
263,65-69,new_vaccine,0.0,0.0,0.0,0.0
263,70-74,unvaccinated,194.0,111.33333333333333,3.6666666666666665,0.6666666666666666
263,70-74,old_vaccine,0.0,0.0,0.0,0.0
263,70-74,new_vaccine,0.0,0.0,0.0,0.0
263,75+,unvaccinated,329.6666666666667,158.66666666666666,7.0,3.6666666666666665
263,75+,old_vaccine,0.0,0.0,0.0,0.0
263,75+,new_vaccine,0.0,0.0,0.0,0.0
264,0-4,unvaccinated,24.0,356.0,0.0,0.0
264,0-4,old_vaccine,0.0,0.0,0.0,0.0
264,0-4,new_vaccine,0.0,0.0,0.0,0.0
264,5-9,unvaccinated,4.666666666666667,414.0,0.0,0.0
264,5-9,old_vaccine,0.0,0.0,0.0,0.0
264,5-9,new_vaccine,0.0,0.0,0.0,0.0
264,10-14,unvaccinated,8.333333333333334,388.3333333333333,0.3333333333333333,0.0
264,10-14,old_vaccine,0.0,0.0,0.0,0.0
264,10-14,new_vaccine,0.0,0.0,0.0,0.0
264,15-19,unvaccinated,8.666666666666666,370.0,0.0,0.0
264,15-19,old_vaccine,0.0,0.0,0.0,0.0
264,15-19,new_vaccine,0.0,0.0,0.0,0.0
264,20-24,unvaccinated,31.0,399.0,0.0,0.0
264,20-24,old_vaccine,0.0,0.0,0.0,0.0
264,20-24,new_vaccine,0.0,0.0,0.0,0.0
264,25-29,unvaccinated,45.666666666666664,438.0,0.0,0.0
264,25-29,old_vaccine,0.0,0.0,0.0,0.0
264,25-29,new_vaccine,0.0,0.0,0.0,0.0
264,30-34,unvaccinated,54.0,438.3333333333333,0.0,0.0
264,30-34,old_vaccine,0.0,0.0,0.0,0.0
264,30-34,new_vaccine,0.0,0.0,0.0,0.0
264,35-39,unvaccinated,41.666666666666664,450.3333333333333,0.6666666666666666,0.0
264,35-39,old_vaccine,0.0,0.0,0.0,0.0
264,35-39,new_vaccine,0.0,0.0,0.0,0.0
264,40-44,unvaccinated,55.333333333333336,421.0,1.3333333333333333,0.0
264,40-44,old_vaccine,0.0,0.0,0.0,0.0
264,40-44,new_vaccine,0.0,0.0,0.0,0.0
264,45-49,unvaccinated,56.666666666666664,391.3333333333333,0.6666666666666666,0.0
264,45-49,old_vaccine,0.0,0.0,0.0,0.0
264,45-49,new_vaccine,0.0,0.0,0.0,0.0
264,50-54,unvaccinated,93.0,372.3333333333333,1.6666666666666667,0.0
264,50-54,old_vaccine,0.0,0.0,0.0,0.0
264,50-54,new_vaccine,0.0,0.0,0.0,0.0
264,55-59,unvaccinated,118.0,362.6666666666667,1.3333333333333333,0.3333333333333333
264,55-59,old_vaccine,0.0,0.0,0.0,0.0
264,55-59,new_vaccine,0.0,0.0,0.0,0.0
264,60-64,unvaccinated,122.66666666666667,267.0,2.3333333333333335,0.0
264,60-64,old_vaccine,0.0,0.0,0.0,0.0
264,60-64,new_vaccine,0.0,0.0,0.0,0.0
264,65-69,unvaccinated,171.66666666666666,165.0,2.6666666666666665,0.3333333333333333
264,65-69,old_vaccine,0.0,0.0,0.0,0.0
264,65-69,new_vaccine,0.0,0.0,0.0,0.0
264,70-74,unvaccinated,203.0,108.66666666666667,3.3333333333333335,0.0
264,70-74,old_vaccine,0.0,0.0,0.0,0.0
264,70-74,new_vaccine,0.0,0.0,0.0,0.0
264,75+,unvaccinated,327.6666666666667,148.66666666666666,5.333333333333333,2.6666666666666665
264,75+,old_vaccine,0.0,0.0,0.0,0.0
264,75+,new_vaccine,0.0,0.0,0.0,0.0
265,0-4,unvaccinated,26.0,363.0,0.3333333333333333,0.0
265,0-4,old_vaccine,0.0,0.0,0.0,0.0
265,0-4,new_vaccine,0.0,0.0,0.0,0.0
265,5-9,unvaccinated,5.666666666666667,390.6666666666667,0.0,0.0
265,5-9,old_vaccine,0.0,0.0,0.0,0.0
265,5-9,new_vaccine,0.0,0.0,0.0,0.0
265,10-14,unvaccinated,7.0,395.0,0.0,0.0
265,10-14,old_vaccine,0.0,0.0,0.0,0.0
265,10-14,new_vaccine,0.0,0.0,0.0,0.0
265,15-19,unvaccinated,11.0,385.3333333333333,0.0,0.0
265,15-19,old_vaccine,0.0,0.0,0.0,0.0
265,15-19,new_vaccine,0.0,0.0,0.0,0.0
265,20-24,unvaccinated,24.0,407.3333333333333,0.0,0.0
265,20-24,old_vaccine,0.0,0.0,0.0,0.0
265,20-24,new_vaccine,0.0,0.0,0.0,0.0
265,25-29,unvaccinated,44.333333333333336,417.3333333333333,0.6666666666666666,0.0
265,25-29,old_vaccine,0.0,0.0,0.0,0.0
265,25-29,new_vaccine,0.0,0.0,0.0,0.0
265,30-34,unvaccinated,51.666666666666664,443.6666666666667,0.0,0.3333333333333333
265,30-34,old_vaccine,0.0,0.0,0.0,0.0
265,30-34,new_vaccine,0.0,0.0,0.0,0.0
265,35-39,unvaccinated,47.333333333333336,425.3333333333333,0.3333333333333333,0.0
265,35-39,old_vaccine,0.0,0.0,0.0,0.0
265,35-39,new_vaccine,0.0,0.0,0.0,0.0
265,40-44,unvaccinated,47.0,413.0,0.0,0.0
265,40-44,old_vaccine,0.0,0.0,0.0,0.0
265,40-44,new_vaccine,0.0,0.0,0.0,0.0
265,45-49,unvaccinated,53.0,401.3333333333333,0.0,0.0
265,45-49,old_vaccine,0.0,0.0,0.0,0.0
265,45-49,new_vaccine,0.0,0.0,0.0,0.0
265,50-54,unvaccinated,101.0,419.3333333333333,1.6666666666666667,0.0
265,50-54,old_vaccine,0.0,0.0,0.0,0.0
265,50-54,new_vaccine,0.0,0.0,0.0,0.0
265,55-59,unvaccinated,112.33333333333333,353.0,2.6666666666666665,0.0
265,55-59,old_vaccine,0.0,0.0,0.0,0.0
265,55-59,new_vaccine,0.0,0.0,0.0,0.0
265,60-64,unvaccinated,111.66666666666667,281.0,3.3333333333333335,0.3333333333333333
265,60-64,old_vaccine,0.0,0.0,0.0,0.0
265,60-64,new_vaccine,0.0,0.0,0.0,0.0
265,65-69,unvaccinated,174.33333333333334,152.0,3.0,1.0
265,65-69,old_vaccine,0.0,0.0,0.0,0.0
265,65-69,new_vaccine,0.0,0.0,0.0,0.0
265,70-74,unvaccinated,210.0,121.33333333333333,3.0,1.6666666666666667
265,70-74,old_vaccine,0.0,0.0,0.0,0.0
265,70-74,new_vaccine,0.0,0.0,0.0,0.0
265,75+,unvaccinated,326.3333333333333,159.0,3.0,3.3333333333333335
265,75+,old_vaccine,0.0,0.0,0.0,0.0
265,75+,new_vaccine,0.0,0.0,0.0,0.0
266,0-4,unvaccinated,26.0,336.6666666666667,0.0,0.0
266,0-4,old_vaccine,0.0,0.0,0.0,0.0
266,0-4,new_vaccine,0.0,0.0,0.0,0.0
266,5-9,unvaccinated,9.666666666666666,391.3333333333333,0.0,0.0
266,5-9,old_vaccine,0.0,0.0,0.0,0.0
266,5-9,new_vaccine,0.0,0.0,0.0,0.0
266,10-14,unvaccinated,11.0,386.0,0.0,0.0
266,10-14,old_vaccine,0.0,0.0,0.0,0.0
266,10-14,new_vaccine,0.0,0.0,0.0,0.0
266,15-19,unvaccinated,9.0,349.6666666666667,0.0,0.0
266,15-19,old_vaccine,0.0,0.0,0.0,0.0
266,15-19,new_vaccine,0.0,0.0,0.0,0.0
266,20-24,unvaccinated,29.0,378.0,0.3333333333333333,0.0
266,20-24,old_vaccine,0.0,0.0,0.0,0.0
266,20-24,new_vaccine,0.0,0.0,0.0,0.0
266,25-29,unvaccinated,50.333333333333336,425.6666666666667,0.0,0.0
266,25-29,old_vaccine,0.0,0.0,0.0,0.0
266,25-29,new_vaccine,0.0,0.0,0.0,0.0
266,30-34,unvaccinated,50.0,445.3333333333333,0.3333333333333333,0.0
266,30-34,old_vaccine,0.0,0.0,0.0,0.0
266,30-34,new_vaccine,0.0,0.0,0.0,0.0
266,35-39,unvaccinated,45.333333333333336,428.0,0.0,0.0
266,35-39,old_vaccine,0.0,0.0,0.0,0.0
266,35-39,new_vaccine,0.0,0.0,0.0,0.0
266,40-44,unvaccinated,47.0,420.0,0.0,0.0
266,40-44,old_vaccine,0.0,0.0,0.0,0.0
266,40-44,new_vaccine,0.0,0.0,0.0,0.0
266,45-49,unvaccinated,62.0,383.0,0.6666666666666666,0.0
266,45-49,old_vaccine,0.0,0.0,0.0,0.0
266,45-49,new_vaccine,0.0,0.0,0.0,0.0
266,50-54,unvaccinated,87.0,379.3333333333333,0.6666666666666666,0.3333333333333333
266,50-54,old_vaccine,0.0,0.0,0.0,0.0
266,50-54,new_vaccine,0.0,0.0,0.0,0.0
266,55-59,unvaccinated,118.0,354.6666666666667,1.3333333333333333,0.0
266,55-59,old_vaccine,0.0,0.0,0.0,0.0
266,55-59,new_vaccine,0.0,0.0,0.0,0.0
266,60-64,unvaccinated,121.66666666666667,288.3333333333333,1.0,0.0
266,60-64,old_vaccine,0.0,0.0,0.0,0.0
266,60-64,new_vaccine,0.0,0.0,0.0,0.0
266,65-69,unvaccinated,182.0,148.0,3.6666666666666665,0.0
266,65-69,old_vaccine,0.0,0.0,0.0,0.0
266,65-69,new_vaccine,0.0,0.0,0.0,0.0
266,70-74,unvaccinated,195.33333333333334,113.66666666666667,1.0,1.6666666666666667
266,70-74,old_vaccine,0.0,0.0,0.0,0.0
266,70-74,new_vaccine,0.0,0.0,0.0,0.0
266,75+,unvaccinated,334.3333333333333,152.33333333333334,4.0,2.3333333333333335
266,75+,old_vaccine,0.0,0.0,0.0,0.0
266,75+,new_vaccine,0.0,0.0,0.0,0.0
267,0-4,unvaccinated,28.333333333333332,338.6666666666667,0.0,0.0
267,0-4,old_vaccine,0.0,0.0,0.0,0.0
267,0-4,new_vaccine,0.0,0.0,0.0,0.0
267,5-9,unvaccinated,6.333333333333333,404.3333333333333,0.0,0.0
267,5-9,old_vaccine,0.0,0.0,0.0,0.0
267,5-9,new_vaccine,0.0,0.0,0.0,0.0
267,10-14,unvaccinated,5.0,397.3333333333333,0.0,0.0
267,10-14,old_vaccine,0.0,0.0,0.0,0.0
267,10-14,new_vaccine,0.0,0.0,0.0,0.0
267,15-19,unvaccinated,11.666666666666666,355.0,0.0,0.0
267,15-19,old_vaccine,0.0,0.0,0.0,0.0
267,15-19,new_vaccine,0.0,0.0,0.0,0.0
267,20-24,unvaccinated,31.666666666666668,402.3333333333333,0.0,0.0
267,20-24,old_vaccine,0.0,0.0,0.0,0.0
267,20-24,new_vaccine,0.0,0.0,0.0,0.0
267,25-29,unvaccinated,47.666666666666664,420.3333333333333,0.0,0.0
267,25-29,old_vaccine,0.0,0.0,0.0,0.0
267,25-29,new_vaccine,0.0,0.0,0.0,0.0
267,30-34,unvaccinated,44.333333333333336,401.3333333333333,0.0,0.0
267,30-34,old_vaccine,0.0,0.0,0.0,0.0
267,30-34,new_vaccine,0.0,0.0,0.0,0.0
267,35-39,unvaccinated,39.333333333333336,419.3333333333333,0.3333333333333333,0.0
267,35-39,old_vaccine,0.0,0.0,0.0,0.0
267,35-39,new_vaccine,0.0,0.0,0.0,0.0
267,40-44,unvaccinated,55.333333333333336,421.0,0.3333333333333333,0.0
267,40-44,old_vaccine,0.0,0.0,0.0,0.0
267,40-44,new_vaccine,0.0,0.0,0.0,0.0
267,45-49,unvaccinated,55.666666666666664,399.0,0.3333333333333333,0.0
267,45-49,old_vaccine,0.0,0.0,0.0,0.0
267,45-49,new_vaccine,0.0,0.0,0.0,0.0
267,50-54,unvaccinated,89.66666666666667,399.0,1.6666666666666667,0.3333333333333333
267,50-54,old_vaccine,0.0,0.0,0.0,0.0
267,50-54,new_vaccine,0.0,0.0,0.0,0.0
267,55-59,unvaccinated,126.33333333333333,329.6666666666667,1.6666666666666667,0.3333333333333333
267,55-59,old_vaccine,0.0,0.0,0.0,0.0
267,55-59,new_vaccine,0.0,0.0,0.0,0.0
267,60-64,unvaccinated,119.0,295.0,1.3333333333333333,0.6666666666666666
267,60-64,old_vaccine,0.0,0.0,0.0,0.0
267,60-64,new_vaccine,0.0,0.0,0.0,0.0
267,65-69,unvaccinated,173.33333333333334,167.33333333333334,3.3333333333333335,0.3333333333333333
267,65-69,old_vaccine,0.0,0.0,0.0,0.0
267,65-69,new_vaccine,0.0,0.0,0.0,0.0
267,70-74,unvaccinated,198.33333333333334,108.33333333333333,4.0,1.0
267,70-74,old_vaccine,0.0,0.0,0.0,0.0
267,70-74,new_vaccine,0.0,0.0,0.0,0.0
267,75+,unvaccinated,341.0,154.66666666666666,5.666666666666667,2.0
267,75+,old_vaccine,0.0,0.0,0.0,0.0
267,75+,new_vaccine,0.0,0.0,0.0,0.0
268,0-4,unvaccinated,23.0,350.0,0.3333333333333333,0.0
268,0-4,old_vaccine,0.0,0.0,0.0,0.0
268,0-4,new_vaccine,0.0,0.0,0.0,0.0
268,5-9,unvaccinated,6.333333333333333,378.3333333333333,0.0,0.0
268,5-9,old_vaccine,0.0,0.0,0.0,0.0
268,5-9,new_vaccine,0.0,0.0,0.0,0.0
268,10-14,unvaccinated,7.333333333333333,381.3333333333333,0.0,0.0
268,10-14,old_vaccine,0.0,0.0,0.0,0.0
268,10-14,new_vaccine,0.0,0.0,0.0,0.0
268,15-19,unvaccinated,9.333333333333334,378.6666666666667,0.0,0.0
268,15-19,old_vaccine,0.0,0.0,0.0,0.0
268,15-19,new_vaccine,0.0,0.0,0.0,0.0
268,20-24,unvaccinated,23.0,406.6666666666667,0.0,0.0
268,20-24,old_vaccine,0.0,0.0,0.0,0.0
268,20-24,new_vaccine,0.0,0.0,0.0,0.0
268,25-29,unvaccinated,41.0,409.0,0.3333333333333333,0.0
268,25-29,old_vaccine,0.0,0.0,0.0,0.0
268,25-29,new_vaccine,0.0,0.0,0.0,0.0
268,30-34,unvaccinated,51.666666666666664,435.3333333333333,0.0,0.0
268,30-34,old_vaccine,0.0,0.0,0.0,0.0
268,30-34,new_vaccine,0.0,0.0,0.0,0.0
268,35-39,unvaccinated,50.0,413.3333333333333,0.3333333333333333,0.0
268,35-39,old_vaccine,0.0,0.0,0.0,0.0
268,35-39,new_vaccine,0.0,0.0,0.0,0.0
268,40-44,unvaccinated,36.333333333333336,396.6666666666667,0.3333333333333333,0.0
268,40-44,old_vaccine,0.0,0.0,0.0,0.0
268,40-44,new_vaccine,0.0,0.0,0.0,0.0
268,45-49,unvaccinated,52.666666666666664,391.3333333333333,1.0,0.0
268,45-49,old_vaccine,0.0,0.0,0.0,0.0
268,45-49,new_vaccine,0.0,0.0,0.0,0.0
268,50-54,unvaccinated,100.66666666666667,367.3333333333333,1.0,0.0
268,50-54,old_vaccine,0.0,0.0,0.0,0.0
268,50-54,new_vaccine,0.0,0.0,0.0,0.0
268,55-59,unvaccinated,120.66666666666667,339.6666666666667,0.6666666666666666,0.0
268,55-59,old_vaccine,0.0,0.0,0.0,0.0
268,55-59,new_vaccine,0.0,0.0,0.0,0.0
268,60-64,unvaccinated,118.33333333333333,297.3333333333333,2.3333333333333335,0.0
268,60-64,old_vaccine,0.0,0.0,0.0,0.0
268,60-64,new_vaccine,0.0,0.0,0.0,0.0
268,65-69,unvaccinated,182.33333333333334,150.66666666666666,3.0,0.3333333333333333
268,65-69,old_vaccine,0.0,0.0,0.0,0.0
268,65-69,new_vaccine,0.0,0.0,0.0,0.0
268,70-74,unvaccinated,193.0,113.0,4.0,0.0
268,70-74,old_vaccine,0.0,0.0,0.0,0.0
268,70-74,new_vaccine,0.0,0.0,0.0,0.0
268,75+,unvaccinated,312.0,160.66666666666666,5.666666666666667,1.6666666666666667
268,75+,old_vaccine,0.0,0.0,0.0,0.0
268,75+,new_vaccine,0.0,0.0,0.0,0.0
269,0-4,unvaccinated,30.666666666666668,337.0,0.3333333333333333,0.0
269,0-4,old_vaccine,0.0,0.0,0.0,0.0
269,0-4,new_vaccine,0.0,0.0,0.0,0.0
269,5-9,unvaccinated,4.666666666666667,403.3333333333333,0.0,0.0
269,5-9,old_vaccine,0.0,0.0,0.0,0.0
269,5-9,new_vaccine,0.0,0.0,0.0,0.0
269,10-14,unvaccinated,10.0,383.0,0.0,0.0
269,10-14,old_vaccine,0.0,0.0,0.0,0.0
269,10-14,new_vaccine,0.0,0.0,0.0,0.0
269,15-19,unvaccinated,9.0,365.3333333333333,0.0,0.0
269,15-19,old_vaccine,0.0,0.0,0.0,0.0
269,15-19,new_vaccine,0.0,0.0,0.0,0.0
269,20-24,unvaccinated,27.333333333333332,389.0,0.0,0.0
269,20-24,old_vaccine,0.0,0.0,0.0,0.0
269,20-24,new_vaccine,0.0,0.0,0.0,0.0
269,25-29,unvaccinated,47.666666666666664,437.6666666666667,0.0,0.0
269,25-29,old_vaccine,0.0,0.0,0.0,0.0
269,25-29,new_vaccine,0.0,0.0,0.0,0.0
269,30-34,unvaccinated,49.333333333333336,430.0,0.3333333333333333,0.0
269,30-34,old_vaccine,0.0,0.0,0.0,0.0
269,30-34,new_vaccine,0.0,0.0,0.0,0.0
269,35-39,unvaccinated,41.666666666666664,423.3333333333333,0.3333333333333333,0.0
269,35-39,old_vaccine,0.0,0.0,0.0,0.0
269,35-39,new_vaccine,0.0,0.0,0.0,0.0
269,40-44,unvaccinated,44.0,398.0,0.3333333333333333,0.0
269,40-44,old_vaccine,0.0,0.0,0.0,0.0
269,40-44,new_vaccine,0.0,0.0,0.0,0.0
269,45-49,unvaccinated,58.666666666666664,386.6666666666667,0.3333333333333333,0.0
269,45-49,old_vaccine,0.0,0.0,0.0,0.0
269,45-49,new_vaccine,0.0,0.0,0.0,0.0
269,50-54,unvaccinated,97.66666666666667,402.6666666666667,1.6666666666666667,0.0
269,50-54,old_vaccine,0.0,0.0,0.0,0.0
269,50-54,new_vaccine,0.0,0.0,0.0,0.0
269,55-59,unvaccinated,135.33333333333334,369.0,1.0,0.6666666666666666
269,55-59,old_vaccine,0.0,0.0,0.0,0.0
269,55-59,new_vaccine,0.0,0.0,0.0,0.0
269,60-64,unvaccinated,111.0,269.0,2.3333333333333335,0.3333333333333333
269,60-64,old_vaccine,0.0,0.0,0.0,0.0
269,60-64,new_vaccine,0.0,0.0,0.0,0.0
269,65-69,unvaccinated,178.33333333333334,150.66666666666666,2.3333333333333335,0.0
269,65-69,old_vaccine,0.0,0.0,0.0,0.0
269,65-69,new_vaccine,0.0,0.0,0.0,0.0
269,70-74,unvaccinated,194.0,112.33333333333333,2.0,1.0
269,70-74,old_vaccine,0.0,0.0,0.0,0.0
269,70-74,new_vaccine,0.0,0.0,0.0,0.0
269,75+,unvaccinated,316.0,170.0,5.333333333333333,2.0
269,75+,old_vaccine,0.0,0.0,0.0,0.0
269,75+,new_vaccine,0.0,0.0,0.0,0.0
270,0-4,unvaccinated,23.666666666666668,361.0,1.0,0.0
270,0-4,old_vaccine,0.0,0.0,0.0,0.0
270,0-4,new_vaccine,0.0,0.0,0.0,0.0
270,5-9,unvaccinated,4.666666666666667,413.3333333333333,0.3333333333333333,0.0
270,5-9,old_vaccine,0.0,0.0,0.0,0.0
270,5-9,new_vaccine,0.0,0.0,0.0,0.0
270,10-14,unvaccinated,10.666666666666666,402.0,0.0,0.0
270,10-14,old_vaccine,0.0,0.0,0.0,0.0
270,10-14,new_vaccine,0.0,0.0,0.0,0.0
270,15-19,unvaccinated,11.0,378.0,0.0,0.0
270,15-19,old_vaccine,0.0,0.0,0.0,0.0
270,15-19,new_vaccine,0.0,0.0,0.0,0.0
270,20-24,unvaccinated,28.666666666666668,399.0,0.0,0.0
270,20-24,old_vaccine,0.0,0.0,0.0,0.0
270,20-24,new_vaccine,0.0,0.0,0.0,0.0
270,25-29,unvaccinated,50.333333333333336,435.6666666666667,0.0,0.0
270,25-29,old_vaccine,0.0,0.0,0.0,0.0
270,25-29,new_vaccine,0.0,0.0,0.0,0.0
270,30-34,unvaccinated,54.0,431.3333333333333,0.0,0.0
270,30-34,old_vaccine,0.0,0.0,0.0,0.0
270,30-34,new_vaccine,0.0,0.0,0.0,0.0
270,35-39,unvaccinated,46.333333333333336,441.0,0.3333333333333333,0.0
270,35-39,old_vaccine,0.0,0.0,0.0,0.0
270,35-39,new_vaccine,0.0,0.0,0.0,0.0
270,40-44,unvaccinated,50.333333333333336,416.0,1.3333333333333333,0.0
270,40-44,old_vaccine,0.0,0.0,0.0,0.0
270,40-44,new_vaccine,0.0,0.0,0.0,0.0
270,45-49,unvaccinated,50.0,391.6666666666667,0.3333333333333333,0.0
270,45-49,old_vaccine,0.0,0.0,0.0,0.0
270,45-49,new_vaccine,0.0,0.0,0.0,0.0
270,50-54,unvaccinated,94.66666666666667,404.3333333333333,1.6666666666666667,0.0
270,50-54,old_vaccine,0.0,0.0,0.0,0.0
270,50-54,new_vaccine,0.0,0.0,0.0,0.0
270,55-59,unvaccinated,121.0,336.3333333333333,1.3333333333333333,0.3333333333333333
270,55-59,old_vaccine,0.0,0.0,0.0,0.0
270,55-59,new_vaccine,0.0,0.0,0.0,0.0
270,60-64,unvaccinated,119.66666666666667,272.3333333333333,1.6666666666666667,0.0
270,60-64,old_vaccine,0.0,0.0,0.0,0.0
270,60-64,new_vaccine,0.0,0.0,0.0,0.0
270,65-69,unvaccinated,158.66666666666666,151.33333333333334,1.6666666666666667,0.0
270,65-69,old_vaccine,0.0,0.0,0.0,0.0
270,65-69,new_vaccine,0.0,0.0,0.0,0.0
270,70-74,unvaccinated,193.66666666666666,123.66666666666667,2.3333333333333335,0.6666666666666666
270,70-74,old_vaccine,0.0,0.0,0.0,0.0
270,70-74,new_vaccine,0.0,0.0,0.0,0.0
270,75+,unvaccinated,322.3333333333333,155.66666666666666,5.666666666666667,1.6666666666666667
270,75+,old_vaccine,0.0,0.0,0.0,0.0
270,75+,new_vaccine,0.0,0.0,0.0,0.0
271,0-4,unvaccinated,17.333333333333332,331.3333333333333,0.6666666666666666,0.0
271,0-4,old_vaccine,0.0,0.0,0.0,0.0
271,0-4,new_vaccine,0.0,0.0,0.0,0.0
271,5-9,unvaccinated,7.0,397.3333333333333,0.3333333333333333,0.0
271,5-9,old_vaccine,0.0,0.0,0.0,0.0
271,5-9,new_vaccine,0.0,0.0,0.0,0.0
271,10-14,unvaccinated,8.0,389.0,0.0,0.0
271,10-14,old_vaccine,0.0,0.0,0.0,0.0
271,10-14,new_vaccine,0.0,0.0,0.0,0.0
271,15-19,unvaccinated,12.0,361.0,0.0,0.0
271,15-19,old_vaccine,0.0,0.0,0.0,0.0
271,15-19,new_vaccine,0.0,0.0,0.0,0.0
271,20-24,unvaccinated,24.333333333333332,388.6666666666667,0.3333333333333333,0.0
271,20-24,old_vaccine,0.0,0.0,0.0,0.0
271,20-24,new_vaccine,0.0,0.0,0.0,0.0
271,25-29,unvaccinated,39.0,409.0,0.3333333333333333,0.0
271,25-29,old_vaccine,0.0,0.0,0.0,0.0
271,25-29,new_vaccine,0.0,0.0,0.0,0.0
271,30-34,unvaccinated,52.0,420.3333333333333,0.3333333333333333,0.0
271,30-34,old_vaccine,0.0,0.0,0.0,0.0
271,30-34,new_vaccine,0.0,0.0,0.0,0.0
271,35-39,unvaccinated,46.333333333333336,433.6666666666667,0.0,0.0
271,35-39,old_vaccine,0.0,0.0,0.0,0.0
271,35-39,new_vaccine,0.0,0.0,0.0,0.0
271,40-44,unvaccinated,45.333333333333336,420.0,0.3333333333333333,0.0
271,40-44,old_vaccine,0.0,0.0,0.0,0.0
271,40-44,new_vaccine,0.0,0.0,0.0,0.0
271,45-49,unvaccinated,52.666666666666664,405.0,0.3333333333333333,0.0
271,45-49,old_vaccine,0.0,0.0,0.0,0.0
271,45-49,new_vaccine,0.0,0.0,0.0,0.0
271,50-54,unvaccinated,94.66666666666667,377.3333333333333,1.0,0.0
271,50-54,old_vaccine,0.0,0.0,0.0,0.0
271,50-54,new_vaccine,0.0,0.0,0.0,0.0
271,55-59,unvaccinated,112.66666666666667,350.3333333333333,1.3333333333333333,0.0
271,55-59,old_vaccine,0.0,0.0,0.0,0.0
271,55-59,new_vaccine,0.0,0.0,0.0,0.0
271,60-64,unvaccinated,103.66666666666667,277.3333333333333,2.3333333333333335,0.0
271,60-64,old_vaccine,0.0,0.0,0.0,0.0
271,60-64,new_vaccine,0.0,0.0,0.0,0.0
271,65-69,unvaccinated,174.0,156.66666666666666,2.3333333333333335,0.6666666666666666
271,65-69,old_vaccine,0.0,0.0,0.0,0.0
271,65-69,new_vaccine,0.0,0.0,0.0,0.0
271,70-74,unvaccinated,201.33333333333334,117.66666666666667,0.6666666666666666,0.0
271,70-74,old_vaccine,0.0,0.0,0.0,0.0
271,70-74,new_vaccine,0.0,0.0,0.0,0.0
271,75+,unvaccinated,326.6666666666667,154.66666666666666,5.666666666666667,1.0
271,75+,old_vaccine,0.0,0.0,0.0,0.0
271,75+,new_vaccine,0.0,0.0,0.0,0.0
272,0-4,unvaccinated,30.0,339.0,1.3333333333333333,0.0
272,0-4,old_vaccine,0.0,0.0,0.0,0.0
272,0-4,new_vaccine,0.0,0.0,0.0,0.0
272,5-9,unvaccinated,6.333333333333333,385.0,0.0,0.0
272,5-9,old_vaccine,0.0,0.0,0.0,0.0
272,5-9,new_vaccine,0.0,0.0,0.0,0.0
272,10-14,unvaccinated,7.333333333333333,381.0,0.0,0.0
272,10-14,old_vaccine,0.0,0.0,0.0,0.0
272,10-14,new_vaccine,0.0,0.0,0.0,0.0
272,15-19,unvaccinated,7.333333333333333,364.3333333333333,0.0,0.0
272,15-19,old_vaccine,0.0,0.0,0.0,0.0
272,15-19,new_vaccine,0.0,0.0,0.0,0.0
272,20-24,unvaccinated,28.666666666666668,392.0,0.0,0.0
272,20-24,old_vaccine,0.0,0.0,0.0,0.0
272,20-24,new_vaccine,0.0,0.0,0.0,0.0
272,25-29,unvaccinated,53.333333333333336,431.0,0.0,0.0
272,25-29,old_vaccine,0.0,0.0,0.0,0.0
272,25-29,new_vaccine,0.0,0.0,0.0,0.0
272,30-34,unvaccinated,49.0,437.6666666666667,0.0,0.0
272,30-34,old_vaccine,0.0,0.0,0.0,0.0
272,30-34,new_vaccine,0.0,0.0,0.0,0.0
272,35-39,unvaccinated,37.666666666666664,439.0,0.0,0.0
272,35-39,old_vaccine,0.0,0.0,0.0,0.0
272,35-39,new_vaccine,0.0,0.0,0.0,0.0
272,40-44,unvaccinated,45.0,397.3333333333333,0.3333333333333333,0.0
272,40-44,old_vaccine,0.0,0.0,0.0,0.0
272,40-44,new_vaccine,0.0,0.0,0.0,0.0
272,45-49,unvaccinated,52.666666666666664,396.6666666666667,0.3333333333333333,0.0
272,45-49,old_vaccine,0.0,0.0,0.0,0.0
272,45-49,new_vaccine,0.0,0.0,0.0,0.0
272,50-54,unvaccinated,95.0,398.3333333333333,1.6666666666666667,0.0
272,50-54,old_vaccine,0.0,0.0,0.0,0.0
272,50-54,new_vaccine,0.0,0.0,0.0,0.0
272,55-59,unvaccinated,120.66666666666667,350.6666666666667,1.0,0.0
272,55-59,old_vaccine,0.0,0.0,0.0,0.0
272,55-59,new_vaccine,0.0,0.0,0.0,0.0
272,60-64,unvaccinated,122.66666666666667,289.6666666666667,2.0,0.0
272,60-64,old_vaccine,0.0,0.0,0.0,0.0
272,60-64,new_vaccine,0.0,0.0,0.0,0.0
272,65-69,unvaccinated,172.66666666666666,159.33333333333334,4.0,0.0
272,65-69,old_vaccine,0.0,0.0,0.0,0.0
272,65-69,new_vaccine,0.0,0.0,0.0,0.0
272,70-74,unvaccinated,207.33333333333334,117.0,3.0,0.6666666666666666
272,70-74,old_vaccine,0.0,0.0,0.0,0.0
272,70-74,new_vaccine,0.0,0.0,0.0,0.0
272,75+,unvaccinated,335.0,145.0,7.333333333333333,2.0
272,75+,old_vaccine,0.0,0.0,0.0,0.0
272,75+,new_vaccine,0.0,0.0,0.0,0.0
273,0-4,unvaccinated,22.333333333333332,355.3333333333333,0.6666666666666666,0.0
273,0-4,old_vaccine,0.0,0.0,0.0,0.0
273,0-4,new_vaccine,0.0,0.0,0.0,0.0
273,5-9,unvaccinated,6.333333333333333,403.6666666666667,0.0,0.0
273,5-9,old_vaccine,0.0,0.0,0.0,0.0
273,5-9,new_vaccine,0.0,0.0,0.0,0.0
273,10-14,unvaccinated,4.666666666666667,375.3333333333333,0.0,0.0
273,10-14,old_vaccine,0.0,0.0,0.0,0.0
273,10-14,new_vaccine,0.0,0.0,0.0,0.0
273,15-19,unvaccinated,7.333333333333333,354.3333333333333,0.0,0.0
273,15-19,old_vaccine,0.0,0.0,0.0,0.0
273,15-19,new_vaccine,0.0,0.0,0.0,0.0
273,20-24,unvaccinated,28.0,385.0,0.0,0.0
273,20-24,old_vaccine,0.0,0.0,0.0,0.0
273,20-24,new_vaccine,0.0,0.0,0.0,0.0
273,25-29,unvaccinated,40.666666666666664,424.6666666666667,0.3333333333333333,0.0
273,25-29,old_vaccine,0.0,0.0,0.0,0.0
273,25-29,new_vaccine,0.0,0.0,0.0,0.0
273,30-34,unvaccinated,47.333333333333336,421.3333333333333,0.6666666666666666,0.0
273,30-34,old_vaccine,0.0,0.0,0.0,0.0
273,30-34,new_vaccine,0.0,0.0,0.0,0.0
273,35-39,unvaccinated,43.333333333333336,426.3333333333333,0.0,0.0
273,35-39,old_vaccine,0.0,0.0,0.0,0.0
273,35-39,new_vaccine,0.0,0.0,0.0,0.0
273,40-44,unvaccinated,48.666666666666664,414.0,0.6666666666666666,0.0
273,40-44,old_vaccine,0.0,0.0,0.0,0.0
273,40-44,new_vaccine,0.0,0.0,0.0,0.0
273,45-49,unvaccinated,54.333333333333336,387.0,0.0,0.0
273,45-49,old_vaccine,0.0,0.0,0.0,0.0
273,45-49,new_vaccine,0.0,0.0,0.0,0.0
273,50-54,unvaccinated,87.0,393.0,1.3333333333333333,0.3333333333333333
273,50-54,old_vaccine,0.0,0.0,0.0,0.0
273,50-54,new_vaccine,0.0,0.0,0.0,0.0
273,55-59,unvaccinated,121.66666666666667,341.3333333333333,1.0,0.0
273,55-59,old_vaccine,0.0,0.0,0.0,0.0
273,55-59,new_vaccine,0.0,0.0,0.0,0.0
273,60-64,unvaccinated,114.0,277.6666666666667,0.3333333333333333,0.0
273,60-64,old_vaccine,0.0,0.0,0.0,0.0
273,60-64,new_vaccine,0.0,0.0,0.0,0.0
273,65-69,unvaccinated,175.66666666666666,157.33333333333334,1.0,0.0
273,65-69,old_vaccine,0.0,0.0,0.0,0.0
273,65-69,new_vaccine,0.0,0.0,0.0,0.0
273,70-74,unvaccinated,204.33333333333334,104.33333333333333,3.0,2.3333333333333335
273,70-74,old_vaccine,0.0,0.0,0.0,0.0
273,70-74,new_vaccine,0.0,0.0,0.0,0.0
273,75+,unvaccinated,313.0,167.0,6.333333333333333,3.0
273,75+,old_vaccine,0.0,0.0,0.0,0.0
273,75+,new_vaccine,0.0,0.0,0.0,0.0
274,0-4,unvaccinated,22.333333333333332,342.3333333333333,0.3333333333333333,0.0
274,0-4,old_vaccine,0.0,0.0,0.0,0.0
274,0-4,new_vaccine,0.0,0.0,0.0,0.0
274,5-9,unvaccinated,3.6666666666666665,393.6666666666667,0.0,0.0
274,5-9,old_vaccine,0.0,0.0,0.0,0.0
274,5-9,new_vaccine,0.0,0.0,0.0,0.0
274,10-14,unvaccinated,9.333333333333334,372.6666666666667,0.0,0.0
274,10-14,old_vaccine,0.0,0.0,0.0,0.0
274,10-14,new_vaccine,0.0,0.0,0.0,0.0
274,15-19,unvaccinated,8.333333333333334,370.3333333333333,0.3333333333333333,0.0
274,15-19,old_vaccine,0.0,0.0,0.0,0.0
274,15-19,new_vaccine,0.0,0.0,0.0,0.0
274,20-24,unvaccinated,31.666666666666668,370.0,0.0,0.0
274,20-24,old_vaccine,0.0,0.0,0.0,0.0
274,20-24,new_vaccine,0.0,0.0,0.0,0.0
274,25-29,unvaccinated,46.333333333333336,442.0,0.3333333333333333,0.0
274,25-29,old_vaccine,0.0,0.0,0.0,0.0
274,25-29,new_vaccine,0.0,0.0,0.0,0.0
274,30-34,unvaccinated,53.0,439.3333333333333,0.0,0.0
274,30-34,old_vaccine,0.0,0.0,0.0,0.0
274,30-34,new_vaccine,0.0,0.0,0.0,0.0
274,35-39,unvaccinated,41.666666666666664,426.3333333333333,0.0,0.0
274,35-39,old_vaccine,0.0,0.0,0.0,0.0
274,35-39,new_vaccine,0.0,0.0,0.0,0.0
274,40-44,unvaccinated,50.666666666666664,408.0,1.3333333333333333,0.3333333333333333
274,40-44,old_vaccine,0.0,0.0,0.0,0.0
274,40-44,new_vaccine,0.0,0.0,0.0,0.0
274,45-49,unvaccinated,51.0,388.6666666666667,0.0,0.3333333333333333
274,45-49,old_vaccine,0.0,0.0,0.0,0.0
274,45-49,new_vaccine,0.0,0.0,0.0,0.0
274,50-54,unvaccinated,93.33333333333333,375.6666666666667,1.0,0.0
274,50-54,old_vaccine,0.0,0.0,0.0,0.0
274,50-54,new_vaccine,0.0,0.0,0.0,0.0
274,55-59,unvaccinated,116.33333333333333,325.0,1.3333333333333333,0.0
274,55-59,old_vaccine,0.0,0.0,0.0,0.0
274,55-59,new_vaccine,0.0,0.0,0.0,0.0
274,60-64,unvaccinated,112.66666666666667,280.3333333333333,1.3333333333333333,0.0
274,60-64,old_vaccine,0.0,0.0,0.0,0.0
274,60-64,new_vaccine,0.0,0.0,0.0,0.0
274,65-69,unvaccinated,187.0,164.33333333333334,2.0,0.0
274,65-69,old_vaccine,0.0,0.0,0.0,0.0
274,65-69,new_vaccine,0.0,0.0,0.0,0.0
274,70-74,unvaccinated,204.0,113.33333333333333,4.0,1.3333333333333333
274,70-74,old_vaccine,0.0,0.0,0.0,0.0
274,70-74,new_vaccine,0.0,0.0,0.0,0.0
274,75+,unvaccinated,312.6666666666667,148.33333333333334,4.666666666666667,2.3333333333333335
274,75+,old_vaccine,0.0,0.0,0.0,0.0
274,75+,new_vaccine,0.0,0.0,0.0,0.0
275,0-4,unvaccinated,26.333333333333332,331.3333333333333,0.0,0.0
275,0-4,old_vaccine,0.0,0.0,0.0,0.0
275,0-4,new_vaccine,0.0,0.0,0.0,0.0
275,5-9,unvaccinated,7.666666666666667,405.0,0.0,0.0
275,5-9,old_vaccine,0.0,0.0,0.0,0.0
275,5-9,new_vaccine,0.0,0.0,0.0,0.0
275,10-14,unvaccinated,8.666666666666666,398.0,0.0,0.0
275,10-14,old_vaccine,0.0,0.0,0.0,0.0
275,10-14,new_vaccine,0.0,0.0,0.0,0.0
275,15-19,unvaccinated,6.666666666666667,360.3333333333333,0.0,0.0
275,15-19,old_vaccine,0.0,0.0,0.0,0.0
275,15-19,new_vaccine,0.0,0.0,0.0,0.0
275,20-24,unvaccinated,31.333333333333332,389.0,0.0,0.0
275,20-24,old_vaccine,0.0,0.0,0.0,0.0
275,20-24,new_vaccine,0.0,0.0,0.0,0.0
275,25-29,unvaccinated,45.0,409.3333333333333,0.3333333333333333,0.0
275,25-29,old_vaccine,0.0,0.0,0.0,0.0
275,25-29,new_vaccine,0.0,0.0,0.0,0.0
275,30-34,unvaccinated,45.0,428.3333333333333,0.0,0.0
275,30-34,old_vaccine,0.0,0.0,0.0,0.0
275,30-34,new_vaccine,0.0,0.0,0.0,0.0
275,35-39,unvaccinated,49.333333333333336,437.3333333333333,0.3333333333333333,0.0
275,35-39,old_vaccine,0.0,0.0,0.0,0.0
275,35-39,new_vaccine,0.0,0.0,0.0,0.0
275,40-44,unvaccinated,48.0,400.0,0.0,0.0
275,40-44,old_vaccine,0.0,0.0,0.0,0.0
275,40-44,new_vaccine,0.0,0.0,0.0,0.0
275,45-49,unvaccinated,58.0,395.6666666666667,0.0,0.0
275,45-49,old_vaccine,0.0,0.0,0.0,0.0
275,45-49,new_vaccine,0.0,0.0,0.0,0.0
275,50-54,unvaccinated,96.66666666666667,395.6666666666667,1.3333333333333333,0.3333333333333333
275,50-54,old_vaccine,0.0,0.0,0.0,0.0
275,50-54,new_vaccine,0.0,0.0,0.0,0.0
275,55-59,unvaccinated,114.66666666666667,357.0,1.0,0.0
275,55-59,old_vaccine,0.0,0.0,0.0,0.0
275,55-59,new_vaccine,0.0,0.0,0.0,0.0
275,60-64,unvaccinated,126.0,282.0,2.3333333333333335,0.3333333333333333
275,60-64,old_vaccine,0.0,0.0,0.0,0.0
275,60-64,new_vaccine,0.0,0.0,0.0,0.0
275,65-69,unvaccinated,182.33333333333334,148.33333333333334,3.3333333333333335,0.6666666666666666
275,65-69,old_vaccine,0.0,0.0,0.0,0.0
275,65-69,new_vaccine,0.0,0.0,0.0,0.0
275,70-74,unvaccinated,202.0,115.0,3.3333333333333335,0.6666666666666666
275,70-74,old_vaccine,0.0,0.0,0.0,0.0
275,70-74,new_vaccine,0.0,0.0,0.0,0.0
275,75+,unvaccinated,310.0,151.33333333333334,6.333333333333333,2.3333333333333335
275,75+,old_vaccine,0.0,0.0,0.0,0.0
275,75+,new_vaccine,0.0,0.0,0.0,0.0
276,0-4,unvaccinated,22.666666666666668,339.0,1.3333333333333333,0.0
276,0-4,old_vaccine,0.0,0.0,0.0,0.0
276,0-4,new_vaccine,0.0,0.0,0.0,0.0
276,5-9,unvaccinated,6.0,407.6666666666667,0.0,0.0
276,5-9,old_vaccine,0.0,0.0,0.0,0.0
276,5-9,new_vaccine,0.0,0.0,0.0,0.0
276,10-14,unvaccinated,7.0,397.3333333333333,0.0,0.0
276,10-14,old_vaccine,0.0,0.0,0.0,0.0
276,10-14,new_vaccine,0.0,0.0,0.0,0.0
276,15-19,unvaccinated,9.333333333333334,370.3333333333333,0.0,0.0
276,15-19,old_vaccine,0.0,0.0,0.0,0.0
276,15-19,new_vaccine,0.0,0.0,0.0,0.0
276,20-24,unvaccinated,25.666666666666668,391.0,0.3333333333333333,0.0
276,20-24,old_vaccine,0.0,0.0,0.0,0.0
276,20-24,new_vaccine,0.0,0.0,0.0,0.0
276,25-29,unvaccinated,45.666666666666664,427.3333333333333,0.0,0.0
276,25-29,old_vaccine,0.0,0.0,0.0,0.0
276,25-29,new_vaccine,0.0,0.0,0.0,0.0
276,30-34,unvaccinated,48.333333333333336,430.6666666666667,0.0,0.0
276,30-34,old_vaccine,0.0,0.0,0.0,0.0
276,30-34,new_vaccine,0.0,0.0,0.0,0.0
276,35-39,unvaccinated,44.0,433.6666666666667,0.0,0.0
276,35-39,old_vaccine,0.0,0.0,0.0,0.0
276,35-39,new_vaccine,0.0,0.0,0.0,0.0
276,40-44,unvaccinated,42.666666666666664,421.6666666666667,0.0,0.0
276,40-44,old_vaccine,0.0,0.0,0.0,0.0
276,40-44,new_vaccine,0.0,0.0,0.0,0.0
276,45-49,unvaccinated,53.666666666666664,389.6666666666667,1.3333333333333333,0.0
276,45-49,old_vaccine,0.0,0.0,0.0,0.0
276,45-49,new_vaccine,0.0,0.0,0.0,0.0
276,50-54,unvaccinated,87.66666666666667,381.6666666666667,1.6666666666666667,0.3333333333333333
276,50-54,old_vaccine,0.0,0.0,0.0,0.0
276,50-54,new_vaccine,0.0,0.0,0.0,0.0
276,55-59,unvaccinated,114.66666666666667,347.6666666666667,1.0,0.0
276,55-59,old_vaccine,0.0,0.0,0.0,0.0
276,55-59,new_vaccine,0.0,0.0,0.0,0.0
276,60-64,unvaccinated,117.33333333333333,271.6666666666667,1.3333333333333333,0.6666666666666666
276,60-64,old_vaccine,0.0,0.0,0.0,0.0
276,60-64,new_vaccine,0.0,0.0,0.0,0.0
276,65-69,unvaccinated,177.0,145.33333333333334,2.3333333333333335,0.0
276,65-69,old_vaccine,0.0,0.0,0.0,0.0
276,65-69,new_vaccine,0.0,0.0,0.0,0.0
276,70-74,unvaccinated,176.0,112.33333333333333,2.3333333333333335,1.0
276,70-74,old_vaccine,0.0,0.0,0.0,0.0
276,70-74,new_vaccine,0.0,0.0,0.0,0.0
276,75+,unvaccinated,341.0,154.33333333333334,6.666666666666667,2.3333333333333335
276,75+,old_vaccine,0.0,0.0,0.0,0.0
276,75+,new_vaccine,0.0,0.0,0.0,0.0
277,0-4,unvaccinated,27.666666666666668,344.0,0.0,0.0
277,0-4,old_vaccine,0.0,0.0,0.0,0.0
277,0-4,new_vaccine,0.0,0.0,0.0,0.0
277,5-9,unvaccinated,5.0,406.3333333333333,0.0,0.0
277,5-9,old_vaccine,0.0,0.0,0.0,0.0
277,5-9,new_vaccine,0.0,0.0,0.0,0.0
277,10-14,unvaccinated,8.0,377.0,0.3333333333333333,0.0
277,10-14,old_vaccine,0.0,0.0,0.0,0.0
277,10-14,new_vaccine,0.0,0.0,0.0,0.0
277,15-19,unvaccinated,10.0,370.3333333333333,0.0,0.0
277,15-19,old_vaccine,0.0,0.0,0.0,0.0
277,15-19,new_vaccine,0.0,0.0,0.0,0.0
277,20-24,unvaccinated,23.0,382.6666666666667,0.3333333333333333,0.0
277,20-24,old_vaccine,0.0,0.0,0.0,0.0
277,20-24,new_vaccine,0.0,0.0,0.0,0.0
277,25-29,unvaccinated,46.333333333333336,424.0,0.3333333333333333,0.0
277,25-29,old_vaccine,0.0,0.0,0.0,0.0
277,25-29,new_vaccine,0.0,0.0,0.0,0.0
277,30-34,unvaccinated,51.666666666666664,437.3333333333333,0.0,0.0
277,30-34,old_vaccine,0.0,0.0,0.0,0.0
277,30-34,new_vaccine,0.0,0.0,0.0,0.0
277,35-39,unvaccinated,49.333333333333336,408.0,0.0,0.0
277,35-39,old_vaccine,0.0,0.0,0.0,0.0
277,35-39,new_vaccine,0.0,0.0,0.0,0.0
277,40-44,unvaccinated,42.666666666666664,423.0,0.0,0.0
277,40-44,old_vaccine,0.0,0.0,0.0,0.0
277,40-44,new_vaccine,0.0,0.0,0.0,0.0
277,45-49,unvaccinated,50.333333333333336,393.0,0.0,0.0
277,45-49,old_vaccine,0.0,0.0,0.0,0.0
277,45-49,new_vaccine,0.0,0.0,0.0,0.0
277,50-54,unvaccinated,95.33333333333333,382.3333333333333,1.3333333333333333,0.0
277,50-54,old_vaccine,0.0,0.0,0.0,0.0
277,50-54,new_vaccine,0.0,0.0,0.0,0.0
277,55-59,unvaccinated,129.66666666666666,351.3333333333333,0.6666666666666666,0.0
277,55-59,old_vaccine,0.0,0.0,0.0,0.0
277,55-59,new_vaccine,0.0,0.0,0.0,0.0
277,60-64,unvaccinated,118.33333333333333,271.0,0.3333333333333333,0.3333333333333333
277,60-64,old_vaccine,0.0,0.0,0.0,0.0
277,60-64,new_vaccine,0.0,0.0,0.0,0.0
277,65-69,unvaccinated,179.33333333333334,147.66666666666666,1.3333333333333333,0.6666666666666666
277,65-69,old_vaccine,0.0,0.0,0.0,0.0
277,65-69,new_vaccine,0.0,0.0,0.0,0.0
277,70-74,unvaccinated,190.0,114.0,2.6666666666666665,1.3333333333333333
277,70-74,old_vaccine,0.0,0.0,0.0,0.0
277,70-74,new_vaccine,0.0,0.0,0.0,0.0
277,75+,unvaccinated,333.0,169.66666666666666,5.0,2.3333333333333335
277,75+,old_vaccine,0.0,0.0,0.0,0.0
277,75+,new_vaccine,0.0,0.0,0.0,0.0
278,0-4,unvaccinated,21.666666666666668,363.6666666666667,0.0,0.0
278,0-4,old_vaccine,0.0,0.0,0.0,0.0
278,0-4,new_vaccine,0.0,0.0,0.0,0.0
278,5-9,unvaccinated,8.0,401.3333333333333,0.0,0.0
278,5-9,old_vaccine,0.0,0.0,0.0,0.0
278,5-9,new_vaccine,0.0,0.0,0.0,0.0
278,10-14,unvaccinated,6.0,379.6666666666667,0.0,0.0
278,10-14,old_vaccine,0.0,0.0,0.0,0.0
278,10-14,new_vaccine,0.0,0.0,0.0,0.0
278,15-19,unvaccinated,6.333333333333333,377.0,0.0,0.0
278,15-19,old_vaccine,0.0,0.0,0.0,0.0
278,15-19,new_vaccine,0.0,0.0,0.0,0.0
278,20-24,unvaccinated,32.333333333333336,379.0,0.0,0.0
278,20-24,old_vaccine,0.0,0.0,0.0,0.0
278,20-24,new_vaccine,0.0,0.0,0.0,0.0
278,25-29,unvaccinated,43.666666666666664,409.6666666666667,0.0,0.0
278,25-29,old_vaccine,0.0,0.0,0.0,0.0
278,25-29,new_vaccine,0.0,0.0,0.0,0.0
278,30-34,unvaccinated,47.666666666666664,436.3333333333333,0.0,0.0
278,30-34,old_vaccine,0.0,0.0,0.0,0.0
278,30-34,new_vaccine,0.0,0.0,0.0,0.0
278,35-39,unvaccinated,42.666666666666664,433.6666666666667,0.0,0.0
278,35-39,old_vaccine,0.0,0.0,0.0,0.0
278,35-39,new_vaccine,0.0,0.0,0.0,0.0
278,40-44,unvaccinated,48.0,420.0,0.3333333333333333,0.0
278,40-44,old_vaccine,0.0,0.0,0.0,0.0
278,40-44,new_vaccine,0.0,0.0,0.0,0.0
278,45-49,unvaccinated,61.333333333333336,401.0,0.0,0.0
278,45-49,old_vaccine,0.0,0.0,0.0,0.0
278,45-49,new_vaccine,0.0,0.0,0.0,0.0
278,50-54,unvaccinated,95.33333333333333,397.6666666666667,0.6666666666666666,0.0
278,50-54,old_vaccine,0.0,0.0,0.0,0.0
278,50-54,new_vaccine,0.0,0.0,0.0,0.0
278,55-59,unvaccinated,124.33333333333333,336.0,1.3333333333333333,0.0
278,55-59,old_vaccine,0.0,0.0,0.0,0.0
278,55-59,new_vaccine,0.0,0.0,0.0,0.0
278,60-64,unvaccinated,115.0,270.6666666666667,2.3333333333333335,0.3333333333333333
278,60-64,old_vaccine,0.0,0.0,0.0,0.0
278,60-64,new_vaccine,0.0,0.0,0.0,0.0
278,65-69,unvaccinated,189.33333333333334,153.66666666666666,3.6666666666666665,1.0
278,65-69,old_vaccine,0.0,0.0,0.0,0.0
278,65-69,new_vaccine,0.0,0.0,0.0,0.0
278,70-74,unvaccinated,196.0,118.66666666666667,3.0,1.0
278,70-74,old_vaccine,0.0,0.0,0.0,0.0
278,70-74,new_vaccine,0.0,0.0,0.0,0.0
278,75+,unvaccinated,318.3333333333333,163.0,5.666666666666667,1.0
278,75+,old_vaccine,0.0,0.0,0.0,0.0
278,75+,new_vaccine,0.0,0.0,0.0,0.0
279,0-4,unvaccinated,23.333333333333332,331.0,0.3333333333333333,0.0
279,0-4,old_vaccine,0.0,0.0,0.0,0.0
279,0-4,new_vaccine,0.0,0.0,0.0,0.0
279,5-9,unvaccinated,5.666666666666667,399.3333333333333,0.0,0.0
279,5-9,old_vaccine,0.0,0.0,0.0,0.0
279,5-9,new_vaccine,0.0,0.0,0.0,0.0
279,10-14,unvaccinated,10.0,383.0,0.3333333333333333,0.0
279,10-14,old_vaccine,0.0,0.0,0.0,0.0
279,10-14,new_vaccine,0.0,0.0,0.0,0.0
279,15-19,unvaccinated,9.666666666666666,351.0,0.0,0.0
279,15-19,old_vaccine,0.0,0.0,0.0,0.0
279,15-19,new_vaccine,0.0,0.0,0.0,0.0
279,20-24,unvaccinated,30.666666666666668,387.3333333333333,0.0,0.0
279,20-24,old_vaccine,0.0,0.0,0.0,0.0
279,20-24,new_vaccine,0.0,0.0,0.0,0.0
279,25-29,unvaccinated,42.333333333333336,433.6666666666667,0.0,0.0
279,25-29,old_vaccine,0.0,0.0,0.0,0.0
279,25-29,new_vaccine,0.0,0.0,0.0,0.0
279,30-34,unvaccinated,45.333333333333336,417.0,0.0,0.0
279,30-34,old_vaccine,0.0,0.0,0.0,0.0
279,30-34,new_vaccine,0.0,0.0,0.0,0.0
279,35-39,unvaccinated,44.666666666666664,444.0,0.0,0.0
279,35-39,old_vaccine,0.0,0.0,0.0,0.0
279,35-39,new_vaccine,0.0,0.0,0.0,0.0
279,40-44,unvaccinated,48.333333333333336,387.0,0.0,0.0
279,40-44,old_vaccine,0.0,0.0,0.0,0.0
279,40-44,new_vaccine,0.0,0.0,0.0,0.0
279,45-49,unvaccinated,42.666666666666664,399.0,1.3333333333333333,0.0
279,45-49,old_vaccine,0.0,0.0,0.0,0.0
279,45-49,new_vaccine,0.0,0.0,0.0,0.0
279,50-54,unvaccinated,100.66666666666667,378.0,0.0,0.0
279,50-54,old_vaccine,0.0,0.0,0.0,0.0
279,50-54,new_vaccine,0.0,0.0,0.0,0.0
279,55-59,unvaccinated,127.66666666666667,331.0,2.0,0.0
279,55-59,old_vaccine,0.0,0.0,0.0,0.0
279,55-59,new_vaccine,0.0,0.0,0.0,0.0
279,60-64,unvaccinated,120.0,286.3333333333333,2.0,0.0
279,60-64,old_vaccine,0.0,0.0,0.0,0.0
279,60-64,new_vaccine,0.0,0.0,0.0,0.0
279,65-69,unvaccinated,174.33333333333334,149.66666666666666,2.3333333333333335,0.0
279,65-69,old_vaccine,0.0,0.0,0.0,0.0
279,65-69,new_vaccine,0.0,0.0,0.0,0.0
279,70-74,unvaccinated,199.66666666666666,122.0,1.3333333333333333,0.0
279,70-74,old_vaccine,0.0,0.0,0.0,0.0
279,70-74,new_vaccine,0.0,0.0,0.0,0.0
279,75+,unvaccinated,333.6666666666667,159.66666666666666,6.0,4.0
279,75+,old_vaccine,0.0,0.0,0.0,0.0
279,75+,new_vaccine,0.0,0.0,0.0,0.0
280,0-4,unvaccinated,23.333333333333332,330.3333333333333,0.3333333333333333,0.0
280,0-4,old_vaccine,0.0,0.0,0.0,0.0
280,0-4,new_vaccine,0.0,0.0,0.0,0.0
280,5-9,unvaccinated,8.333333333333334,404.0,0.0,0.0
280,5-9,old_vaccine,0.0,0.0,0.0,0.0
280,5-9,new_vaccine,0.0,0.0,0.0,0.0
280,10-14,unvaccinated,7.333333333333333,383.6666666666667,0.0,0.0
280,10-14,old_vaccine,0.0,0.0,0.0,0.0
280,10-14,new_vaccine,0.0,0.0,0.0,0.0
280,15-19,unvaccinated,8.0,358.0,0.0,0.0
280,15-19,old_vaccine,0.0,0.0,0.0,0.0
280,15-19,new_vaccine,0.0,0.0,0.0,0.0
280,20-24,unvaccinated,28.666666666666668,392.6666666666667,0.0,0.0
280,20-24,old_vaccine,0.0,0.0,0.0,0.0
280,20-24,new_vaccine,0.0,0.0,0.0,0.0
280,25-29,unvaccinated,47.666666666666664,430.0,0.0,0.0
280,25-29,old_vaccine,0.0,0.0,0.0,0.0
280,25-29,new_vaccine,0.0,0.0,0.0,0.0
280,30-34,unvaccinated,44.666666666666664,433.3333333333333,0.3333333333333333,0.0
280,30-34,old_vaccine,0.0,0.0,0.0,0.0
280,30-34,new_vaccine,0.0,0.0,0.0,0.0
280,35-39,unvaccinated,48.333333333333336,414.0,0.3333333333333333,0.0
280,35-39,old_vaccine,0.0,0.0,0.0,0.0
280,35-39,new_vaccine,0.0,0.0,0.0,0.0
280,40-44,unvaccinated,49.333333333333336,419.3333333333333,0.6666666666666666,0.0
280,40-44,old_vaccine,0.0,0.0,0.0,0.0
280,40-44,new_vaccine,0.0,0.0,0.0,0.0
280,45-49,unvaccinated,51.0,393.0,0.6666666666666666,0.0
280,45-49,old_vaccine,0.0,0.0,0.0,0.0
280,45-49,new_vaccine,0.0,0.0,0.0,0.0
280,50-54,unvaccinated,84.33333333333333,389.3333333333333,0.6666666666666666,0.0
280,50-54,old_vaccine,0.0,0.0,0.0,0.0
280,50-54,new_vaccine,0.0,0.0,0.0,0.0
280,55-59,unvaccinated,128.66666666666666,337.0,1.0,0.0
280,55-59,old_vaccine,0.0,0.0,0.0,0.0
280,55-59,new_vaccine,0.0,0.0,0.0,0.0
280,60-64,unvaccinated,107.66666666666667,275.6666666666667,2.0,0.3333333333333333
280,60-64,old_vaccine,0.0,0.0,0.0,0.0
280,60-64,new_vaccine,0.0,0.0,0.0,0.0
280,65-69,unvaccinated,166.33333333333334,146.33333333333334,1.6666666666666667,0.3333333333333333
280,65-69,old_vaccine,0.0,0.0,0.0,0.0
280,65-69,new_vaccine,0.0,0.0,0.0,0.0
280,70-74,unvaccinated,203.66666666666666,111.66666666666667,2.6666666666666665,1.0
280,70-74,old_vaccine,0.0,0.0,0.0,0.0
280,70-74,new_vaccine,0.0,0.0,0.0,0.0
280,75+,unvaccinated,323.6666666666667,150.33333333333334,5.0,1.3333333333333333
280,75+,old_vaccine,0.0,0.0,0.0,0.0
280,75+,new_vaccine,0.0,0.0,0.0,0.0
281,0-4,unvaccinated,23.666666666666668,371.0,0.0,0.0
281,0-4,old_vaccine,0.0,0.0,0.0,0.0
281,0-4,new_vaccine,0.0,0.0,0.0,0.0
281,5-9,unvaccinated,3.3333333333333335,393.3333333333333,0.0,0.0
281,5-9,old_vaccine,0.0,0.0,0.0,0.0
281,5-9,new_vaccine,0.0,0.0,0.0,0.0
281,10-14,unvaccinated,8.333333333333334,413.0,0.0,0.0
281,10-14,old_vaccine,0.0,0.0,0.0,0.0
281,10-14,new_vaccine,0.0,0.0,0.0,0.0
281,15-19,unvaccinated,12.666666666666666,363.3333333333333,0.0,0.0
281,15-19,old_vaccine,0.0,0.0,0.0,0.0
281,15-19,new_vaccine,0.0,0.0,0.0,0.0
281,20-24,unvaccinated,28.0,402.6666666666667,0.3333333333333333,0.0
281,20-24,old_vaccine,0.0,0.0,0.0,0.0
281,20-24,new_vaccine,0.0,0.0,0.0,0.0
281,25-29,unvaccinated,44.333333333333336,448.6666666666667,0.0,0.0
281,25-29,old_vaccine,0.0,0.0,0.0,0.0
281,25-29,new_vaccine,0.0,0.0,0.0,0.0
281,30-34,unvaccinated,49.0,409.6666666666667,0.0,0.0
281,30-34,old_vaccine,0.0,0.0,0.0,0.0
281,30-34,new_vaccine,0.0,0.0,0.0,0.0
281,35-39,unvaccinated,53.333333333333336,430.6666666666667,0.3333333333333333,0.0
281,35-39,old_vaccine,0.0,0.0,0.0,0.0
281,35-39,new_vaccine,0.0,0.0,0.0,0.0
281,40-44,unvaccinated,49.666666666666664,411.3333333333333,0.0,0.0
281,40-44,old_vaccine,0.0,0.0,0.0,0.0
281,40-44,new_vaccine,0.0,0.0,0.0,0.0
281,45-49,unvaccinated,58.0,399.0,1.0,0.0
281,45-49,old_vaccine,0.0,0.0,0.0,0.0
281,45-49,new_vaccine,0.0,0.0,0.0,0.0
281,50-54,unvaccinated,95.66666666666667,394.0,0.6666666666666666,0.0
281,50-54,old_vaccine,0.0,0.0,0.0,0.0
281,50-54,new_vaccine,0.0,0.0,0.0,0.0
281,55-59,unvaccinated,113.66666666666667,349.3333333333333,1.3333333333333333,0.6666666666666666
281,55-59,old_vaccine,0.0,0.0,0.0,0.0
281,55-59,new_vaccine,0.0,0.0,0.0,0.0
281,60-64,unvaccinated,115.33333333333333,279.3333333333333,2.3333333333333335,0.6666666666666666
281,60-64,old_vaccine,0.0,0.0,0.0,0.0
281,60-64,new_vaccine,0.0,0.0,0.0,0.0
281,65-69,unvaccinated,168.33333333333334,158.33333333333334,3.0,0.3333333333333333
281,65-69,old_vaccine,0.0,0.0,0.0,0.0
281,65-69,new_vaccine,0.0,0.0,0.0,0.0
281,70-74,unvaccinated,192.66666666666666,120.66666666666667,2.0,0.6666666666666666
281,70-74,old_vaccine,0.0,0.0,0.0,0.0
281,70-74,new_vaccine,0.0,0.0,0.0,0.0
281,75+,unvaccinated,310.6666666666667,159.66666666666666,5.0,3.0
281,75+,old_vaccine,0.0,0.0,0.0,0.0
281,75+,new_vaccine,0.0,0.0,0.0,0.0
282,0-4,unvaccinated,23.666666666666668,340.3333333333333,0.0,0.0
282,0-4,old_vaccine,0.0,0.0,0.0,0.0
282,0-4,new_vaccine,0.0,0.0,0.0,0.0
282,5-9,unvaccinated,7.0,385.6666666666667,0.0,0.0
282,5-9,old_vaccine,0.0,0.0,0.0,0.0
282,5-9,new_vaccine,0.0,0.0,0.0,0.0
282,10-14,unvaccinated,8.0,392.3333333333333,0.0,0.0
282,10-14,old_vaccine,0.0,0.0,0.0,0.0
282,10-14,new_vaccine,0.0,0.0,0.0,0.0
282,15-19,unvaccinated,10.333333333333334,378.3333333333333,0.0,0.0
282,15-19,old_vaccine,0.0,0.0,0.0,0.0
282,15-19,new_vaccine,0.0,0.0,0.0,0.0
282,20-24,unvaccinated,28.0,396.0,0.0,0.0
282,20-24,old_vaccine,0.0,0.0,0.0,0.0
282,20-24,new_vaccine,0.0,0.0,0.0,0.0
282,25-29,unvaccinated,52.666666666666664,441.3333333333333,0.0,0.0
282,25-29,old_vaccine,0.0,0.0,0.0,0.0
282,25-29,new_vaccine,0.0,0.0,0.0,0.0
282,30-34,unvaccinated,48.0,420.6666666666667,0.6666666666666666,0.0
282,30-34,old_vaccine,0.0,0.0,0.0,0.0
282,30-34,new_vaccine,0.0,0.0,0.0,0.0
282,35-39,unvaccinated,41.333333333333336,444.3333333333333,0.0,0.0
282,35-39,old_vaccine,0.0,0.0,0.0,0.0
282,35-39,new_vaccine,0.0,0.0,0.0,0.0
282,40-44,unvaccinated,47.333333333333336,415.3333333333333,0.6666666666666666,0.0
282,40-44,old_vaccine,0.0,0.0,0.0,0.0
282,40-44,new_vaccine,0.0,0.0,0.0,0.0
282,45-49,unvaccinated,53.666666666666664,366.6666666666667,0.3333333333333333,0.0
282,45-49,old_vaccine,0.0,0.0,0.0,0.0
282,45-49,new_vaccine,0.0,0.0,0.0,0.0
282,50-54,unvaccinated,98.0,394.3333333333333,0.6666666666666666,0.0
282,50-54,old_vaccine,0.0,0.0,0.0,0.0
282,50-54,new_vaccine,0.0,0.0,0.0,0.0
282,55-59,unvaccinated,127.0,360.0,0.6666666666666666,0.0
282,55-59,old_vaccine,0.0,0.0,0.0,0.0
282,55-59,new_vaccine,0.0,0.0,0.0,0.0
282,60-64,unvaccinated,112.33333333333333,290.6666666666667,1.0,0.3333333333333333
282,60-64,old_vaccine,0.0,0.0,0.0,0.0
282,60-64,new_vaccine,0.0,0.0,0.0,0.0
282,65-69,unvaccinated,177.66666666666666,157.66666666666666,2.3333333333333335,0.3333333333333333
282,65-69,old_vaccine,0.0,0.0,0.0,0.0
282,65-69,new_vaccine,0.0,0.0,0.0,0.0
282,70-74,unvaccinated,194.66666666666666,105.0,4.333333333333333,1.3333333333333333
282,70-74,old_vaccine,0.0,0.0,0.0,0.0
282,70-74,new_vaccine,0.0,0.0,0.0,0.0
282,75+,unvaccinated,329.0,153.0,6.333333333333333,2.6666666666666665
282,75+,old_vaccine,0.0,0.0,0.0,0.0
282,75+,new_vaccine,0.0,0.0,0.0,0.0
283,0-4,unvaccinated,26.0,341.3333333333333,0.3333333333333333,0.0
283,0-4,old_vaccine,0.0,0.0,0.0,0.0
283,0-4,new_vaccine,0.0,0.0,0.0,0.0
283,5-9,unvaccinated,6.333333333333333,390.0,0.0,0.0
283,5-9,old_vaccine,0.0,0.0,0.0,0.0
283,5-9,new_vaccine,0.0,0.0,0.0,0.0
283,10-14,unvaccinated,7.666666666666667,385.6666666666667,0.0,0.0
283,10-14,old_vaccine,0.0,0.0,0.0,0.0
283,10-14,new_vaccine,0.0,0.0,0.0,0.0
283,15-19,unvaccinated,9.333333333333334,390.3333333333333,0.0,0.0
283,15-19,old_vaccine,0.0,0.0,0.0,0.0
283,15-19,new_vaccine,0.0,0.0,0.0,0.0
283,20-24,unvaccinated,29.333333333333332,400.3333333333333,0.0,0.0
283,20-24,old_vaccine,0.0,0.0,0.0,0.0
283,20-24,new_vaccine,0.0,0.0,0.0,0.0
283,25-29,unvaccinated,46.333333333333336,419.0,0.0,0.0
283,25-29,old_vaccine,0.0,0.0,0.0,0.0
283,25-29,new_vaccine,0.0,0.0,0.0,0.0
283,30-34,unvaccinated,43.0,441.6666666666667,0.0,0.0
283,30-34,old_vaccine,0.0,0.0,0.0,0.0
283,30-34,new_vaccine,0.0,0.0,0.0,0.0
283,35-39,unvaccinated,50.333333333333336,421.3333333333333,0.0,0.0
283,35-39,old_vaccine,0.0,0.0,0.0,0.0
283,35-39,new_vaccine,0.0,0.0,0.0,0.0
283,40-44,unvaccinated,48.666666666666664,409.6666666666667,0.6666666666666666,0.0
283,40-44,old_vaccine,0.0,0.0,0.0,0.0
283,40-44,new_vaccine,0.0,0.0,0.0,0.0
283,45-49,unvaccinated,54.666666666666664,403.0,0.3333333333333333,0.0
283,45-49,old_vaccine,0.0,0.0,0.0,0.0
283,45-49,new_vaccine,0.0,0.0,0.0,0.0
283,50-54,unvaccinated,94.66666666666667,383.0,0.6666666666666666,0.0
283,50-54,old_vaccine,0.0,0.0,0.0,0.0
283,50-54,new_vaccine,0.0,0.0,0.0,0.0
283,55-59,unvaccinated,117.0,353.0,1.3333333333333333,0.3333333333333333
283,55-59,old_vaccine,0.0,0.0,0.0,0.0
283,55-59,new_vaccine,0.0,0.0,0.0,0.0
283,60-64,unvaccinated,121.33333333333333,279.3333333333333,1.0,0.0
283,60-64,old_vaccine,0.0,0.0,0.0,0.0
283,60-64,new_vaccine,0.0,0.0,0.0,0.0
283,65-69,unvaccinated,173.66666666666666,149.66666666666666,2.0,0.0
283,65-69,old_vaccine,0.0,0.0,0.0,0.0
283,65-69,new_vaccine,0.0,0.0,0.0,0.0
283,70-74,unvaccinated,209.0,116.33333333333333,3.3333333333333335,1.0
283,70-74,old_vaccine,0.0,0.0,0.0,0.0
283,70-74,new_vaccine,0.0,0.0,0.0,0.0
283,75+,unvaccinated,317.6666666666667,158.0,5.666666666666667,3.3333333333333335
283,75+,old_vaccine,0.0,0.0,0.0,0.0
283,75+,new_vaccine,0.0,0.0,0.0,0.0
284,0-4,unvaccinated,26.666666666666668,349.0,0.3333333333333333,0.0
284,0-4,old_vaccine,0.0,0.0,0.0,0.0
284,0-4,new_vaccine,0.0,0.0,0.0,0.0
284,5-9,unvaccinated,6.666666666666667,422.6666666666667,0.0,0.0
284,5-9,old_vaccine,0.0,0.0,0.0,0.0
284,5-9,new_vaccine,0.0,0.0,0.0,0.0
284,10-14,unvaccinated,8.333333333333334,373.6666666666667,0.0,0.0
284,10-14,old_vaccine,0.0,0.0,0.0,0.0
284,10-14,new_vaccine,0.0,0.0,0.0,0.0
284,15-19,unvaccinated,13.333333333333334,342.0,0.0,0.0
284,15-19,old_vaccine,0.0,0.0,0.0,0.0
284,15-19,new_vaccine,0.0,0.0,0.0,0.0
284,20-24,unvaccinated,31.333333333333332,408.0,0.0,0.0
284,20-24,old_vaccine,0.0,0.0,0.0,0.0
284,20-24,new_vaccine,0.0,0.0,0.0,0.0
284,25-29,unvaccinated,42.0,424.3333333333333,0.3333333333333333,0.0
284,25-29,old_vaccine,0.0,0.0,0.0,0.0
284,25-29,new_vaccine,0.0,0.0,0.0,0.0
284,30-34,unvaccinated,54.0,439.3333333333333,0.3333333333333333,0.0
284,30-34,old_vaccine,0.0,0.0,0.0,0.0
284,30-34,new_vaccine,0.0,0.0,0.0,0.0
284,35-39,unvaccinated,51.666666666666664,425.3333333333333,0.0,0.3333333333333333
284,35-39,old_vaccine,0.0,0.0,0.0,0.0
284,35-39,new_vaccine,0.0,0.0,0.0,0.0
284,40-44,unvaccinated,47.666666666666664,421.6666666666667,0.3333333333333333,0.0
284,40-44,old_vaccine,0.0,0.0,0.0,0.0
284,40-44,new_vaccine,0.0,0.0,0.0,0.0
284,45-49,unvaccinated,54.333333333333336,385.6666666666667,0.6666666666666666,0.0
284,45-49,old_vaccine,0.0,0.0,0.0,0.0
284,45-49,new_vaccine,0.0,0.0,0.0,0.0
284,50-54,unvaccinated,100.0,389.0,1.3333333333333333,0.0
284,50-54,old_vaccine,0.0,0.0,0.0,0.0
284,50-54,new_vaccine,0.0,0.0,0.0,0.0
284,55-59,unvaccinated,113.33333333333333,339.6666666666667,1.0,0.3333333333333333
284,55-59,old_vaccine,0.0,0.0,0.0,0.0
284,55-59,new_vaccine,0.0,0.0,0.0,0.0
284,60-64,unvaccinated,115.0,275.3333333333333,2.6666666666666665,0.0
284,60-64,old_vaccine,0.0,0.0,0.0,0.0
284,60-64,new_vaccine,0.0,0.0,0.0,0.0
284,65-69,unvaccinated,179.33333333333334,155.66666666666666,3.0,0.3333333333333333
284,65-69,old_vaccine,0.0,0.0,0.0,0.0
284,65-69,new_vaccine,0.0,0.0,0.0,0.0
284,70-74,unvaccinated,216.66666666666666,122.66666666666667,3.0,1.3333333333333333
284,70-74,old_vaccine,0.0,0.0,0.0,0.0
284,70-74,new_vaccine,0.0,0.0,0.0,0.0
284,75+,unvaccinated,324.0,153.33333333333334,3.3333333333333335,1.3333333333333333
284,75+,old_vaccine,0.0,0.0,0.0,0.0
284,75+,new_vaccine,0.0,0.0,0.0,0.0
285,0-4,unvaccinated,24.666666666666668,363.3333333333333,0.3333333333333333,0.0
285,0-4,old_vaccine,0.0,0.0,0.0,0.0
285,0-4,new_vaccine,0.0,0.0,0.0,0.0
285,5-9,unvaccinated,4.666666666666667,388.3333333333333,0.3333333333333333,0.0
285,5-9,old_vaccine,0.0,0.0,0.0,0.0
285,5-9,new_vaccine,0.0,0.0,0.0,0.0
285,10-14,unvaccinated,7.333333333333333,386.3333333333333,0.0,0.0
285,10-14,old_vaccine,0.0,0.0,0.0,0.0
285,10-14,new_vaccine,0.0,0.0,0.0,0.0
285,15-19,unvaccinated,7.666666666666667,344.6666666666667,0.0,0.0
285,15-19,old_vaccine,0.0,0.0,0.0,0.0
285,15-19,new_vaccine,0.0,0.0,0.0,0.0
285,20-24,unvaccinated,22.0,389.6666666666667,0.0,0.0
285,20-24,old_vaccine,0.0,0.0,0.0,0.0
285,20-24,new_vaccine,0.0,0.0,0.0,0.0
285,25-29,unvaccinated,51.0,424.3333333333333,0.0,0.0
285,25-29,old_vaccine,0.0,0.0,0.0,0.0
285,25-29,new_vaccine,0.0,0.0,0.0,0.0
285,30-34,unvaccinated,52.0,439.6666666666667,0.6666666666666666,0.0
285,30-34,old_vaccine,0.0,0.0,0.0,0.0
285,30-34,new_vaccine,0.0,0.0,0.0,0.0
285,35-39,unvaccinated,49.333333333333336,403.3333333333333,0.6666666666666666,0.0
285,35-39,old_vaccine,0.0,0.0,0.0,0.0
285,35-39,new_vaccine,0.0,0.0,0.0,0.0
285,40-44,unvaccinated,49.0,408.3333333333333,0.6666666666666666,0.0
285,40-44,old_vaccine,0.0,0.0,0.0,0.0
285,40-44,new_vaccine,0.0,0.0,0.0,0.0
285,45-49,unvaccinated,44.666666666666664,415.0,1.3333333333333333,0.0
285,45-49,old_vaccine,0.0,0.0,0.0,0.0
285,45-49,new_vaccine,0.0,0.0,0.0,0.0
285,50-54,unvaccinated,90.66666666666667,391.6666666666667,1.0,0.0
285,50-54,old_vaccine,0.0,0.0,0.0,0.0
285,50-54,new_vaccine,0.0,0.0,0.0,0.0
285,55-59,unvaccinated,126.33333333333333,346.3333333333333,1.3333333333333333,0.0
285,55-59,old_vaccine,0.0,0.0,0.0,0.0
285,55-59,new_vaccine,0.0,0.0,0.0,0.0
285,60-64,unvaccinated,110.66666666666667,285.3333333333333,1.6666666666666667,0.0
285,60-64,old_vaccine,0.0,0.0,0.0,0.0
285,60-64,new_vaccine,0.0,0.0,0.0,0.0
285,65-69,unvaccinated,172.33333333333334,158.66666666666666,2.6666666666666665,0.0
285,65-69,old_vaccine,0.0,0.0,0.0,0.0
285,65-69,new_vaccine,0.0,0.0,0.0,0.0
285,70-74,unvaccinated,184.0,112.0,1.3333333333333333,1.0
285,70-74,old_vaccine,0.0,0.0,0.0,0.0
285,70-74,new_vaccine,0.0,0.0,0.0,0.0
285,75+,unvaccinated,326.6666666666667,158.66666666666666,6.0,2.6666666666666665
285,75+,old_vaccine,0.0,0.0,0.0,0.0
285,75+,new_vaccine,0.0,0.0,0.0,0.0
286,0-4,unvaccinated,23.333333333333332,354.6666666666667,0.6666666666666666,0.0
286,0-4,old_vaccine,0.0,0.0,0.0,0.0
286,0-4,new_vaccine,0.0,0.0,0.0,0.0
286,5-9,unvaccinated,6.666666666666667,408.3333333333333,0.0,0.0
286,5-9,old_vaccine,0.0,0.0,0.0,0.0
286,5-9,new_vaccine,0.0,0.0,0.0,0.0
286,10-14,unvaccinated,6.333333333333333,390.6666666666667,0.3333333333333333,0.0
286,10-14,old_vaccine,0.0,0.0,0.0,0.0
286,10-14,new_vaccine,0.0,0.0,0.0,0.0
286,15-19,unvaccinated,10.0,363.3333333333333,0.0,0.0
286,15-19,old_vaccine,0.0,0.0,0.0,0.0
286,15-19,new_vaccine,0.0,0.0,0.0,0.0
286,20-24,unvaccinated,25.333333333333332,388.6666666666667,0.0,0.0
286,20-24,old_vaccine,0.0,0.0,0.0,0.0
286,20-24,new_vaccine,0.0,0.0,0.0,0.0
286,25-29,unvaccinated,46.666666666666664,411.6666666666667,0.3333333333333333,0.0
286,25-29,old_vaccine,0.0,0.0,0.0,0.0
286,25-29,new_vaccine,0.0,0.0,0.0,0.0
286,30-34,unvaccinated,47.666666666666664,450.3333333333333,0.3333333333333333,0.0
286,30-34,old_vaccine,0.0,0.0,0.0,0.0
286,30-34,new_vaccine,0.0,0.0,0.0,0.0
286,35-39,unvaccinated,47.0,427.3333333333333,0.6666666666666666,0.0
286,35-39,old_vaccine,0.0,0.0,0.0,0.0
286,35-39,new_vaccine,0.0,0.0,0.0,0.0
286,40-44,unvaccinated,44.666666666666664,404.0,0.3333333333333333,0.0
286,40-44,old_vaccine,0.0,0.0,0.0,0.0
286,40-44,new_vaccine,0.0,0.0,0.0,0.0
286,45-49,unvaccinated,51.333333333333336,397.6666666666667,1.0,0.0
286,45-49,old_vaccine,0.0,0.0,0.0,0.0
286,45-49,new_vaccine,0.0,0.0,0.0,0.0
286,50-54,unvaccinated,86.33333333333333,392.6666666666667,0.6666666666666666,0.0
286,50-54,old_vaccine,0.0,0.0,0.0,0.0
286,50-54,new_vaccine,0.0,0.0,0.0,0.0
286,55-59,unvaccinated,116.0,340.0,1.0,0.0
286,55-59,old_vaccine,0.0,0.0,0.0,0.0
286,55-59,new_vaccine,0.0,0.0,0.0,0.0
286,60-64,unvaccinated,120.0,289.3333333333333,2.3333333333333335,0.3333333333333333
286,60-64,old_vaccine,0.0,0.0,0.0,0.0
286,60-64,new_vaccine,0.0,0.0,0.0,0.0
286,65-69,unvaccinated,175.33333333333334,150.0,2.3333333333333335,0.3333333333333333
286,65-69,old_vaccine,0.0,0.0,0.0,0.0
286,65-69,new_vaccine,0.0,0.0,0.0,0.0
286,70-74,unvaccinated,192.33333333333334,121.66666666666667,2.0,0.3333333333333333
286,70-74,old_vaccine,0.0,0.0,0.0,0.0
286,70-74,new_vaccine,0.0,0.0,0.0,0.0
286,75+,unvaccinated,308.0,152.0,5.333333333333333,1.3333333333333333
286,75+,old_vaccine,0.0,0.0,0.0,0.0
286,75+,new_vaccine,0.0,0.0,0.0,0.0
287,0-4,unvaccinated,28.0,371.6666666666667,0.0,0.0
287,0-4,old_vaccine,0.0,0.0,0.0,0.0
287,0-4,new_vaccine,0.0,0.0,0.0,0.0
287,5-9,unvaccinated,6.666666666666667,414.3333333333333,0.0,0.0
287,5-9,old_vaccine,0.0,0.0,0.0,0.0
287,5-9,new_vaccine,0.0,0.0,0.0,0.0
287,10-14,unvaccinated,7.0,400.3333333333333,0.0,0.0
287,10-14,old_vaccine,0.0,0.0,0.0,0.0
287,10-14,new_vaccine,0.0,0.0,0.0,0.0
287,15-19,unvaccinated,7.666666666666667,379.0,0.0,0.0
287,15-19,old_vaccine,0.0,0.0,0.0,0.0
287,15-19,new_vaccine,0.0,0.0,0.0,0.0
287,20-24,unvaccinated,25.333333333333332,374.0,0.6666666666666666,0.0
287,20-24,old_vaccine,0.0,0.0,0.0,0.0
287,20-24,new_vaccine,0.0,0.0,0.0,0.0
287,25-29,unvaccinated,44.333333333333336,427.6666666666667,0.3333333333333333,0.0
287,25-29,old_vaccine,0.0,0.0,0.0,0.0
287,25-29,new_vaccine,0.0,0.0,0.0,0.0
287,30-34,unvaccinated,48.0,431.6666666666667,0.3333333333333333,0.3333333333333333
287,30-34,old_vaccine,0.0,0.0,0.0,0.0
287,30-34,new_vaccine,0.0,0.0,0.0,0.0
287,35-39,unvaccinated,40.333333333333336,448.3333333333333,0.0,0.0
287,35-39,old_vaccine,0.0,0.0,0.0,0.0
287,35-39,new_vaccine,0.0,0.0,0.0,0.0
287,40-44,unvaccinated,46.333333333333336,404.3333333333333,0.3333333333333333,0.0
287,40-44,old_vaccine,0.0,0.0,0.0,0.0
287,40-44,new_vaccine,0.0,0.0,0.0,0.0
287,45-49,unvaccinated,54.666666666666664,392.0,0.3333333333333333,0.0
287,45-49,old_vaccine,0.0,0.0,0.0,0.0
287,45-49,new_vaccine,0.0,0.0,0.0,0.0
287,50-54,unvaccinated,83.0,378.6666666666667,1.0,0.0
287,50-54,old_vaccine,0.0,0.0,0.0,0.0
287,50-54,new_vaccine,0.0,0.0,0.0,0.0
287,55-59,unvaccinated,117.33333333333333,350.0,0.6666666666666666,0.0
287,55-59,old_vaccine,0.0,0.0,0.0,0.0
287,55-59,new_vaccine,0.0,0.0,0.0,0.0
287,60-64,unvaccinated,108.33333333333333,287.3333333333333,0.3333333333333333,0.3333333333333333
287,60-64,old_vaccine,0.0,0.0,0.0,0.0
287,60-64,new_vaccine,0.0,0.0,0.0,0.0
287,65-69,unvaccinated,167.33333333333334,145.66666666666666,3.3333333333333335,0.6666666666666666
287,65-69,old_vaccine,0.0,0.0,0.0,0.0
287,65-69,new_vaccine,0.0,0.0,0.0,0.0
287,70-74,unvaccinated,198.66666666666666,113.0,3.0,0.0
287,70-74,old_vaccine,0.0,0.0,0.0,0.0
287,70-74,new_vaccine,0.0,0.0,0.0,0.0
287,75+,unvaccinated,320.6666666666667,149.0,5.666666666666667,2.3333333333333335
287,75+,old_vaccine,0.0,0.0,0.0,0.0
287,75+,new_vaccine,0.0,0.0,0.0,0.0
288,0-4,unvaccinated,27.333333333333332,329.0,0.3333333333333333,0.0
288,0-4,old_vaccine,0.0,0.0,0.0,0.0
288,0-4,new_vaccine,0.0,0.0,0.0,0.0
288,5-9,unvaccinated,4.0,394.0,0.3333333333333333,0.0
288,5-9,old_vaccine,0.0,0.0,0.0,0.0
288,5-9,new_vaccine,0.0,0.0,0.0,0.0
288,10-14,unvaccinated,9.333333333333334,367.3333333333333,0.0,0.0
288,10-14,old_vaccine,0.0,0.0,0.0,0.0
288,10-14,new_vaccine,0.0,0.0,0.0,0.0
288,15-19,unvaccinated,11.333333333333334,363.0,0.0,0.0
288,15-19,old_vaccine,0.0,0.0,0.0,0.0
288,15-19,new_vaccine,0.0,0.0,0.0,0.0
288,20-24,unvaccinated,25.333333333333332,387.0,0.3333333333333333,0.0
288,20-24,old_vaccine,0.0,0.0,0.0,0.0
288,20-24,new_vaccine,0.0,0.0,0.0,0.0
288,25-29,unvaccinated,47.333333333333336,424.3333333333333,1.0,0.0
288,25-29,old_vaccine,0.0,0.0,0.0,0.0
288,25-29,new_vaccine,0.0,0.0,0.0,0.0
288,30-34,unvaccinated,54.666666666666664,440.6666666666667,0.0,0.0
288,30-34,old_vaccine,0.0,0.0,0.0,0.0
288,30-34,new_vaccine,0.0,0.0,0.0,0.0
288,35-39,unvaccinated,39.0,431.6666666666667,0.3333333333333333,0.0
288,35-39,old_vaccine,0.0,0.0,0.0,0.0
288,35-39,new_vaccine,0.0,0.0,0.0,0.0
288,40-44,unvaccinated,44.333333333333336,409.3333333333333,0.6666666666666666,0.0
288,40-44,old_vaccine,0.0,0.0,0.0,0.0
288,40-44,new_vaccine,0.0,0.0,0.0,0.0
288,45-49,unvaccinated,57.0,395.0,0.3333333333333333,0.0
288,45-49,old_vaccine,0.0,0.0,0.0,0.0
288,45-49,new_vaccine,0.0,0.0,0.0,0.0
288,50-54,unvaccinated,94.66666666666667,396.3333333333333,1.0,0.0
288,50-54,old_vaccine,0.0,0.0,0.0,0.0
288,50-54,new_vaccine,0.0,0.0,0.0,0.0
288,55-59,unvaccinated,116.66666666666667,338.3333333333333,1.3333333333333333,0.0
288,55-59,old_vaccine,0.0,0.0,0.0,0.0
288,55-59,new_vaccine,0.0,0.0,0.0,0.0
288,60-64,unvaccinated,111.0,298.0,1.6666666666666667,0.0
288,60-64,old_vaccine,0.0,0.0,0.0,0.0
288,60-64,new_vaccine,0.0,0.0,0.0,0.0
288,65-69,unvaccinated,174.33333333333334,154.33333333333334,3.6666666666666665,0.0
288,65-69,old_vaccine,0.0,0.0,0.0,0.0
288,65-69,new_vaccine,0.0,0.0,0.0,0.0
288,70-74,unvaccinated,205.0,111.33333333333333,2.6666666666666665,0.0
288,70-74,old_vaccine,0.0,0.0,0.0,0.0
288,70-74,new_vaccine,0.0,0.0,0.0,0.0
288,75+,unvaccinated,332.0,162.0,6.0,2.3333333333333335
288,75+,old_vaccine,0.0,0.0,0.0,0.0
288,75+,new_vaccine,0.0,0.0,0.0,0.0
289,0-4,unvaccinated,25.333333333333332,350.3333333333333,0.0,0.0
289,0-4,old_vaccine,0.0,0.0,0.0,0.0
289,0-4,new_vaccine,0.0,0.0,0.0,0.0
289,5-9,unvaccinated,7.0,409.6666666666667,0.0,0.0
289,5-9,old_vaccine,0.0,0.0,0.0,0.0
289,5-9,new_vaccine,0.0,0.0,0.0,0.0
289,10-14,unvaccinated,8.0,392.0,0.6666666666666666,0.0
289,10-14,old_vaccine,0.0,0.0,0.0,0.0
289,10-14,new_vaccine,0.0,0.0,0.0,0.0
289,15-19,unvaccinated,6.0,360.0,0.0,0.0
289,15-19,old_vaccine,0.0,0.0,0.0,0.0
289,15-19,new_vaccine,0.0,0.0,0.0,0.0
289,20-24,unvaccinated,24.0,400.0,0.0,0.0
289,20-24,old_vaccine,0.0,0.0,0.0,0.0
289,20-24,new_vaccine,0.0,0.0,0.0,0.0
289,25-29,unvaccinated,46.666666666666664,421.0,0.6666666666666666,0.0
289,25-29,old_vaccine,0.0,0.0,0.0,0.0
289,25-29,new_vaccine,0.0,0.0,0.0,0.0
289,30-34,unvaccinated,58.333333333333336,421.3333333333333,0.0,0.0
289,30-34,old_vaccine,0.0,0.0,0.0,0.0
289,30-34,new_vaccine,0.0,0.0,0.0,0.0
289,35-39,unvaccinated,37.0,462.3333333333333,0.0,0.0
289,35-39,old_vaccine,0.0,0.0,0.0,0.0
289,35-39,new_vaccine,0.0,0.0,0.0,0.0
289,40-44,unvaccinated,40.666666666666664,433.0,0.6666666666666666,0.0
289,40-44,old_vaccine,0.0,0.0,0.0,0.0
289,40-44,new_vaccine,0.0,0.0,0.0,0.0
289,45-49,unvaccinated,62.0,405.3333333333333,0.3333333333333333,0.0
289,45-49,old_vaccine,0.0,0.0,0.0,0.0
289,45-49,new_vaccine,0.0,0.0,0.0,0.0
289,50-54,unvaccinated,94.0,397.6666666666667,1.6666666666666667,0.3333333333333333
289,50-54,old_vaccine,0.0,0.0,0.0,0.0
289,50-54,new_vaccine,0.0,0.0,0.0,0.0
289,55-59,unvaccinated,134.0,354.0,0.3333333333333333,0.0
289,55-59,old_vaccine,0.0,0.0,0.0,0.0
289,55-59,new_vaccine,0.0,0.0,0.0,0.0
289,60-64,unvaccinated,108.66666666666667,268.0,3.6666666666666665,0.3333333333333333
289,60-64,old_vaccine,0.0,0.0,0.0,0.0
289,60-64,new_vaccine,0.0,0.0,0.0,0.0
289,65-69,unvaccinated,169.33333333333334,162.33333333333334,2.3333333333333335,1.0
289,65-69,old_vaccine,0.0,0.0,0.0,0.0
289,65-69,new_vaccine,0.0,0.0,0.0,0.0
289,70-74,unvaccinated,199.0,122.0,4.0,0.6666666666666666
289,70-74,old_vaccine,0.0,0.0,0.0,0.0
289,70-74,new_vaccine,0.0,0.0,0.0,0.0
289,75+,unvaccinated,326.0,162.0,7.333333333333333,2.6666666666666665
289,75+,old_vaccine,0.0,0.0,0.0,0.0
289,75+,new_vaccine,0.0,0.0,0.0,0.0
290,0-4,unvaccinated,23.0,354.6666666666667,0.0,0.0
290,0-4,old_vaccine,0.0,0.0,0.0,0.0
290,0-4,new_vaccine,0.0,0.0,0.0,0.0
290,5-9,unvaccinated,6.0,400.6666666666667,0.0,0.0
290,5-9,old_vaccine,0.0,0.0,0.0,0.0
290,5-9,new_vaccine,0.0,0.0,0.0,0.0
290,10-14,unvaccinated,12.333333333333334,373.3333333333333,0.0,0.0
290,10-14,old_vaccine,0.0,0.0,0.0,0.0
290,10-14,new_vaccine,0.0,0.0,0.0,0.0
290,15-19,unvaccinated,11.333333333333334,352.0,0.0,0.0
290,15-19,old_vaccine,0.0,0.0,0.0,0.0
290,15-19,new_vaccine,0.0,0.0,0.0,0.0
290,20-24,unvaccinated,24.333333333333332,380.3333333333333,0.3333333333333333,0.0
290,20-24,old_vaccine,0.0,0.0,0.0,0.0
290,20-24,new_vaccine,0.0,0.0,0.0,0.0
290,25-29,unvaccinated,48.0,417.0,0.6666666666666666,0.0
290,25-29,old_vaccine,0.0,0.0,0.0,0.0
290,25-29,new_vaccine,0.0,0.0,0.0,0.0
290,30-34,unvaccinated,51.333333333333336,410.6666666666667,0.0,0.0
290,30-34,old_vaccine,0.0,0.0,0.0,0.0
290,30-34,new_vaccine,0.0,0.0,0.0,0.0
290,35-39,unvaccinated,42.0,420.6666666666667,0.3333333333333333,0.0
290,35-39,old_vaccine,0.0,0.0,0.0,0.0
290,35-39,new_vaccine,0.0,0.0,0.0,0.0
290,40-44,unvaccinated,42.333333333333336,396.0,0.6666666666666666,0.0
290,40-44,old_vaccine,0.0,0.0,0.0,0.0
290,40-44,new_vaccine,0.0,0.0,0.0,0.0
290,45-49,unvaccinated,60.666666666666664,381.0,0.6666666666666666,0.0
290,45-49,old_vaccine,0.0,0.0,0.0,0.0
290,45-49,new_vaccine,0.0,0.0,0.0,0.0
290,50-54,unvaccinated,96.0,391.0,0.6666666666666666,0.0
290,50-54,old_vaccine,0.0,0.0,0.0,0.0
290,50-54,new_vaccine,0.0,0.0,0.0,0.0
290,55-59,unvaccinated,114.33333333333333,339.6666666666667,1.6666666666666667,0.3333333333333333
290,55-59,old_vaccine,0.0,0.0,0.0,0.0
290,55-59,new_vaccine,0.0,0.0,0.0,0.0
290,60-64,unvaccinated,118.0,271.0,1.6666666666666667,0.0
290,60-64,old_vaccine,0.0,0.0,0.0,0.0
290,60-64,new_vaccine,0.0,0.0,0.0,0.0
290,65-69,unvaccinated,184.66666666666666,150.0,5.666666666666667,1.3333333333333333
290,65-69,old_vaccine,0.0,0.0,0.0,0.0
290,65-69,new_vaccine,0.0,0.0,0.0,0.0
290,70-74,unvaccinated,191.66666666666666,112.0,3.3333333333333335,0.0
290,70-74,old_vaccine,0.0,0.0,0.0,0.0
290,70-74,new_vaccine,0.0,0.0,0.0,0.0
290,75+,unvaccinated,334.3333333333333,152.66666666666666,5.666666666666667,3.3333333333333335
290,75+,old_vaccine,0.0,0.0,0.0,0.0
290,75+,new_vaccine,0.0,0.0,0.0,0.0
291,0-4,unvaccinated,24.0,344.6666666666667,0.6666666666666666,0.0
291,0-4,old_vaccine,0.0,0.0,0.0,0.0
291,0-4,new_vaccine,0.0,0.0,0.0,0.0
291,5-9,unvaccinated,7.0,404.0,0.3333333333333333,0.0
291,5-9,old_vaccine,0.0,0.0,0.0,0.0
291,5-9,new_vaccine,0.0,0.0,0.0,0.0
291,10-14,unvaccinated,11.0,379.6666666666667,0.0,0.0
291,10-14,old_vaccine,0.0,0.0,0.0,0.0
291,10-14,new_vaccine,0.0,0.0,0.0,0.0
291,15-19,unvaccinated,9.666666666666666,362.3333333333333,0.0,0.0
291,15-19,old_vaccine,0.0,0.0,0.0,0.0
291,15-19,new_vaccine,0.0,0.0,0.0,0.0
291,20-24,unvaccinated,28.0,393.6666666666667,0.0,0.0
291,20-24,old_vaccine,0.0,0.0,0.0,0.0
291,20-24,new_vaccine,0.0,0.0,0.0,0.0
291,25-29,unvaccinated,49.0,415.6666666666667,0.3333333333333333,0.0
291,25-29,old_vaccine,0.0,0.0,0.0,0.0
291,25-29,new_vaccine,0.0,0.0,0.0,0.0
291,30-34,unvaccinated,45.0,421.6666666666667,0.3333333333333333,0.0
291,30-34,old_vaccine,0.0,0.0,0.0,0.0
291,30-34,new_vaccine,0.0,0.0,0.0,0.0
291,35-39,unvaccinated,43.333333333333336,427.0,0.6666666666666666,0.0
291,35-39,old_vaccine,0.0,0.0,0.0,0.0
291,35-39,new_vaccine,0.0,0.0,0.0,0.0
291,40-44,unvaccinated,36.666666666666664,416.0,0.6666666666666666,0.0
291,40-44,old_vaccine,0.0,0.0,0.0,0.0
291,40-44,new_vaccine,0.0,0.0,0.0,0.0
291,45-49,unvaccinated,57.0,379.0,0.6666666666666666,0.0
291,45-49,old_vaccine,0.0,0.0,0.0,0.0
291,45-49,new_vaccine,0.0,0.0,0.0,0.0
291,50-54,unvaccinated,90.66666666666667,385.3333333333333,2.3333333333333335,0.0
291,50-54,old_vaccine,0.0,0.0,0.0,0.0
291,50-54,new_vaccine,0.0,0.0,0.0,0.0
291,55-59,unvaccinated,117.0,336.0,1.6666666666666667,0.0
291,55-59,old_vaccine,0.0,0.0,0.0,0.0
291,55-59,new_vaccine,0.0,0.0,0.0,0.0
291,60-64,unvaccinated,121.33333333333333,289.0,2.0,0.3333333333333333
291,60-64,old_vaccine,0.0,0.0,0.0,0.0
291,60-64,new_vaccine,0.0,0.0,0.0,0.0
291,65-69,unvaccinated,174.0,143.33333333333334,4.0,0.6666666666666666
291,65-69,old_vaccine,0.0,0.0,0.0,0.0
291,65-69,new_vaccine,0.0,0.0,0.0,0.0
291,70-74,unvaccinated,186.66666666666666,108.0,3.3333333333333335,0.3333333333333333
291,70-74,old_vaccine,0.0,0.0,0.0,0.0
291,70-74,new_vaccine,0.0,0.0,0.0,0.0
291,75+,unvaccinated,317.6666666666667,157.33333333333334,5.666666666666667,3.0
291,75+,old_vaccine,0.0,0.0,0.0,0.0
291,75+,new_vaccine,0.0,0.0,0.0,0.0
292,0-4,unvaccinated,29.0,340.6666666666667,0.6666666666666666,0.0
292,0-4,old_vaccine,0.0,0.0,0.0,0.0
292,0-4,new_vaccine,0.0,0.0,0.0,0.0
292,5-9,unvaccinated,6.333333333333333,395.6666666666667,0.3333333333333333,0.0
292,5-9,old_vaccine,0.0,0.0,0.0,0.0
292,5-9,new_vaccine,0.0,0.0,0.0,0.0
292,10-14,unvaccinated,9.0,377.6666666666667,0.0,0.0
292,10-14,old_vaccine,0.0,0.0,0.0,0.0
292,10-14,new_vaccine,0.0,0.0,0.0,0.0
292,15-19,unvaccinated,12.0,372.0,0.0,0.0
292,15-19,old_vaccine,0.0,0.0,0.0,0.0
292,15-19,new_vaccine,0.0,0.0,0.0,0.0
292,20-24,unvaccinated,33.666666666666664,371.6666666666667,0.3333333333333333,0.0
292,20-24,old_vaccine,0.0,0.0,0.0,0.0
292,20-24,new_vaccine,0.0,0.0,0.0,0.0
292,25-29,unvaccinated,38.333333333333336,437.0,0.3333333333333333,0.0
292,25-29,old_vaccine,0.0,0.0,0.0,0.0
292,25-29,new_vaccine,0.0,0.0,0.0,0.0
292,30-34,unvaccinated,49.666666666666664,427.3333333333333,0.3333333333333333,0.0
292,30-34,old_vaccine,0.0,0.0,0.0,0.0
292,30-34,new_vaccine,0.0,0.0,0.0,0.0
292,35-39,unvaccinated,46.333333333333336,434.0,0.3333333333333333,0.0
292,35-39,old_vaccine,0.0,0.0,0.0,0.0
292,35-39,new_vaccine,0.0,0.0,0.0,0.0
292,40-44,unvaccinated,45.333333333333336,424.3333333333333,0.3333333333333333,0.0
292,40-44,old_vaccine,0.0,0.0,0.0,0.0
292,40-44,new_vaccine,0.0,0.0,0.0,0.0
292,45-49,unvaccinated,52.666666666666664,381.6666666666667,0.6666666666666666,0.0
292,45-49,old_vaccine,0.0,0.0,0.0,0.0
292,45-49,new_vaccine,0.0,0.0,0.0,0.0
292,50-54,unvaccinated,92.0,394.0,0.0,0.0
292,50-54,old_vaccine,0.0,0.0,0.0,0.0
292,50-54,new_vaccine,0.0,0.0,0.0,0.0
292,55-59,unvaccinated,115.66666666666667,336.3333333333333,1.3333333333333333,0.6666666666666666
292,55-59,old_vaccine,0.0,0.0,0.0,0.0
292,55-59,new_vaccine,0.0,0.0,0.0,0.0
292,60-64,unvaccinated,113.66666666666667,281.0,2.0,1.0
292,60-64,old_vaccine,0.0,0.0,0.0,0.0
292,60-64,new_vaccine,0.0,0.0,0.0,0.0
292,65-69,unvaccinated,193.66666666666666,159.66666666666666,1.6666666666666667,0.0
292,65-69,old_vaccine,0.0,0.0,0.0,0.0
292,65-69,new_vaccine,0.0,0.0,0.0,0.0
292,70-74,unvaccinated,205.66666666666666,117.0,4.0,1.0
292,70-74,old_vaccine,0.0,0.0,0.0,0.0
292,70-74,new_vaccine,0.0,0.0,0.0,0.0
292,75+,unvaccinated,322.3333333333333,154.33333333333334,6.666666666666667,2.0
292,75+,old_vaccine,0.0,0.0,0.0,0.0
292,75+,new_vaccine,0.0,0.0,0.0,0.0
293,0-4,unvaccinated,26.0,351.0,0.0,0.0
293,0-4,old_vaccine,0.0,0.0,0.0,0.0
293,0-4,new_vaccine,0.0,0.0,0.0,0.0
293,5-9,unvaccinated,7.0,392.6666666666667,0.3333333333333333,0.0
293,5-9,old_vaccine,0.0,0.0,0.0,0.0
293,5-9,new_vaccine,0.0,0.0,0.0,0.0
293,10-14,unvaccinated,8.666666666666666,384.0,0.0,0.0
293,10-14,old_vaccine,0.0,0.0,0.0,0.0
293,10-14,new_vaccine,0.0,0.0,0.0,0.0
293,15-19,unvaccinated,10.666666666666666,386.0,0.0,0.0
293,15-19,old_vaccine,0.0,0.0,0.0,0.0
293,15-19,new_vaccine,0.0,0.0,0.0,0.0
293,20-24,unvaccinated,28.333333333333332,398.0,0.3333333333333333,0.0
293,20-24,old_vaccine,0.0,0.0,0.0,0.0
293,20-24,new_vaccine,0.0,0.0,0.0,0.0
293,25-29,unvaccinated,48.0,444.3333333333333,0.3333333333333333,0.0
293,25-29,old_vaccine,0.0,0.0,0.0,0.0
293,25-29,new_vaccine,0.0,0.0,0.0,0.0
293,30-34,unvaccinated,52.0,412.3333333333333,0.6666666666666666,0.0
293,30-34,old_vaccine,0.0,0.0,0.0,0.0
293,30-34,new_vaccine,0.0,0.0,0.0,0.0
293,35-39,unvaccinated,49.666666666666664,430.6666666666667,0.0,0.0
293,35-39,old_vaccine,0.0,0.0,0.0,0.0
293,35-39,new_vaccine,0.0,0.0,0.0,0.0
293,40-44,unvaccinated,42.333333333333336,389.3333333333333,0.0,0.0
293,40-44,old_vaccine,0.0,0.0,0.0,0.0
293,40-44,new_vaccine,0.0,0.0,0.0,0.0
293,45-49,unvaccinated,60.0,401.6666666666667,0.3333333333333333,0.3333333333333333
293,45-49,old_vaccine,0.0,0.0,0.0,0.0
293,45-49,new_vaccine,0.0,0.0,0.0,0.0
293,50-54,unvaccinated,84.0,385.0,0.6666666666666666,0.0
293,50-54,old_vaccine,0.0,0.0,0.0,0.0
293,50-54,new_vaccine,0.0,0.0,0.0,0.0
293,55-59,unvaccinated,121.0,355.6666666666667,0.6666666666666666,0.3333333333333333
293,55-59,old_vaccine,0.0,0.0,0.0,0.0
293,55-59,new_vaccine,0.0,0.0,0.0,0.0
293,60-64,unvaccinated,107.0,269.6666666666667,1.6666666666666667,0.3333333333333333
293,60-64,old_vaccine,0.0,0.0,0.0,0.0
293,60-64,new_vaccine,0.0,0.0,0.0,0.0
293,65-69,unvaccinated,182.33333333333334,140.66666666666666,5.0,0.0
293,65-69,old_vaccine,0.0,0.0,0.0,0.0
293,65-69,new_vaccine,0.0,0.0,0.0,0.0
293,70-74,unvaccinated,197.33333333333334,108.33333333333333,2.3333333333333335,1.3333333333333333
293,70-74,old_vaccine,0.0,0.0,0.0,0.0
293,70-74,new_vaccine,0.0,0.0,0.0,0.0
293,75+,unvaccinated,319.6666666666667,141.33333333333334,7.666666666666667,2.6666666666666665
293,75+,old_vaccine,0.0,0.0,0.0,0.0
293,75+,new_vaccine,0.0,0.0,0.0,0.0
294,0-4,unvaccinated,23.666666666666668,329.0,0.0,0.0
294,0-4,old_vaccine,0.0,0.0,0.0,0.0
294,0-4,new_vaccine,0.0,0.0,0.0,0.0
294,5-9,unvaccinated,6.333333333333333,412.0,0.0,0.0
294,5-9,old_vaccine,0.0,0.0,0.0,0.0
294,5-9,new_vaccine,0.0,0.0,0.0,0.0
294,10-14,unvaccinated,8.333333333333334,407.0,0.0,0.0
294,10-14,old_vaccine,0.0,0.0,0.0,0.0
294,10-14,new_vaccine,0.0,0.0,0.0,0.0
294,15-19,unvaccinated,6.333333333333333,362.0,0.0,0.0
294,15-19,old_vaccine,0.0,0.0,0.0,0.0
294,15-19,new_vaccine,0.0,0.0,0.0,0.0
294,20-24,unvaccinated,26.333333333333332,388.6666666666667,0.0,0.0
294,20-24,old_vaccine,0.0,0.0,0.0,0.0
294,20-24,new_vaccine,0.0,0.0,0.0,0.0
294,25-29,unvaccinated,51.333333333333336,435.6666666666667,0.0,0.0
294,25-29,old_vaccine,0.0,0.0,0.0,0.0
294,25-29,new_vaccine,0.0,0.0,0.0,0.0
294,30-34,unvaccinated,53.666666666666664,409.6666666666667,0.0,0.0
294,30-34,old_vaccine,0.0,0.0,0.0,0.0
294,30-34,new_vaccine,0.0,0.0,0.0,0.0
294,35-39,unvaccinated,46.0,421.3333333333333,0.0,0.0
294,35-39,old_vaccine,0.0,0.0,0.0,0.0
294,35-39,new_vaccine,0.0,0.0,0.0,0.0
294,40-44,unvaccinated,50.333333333333336,431.6666666666667,0.6666666666666666,0.0
294,40-44,old_vaccine,0.0,0.0,0.0,0.0
294,40-44,new_vaccine,0.0,0.0,0.0,0.0
294,45-49,unvaccinated,61.0,389.3333333333333,0.3333333333333333,0.0
294,45-49,old_vaccine,0.0,0.0,0.0,0.0
294,45-49,new_vaccine,0.0,0.0,0.0,0.0
294,50-54,unvaccinated,98.66666666666667,405.6666666666667,1.3333333333333333,0.0
294,50-54,old_vaccine,0.0,0.0,0.0,0.0
294,50-54,new_vaccine,0.0,0.0,0.0,0.0
294,55-59,unvaccinated,121.33333333333333,356.3333333333333,0.6666666666666666,0.0
294,55-59,old_vaccine,0.0,0.0,0.0,0.0
294,55-59,new_vaccine,0.0,0.0,0.0,0.0
294,60-64,unvaccinated,114.33333333333333,270.6666666666667,2.3333333333333335,0.3333333333333333
294,60-64,old_vaccine,0.0,0.0,0.0,0.0
294,60-64,new_vaccine,0.0,0.0,0.0,0.0
294,65-69,unvaccinated,176.33333333333334,153.66666666666666,2.0,0.3333333333333333
294,65-69,old_vaccine,0.0,0.0,0.0,0.0
294,65-69,new_vaccine,0.0,0.0,0.0,0.0
294,70-74,unvaccinated,189.33333333333334,108.0,4.333333333333333,0.6666666666666666
294,70-74,old_vaccine,0.0,0.0,0.0,0.0
294,70-74,new_vaccine,0.0,0.0,0.0,0.0
294,75+,unvaccinated,324.0,156.66666666666666,4.666666666666667,1.6666666666666667
294,75+,old_vaccine,0.0,0.0,0.0,0.0
294,75+,new_vaccine,0.0,0.0,0.0,0.0
295,0-4,unvaccinated,26.0,343.3333333333333,0.3333333333333333,0.0
295,0-4,old_vaccine,0.0,0.0,0.0,0.0
295,0-4,new_vaccine,0.0,0.0,0.0,0.0
295,5-9,unvaccinated,6.333333333333333,384.6666666666667,0.3333333333333333,0.0
295,5-9,old_vaccine,0.0,0.0,0.0,0.0
295,5-9,new_vaccine,0.0,0.0,0.0,0.0
295,10-14,unvaccinated,9.666666666666666,386.0,0.0,0.0
295,10-14,old_vaccine,0.0,0.0,0.0,0.0
295,10-14,new_vaccine,0.0,0.0,0.0,0.0
295,15-19,unvaccinated,10.0,374.3333333333333,0.0,0.0
295,15-19,old_vaccine,0.0,0.0,0.0,0.0
295,15-19,new_vaccine,0.0,0.0,0.0,0.0
295,20-24,unvaccinated,28.666666666666668,399.3333333333333,0.0,0.0
295,20-24,old_vaccine,0.0,0.0,0.0,0.0
295,20-24,new_vaccine,0.0,0.0,0.0,0.0
295,25-29,unvaccinated,49.333333333333336,432.0,0.0,0.3333333333333333
295,25-29,old_vaccine,0.0,0.0,0.0,0.0
295,25-29,new_vaccine,0.0,0.0,0.0,0.0
295,30-34,unvaccinated,47.666666666666664,430.3333333333333,0.0,0.0
295,30-34,old_vaccine,0.0,0.0,0.0,0.0
295,30-34,new_vaccine,0.0,0.0,0.0,0.0
295,35-39,unvaccinated,45.666666666666664,437.0,0.0,0.0
295,35-39,old_vaccine,0.0,0.0,0.0,0.0
295,35-39,new_vaccine,0.0,0.0,0.0,0.0
295,40-44,unvaccinated,44.333333333333336,419.6666666666667,0.0,0.0
295,40-44,old_vaccine,0.0,0.0,0.0,0.0
295,40-44,new_vaccine,0.0,0.0,0.0,0.0
295,45-49,unvaccinated,55.333333333333336,403.3333333333333,1.0,0.0
295,45-49,old_vaccine,0.0,0.0,0.0,0.0
295,45-49,new_vaccine,0.0,0.0,0.0,0.0
295,50-54,unvaccinated,97.0,396.6666666666667,0.6666666666666666,0.0
295,50-54,old_vaccine,0.0,0.0,0.0,0.0
295,50-54,new_vaccine,0.0,0.0,0.0,0.0
295,55-59,unvaccinated,127.66666666666667,371.0,0.3333333333333333,0.0
295,55-59,old_vaccine,0.0,0.0,0.0,0.0
295,55-59,new_vaccine,0.0,0.0,0.0,0.0
295,60-64,unvaccinated,110.66666666666667,286.0,2.0,0.3333333333333333
295,60-64,old_vaccine,0.0,0.0,0.0,0.0
295,60-64,new_vaccine,0.0,0.0,0.0,0.0
295,65-69,unvaccinated,171.66666666666666,148.0,3.6666666666666665,0.3333333333333333
295,65-69,old_vaccine,0.0,0.0,0.0,0.0
295,65-69,new_vaccine,0.0,0.0,0.0,0.0
295,70-74,unvaccinated,194.0,129.33333333333334,1.6666666666666667,0.3333333333333333
295,70-74,old_vaccine,0.0,0.0,0.0,0.0
295,70-74,new_vaccine,0.0,0.0,0.0,0.0
295,75+,unvaccinated,334.0,146.66666666666666,4.666666666666667,2.6666666666666665
295,75+,old_vaccine,0.0,0.0,0.0,0.0
295,75+,new_vaccine,0.0,0.0,0.0,0.0
296,0-4,unvaccinated,25.0,346.0,0.0,0.0
296,0-4,old_vaccine,0.0,0.0,0.0,0.0
296,0-4,new_vaccine,0.0,0.0,0.0,0.0
296,5-9,unvaccinated,4.666666666666667,393.6666666666667,0.0,0.0
296,5-9,old_vaccine,0.0,0.0,0.0,0.0
296,5-9,new_vaccine,0.0,0.0,0.0,0.0
296,10-14,unvaccinated,9.333333333333334,398.6666666666667,0.0,0.0
296,10-14,old_vaccine,0.0,0.0,0.0,0.0
296,10-14,new_vaccine,0.0,0.0,0.0,0.0
296,15-19,unvaccinated,9.0,361.0,0.0,0.0
296,15-19,old_vaccine,0.0,0.0,0.0,0.0
296,15-19,new_vaccine,0.0,0.0,0.0,0.0
296,20-24,unvaccinated,25.0,397.3333333333333,0.0,0.0
296,20-24,old_vaccine,0.0,0.0,0.0,0.0
296,20-24,new_vaccine,0.0,0.0,0.0,0.0
296,25-29,unvaccinated,45.666666666666664,406.0,0.0,0.0
296,25-29,old_vaccine,0.0,0.0,0.0,0.0
296,25-29,new_vaccine,0.0,0.0,0.0,0.0
296,30-34,unvaccinated,45.666666666666664,449.0,0.0,0.0
296,30-34,old_vaccine,0.0,0.0,0.0,0.0
296,30-34,new_vaccine,0.0,0.0,0.0,0.0
296,35-39,unvaccinated,38.666666666666664,430.0,0.0,0.0
296,35-39,old_vaccine,0.0,0.0,0.0,0.0
296,35-39,new_vaccine,0.0,0.0,0.0,0.0
296,40-44,unvaccinated,47.0,409.3333333333333,0.6666666666666666,0.0
296,40-44,old_vaccine,0.0,0.0,0.0,0.0
296,40-44,new_vaccine,0.0,0.0,0.0,0.0
296,45-49,unvaccinated,53.666666666666664,387.3333333333333,0.0,0.0
296,45-49,old_vaccine,0.0,0.0,0.0,0.0
296,45-49,new_vaccine,0.0,0.0,0.0,0.0
296,50-54,unvaccinated,91.0,402.0,0.6666666666666666,0.0
296,50-54,old_vaccine,0.0,0.0,0.0,0.0
296,50-54,new_vaccine,0.0,0.0,0.0,0.0
296,55-59,unvaccinated,121.66666666666667,339.6666666666667,0.6666666666666666,0.0
296,55-59,old_vaccine,0.0,0.0,0.0,0.0
296,55-59,new_vaccine,0.0,0.0,0.0,0.0
296,60-64,unvaccinated,114.0,276.6666666666667,2.6666666666666665,0.6666666666666666
296,60-64,old_vaccine,0.0,0.0,0.0,0.0
296,60-64,new_vaccine,0.0,0.0,0.0,0.0
296,65-69,unvaccinated,173.33333333333334,154.33333333333334,4.666666666666667,0.3333333333333333
296,65-69,old_vaccine,0.0,0.0,0.0,0.0
296,65-69,new_vaccine,0.0,0.0,0.0,0.0
296,70-74,unvaccinated,195.66666666666666,127.0,6.0,1.0
296,70-74,old_vaccine,0.0,0.0,0.0,0.0
296,70-74,new_vaccine,0.0,0.0,0.0,0.0
296,75+,unvaccinated,329.3333333333333,151.0,5.666666666666667,2.6666666666666665
296,75+,old_vaccine,0.0,0.0,0.0,0.0
296,75+,new_vaccine,0.0,0.0,0.0,0.0
297,0-4,unvaccinated,23.0,328.0,1.0,0.0
297,0-4,old_vaccine,0.0,0.0,0.0,0.0
297,0-4,new_vaccine,0.0,0.0,0.0,0.0
297,5-9,unvaccinated,4.0,410.0,0.0,0.0
297,5-9,old_vaccine,0.0,0.0,0.0,0.0
297,5-9,new_vaccine,0.0,0.0,0.0,0.0
297,10-14,unvaccinated,10.333333333333334,391.6666666666667,0.0,0.0
297,10-14,old_vaccine,0.0,0.0,0.0,0.0
297,10-14,new_vaccine,0.0,0.0,0.0,0.0
297,15-19,unvaccinated,8.666666666666666,366.0,0.0,0.0
297,15-19,old_vaccine,0.0,0.0,0.0,0.0
297,15-19,new_vaccine,0.0,0.0,0.0,0.0
297,20-24,unvaccinated,34.666666666666664,380.0,0.3333333333333333,0.0
297,20-24,old_vaccine,0.0,0.0,0.0,0.0
297,20-24,new_vaccine,0.0,0.0,0.0,0.0
297,25-29,unvaccinated,48.666666666666664,442.6666666666667,0.0,0.0
297,25-29,old_vaccine,0.0,0.0,0.0,0.0
297,25-29,new_vaccine,0.0,0.0,0.0,0.0
297,30-34,unvaccinated,58.0,428.0,0.3333333333333333,0.0
297,30-34,old_vaccine,0.0,0.0,0.0,0.0
297,30-34,new_vaccine,0.0,0.0,0.0,0.0
297,35-39,unvaccinated,46.666666666666664,433.3333333333333,0.3333333333333333,0.0
297,35-39,old_vaccine,0.0,0.0,0.0,0.0
297,35-39,new_vaccine,0.0,0.0,0.0,0.0
297,40-44,unvaccinated,45.666666666666664,411.0,0.3333333333333333,0.0
297,40-44,old_vaccine,0.0,0.0,0.0,0.0
297,40-44,new_vaccine,0.0,0.0,0.0,0.0
297,45-49,unvaccinated,56.0,391.3333333333333,1.3333333333333333,0.0
297,45-49,old_vaccine,0.0,0.0,0.0,0.0
297,45-49,new_vaccine,0.0,0.0,0.0,0.0
297,50-54,unvaccinated,85.66666666666667,386.3333333333333,1.0,0.3333333333333333
297,50-54,old_vaccine,0.0,0.0,0.0,0.0
297,50-54,new_vaccine,0.0,0.0,0.0,0.0
297,55-59,unvaccinated,134.66666666666666,339.0,1.3333333333333333,0.0
297,55-59,old_vaccine,0.0,0.0,0.0,0.0
297,55-59,new_vaccine,0.0,0.0,0.0,0.0
297,60-64,unvaccinated,123.33333333333333,305.0,2.0,0.3333333333333333
297,60-64,old_vaccine,0.0,0.0,0.0,0.0
297,60-64,new_vaccine,0.0,0.0,0.0,0.0
297,65-69,unvaccinated,171.66666666666666,150.33333333333334,3.6666666666666665,1.0
297,65-69,old_vaccine,0.0,0.0,0.0,0.0
297,65-69,new_vaccine,0.0,0.0,0.0,0.0
297,70-74,unvaccinated,192.66666666666666,112.0,4.0,0.6666666666666666
297,70-74,old_vaccine,0.0,0.0,0.0,0.0
297,70-74,new_vaccine,0.0,0.0,0.0,0.0
297,75+,unvaccinated,331.6666666666667,151.0,8.0,2.0
297,75+,old_vaccine,0.0,0.0,0.0,0.0
297,75+,new_vaccine,0.0,0.0,0.0,0.0
298,0-4,unvaccinated,25.666666666666668,343.0,0.3333333333333333,0.0
298,0-4,old_vaccine,0.0,0.0,0.0,0.0
298,0-4,new_vaccine,0.0,0.0,0.0,0.0
298,5-9,unvaccinated,5.666666666666667,392.3333333333333,0.0,0.0
298,5-9,old_vaccine,0.0,0.0,0.0,0.0
298,5-9,new_vaccine,0.0,0.0,0.0,0.0
298,10-14,unvaccinated,9.333333333333334,401.6666666666667,0.0,0.0
298,10-14,old_vaccine,0.0,0.0,0.0,0.0
298,10-14,new_vaccine,0.0,0.0,0.0,0.0
298,15-19,unvaccinated,8.333333333333334,362.6666666666667,0.0,0.0
298,15-19,old_vaccine,0.0,0.0,0.0,0.0
298,15-19,new_vaccine,0.0,0.0,0.0,0.0
298,20-24,unvaccinated,28.0,393.6666666666667,0.0,0.0
298,20-24,old_vaccine,0.0,0.0,0.0,0.0
298,20-24,new_vaccine,0.0,0.0,0.0,0.0
298,25-29,unvaccinated,46.333333333333336,403.3333333333333,0.3333333333333333,0.0
298,25-29,old_vaccine,0.0,0.0,0.0,0.0
298,25-29,new_vaccine,0.0,0.0,0.0,0.0
298,30-34,unvaccinated,52.333333333333336,438.3333333333333,0.0,0.0
298,30-34,old_vaccine,0.0,0.0,0.0,0.0
298,30-34,new_vaccine,0.0,0.0,0.0,0.0
298,35-39,unvaccinated,34.0,419.3333333333333,0.6666666666666666,0.0
298,35-39,old_vaccine,0.0,0.0,0.0,0.0
298,35-39,new_vaccine,0.0,0.0,0.0,0.0
298,40-44,unvaccinated,46.0,405.3333333333333,1.3333333333333333,0.0
298,40-44,old_vaccine,0.0,0.0,0.0,0.0
298,40-44,new_vaccine,0.0,0.0,0.0,0.0
298,45-49,unvaccinated,55.666666666666664,395.0,0.0,0.0
298,45-49,old_vaccine,0.0,0.0,0.0,0.0
298,45-49,new_vaccine,0.0,0.0,0.0,0.0
298,50-54,unvaccinated,94.0,376.3333333333333,2.3333333333333335,0.3333333333333333
298,50-54,old_vaccine,0.0,0.0,0.0,0.0
298,50-54,new_vaccine,0.0,0.0,0.0,0.0
298,55-59,unvaccinated,117.33333333333333,344.3333333333333,1.6666666666666667,0.6666666666666666
298,55-59,old_vaccine,0.0,0.0,0.0,0.0
298,55-59,new_vaccine,0.0,0.0,0.0,0.0
298,60-64,unvaccinated,113.66666666666667,271.6666666666667,1.0,0.0
298,60-64,old_vaccine,0.0,0.0,0.0,0.0
298,60-64,new_vaccine,0.0,0.0,0.0,0.0
298,65-69,unvaccinated,180.33333333333334,151.66666666666666,2.0,0.3333333333333333
298,65-69,old_vaccine,0.0,0.0,0.0,0.0
298,65-69,new_vaccine,0.0,0.0,0.0,0.0
298,70-74,unvaccinated,199.66666666666666,119.66666666666667,2.0,0.6666666666666666
298,70-74,old_vaccine,0.0,0.0,0.0,0.0
298,70-74,new_vaccine,0.0,0.0,0.0,0.0
298,75+,unvaccinated,310.0,162.0,6.666666666666667,4.0
298,75+,old_vaccine,0.0,0.0,0.0,0.0
298,75+,new_vaccine,0.0,0.0,0.0,0.0
299,0-4,unvaccinated,22.333333333333332,331.3333333333333,0.0,0.0
299,0-4,old_vaccine,0.0,0.0,0.0,0.0
299,0-4,new_vaccine,0.0,0.0,0.0,0.0
299,5-9,unvaccinated,6.666666666666667,406.6666666666667,0.0,0.0
299,5-9,old_vaccine,0.0,0.0,0.0,0.0
299,5-9,new_vaccine,0.0,0.0,0.0,0.0
299,10-14,unvaccinated,9.333333333333334,379.3333333333333,0.0,0.0
299,10-14,old_vaccine,0.0,0.0,0.0,0.0
299,10-14,new_vaccine,0.0,0.0,0.0,0.0
299,15-19,unvaccinated,9.333333333333334,364.0,0.0,0.0
299,15-19,old_vaccine,0.0,0.0,0.0,0.0
299,15-19,new_vaccine,0.0,0.0,0.0,0.0
299,20-24,unvaccinated,28.0,410.3333333333333,0.3333333333333333,0.0
299,20-24,old_vaccine,0.0,0.0,0.0,0.0
299,20-24,new_vaccine,0.0,0.0,0.0,0.0
299,25-29,unvaccinated,44.666666666666664,431.6666666666667,0.0,0.0
299,25-29,old_vaccine,0.0,0.0,0.0,0.0
299,25-29,new_vaccine,0.0,0.0,0.0,0.0
299,30-34,unvaccinated,49.333333333333336,417.3333333333333,0.0,0.0
299,30-34,old_vaccine,0.0,0.0,0.0,0.0
299,30-34,new_vaccine,0.0,0.0,0.0,0.0
299,35-39,unvaccinated,49.0,441.0,0.6666666666666666,0.0
299,35-39,old_vaccine,0.0,0.0,0.0,0.0
299,35-39,new_vaccine,0.0,0.0,0.0,0.0
299,40-44,unvaccinated,44.666666666666664,418.3333333333333,0.3333333333333333,0.0
299,40-44,old_vaccine,0.0,0.0,0.0,0.0
299,40-44,new_vaccine,0.0,0.0,0.0,0.0
299,45-49,unvaccinated,55.333333333333336,371.0,0.3333333333333333,0.0
299,45-49,old_vaccine,0.0,0.0,0.0,0.0
299,45-49,new_vaccine,0.0,0.0,0.0,0.0
299,50-54,unvaccinated,91.66666666666667,389.0,0.3333333333333333,0.3333333333333333
299,50-54,old_vaccine,0.0,0.0,0.0,0.0
299,50-54,new_vaccine,0.0,0.0,0.0,0.0
299,55-59,unvaccinated,108.66666666666667,342.6666666666667,0.6666666666666666,0.0
299,55-59,old_vaccine,0.0,0.0,0.0,0.0
299,55-59,new_vaccine,0.0,0.0,0.0,0.0
299,60-64,unvaccinated,115.66666666666667,282.3333333333333,1.6666666666666667,0.0
299,60-64,old_vaccine,0.0,0.0,0.0,0.0
299,60-64,new_vaccine,0.0,0.0,0.0,0.0
299,65-69,unvaccinated,182.33333333333334,160.0,1.0,0.0
299,65-69,old_vaccine,0.0,0.0,0.0,0.0
299,65-69,new_vaccine,0.0,0.0,0.0,0.0
299,70-74,unvaccinated,194.66666666666666,99.66666666666667,2.3333333333333335,0.6666666666666666
299,70-74,old_vaccine,0.0,0.0,0.0,0.0
299,70-74,new_vaccine,0.0,0.0,0.0,0.0
299,75+,unvaccinated,334.0,150.66666666666666,6.666666666666667,1.0
299,75+,old_vaccine,0.0,0.0,0.0,0.0
299,75+,new_vaccine,0.0,0.0,0.0,0.0
300,0-4,unvaccinated,25.666666666666668,342.3333333333333,0.0,0.0
300,0-4,old_vaccine,0.0,0.0,0.0,0.0
300,0-4,new_vaccine,0.0,0.0,0.0,0.0
300,5-9,unvaccinated,5.333333333333333,387.3333333333333,0.0,0.0
300,5-9,old_vaccine,0.0,0.0,0.0,0.0
300,5-9,new_vaccine,0.0,0.0,0.0,0.0
300,10-14,unvaccinated,8.333333333333334,389.0,0.0,0.0
300,10-14,old_vaccine,0.0,0.0,0.0,0.0
300,10-14,new_vaccine,0.0,0.0,0.0,0.0
300,15-19,unvaccinated,7.0,362.0,0.0,0.0
300,15-19,old_vaccine,0.0,0.0,0.0,0.0
300,15-19,new_vaccine,0.0,0.0,0.0,0.0
300,20-24,unvaccinated,32.333333333333336,370.0,0.0,0.0
300,20-24,old_vaccine,0.0,0.0,0.0,0.0
300,20-24,new_vaccine,0.0,0.0,0.0,0.0
300,25-29,unvaccinated,50.333333333333336,421.3333333333333,0.0,0.0
300,25-29,old_vaccine,0.0,0.0,0.0,0.0
300,25-29,new_vaccine,0.0,0.0,0.0,0.0
300,30-34,unvaccinated,50.333333333333336,431.0,0.3333333333333333,0.0
300,30-34,old_vaccine,0.0,0.0,0.0,0.0
300,30-34,new_vaccine,0.0,0.0,0.0,0.0
300,35-39,unvaccinated,44.0,421.6666666666667,0.0,0.0
300,35-39,old_vaccine,0.0,0.0,0.0,0.0
300,35-39,new_vaccine,0.0,0.0,0.0,0.0
300,40-44,unvaccinated,45.0,394.6666666666667,0.0,0.0
300,40-44,old_vaccine,0.0,0.0,0.0,0.0
300,40-44,new_vaccine,0.0,0.0,0.0,0.0
300,45-49,unvaccinated,57.333333333333336,407.0,1.0,0.0
300,45-49,old_vaccine,0.0,0.0,0.0,0.0
300,45-49,new_vaccine,0.0,0.0,0.0,0.0
300,50-54,unvaccinated,94.0,386.6666666666667,2.0,0.3333333333333333
300,50-54,old_vaccine,0.0,0.0,0.0,0.0
300,50-54,new_vaccine,0.0,0.0,0.0,0.0
300,55-59,unvaccinated,108.66666666666667,358.0,1.0,0.0
300,55-59,old_vaccine,0.0,0.0,0.0,0.0
300,55-59,new_vaccine,0.0,0.0,0.0,0.0
300,60-64,unvaccinated,115.33333333333333,272.0,1.0,0.0
300,60-64,old_vaccine,0.0,0.0,0.0,0.0
300,60-64,new_vaccine,0.0,0.0,0.0,0.0
300,65-69,unvaccinated,172.0,166.33333333333334,0.6666666666666666,0.6666666666666666
300,65-69,old_vaccine,0.0,0.0,0.0,0.0
300,65-69,new_vaccine,0.0,0.0,0.0,0.0
300,70-74,unvaccinated,205.66666666666666,118.0,2.6666666666666665,0.6666666666666666
300,70-74,old_vaccine,0.0,0.0,0.0,0.0
300,70-74,new_vaccine,0.0,0.0,0.0,0.0
300,75+,unvaccinated,321.0,160.33333333333334,5.333333333333333,1.6666666666666667
300,75+,old_vaccine,0.0,0.0,0.0,0.0
300,75+,new_vaccine,0.0,0.0,0.0,0.0
301,0-4,unvaccinated,22.0,355.6666666666667,0.3333333333333333,0.0
301,0-4,old_vaccine,0.0,0.0,0.0,0.0
301,0-4,new_vaccine,0.0,0.0,0.0,0.0
301,5-9,unvaccinated,6.333333333333333,401.6666666666667,0.0,0.0
301,5-9,old_vaccine,0.0,0.0,0.0,0.0
301,5-9,new_vaccine,0.0,0.0,0.0,0.0
301,10-14,unvaccinated,11.333333333333334,392.6666666666667,0.0,0.0
301,10-14,old_vaccine,0.0,0.0,0.0,0.0
301,10-14,new_vaccine,0.0,0.0,0.0,0.0
301,15-19,unvaccinated,8.0,357.0,0.0,0.0
301,15-19,old_vaccine,0.0,0.0,0.0,0.0
301,15-19,new_vaccine,0.0,0.0,0.0,0.0
301,20-24,unvaccinated,25.333333333333332,389.3333333333333,0.0,0.0
301,20-24,old_vaccine,0.0,0.0,0.0,0.0
301,20-24,new_vaccine,0.0,0.0,0.0,0.0
301,25-29,unvaccinated,48.0,429.0,0.0,0.0
301,25-29,old_vaccine,0.0,0.0,0.0,0.0
301,25-29,new_vaccine,0.0,0.0,0.0,0.0
301,30-34,unvaccinated,46.0,429.3333333333333,0.0,0.0
301,30-34,old_vaccine,0.0,0.0,0.0,0.0
301,30-34,new_vaccine,0.0,0.0,0.0,0.0
301,35-39,unvaccinated,46.666666666666664,416.3333333333333,0.3333333333333333,0.0
301,35-39,old_vaccine,0.0,0.0,0.0,0.0
301,35-39,new_vaccine,0.0,0.0,0.0,0.0
301,40-44,unvaccinated,47.333333333333336,414.0,0.0,0.0
301,40-44,old_vaccine,0.0,0.0,0.0,0.0
301,40-44,new_vaccine,0.0,0.0,0.0,0.0
301,45-49,unvaccinated,51.666666666666664,403.0,0.3333333333333333,0.0
301,45-49,old_vaccine,0.0,0.0,0.0,0.0
301,45-49,new_vaccine,0.0,0.0,0.0,0.0
301,50-54,unvaccinated,90.33333333333333,390.3333333333333,0.6666666666666666,0.0
301,50-54,old_vaccine,0.0,0.0,0.0,0.0
301,50-54,new_vaccine,0.0,0.0,0.0,0.0
301,55-59,unvaccinated,119.0,344.6666666666667,2.0,0.0
301,55-59,old_vaccine,0.0,0.0,0.0,0.0
301,55-59,new_vaccine,0.0,0.0,0.0,0.0
301,60-64,unvaccinated,115.66666666666667,275.6666666666667,2.0,0.6666666666666666
301,60-64,old_vaccine,0.0,0.0,0.0,0.0
301,60-64,new_vaccine,0.0,0.0,0.0,0.0
301,65-69,unvaccinated,187.0,159.66666666666666,4.0,0.3333333333333333
301,65-69,old_vaccine,0.0,0.0,0.0,0.0
301,65-69,new_vaccine,0.0,0.0,0.0,0.0
301,70-74,unvaccinated,194.66666666666666,116.33333333333333,2.6666666666666665,0.6666666666666666
301,70-74,old_vaccine,0.0,0.0,0.0,0.0
301,70-74,new_vaccine,0.0,0.0,0.0,0.0
301,75+,unvaccinated,331.0,160.66666666666666,5.333333333333333,2.0
301,75+,old_vaccine,0.0,0.0,0.0,0.0
301,75+,new_vaccine,0.0,0.0,0.0,0.0
302,0-4,unvaccinated,30.0,368.0,0.0,0.0
302,0-4,old_vaccine,0.0,0.0,0.0,0.0
302,0-4,new_vaccine,0.0,0.0,0.0,0.0
302,5-9,unvaccinated,5.666666666666667,396.0,0.0,0.0
302,5-9,old_vaccine,0.0,0.0,0.0,0.0
302,5-9,new_vaccine,0.0,0.0,0.0,0.0
302,10-14,unvaccinated,8.333333333333334,385.3333333333333,0.0,0.0
302,10-14,old_vaccine,0.0,0.0,0.0,0.0
302,10-14,new_vaccine,0.0,0.0,0.0,0.0
302,15-19,unvaccinated,6.666666666666667,363.0,0.0,0.0
302,15-19,old_vaccine,0.0,0.0,0.0,0.0
302,15-19,new_vaccine,0.0,0.0,0.0,0.0
302,20-24,unvaccinated,24.0,381.6666666666667,0.3333333333333333,0.0
302,20-24,old_vaccine,0.0,0.0,0.0,0.0
302,20-24,new_vaccine,0.0,0.0,0.0,0.0
302,25-29,unvaccinated,49.333333333333336,424.6666666666667,0.0,0.0
302,25-29,old_vaccine,0.0,0.0,0.0,0.0
302,25-29,new_vaccine,0.0,0.0,0.0,0.0
302,30-34,unvaccinated,50.0,404.6666666666667,0.0,0.0
302,30-34,old_vaccine,0.0,0.0,0.0,0.0
302,30-34,new_vaccine,0.0,0.0,0.0,0.0
302,35-39,unvaccinated,48.333333333333336,441.3333333333333,0.3333333333333333,0.0
302,35-39,old_vaccine,0.0,0.0,0.0,0.0
302,35-39,new_vaccine,0.0,0.0,0.0,0.0
302,40-44,unvaccinated,40.333333333333336,432.0,0.3333333333333333,0.0
302,40-44,old_vaccine,0.0,0.0,0.0,0.0
302,40-44,new_vaccine,0.0,0.0,0.0,0.0
302,45-49,unvaccinated,53.0,393.6666666666667,0.6666666666666666,0.3333333333333333
302,45-49,old_vaccine,0.0,0.0,0.0,0.0
302,45-49,new_vaccine,0.0,0.0,0.0,0.0
302,50-54,unvaccinated,94.66666666666667,402.0,1.3333333333333333,0.3333333333333333
302,50-54,old_vaccine,0.0,0.0,0.0,0.0
302,50-54,new_vaccine,0.0,0.0,0.0,0.0
302,55-59,unvaccinated,116.66666666666667,360.3333333333333,0.6666666666666666,0.0
302,55-59,old_vaccine,0.0,0.0,0.0,0.0
302,55-59,new_vaccine,0.0,0.0,0.0,0.0
302,60-64,unvaccinated,113.0,271.3333333333333,0.3333333333333333,0.3333333333333333
302,60-64,old_vaccine,0.0,0.0,0.0,0.0
302,60-64,new_vaccine,0.0,0.0,0.0,0.0
302,65-69,unvaccinated,170.33333333333334,145.33333333333334,3.3333333333333335,0.0
302,65-69,old_vaccine,0.0,0.0,0.0,0.0
302,65-69,new_vaccine,0.0,0.0,0.0,0.0
302,70-74,unvaccinated,197.33333333333334,115.66666666666667,5.666666666666667,0.0
302,70-74,old_vaccine,0.0,0.0,0.0,0.0
302,70-74,new_vaccine,0.0,0.0,0.0,0.0
302,75+,unvaccinated,319.6666666666667,155.66666666666666,7.333333333333333,2.3333333333333335
302,75+,old_vaccine,0.0,0.0,0.0,0.0
302,75+,new_vaccine,0.0,0.0,0.0,0.0
303,0-4,unvaccinated,30.333333333333332,347.3333333333333,1.0,0.0
303,0-4,old_vaccine,0.0,0.0,0.0,0.0
303,0-4,new_vaccine,0.0,0.0,0.0,0.0
303,5-9,unvaccinated,4.666666666666667,408.3333333333333,0.0,0.0
303,5-9,old_vaccine,0.0,0.0,0.0,0.0
303,5-9,new_vaccine,0.0,0.0,0.0,0.0
303,10-14,unvaccinated,5.0,400.0,0.0,0.0
303,10-14,old_vaccine,0.0,0.0,0.0,0.0
303,10-14,new_vaccine,0.0,0.0,0.0,0.0
303,15-19,unvaccinated,9.333333333333334,362.0,0.0,0.0
303,15-19,old_vaccine,0.0,0.0,0.0,0.0
303,15-19,new_vaccine,0.0,0.0,0.0,0.0
303,20-24,unvaccinated,32.666666666666664,395.3333333333333,0.0,0.0
303,20-24,old_vaccine,0.0,0.0,0.0,0.0
303,20-24,new_vaccine,0.0,0.0,0.0,0.0
303,25-29,unvaccinated,47.333333333333336,417.6666666666667,0.0,0.0
303,25-29,old_vaccine,0.0,0.0,0.0,0.0
303,25-29,new_vaccine,0.0,0.0,0.0,0.0
303,30-34,unvaccinated,54.333333333333336,446.6666666666667,0.3333333333333333,0.0
303,30-34,old_vaccine,0.0,0.0,0.0,0.0
303,30-34,new_vaccine,0.0,0.0,0.0,0.0
303,35-39,unvaccinated,43.333333333333336,429.6666666666667,0.0,0.0
303,35-39,old_vaccine,0.0,0.0,0.0,0.0
303,35-39,new_vaccine,0.0,0.0,0.0,0.0
303,40-44,unvaccinated,45.0,395.0,0.0,0.0
303,40-44,old_vaccine,0.0,0.0,0.0,0.0
303,40-44,new_vaccine,0.0,0.0,0.0,0.0
303,45-49,unvaccinated,57.666666666666664,380.3333333333333,1.0,0.0
303,45-49,old_vaccine,0.0,0.0,0.0,0.0
303,45-49,new_vaccine,0.0,0.0,0.0,0.0
303,50-54,unvaccinated,101.66666666666667,385.6666666666667,2.0,0.3333333333333333
303,50-54,old_vaccine,0.0,0.0,0.0,0.0
303,50-54,new_vaccine,0.0,0.0,0.0,0.0
303,55-59,unvaccinated,113.0,335.3333333333333,1.3333333333333333,0.0
303,55-59,old_vaccine,0.0,0.0,0.0,0.0
303,55-59,new_vaccine,0.0,0.0,0.0,0.0
303,60-64,unvaccinated,119.33333333333333,286.3333333333333,1.3333333333333333,0.3333333333333333
303,60-64,old_vaccine,0.0,0.0,0.0,0.0
303,60-64,new_vaccine,0.0,0.0,0.0,0.0
303,65-69,unvaccinated,175.33333333333334,146.66666666666666,2.0,0.3333333333333333
303,65-69,old_vaccine,0.0,0.0,0.0,0.0
303,65-69,new_vaccine,0.0,0.0,0.0,0.0
303,70-74,unvaccinated,194.66666666666666,109.66666666666667,3.6666666666666665,0.3333333333333333
303,70-74,old_vaccine,0.0,0.0,0.0,0.0
303,70-74,new_vaccine,0.0,0.0,0.0,0.0
303,75+,unvaccinated,324.6666666666667,171.0,7.333333333333333,3.0
303,75+,old_vaccine,0.0,0.0,0.0,0.0
303,75+,new_vaccine,0.0,0.0,0.0,0.0
304,0-4,unvaccinated,23.333333333333332,350.3333333333333,0.3333333333333333,0.0
304,0-4,old_vaccine,0.0,0.0,0.0,0.0
304,0-4,new_vaccine,0.0,0.0,0.0,0.0
304,5-9,unvaccinated,6.0,382.6666666666667,0.0,0.0
304,5-9,old_vaccine,0.0,0.0,0.0,0.0
304,5-9,new_vaccine,0.0,0.0,0.0,0.0
304,10-14,unvaccinated,6.666666666666667,356.6666666666667,0.3333333333333333,0.0
304,10-14,old_vaccine,0.0,0.0,0.0,0.0
304,10-14,new_vaccine,0.0,0.0,0.0,0.0
304,15-19,unvaccinated,9.0,342.6666666666667,0.0,0.0
304,15-19,old_vaccine,0.0,0.0,0.0,0.0
304,15-19,new_vaccine,0.0,0.0,0.0,0.0
304,20-24,unvaccinated,29.0,379.3333333333333,0.3333333333333333,0.0
304,20-24,old_vaccine,0.0,0.0,0.0,0.0
304,20-24,new_vaccine,0.0,0.0,0.0,0.0
304,25-29,unvaccinated,46.333333333333336,428.0,0.0,0.0
304,25-29,old_vaccine,0.0,0.0,0.0,0.0
304,25-29,new_vaccine,0.0,0.0,0.0,0.0
304,30-34,unvaccinated,45.0,411.3333333333333,0.3333333333333333,0.0
304,30-34,old_vaccine,0.0,0.0,0.0,0.0
304,30-34,new_vaccine,0.0,0.0,0.0,0.0
304,35-39,unvaccinated,48.333333333333336,431.0,0.6666666666666666,0.0
304,35-39,old_vaccine,0.0,0.0,0.0,0.0
304,35-39,new_vaccine,0.0,0.0,0.0,0.0
304,40-44,unvaccinated,45.333333333333336,404.3333333333333,0.0,0.0
304,40-44,old_vaccine,0.0,0.0,0.0,0.0
304,40-44,new_vaccine,0.0,0.0,0.0,0.0
304,45-49,unvaccinated,54.666666666666664,383.3333333333333,1.0,0.0
304,45-49,old_vaccine,0.0,0.0,0.0,0.0
304,45-49,new_vaccine,0.0,0.0,0.0,0.0
304,50-54,unvaccinated,97.0,381.3333333333333,0.6666666666666666,0.3333333333333333
304,50-54,old_vaccine,0.0,0.0,0.0,0.0
304,50-54,new_vaccine,0.0,0.0,0.0,0.0
304,55-59,unvaccinated,116.66666666666667,344.3333333333333,0.6666666666666666,0.0
304,55-59,old_vaccine,0.0,0.0,0.0,0.0
304,55-59,new_vaccine,0.0,0.0,0.0,0.0
304,60-64,unvaccinated,128.0,281.3333333333333,0.3333333333333333,0.0
304,60-64,old_vaccine,0.0,0.0,0.0,0.0
304,60-64,new_vaccine,0.0,0.0,0.0,0.0
304,65-69,unvaccinated,174.66666666666666,149.66666666666666,1.3333333333333333,0.3333333333333333
304,65-69,old_vaccine,0.0,0.0,0.0,0.0
304,65-69,new_vaccine,0.0,0.0,0.0,0.0
304,70-74,unvaccinated,209.0,111.0,4.0,1.3333333333333333
304,70-74,old_vaccine,0.0,0.0,0.0,0.0
304,70-74,new_vaccine,0.0,0.0,0.0,0.0
304,75+,unvaccinated,322.3333333333333,145.66666666666666,6.333333333333333,1.3333333333333333
304,75+,old_vaccine,0.0,0.0,0.0,0.0
304,75+,new_vaccine,0.0,0.0,0.0,0.0
305,0-4,unvaccinated,26.0,354.6666666666667,0.0,0.0
305,0-4,old_vaccine,0.0,0.0,0.0,0.0
305,0-4,new_vaccine,0.0,0.0,0.0,0.0
305,5-9,unvaccinated,6.333333333333333,413.6666666666667,0.0,0.0
305,5-9,old_vaccine,0.0,0.0,0.0,0.0
305,5-9,new_vaccine,0.0,0.0,0.0,0.0
305,10-14,unvaccinated,8.666666666666666,364.6666666666667,0.0,0.0
305,10-14,old_vaccine,0.0,0.0,0.0,0.0
305,10-14,new_vaccine,0.0,0.0,0.0,0.0
305,15-19,unvaccinated,8.666666666666666,368.6666666666667,0.3333333333333333,0.0
305,15-19,old_vaccine,0.0,0.0,0.0,0.0
305,15-19,new_vaccine,0.0,0.0,0.0,0.0
305,20-24,unvaccinated,33.333333333333336,388.3333333333333,0.3333333333333333,0.0
305,20-24,old_vaccine,0.0,0.0,0.0,0.0
305,20-24,new_vaccine,0.0,0.0,0.0,0.0
305,25-29,unvaccinated,53.0,420.6666666666667,0.0,0.0
305,25-29,old_vaccine,0.0,0.0,0.0,0.0
305,25-29,new_vaccine,0.0,0.0,0.0,0.0
305,30-34,unvaccinated,50.333333333333336,426.6666666666667,0.3333333333333333,0.0
305,30-34,old_vaccine,0.0,0.0,0.0,0.0
305,30-34,new_vaccine,0.0,0.0,0.0,0.0
305,35-39,unvaccinated,45.666666666666664,417.3333333333333,0.0,0.0
305,35-39,old_vaccine,0.0,0.0,0.0,0.0
305,35-39,new_vaccine,0.0,0.0,0.0,0.0
305,40-44,unvaccinated,40.333333333333336,419.3333333333333,1.0,0.0
305,40-44,old_vaccine,0.0,0.0,0.0,0.0
305,40-44,new_vaccine,0.0,0.0,0.0,0.0
305,45-49,unvaccinated,60.333333333333336,397.0,1.3333333333333333,0.0
305,45-49,old_vaccine,0.0,0.0,0.0,0.0
305,45-49,new_vaccine,0.0,0.0,0.0,0.0
305,50-54,unvaccinated,93.0,383.3333333333333,1.6666666666666667,0.0
305,50-54,old_vaccine,0.0,0.0,0.0,0.0
305,50-54,new_vaccine,0.0,0.0,0.0,0.0
305,55-59,unvaccinated,112.66666666666667,344.3333333333333,1.0,0.0
305,55-59,old_vaccine,0.0,0.0,0.0,0.0
305,55-59,new_vaccine,0.0,0.0,0.0,0.0
305,60-64,unvaccinated,113.33333333333333,274.3333333333333,1.3333333333333333,0.3333333333333333
305,60-64,old_vaccine,0.0,0.0,0.0,0.0
305,60-64,new_vaccine,0.0,0.0,0.0,0.0
305,65-69,unvaccinated,180.0,155.33333333333334,3.3333333333333335,0.3333333333333333
305,65-69,old_vaccine,0.0,0.0,0.0,0.0
305,65-69,new_vaccine,0.0,0.0,0.0,0.0
305,70-74,unvaccinated,190.66666666666666,112.33333333333333,3.6666666666666665,0.6666666666666666
305,70-74,old_vaccine,0.0,0.0,0.0,0.0
305,70-74,new_vaccine,0.0,0.0,0.0,0.0
305,75+,unvaccinated,298.6666666666667,146.0,5.666666666666667,2.0
305,75+,old_vaccine,0.0,0.0,0.0,0.0
305,75+,new_vaccine,0.0,0.0,0.0,0.0
306,0-4,unvaccinated,22.333333333333332,344.6666666666667,0.0,0.0
306,0-4,old_vaccine,0.0,0.0,0.0,0.0
306,0-4,new_vaccine,0.0,0.0,0.0,0.0
306,5-9,unvaccinated,5.333333333333333,407.3333333333333,0.0,0.0
306,5-9,old_vaccine,0.0,0.0,0.0,0.0
306,5-9,new_vaccine,0.0,0.0,0.0,0.0
306,10-14,unvaccinated,5.666666666666667,382.3333333333333,0.0,0.0
306,10-14,old_vaccine,0.0,0.0,0.0,0.0
306,10-14,new_vaccine,0.0,0.0,0.0,0.0
306,15-19,unvaccinated,10.666666666666666,354.3333333333333,0.0,0.0
306,15-19,old_vaccine,0.0,0.0,0.0,0.0
306,15-19,new_vaccine,0.0,0.0,0.0,0.0
306,20-24,unvaccinated,25.0,395.6666666666667,0.0,0.0
306,20-24,old_vaccine,0.0,0.0,0.0,0.0
306,20-24,new_vaccine,0.0,0.0,0.0,0.0
306,25-29,unvaccinated,45.333333333333336,407.6666666666667,0.0,0.0
306,25-29,old_vaccine,0.0,0.0,0.0,0.0
306,25-29,new_vaccine,0.0,0.0,0.0,0.0
306,30-34,unvaccinated,54.666666666666664,442.0,0.0,0.0
306,30-34,old_vaccine,0.0,0.0,0.0,0.0
306,30-34,new_vaccine,0.0,0.0,0.0,0.0
306,35-39,unvaccinated,45.333333333333336,415.0,0.0,0.0
306,35-39,old_vaccine,0.0,0.0,0.0,0.0
306,35-39,new_vaccine,0.0,0.0,0.0,0.0
306,40-44,unvaccinated,44.333333333333336,423.0,0.3333333333333333,0.0
306,40-44,old_vaccine,0.0,0.0,0.0,0.0
306,40-44,new_vaccine,0.0,0.0,0.0,0.0
306,45-49,unvaccinated,52.333333333333336,383.0,0.6666666666666666,0.0
306,45-49,old_vaccine,0.0,0.0,0.0,0.0
306,45-49,new_vaccine,0.0,0.0,0.0,0.0
306,50-54,unvaccinated,88.66666666666667,395.0,0.3333333333333333,0.0
306,50-54,old_vaccine,0.0,0.0,0.0,0.0
306,50-54,new_vaccine,0.0,0.0,0.0,0.0
306,55-59,unvaccinated,125.66666666666667,353.3333333333333,1.6666666666666667,0.0
306,55-59,old_vaccine,0.0,0.0,0.0,0.0
306,55-59,new_vaccine,0.0,0.0,0.0,0.0
306,60-64,unvaccinated,104.0,284.0,1.3333333333333333,0.6666666666666666
306,60-64,old_vaccine,0.0,0.0,0.0,0.0
306,60-64,new_vaccine,0.0,0.0,0.0,0.0
306,65-69,unvaccinated,160.66666666666666,156.33333333333334,4.333333333333333,0.3333333333333333
306,65-69,old_vaccine,0.0,0.0,0.0,0.0
306,65-69,new_vaccine,0.0,0.0,0.0,0.0
306,70-74,unvaccinated,193.0,112.66666666666667,3.6666666666666665,0.3333333333333333
306,70-74,old_vaccine,0.0,0.0,0.0,0.0
306,70-74,new_vaccine,0.0,0.0,0.0,0.0
306,75+,unvaccinated,315.6666666666667,150.33333333333334,4.666666666666667,3.0
306,75+,old_vaccine,0.0,0.0,0.0,0.0
306,75+,new_vaccine,0.0,0.0,0.0,0.0
307,0-4,unvaccinated,25.666666666666668,329.6666666666667,0.0,0.0
307,0-4,old_vaccine,0.0,0.0,0.0,0.0
307,0-4,new_vaccine,0.0,0.0,0.0,0.0
307,5-9,unvaccinated,6.666666666666667,405.3333333333333,0.0,0.0
307,5-9,old_vaccine,0.0,0.0,0.0,0.0
307,5-9,new_vaccine,0.0,0.0,0.0,0.0
307,10-14,unvaccinated,7.333333333333333,387.6666666666667,0.0,0.0
307,10-14,old_vaccine,0.0,0.0,0.0,0.0
307,10-14,new_vaccine,0.0,0.0,0.0,0.0
307,15-19,unvaccinated,9.666666666666666,384.3333333333333,0.0,0.0
307,15-19,old_vaccine,0.0,0.0,0.0,0.0
307,15-19,new_vaccine,0.0,0.0,0.0,0.0
307,20-24,unvaccinated,26.0,390.0,0.0,0.0
307,20-24,old_vaccine,0.0,0.0,0.0,0.0
307,20-24,new_vaccine,0.0,0.0,0.0,0.0
307,25-29,unvaccinated,47.666666666666664,439.6666666666667,0.3333333333333333,0.0
307,25-29,old_vaccine,0.0,0.0,0.0,0.0
307,25-29,new_vaccine,0.0,0.0,0.0,0.0
307,30-34,unvaccinated,53.333333333333336,431.6666666666667,0.0,0.0
307,30-34,old_vaccine,0.0,0.0,0.0,0.0
307,30-34,new_vaccine,0.0,0.0,0.0,0.0
307,35-39,unvaccinated,38.0,428.6666666666667,0.6666666666666666,0.0
307,35-39,old_vaccine,0.0,0.0,0.0,0.0
307,35-39,new_vaccine,0.0,0.0,0.0,0.0
307,40-44,unvaccinated,53.0,419.0,0.6666666666666666,0.0
307,40-44,old_vaccine,0.0,0.0,0.0,0.0
307,40-44,new_vaccine,0.0,0.0,0.0,0.0
307,45-49,unvaccinated,60.333333333333336,416.0,1.0,0.0
307,45-49,old_vaccine,0.0,0.0,0.0,0.0
307,45-49,new_vaccine,0.0,0.0,0.0,0.0
307,50-54,unvaccinated,89.66666666666667,384.6666666666667,0.3333333333333333,0.0
307,50-54,old_vaccine,0.0,0.0,0.0,0.0
307,50-54,new_vaccine,0.0,0.0,0.0,0.0
307,55-59,unvaccinated,130.66666666666666,350.0,2.3333333333333335,0.0
307,55-59,old_vaccine,0.0,0.0,0.0,0.0
307,55-59,new_vaccine,0.0,0.0,0.0,0.0
307,60-64,unvaccinated,100.66666666666667,289.6666666666667,2.6666666666666665,0.3333333333333333
307,60-64,old_vaccine,0.0,0.0,0.0,0.0
307,60-64,new_vaccine,0.0,0.0,0.0,0.0
307,65-69,unvaccinated,174.33333333333334,157.66666666666666,3.0,0.3333333333333333
307,65-69,old_vaccine,0.0,0.0,0.0,0.0
307,65-69,new_vaccine,0.0,0.0,0.0,0.0
307,70-74,unvaccinated,203.0,115.33333333333333,1.6666666666666667,0.6666666666666666
307,70-74,old_vaccine,0.0,0.0,0.0,0.0
307,70-74,new_vaccine,0.0,0.0,0.0,0.0
307,75+,unvaccinated,316.0,169.66666666666666,6.0,2.0
307,75+,old_vaccine,0.0,0.0,0.0,0.0
307,75+,new_vaccine,0.0,0.0,0.0,0.0
308,0-4,unvaccinated,32.333333333333336,342.6666666666667,0.0,0.0
308,0-4,old_vaccine,0.0,0.0,0.0,0.0
308,0-4,new_vaccine,0.0,0.0,0.0,0.0
308,5-9,unvaccinated,7.0,385.6666666666667,0.3333333333333333,0.0
308,5-9,old_vaccine,0.0,0.0,0.0,0.0
308,5-9,new_vaccine,0.0,0.0,0.0,0.0
308,10-14,unvaccinated,8.0,373.3333333333333,0.0,0.0
308,10-14,old_vaccine,0.0,0.0,0.0,0.0
308,10-14,new_vaccine,0.0,0.0,0.0,0.0
308,15-19,unvaccinated,10.333333333333334,374.3333333333333,0.0,0.0
308,15-19,old_vaccine,0.0,0.0,0.0,0.0
308,15-19,new_vaccine,0.0,0.0,0.0,0.0
308,20-24,unvaccinated,29.666666666666668,393.6666666666667,0.0,0.0
308,20-24,old_vaccine,0.0,0.0,0.0,0.0
308,20-24,new_vaccine,0.0,0.0,0.0,0.0
308,25-29,unvaccinated,48.0,412.3333333333333,0.0,0.0
308,25-29,old_vaccine,0.0,0.0,0.0,0.0
308,25-29,new_vaccine,0.0,0.0,0.0,0.0
308,30-34,unvaccinated,47.333333333333336,443.6666666666667,0.0,0.0
308,30-34,old_vaccine,0.0,0.0,0.0,0.0
308,30-34,new_vaccine,0.0,0.0,0.0,0.0
308,35-39,unvaccinated,50.0,435.3333333333333,0.6666666666666666,0.0
308,35-39,old_vaccine,0.0,0.0,0.0,0.0
308,35-39,new_vaccine,0.0,0.0,0.0,0.0
308,40-44,unvaccinated,46.333333333333336,417.0,0.0,0.0
308,40-44,old_vaccine,0.0,0.0,0.0,0.0
308,40-44,new_vaccine,0.0,0.0,0.0,0.0
308,45-49,unvaccinated,63.333333333333336,389.6666666666667,0.6666666666666666,0.3333333333333333
308,45-49,old_vaccine,0.0,0.0,0.0,0.0
308,45-49,new_vaccine,0.0,0.0,0.0,0.0
308,50-54,unvaccinated,94.33333333333333,393.3333333333333,1.0,0.0
308,50-54,old_vaccine,0.0,0.0,0.0,0.0
308,50-54,new_vaccine,0.0,0.0,0.0,0.0
308,55-59,unvaccinated,124.0,361.0,1.3333333333333333,0.0
308,55-59,old_vaccine,0.0,0.0,0.0,0.0
308,55-59,new_vaccine,0.0,0.0,0.0,0.0
308,60-64,unvaccinated,114.0,284.3333333333333,1.6666666666666667,0.0
308,60-64,old_vaccine,0.0,0.0,0.0,0.0
308,60-64,new_vaccine,0.0,0.0,0.0,0.0
308,65-69,unvaccinated,173.66666666666666,149.0,4.333333333333333,0.3333333333333333
308,65-69,old_vaccine,0.0,0.0,0.0,0.0
308,65-69,new_vaccine,0.0,0.0,0.0,0.0
308,70-74,unvaccinated,194.0,125.0,2.6666666666666665,0.3333333333333333
308,70-74,old_vaccine,0.0,0.0,0.0,0.0
308,70-74,new_vaccine,0.0,0.0,0.0,0.0
308,75+,unvaccinated,307.3333333333333,161.33333333333334,4.666666666666667,2.6666666666666665
308,75+,old_vaccine,0.0,0.0,0.0,0.0
308,75+,new_vaccine,0.0,0.0,0.0,0.0
309,0-4,unvaccinated,24.333333333333332,332.6666666666667,0.6666666666666666,0.0
309,0-4,old_vaccine,0.0,0.0,0.0,0.0
309,0-4,new_vaccine,0.0,0.0,0.0,0.0
309,5-9,unvaccinated,6.0,402.0,0.0,0.0
309,5-9,old_vaccine,0.0,0.0,0.0,0.0
309,5-9,new_vaccine,0.0,0.0,0.0,0.0
309,10-14,unvaccinated,9.333333333333334,398.6666666666667,0.0,0.0
309,10-14,old_vaccine,0.0,0.0,0.0,0.0
309,10-14,new_vaccine,0.0,0.0,0.0,0.0
309,15-19,unvaccinated,8.666666666666666,365.0,0.0,0.0
309,15-19,old_vaccine,0.0,0.0,0.0,0.0
309,15-19,new_vaccine,0.0,0.0,0.0,0.0
309,20-24,unvaccinated,24.0,379.0,0.6666666666666666,0.0
309,20-24,old_vaccine,0.0,0.0,0.0,0.0
309,20-24,new_vaccine,0.0,0.0,0.0,0.0
309,25-29,unvaccinated,50.0,440.0,0.3333333333333333,0.0
309,25-29,old_vaccine,0.0,0.0,0.0,0.0
309,25-29,new_vaccine,0.0,0.0,0.0,0.0
309,30-34,unvaccinated,54.0,446.3333333333333,0.0,0.0
309,30-34,old_vaccine,0.0,0.0,0.0,0.0
309,30-34,new_vaccine,0.0,0.0,0.0,0.0
309,35-39,unvaccinated,47.0,435.3333333333333,0.0,0.0
309,35-39,old_vaccine,0.0,0.0,0.0,0.0
309,35-39,new_vaccine,0.0,0.0,0.0,0.0
309,40-44,unvaccinated,53.666666666666664,410.0,0.3333333333333333,0.0
309,40-44,old_vaccine,0.0,0.0,0.0,0.0
309,40-44,new_vaccine,0.0,0.0,0.0,0.0
309,45-49,unvaccinated,59.666666666666664,407.3333333333333,0.3333333333333333,0.0
309,45-49,old_vaccine,0.0,0.0,0.0,0.0
309,45-49,new_vaccine,0.0,0.0,0.0,0.0
309,50-54,unvaccinated,84.0,405.0,0.6666666666666666,0.0
309,50-54,old_vaccine,0.0,0.0,0.0,0.0
309,50-54,new_vaccine,0.0,0.0,0.0,0.0
309,55-59,unvaccinated,115.0,323.6666666666667,1.6666666666666667,0.3333333333333333
309,55-59,old_vaccine,0.0,0.0,0.0,0.0
309,55-59,new_vaccine,0.0,0.0,0.0,0.0
309,60-64,unvaccinated,124.33333333333333,287.3333333333333,2.3333333333333335,1.0
309,60-64,old_vaccine,0.0,0.0,0.0,0.0
309,60-64,new_vaccine,0.0,0.0,0.0,0.0
309,65-69,unvaccinated,160.33333333333334,147.33333333333334,4.0,0.0
309,65-69,old_vaccine,0.0,0.0,0.0,0.0
309,65-69,new_vaccine,0.0,0.0,0.0,0.0
309,70-74,unvaccinated,194.66666666666666,114.33333333333333,2.6666666666666665,0.3333333333333333
309,70-74,old_vaccine,0.0,0.0,0.0,0.0
309,70-74,new_vaccine,0.0,0.0,0.0,0.0
309,75+,unvaccinated,322.6666666666667,149.33333333333334,4.333333333333333,1.0
309,75+,old_vaccine,0.0,0.0,0.0,0.0
309,75+,new_vaccine,0.0,0.0,0.0,0.0
310,0-4,unvaccinated,19.666666666666668,333.6666666666667,0.3333333333333333,0.0
310,0-4,old_vaccine,0.0,0.0,0.0,0.0
310,0-4,new_vaccine,0.0,0.0,0.0,0.0
310,5-9,unvaccinated,7.333333333333333,412.6666666666667,0.0,0.0
310,5-9,old_vaccine,0.0,0.0,0.0,0.0
310,5-9,new_vaccine,0.0,0.0,0.0,0.0
310,10-14,unvaccinated,7.666666666666667,387.6666666666667,0.0,0.0
310,10-14,old_vaccine,0.0,0.0,0.0,0.0
310,10-14,new_vaccine,0.0,0.0,0.0,0.0
310,15-19,unvaccinated,8.666666666666666,366.0,0.0,0.0
310,15-19,old_vaccine,0.0,0.0,0.0,0.0
310,15-19,new_vaccine,0.0,0.0,0.0,0.0
310,20-24,unvaccinated,30.333333333333332,398.6666666666667,0.0,0.0
310,20-24,old_vaccine,0.0,0.0,0.0,0.0
310,20-24,new_vaccine,0.0,0.0,0.0,0.0
310,25-29,unvaccinated,46.333333333333336,429.3333333333333,0.0,0.0
310,25-29,old_vaccine,0.0,0.0,0.0,0.0
310,25-29,new_vaccine,0.0,0.0,0.0,0.0
310,30-34,unvaccinated,51.0,438.0,0.3333333333333333,0.0
310,30-34,old_vaccine,0.0,0.0,0.0,0.0
310,30-34,new_vaccine,0.0,0.0,0.0,0.0
310,35-39,unvaccinated,40.0,433.3333333333333,1.0,0.0
310,35-39,old_vaccine,0.0,0.0,0.0,0.0
310,35-39,new_vaccine,0.0,0.0,0.0,0.0
310,40-44,unvaccinated,49.333333333333336,415.6666666666667,0.6666666666666666,0.0
310,40-44,old_vaccine,0.0,0.0,0.0,0.0
310,40-44,new_vaccine,0.0,0.0,0.0,0.0
310,45-49,unvaccinated,60.333333333333336,363.3333333333333,1.0,0.0
310,45-49,old_vaccine,0.0,0.0,0.0,0.0
310,45-49,new_vaccine,0.0,0.0,0.0,0.0
310,50-54,unvaccinated,91.33333333333333,386.0,0.3333333333333333,0.0
310,50-54,old_vaccine,0.0,0.0,0.0,0.0
310,50-54,new_vaccine,0.0,0.0,0.0,0.0
310,55-59,unvaccinated,115.33333333333333,361.6666666666667,1.6666666666666667,0.0
310,55-59,old_vaccine,0.0,0.0,0.0,0.0
310,55-59,new_vaccine,0.0,0.0,0.0,0.0
310,60-64,unvaccinated,118.66666666666667,288.0,1.0,0.0
310,60-64,old_vaccine,0.0,0.0,0.0,0.0
310,60-64,new_vaccine,0.0,0.0,0.0,0.0
310,65-69,unvaccinated,173.33333333333334,153.66666666666666,4.333333333333333,0.6666666666666666
310,65-69,old_vaccine,0.0,0.0,0.0,0.0
310,65-69,new_vaccine,0.0,0.0,0.0,0.0
310,70-74,unvaccinated,191.66666666666666,114.33333333333333,2.3333333333333335,1.3333333333333333
310,70-74,old_vaccine,0.0,0.0,0.0,0.0
310,70-74,new_vaccine,0.0,0.0,0.0,0.0
310,75+,unvaccinated,318.3333333333333,158.0,5.333333333333333,2.0
310,75+,old_vaccine,0.0,0.0,0.0,0.0
310,75+,new_vaccine,0.0,0.0,0.0,0.0
311,0-4,unvaccinated,23.333333333333332,348.3333333333333,0.6666666666666666,0.0
311,0-4,old_vaccine,0.0,0.0,0.0,0.0
311,0-4,new_vaccine,0.0,0.0,0.0,0.0
311,5-9,unvaccinated,5.666666666666667,398.6666666666667,0.3333333333333333,0.0
311,5-9,old_vaccine,0.0,0.0,0.0,0.0
311,5-9,new_vaccine,0.0,0.0,0.0,0.0
311,10-14,unvaccinated,8.666666666666666,405.6666666666667,0.0,0.0
311,10-14,old_vaccine,0.0,0.0,0.0,0.0
311,10-14,new_vaccine,0.0,0.0,0.0,0.0
311,15-19,unvaccinated,12.666666666666666,384.3333333333333,0.3333333333333333,0.0
311,15-19,old_vaccine,0.0,0.0,0.0,0.0
311,15-19,new_vaccine,0.0,0.0,0.0,0.0
311,20-24,unvaccinated,26.666666666666668,381.6666666666667,0.0,0.0
311,20-24,old_vaccine,0.0,0.0,0.0,0.0
311,20-24,new_vaccine,0.0,0.0,0.0,0.0
311,25-29,unvaccinated,41.333333333333336,407.3333333333333,0.3333333333333333,0.0
311,25-29,old_vaccine,0.0,0.0,0.0,0.0
311,25-29,new_vaccine,0.0,0.0,0.0,0.0
311,30-34,unvaccinated,46.666666666666664,424.3333333333333,0.3333333333333333,0.0
311,30-34,old_vaccine,0.0,0.0,0.0,0.0
311,30-34,new_vaccine,0.0,0.0,0.0,0.0
311,35-39,unvaccinated,44.666666666666664,434.6666666666667,0.0,0.0
311,35-39,old_vaccine,0.0,0.0,0.0,0.0
311,35-39,new_vaccine,0.0,0.0,0.0,0.0
311,40-44,unvaccinated,41.666666666666664,400.3333333333333,0.6666666666666666,0.0
311,40-44,old_vaccine,0.0,0.0,0.0,0.0
311,40-44,new_vaccine,0.0,0.0,0.0,0.0
311,45-49,unvaccinated,54.666666666666664,390.6666666666667,0.3333333333333333,0.3333333333333333
311,45-49,old_vaccine,0.0,0.0,0.0,0.0
311,45-49,new_vaccine,0.0,0.0,0.0,0.0
311,50-54,unvaccinated,89.66666666666667,383.6666666666667,0.6666666666666666,0.0
311,50-54,old_vaccine,0.0,0.0,0.0,0.0
311,50-54,new_vaccine,0.0,0.0,0.0,0.0
311,55-59,unvaccinated,122.0,328.0,0.3333333333333333,0.0
311,55-59,old_vaccine,0.0,0.0,0.0,0.0
311,55-59,new_vaccine,0.0,0.0,0.0,0.0
311,60-64,unvaccinated,112.66666666666667,283.6666666666667,0.6666666666666666,0.0
311,60-64,old_vaccine,0.0,0.0,0.0,0.0
311,60-64,new_vaccine,0.0,0.0,0.0,0.0
311,65-69,unvaccinated,188.66666666666666,144.33333333333334,1.3333333333333333,0.3333333333333333
311,65-69,old_vaccine,0.0,0.0,0.0,0.0
311,65-69,new_vaccine,0.0,0.0,0.0,0.0
311,70-74,unvaccinated,189.66666666666666,119.33333333333333,5.666666666666667,0.3333333333333333
311,70-74,old_vaccine,0.0,0.0,0.0,0.0
311,70-74,new_vaccine,0.0,0.0,0.0,0.0
311,75+,unvaccinated,310.3333333333333,155.33333333333334,4.333333333333333,3.3333333333333335
311,75+,old_vaccine,0.0,0.0,0.0,0.0
311,75+,new_vaccine,0.0,0.0,0.0,0.0
312,0-4,unvaccinated,26.666666666666668,345.3333333333333,0.6666666666666666,0.0
312,0-4,old_vaccine,0.0,0.0,0.0,0.0
312,0-4,new_vaccine,0.0,0.0,0.0,0.0
312,5-9,unvaccinated,9.333333333333334,390.6666666666667,0.0,0.0
312,5-9,old_vaccine,0.0,0.0,0.0,0.0
312,5-9,new_vaccine,0.0,0.0,0.0,0.0
312,10-14,unvaccinated,8.333333333333334,397.6666666666667,0.0,0.0
312,10-14,old_vaccine,0.0,0.0,0.0,0.0
312,10-14,new_vaccine,0.0,0.0,0.0,0.0
312,15-19,unvaccinated,9.333333333333334,364.6666666666667,0.0,0.0
312,15-19,old_vaccine,0.0,0.0,0.0,0.0
312,15-19,new_vaccine,0.0,0.0,0.0,0.0
312,20-24,unvaccinated,29.666666666666668,390.3333333333333,0.0,0.0
312,20-24,old_vaccine,0.0,0.0,0.0,0.0
312,20-24,new_vaccine,0.0,0.0,0.0,0.0
312,25-29,unvaccinated,47.333333333333336,442.0,0.0,0.0
312,25-29,old_vaccine,0.0,0.0,0.0,0.0
312,25-29,new_vaccine,0.0,0.0,0.0,0.0
312,30-34,unvaccinated,46.666666666666664,418.3333333333333,0.3333333333333333,0.0
312,30-34,old_vaccine,0.0,0.0,0.0,0.0
312,30-34,new_vaccine,0.0,0.0,0.0,0.0
312,35-39,unvaccinated,49.0,433.0,0.0,0.0
312,35-39,old_vaccine,0.0,0.0,0.0,0.0
312,35-39,new_vaccine,0.0,0.0,0.0,0.0
312,40-44,unvaccinated,47.666666666666664,418.3333333333333,0.0,0.0
312,40-44,old_vaccine,0.0,0.0,0.0,0.0
312,40-44,new_vaccine,0.0,0.0,0.0,0.0
312,45-49,unvaccinated,50.333333333333336,381.6666666666667,0.6666666666666666,0.0
312,45-49,old_vaccine,0.0,0.0,0.0,0.0
312,45-49,new_vaccine,0.0,0.0,0.0,0.0
312,50-54,unvaccinated,94.0,399.6666666666667,0.3333333333333333,0.0
312,50-54,old_vaccine,0.0,0.0,0.0,0.0
312,50-54,new_vaccine,0.0,0.0,0.0,0.0
312,55-59,unvaccinated,117.0,341.3333333333333,1.6666666666666667,0.0
312,55-59,old_vaccine,0.0,0.0,0.0,0.0
312,55-59,new_vaccine,0.0,0.0,0.0,0.0
312,60-64,unvaccinated,113.0,276.6666666666667,1.3333333333333333,0.6666666666666666
312,60-64,old_vaccine,0.0,0.0,0.0,0.0
312,60-64,new_vaccine,0.0,0.0,0.0,0.0
312,65-69,unvaccinated,192.0,157.0,4.666666666666667,0.0
312,65-69,old_vaccine,0.0,0.0,0.0,0.0
312,65-69,new_vaccine,0.0,0.0,0.0,0.0
312,70-74,unvaccinated,177.33333333333334,117.66666666666667,2.6666666666666665,0.6666666666666666
312,70-74,old_vaccine,0.0,0.0,0.0,0.0
312,70-74,new_vaccine,0.0,0.0,0.0,0.0
312,75+,unvaccinated,336.0,152.33333333333334,4.666666666666667,1.6666666666666667
312,75+,old_vaccine,0.0,0.0,0.0,0.0
312,75+,new_vaccine,0.0,0.0,0.0,0.0
313,0-4,unvaccinated,23.333333333333332,353.0,0.3333333333333333,0.0
313,0-4,old_vaccine,0.0,0.0,0.0,0.0
313,0-4,new_vaccine,0.0,0.0,0.0,0.0
313,5-9,unvaccinated,6.666666666666667,395.6666666666667,0.3333333333333333,0.0
313,5-9,old_vaccine,0.0,0.0,0.0,0.0
313,5-9,new_vaccine,0.0,0.0,0.0,0.0
313,10-14,unvaccinated,12.333333333333334,413.3333333333333,0.0,0.0
313,10-14,old_vaccine,0.0,0.0,0.0,0.0
313,10-14,new_vaccine,0.0,0.0,0.0,0.0
313,15-19,unvaccinated,7.333333333333333,360.3333333333333,0.0,0.0
313,15-19,old_vaccine,0.0,0.0,0.0,0.0
313,15-19,new_vaccine,0.0,0.0,0.0,0.0
313,20-24,unvaccinated,32.0,379.0,0.0,0.0
313,20-24,old_vaccine,0.0,0.0,0.0,0.0
313,20-24,new_vaccine,0.0,0.0,0.0,0.0
313,25-29,unvaccinated,43.0,411.3333333333333,0.0,0.0
313,25-29,old_vaccine,0.0,0.0,0.0,0.0
313,25-29,new_vaccine,0.0,0.0,0.0,0.0
313,30-34,unvaccinated,48.666666666666664,433.6666666666667,0.3333333333333333,0.0
313,30-34,old_vaccine,0.0,0.0,0.0,0.0
313,30-34,new_vaccine,0.0,0.0,0.0,0.0
313,35-39,unvaccinated,44.333333333333336,440.6666666666667,0.0,0.0
313,35-39,old_vaccine,0.0,0.0,0.0,0.0
313,35-39,new_vaccine,0.0,0.0,0.0,0.0
313,40-44,unvaccinated,35.666666666666664,404.0,0.0,0.0
313,40-44,old_vaccine,0.0,0.0,0.0,0.0
313,40-44,new_vaccine,0.0,0.0,0.0,0.0
313,45-49,unvaccinated,59.0,385.3333333333333,0.3333333333333333,0.0
313,45-49,old_vaccine,0.0,0.0,0.0,0.0
313,45-49,new_vaccine,0.0,0.0,0.0,0.0
313,50-54,unvaccinated,84.0,381.3333333333333,2.0,0.0
313,50-54,old_vaccine,0.0,0.0,0.0,0.0
313,50-54,new_vaccine,0.0,0.0,0.0,0.0
313,55-59,unvaccinated,118.66666666666667,346.3333333333333,0.3333333333333333,0.0
313,55-59,old_vaccine,0.0,0.0,0.0,0.0
313,55-59,new_vaccine,0.0,0.0,0.0,0.0
313,60-64,unvaccinated,113.33333333333333,269.0,1.0,0.0
313,60-64,old_vaccine,0.0,0.0,0.0,0.0
313,60-64,new_vaccine,0.0,0.0,0.0,0.0
313,65-69,unvaccinated,169.0,138.33333333333334,3.0,0.6666666666666666
313,65-69,old_vaccine,0.0,0.0,0.0,0.0
313,65-69,new_vaccine,0.0,0.0,0.0,0.0
313,70-74,unvaccinated,199.33333333333334,109.0,2.3333333333333335,0.6666666666666666
313,70-74,old_vaccine,0.0,0.0,0.0,0.0
313,70-74,new_vaccine,0.0,0.0,0.0,0.0
313,75+,unvaccinated,308.0,159.33333333333334,4.666666666666667,2.0
313,75+,old_vaccine,0.0,0.0,0.0,0.0
313,75+,new_vaccine,0.0,0.0,0.0,0.0
314,0-4,unvaccinated,27.666666666666668,351.6666666666667,0.0,0.0
314,0-4,old_vaccine,0.0,0.0,0.0,0.0
314,0-4,new_vaccine,0.0,0.0,0.0,0.0
314,5-9,unvaccinated,5.333333333333333,398.3333333333333,0.0,0.0
314,5-9,old_vaccine,0.0,0.0,0.0,0.0
314,5-9,new_vaccine,0.0,0.0,0.0,0.0
314,10-14,unvaccinated,9.0,404.6666666666667,0.0,0.0
314,10-14,old_vaccine,0.0,0.0,0.0,0.0
314,10-14,new_vaccine,0.0,0.0,0.0,0.0
314,15-19,unvaccinated,9.333333333333334,329.6666666666667,0.0,0.0
314,15-19,old_vaccine,0.0,0.0,0.0,0.0
314,15-19,new_vaccine,0.0,0.0,0.0,0.0
314,20-24,unvaccinated,29.0,384.0,0.0,0.0
314,20-24,old_vaccine,0.0,0.0,0.0,0.0
314,20-24,new_vaccine,0.0,0.0,0.0,0.0
314,25-29,unvaccinated,50.0,446.6666666666667,0.0,0.0
314,25-29,old_vaccine,0.0,0.0,0.0,0.0
314,25-29,new_vaccine,0.0,0.0,0.0,0.0
314,30-34,unvaccinated,43.0,428.3333333333333,0.0,0.0
314,30-34,old_vaccine,0.0,0.0,0.0,0.0
314,30-34,new_vaccine,0.0,0.0,0.0,0.0
314,35-39,unvaccinated,42.333333333333336,409.6666666666667,0.0,0.0
314,35-39,old_vaccine,0.0,0.0,0.0,0.0
314,35-39,new_vaccine,0.0,0.0,0.0,0.0
314,40-44,unvaccinated,47.0,400.0,0.0,0.0
314,40-44,old_vaccine,0.0,0.0,0.0,0.0
314,40-44,new_vaccine,0.0,0.0,0.0,0.0
314,45-49,unvaccinated,55.666666666666664,388.6666666666667,0.3333333333333333,0.0
314,45-49,old_vaccine,0.0,0.0,0.0,0.0
314,45-49,new_vaccine,0.0,0.0,0.0,0.0
314,50-54,unvaccinated,86.33333333333333,397.0,1.0,0.0
314,50-54,old_vaccine,0.0,0.0,0.0,0.0
314,50-54,new_vaccine,0.0,0.0,0.0,0.0
314,55-59,unvaccinated,120.33333333333333,343.0,0.6666666666666666,0.0
314,55-59,old_vaccine,0.0,0.0,0.0,0.0
314,55-59,new_vaccine,0.0,0.0,0.0,0.0
314,60-64,unvaccinated,121.33333333333333,282.6666666666667,2.6666666666666665,0.3333333333333333
314,60-64,old_vaccine,0.0,0.0,0.0,0.0
314,60-64,new_vaccine,0.0,0.0,0.0,0.0
314,65-69,unvaccinated,179.33333333333334,155.0,3.6666666666666665,1.0
314,65-69,old_vaccine,0.0,0.0,0.0,0.0
314,65-69,new_vaccine,0.0,0.0,0.0,0.0
314,70-74,unvaccinated,191.66666666666666,134.66666666666666,3.6666666666666665,0.3333333333333333
314,70-74,old_vaccine,0.0,0.0,0.0,0.0
314,70-74,new_vaccine,0.0,0.0,0.0,0.0
314,75+,unvaccinated,321.6666666666667,144.0,6.666666666666667,2.3333333333333335
314,75+,old_vaccine,0.0,0.0,0.0,0.0
314,75+,new_vaccine,0.0,0.0,0.0,0.0
315,0-4,unvaccinated,21.666666666666668,351.0,0.6666666666666666,0.0
315,0-4,old_vaccine,0.0,0.0,0.0,0.0
315,0-4,new_vaccine,0.0,0.0,0.0,0.0
315,5-9,unvaccinated,4.333333333333333,402.6666666666667,0.0,0.0
315,5-9,old_vaccine,0.0,0.0,0.0,0.0
315,5-9,new_vaccine,0.0,0.0,0.0,0.0
315,10-14,unvaccinated,9.0,380.0,0.0,0.0
315,10-14,old_vaccine,0.0,0.0,0.0,0.0
315,10-14,new_vaccine,0.0,0.0,0.0,0.0
315,15-19,unvaccinated,9.333333333333334,369.3333333333333,0.0,0.0
315,15-19,old_vaccine,0.0,0.0,0.0,0.0
315,15-19,new_vaccine,0.0,0.0,0.0,0.0
315,20-24,unvaccinated,27.0,396.6666666666667,0.0,0.0
315,20-24,old_vaccine,0.0,0.0,0.0,0.0
315,20-24,new_vaccine,0.0,0.0,0.0,0.0
315,25-29,unvaccinated,46.333333333333336,433.6666666666667,0.0,0.0
315,25-29,old_vaccine,0.0,0.0,0.0,0.0
315,25-29,new_vaccine,0.0,0.0,0.0,0.0
315,30-34,unvaccinated,48.0,423.3333333333333,0.0,0.0
315,30-34,old_vaccine,0.0,0.0,0.0,0.0
315,30-34,new_vaccine,0.0,0.0,0.0,0.0
315,35-39,unvaccinated,42.0,420.3333333333333,0.3333333333333333,0.0
315,35-39,old_vaccine,0.0,0.0,0.0,0.0
315,35-39,new_vaccine,0.0,0.0,0.0,0.0
315,40-44,unvaccinated,42.0,433.0,0.3333333333333333,0.0
315,40-44,old_vaccine,0.0,0.0,0.0,0.0
315,40-44,new_vaccine,0.0,0.0,0.0,0.0
315,45-49,unvaccinated,59.666666666666664,372.6666666666667,0.6666666666666666,0.0
315,45-49,old_vaccine,0.0,0.0,0.0,0.0
315,45-49,new_vaccine,0.0,0.0,0.0,0.0
315,50-54,unvaccinated,105.66666666666667,399.6666666666667,1.6666666666666667,0.0
315,50-54,old_vaccine,0.0,0.0,0.0,0.0
315,50-54,new_vaccine,0.0,0.0,0.0,0.0
315,55-59,unvaccinated,126.66666666666667,336.0,2.0,0.0
315,55-59,old_vaccine,0.0,0.0,0.0,0.0
315,55-59,new_vaccine,0.0,0.0,0.0,0.0
315,60-64,unvaccinated,111.33333333333333,281.6666666666667,1.0,0.6666666666666666
315,60-64,old_vaccine,0.0,0.0,0.0,0.0
315,60-64,new_vaccine,0.0,0.0,0.0,0.0
315,65-69,unvaccinated,177.33333333333334,155.66666666666666,4.333333333333333,1.3333333333333333
315,65-69,old_vaccine,0.0,0.0,0.0,0.0
315,65-69,new_vaccine,0.0,0.0,0.0,0.0
315,70-74,unvaccinated,194.33333333333334,121.66666666666667,2.6666666666666665,0.3333333333333333
315,70-74,old_vaccine,0.0,0.0,0.0,0.0
315,70-74,new_vaccine,0.0,0.0,0.0,0.0
315,75+,unvaccinated,339.3333333333333,162.66666666666666,4.666666666666667,1.6666666666666667
315,75+,old_vaccine,0.0,0.0,0.0,0.0
315,75+,new_vaccine,0.0,0.0,0.0,0.0
316,0-4,unvaccinated,26.666666666666668,338.3333333333333,0.3333333333333333,0.0
316,0-4,old_vaccine,0.0,0.0,0.0,0.0
316,0-4,new_vaccine,0.0,0.0,0.0,0.0
316,5-9,unvaccinated,6.666666666666667,389.0,0.0,0.0
316,5-9,old_vaccine,0.0,0.0,0.0,0.0
316,5-9,new_vaccine,0.0,0.0,0.0,0.0
316,10-14,unvaccinated,7.666666666666667,372.6666666666667,0.0,0.0
316,10-14,old_vaccine,0.0,0.0,0.0,0.0
316,10-14,new_vaccine,0.0,0.0,0.0,0.0
316,15-19,unvaccinated,9.333333333333334,374.6666666666667,0.0,0.0
316,15-19,old_vaccine,0.0,0.0,0.0,0.0
316,15-19,new_vaccine,0.0,0.0,0.0,0.0
316,20-24,unvaccinated,30.666666666666668,381.3333333333333,0.0,0.0
316,20-24,old_vaccine,0.0,0.0,0.0,0.0
316,20-24,new_vaccine,0.0,0.0,0.0,0.0
316,25-29,unvaccinated,42.0,429.3333333333333,0.3333333333333333,0.0
316,25-29,old_vaccine,0.0,0.0,0.0,0.0
316,25-29,new_vaccine,0.0,0.0,0.0,0.0
316,30-34,unvaccinated,49.0,419.3333333333333,0.0,0.3333333333333333
316,30-34,old_vaccine,0.0,0.0,0.0,0.0
316,30-34,new_vaccine,0.0,0.0,0.0,0.0
316,35-39,unvaccinated,44.666666666666664,424.3333333333333,0.0,0.0
316,35-39,old_vaccine,0.0,0.0,0.0,0.0
316,35-39,new_vaccine,0.0,0.0,0.0,0.0
316,40-44,unvaccinated,52.0,388.3333333333333,0.3333333333333333,0.0
316,40-44,old_vaccine,0.0,0.0,0.0,0.0
316,40-44,new_vaccine,0.0,0.0,0.0,0.0
316,45-49,unvaccinated,57.333333333333336,396.3333333333333,0.6666666666666666,0.0
316,45-49,old_vaccine,0.0,0.0,0.0,0.0
316,45-49,new_vaccine,0.0,0.0,0.0,0.0
316,50-54,unvaccinated,92.33333333333333,380.0,0.3333333333333333,0.0
316,50-54,old_vaccine,0.0,0.0,0.0,0.0
316,50-54,new_vaccine,0.0,0.0,0.0,0.0
316,55-59,unvaccinated,121.33333333333333,345.3333333333333,1.0,0.0
316,55-59,old_vaccine,0.0,0.0,0.0,0.0
316,55-59,new_vaccine,0.0,0.0,0.0,0.0
316,60-64,unvaccinated,106.33333333333333,273.3333333333333,2.0,0.0
316,60-64,old_vaccine,0.0,0.0,0.0,0.0
316,60-64,new_vaccine,0.0,0.0,0.0,0.0
316,65-69,unvaccinated,192.33333333333334,139.33333333333334,4.0,0.6666666666666666
316,65-69,old_vaccine,0.0,0.0,0.0,0.0
316,65-69,new_vaccine,0.0,0.0,0.0,0.0
316,70-74,unvaccinated,200.0,111.66666666666667,3.6666666666666665,0.6666666666666666
316,70-74,old_vaccine,0.0,0.0,0.0,0.0
316,70-74,new_vaccine,0.0,0.0,0.0,0.0
316,75+,unvaccinated,335.3333333333333,164.33333333333334,5.666666666666667,2.6666666666666665
316,75+,old_vaccine,0.0,0.0,0.0,0.0
316,75+,new_vaccine,0.0,0.0,0.0,0.0
317,0-4,unvaccinated,23.0,352.3333333333333,0.3333333333333333,0.0
317,0-4,old_vaccine,0.0,0.0,0.0,0.0
317,0-4,new_vaccine,0.0,0.0,0.0,0.0
317,5-9,unvaccinated,6.666666666666667,396.0,0.0,0.0
317,5-9,old_vaccine,0.0,0.0,0.0,0.0
317,5-9,new_vaccine,0.0,0.0,0.0,0.0
317,10-14,unvaccinated,7.0,391.3333333333333,0.0,0.0
317,10-14,old_vaccine,0.0,0.0,0.0,0.0
317,10-14,new_vaccine,0.0,0.0,0.0,0.0
317,15-19,unvaccinated,8.333333333333334,371.0,0.0,0.0
317,15-19,old_vaccine,0.0,0.0,0.0,0.0
317,15-19,new_vaccine,0.0,0.0,0.0,0.0
317,20-24,unvaccinated,27.333333333333332,396.3333333333333,0.0,0.0
317,20-24,old_vaccine,0.0,0.0,0.0,0.0
317,20-24,new_vaccine,0.0,0.0,0.0,0.0
317,25-29,unvaccinated,44.666666666666664,422.0,0.0,0.0
317,25-29,old_vaccine,0.0,0.0,0.0,0.0
317,25-29,new_vaccine,0.0,0.0,0.0,0.0
317,30-34,unvaccinated,48.0,426.6666666666667,0.0,0.0
317,30-34,old_vaccine,0.0,0.0,0.0,0.0
317,30-34,new_vaccine,0.0,0.0,0.0,0.0
317,35-39,unvaccinated,45.666666666666664,429.0,0.0,0.0
317,35-39,old_vaccine,0.0,0.0,0.0,0.0
317,35-39,new_vaccine,0.0,0.0,0.0,0.0
317,40-44,unvaccinated,46.0,402.3333333333333,0.3333333333333333,0.0
317,40-44,old_vaccine,0.0,0.0,0.0,0.0
317,40-44,new_vaccine,0.0,0.0,0.0,0.0
317,45-49,unvaccinated,61.666666666666664,384.6666666666667,1.0,0.0
317,45-49,old_vaccine,0.0,0.0,0.0,0.0
317,45-49,new_vaccine,0.0,0.0,0.0,0.0
317,50-54,unvaccinated,78.66666666666667,405.0,0.3333333333333333,0.0
317,50-54,old_vaccine,0.0,0.0,0.0,0.0
317,50-54,new_vaccine,0.0,0.0,0.0,0.0
317,55-59,unvaccinated,125.33333333333333,329.0,2.0,0.0
317,55-59,old_vaccine,0.0,0.0,0.0,0.0
317,55-59,new_vaccine,0.0,0.0,0.0,0.0
317,60-64,unvaccinated,114.33333333333333,282.0,1.3333333333333333,0.3333333333333333
317,60-64,old_vaccine,0.0,0.0,0.0,0.0
317,60-64,new_vaccine,0.0,0.0,0.0,0.0
317,65-69,unvaccinated,173.66666666666666,159.66666666666666,1.6666666666666667,0.3333333333333333
317,65-69,old_vaccine,0.0,0.0,0.0,0.0
317,65-69,new_vaccine,0.0,0.0,0.0,0.0
317,70-74,unvaccinated,200.33333333333334,105.66666666666667,4.333333333333333,1.0
317,70-74,old_vaccine,0.0,0.0,0.0,0.0
317,70-74,new_vaccine,0.0,0.0,0.0,0.0
317,75+,unvaccinated,301.0,165.66666666666666,4.666666666666667,2.6666666666666665
317,75+,old_vaccine,0.0,0.0,0.0,0.0
317,75+,new_vaccine,0.0,0.0,0.0,0.0
318,0-4,unvaccinated,31.333333333333332,343.6666666666667,0.3333333333333333,0.0
318,0-4,old_vaccine,0.0,0.0,0.0,0.0
318,0-4,new_vaccine,0.0,0.0,0.0,0.0
318,5-9,unvaccinated,6.333333333333333,404.3333333333333,0.3333333333333333,0.0
318,5-9,old_vaccine,0.0,0.0,0.0,0.0
318,5-9,new_vaccine,0.0,0.0,0.0,0.0
318,10-14,unvaccinated,10.0,379.3333333333333,0.0,0.0
318,10-14,old_vaccine,0.0,0.0,0.0,0.0
318,10-14,new_vaccine,0.0,0.0,0.0,0.0
318,15-19,unvaccinated,11.666666666666666,345.3333333333333,0.0,0.0
318,15-19,old_vaccine,0.0,0.0,0.0,0.0
318,15-19,new_vaccine,0.0,0.0,0.0,0.0
318,20-24,unvaccinated,30.666666666666668,374.6666666666667,0.3333333333333333,0.0
318,20-24,old_vaccine,0.0,0.0,0.0,0.0
318,20-24,new_vaccine,0.0,0.0,0.0,0.0
318,25-29,unvaccinated,41.333333333333336,423.6666666666667,0.0,0.0
318,25-29,old_vaccine,0.0,0.0,0.0,0.0
318,25-29,new_vaccine,0.0,0.0,0.0,0.0
318,30-34,unvaccinated,51.0,439.6666666666667,0.3333333333333333,0.0
318,30-34,old_vaccine,0.0,0.0,0.0,0.0
318,30-34,new_vaccine,0.0,0.0,0.0,0.0
318,35-39,unvaccinated,47.333333333333336,426.0,0.0,0.0
318,35-39,old_vaccine,0.0,0.0,0.0,0.0
318,35-39,new_vaccine,0.0,0.0,0.0,0.0
318,40-44,unvaccinated,47.0,411.3333333333333,0.0,0.0
318,40-44,old_vaccine,0.0,0.0,0.0,0.0
318,40-44,new_vaccine,0.0,0.0,0.0,0.0
318,45-49,unvaccinated,59.333333333333336,398.0,0.3333333333333333,0.0
318,45-49,old_vaccine,0.0,0.0,0.0,0.0
318,45-49,new_vaccine,0.0,0.0,0.0,0.0
318,50-54,unvaccinated,87.66666666666667,396.3333333333333,0.0,0.0
318,50-54,old_vaccine,0.0,0.0,0.0,0.0
318,50-54,new_vaccine,0.0,0.0,0.0,0.0
318,55-59,unvaccinated,130.66666666666666,346.3333333333333,0.6666666666666666,0.0
318,55-59,old_vaccine,0.0,0.0,0.0,0.0
318,55-59,new_vaccine,0.0,0.0,0.0,0.0
318,60-64,unvaccinated,113.33333333333333,289.6666666666667,1.0,0.6666666666666666
318,60-64,old_vaccine,0.0,0.0,0.0,0.0
318,60-64,new_vaccine,0.0,0.0,0.0,0.0
318,65-69,unvaccinated,166.0,160.0,2.3333333333333335,1.0
318,65-69,old_vaccine,0.0,0.0,0.0,0.0
318,65-69,new_vaccine,0.0,0.0,0.0,0.0
318,70-74,unvaccinated,202.33333333333334,119.33333333333333,2.3333333333333335,0.6666666666666666
318,70-74,old_vaccine,0.0,0.0,0.0,0.0
318,70-74,new_vaccine,0.0,0.0,0.0,0.0
318,75+,unvaccinated,323.6666666666667,145.0,4.666666666666667,4.666666666666667
318,75+,old_vaccine,0.0,0.0,0.0,0.0
318,75+,new_vaccine,0.0,0.0,0.0,0.0
319,0-4,unvaccinated,21.666666666666668,356.6666666666667,0.3333333333333333,0.0
319,0-4,old_vaccine,0.0,0.0,0.0,0.0
319,0-4,new_vaccine,0.0,0.0,0.0,0.0
319,5-9,unvaccinated,5.666666666666667,411.3333333333333,0.0,0.0
319,5-9,old_vaccine,0.0,0.0,0.0,0.0
319,5-9,new_vaccine,0.0,0.0,0.0,0.0
319,10-14,unvaccinated,10.333333333333334,382.6666666666667,0.0,0.0
319,10-14,old_vaccine,0.0,0.0,0.0,0.0
319,10-14,new_vaccine,0.0,0.0,0.0,0.0
319,15-19,unvaccinated,7.333333333333333,349.0,0.0,0.0
319,15-19,old_vaccine,0.0,0.0,0.0,0.0
319,15-19,new_vaccine,0.0,0.0,0.0,0.0
319,20-24,unvaccinated,31.666666666666668,405.6666666666667,0.0,0.0
319,20-24,old_vaccine,0.0,0.0,0.0,0.0
319,20-24,new_vaccine,0.0,0.0,0.0,0.0
319,25-29,unvaccinated,48.0,444.0,0.0,0.0
319,25-29,old_vaccine,0.0,0.0,0.0,0.0
319,25-29,new_vaccine,0.0,0.0,0.0,0.0
319,30-34,unvaccinated,52.666666666666664,421.0,0.0,0.0
319,30-34,old_vaccine,0.0,0.0,0.0,0.0
319,30-34,new_vaccine,0.0,0.0,0.0,0.0
319,35-39,unvaccinated,44.666666666666664,426.3333333333333,0.0,0.0
319,35-39,old_vaccine,0.0,0.0,0.0,0.0
319,35-39,new_vaccine,0.0,0.0,0.0,0.0
319,40-44,unvaccinated,45.0,410.3333333333333,0.0,0.0
319,40-44,old_vaccine,0.0,0.0,0.0,0.0
319,40-44,new_vaccine,0.0,0.0,0.0,0.0
319,45-49,unvaccinated,56.666666666666664,379.6666666666667,0.6666666666666666,0.0
319,45-49,old_vaccine,0.0,0.0,0.0,0.0
319,45-49,new_vaccine,0.0,0.0,0.0,0.0
319,50-54,unvaccinated,88.0,396.3333333333333,0.6666666666666666,0.0
319,50-54,old_vaccine,0.0,0.0,0.0,0.0
319,50-54,new_vaccine,0.0,0.0,0.0,0.0
319,55-59,unvaccinated,132.0,338.3333333333333,2.0,0.0
319,55-59,old_vaccine,0.0,0.0,0.0,0.0
319,55-59,new_vaccine,0.0,0.0,0.0,0.0
319,60-64,unvaccinated,109.33333333333333,295.0,1.6666666666666667,0.0
319,60-64,old_vaccine,0.0,0.0,0.0,0.0
319,60-64,new_vaccine,0.0,0.0,0.0,0.0
319,65-69,unvaccinated,178.33333333333334,148.33333333333334,1.6666666666666667,1.0
319,65-69,old_vaccine,0.0,0.0,0.0,0.0
319,65-69,new_vaccine,0.0,0.0,0.0,0.0
319,70-74,unvaccinated,189.33333333333334,116.66666666666667,2.3333333333333335,0.3333333333333333
319,70-74,old_vaccine,0.0,0.0,0.0,0.0
319,70-74,new_vaccine,0.0,0.0,0.0,0.0
319,75+,unvaccinated,317.0,147.66666666666666,5.333333333333333,2.3333333333333335
319,75+,old_vaccine,0.0,0.0,0.0,0.0
319,75+,new_vaccine,0.0,0.0,0.0,0.0
320,0-4,unvaccinated,29.666666666666668,330.6666666666667,0.6666666666666666,0.0
320,0-4,old_vaccine,0.0,0.0,0.0,0.0
320,0-4,new_vaccine,0.0,0.0,0.0,0.0
320,5-9,unvaccinated,6.0,412.3333333333333,0.0,0.0
320,5-9,old_vaccine,0.0,0.0,0.0,0.0
320,5-9,new_vaccine,0.0,0.0,0.0,0.0
320,10-14,unvaccinated,7.666666666666667,368.3333333333333,0.0,0.0
320,10-14,old_vaccine,0.0,0.0,0.0,0.0
320,10-14,new_vaccine,0.0,0.0,0.0,0.0
320,15-19,unvaccinated,10.0,363.0,0.0,0.0
320,15-19,old_vaccine,0.0,0.0,0.0,0.0
320,15-19,new_vaccine,0.0,0.0,0.0,0.0
320,20-24,unvaccinated,30.666666666666668,391.6666666666667,0.0,0.0
320,20-24,old_vaccine,0.0,0.0,0.0,0.0
320,20-24,new_vaccine,0.0,0.0,0.0,0.0
320,25-29,unvaccinated,42.666666666666664,426.0,0.0,0.3333333333333333
320,25-29,old_vaccine,0.0,0.0,0.0,0.0
320,25-29,new_vaccine,0.0,0.0,0.0,0.0
320,30-34,unvaccinated,46.333333333333336,439.0,0.3333333333333333,0.0
320,30-34,old_vaccine,0.0,0.0,0.0,0.0
320,30-34,new_vaccine,0.0,0.0,0.0,0.0
320,35-39,unvaccinated,44.0,439.6666666666667,0.3333333333333333,0.0
320,35-39,old_vaccine,0.0,0.0,0.0,0.0
320,35-39,new_vaccine,0.0,0.0,0.0,0.0
320,40-44,unvaccinated,48.666666666666664,415.3333333333333,0.0,0.0
320,40-44,old_vaccine,0.0,0.0,0.0,0.0
320,40-44,new_vaccine,0.0,0.0,0.0,0.0
320,45-49,unvaccinated,61.0,396.3333333333333,0.0,0.0
320,45-49,old_vaccine,0.0,0.0,0.0,0.0
320,45-49,new_vaccine,0.0,0.0,0.0,0.0
320,50-54,unvaccinated,100.33333333333333,402.3333333333333,1.0,0.0
320,50-54,old_vaccine,0.0,0.0,0.0,0.0
320,50-54,new_vaccine,0.0,0.0,0.0,0.0
320,55-59,unvaccinated,125.33333333333333,361.6666666666667,2.3333333333333335,0.3333333333333333
320,55-59,old_vaccine,0.0,0.0,0.0,0.0
320,55-59,new_vaccine,0.0,0.0,0.0,0.0
320,60-64,unvaccinated,112.0,278.0,2.0,0.3333333333333333
320,60-64,old_vaccine,0.0,0.0,0.0,0.0
320,60-64,new_vaccine,0.0,0.0,0.0,0.0
320,65-69,unvaccinated,169.33333333333334,147.33333333333334,4.0,0.3333333333333333
320,65-69,old_vaccine,0.0,0.0,0.0,0.0
320,65-69,new_vaccine,0.0,0.0,0.0,0.0
320,70-74,unvaccinated,203.33333333333334,115.0,2.0,1.6666666666666667
320,70-74,old_vaccine,0.0,0.0,0.0,0.0
320,70-74,new_vaccine,0.0,0.0,0.0,0.0
320,75+,unvaccinated,303.6666666666667,161.33333333333334,2.3333333333333335,2.0
320,75+,old_vaccine,0.0,0.0,0.0,0.0
320,75+,new_vaccine,0.0,0.0,0.0,0.0
321,0-4,unvaccinated,28.333333333333332,337.3333333333333,0.3333333333333333,0.0
321,0-4,old_vaccine,0.0,0.0,0.0,0.0
321,0-4,new_vaccine,0.0,0.0,0.0,0.0
321,5-9,unvaccinated,5.0,401.0,0.0,0.0
321,5-9,old_vaccine,0.0,0.0,0.0,0.0
321,5-9,new_vaccine,0.0,0.0,0.0,0.0
321,10-14,unvaccinated,8.0,378.6666666666667,0.0,0.0
321,10-14,old_vaccine,0.0,0.0,0.0,0.0
321,10-14,new_vaccine,0.0,0.0,0.0,0.0
321,15-19,unvaccinated,10.0,362.6666666666667,0.0,0.0
321,15-19,old_vaccine,0.0,0.0,0.0,0.0
321,15-19,new_vaccine,0.0,0.0,0.0,0.0
321,20-24,unvaccinated,21.333333333333332,389.3333333333333,0.0,0.0
321,20-24,old_vaccine,0.0,0.0,0.0,0.0
321,20-24,new_vaccine,0.0,0.0,0.0,0.0
321,25-29,unvaccinated,49.666666666666664,413.0,0.0,0.0
321,25-29,old_vaccine,0.0,0.0,0.0,0.0
321,25-29,new_vaccine,0.0,0.0,0.0,0.0
321,30-34,unvaccinated,54.666666666666664,424.0,0.0,0.0
321,30-34,old_vaccine,0.0,0.0,0.0,0.0
321,30-34,new_vaccine,0.0,0.0,0.0,0.0
321,35-39,unvaccinated,36.333333333333336,435.3333333333333,0.3333333333333333,0.0
321,35-39,old_vaccine,0.0,0.0,0.0,0.0
321,35-39,new_vaccine,0.0,0.0,0.0,0.0
321,40-44,unvaccinated,45.333333333333336,421.6666666666667,0.3333333333333333,0.0
321,40-44,old_vaccine,0.0,0.0,0.0,0.0
321,40-44,new_vaccine,0.0,0.0,0.0,0.0
321,45-49,unvaccinated,68.0,393.3333333333333,0.3333333333333333,0.0
321,45-49,old_vaccine,0.0,0.0,0.0,0.0
321,45-49,new_vaccine,0.0,0.0,0.0,0.0
321,50-54,unvaccinated,102.66666666666667,393.6666666666667,2.0,0.0
321,50-54,old_vaccine,0.0,0.0,0.0,0.0
321,50-54,new_vaccine,0.0,0.0,0.0,0.0
321,55-59,unvaccinated,120.0,356.0,0.3333333333333333,0.0
321,55-59,old_vaccine,0.0,0.0,0.0,0.0
321,55-59,new_vaccine,0.0,0.0,0.0,0.0
321,60-64,unvaccinated,105.0,274.0,1.3333333333333333,1.3333333333333333
321,60-64,old_vaccine,0.0,0.0,0.0,0.0
321,60-64,new_vaccine,0.0,0.0,0.0,0.0
321,65-69,unvaccinated,174.33333333333334,147.33333333333334,3.3333333333333335,0.0
321,65-69,old_vaccine,0.0,0.0,0.0,0.0
321,65-69,new_vaccine,0.0,0.0,0.0,0.0
321,70-74,unvaccinated,192.33333333333334,108.66666666666667,4.333333333333333,1.6666666666666667
321,70-74,old_vaccine,0.0,0.0,0.0,0.0
321,70-74,new_vaccine,0.0,0.0,0.0,0.0
321,75+,unvaccinated,319.6666666666667,158.66666666666666,4.333333333333333,2.6666666666666665
321,75+,old_vaccine,0.0,0.0,0.0,0.0
321,75+,new_vaccine,0.0,0.0,0.0,0.0
322,0-4,unvaccinated,26.0,350.0,1.0,0.0
322,0-4,old_vaccine,0.0,0.0,0.0,0.0
322,0-4,new_vaccine,0.0,0.0,0.0,0.0
322,5-9,unvaccinated,6.666666666666667,403.3333333333333,0.0,0.0
322,5-9,old_vaccine,0.0,0.0,0.0,0.0
322,5-9,new_vaccine,0.0,0.0,0.0,0.0
322,10-14,unvaccinated,8.333333333333334,393.6666666666667,0.0,0.0
322,10-14,old_vaccine,0.0,0.0,0.0,0.0
322,10-14,new_vaccine,0.0,0.0,0.0,0.0
322,15-19,unvaccinated,9.333333333333334,387.3333333333333,0.0,0.0
322,15-19,old_vaccine,0.0,0.0,0.0,0.0
322,15-19,new_vaccine,0.0,0.0,0.0,0.0
322,20-24,unvaccinated,25.0,391.0,0.0,0.0
322,20-24,old_vaccine,0.0,0.0,0.0,0.0
322,20-24,new_vaccine,0.0,0.0,0.0,0.0
322,25-29,unvaccinated,47.333333333333336,399.0,0.3333333333333333,0.0
322,25-29,old_vaccine,0.0,0.0,0.0,0.0
322,25-29,new_vaccine,0.0,0.0,0.0,0.0
322,30-34,unvaccinated,52.333333333333336,433.0,0.3333333333333333,0.0
322,30-34,old_vaccine,0.0,0.0,0.0,0.0
322,30-34,new_vaccine,0.0,0.0,0.0,0.0
322,35-39,unvaccinated,42.0,424.3333333333333,0.0,0.0
322,35-39,old_vaccine,0.0,0.0,0.0,0.0
322,35-39,new_vaccine,0.0,0.0,0.0,0.0
322,40-44,unvaccinated,49.0,416.0,0.3333333333333333,0.0
322,40-44,old_vaccine,0.0,0.0,0.0,0.0
322,40-44,new_vaccine,0.0,0.0,0.0,0.0
322,45-49,unvaccinated,56.666666666666664,385.3333333333333,0.0,0.0
322,45-49,old_vaccine,0.0,0.0,0.0,0.0
322,45-49,new_vaccine,0.0,0.0,0.0,0.0
322,50-54,unvaccinated,89.66666666666667,375.0,1.3333333333333333,0.0
322,50-54,old_vaccine,0.0,0.0,0.0,0.0
322,50-54,new_vaccine,0.0,0.0,0.0,0.0
322,55-59,unvaccinated,117.0,350.0,2.3333333333333335,0.0
322,55-59,old_vaccine,0.0,0.0,0.0,0.0
322,55-59,new_vaccine,0.0,0.0,0.0,0.0
322,60-64,unvaccinated,102.66666666666667,285.0,1.0,0.0
322,60-64,old_vaccine,0.0,0.0,0.0,0.0
322,60-64,new_vaccine,0.0,0.0,0.0,0.0
322,65-69,unvaccinated,178.66666666666666,153.33333333333334,3.6666666666666665,1.0
322,65-69,old_vaccine,0.0,0.0,0.0,0.0
322,65-69,new_vaccine,0.0,0.0,0.0,0.0
322,70-74,unvaccinated,188.66666666666666,126.66666666666667,3.6666666666666665,1.3333333333333333
322,70-74,old_vaccine,0.0,0.0,0.0,0.0
322,70-74,new_vaccine,0.0,0.0,0.0,0.0
322,75+,unvaccinated,321.3333333333333,155.66666666666666,5.666666666666667,3.6666666666666665
322,75+,old_vaccine,0.0,0.0,0.0,0.0
322,75+,new_vaccine,0.0,0.0,0.0,0.0
323,0-4,unvaccinated,21.333333333333332,348.0,0.3333333333333333,0.0
323,0-4,old_vaccine,0.0,0.0,0.0,0.0
323,0-4,new_vaccine,0.0,0.0,0.0,0.0
323,5-9,unvaccinated,6.666666666666667,397.3333333333333,0.6666666666666666,0.0
323,5-9,old_vaccine,0.0,0.0,0.0,0.0
323,5-9,new_vaccine,0.0,0.0,0.0,0.0
323,10-14,unvaccinated,8.666666666666666,386.3333333333333,0.0,0.0
323,10-14,old_vaccine,0.0,0.0,0.0,0.0
323,10-14,new_vaccine,0.0,0.0,0.0,0.0
323,15-19,unvaccinated,10.333333333333334,391.0,0.0,0.0
323,15-19,old_vaccine,0.0,0.0,0.0,0.0
323,15-19,new_vaccine,0.0,0.0,0.0,0.0
323,20-24,unvaccinated,29.333333333333332,389.0,0.3333333333333333,0.0
323,20-24,old_vaccine,0.0,0.0,0.0,0.0
323,20-24,new_vaccine,0.0,0.0,0.0,0.0
323,25-29,unvaccinated,46.666666666666664,451.6666666666667,0.3333333333333333,0.0
323,25-29,old_vaccine,0.0,0.0,0.0,0.0
323,25-29,new_vaccine,0.0,0.0,0.0,0.0
323,30-34,unvaccinated,49.333333333333336,450.3333333333333,0.0,0.0
323,30-34,old_vaccine,0.0,0.0,0.0,0.0
323,30-34,new_vaccine,0.0,0.0,0.0,0.0
323,35-39,unvaccinated,43.333333333333336,427.6666666666667,1.0,0.3333333333333333
323,35-39,old_vaccine,0.0,0.0,0.0,0.0
323,35-39,new_vaccine,0.0,0.0,0.0,0.0
323,40-44,unvaccinated,48.0,399.0,0.6666666666666666,0.0
323,40-44,old_vaccine,0.0,0.0,0.0,0.0
323,40-44,new_vaccine,0.0,0.0,0.0,0.0
323,45-49,unvaccinated,55.333333333333336,412.0,1.6666666666666667,0.0
323,45-49,old_vaccine,0.0,0.0,0.0,0.0
323,45-49,new_vaccine,0.0,0.0,0.0,0.0
323,50-54,unvaccinated,96.66666666666667,375.3333333333333,1.3333333333333333,0.0
323,50-54,old_vaccine,0.0,0.0,0.0,0.0
323,50-54,new_vaccine,0.0,0.0,0.0,0.0
323,55-59,unvaccinated,128.0,338.0,0.3333333333333333,0.0
323,55-59,old_vaccine,0.0,0.0,0.0,0.0
323,55-59,new_vaccine,0.0,0.0,0.0,0.0
323,60-64,unvaccinated,125.33333333333333,287.6666666666667,1.3333333333333333,0.0
323,60-64,old_vaccine,0.0,0.0,0.0,0.0
323,60-64,new_vaccine,0.0,0.0,0.0,0.0
323,65-69,unvaccinated,160.0,156.66666666666666,2.0,0.3333333333333333
323,65-69,old_vaccine,0.0,0.0,0.0,0.0
323,65-69,new_vaccine,0.0,0.0,0.0,0.0
323,70-74,unvaccinated,188.33333333333334,112.0,2.3333333333333335,0.3333333333333333
323,70-74,old_vaccine,0.0,0.0,0.0,0.0
323,70-74,new_vaccine,0.0,0.0,0.0,0.0
323,75+,unvaccinated,319.0,162.66666666666666,5.666666666666667,2.0
323,75+,old_vaccine,0.0,0.0,0.0,0.0
323,75+,new_vaccine,0.0,0.0,0.0,0.0
324,0-4,unvaccinated,22.333333333333332,341.6666666666667,0.3333333333333333,0.0
324,0-4,old_vaccine,0.0,0.0,0.0,0.0
324,0-4,new_vaccine,0.0,0.0,0.0,0.0
324,5-9,unvaccinated,6.666666666666667,387.3333333333333,0.0,0.0
324,5-9,old_vaccine,0.0,0.0,0.0,0.0
324,5-9,new_vaccine,0.0,0.0,0.0,0.0
324,10-14,unvaccinated,10.0,408.0,0.0,0.0
324,10-14,old_vaccine,0.0,0.0,0.0,0.0
324,10-14,new_vaccine,0.0,0.0,0.0,0.0
324,15-19,unvaccinated,11.0,343.3333333333333,0.3333333333333333,0.0
324,15-19,old_vaccine,0.0,0.0,0.0,0.0
324,15-19,new_vaccine,0.0,0.0,0.0,0.0
324,20-24,unvaccinated,31.333333333333332,385.0,0.3333333333333333,0.0
324,20-24,old_vaccine,0.0,0.0,0.0,0.0
324,20-24,new_vaccine,0.0,0.0,0.0,0.0
324,25-29,unvaccinated,43.0,418.6666666666667,0.0,0.0
324,25-29,old_vaccine,0.0,0.0,0.0,0.0
324,25-29,new_vaccine,0.0,0.0,0.0,0.0
324,30-34,unvaccinated,62.0,430.3333333333333,0.6666666666666666,0.0
324,30-34,old_vaccine,0.0,0.0,0.0,0.0
324,30-34,new_vaccine,0.0,0.0,0.0,0.0
324,35-39,unvaccinated,39.333333333333336,438.0,0.3333333333333333,0.0
324,35-39,old_vaccine,0.0,0.0,0.0,0.0
324,35-39,new_vaccine,0.0,0.0,0.0,0.0
324,40-44,unvaccinated,39.0,411.6666666666667,0.3333333333333333,0.0
324,40-44,old_vaccine,0.0,0.0,0.0,0.0
324,40-44,new_vaccine,0.0,0.0,0.0,0.0
324,45-49,unvaccinated,60.333333333333336,395.3333333333333,0.0,0.0
324,45-49,old_vaccine,0.0,0.0,0.0,0.0
324,45-49,new_vaccine,0.0,0.0,0.0,0.0
324,50-54,unvaccinated,93.0,386.3333333333333,1.0,0.3333333333333333
324,50-54,old_vaccine,0.0,0.0,0.0,0.0
324,50-54,new_vaccine,0.0,0.0,0.0,0.0
324,55-59,unvaccinated,115.33333333333333,341.6666666666667,1.3333333333333333,0.0
324,55-59,old_vaccine,0.0,0.0,0.0,0.0
324,55-59,new_vaccine,0.0,0.0,0.0,0.0
324,60-64,unvaccinated,114.33333333333333,283.6666666666667,1.3333333333333333,0.3333333333333333
324,60-64,old_vaccine,0.0,0.0,0.0,0.0
324,60-64,new_vaccine,0.0,0.0,0.0,0.0
324,65-69,unvaccinated,181.33333333333334,149.33333333333334,2.3333333333333335,0.3333333333333333
324,65-69,old_vaccine,0.0,0.0,0.0,0.0
324,65-69,new_vaccine,0.0,0.0,0.0,0.0
324,70-74,unvaccinated,193.0,116.66666666666667,4.0,1.3333333333333333
324,70-74,old_vaccine,0.0,0.0,0.0,0.0
324,70-74,new_vaccine,0.0,0.0,0.0,0.0
324,75+,unvaccinated,331.3333333333333,156.66666666666666,6.0,2.3333333333333335
324,75+,old_vaccine,0.0,0.0,0.0,0.0
324,75+,new_vaccine,0.0,0.0,0.0,0.0
325,0-4,unvaccinated,28.666666666666668,338.0,0.3333333333333333,0.0
325,0-4,old_vaccine,0.0,0.0,0.0,0.0
325,0-4,new_vaccine,0.0,0.0,0.0,0.0
325,5-9,unvaccinated,6.666666666666667,407.3333333333333,0.0,0.0
325,5-9,old_vaccine,0.0,0.0,0.0,0.0
325,5-9,new_vaccine,0.0,0.0,0.0,0.0
325,10-14,unvaccinated,8.0,376.0,0.0,0.0
325,10-14,old_vaccine,0.0,0.0,0.0,0.0
325,10-14,new_vaccine,0.0,0.0,0.0,0.0
325,15-19,unvaccinated,11.0,360.6666666666667,0.3333333333333333,0.0
325,15-19,old_vaccine,0.0,0.0,0.0,0.0
325,15-19,new_vaccine,0.0,0.0,0.0,0.0
325,20-24,unvaccinated,21.333333333333332,406.3333333333333,0.0,0.0
325,20-24,old_vaccine,0.0,0.0,0.0,0.0
325,20-24,new_vaccine,0.0,0.0,0.0,0.0
325,25-29,unvaccinated,42.666666666666664,421.6666666666667,0.0,0.0
325,25-29,old_vaccine,0.0,0.0,0.0,0.0
325,25-29,new_vaccine,0.0,0.0,0.0,0.0
325,30-34,unvaccinated,58.0,409.6666666666667,0.0,0.0
325,30-34,old_vaccine,0.0,0.0,0.0,0.0
325,30-34,new_vaccine,0.0,0.0,0.0,0.0
325,35-39,unvaccinated,43.0,425.3333333333333,0.0,0.0
325,35-39,old_vaccine,0.0,0.0,0.0,0.0
325,35-39,new_vaccine,0.0,0.0,0.0,0.0
325,40-44,unvaccinated,51.0,417.6666666666667,0.3333333333333333,0.0
325,40-44,old_vaccine,0.0,0.0,0.0,0.0
325,40-44,new_vaccine,0.0,0.0,0.0,0.0
325,45-49,unvaccinated,59.0,367.6666666666667,0.3333333333333333,0.0
325,45-49,old_vaccine,0.0,0.0,0.0,0.0
325,45-49,new_vaccine,0.0,0.0,0.0,0.0
325,50-54,unvaccinated,86.66666666666667,382.3333333333333,1.0,0.0
325,50-54,old_vaccine,0.0,0.0,0.0,0.0
325,50-54,new_vaccine,0.0,0.0,0.0,0.0
325,55-59,unvaccinated,116.66666666666667,355.3333333333333,1.0,0.0
325,55-59,old_vaccine,0.0,0.0,0.0,0.0
325,55-59,new_vaccine,0.0,0.0,0.0,0.0
325,60-64,unvaccinated,115.33333333333333,296.6666666666667,3.0,0.6666666666666666
325,60-64,old_vaccine,0.0,0.0,0.0,0.0
325,60-64,new_vaccine,0.0,0.0,0.0,0.0
325,65-69,unvaccinated,179.66666666666666,153.0,2.0,1.0
325,65-69,old_vaccine,0.0,0.0,0.0,0.0
325,65-69,new_vaccine,0.0,0.0,0.0,0.0
325,70-74,unvaccinated,190.66666666666666,110.0,3.6666666666666665,0.0
325,70-74,old_vaccine,0.0,0.0,0.0,0.0
325,70-74,new_vaccine,0.0,0.0,0.0,0.0
325,75+,unvaccinated,319.0,156.33333333333334,7.333333333333333,2.6666666666666665
325,75+,old_vaccine,0.0,0.0,0.0,0.0
325,75+,new_vaccine,0.0,0.0,0.0,0.0
326,0-4,unvaccinated,27.333333333333332,363.0,0.0,0.0
326,0-4,old_vaccine,0.0,0.0,0.0,0.0
326,0-4,new_vaccine,0.0,0.0,0.0,0.0
326,5-9,unvaccinated,5.0,408.3333333333333,0.0,0.0
326,5-9,old_vaccine,0.0,0.0,0.0,0.0
326,5-9,new_vaccine,0.0,0.0,0.0,0.0
326,10-14,unvaccinated,11.666666666666666,381.6666666666667,0.0,0.0
326,10-14,old_vaccine,0.0,0.0,0.0,0.0
326,10-14,new_vaccine,0.0,0.0,0.0,0.0
326,15-19,unvaccinated,9.0,375.3333333333333,0.0,0.0
326,15-19,old_vaccine,0.0,0.0,0.0,0.0
326,15-19,new_vaccine,0.0,0.0,0.0,0.0
326,20-24,unvaccinated,29.0,383.0,0.0,0.0
326,20-24,old_vaccine,0.0,0.0,0.0,0.0
326,20-24,new_vaccine,0.0,0.0,0.0,0.0
326,25-29,unvaccinated,48.666666666666664,423.0,0.6666666666666666,0.0
326,25-29,old_vaccine,0.0,0.0,0.0,0.0
326,25-29,new_vaccine,0.0,0.0,0.0,0.0
326,30-34,unvaccinated,45.333333333333336,435.6666666666667,0.3333333333333333,0.0
326,30-34,old_vaccine,0.0,0.0,0.0,0.0
326,30-34,new_vaccine,0.0,0.0,0.0,0.0
326,35-39,unvaccinated,46.333333333333336,444.3333333333333,0.0,0.0
326,35-39,old_vaccine,0.0,0.0,0.0,0.0
326,35-39,new_vaccine,0.0,0.0,0.0,0.0
326,40-44,unvaccinated,50.333333333333336,412.3333333333333,0.3333333333333333,0.0
326,40-44,old_vaccine,0.0,0.0,0.0,0.0
326,40-44,new_vaccine,0.0,0.0,0.0,0.0
326,45-49,unvaccinated,60.333333333333336,377.6666666666667,0.6666666666666666,0.0
326,45-49,old_vaccine,0.0,0.0,0.0,0.0
326,45-49,new_vaccine,0.0,0.0,0.0,0.0
326,50-54,unvaccinated,106.33333333333333,405.0,1.0,0.0
326,50-54,old_vaccine,0.0,0.0,0.0,0.0
326,50-54,new_vaccine,0.0,0.0,0.0,0.0
326,55-59,unvaccinated,118.66666666666667,316.6666666666667,1.0,0.3333333333333333
326,55-59,old_vaccine,0.0,0.0,0.0,0.0
326,55-59,new_vaccine,0.0,0.0,0.0,0.0
326,60-64,unvaccinated,110.66666666666667,265.3333333333333,1.6666666666666667,0.0
326,60-64,old_vaccine,0.0,0.0,0.0,0.0
326,60-64,new_vaccine,0.0,0.0,0.0,0.0
326,65-69,unvaccinated,180.0,148.0,2.6666666666666665,0.0
326,65-69,old_vaccine,0.0,0.0,0.0,0.0
326,65-69,new_vaccine,0.0,0.0,0.0,0.0
326,70-74,unvaccinated,213.33333333333334,113.0,2.0,1.3333333333333333
326,70-74,old_vaccine,0.0,0.0,0.0,0.0
326,70-74,new_vaccine,0.0,0.0,0.0,0.0
326,75+,unvaccinated,308.6666666666667,145.33333333333334,5.666666666666667,1.3333333333333333
326,75+,old_vaccine,0.0,0.0,0.0,0.0
326,75+,new_vaccine,0.0,0.0,0.0,0.0
327,0-4,unvaccinated,24.0,348.0,0.3333333333333333,0.0
327,0-4,old_vaccine,0.0,0.0,0.0,0.0
327,0-4,new_vaccine,0.0,0.0,0.0,0.0
327,5-9,unvaccinated,8.333333333333334,397.6666666666667,0.0,0.0
327,5-9,old_vaccine,0.0,0.0,0.0,0.0
327,5-9,new_vaccine,0.0,0.0,0.0,0.0
327,10-14,unvaccinated,8.666666666666666,395.0,0.0,0.0
327,10-14,old_vaccine,0.0,0.0,0.0,0.0
327,10-14,new_vaccine,0.0,0.0,0.0,0.0
327,15-19,unvaccinated,13.666666666666666,361.0,0.0,0.0
327,15-19,old_vaccine,0.0,0.0,0.0,0.0
327,15-19,new_vaccine,0.0,0.0,0.0,0.0
327,20-24,unvaccinated,26.666666666666668,388.0,0.0,0.0
327,20-24,old_vaccine,0.0,0.0,0.0,0.0
327,20-24,new_vaccine,0.0,0.0,0.0,0.0
327,25-29,unvaccinated,43.666666666666664,420.6666666666667,0.0,0.0
327,25-29,old_vaccine,0.0,0.0,0.0,0.0
327,25-29,new_vaccine,0.0,0.0,0.0,0.0
327,30-34,unvaccinated,45.333333333333336,442.3333333333333,0.3333333333333333,0.0
327,30-34,old_vaccine,0.0,0.0,0.0,0.0
327,30-34,new_vaccine,0.0,0.0,0.0,0.0
327,35-39,unvaccinated,44.333333333333336,433.6666666666667,0.0,0.0
327,35-39,old_vaccine,0.0,0.0,0.0,0.0
327,35-39,new_vaccine,0.0,0.0,0.0,0.0
327,40-44,unvaccinated,45.666666666666664,397.3333333333333,1.0,0.0
327,40-44,old_vaccine,0.0,0.0,0.0,0.0
327,40-44,new_vaccine,0.0,0.0,0.0,0.0
327,45-49,unvaccinated,49.333333333333336,403.6666666666667,0.6666666666666666,0.0
327,45-49,old_vaccine,0.0,0.0,0.0,0.0
327,45-49,new_vaccine,0.0,0.0,0.0,0.0
327,50-54,unvaccinated,98.0,371.3333333333333,2.0,0.0
327,50-54,old_vaccine,0.0,0.0,0.0,0.0
327,50-54,new_vaccine,0.0,0.0,0.0,0.0
327,55-59,unvaccinated,110.0,334.6666666666667,1.0,0.0
327,55-59,old_vaccine,0.0,0.0,0.0,0.0
327,55-59,new_vaccine,0.0,0.0,0.0,0.0
327,60-64,unvaccinated,124.66666666666667,271.3333333333333,1.3333333333333333,0.6666666666666666
327,60-64,old_vaccine,0.0,0.0,0.0,0.0
327,60-64,new_vaccine,0.0,0.0,0.0,0.0
327,65-69,unvaccinated,192.66666666666666,152.33333333333334,2.0,1.3333333333333333
327,65-69,old_vaccine,0.0,0.0,0.0,0.0
327,65-69,new_vaccine,0.0,0.0,0.0,0.0
327,70-74,unvaccinated,196.66666666666666,125.0,3.6666666666666665,1.6666666666666667
327,70-74,old_vaccine,0.0,0.0,0.0,0.0
327,70-74,new_vaccine,0.0,0.0,0.0,0.0
327,75+,unvaccinated,304.3333333333333,161.33333333333334,4.666666666666667,0.6666666666666666
327,75+,old_vaccine,0.0,0.0,0.0,0.0
327,75+,new_vaccine,0.0,0.0,0.0,0.0
328,0-4,unvaccinated,27.0,344.0,0.3333333333333333,0.0
328,0-4,old_vaccine,0.0,0.0,0.0,0.0
328,0-4,new_vaccine,0.0,0.0,0.0,0.0
328,5-9,unvaccinated,7.666666666666667,403.6666666666667,0.0,0.0
328,5-9,old_vaccine,0.0,0.0,0.0,0.0
328,5-9,new_vaccine,0.0,0.0,0.0,0.0
328,10-14,unvaccinated,9.333333333333334,398.6666666666667,0.0,0.0
328,10-14,old_vaccine,0.0,0.0,0.0,0.0
328,10-14,new_vaccine,0.0,0.0,0.0,0.0
328,15-19,unvaccinated,7.333333333333333,353.3333333333333,0.0,0.0
328,15-19,old_vaccine,0.0,0.0,0.0,0.0
328,15-19,new_vaccine,0.0,0.0,0.0,0.0
328,20-24,unvaccinated,27.666666666666668,390.3333333333333,0.6666666666666666,0.0
328,20-24,old_vaccine,0.0,0.0,0.0,0.0
328,20-24,new_vaccine,0.0,0.0,0.0,0.0
328,25-29,unvaccinated,48.333333333333336,440.6666666666667,0.0,0.0
328,25-29,old_vaccine,0.0,0.0,0.0,0.0
328,25-29,new_vaccine,0.0,0.0,0.0,0.0
328,30-34,unvaccinated,38.0,431.6666666666667,0.0,0.0
328,30-34,old_vaccine,0.0,0.0,0.0,0.0
328,30-34,new_vaccine,0.0,0.0,0.0,0.0
328,35-39,unvaccinated,41.666666666666664,402.3333333333333,0.3333333333333333,0.0
328,35-39,old_vaccine,0.0,0.0,0.0,0.0
328,35-39,new_vaccine,0.0,0.0,0.0,0.0
328,40-44,unvaccinated,45.0,401.0,0.0,0.0
328,40-44,old_vaccine,0.0,0.0,0.0,0.0
328,40-44,new_vaccine,0.0,0.0,0.0,0.0
328,45-49,unvaccinated,55.333333333333336,392.0,0.6666666666666666,0.0
328,45-49,old_vaccine,0.0,0.0,0.0,0.0
328,45-49,new_vaccine,0.0,0.0,0.0,0.0
328,50-54,unvaccinated,90.33333333333333,373.0,0.6666666666666666,0.0
328,50-54,old_vaccine,0.0,0.0,0.0,0.0
328,50-54,new_vaccine,0.0,0.0,0.0,0.0
328,55-59,unvaccinated,127.33333333333333,326.6666666666667,0.6666666666666666,0.0
328,55-59,old_vaccine,0.0,0.0,0.0,0.0
328,55-59,new_vaccine,0.0,0.0,0.0,0.0
328,60-64,unvaccinated,120.66666666666667,272.3333333333333,1.0,0.0
328,60-64,old_vaccine,0.0,0.0,0.0,0.0
328,60-64,new_vaccine,0.0,0.0,0.0,0.0
328,65-69,unvaccinated,164.66666666666666,154.33333333333334,1.3333333333333333,0.3333333333333333
328,65-69,old_vaccine,0.0,0.0,0.0,0.0
328,65-69,new_vaccine,0.0,0.0,0.0,0.0
328,70-74,unvaccinated,185.33333333333334,117.66666666666667,2.0,0.3333333333333333
328,70-74,old_vaccine,0.0,0.0,0.0,0.0
328,70-74,new_vaccine,0.0,0.0,0.0,0.0
328,75+,unvaccinated,317.6666666666667,156.33333333333334,4.666666666666667,2.0
328,75+,old_vaccine,0.0,0.0,0.0,0.0
328,75+,new_vaccine,0.0,0.0,0.0,0.0
329,0-4,unvaccinated,28.333333333333332,330.0,0.3333333333333333,0.0
329,0-4,old_vaccine,0.0,0.0,0.0,0.0
329,0-4,new_vaccine,0.0,0.0,0.0,0.0
329,5-9,unvaccinated,4.666666666666667,382.3333333333333,0.0,0.0
329,5-9,old_vaccine,0.0,0.0,0.0,0.0
329,5-9,new_vaccine,0.0,0.0,0.0,0.0
329,10-14,unvaccinated,6.333333333333333,389.3333333333333,0.0,0.0
329,10-14,old_vaccine,0.0,0.0,0.0,0.0
329,10-14,new_vaccine,0.0,0.0,0.0,0.0
329,15-19,unvaccinated,11.666666666666666,358.6666666666667,0.0,0.0
329,15-19,old_vaccine,0.0,0.0,0.0,0.0
329,15-19,new_vaccine,0.0,0.0,0.0,0.0
329,20-24,unvaccinated,25.666666666666668,397.6666666666667,0.0,0.0
329,20-24,old_vaccine,0.0,0.0,0.0,0.0
329,20-24,new_vaccine,0.0,0.0,0.0,0.0
329,25-29,unvaccinated,45.666666666666664,443.3333333333333,0.0,0.0
329,25-29,old_vaccine,0.0,0.0,0.0,0.0
329,25-29,new_vaccine,0.0,0.0,0.0,0.0
329,30-34,unvaccinated,51.0,414.0,0.3333333333333333,0.0
329,30-34,old_vaccine,0.0,0.0,0.0,0.0
329,30-34,new_vaccine,0.0,0.0,0.0,0.0
329,35-39,unvaccinated,49.0,446.6666666666667,0.0,0.0
329,35-39,old_vaccine,0.0,0.0,0.0,0.0
329,35-39,new_vaccine,0.0,0.0,0.0,0.0
329,40-44,unvaccinated,44.0,397.3333333333333,0.3333333333333333,0.0
329,40-44,old_vaccine,0.0,0.0,0.0,0.0
329,40-44,new_vaccine,0.0,0.0,0.0,0.0
329,45-49,unvaccinated,56.666666666666664,398.3333333333333,1.0,0.0
329,45-49,old_vaccine,0.0,0.0,0.0,0.0
329,45-49,new_vaccine,0.0,0.0,0.0,0.0
329,50-54,unvaccinated,93.0,402.0,1.6666666666666667,0.0
329,50-54,old_vaccine,0.0,0.0,0.0,0.0
329,50-54,new_vaccine,0.0,0.0,0.0,0.0
329,55-59,unvaccinated,129.66666666666666,363.0,0.6666666666666666,0.3333333333333333
329,55-59,old_vaccine,0.0,0.0,0.0,0.0
329,55-59,new_vaccine,0.0,0.0,0.0,0.0
329,60-64,unvaccinated,110.33333333333333,288.3333333333333,1.6666666666666667,0.0
329,60-64,old_vaccine,0.0,0.0,0.0,0.0
329,60-64,new_vaccine,0.0,0.0,0.0,0.0
329,65-69,unvaccinated,174.33333333333334,150.33333333333334,3.3333333333333335,0.0
329,65-69,old_vaccine,0.0,0.0,0.0,0.0
329,65-69,new_vaccine,0.0,0.0,0.0,0.0
329,70-74,unvaccinated,186.0,112.0,5.0,0.3333333333333333
329,70-74,old_vaccine,0.0,0.0,0.0,0.0
329,70-74,new_vaccine,0.0,0.0,0.0,0.0
329,75+,unvaccinated,313.6666666666667,149.0,2.6666666666666665,1.6666666666666667
329,75+,old_vaccine,0.0,0.0,0.0,0.0
329,75+,new_vaccine,0.0,0.0,0.0,0.0
330,0-4,unvaccinated,24.333333333333332,350.0,0.0,0.0
330,0-4,old_vaccine,0.0,0.0,0.0,0.0
330,0-4,new_vaccine,0.0,0.0,0.0,0.0
330,5-9,unvaccinated,6.0,403.3333333333333,0.0,0.0
330,5-9,old_vaccine,0.0,0.0,0.0,0.0
330,5-9,new_vaccine,0.0,0.0,0.0,0.0
330,10-14,unvaccinated,8.333333333333334,389.0,0.0,0.0
330,10-14,old_vaccine,0.0,0.0,0.0,0.0
330,10-14,new_vaccine,0.0,0.0,0.0,0.0
330,15-19,unvaccinated,9.666666666666666,363.3333333333333,0.0,0.0
330,15-19,old_vaccine,0.0,0.0,0.0,0.0
330,15-19,new_vaccine,0.0,0.0,0.0,0.0
330,20-24,unvaccinated,25.0,388.6666666666667,1.0,0.0
330,20-24,old_vaccine,0.0,0.0,0.0,0.0
330,20-24,new_vaccine,0.0,0.0,0.0,0.0
330,25-29,unvaccinated,44.333333333333336,426.6666666666667,0.3333333333333333,0.0
330,25-29,old_vaccine,0.0,0.0,0.0,0.0
330,25-29,new_vaccine,0.0,0.0,0.0,0.0
330,30-34,unvaccinated,53.666666666666664,423.6666666666667,0.0,0.0
330,30-34,old_vaccine,0.0,0.0,0.0,0.0
330,30-34,new_vaccine,0.0,0.0,0.0,0.0
330,35-39,unvaccinated,49.333333333333336,442.6666666666667,0.0,0.0
330,35-39,old_vaccine,0.0,0.0,0.0,0.0
330,35-39,new_vaccine,0.0,0.0,0.0,0.0
330,40-44,unvaccinated,52.333333333333336,406.3333333333333,0.3333333333333333,0.0
330,40-44,old_vaccine,0.0,0.0,0.0,0.0
330,40-44,new_vaccine,0.0,0.0,0.0,0.0
330,45-49,unvaccinated,50.666666666666664,407.3333333333333,0.3333333333333333,0.0
330,45-49,old_vaccine,0.0,0.0,0.0,0.0
330,45-49,new_vaccine,0.0,0.0,0.0,0.0
330,50-54,unvaccinated,91.33333333333333,369.0,1.3333333333333333,0.3333333333333333
330,50-54,old_vaccine,0.0,0.0,0.0,0.0
330,50-54,new_vaccine,0.0,0.0,0.0,0.0
330,55-59,unvaccinated,133.66666666666666,324.3333333333333,1.6666666666666667,0.3333333333333333
330,55-59,old_vaccine,0.0,0.0,0.0,0.0
330,55-59,new_vaccine,0.0,0.0,0.0,0.0
330,60-64,unvaccinated,118.33333333333333,266.0,2.3333333333333335,0.0
330,60-64,old_vaccine,0.0,0.0,0.0,0.0
330,60-64,new_vaccine,0.0,0.0,0.0,0.0
330,65-69,unvaccinated,189.0,152.33333333333334,3.6666666666666665,0.3333333333333333
330,65-69,old_vaccine,0.0,0.0,0.0,0.0
330,65-69,new_vaccine,0.0,0.0,0.0,0.0
330,70-74,unvaccinated,207.33333333333334,119.0,3.3333333333333335,1.0
330,70-74,old_vaccine,0.0,0.0,0.0,0.0
330,70-74,new_vaccine,0.0,0.0,0.0,0.0
330,75+,unvaccinated,319.6666666666667,162.0,4.0,4.0
330,75+,old_vaccine,0.0,0.0,0.0,0.0
330,75+,new_vaccine,0.0,0.0,0.0,0.0
331,0-4,unvaccinated,23.0,353.3333333333333,0.0,0.0
331,0-4,old_vaccine,0.0,0.0,0.0,0.0
331,0-4,new_vaccine,0.0,0.0,0.0,0.0
331,5-9,unvaccinated,6.0,396.3333333333333,0.0,0.0
331,5-9,old_vaccine,0.0,0.0,0.0,0.0
331,5-9,new_vaccine,0.0,0.0,0.0,0.0
331,10-14,unvaccinated,9.333333333333334,408.6666666666667,0.0,0.0
331,10-14,old_vaccine,0.0,0.0,0.0,0.0
331,10-14,new_vaccine,0.0,0.0,0.0,0.0
331,15-19,unvaccinated,10.0,348.0,0.0,0.0
331,15-19,old_vaccine,0.0,0.0,0.0,0.0
331,15-19,new_vaccine,0.0,0.0,0.0,0.0
331,20-24,unvaccinated,29.0,410.0,0.3333333333333333,0.0
331,20-24,old_vaccine,0.0,0.0,0.0,0.0
331,20-24,new_vaccine,0.0,0.0,0.0,0.0
331,25-29,unvaccinated,49.666666666666664,431.3333333333333,0.3333333333333333,0.0
331,25-29,old_vaccine,0.0,0.0,0.0,0.0
331,25-29,new_vaccine,0.0,0.0,0.0,0.0
331,30-34,unvaccinated,51.333333333333336,424.0,0.0,0.0
331,30-34,old_vaccine,0.0,0.0,0.0,0.0
331,30-34,new_vaccine,0.0,0.0,0.0,0.0
331,35-39,unvaccinated,49.666666666666664,419.3333333333333,0.6666666666666666,0.0
331,35-39,old_vaccine,0.0,0.0,0.0,0.0
331,35-39,new_vaccine,0.0,0.0,0.0,0.0
331,40-44,unvaccinated,44.0,413.0,1.0,0.0
331,40-44,old_vaccine,0.0,0.0,0.0,0.0
331,40-44,new_vaccine,0.0,0.0,0.0,0.0
331,45-49,unvaccinated,62.0,389.6666666666667,1.0,0.0
331,45-49,old_vaccine,0.0,0.0,0.0,0.0
331,45-49,new_vaccine,0.0,0.0,0.0,0.0
331,50-54,unvaccinated,87.33333333333333,380.0,0.6666666666666666,0.0
331,50-54,old_vaccine,0.0,0.0,0.0,0.0
331,50-54,new_vaccine,0.0,0.0,0.0,0.0
331,55-59,unvaccinated,116.33333333333333,347.0,2.3333333333333335,0.3333333333333333
331,55-59,old_vaccine,0.0,0.0,0.0,0.0
331,55-59,new_vaccine,0.0,0.0,0.0,0.0
331,60-64,unvaccinated,120.66666666666667,271.0,2.6666666666666665,0.3333333333333333
331,60-64,old_vaccine,0.0,0.0,0.0,0.0
331,60-64,new_vaccine,0.0,0.0,0.0,0.0
331,65-69,unvaccinated,182.66666666666666,161.33333333333334,3.0,0.6666666666666666
331,65-69,old_vaccine,0.0,0.0,0.0,0.0
331,65-69,new_vaccine,0.0,0.0,0.0,0.0
331,70-74,unvaccinated,187.0,111.0,1.6666666666666667,2.3333333333333335
331,70-74,old_vaccine,0.0,0.0,0.0,0.0
331,70-74,new_vaccine,0.0,0.0,0.0,0.0
331,75+,unvaccinated,318.3333333333333,145.66666666666666,4.666666666666667,2.6666666666666665
331,75+,old_vaccine,0.0,0.0,0.0,0.0
331,75+,new_vaccine,0.0,0.0,0.0,0.0
332,0-4,unvaccinated,29.0,348.6666666666667,0.6666666666666666,0.0
332,0-4,old_vaccine,0.0,0.0,0.0,0.0
332,0-4,new_vaccine,0.0,0.0,0.0,0.0
332,5-9,unvaccinated,4.333333333333333,404.0,0.0,0.0
332,5-9,old_vaccine,0.0,0.0,0.0,0.0
332,5-9,new_vaccine,0.0,0.0,0.0,0.0
332,10-14,unvaccinated,6.333333333333333,380.0,0.0,0.0
332,10-14,old_vaccine,0.0,0.0,0.0,0.0
332,10-14,new_vaccine,0.0,0.0,0.0,0.0
332,15-19,unvaccinated,11.0,372.0,0.0,0.0
332,15-19,old_vaccine,0.0,0.0,0.0,0.0
332,15-19,new_vaccine,0.0,0.0,0.0,0.0
332,20-24,unvaccinated,28.0,379.3333333333333,0.0,0.0
332,20-24,old_vaccine,0.0,0.0,0.0,0.0
332,20-24,new_vaccine,0.0,0.0,0.0,0.0
332,25-29,unvaccinated,53.0,412.6666666666667,0.0,0.0
332,25-29,old_vaccine,0.0,0.0,0.0,0.0
332,25-29,new_vaccine,0.0,0.0,0.0,0.0
332,30-34,unvaccinated,49.666666666666664,433.6666666666667,0.3333333333333333,0.0
332,30-34,old_vaccine,0.0,0.0,0.0,0.0
332,30-34,new_vaccine,0.0,0.0,0.0,0.0
332,35-39,unvaccinated,47.666666666666664,426.6666666666667,0.0,0.0
332,35-39,old_vaccine,0.0,0.0,0.0,0.0
332,35-39,new_vaccine,0.0,0.0,0.0,0.0
332,40-44,unvaccinated,48.666666666666664,431.0,0.6666666666666666,0.0
332,40-44,old_vaccine,0.0,0.0,0.0,0.0
332,40-44,new_vaccine,0.0,0.0,0.0,0.0
332,45-49,unvaccinated,55.0,383.0,0.3333333333333333,0.0
332,45-49,old_vaccine,0.0,0.0,0.0,0.0
332,45-49,new_vaccine,0.0,0.0,0.0,0.0
332,50-54,unvaccinated,96.0,403.3333333333333,1.0,0.0
332,50-54,old_vaccine,0.0,0.0,0.0,0.0
332,50-54,new_vaccine,0.0,0.0,0.0,0.0
332,55-59,unvaccinated,129.33333333333334,358.3333333333333,1.3333333333333333,0.0
332,55-59,old_vaccine,0.0,0.0,0.0,0.0
332,55-59,new_vaccine,0.0,0.0,0.0,0.0
332,60-64,unvaccinated,119.0,269.6666666666667,1.6666666666666667,0.0
332,60-64,old_vaccine,0.0,0.0,0.0,0.0
332,60-64,new_vaccine,0.0,0.0,0.0,0.0
332,65-69,unvaccinated,170.33333333333334,148.33333333333334,2.3333333333333335,0.6666666666666666
332,65-69,old_vaccine,0.0,0.0,0.0,0.0
332,65-69,new_vaccine,0.0,0.0,0.0,0.0
332,70-74,unvaccinated,196.66666666666666,121.33333333333333,2.0,0.6666666666666666
332,70-74,old_vaccine,0.0,0.0,0.0,0.0
332,70-74,new_vaccine,0.0,0.0,0.0,0.0
332,75+,unvaccinated,311.0,150.33333333333334,6.0,3.0
332,75+,old_vaccine,0.0,0.0,0.0,0.0
332,75+,new_vaccine,0.0,0.0,0.0,0.0
333,0-4,unvaccinated,23.333333333333332,346.3333333333333,0.3333333333333333,0.0
333,0-4,old_vaccine,0.0,0.0,0.0,0.0
333,0-4,new_vaccine,0.0,0.0,0.0,0.0
333,5-9,unvaccinated,6.0,404.6666666666667,0.3333333333333333,0.0
333,5-9,old_vaccine,0.0,0.0,0.0,0.0
333,5-9,new_vaccine,0.0,0.0,0.0,0.0
333,10-14,unvaccinated,8.0,391.6666666666667,0.0,0.0
333,10-14,old_vaccine,0.0,0.0,0.0,0.0
333,10-14,new_vaccine,0.0,0.0,0.0,0.0
333,15-19,unvaccinated,9.0,359.6666666666667,0.3333333333333333,0.0
333,15-19,old_vaccine,0.0,0.0,0.0,0.0
333,15-19,new_vaccine,0.0,0.0,0.0,0.0
333,20-24,unvaccinated,29.666666666666668,387.6666666666667,0.0,0.0
333,20-24,old_vaccine,0.0,0.0,0.0,0.0
333,20-24,new_vaccine,0.0,0.0,0.0,0.0
333,25-29,unvaccinated,44.0,431.0,0.0,0.0
333,25-29,old_vaccine,0.0,0.0,0.0,0.0
333,25-29,new_vaccine,0.0,0.0,0.0,0.0
333,30-34,unvaccinated,49.666666666666664,425.0,0.0,0.0
333,30-34,old_vaccine,0.0,0.0,0.0,0.0
333,30-34,new_vaccine,0.0,0.0,0.0,0.0
333,35-39,unvaccinated,46.0,426.3333333333333,0.0,0.0
333,35-39,old_vaccine,0.0,0.0,0.0,0.0
333,35-39,new_vaccine,0.0,0.0,0.0,0.0
333,40-44,unvaccinated,51.666666666666664,405.0,0.6666666666666666,0.0
333,40-44,old_vaccine,0.0,0.0,0.0,0.0
333,40-44,new_vaccine,0.0,0.0,0.0,0.0
333,45-49,unvaccinated,49.666666666666664,377.6666666666667,0.3333333333333333,0.0
333,45-49,old_vaccine,0.0,0.0,0.0,0.0
333,45-49,new_vaccine,0.0,0.0,0.0,0.0
333,50-54,unvaccinated,93.33333333333333,399.0,0.6666666666666666,0.0
333,50-54,old_vaccine,0.0,0.0,0.0,0.0
333,50-54,new_vaccine,0.0,0.0,0.0,0.0
333,55-59,unvaccinated,128.33333333333334,369.0,1.3333333333333333,0.3333333333333333
333,55-59,old_vaccine,0.0,0.0,0.0,0.0
333,55-59,new_vaccine,0.0,0.0,0.0,0.0
333,60-64,unvaccinated,112.33333333333333,285.3333333333333,1.6666666666666667,0.3333333333333333
333,60-64,old_vaccine,0.0,0.0,0.0,0.0
333,60-64,new_vaccine,0.0,0.0,0.0,0.0
333,65-69,unvaccinated,159.66666666666666,150.0,1.0,0.0
333,65-69,old_vaccine,0.0,0.0,0.0,0.0
333,65-69,new_vaccine,0.0,0.0,0.0,0.0
333,70-74,unvaccinated,203.33333333333334,108.33333333333333,4.666666666666667,1.3333333333333333
333,70-74,old_vaccine,0.0,0.0,0.0,0.0
333,70-74,new_vaccine,0.0,0.0,0.0,0.0
333,75+,unvaccinated,317.6666666666667,152.33333333333334,7.0,2.6666666666666665
333,75+,old_vaccine,0.0,0.0,0.0,0.0
333,75+,new_vaccine,0.0,0.0,0.0,0.0
334,0-4,unvaccinated,18.0,337.3333333333333,0.0,0.0
334,0-4,old_vaccine,0.0,0.0,0.0,0.0
334,0-4,new_vaccine,0.0,0.0,0.0,0.0
334,5-9,unvaccinated,6.666666666666667,372.0,0.0,0.0
334,5-9,old_vaccine,0.0,0.0,0.0,0.0
334,5-9,new_vaccine,0.0,0.0,0.0,0.0
334,10-14,unvaccinated,5.666666666666667,361.3333333333333,0.0,0.0
334,10-14,old_vaccine,0.0,0.0,0.0,0.0
334,10-14,new_vaccine,0.0,0.0,0.0,0.0
334,15-19,unvaccinated,13.333333333333334,365.3333333333333,0.0,0.0
334,15-19,old_vaccine,0.0,0.0,0.0,0.0
334,15-19,new_vaccine,0.0,0.0,0.0,0.0
334,20-24,unvaccinated,25.0,390.6666666666667,0.0,0.0
334,20-24,old_vaccine,0.0,0.0,0.0,0.0
334,20-24,new_vaccine,0.0,0.0,0.0,0.0
334,25-29,unvaccinated,42.0,414.0,0.3333333333333333,0.0
334,25-29,old_vaccine,0.0,0.0,0.0,0.0
334,25-29,new_vaccine,0.0,0.0,0.0,0.0
334,30-34,unvaccinated,51.666666666666664,441.3333333333333,0.0,0.0
334,30-34,old_vaccine,0.0,0.0,0.0,0.0
334,30-34,new_vaccine,0.0,0.0,0.0,0.0
334,35-39,unvaccinated,45.666666666666664,455.3333333333333,0.0,0.0
334,35-39,old_vaccine,0.0,0.0,0.0,0.0
334,35-39,new_vaccine,0.0,0.0,0.0,0.0
334,40-44,unvaccinated,54.333333333333336,418.3333333333333,0.0,0.0
334,40-44,old_vaccine,0.0,0.0,0.0,0.0
334,40-44,new_vaccine,0.0,0.0,0.0,0.0
334,45-49,unvaccinated,63.333333333333336,382.3333333333333,0.0,0.3333333333333333
334,45-49,old_vaccine,0.0,0.0,0.0,0.0
334,45-49,new_vaccine,0.0,0.0,0.0,0.0
334,50-54,unvaccinated,91.0,392.3333333333333,1.3333333333333333,0.0
334,50-54,old_vaccine,0.0,0.0,0.0,0.0
334,50-54,new_vaccine,0.0,0.0,0.0,0.0
334,55-59,unvaccinated,121.33333333333333,346.0,0.6666666666666666,0.0
334,55-59,old_vaccine,0.0,0.0,0.0,0.0
334,55-59,new_vaccine,0.0,0.0,0.0,0.0
334,60-64,unvaccinated,118.0,271.0,2.0,0.3333333333333333
334,60-64,old_vaccine,0.0,0.0,0.0,0.0
334,60-64,new_vaccine,0.0,0.0,0.0,0.0
334,65-69,unvaccinated,173.66666666666666,154.66666666666666,2.0,0.6666666666666666
334,65-69,old_vaccine,0.0,0.0,0.0,0.0
334,65-69,new_vaccine,0.0,0.0,0.0,0.0
334,70-74,unvaccinated,195.0,110.33333333333333,4.0,1.3333333333333333
334,70-74,old_vaccine,0.0,0.0,0.0,0.0
334,70-74,new_vaccine,0.0,0.0,0.0,0.0
334,75+,unvaccinated,317.3333333333333,156.33333333333334,6.333333333333333,2.0
334,75+,old_vaccine,0.0,0.0,0.0,0.0
334,75+,new_vaccine,0.0,0.0,0.0,0.0
335,0-4,unvaccinated,26.0,342.6666666666667,0.6666666666666666,0.0
335,0-4,old_vaccine,0.0,0.0,0.0,0.0
335,0-4,new_vaccine,0.0,0.0,0.0,0.0
335,5-9,unvaccinated,5.333333333333333,410.0,0.0,0.0
335,5-9,old_vaccine,0.0,0.0,0.0,0.0
335,5-9,new_vaccine,0.0,0.0,0.0,0.0
335,10-14,unvaccinated,9.0,382.3333333333333,0.0,0.0
335,10-14,old_vaccine,0.0,0.0,0.0,0.0
335,10-14,new_vaccine,0.0,0.0,0.0,0.0
335,15-19,unvaccinated,10.666666666666666,372.6666666666667,0.0,0.0
335,15-19,old_vaccine,0.0,0.0,0.0,0.0
335,15-19,new_vaccine,0.0,0.0,0.0,0.0
335,20-24,unvaccinated,23.0,393.0,0.3333333333333333,0.0
335,20-24,old_vaccine,0.0,0.0,0.0,0.0
335,20-24,new_vaccine,0.0,0.0,0.0,0.0
335,25-29,unvaccinated,48.0,417.3333333333333,0.3333333333333333,0.0
335,25-29,old_vaccine,0.0,0.0,0.0,0.0
335,25-29,new_vaccine,0.0,0.0,0.0,0.0
335,30-34,unvaccinated,52.0,427.3333333333333,0.0,0.0
335,30-34,old_vaccine,0.0,0.0,0.0,0.0
335,30-34,new_vaccine,0.0,0.0,0.0,0.0
335,35-39,unvaccinated,48.333333333333336,426.6666666666667,0.3333333333333333,0.0
335,35-39,old_vaccine,0.0,0.0,0.0,0.0
335,35-39,new_vaccine,0.0,0.0,0.0,0.0
335,40-44,unvaccinated,44.0,403.3333333333333,0.6666666666666666,0.0
335,40-44,old_vaccine,0.0,0.0,0.0,0.0
335,40-44,new_vaccine,0.0,0.0,0.0,0.0
335,45-49,unvaccinated,52.666666666666664,393.0,1.6666666666666667,0.0
335,45-49,old_vaccine,0.0,0.0,0.0,0.0
335,45-49,new_vaccine,0.0,0.0,0.0,0.0
335,50-54,unvaccinated,96.66666666666667,398.6666666666667,1.0,0.0
335,50-54,old_vaccine,0.0,0.0,0.0,0.0
335,50-54,new_vaccine,0.0,0.0,0.0,0.0
335,55-59,unvaccinated,122.33333333333333,343.3333333333333,2.3333333333333335,0.3333333333333333
335,55-59,old_vaccine,0.0,0.0,0.0,0.0
335,55-59,new_vaccine,0.0,0.0,0.0,0.0
335,60-64,unvaccinated,125.33333333333333,283.0,2.0,0.3333333333333333
335,60-64,old_vaccine,0.0,0.0,0.0,0.0
335,60-64,new_vaccine,0.0,0.0,0.0,0.0
335,65-69,unvaccinated,167.33333333333334,157.66666666666666,2.0,1.0
335,65-69,old_vaccine,0.0,0.0,0.0,0.0
335,65-69,new_vaccine,0.0,0.0,0.0,0.0
335,70-74,unvaccinated,204.33333333333334,110.66666666666667,3.3333333333333335,0.3333333333333333
335,70-74,old_vaccine,0.0,0.0,0.0,0.0
335,70-74,new_vaccine,0.0,0.0,0.0,0.0
335,75+,unvaccinated,308.0,145.66666666666666,5.0,2.6666666666666665
335,75+,old_vaccine,0.0,0.0,0.0,0.0
335,75+,new_vaccine,0.0,0.0,0.0,0.0
336,0-4,unvaccinated,22.333333333333332,351.0,0.0,0.0
336,0-4,old_vaccine,0.0,0.0,0.0,0.0
336,0-4,new_vaccine,0.0,0.0,0.0,0.0
336,5-9,unvaccinated,5.333333333333333,406.6666666666667,0.3333333333333333,0.0
336,5-9,old_vaccine,0.0,0.0,0.0,0.0
336,5-9,new_vaccine,0.0,0.0,0.0,0.0
336,10-14,unvaccinated,5.333333333333333,397.3333333333333,0.0,0.0
336,10-14,old_vaccine,0.0,0.0,0.0,0.0
336,10-14,new_vaccine,0.0,0.0,0.0,0.0
336,15-19,unvaccinated,8.666666666666666,364.3333333333333,0.0,0.0
336,15-19,old_vaccine,0.0,0.0,0.0,0.0
336,15-19,new_vaccine,0.0,0.0,0.0,0.0
336,20-24,unvaccinated,32.0,386.3333333333333,0.0,0.0
336,20-24,old_vaccine,0.0,0.0,0.0,0.0
336,20-24,new_vaccine,0.0,0.0,0.0,0.0
336,25-29,unvaccinated,44.333333333333336,421.0,0.0,0.0
336,25-29,old_vaccine,0.0,0.0,0.0,0.0
336,25-29,new_vaccine,0.0,0.0,0.0,0.0
336,30-34,unvaccinated,53.333333333333336,436.0,0.0,0.0
336,30-34,old_vaccine,0.0,0.0,0.0,0.0
336,30-34,new_vaccine,0.0,0.0,0.0,0.0
336,35-39,unvaccinated,44.666666666666664,421.0,1.0,0.0
336,35-39,old_vaccine,0.0,0.0,0.0,0.0
336,35-39,new_vaccine,0.0,0.0,0.0,0.0
336,40-44,unvaccinated,56.0,403.6666666666667,0.3333333333333333,0.0
336,40-44,old_vaccine,0.0,0.0,0.0,0.0
336,40-44,new_vaccine,0.0,0.0,0.0,0.0
336,45-49,unvaccinated,60.666666666666664,403.3333333333333,2.0,0.0
336,45-49,old_vaccine,0.0,0.0,0.0,0.0
336,45-49,new_vaccine,0.0,0.0,0.0,0.0
336,50-54,unvaccinated,89.66666666666667,402.3333333333333,2.3333333333333335,0.0
336,50-54,old_vaccine,0.0,0.0,0.0,0.0
336,50-54,new_vaccine,0.0,0.0,0.0,0.0
336,55-59,unvaccinated,112.0,347.6666666666667,1.0,0.0
336,55-59,old_vaccine,0.0,0.0,0.0,0.0
336,55-59,new_vaccine,0.0,0.0,0.0,0.0
336,60-64,unvaccinated,119.0,267.6666666666667,1.0,0.0
336,60-64,old_vaccine,0.0,0.0,0.0,0.0
336,60-64,new_vaccine,0.0,0.0,0.0,0.0
336,65-69,unvaccinated,177.0,150.33333333333334,2.0,0.0
336,65-69,old_vaccine,0.0,0.0,0.0,0.0
336,65-69,new_vaccine,0.0,0.0,0.0,0.0
336,70-74,unvaccinated,185.66666666666666,102.0,4.333333333333333,0.3333333333333333
336,70-74,old_vaccine,0.0,0.0,0.0,0.0
336,70-74,new_vaccine,0.0,0.0,0.0,0.0
336,75+,unvaccinated,322.6666666666667,152.33333333333334,3.3333333333333335,3.0
336,75+,old_vaccine,0.0,0.0,0.0,0.0
336,75+,new_vaccine,0.0,0.0,0.0,0.0
337,0-4,unvaccinated,24.0,353.0,0.6666666666666666,0.0
337,0-4,old_vaccine,0.0,0.0,0.0,0.0
337,0-4,new_vaccine,0.0,0.0,0.0,0.0
337,5-9,unvaccinated,6.666666666666667,402.6666666666667,0.0,0.0
337,5-9,old_vaccine,0.0,0.0,0.0,0.0
337,5-9,new_vaccine,0.0,0.0,0.0,0.0
337,10-14,unvaccinated,6.666666666666667,392.6666666666667,0.6666666666666666,0.0
337,10-14,old_vaccine,0.0,0.0,0.0,0.0
337,10-14,new_vaccine,0.0,0.0,0.0,0.0
337,15-19,unvaccinated,13.666666666666666,354.6666666666667,0.0,0.0
337,15-19,old_vaccine,0.0,0.0,0.0,0.0
337,15-19,new_vaccine,0.0,0.0,0.0,0.0
337,20-24,unvaccinated,31.0,388.0,0.3333333333333333,0.0
337,20-24,old_vaccine,0.0,0.0,0.0,0.0
337,20-24,new_vaccine,0.0,0.0,0.0,0.0
337,25-29,unvaccinated,41.0,439.0,0.0,0.0
337,25-29,old_vaccine,0.0,0.0,0.0,0.0
337,25-29,new_vaccine,0.0,0.0,0.0,0.0
337,30-34,unvaccinated,51.0,412.3333333333333,0.0,0.0
337,30-34,old_vaccine,0.0,0.0,0.0,0.0
337,30-34,new_vaccine,0.0,0.0,0.0,0.0
337,35-39,unvaccinated,39.666666666666664,406.3333333333333,0.3333333333333333,0.0
337,35-39,old_vaccine,0.0,0.0,0.0,0.0
337,35-39,new_vaccine,0.0,0.0,0.0,0.0
337,40-44,unvaccinated,47.333333333333336,400.0,0.3333333333333333,0.0
337,40-44,old_vaccine,0.0,0.0,0.0,0.0
337,40-44,new_vaccine,0.0,0.0,0.0,0.0
337,45-49,unvaccinated,53.0,399.3333333333333,0.0,0.0
337,45-49,old_vaccine,0.0,0.0,0.0,0.0
337,45-49,new_vaccine,0.0,0.0,0.0,0.0
337,50-54,unvaccinated,94.66666666666667,388.0,0.3333333333333333,0.0
337,50-54,old_vaccine,0.0,0.0,0.0,0.0
337,50-54,new_vaccine,0.0,0.0,0.0,0.0
337,55-59,unvaccinated,106.66666666666667,343.6666666666667,1.3333333333333333,0.0
337,55-59,old_vaccine,0.0,0.0,0.0,0.0
337,55-59,new_vaccine,0.0,0.0,0.0,0.0
337,60-64,unvaccinated,112.66666666666667,288.3333333333333,1.0,0.0
337,60-64,old_vaccine,0.0,0.0,0.0,0.0
337,60-64,new_vaccine,0.0,0.0,0.0,0.0
337,65-69,unvaccinated,173.33333333333334,157.66666666666666,1.6666666666666667,1.0
337,65-69,old_vaccine,0.0,0.0,0.0,0.0
337,65-69,new_vaccine,0.0,0.0,0.0,0.0
337,70-74,unvaccinated,203.0,111.0,2.3333333333333335,2.3333333333333335
337,70-74,old_vaccine,0.0,0.0,0.0,0.0
337,70-74,new_vaccine,0.0,0.0,0.0,0.0
337,75+,unvaccinated,322.6666666666667,141.33333333333334,7.666666666666667,1.6666666666666667
337,75+,old_vaccine,0.0,0.0,0.0,0.0
337,75+,new_vaccine,0.0,0.0,0.0,0.0
338,0-4,unvaccinated,28.0,334.3333333333333,0.6666666666666666,0.0
338,0-4,old_vaccine,0.0,0.0,0.0,0.0
338,0-4,new_vaccine,0.0,0.0,0.0,0.0
338,5-9,unvaccinated,5.666666666666667,428.3333333333333,0.0,0.0
338,5-9,old_vaccine,0.0,0.0,0.0,0.0
338,5-9,new_vaccine,0.0,0.0,0.0,0.0
338,10-14,unvaccinated,7.0,369.0,0.0,0.0
338,10-14,old_vaccine,0.0,0.0,0.0,0.0
338,10-14,new_vaccine,0.0,0.0,0.0,0.0
338,15-19,unvaccinated,11.333333333333334,374.6666666666667,0.0,0.0
338,15-19,old_vaccine,0.0,0.0,0.0,0.0
338,15-19,new_vaccine,0.0,0.0,0.0,0.0
338,20-24,unvaccinated,38.666666666666664,389.6666666666667,0.3333333333333333,0.0
338,20-24,old_vaccine,0.0,0.0,0.0,0.0
338,20-24,new_vaccine,0.0,0.0,0.0,0.0
338,25-29,unvaccinated,49.0,434.3333333333333,0.3333333333333333,0.0
338,25-29,old_vaccine,0.0,0.0,0.0,0.0
338,25-29,new_vaccine,0.0,0.0,0.0,0.0
338,30-34,unvaccinated,47.333333333333336,441.0,0.6666666666666666,0.0
338,30-34,old_vaccine,0.0,0.0,0.0,0.0
338,30-34,new_vaccine,0.0,0.0,0.0,0.0
338,35-39,unvaccinated,43.0,443.0,0.3333333333333333,0.0
338,35-39,old_vaccine,0.0,0.0,0.0,0.0
338,35-39,new_vaccine,0.0,0.0,0.0,0.0
338,40-44,unvaccinated,44.333333333333336,394.0,0.3333333333333333,0.0
338,40-44,old_vaccine,0.0,0.0,0.0,0.0
338,40-44,new_vaccine,0.0,0.0,0.0,0.0
338,45-49,unvaccinated,56.333333333333336,382.0,0.3333333333333333,0.3333333333333333
338,45-49,old_vaccine,0.0,0.0,0.0,0.0
338,45-49,new_vaccine,0.0,0.0,0.0,0.0
338,50-54,unvaccinated,94.0,397.6666666666667,0.6666666666666666,0.3333333333333333
338,50-54,old_vaccine,0.0,0.0,0.0,0.0
338,50-54,new_vaccine,0.0,0.0,0.0,0.0
338,55-59,unvaccinated,124.66666666666667,349.0,2.0,0.3333333333333333
338,55-59,old_vaccine,0.0,0.0,0.0,0.0
338,55-59,new_vaccine,0.0,0.0,0.0,0.0
338,60-64,unvaccinated,107.33333333333333,266.0,3.3333333333333335,0.6666666666666666
338,60-64,old_vaccine,0.0,0.0,0.0,0.0
338,60-64,new_vaccine,0.0,0.0,0.0,0.0
338,65-69,unvaccinated,182.66666666666666,150.66666666666666,3.0,3.0
338,65-69,old_vaccine,0.0,0.0,0.0,0.0
338,65-69,new_vaccine,0.0,0.0,0.0,0.0
338,70-74,unvaccinated,190.0,105.33333333333333,5.0,1.0
338,70-74,old_vaccine,0.0,0.0,0.0,0.0
338,70-74,new_vaccine,0.0,0.0,0.0,0.0
338,75+,unvaccinated,319.6666666666667,166.33333333333334,5.666666666666667,2.3333333333333335
338,75+,old_vaccine,0.0,0.0,0.0,0.0
338,75+,new_vaccine,0.0,0.0,0.0,0.0
339,0-4,unvaccinated,24.333333333333332,355.6666666666667,0.0,0.0
339,0-4,old_vaccine,0.0,0.0,0.0,0.0
339,0-4,new_vaccine,0.0,0.0,0.0,0.0
339,5-9,unvaccinated,4.333333333333333,394.6666666666667,0.0,0.0
339,5-9,old_vaccine,0.0,0.0,0.0,0.0
339,5-9,new_vaccine,0.0,0.0,0.0,0.0
339,10-14,unvaccinated,10.0,388.0,0.0,0.0
339,10-14,old_vaccine,0.0,0.0,0.0,0.0
339,10-14,new_vaccine,0.0,0.0,0.0,0.0
339,15-19,unvaccinated,8.666666666666666,371.6666666666667,0.0,0.0
339,15-19,old_vaccine,0.0,0.0,0.0,0.0
339,15-19,new_vaccine,0.0,0.0,0.0,0.0
339,20-24,unvaccinated,29.666666666666668,385.3333333333333,0.0,0.0
339,20-24,old_vaccine,0.0,0.0,0.0,0.0
339,20-24,new_vaccine,0.0,0.0,0.0,0.0
339,25-29,unvaccinated,43.0,414.6666666666667,0.0,0.0
339,25-29,old_vaccine,0.0,0.0,0.0,0.0
339,25-29,new_vaccine,0.0,0.0,0.0,0.0
339,30-34,unvaccinated,49.0,432.0,0.0,0.0
339,30-34,old_vaccine,0.0,0.0,0.0,0.0
339,30-34,new_vaccine,0.0,0.0,0.0,0.0
339,35-39,unvaccinated,37.0,419.3333333333333,0.0,0.0
339,35-39,old_vaccine,0.0,0.0,0.0,0.0
339,35-39,new_vaccine,0.0,0.0,0.0,0.0
339,40-44,unvaccinated,46.333333333333336,428.3333333333333,0.0,0.0
339,40-44,old_vaccine,0.0,0.0,0.0,0.0
339,40-44,new_vaccine,0.0,0.0,0.0,0.0
339,45-49,unvaccinated,56.666666666666664,389.0,0.0,0.0
339,45-49,old_vaccine,0.0,0.0,0.0,0.0
339,45-49,new_vaccine,0.0,0.0,0.0,0.0
339,50-54,unvaccinated,93.66666666666667,368.0,1.3333333333333333,0.0
339,50-54,old_vaccine,0.0,0.0,0.0,0.0
339,50-54,new_vaccine,0.0,0.0,0.0,0.0
339,55-59,unvaccinated,112.33333333333333,338.0,0.6666666666666666,0.3333333333333333
339,55-59,old_vaccine,0.0,0.0,0.0,0.0
339,55-59,new_vaccine,0.0,0.0,0.0,0.0
339,60-64,unvaccinated,120.33333333333333,288.6666666666667,0.6666666666666666,0.3333333333333333
339,60-64,old_vaccine,0.0,0.0,0.0,0.0
339,60-64,new_vaccine,0.0,0.0,0.0,0.0
339,65-69,unvaccinated,173.0,154.0,1.3333333333333333,1.0
339,65-69,old_vaccine,0.0,0.0,0.0,0.0
339,65-69,new_vaccine,0.0,0.0,0.0,0.0
339,70-74,unvaccinated,200.66666666666666,121.33333333333333,3.0,0.6666666666666666
339,70-74,old_vaccine,0.0,0.0,0.0,0.0
339,70-74,new_vaccine,0.0,0.0,0.0,0.0
339,75+,unvaccinated,330.6666666666667,154.33333333333334,5.333333333333333,1.0
339,75+,old_vaccine,0.0,0.0,0.0,0.0
339,75+,new_vaccine,0.0,0.0,0.0,0.0
340,0-4,unvaccinated,21.333333333333332,340.0,0.3333333333333333,0.0
340,0-4,old_vaccine,0.0,0.0,0.0,0.0
340,0-4,new_vaccine,0.0,0.0,0.0,0.0
340,5-9,unvaccinated,6.666666666666667,403.3333333333333,0.0,0.0
340,5-9,old_vaccine,0.0,0.0,0.0,0.0
340,5-9,new_vaccine,0.0,0.0,0.0,0.0
340,10-14,unvaccinated,7.0,388.6666666666667,0.0,0.0
340,10-14,old_vaccine,0.0,0.0,0.0,0.0
340,10-14,new_vaccine,0.0,0.0,0.0,0.0
340,15-19,unvaccinated,11.666666666666666,355.3333333333333,0.3333333333333333,0.0
340,15-19,old_vaccine,0.0,0.0,0.0,0.0
340,15-19,new_vaccine,0.0,0.0,0.0,0.0
340,20-24,unvaccinated,29.666666666666668,379.6666666666667,0.0,0.0
340,20-24,old_vaccine,0.0,0.0,0.0,0.0
340,20-24,new_vaccine,0.0,0.0,0.0,0.0
340,25-29,unvaccinated,43.0,428.6666666666667,0.3333333333333333,0.0
340,25-29,old_vaccine,0.0,0.0,0.0,0.0
340,25-29,new_vaccine,0.0,0.0,0.0,0.0
340,30-34,unvaccinated,63.333333333333336,441.6666666666667,0.3333333333333333,0.0
340,30-34,old_vaccine,0.0,0.0,0.0,0.0
340,30-34,new_vaccine,0.0,0.0,0.0,0.0
340,35-39,unvaccinated,47.0,418.3333333333333,0.3333333333333333,0.0
340,35-39,old_vaccine,0.0,0.0,0.0,0.0
340,35-39,new_vaccine,0.0,0.0,0.0,0.0
340,40-44,unvaccinated,47.0,416.6666666666667,0.0,0.0
340,40-44,old_vaccine,0.0,0.0,0.0,0.0
340,40-44,new_vaccine,0.0,0.0,0.0,0.0
340,45-49,unvaccinated,55.333333333333336,408.3333333333333,0.0,0.0
340,45-49,old_vaccine,0.0,0.0,0.0,0.0
340,45-49,new_vaccine,0.0,0.0,0.0,0.0
340,50-54,unvaccinated,94.66666666666667,393.0,0.6666666666666666,0.0
340,50-54,old_vaccine,0.0,0.0,0.0,0.0
340,50-54,new_vaccine,0.0,0.0,0.0,0.0
340,55-59,unvaccinated,108.66666666666667,335.3333333333333,2.3333333333333335,0.3333333333333333
340,55-59,old_vaccine,0.0,0.0,0.0,0.0
340,55-59,new_vaccine,0.0,0.0,0.0,0.0
340,60-64,unvaccinated,124.66666666666667,287.3333333333333,2.3333333333333335,0.0
340,60-64,old_vaccine,0.0,0.0,0.0,0.0
340,60-64,new_vaccine,0.0,0.0,0.0,0.0
340,65-69,unvaccinated,165.33333333333334,147.66666666666666,3.6666666666666665,1.0
340,65-69,old_vaccine,0.0,0.0,0.0,0.0
340,65-69,new_vaccine,0.0,0.0,0.0,0.0
340,70-74,unvaccinated,195.0,108.66666666666667,4.333333333333333,1.0
340,70-74,old_vaccine,0.0,0.0,0.0,0.0
340,70-74,new_vaccine,0.0,0.0,0.0,0.0
340,75+,unvaccinated,306.3333333333333,147.33333333333334,5.666666666666667,4.0
340,75+,old_vaccine,0.0,0.0,0.0,0.0
340,75+,new_vaccine,0.0,0.0,0.0,0.0
341,0-4,unvaccinated,29.333333333333332,358.6666666666667,0.0,0.0
341,0-4,old_vaccine,0.0,0.0,0.0,0.0
341,0-4,new_vaccine,0.0,0.0,0.0,0.0
341,5-9,unvaccinated,5.0,380.3333333333333,0.0,0.0
341,5-9,old_vaccine,0.0,0.0,0.0,0.0
341,5-9,new_vaccine,0.0,0.0,0.0,0.0
341,10-14,unvaccinated,7.0,397.0,0.0,0.0
341,10-14,old_vaccine,0.0,0.0,0.0,0.0
341,10-14,new_vaccine,0.0,0.0,0.0,0.0
341,15-19,unvaccinated,4.333333333333333,364.3333333333333,0.0,0.0
341,15-19,old_vaccine,0.0,0.0,0.0,0.0
341,15-19,new_vaccine,0.0,0.0,0.0,0.0
341,20-24,unvaccinated,24.333333333333332,371.0,0.6666666666666666,0.0
341,20-24,old_vaccine,0.0,0.0,0.0,0.0
341,20-24,new_vaccine,0.0,0.0,0.0,0.0
341,25-29,unvaccinated,45.666666666666664,438.3333333333333,0.0,0.0
341,25-29,old_vaccine,0.0,0.0,0.0,0.0
341,25-29,new_vaccine,0.0,0.0,0.0,0.0
341,30-34,unvaccinated,51.0,429.0,0.0,0.0
341,30-34,old_vaccine,0.0,0.0,0.0,0.0
341,30-34,new_vaccine,0.0,0.0,0.0,0.0
341,35-39,unvaccinated,45.0,435.3333333333333,0.3333333333333333,0.0
341,35-39,old_vaccine,0.0,0.0,0.0,0.0
341,35-39,new_vaccine,0.0,0.0,0.0,0.0
341,40-44,unvaccinated,38.666666666666664,400.6666666666667,0.0,0.0
341,40-44,old_vaccine,0.0,0.0,0.0,0.0
341,40-44,new_vaccine,0.0,0.0,0.0,0.0
341,45-49,unvaccinated,55.666666666666664,416.6666666666667,0.3333333333333333,0.0
341,45-49,old_vaccine,0.0,0.0,0.0,0.0
341,45-49,new_vaccine,0.0,0.0,0.0,0.0
341,50-54,unvaccinated,89.66666666666667,370.0,1.0,0.0
341,50-54,old_vaccine,0.0,0.0,0.0,0.0
341,50-54,new_vaccine,0.0,0.0,0.0,0.0
341,55-59,unvaccinated,119.0,338.3333333333333,2.0,0.3333333333333333
341,55-59,old_vaccine,0.0,0.0,0.0,0.0
341,55-59,new_vaccine,0.0,0.0,0.0,0.0
341,60-64,unvaccinated,107.0,274.3333333333333,2.6666666666666665,0.0
341,60-64,old_vaccine,0.0,0.0,0.0,0.0
341,60-64,new_vaccine,0.0,0.0,0.0,0.0
341,65-69,unvaccinated,172.0,162.33333333333334,2.0,0.3333333333333333
341,65-69,old_vaccine,0.0,0.0,0.0,0.0
341,65-69,new_vaccine,0.0,0.0,0.0,0.0
341,70-74,unvaccinated,204.66666666666666,110.0,4.0,0.3333333333333333
341,70-74,old_vaccine,0.0,0.0,0.0,0.0
341,70-74,new_vaccine,0.0,0.0,0.0,0.0
341,75+,unvaccinated,322.3333333333333,152.0,6.666666666666667,1.3333333333333333
341,75+,old_vaccine,0.0,0.0,0.0,0.0
341,75+,new_vaccine,0.0,0.0,0.0,0.0
342,0-4,unvaccinated,28.333333333333332,362.6666666666667,0.0,0.0
342,0-4,old_vaccine,0.0,0.0,0.0,0.0
342,0-4,new_vaccine,0.0,0.0,0.0,0.0
342,5-9,unvaccinated,3.6666666666666665,393.0,0.0,0.0
342,5-9,old_vaccine,0.0,0.0,0.0,0.0
342,5-9,new_vaccine,0.0,0.0,0.0,0.0
342,10-14,unvaccinated,7.666666666666667,411.6666666666667,0.0,0.0
342,10-14,old_vaccine,0.0,0.0,0.0,0.0
342,10-14,new_vaccine,0.0,0.0,0.0,0.0
342,15-19,unvaccinated,9.0,362.6666666666667,0.0,0.0
342,15-19,old_vaccine,0.0,0.0,0.0,0.0
342,15-19,new_vaccine,0.0,0.0,0.0,0.0
342,20-24,unvaccinated,27.0,388.6666666666667,0.0,0.0
342,20-24,old_vaccine,0.0,0.0,0.0,0.0
342,20-24,new_vaccine,0.0,0.0,0.0,0.0
342,25-29,unvaccinated,37.333333333333336,425.6666666666667,0.0,0.0
342,25-29,old_vaccine,0.0,0.0,0.0,0.0
342,25-29,new_vaccine,0.0,0.0,0.0,0.0
342,30-34,unvaccinated,47.333333333333336,430.3333333333333,0.0,0.0
342,30-34,old_vaccine,0.0,0.0,0.0,0.0
342,30-34,new_vaccine,0.0,0.0,0.0,0.0
342,35-39,unvaccinated,48.666666666666664,434.0,0.3333333333333333,0.0
342,35-39,old_vaccine,0.0,0.0,0.0,0.0
342,35-39,new_vaccine,0.0,0.0,0.0,0.0
342,40-44,unvaccinated,51.333333333333336,389.6666666666667,0.0,0.0
342,40-44,old_vaccine,0.0,0.0,0.0,0.0
342,40-44,new_vaccine,0.0,0.0,0.0,0.0
342,45-49,unvaccinated,53.666666666666664,375.0,0.0,0.0
342,45-49,old_vaccine,0.0,0.0,0.0,0.0
342,45-49,new_vaccine,0.0,0.0,0.0,0.0
342,50-54,unvaccinated,96.66666666666667,387.0,1.3333333333333333,0.3333333333333333
342,50-54,old_vaccine,0.0,0.0,0.0,0.0
342,50-54,new_vaccine,0.0,0.0,0.0,0.0
342,55-59,unvaccinated,123.0,328.6666666666667,1.3333333333333333,0.0
342,55-59,old_vaccine,0.0,0.0,0.0,0.0
342,55-59,new_vaccine,0.0,0.0,0.0,0.0
342,60-64,unvaccinated,104.66666666666667,290.0,0.6666666666666666,0.0
342,60-64,old_vaccine,0.0,0.0,0.0,0.0
342,60-64,new_vaccine,0.0,0.0,0.0,0.0
342,65-69,unvaccinated,157.66666666666666,158.0,3.0,0.0
342,65-69,old_vaccine,0.0,0.0,0.0,0.0
342,65-69,new_vaccine,0.0,0.0,0.0,0.0
342,70-74,unvaccinated,186.0,108.66666666666667,2.3333333333333335,0.6666666666666666
342,70-74,old_vaccine,0.0,0.0,0.0,0.0
342,70-74,new_vaccine,0.0,0.0,0.0,0.0
342,75+,unvaccinated,330.0,140.0,6.0,2.3333333333333335
342,75+,old_vaccine,0.0,0.0,0.0,0.0
342,75+,new_vaccine,0.0,0.0,0.0,0.0
343,0-4,unvaccinated,30.0,347.3333333333333,0.6666666666666666,0.0
343,0-4,old_vaccine,0.0,0.0,0.0,0.0
343,0-4,new_vaccine,0.0,0.0,0.0,0.0
343,5-9,unvaccinated,5.333333333333333,391.3333333333333,0.0,0.0
343,5-9,old_vaccine,0.0,0.0,0.0,0.0
343,5-9,new_vaccine,0.0,0.0,0.0,0.0
343,10-14,unvaccinated,7.333333333333333,397.6666666666667,0.0,0.0
343,10-14,old_vaccine,0.0,0.0,0.0,0.0
343,10-14,new_vaccine,0.0,0.0,0.0,0.0
343,15-19,unvaccinated,10.666666666666666,361.0,0.0,0.0
343,15-19,old_vaccine,0.0,0.0,0.0,0.0
343,15-19,new_vaccine,0.0,0.0,0.0,0.0
343,20-24,unvaccinated,32.0,402.0,0.0,0.0
343,20-24,old_vaccine,0.0,0.0,0.0,0.0
343,20-24,new_vaccine,0.0,0.0,0.0,0.0
343,25-29,unvaccinated,56.0,416.0,0.0,0.0
343,25-29,old_vaccine,0.0,0.0,0.0,0.0
343,25-29,new_vaccine,0.0,0.0,0.0,0.0
343,30-34,unvaccinated,42.666666666666664,416.6666666666667,0.0,0.0
343,30-34,old_vaccine,0.0,0.0,0.0,0.0
343,30-34,new_vaccine,0.0,0.0,0.0,0.0
343,35-39,unvaccinated,44.0,437.0,0.6666666666666666,0.0
343,35-39,old_vaccine,0.0,0.0,0.0,0.0
343,35-39,new_vaccine,0.0,0.0,0.0,0.0
343,40-44,unvaccinated,43.333333333333336,410.3333333333333,0.0,0.0
343,40-44,old_vaccine,0.0,0.0,0.0,0.0
343,40-44,new_vaccine,0.0,0.0,0.0,0.0
343,45-49,unvaccinated,49.333333333333336,370.6666666666667,0.0,0.0
343,45-49,old_vaccine,0.0,0.0,0.0,0.0
343,45-49,new_vaccine,0.0,0.0,0.0,0.0
343,50-54,unvaccinated,99.66666666666667,392.3333333333333,1.3333333333333333,0.0
343,50-54,old_vaccine,0.0,0.0,0.0,0.0
343,50-54,new_vaccine,0.0,0.0,0.0,0.0
343,55-59,unvaccinated,121.66666666666667,350.0,1.0,0.0
343,55-59,old_vaccine,0.0,0.0,0.0,0.0
343,55-59,new_vaccine,0.0,0.0,0.0,0.0
343,60-64,unvaccinated,103.66666666666667,279.0,1.3333333333333333,0.6666666666666666
343,60-64,old_vaccine,0.0,0.0,0.0,0.0
343,60-64,new_vaccine,0.0,0.0,0.0,0.0
343,65-69,unvaccinated,183.66666666666666,153.0,3.0,0.6666666666666666
343,65-69,old_vaccine,0.0,0.0,0.0,0.0
343,65-69,new_vaccine,0.0,0.0,0.0,0.0
343,70-74,unvaccinated,202.0,114.66666666666667,1.6666666666666667,0.6666666666666666
343,70-74,old_vaccine,0.0,0.0,0.0,0.0
343,70-74,new_vaccine,0.0,0.0,0.0,0.0
343,75+,unvaccinated,315.6666666666667,146.0,7.0,2.3333333333333335
343,75+,old_vaccine,0.0,0.0,0.0,0.0
343,75+,new_vaccine,0.0,0.0,0.0,0.0
344,0-4,unvaccinated,29.0,339.3333333333333,0.3333333333333333,0.0
344,0-4,old_vaccine,0.0,0.0,0.0,0.0
344,0-4,new_vaccine,0.0,0.0,0.0,0.0
344,5-9,unvaccinated,7.0,413.0,0.0,0.0
344,5-9,old_vaccine,0.0,0.0,0.0,0.0
344,5-9,new_vaccine,0.0,0.0,0.0,0.0
344,10-14,unvaccinated,9.0,377.0,0.0,0.0
344,10-14,old_vaccine,0.0,0.0,0.0,0.0
344,10-14,new_vaccine,0.0,0.0,0.0,0.0
344,15-19,unvaccinated,10.333333333333334,361.0,0.0,0.0
344,15-19,old_vaccine,0.0,0.0,0.0,0.0
344,15-19,new_vaccine,0.0,0.0,0.0,0.0
344,20-24,unvaccinated,30.333333333333332,391.6666666666667,0.0,0.0
344,20-24,old_vaccine,0.0,0.0,0.0,0.0
344,20-24,new_vaccine,0.0,0.0,0.0,0.0
344,25-29,unvaccinated,50.333333333333336,434.3333333333333,0.3333333333333333,0.0
344,25-29,old_vaccine,0.0,0.0,0.0,0.0
344,25-29,new_vaccine,0.0,0.0,0.0,0.0
344,30-34,unvaccinated,51.666666666666664,437.6666666666667,0.0,0.0
344,30-34,old_vaccine,0.0,0.0,0.0,0.0
344,30-34,new_vaccine,0.0,0.0,0.0,0.0
344,35-39,unvaccinated,50.666666666666664,416.0,0.0,0.0
344,35-39,old_vaccine,0.0,0.0,0.0,0.0
344,35-39,new_vaccine,0.0,0.0,0.0,0.0
344,40-44,unvaccinated,47.666666666666664,410.3333333333333,0.0,0.0
344,40-44,old_vaccine,0.0,0.0,0.0,0.0
344,40-44,new_vaccine,0.0,0.0,0.0,0.0
344,45-49,unvaccinated,61.0,386.6666666666667,0.3333333333333333,0.0
344,45-49,old_vaccine,0.0,0.0,0.0,0.0
344,45-49,new_vaccine,0.0,0.0,0.0,0.0
344,50-54,unvaccinated,90.33333333333333,378.3333333333333,1.0,0.3333333333333333
344,50-54,old_vaccine,0.0,0.0,0.0,0.0
344,50-54,new_vaccine,0.0,0.0,0.0,0.0
344,55-59,unvaccinated,123.66666666666667,335.3333333333333,1.0,0.0
344,55-59,old_vaccine,0.0,0.0,0.0,0.0
344,55-59,new_vaccine,0.0,0.0,0.0,0.0
344,60-64,unvaccinated,113.33333333333333,279.3333333333333,1.3333333333333333,0.3333333333333333
344,60-64,old_vaccine,0.0,0.0,0.0,0.0
344,60-64,new_vaccine,0.0,0.0,0.0,0.0
344,65-69,unvaccinated,179.33333333333334,157.0,3.0,0.0
344,65-69,old_vaccine,0.0,0.0,0.0,0.0
344,65-69,new_vaccine,0.0,0.0,0.0,0.0
344,70-74,unvaccinated,199.33333333333334,107.33333333333333,5.0,0.6666666666666666
344,70-74,old_vaccine,0.0,0.0,0.0,0.0
344,70-74,new_vaccine,0.0,0.0,0.0,0.0
344,75+,unvaccinated,313.6666666666667,156.0,5.0,3.0
344,75+,old_vaccine,0.0,0.0,0.0,0.0
344,75+,new_vaccine,0.0,0.0,0.0,0.0
345,0-4,unvaccinated,22.0,334.6666666666667,0.3333333333333333,0.0
345,0-4,old_vaccine,0.0,0.0,0.0,0.0
345,0-4,new_vaccine,0.0,0.0,0.0,0.0
345,5-9,unvaccinated,5.0,408.3333333333333,0.3333333333333333,0.0
345,5-9,old_vaccine,0.0,0.0,0.0,0.0
345,5-9,new_vaccine,0.0,0.0,0.0,0.0
345,10-14,unvaccinated,6.666666666666667,385.6666666666667,0.3333333333333333,0.0
345,10-14,old_vaccine,0.0,0.0,0.0,0.0
345,10-14,new_vaccine,0.0,0.0,0.0,0.0
345,15-19,unvaccinated,13.333333333333334,359.3333333333333,0.0,0.0
345,15-19,old_vaccine,0.0,0.0,0.0,0.0
345,15-19,new_vaccine,0.0,0.0,0.0,0.0
345,20-24,unvaccinated,32.0,400.3333333333333,0.0,0.0
345,20-24,old_vaccine,0.0,0.0,0.0,0.0
345,20-24,new_vaccine,0.0,0.0,0.0,0.0
345,25-29,unvaccinated,40.666666666666664,440.3333333333333,0.3333333333333333,0.0
345,25-29,old_vaccine,0.0,0.0,0.0,0.0
345,25-29,new_vaccine,0.0,0.0,0.0,0.0
345,30-34,unvaccinated,54.333333333333336,427.6666666666667,0.3333333333333333,0.0
345,30-34,old_vaccine,0.0,0.0,0.0,0.0
345,30-34,new_vaccine,0.0,0.0,0.0,0.0
345,35-39,unvaccinated,42.666666666666664,439.6666666666667,0.6666666666666666,0.0
345,35-39,old_vaccine,0.0,0.0,0.0,0.0
345,35-39,new_vaccine,0.0,0.0,0.0,0.0
345,40-44,unvaccinated,46.666666666666664,424.3333333333333,0.3333333333333333,0.0
345,40-44,old_vaccine,0.0,0.0,0.0,0.0
345,40-44,new_vaccine,0.0,0.0,0.0,0.0
345,45-49,unvaccinated,52.666666666666664,398.6666666666667,0.0,0.0
345,45-49,old_vaccine,0.0,0.0,0.0,0.0
345,45-49,new_vaccine,0.0,0.0,0.0,0.0
345,50-54,unvaccinated,91.33333333333333,391.6666666666667,0.6666666666666666,0.3333333333333333
345,50-54,old_vaccine,0.0,0.0,0.0,0.0
345,50-54,new_vaccine,0.0,0.0,0.0,0.0
345,55-59,unvaccinated,124.33333333333333,341.6666666666667,3.0,0.0
345,55-59,old_vaccine,0.0,0.0,0.0,0.0
345,55-59,new_vaccine,0.0,0.0,0.0,0.0
345,60-64,unvaccinated,120.0,282.3333333333333,1.6666666666666667,0.6666666666666666
345,60-64,old_vaccine,0.0,0.0,0.0,0.0
345,60-64,new_vaccine,0.0,0.0,0.0,0.0
345,65-69,unvaccinated,162.33333333333334,155.0,2.6666666666666665,0.0
345,65-69,old_vaccine,0.0,0.0,0.0,0.0
345,65-69,new_vaccine,0.0,0.0,0.0,0.0
345,70-74,unvaccinated,186.66666666666666,115.66666666666667,3.3333333333333335,0.6666666666666666
345,70-74,old_vaccine,0.0,0.0,0.0,0.0
345,70-74,new_vaccine,0.0,0.0,0.0,0.0
345,75+,unvaccinated,345.3333333333333,153.0,6.333333333333333,2.3333333333333335
345,75+,old_vaccine,0.0,0.0,0.0,0.0
345,75+,new_vaccine,0.0,0.0,0.0,0.0
346,0-4,unvaccinated,23.666666666666668,352.0,0.6666666666666666,0.0
346,0-4,old_vaccine,0.0,0.0,0.0,0.0
346,0-4,new_vaccine,0.0,0.0,0.0,0.0
346,5-9,unvaccinated,6.333333333333333,401.3333333333333,0.0,0.0
346,5-9,old_vaccine,0.0,0.0,0.0,0.0
346,5-9,new_vaccine,0.0,0.0,0.0,0.0
346,10-14,unvaccinated,8.333333333333334,384.6666666666667,0.3333333333333333,0.0
346,10-14,old_vaccine,0.0,0.0,0.0,0.0
346,10-14,new_vaccine,0.0,0.0,0.0,0.0
346,15-19,unvaccinated,9.0,360.0,0.0,0.0
346,15-19,old_vaccine,0.0,0.0,0.0,0.0
346,15-19,new_vaccine,0.0,0.0,0.0,0.0
346,20-24,unvaccinated,26.0,391.6666666666667,0.0,0.0
346,20-24,old_vaccine,0.0,0.0,0.0,0.0
346,20-24,new_vaccine,0.0,0.0,0.0,0.0
346,25-29,unvaccinated,45.333333333333336,424.0,1.0,0.0
346,25-29,old_vaccine,0.0,0.0,0.0,0.0
346,25-29,new_vaccine,0.0,0.0,0.0,0.0
346,30-34,unvaccinated,45.0,424.0,0.0,0.0
346,30-34,old_vaccine,0.0,0.0,0.0,0.0
346,30-34,new_vaccine,0.0,0.0,0.0,0.0
346,35-39,unvaccinated,45.333333333333336,428.3333333333333,0.3333333333333333,0.0
346,35-39,old_vaccine,0.0,0.0,0.0,0.0
346,35-39,new_vaccine,0.0,0.0,0.0,0.0
346,40-44,unvaccinated,56.0,424.6666666666667,0.6666666666666666,0.3333333333333333
346,40-44,old_vaccine,0.0,0.0,0.0,0.0
346,40-44,new_vaccine,0.0,0.0,0.0,0.0
346,45-49,unvaccinated,53.666666666666664,395.0,1.6666666666666667,0.0
346,45-49,old_vaccine,0.0,0.0,0.0,0.0
346,45-49,new_vaccine,0.0,0.0,0.0,0.0
346,50-54,unvaccinated,84.33333333333333,393.6666666666667,0.6666666666666666,0.3333333333333333
346,50-54,old_vaccine,0.0,0.0,0.0,0.0
346,50-54,new_vaccine,0.0,0.0,0.0,0.0
346,55-59,unvaccinated,130.0,348.6666666666667,0.3333333333333333,0.0
346,55-59,old_vaccine,0.0,0.0,0.0,0.0
346,55-59,new_vaccine,0.0,0.0,0.0,0.0
346,60-64,unvaccinated,116.66666666666667,276.6666666666667,0.6666666666666666,0.3333333333333333
346,60-64,old_vaccine,0.0,0.0,0.0,0.0
346,60-64,new_vaccine,0.0,0.0,0.0,0.0
346,65-69,unvaccinated,177.0,148.66666666666666,3.0,0.6666666666666666
346,65-69,old_vaccine,0.0,0.0,0.0,0.0
346,65-69,new_vaccine,0.0,0.0,0.0,0.0
346,70-74,unvaccinated,206.33333333333334,113.0,3.0,1.0
346,70-74,old_vaccine,0.0,0.0,0.0,0.0
346,70-74,new_vaccine,0.0,0.0,0.0,0.0
346,75+,unvaccinated,296.3333333333333,154.0,3.6666666666666665,2.6666666666666665
346,75+,old_vaccine,0.0,0.0,0.0,0.0
346,75+,new_vaccine,0.0,0.0,0.0,0.0
347,0-4,unvaccinated,29.333333333333332,349.3333333333333,0.0,0.0
347,0-4,old_vaccine,0.0,0.0,0.0,0.0
347,0-4,new_vaccine,0.0,0.0,0.0,0.0
347,5-9,unvaccinated,8.0,405.3333333333333,0.0,0.0
347,5-9,old_vaccine,0.0,0.0,0.0,0.0
347,5-9,new_vaccine,0.0,0.0,0.0,0.0
347,10-14,unvaccinated,9.333333333333334,398.3333333333333,0.0,0.0
347,10-14,old_vaccine,0.0,0.0,0.0,0.0
347,10-14,new_vaccine,0.0,0.0,0.0,0.0
347,15-19,unvaccinated,10.666666666666666,362.6666666666667,0.0,0.0
347,15-19,old_vaccine,0.0,0.0,0.0,0.0
347,15-19,new_vaccine,0.0,0.0,0.0,0.0
347,20-24,unvaccinated,24.333333333333332,409.3333333333333,0.0,0.0
347,20-24,old_vaccine,0.0,0.0,0.0,0.0
347,20-24,new_vaccine,0.0,0.0,0.0,0.0
347,25-29,unvaccinated,42.666666666666664,422.6666666666667,0.0,0.0
347,25-29,old_vaccine,0.0,0.0,0.0,0.0
347,25-29,new_vaccine,0.0,0.0,0.0,0.0
347,30-34,unvaccinated,51.333333333333336,428.0,0.0,0.0
347,30-34,old_vaccine,0.0,0.0,0.0,0.0
347,30-34,new_vaccine,0.0,0.0,0.0,0.0
347,35-39,unvaccinated,50.333333333333336,437.3333333333333,1.0,0.0
347,35-39,old_vaccine,0.0,0.0,0.0,0.0
347,35-39,new_vaccine,0.0,0.0,0.0,0.0
347,40-44,unvaccinated,52.0,417.6666666666667,0.0,0.0
347,40-44,old_vaccine,0.0,0.0,0.0,0.0
347,40-44,new_vaccine,0.0,0.0,0.0,0.0
347,45-49,unvaccinated,56.666666666666664,388.3333333333333,0.3333333333333333,0.0
347,45-49,old_vaccine,0.0,0.0,0.0,0.0
347,45-49,new_vaccine,0.0,0.0,0.0,0.0
347,50-54,unvaccinated,97.66666666666667,404.0,0.6666666666666666,0.0
347,50-54,old_vaccine,0.0,0.0,0.0,0.0
347,50-54,new_vaccine,0.0,0.0,0.0,0.0
347,55-59,unvaccinated,124.33333333333333,360.3333333333333,1.6666666666666667,0.0
347,55-59,old_vaccine,0.0,0.0,0.0,0.0
347,55-59,new_vaccine,0.0,0.0,0.0,0.0
347,60-64,unvaccinated,110.66666666666667,272.3333333333333,2.0,0.3333333333333333
347,60-64,old_vaccine,0.0,0.0,0.0,0.0
347,60-64,new_vaccine,0.0,0.0,0.0,0.0
347,65-69,unvaccinated,165.66666666666666,150.33333333333334,2.6666666666666665,0.3333333333333333
347,65-69,old_vaccine,0.0,0.0,0.0,0.0
347,65-69,new_vaccine,0.0,0.0,0.0,0.0
347,70-74,unvaccinated,207.0,114.33333333333333,1.6666666666666667,2.3333333333333335
347,70-74,old_vaccine,0.0,0.0,0.0,0.0
347,70-74,new_vaccine,0.0,0.0,0.0,0.0
347,75+,unvaccinated,326.3333333333333,146.33333333333334,6.0,2.6666666666666665
347,75+,old_vaccine,0.0,0.0,0.0,0.0
347,75+,new_vaccine,0.0,0.0,0.0,0.0
348,0-4,unvaccinated,30.0,346.6666666666667,0.3333333333333333,0.0
348,0-4,old_vaccine,0.0,0.0,0.0,0.0
348,0-4,new_vaccine,0.0,0.0,0.0,0.0
348,5-9,unvaccinated,8.0,409.0,0.0,0.0
348,5-9,old_vaccine,0.0,0.0,0.0,0.0
348,5-9,new_vaccine,0.0,0.0,0.0,0.0
348,10-14,unvaccinated,7.666666666666667,381.3333333333333,0.0,0.0
348,10-14,old_vaccine,0.0,0.0,0.0,0.0
348,10-14,new_vaccine,0.0,0.0,0.0,0.0
348,15-19,unvaccinated,8.666666666666666,356.0,0.0,0.0
348,15-19,old_vaccine,0.0,0.0,0.0,0.0
348,15-19,new_vaccine,0.0,0.0,0.0,0.0
348,20-24,unvaccinated,30.333333333333332,401.0,0.3333333333333333,0.0
348,20-24,old_vaccine,0.0,0.0,0.0,0.0
348,20-24,new_vaccine,0.0,0.0,0.0,0.0
348,25-29,unvaccinated,41.0,437.6666666666667,0.0,0.0
348,25-29,old_vaccine,0.0,0.0,0.0,0.0
348,25-29,new_vaccine,0.0,0.0,0.0,0.0
348,30-34,unvaccinated,55.333333333333336,429.6666666666667,0.0,0.0
348,30-34,old_vaccine,0.0,0.0,0.0,0.0
348,30-34,new_vaccine,0.0,0.0,0.0,0.0
348,35-39,unvaccinated,35.0,446.6666666666667,0.3333333333333333,0.0
348,35-39,old_vaccine,0.0,0.0,0.0,0.0
348,35-39,new_vaccine,0.0,0.0,0.0,0.0
348,40-44,unvaccinated,47.666666666666664,402.0,0.3333333333333333,0.0
348,40-44,old_vaccine,0.0,0.0,0.0,0.0
348,40-44,new_vaccine,0.0,0.0,0.0,0.0
348,45-49,unvaccinated,56.333333333333336,410.3333333333333,0.3333333333333333,0.0
348,45-49,old_vaccine,0.0,0.0,0.0,0.0
348,45-49,new_vaccine,0.0,0.0,0.0,0.0
348,50-54,unvaccinated,101.66666666666667,384.0,0.3333333333333333,0.0
348,50-54,old_vaccine,0.0,0.0,0.0,0.0
348,50-54,new_vaccine,0.0,0.0,0.0,0.0
348,55-59,unvaccinated,121.0,352.3333333333333,1.6666666666666667,0.0
348,55-59,old_vaccine,0.0,0.0,0.0,0.0
348,55-59,new_vaccine,0.0,0.0,0.0,0.0
348,60-64,unvaccinated,112.0,286.3333333333333,1.3333333333333333,0.3333333333333333
348,60-64,old_vaccine,0.0,0.0,0.0,0.0
348,60-64,new_vaccine,0.0,0.0,0.0,0.0
348,65-69,unvaccinated,181.33333333333334,157.66666666666666,3.0,0.0
348,65-69,old_vaccine,0.0,0.0,0.0,0.0
348,65-69,new_vaccine,0.0,0.0,0.0,0.0
348,70-74,unvaccinated,207.0,105.66666666666667,6.666666666666667,1.0
348,70-74,old_vaccine,0.0,0.0,0.0,0.0
348,70-74,new_vaccine,0.0,0.0,0.0,0.0
348,75+,unvaccinated,312.3333333333333,154.66666666666666,5.0,1.6666666666666667
348,75+,old_vaccine,0.0,0.0,0.0,0.0
348,75+,new_vaccine,0.0,0.0,0.0,0.0
349,0-4,unvaccinated,30.666666666666668,333.3333333333333,0.0,0.0
349,0-4,old_vaccine,0.0,0.0,0.0,0.0
349,0-4,new_vaccine,0.0,0.0,0.0,0.0
349,5-9,unvaccinated,6.0,395.0,0.0,0.0
349,5-9,old_vaccine,0.0,0.0,0.0,0.0
349,5-9,new_vaccine,0.0,0.0,0.0,0.0
349,10-14,unvaccinated,8.0,392.0,0.0,0.0
349,10-14,old_vaccine,0.0,0.0,0.0,0.0
349,10-14,new_vaccine,0.0,0.0,0.0,0.0
349,15-19,unvaccinated,10.0,371.3333333333333,0.0,0.0
349,15-19,old_vaccine,0.0,0.0,0.0,0.0
349,15-19,new_vaccine,0.0,0.0,0.0,0.0
349,20-24,unvaccinated,32.0,376.0,0.0,0.0
349,20-24,old_vaccine,0.0,0.0,0.0,0.0
349,20-24,new_vaccine,0.0,0.0,0.0,0.0
349,25-29,unvaccinated,43.333333333333336,422.3333333333333,0.3333333333333333,0.0
349,25-29,old_vaccine,0.0,0.0,0.0,0.0
349,25-29,new_vaccine,0.0,0.0,0.0,0.0
349,30-34,unvaccinated,50.0,428.3333333333333,0.3333333333333333,0.0
349,30-34,old_vaccine,0.0,0.0,0.0,0.0
349,30-34,new_vaccine,0.0,0.0,0.0,0.0
349,35-39,unvaccinated,40.333333333333336,419.0,0.3333333333333333,0.0
349,35-39,old_vaccine,0.0,0.0,0.0,0.0
349,35-39,new_vaccine,0.0,0.0,0.0,0.0
349,40-44,unvaccinated,45.0,418.3333333333333,0.0,0.0
349,40-44,old_vaccine,0.0,0.0,0.0,0.0
349,40-44,new_vaccine,0.0,0.0,0.0,0.0
349,45-49,unvaccinated,60.0,368.6666666666667,1.3333333333333333,0.0
349,45-49,old_vaccine,0.0,0.0,0.0,0.0
349,45-49,new_vaccine,0.0,0.0,0.0,0.0
349,50-54,unvaccinated,87.66666666666667,383.6666666666667,0.3333333333333333,0.0
349,50-54,old_vaccine,0.0,0.0,0.0,0.0
349,50-54,new_vaccine,0.0,0.0,0.0,0.0
349,55-59,unvaccinated,112.0,338.0,1.6666666666666667,0.0
349,55-59,old_vaccine,0.0,0.0,0.0,0.0
349,55-59,new_vaccine,0.0,0.0,0.0,0.0
349,60-64,unvaccinated,114.33333333333333,286.6666666666667,1.6666666666666667,0.6666666666666666
349,60-64,old_vaccine,0.0,0.0,0.0,0.0
349,60-64,new_vaccine,0.0,0.0,0.0,0.0
349,65-69,unvaccinated,177.33333333333334,148.33333333333334,1.3333333333333333,0.3333333333333333
349,65-69,old_vaccine,0.0,0.0,0.0,0.0
349,65-69,new_vaccine,0.0,0.0,0.0,0.0
349,70-74,unvaccinated,186.0,126.66666666666667,4.0,1.0
349,70-74,old_vaccine,0.0,0.0,0.0,0.0
349,70-74,new_vaccine,0.0,0.0,0.0,0.0
349,75+,unvaccinated,304.0,160.66666666666666,4.333333333333333,1.3333333333333333
349,75+,old_vaccine,0.0,0.0,0.0,0.0
349,75+,new_vaccine,0.0,0.0,0.0,0.0
350,0-4,unvaccinated,21.0,356.3333333333333,0.6666666666666666,0.0
350,0-4,old_vaccine,0.0,0.0,0.0,0.0
350,0-4,new_vaccine,0.0,0.0,0.0,0.0
350,5-9,unvaccinated,3.0,397.6666666666667,0.3333333333333333,0.0
350,5-9,old_vaccine,0.0,0.0,0.0,0.0
350,5-9,new_vaccine,0.0,0.0,0.0,0.0
350,10-14,unvaccinated,7.666666666666667,353.3333333333333,0.0,0.0
350,10-14,old_vaccine,0.0,0.0,0.0,0.0
350,10-14,new_vaccine,0.0,0.0,0.0,0.0
350,15-19,unvaccinated,10.666666666666666,370.3333333333333,0.0,0.0
350,15-19,old_vaccine,0.0,0.0,0.0,0.0
350,15-19,new_vaccine,0.0,0.0,0.0,0.0
350,20-24,unvaccinated,26.666666666666668,399.0,0.0,0.0
350,20-24,old_vaccine,0.0,0.0,0.0,0.0
350,20-24,new_vaccine,0.0,0.0,0.0,0.0
350,25-29,unvaccinated,42.333333333333336,415.3333333333333,0.0,0.0
350,25-29,old_vaccine,0.0,0.0,0.0,0.0
350,25-29,new_vaccine,0.0,0.0,0.0,0.0
350,30-34,unvaccinated,49.333333333333336,419.0,0.0,0.0
350,30-34,old_vaccine,0.0,0.0,0.0,0.0
350,30-34,new_vaccine,0.0,0.0,0.0,0.0
350,35-39,unvaccinated,46.0,421.3333333333333,0.0,0.0
350,35-39,old_vaccine,0.0,0.0,0.0,0.0
350,35-39,new_vaccine,0.0,0.0,0.0,0.0
350,40-44,unvaccinated,34.333333333333336,414.3333333333333,0.3333333333333333,0.0
350,40-44,old_vaccine,0.0,0.0,0.0,0.0
350,40-44,new_vaccine,0.0,0.0,0.0,0.0
350,45-49,unvaccinated,51.666666666666664,407.3333333333333,0.6666666666666666,0.0
350,45-49,old_vaccine,0.0,0.0,0.0,0.0
350,45-49,new_vaccine,0.0,0.0,0.0,0.0
350,50-54,unvaccinated,92.33333333333333,406.6666666666667,0.6666666666666666,0.0
350,50-54,old_vaccine,0.0,0.0,0.0,0.0
350,50-54,new_vaccine,0.0,0.0,0.0,0.0
350,55-59,unvaccinated,118.66666666666667,350.0,3.0,0.0
350,55-59,old_vaccine,0.0,0.0,0.0,0.0
350,55-59,new_vaccine,0.0,0.0,0.0,0.0
350,60-64,unvaccinated,114.33333333333333,276.3333333333333,0.6666666666666666,0.3333333333333333
350,60-64,old_vaccine,0.0,0.0,0.0,0.0
350,60-64,new_vaccine,0.0,0.0,0.0,0.0
350,65-69,unvaccinated,175.0,155.33333333333334,2.0,0.3333333333333333
350,65-69,old_vaccine,0.0,0.0,0.0,0.0
350,65-69,new_vaccine,0.0,0.0,0.0,0.0
350,70-74,unvaccinated,180.0,109.66666666666667,3.6666666666666665,1.0
350,70-74,old_vaccine,0.0,0.0,0.0,0.0
350,70-74,new_vaccine,0.0,0.0,0.0,0.0
350,75+,unvaccinated,313.6666666666667,142.0,5.0,1.6666666666666667
350,75+,old_vaccine,0.0,0.0,0.0,0.0
350,75+,new_vaccine,0.0,0.0,0.0,0.0
351,0-4,unvaccinated,22.666666666666668,344.6666666666667,0.0,0.0
351,0-4,old_vaccine,0.0,0.0,0.0,0.0
351,0-4,new_vaccine,0.0,0.0,0.0,0.0
351,5-9,unvaccinated,4.666666666666667,384.3333333333333,0.0,0.0
351,5-9,old_vaccine,0.0,0.0,0.0,0.0
351,5-9,new_vaccine,0.0,0.0,0.0,0.0
351,10-14,unvaccinated,7.333333333333333,376.6666666666667,0.0,0.0
351,10-14,old_vaccine,0.0,0.0,0.0,0.0
351,10-14,new_vaccine,0.0,0.0,0.0,0.0
351,15-19,unvaccinated,6.666666666666667,350.0,0.0,0.0
351,15-19,old_vaccine,0.0,0.0,0.0,0.0
351,15-19,new_vaccine,0.0,0.0,0.0,0.0
351,20-24,unvaccinated,19.666666666666668,373.3333333333333,0.6666666666666666,0.0
351,20-24,old_vaccine,0.0,0.0,0.0,0.0
351,20-24,new_vaccine,0.0,0.0,0.0,0.0
351,25-29,unvaccinated,43.333333333333336,424.0,0.0,0.0
351,25-29,old_vaccine,0.0,0.0,0.0,0.0
351,25-29,new_vaccine,0.0,0.0,0.0,0.0
351,30-34,unvaccinated,53.0,441.6666666666667,1.0,0.0
351,30-34,old_vaccine,0.0,0.0,0.0,0.0
351,30-34,new_vaccine,0.0,0.0,0.0,0.0
351,35-39,unvaccinated,44.333333333333336,447.6666666666667,0.0,0.0
351,35-39,old_vaccine,0.0,0.0,0.0,0.0
351,35-39,new_vaccine,0.0,0.0,0.0,0.0
351,40-44,unvaccinated,45.666666666666664,408.0,0.0,0.0
351,40-44,old_vaccine,0.0,0.0,0.0,0.0
351,40-44,new_vaccine,0.0,0.0,0.0,0.0
351,45-49,unvaccinated,62.333333333333336,391.6666666666667,0.6666666666666666,0.0
351,45-49,old_vaccine,0.0,0.0,0.0,0.0
351,45-49,new_vaccine,0.0,0.0,0.0,0.0
351,50-54,unvaccinated,109.0,383.6666666666667,0.3333333333333333,0.0
351,50-54,old_vaccine,0.0,0.0,0.0,0.0
351,50-54,new_vaccine,0.0,0.0,0.0,0.0
351,55-59,unvaccinated,116.66666666666667,353.3333333333333,0.6666666666666666,0.0
351,55-59,old_vaccine,0.0,0.0,0.0,0.0
351,55-59,new_vaccine,0.0,0.0,0.0,0.0
351,60-64,unvaccinated,109.66666666666667,294.0,1.0,0.3333333333333333
351,60-64,old_vaccine,0.0,0.0,0.0,0.0
351,60-64,new_vaccine,0.0,0.0,0.0,0.0
351,65-69,unvaccinated,180.66666666666666,156.0,3.6666666666666665,0.6666666666666666
351,65-69,old_vaccine,0.0,0.0,0.0,0.0
351,65-69,new_vaccine,0.0,0.0,0.0,0.0
351,70-74,unvaccinated,189.33333333333334,120.0,1.6666666666666667,0.3333333333333333
351,70-74,old_vaccine,0.0,0.0,0.0,0.0
351,70-74,new_vaccine,0.0,0.0,0.0,0.0
351,75+,unvaccinated,307.0,148.0,6.0,2.6666666666666665
351,75+,old_vaccine,0.0,0.0,0.0,0.0
351,75+,new_vaccine,0.0,0.0,0.0,0.0
352,0-4,unvaccinated,27.0,335.6666666666667,0.0,0.0
352,0-4,old_vaccine,0.0,0.0,0.0,0.0
352,0-4,new_vaccine,0.0,0.0,0.0,0.0
352,5-9,unvaccinated,7.666666666666667,409.3333333333333,0.3333333333333333,0.0
352,5-9,old_vaccine,0.0,0.0,0.0,0.0
352,5-9,new_vaccine,0.0,0.0,0.0,0.0
352,10-14,unvaccinated,8.0,396.6666666666667,0.0,0.0
352,10-14,old_vaccine,0.0,0.0,0.0,0.0
352,10-14,new_vaccine,0.0,0.0,0.0,0.0
352,15-19,unvaccinated,8.0,376.6666666666667,0.0,0.0
352,15-19,old_vaccine,0.0,0.0,0.0,0.0
352,15-19,new_vaccine,0.0,0.0,0.0,0.0
352,20-24,unvaccinated,24.666666666666668,396.3333333333333,0.3333333333333333,0.0
352,20-24,old_vaccine,0.0,0.0,0.0,0.0
352,20-24,new_vaccine,0.0,0.0,0.0,0.0
352,25-29,unvaccinated,49.0,407.3333333333333,0.3333333333333333,0.0
352,25-29,old_vaccine,0.0,0.0,0.0,0.0
352,25-29,new_vaccine,0.0,0.0,0.0,0.0
352,30-34,unvaccinated,52.666666666666664,431.3333333333333,1.0,0.0
352,30-34,old_vaccine,0.0,0.0,0.0,0.0
352,30-34,new_vaccine,0.0,0.0,0.0,0.0
352,35-39,unvaccinated,45.333333333333336,422.6666666666667,0.3333333333333333,0.0
352,35-39,old_vaccine,0.0,0.0,0.0,0.0
352,35-39,new_vaccine,0.0,0.0,0.0,0.0
352,40-44,unvaccinated,40.0,415.0,0.3333333333333333,0.0
352,40-44,old_vaccine,0.0,0.0,0.0,0.0
352,40-44,new_vaccine,0.0,0.0,0.0,0.0
352,45-49,unvaccinated,58.333333333333336,388.6666666666667,0.6666666666666666,0.0
352,45-49,old_vaccine,0.0,0.0,0.0,0.0
352,45-49,new_vaccine,0.0,0.0,0.0,0.0
352,50-54,unvaccinated,97.0,390.3333333333333,1.0,0.0
352,50-54,old_vaccine,0.0,0.0,0.0,0.0
352,50-54,new_vaccine,0.0,0.0,0.0,0.0
352,55-59,unvaccinated,125.33333333333333,340.3333333333333,1.6666666666666667,0.0
352,55-59,old_vaccine,0.0,0.0,0.0,0.0
352,55-59,new_vaccine,0.0,0.0,0.0,0.0
352,60-64,unvaccinated,113.33333333333333,278.3333333333333,0.6666666666666666,0.0
352,60-64,old_vaccine,0.0,0.0,0.0,0.0
352,60-64,new_vaccine,0.0,0.0,0.0,0.0
352,65-69,unvaccinated,177.66666666666666,140.33333333333334,2.0,0.0
352,65-69,old_vaccine,0.0,0.0,0.0,0.0
352,65-69,new_vaccine,0.0,0.0,0.0,0.0
352,70-74,unvaccinated,190.33333333333334,121.0,2.6666666666666665,0.3333333333333333
352,70-74,old_vaccine,0.0,0.0,0.0,0.0
352,70-74,new_vaccine,0.0,0.0,0.0,0.0
352,75+,unvaccinated,326.3333333333333,155.0,3.0,3.3333333333333335
352,75+,old_vaccine,0.0,0.0,0.0,0.0
352,75+,new_vaccine,0.0,0.0,0.0,0.0
353,0-4,unvaccinated,24.0,347.0,0.0,0.0
353,0-4,old_vaccine,0.0,0.0,0.0,0.0
353,0-4,new_vaccine,0.0,0.0,0.0,0.0
353,5-9,unvaccinated,6.0,402.0,0.0,0.0
353,5-9,old_vaccine,0.0,0.0,0.0,0.0
353,5-9,new_vaccine,0.0,0.0,0.0,0.0
353,10-14,unvaccinated,11.0,386.6666666666667,0.0,0.0
353,10-14,old_vaccine,0.0,0.0,0.0,0.0
353,10-14,new_vaccine,0.0,0.0,0.0,0.0
353,15-19,unvaccinated,11.0,369.3333333333333,0.0,0.0
353,15-19,old_vaccine,0.0,0.0,0.0,0.0
353,15-19,new_vaccine,0.0,0.0,0.0,0.0
353,20-24,unvaccinated,27.333333333333332,379.6666666666667,0.0,0.0
353,20-24,old_vaccine,0.0,0.0,0.0,0.0
353,20-24,new_vaccine,0.0,0.0,0.0,0.0
353,25-29,unvaccinated,45.333333333333336,431.3333333333333,0.3333333333333333,0.0
353,25-29,old_vaccine,0.0,0.0,0.0,0.0
353,25-29,new_vaccine,0.0,0.0,0.0,0.0
353,30-34,unvaccinated,47.0,426.3333333333333,0.6666666666666666,0.0
353,30-34,old_vaccine,0.0,0.0,0.0,0.0
353,30-34,new_vaccine,0.0,0.0,0.0,0.0
353,35-39,unvaccinated,38.666666666666664,442.3333333333333,0.0,0.0
353,35-39,old_vaccine,0.0,0.0,0.0,0.0
353,35-39,new_vaccine,0.0,0.0,0.0,0.0
353,40-44,unvaccinated,46.333333333333336,409.0,0.3333333333333333,0.0
353,40-44,old_vaccine,0.0,0.0,0.0,0.0
353,40-44,new_vaccine,0.0,0.0,0.0,0.0
353,45-49,unvaccinated,58.666666666666664,394.6666666666667,1.6666666666666667,0.0
353,45-49,old_vaccine,0.0,0.0,0.0,0.0
353,45-49,new_vaccine,0.0,0.0,0.0,0.0
353,50-54,unvaccinated,89.0,375.0,0.6666666666666666,0.0
353,50-54,old_vaccine,0.0,0.0,0.0,0.0
353,50-54,new_vaccine,0.0,0.0,0.0,0.0
353,55-59,unvaccinated,108.66666666666667,351.3333333333333,0.0,0.0
353,55-59,old_vaccine,0.0,0.0,0.0,0.0
353,55-59,new_vaccine,0.0,0.0,0.0,0.0
353,60-64,unvaccinated,113.66666666666667,270.6666666666667,1.3333333333333333,0.6666666666666666
353,60-64,old_vaccine,0.0,0.0,0.0,0.0
353,60-64,new_vaccine,0.0,0.0,0.0,0.0
353,65-69,unvaccinated,167.33333333333334,159.66666666666666,4.0,0.3333333333333333
353,65-69,old_vaccine,0.0,0.0,0.0,0.0
353,65-69,new_vaccine,0.0,0.0,0.0,0.0
353,70-74,unvaccinated,198.33333333333334,114.0,2.0,1.0
353,70-74,old_vaccine,0.0,0.0,0.0,0.0
353,70-74,new_vaccine,0.0,0.0,0.0,0.0
353,75+,unvaccinated,322.0,155.33333333333334,3.6666666666666665,2.3333333333333335
353,75+,old_vaccine,0.0,0.0,0.0,0.0
353,75+,new_vaccine,0.0,0.0,0.0,0.0
354,0-4,unvaccinated,27.333333333333332,353.6666666666667,0.6666666666666666,0.0
354,0-4,old_vaccine,0.0,0.0,0.0,0.0
354,0-4,new_vaccine,0.0,0.0,0.0,0.0
354,5-9,unvaccinated,5.666666666666667,405.6666666666667,0.0,0.0
354,5-9,old_vaccine,0.0,0.0,0.0,0.0
354,5-9,new_vaccine,0.0,0.0,0.0,0.0
354,10-14,unvaccinated,13.0,385.6666666666667,0.0,0.0
354,10-14,old_vaccine,0.0,0.0,0.0,0.0
354,10-14,new_vaccine,0.0,0.0,0.0,0.0
354,15-19,unvaccinated,9.666666666666666,367.6666666666667,0.0,0.0
354,15-19,old_vaccine,0.0,0.0,0.0,0.0
354,15-19,new_vaccine,0.0,0.0,0.0,0.0
354,20-24,unvaccinated,25.666666666666668,401.6666666666667,0.0,0.0
354,20-24,old_vaccine,0.0,0.0,0.0,0.0
354,20-24,new_vaccine,0.0,0.0,0.0,0.0
354,25-29,unvaccinated,46.666666666666664,428.6666666666667,0.3333333333333333,0.0
354,25-29,old_vaccine,0.0,0.0,0.0,0.0
354,25-29,new_vaccine,0.0,0.0,0.0,0.0
354,30-34,unvaccinated,49.333333333333336,425.0,0.0,0.0
354,30-34,old_vaccine,0.0,0.0,0.0,0.0
354,30-34,new_vaccine,0.0,0.0,0.0,0.0
354,35-39,unvaccinated,47.333333333333336,437.3333333333333,0.3333333333333333,0.0
354,35-39,old_vaccine,0.0,0.0,0.0,0.0
354,35-39,new_vaccine,0.0,0.0,0.0,0.0
354,40-44,unvaccinated,45.0,413.3333333333333,0.3333333333333333,0.0
354,40-44,old_vaccine,0.0,0.0,0.0,0.0
354,40-44,new_vaccine,0.0,0.0,0.0,0.0
354,45-49,unvaccinated,53.0,409.0,0.6666666666666666,0.0
354,45-49,old_vaccine,0.0,0.0,0.0,0.0
354,45-49,new_vaccine,0.0,0.0,0.0,0.0
354,50-54,unvaccinated,94.66666666666667,382.3333333333333,1.0,0.0
354,50-54,old_vaccine,0.0,0.0,0.0,0.0
354,50-54,new_vaccine,0.0,0.0,0.0,0.0
354,55-59,unvaccinated,106.0,356.0,1.0,0.3333333333333333
354,55-59,old_vaccine,0.0,0.0,0.0,0.0
354,55-59,new_vaccine,0.0,0.0,0.0,0.0
354,60-64,unvaccinated,114.66666666666667,286.6666666666667,1.0,0.3333333333333333
354,60-64,old_vaccine,0.0,0.0,0.0,0.0
354,60-64,new_vaccine,0.0,0.0,0.0,0.0
354,65-69,unvaccinated,161.33333333333334,151.0,4.333333333333333,0.0
354,65-69,old_vaccine,0.0,0.0,0.0,0.0
354,65-69,new_vaccine,0.0,0.0,0.0,0.0
354,70-74,unvaccinated,180.33333333333334,106.66666666666667,3.3333333333333335,1.0
354,70-74,old_vaccine,0.0,0.0,0.0,0.0
354,70-74,new_vaccine,0.0,0.0,0.0,0.0
354,75+,unvaccinated,336.0,142.33333333333334,6.0,2.3333333333333335
354,75+,old_vaccine,0.0,0.0,0.0,0.0
354,75+,new_vaccine,0.0,0.0,0.0,0.0
355,0-4,unvaccinated,25.0,336.3333333333333,0.3333333333333333,0.0
355,0-4,old_vaccine,0.0,0.0,0.0,0.0
355,0-4,new_vaccine,0.0,0.0,0.0,0.0
355,5-9,unvaccinated,4.333333333333333,386.6666666666667,0.0,0.0
355,5-9,old_vaccine,0.0,0.0,0.0,0.0
355,5-9,new_vaccine,0.0,0.0,0.0,0.0
355,10-14,unvaccinated,7.0,376.6666666666667,0.0,0.0
355,10-14,old_vaccine,0.0,0.0,0.0,0.0
355,10-14,new_vaccine,0.0,0.0,0.0,0.0
355,15-19,unvaccinated,9.0,363.3333333333333,0.0,0.0
355,15-19,old_vaccine,0.0,0.0,0.0,0.0
355,15-19,new_vaccine,0.0,0.0,0.0,0.0
355,20-24,unvaccinated,23.333333333333332,379.0,0.0,0.0
355,20-24,old_vaccine,0.0,0.0,0.0,0.0
355,20-24,new_vaccine,0.0,0.0,0.0,0.0
355,25-29,unvaccinated,49.666666666666664,421.3333333333333,0.6666666666666666,0.0
355,25-29,old_vaccine,0.0,0.0,0.0,0.0
355,25-29,new_vaccine,0.0,0.0,0.0,0.0
355,30-34,unvaccinated,48.0,430.0,0.0,0.0
355,30-34,old_vaccine,0.0,0.0,0.0,0.0
355,30-34,new_vaccine,0.0,0.0,0.0,0.0
355,35-39,unvaccinated,38.0,412.0,0.0,0.0
355,35-39,old_vaccine,0.0,0.0,0.0,0.0
355,35-39,new_vaccine,0.0,0.0,0.0,0.0
355,40-44,unvaccinated,41.0,398.6666666666667,0.0,0.0
355,40-44,old_vaccine,0.0,0.0,0.0,0.0
355,40-44,new_vaccine,0.0,0.0,0.0,0.0
355,45-49,unvaccinated,53.0,369.0,0.3333333333333333,0.0
355,45-49,old_vaccine,0.0,0.0,0.0,0.0
355,45-49,new_vaccine,0.0,0.0,0.0,0.0
355,50-54,unvaccinated,90.66666666666667,399.0,1.6666666666666667,0.0
355,50-54,old_vaccine,0.0,0.0,0.0,0.0
355,50-54,new_vaccine,0.0,0.0,0.0,0.0
355,55-59,unvaccinated,119.0,346.3333333333333,1.3333333333333333,0.3333333333333333
355,55-59,old_vaccine,0.0,0.0,0.0,0.0
355,55-59,new_vaccine,0.0,0.0,0.0,0.0
355,60-64,unvaccinated,112.66666666666667,283.3333333333333,1.0,0.0
355,60-64,old_vaccine,0.0,0.0,0.0,0.0
355,60-64,new_vaccine,0.0,0.0,0.0,0.0
355,65-69,unvaccinated,166.33333333333334,155.0,2.3333333333333335,0.3333333333333333
355,65-69,old_vaccine,0.0,0.0,0.0,0.0
355,65-69,new_vaccine,0.0,0.0,0.0,0.0
355,70-74,unvaccinated,191.0,116.33333333333333,3.6666666666666665,0.6666666666666666
355,70-74,old_vaccine,0.0,0.0,0.0,0.0
355,70-74,new_vaccine,0.0,0.0,0.0,0.0
355,75+,unvaccinated,313.0,159.0,5.0,2.3333333333333335
355,75+,old_vaccine,0.0,0.0,0.0,0.0
355,75+,new_vaccine,0.0,0.0,0.0,0.0
356,0-4,unvaccinated,22.666666666666668,330.0,0.0,0.0
356,0-4,old_vaccine,0.0,0.0,0.0,0.0
356,0-4,new_vaccine,0.0,0.0,0.0,0.0
356,5-9,unvaccinated,4.666666666666667,385.3333333333333,0.0,0.0
356,5-9,old_vaccine,0.0,0.0,0.0,0.0
356,5-9,new_vaccine,0.0,0.0,0.0,0.0
356,10-14,unvaccinated,8.666666666666666,391.0,0.0,0.0
356,10-14,old_vaccine,0.0,0.0,0.0,0.0
356,10-14,new_vaccine,0.0,0.0,0.0,0.0
356,15-19,unvaccinated,7.0,366.3333333333333,0.0,0.0
356,15-19,old_vaccine,0.0,0.0,0.0,0.0
356,15-19,new_vaccine,0.0,0.0,0.0,0.0
356,20-24,unvaccinated,29.0,383.6666666666667,0.6666666666666666,0.0
356,20-24,old_vaccine,0.0,0.0,0.0,0.0
356,20-24,new_vaccine,0.0,0.0,0.0,0.0
356,25-29,unvaccinated,42.333333333333336,452.3333333333333,0.3333333333333333,0.0
356,25-29,old_vaccine,0.0,0.0,0.0,0.0
356,25-29,new_vaccine,0.0,0.0,0.0,0.0
356,30-34,unvaccinated,49.0,418.6666666666667,0.3333333333333333,0.0
356,30-34,old_vaccine,0.0,0.0,0.0,0.0
356,30-34,new_vaccine,0.0,0.0,0.0,0.0
356,35-39,unvaccinated,38.666666666666664,421.3333333333333,0.0,0.0
356,35-39,old_vaccine,0.0,0.0,0.0,0.0
356,35-39,new_vaccine,0.0,0.0,0.0,0.0
356,40-44,unvaccinated,45.0,407.3333333333333,0.3333333333333333,0.0
356,40-44,old_vaccine,0.0,0.0,0.0,0.0
356,40-44,new_vaccine,0.0,0.0,0.0,0.0
356,45-49,unvaccinated,49.666666666666664,385.3333333333333,1.0,0.0
356,45-49,old_vaccine,0.0,0.0,0.0,0.0
356,45-49,new_vaccine,0.0,0.0,0.0,0.0
356,50-54,unvaccinated,85.33333333333333,391.3333333333333,0.6666666666666666,0.0
356,50-54,old_vaccine,0.0,0.0,0.0,0.0
356,50-54,new_vaccine,0.0,0.0,0.0,0.0
356,55-59,unvaccinated,121.66666666666667,325.6666666666667,1.6666666666666667,0.0
356,55-59,old_vaccine,0.0,0.0,0.0,0.0
356,55-59,new_vaccine,0.0,0.0,0.0,0.0
356,60-64,unvaccinated,109.66666666666667,291.0,2.3333333333333335,0.0
356,60-64,old_vaccine,0.0,0.0,0.0,0.0
356,60-64,new_vaccine,0.0,0.0,0.0,0.0
356,65-69,unvaccinated,176.66666666666666,149.33333333333334,3.0,0.3333333333333333
356,65-69,old_vaccine,0.0,0.0,0.0,0.0
356,65-69,new_vaccine,0.0,0.0,0.0,0.0
356,70-74,unvaccinated,184.66666666666666,120.66666666666667,4.333333333333333,1.0
356,70-74,old_vaccine,0.0,0.0,0.0,0.0
356,70-74,new_vaccine,0.0,0.0,0.0,0.0
356,75+,unvaccinated,310.3333333333333,161.33333333333334,5.666666666666667,2.6666666666666665
356,75+,old_vaccine,0.0,0.0,0.0,0.0
356,75+,new_vaccine,0.0,0.0,0.0,0.0
357,0-4,unvaccinated,26.333333333333332,353.6666666666667,0.3333333333333333,0.0
357,0-4,old_vaccine,0.0,0.0,0.0,0.0
357,0-4,new_vaccine,0.0,0.0,0.0,0.0
357,5-9,unvaccinated,6.0,397.3333333333333,0.0,0.0
357,5-9,old_vaccine,0.0,0.0,0.0,0.0
357,5-9,new_vaccine,0.0,0.0,0.0,0.0
357,10-14,unvaccinated,8.0,397.0,0.3333333333333333,0.0
357,10-14,old_vaccine,0.0,0.0,0.0,0.0
357,10-14,new_vaccine,0.0,0.0,0.0,0.0
357,15-19,unvaccinated,11.666666666666666,350.0,0.0,0.0
357,15-19,old_vaccine,0.0,0.0,0.0,0.0
357,15-19,new_vaccine,0.0,0.0,0.0,0.0
357,20-24,unvaccinated,32.0,384.0,0.6666666666666666,0.0
357,20-24,old_vaccine,0.0,0.0,0.0,0.0
357,20-24,new_vaccine,0.0,0.0,0.0,0.0
357,25-29,unvaccinated,45.666666666666664,433.6666666666667,0.0,0.0
357,25-29,old_vaccine,0.0,0.0,0.0,0.0
357,25-29,new_vaccine,0.0,0.0,0.0,0.0
357,30-34,unvaccinated,49.0,438.0,0.3333333333333333,0.0
357,30-34,old_vaccine,0.0,0.0,0.0,0.0
357,30-34,new_vaccine,0.0,0.0,0.0,0.0
357,35-39,unvaccinated,48.333333333333336,436.0,0.3333333333333333,0.0
357,35-39,old_vaccine,0.0,0.0,0.0,0.0
357,35-39,new_vaccine,0.0,0.0,0.0,0.0
357,40-44,unvaccinated,46.0,420.0,0.6666666666666666,0.0
357,40-44,old_vaccine,0.0,0.0,0.0,0.0
357,40-44,new_vaccine,0.0,0.0,0.0,0.0
357,45-49,unvaccinated,55.0,394.6666666666667,1.0,0.0
357,45-49,old_vaccine,0.0,0.0,0.0,0.0
357,45-49,new_vaccine,0.0,0.0,0.0,0.0
357,50-54,unvaccinated,95.66666666666667,389.6666666666667,1.0,0.0
357,50-54,old_vaccine,0.0,0.0,0.0,0.0
357,50-54,new_vaccine,0.0,0.0,0.0,0.0
357,55-59,unvaccinated,112.66666666666667,344.0,1.3333333333333333,0.0
357,55-59,old_vaccine,0.0,0.0,0.0,0.0
357,55-59,new_vaccine,0.0,0.0,0.0,0.0
357,60-64,unvaccinated,111.66666666666667,284.6666666666667,0.3333333333333333,1.0
357,60-64,old_vaccine,0.0,0.0,0.0,0.0
357,60-64,new_vaccine,0.0,0.0,0.0,0.0
357,65-69,unvaccinated,169.0,141.66666666666666,3.3333333333333335,0.6666666666666666
357,65-69,old_vaccine,0.0,0.0,0.0,0.0
357,65-69,new_vaccine,0.0,0.0,0.0,0.0
357,70-74,unvaccinated,182.66666666666666,116.66666666666667,5.0,0.3333333333333333
357,70-74,old_vaccine,0.0,0.0,0.0,0.0
357,70-74,new_vaccine,0.0,0.0,0.0,0.0
357,75+,unvaccinated,294.3333333333333,155.0,7.333333333333333,2.3333333333333335
357,75+,old_vaccine,0.0,0.0,0.0,0.0
357,75+,new_vaccine,0.0,0.0,0.0,0.0
358,0-4,unvaccinated,23.0,342.3333333333333,0.0,0.0
358,0-4,old_vaccine,0.0,0.0,0.0,0.0
358,0-4,new_vaccine,0.0,0.0,0.0,0.0
358,5-9,unvaccinated,4.333333333333333,405.3333333333333,0.0,0.0
358,5-9,old_vaccine,0.0,0.0,0.0,0.0
358,5-9,new_vaccine,0.0,0.0,0.0,0.0
358,10-14,unvaccinated,6.666666666666667,389.0,0.0,0.0
358,10-14,old_vaccine,0.0,0.0,0.0,0.0
358,10-14,new_vaccine,0.0,0.0,0.0,0.0
358,15-19,unvaccinated,8.333333333333334,380.3333333333333,0.0,0.0
358,15-19,old_vaccine,0.0,0.0,0.0,0.0
358,15-19,new_vaccine,0.0,0.0,0.0,0.0
358,20-24,unvaccinated,24.666666666666668,368.6666666666667,0.0,0.0
358,20-24,old_vaccine,0.0,0.0,0.0,0.0
358,20-24,new_vaccine,0.0,0.0,0.0,0.0
358,25-29,unvaccinated,49.333333333333336,422.6666666666667,0.0,0.0
358,25-29,old_vaccine,0.0,0.0,0.0,0.0
358,25-29,new_vaccine,0.0,0.0,0.0,0.0
358,30-34,unvaccinated,46.0,437.3333333333333,0.3333333333333333,0.0
358,30-34,old_vaccine,0.0,0.0,0.0,0.0
358,30-34,new_vaccine,0.0,0.0,0.0,0.0
358,35-39,unvaccinated,41.0,420.3333333333333,0.0,0.0
358,35-39,old_vaccine,0.0,0.0,0.0,0.0
358,35-39,new_vaccine,0.0,0.0,0.0,0.0
358,40-44,unvaccinated,44.333333333333336,388.3333333333333,0.3333333333333333,0.0
358,40-44,old_vaccine,0.0,0.0,0.0,0.0
358,40-44,new_vaccine,0.0,0.0,0.0,0.0
358,45-49,unvaccinated,61.0,395.0,0.3333333333333333,0.0
358,45-49,old_vaccine,0.0,0.0,0.0,0.0
358,45-49,new_vaccine,0.0,0.0,0.0,0.0
358,50-54,unvaccinated,79.66666666666667,397.3333333333333,1.0,0.3333333333333333
358,50-54,old_vaccine,0.0,0.0,0.0,0.0
358,50-54,new_vaccine,0.0,0.0,0.0,0.0
358,55-59,unvaccinated,119.0,342.0,1.3333333333333333,0.0
358,55-59,old_vaccine,0.0,0.0,0.0,0.0
358,55-59,new_vaccine,0.0,0.0,0.0,0.0
358,60-64,unvaccinated,115.0,283.6666666666667,2.0,0.3333333333333333
358,60-64,old_vaccine,0.0,0.0,0.0,0.0
358,60-64,new_vaccine,0.0,0.0,0.0,0.0
358,65-69,unvaccinated,185.33333333333334,154.33333333333334,2.3333333333333335,0.6666666666666666
358,65-69,old_vaccine,0.0,0.0,0.0,0.0
358,65-69,new_vaccine,0.0,0.0,0.0,0.0
358,70-74,unvaccinated,199.33333333333334,119.0,4.666666666666667,0.3333333333333333
358,70-74,old_vaccine,0.0,0.0,0.0,0.0
358,70-74,new_vaccine,0.0,0.0,0.0,0.0
358,75+,unvaccinated,311.3333333333333,156.66666666666666,7.0,3.3333333333333335
358,75+,old_vaccine,0.0,0.0,0.0,0.0
358,75+,new_vaccine,0.0,0.0,0.0,0.0
359,0-4,unvaccinated,27.666666666666668,354.0,0.6666666666666666,0.0
359,0-4,old_vaccine,0.0,0.0,0.0,0.0
359,0-4,new_vaccine,0.0,0.0,0.0,0.0
359,5-9,unvaccinated,3.0,399.3333333333333,0.0,0.0
359,5-9,old_vaccine,0.0,0.0,0.0,0.0
359,5-9,new_vaccine,0.0,0.0,0.0,0.0
359,10-14,unvaccinated,7.333333333333333,407.3333333333333,0.0,0.0
359,10-14,old_vaccine,0.0,0.0,0.0,0.0
359,10-14,new_vaccine,0.0,0.0,0.0,0.0
359,15-19,unvaccinated,9.0,354.0,0.0,0.0
359,15-19,old_vaccine,0.0,0.0,0.0,0.0
359,15-19,new_vaccine,0.0,0.0,0.0,0.0
359,20-24,unvaccinated,22.666666666666668,423.3333333333333,0.0,0.0
359,20-24,old_vaccine,0.0,0.0,0.0,0.0
359,20-24,new_vaccine,0.0,0.0,0.0,0.0
359,25-29,unvaccinated,45.0,420.0,0.3333333333333333,0.0
359,25-29,old_vaccine,0.0,0.0,0.0,0.0
359,25-29,new_vaccine,0.0,0.0,0.0,0.0
359,30-34,unvaccinated,52.333333333333336,422.3333333333333,0.6666666666666666,0.0
359,30-34,old_vaccine,0.0,0.0,0.0,0.0
359,30-34,new_vaccine,0.0,0.0,0.0,0.0
359,35-39,unvaccinated,39.0,411.6666666666667,0.3333333333333333,0.0
359,35-39,old_vaccine,0.0,0.0,0.0,0.0
359,35-39,new_vaccine,0.0,0.0,0.0,0.0
359,40-44,unvaccinated,49.666666666666664,431.0,0.0,0.0
359,40-44,old_vaccine,0.0,0.0,0.0,0.0
359,40-44,new_vaccine,0.0,0.0,0.0,0.0
359,45-49,unvaccinated,55.666666666666664,398.6666666666667,0.3333333333333333,0.0
359,45-49,old_vaccine,0.0,0.0,0.0,0.0
359,45-49,new_vaccine,0.0,0.0,0.0,0.0
359,50-54,unvaccinated,87.0,387.6666666666667,1.6666666666666667,0.0
359,50-54,old_vaccine,0.0,0.0,0.0,0.0
359,50-54,new_vaccine,0.0,0.0,0.0,0.0
359,55-59,unvaccinated,121.66666666666667,360.3333333333333,0.0,0.0
359,55-59,old_vaccine,0.0,0.0,0.0,0.0
359,55-59,new_vaccine,0.0,0.0,0.0,0.0
359,60-64,unvaccinated,118.0,269.3333333333333,0.3333333333333333,0.3333333333333333
359,60-64,old_vaccine,0.0,0.0,0.0,0.0
359,60-64,new_vaccine,0.0,0.0,0.0,0.0
359,65-69,unvaccinated,175.0,153.33333333333334,3.6666666666666665,0.6666666666666666
359,65-69,old_vaccine,0.0,0.0,0.0,0.0
359,65-69,new_vaccine,0.0,0.0,0.0,0.0
359,70-74,unvaccinated,198.33333333333334,111.0,2.6666666666666665,1.0
359,70-74,old_vaccine,0.0,0.0,0.0,0.0
359,70-74,new_vaccine,0.0,0.0,0.0,0.0
359,75+,unvaccinated,329.6666666666667,148.33333333333334,6.0,1.6666666666666667
359,75+,old_vaccine,0.0,0.0,0.0,0.0
359,75+,new_vaccine,0.0,0.0,0.0,0.0
360,0-4,unvaccinated,25.0,352.6666666666667,0.0,0.0
360,0-4,old_vaccine,0.0,0.0,0.0,0.0
360,0-4,new_vaccine,0.0,0.0,0.0,0.0
360,5-9,unvaccinated,4.666666666666667,395.0,0.0,0.0
360,5-9,old_vaccine,0.0,0.0,0.0,0.0
360,5-9,new_vaccine,0.0,0.0,0.0,0.0
360,10-14,unvaccinated,8.0,388.0,0.3333333333333333,0.0
360,10-14,old_vaccine,0.0,0.0,0.0,0.0
360,10-14,new_vaccine,0.0,0.0,0.0,0.0
360,15-19,unvaccinated,11.333333333333334,362.0,0.0,0.0
360,15-19,old_vaccine,0.0,0.0,0.0,0.0
360,15-19,new_vaccine,0.0,0.0,0.0,0.0
360,20-24,unvaccinated,30.666666666666668,403.3333333333333,0.0,0.0
360,20-24,old_vaccine,0.0,0.0,0.0,0.0
360,20-24,new_vaccine,0.0,0.0,0.0,0.0
360,25-29,unvaccinated,47.666666666666664,435.3333333333333,0.0,0.0
360,25-29,old_vaccine,0.0,0.0,0.0,0.0
360,25-29,new_vaccine,0.0,0.0,0.0,0.0
360,30-34,unvaccinated,46.333333333333336,424.6666666666667,0.0,0.0
360,30-34,old_vaccine,0.0,0.0,0.0,0.0
360,30-34,new_vaccine,0.0,0.0,0.0,0.0
360,35-39,unvaccinated,38.666666666666664,451.0,0.0,0.0
360,35-39,old_vaccine,0.0,0.0,0.0,0.0
360,35-39,new_vaccine,0.0,0.0,0.0,0.0
360,40-44,unvaccinated,45.0,418.3333333333333,1.3333333333333333,0.0
360,40-44,old_vaccine,0.0,0.0,0.0,0.0
360,40-44,new_vaccine,0.0,0.0,0.0,0.0
360,45-49,unvaccinated,58.0,381.3333333333333,0.3333333333333333,0.0
360,45-49,old_vaccine,0.0,0.0,0.0,0.0
360,45-49,new_vaccine,0.0,0.0,0.0,0.0
360,50-54,unvaccinated,89.33333333333333,387.3333333333333,0.6666666666666666,0.0
360,50-54,old_vaccine,0.0,0.0,0.0,0.0
360,50-54,new_vaccine,0.0,0.0,0.0,0.0
360,55-59,unvaccinated,126.0,341.0,0.6666666666666666,0.0
360,55-59,old_vaccine,0.0,0.0,0.0,0.0
360,55-59,new_vaccine,0.0,0.0,0.0,0.0
360,60-64,unvaccinated,105.0,282.6666666666667,0.6666666666666666,0.3333333333333333
360,60-64,old_vaccine,0.0,0.0,0.0,0.0
360,60-64,new_vaccine,0.0,0.0,0.0,0.0
360,65-69,unvaccinated,183.33333333333334,138.0,2.0,0.3333333333333333
360,65-69,old_vaccine,0.0,0.0,0.0,0.0
360,65-69,new_vaccine,0.0,0.0,0.0,0.0
360,70-74,unvaccinated,198.33333333333334,109.33333333333333,2.3333333333333335,0.6666666666666666
360,70-74,old_vaccine,0.0,0.0,0.0,0.0
360,70-74,new_vaccine,0.0,0.0,0.0,0.0
360,75+,unvaccinated,325.6666666666667,150.33333333333334,4.0,3.3333333333333335
360,75+,old_vaccine,0.0,0.0,0.0,0.0
360,75+,new_vaccine,0.0,0.0,0.0,0.0
361,0-4,unvaccinated,26.333333333333332,355.0,0.6666666666666666,0.0
361,0-4,old_vaccine,0.0,0.0,0.0,0.0
361,0-4,new_vaccine,0.0,0.0,0.0,0.0
361,5-9,unvaccinated,4.666666666666667,424.0,0.0,0.0
361,5-9,old_vaccine,0.0,0.0,0.0,0.0
361,5-9,new_vaccine,0.0,0.0,0.0,0.0
361,10-14,unvaccinated,8.666666666666666,396.6666666666667,0.0,0.0
361,10-14,old_vaccine,0.0,0.0,0.0,0.0
361,10-14,new_vaccine,0.0,0.0,0.0,0.0
361,15-19,unvaccinated,7.333333333333333,385.3333333333333,0.0,0.0
361,15-19,old_vaccine,0.0,0.0,0.0,0.0
361,15-19,new_vaccine,0.0,0.0,0.0,0.0
361,20-24,unvaccinated,30.666666666666668,396.6666666666667,0.6666666666666666,0.0
361,20-24,old_vaccine,0.0,0.0,0.0,0.0
361,20-24,new_vaccine,0.0,0.0,0.0,0.0
361,25-29,unvaccinated,48.333333333333336,430.6666666666667,0.0,0.0
361,25-29,old_vaccine,0.0,0.0,0.0,0.0
361,25-29,new_vaccine,0.0,0.0,0.0,0.0
361,30-34,unvaccinated,56.333333333333336,440.0,0.0,0.0
361,30-34,old_vaccine,0.0,0.0,0.0,0.0
361,30-34,new_vaccine,0.0,0.0,0.0,0.0
361,35-39,unvaccinated,41.0,456.0,0.0,0.0
361,35-39,old_vaccine,0.0,0.0,0.0,0.0
361,35-39,new_vaccine,0.0,0.0,0.0,0.0
361,40-44,unvaccinated,42.333333333333336,419.6666666666667,0.0,0.0
361,40-44,old_vaccine,0.0,0.0,0.0,0.0
361,40-44,new_vaccine,0.0,0.0,0.0,0.0
361,45-49,unvaccinated,44.333333333333336,399.0,0.3333333333333333,0.0
361,45-49,old_vaccine,0.0,0.0,0.0,0.0
361,45-49,new_vaccine,0.0,0.0,0.0,0.0
361,50-54,unvaccinated,95.33333333333333,400.3333333333333,1.3333333333333333,0.3333333333333333
361,50-54,old_vaccine,0.0,0.0,0.0,0.0
361,50-54,new_vaccine,0.0,0.0,0.0,0.0
361,55-59,unvaccinated,119.0,344.0,1.6666666666666667,0.3333333333333333
361,55-59,old_vaccine,0.0,0.0,0.0,0.0
361,55-59,new_vaccine,0.0,0.0,0.0,0.0
361,60-64,unvaccinated,108.33333333333333,286.0,1.6666666666666667,0.0
361,60-64,old_vaccine,0.0,0.0,0.0,0.0
361,60-64,new_vaccine,0.0,0.0,0.0,0.0
361,65-69,unvaccinated,173.33333333333334,159.0,1.0,0.6666666666666666
361,65-69,old_vaccine,0.0,0.0,0.0,0.0
361,65-69,new_vaccine,0.0,0.0,0.0,0.0
361,70-74,unvaccinated,185.66666666666666,116.66666666666667,4.333333333333333,1.0
361,70-74,old_vaccine,0.0,0.0,0.0,0.0
361,70-74,new_vaccine,0.0,0.0,0.0,0.0
361,75+,unvaccinated,292.0,152.33333333333334,4.333333333333333,2.0
361,75+,old_vaccine,0.0,0.0,0.0,0.0
361,75+,new_vaccine,0.0,0.0,0.0,0.0
362,0-4,unvaccinated,24.0,350.0,0.0,0.0
362,0-4,old_vaccine,0.0,0.0,0.0,0.0
362,0-4,new_vaccine,0.0,0.0,0.0,0.0
362,5-9,unvaccinated,5.0,391.6666666666667,0.0,0.0
362,5-9,old_vaccine,0.0,0.0,0.0,0.0
362,5-9,new_vaccine,0.0,0.0,0.0,0.0
362,10-14,unvaccinated,8.0,380.3333333333333,0.0,0.0
362,10-14,old_vaccine,0.0,0.0,0.0,0.0
362,10-14,new_vaccine,0.0,0.0,0.0,0.0
362,15-19,unvaccinated,10.333333333333334,355.3333333333333,0.0,0.0
362,15-19,old_vaccine,0.0,0.0,0.0,0.0
362,15-19,new_vaccine,0.0,0.0,0.0,0.0
362,20-24,unvaccinated,26.0,404.3333333333333,0.0,0.3333333333333333
362,20-24,old_vaccine,0.0,0.0,0.0,0.0
362,20-24,new_vaccine,0.0,0.0,0.0,0.0
362,25-29,unvaccinated,47.0,422.3333333333333,0.3333333333333333,0.0
362,25-29,old_vaccine,0.0,0.0,0.0,0.0
362,25-29,new_vaccine,0.0,0.0,0.0,0.0
362,30-34,unvaccinated,44.666666666666664,422.3333333333333,0.0,0.0
362,30-34,old_vaccine,0.0,0.0,0.0,0.0
362,30-34,new_vaccine,0.0,0.0,0.0,0.0
362,35-39,unvaccinated,48.666666666666664,444.0,0.0,0.0
362,35-39,old_vaccine,0.0,0.0,0.0,0.0
362,35-39,new_vaccine,0.0,0.0,0.0,0.0
362,40-44,unvaccinated,50.666666666666664,409.3333333333333,0.3333333333333333,0.0
362,40-44,old_vaccine,0.0,0.0,0.0,0.0
362,40-44,new_vaccine,0.0,0.0,0.0,0.0
362,45-49,unvaccinated,53.333333333333336,388.6666666666667,0.3333333333333333,0.0
362,45-49,old_vaccine,0.0,0.0,0.0,0.0
362,45-49,new_vaccine,0.0,0.0,0.0,0.0
362,50-54,unvaccinated,85.33333333333333,382.6666666666667,0.6666666666666666,0.0
362,50-54,old_vaccine,0.0,0.0,0.0,0.0
362,50-54,new_vaccine,0.0,0.0,0.0,0.0
362,55-59,unvaccinated,128.33333333333334,352.3333333333333,2.6666666666666665,0.0
362,55-59,old_vaccine,0.0,0.0,0.0,0.0
362,55-59,new_vaccine,0.0,0.0,0.0,0.0
362,60-64,unvaccinated,119.33333333333333,281.3333333333333,1.3333333333333333,0.0
362,60-64,old_vaccine,0.0,0.0,0.0,0.0
362,60-64,new_vaccine,0.0,0.0,0.0,0.0
362,65-69,unvaccinated,174.33333333333334,151.0,2.6666666666666665,0.6666666666666666
362,65-69,old_vaccine,0.0,0.0,0.0,0.0
362,65-69,new_vaccine,0.0,0.0,0.0,0.0
362,70-74,unvaccinated,199.0,111.66666666666667,3.0,0.6666666666666666
362,70-74,old_vaccine,0.0,0.0,0.0,0.0
362,70-74,new_vaccine,0.0,0.0,0.0,0.0
362,75+,unvaccinated,319.3333333333333,158.0,3.6666666666666665,3.0
362,75+,old_vaccine,0.0,0.0,0.0,0.0
362,75+,new_vaccine,0.0,0.0,0.0,0.0
363,0-4,unvaccinated,27.666666666666668,352.3333333333333,0.6666666666666666,0.0
363,0-4,old_vaccine,0.0,0.0,0.0,0.0
363,0-4,new_vaccine,0.0,0.0,0.0,0.0
363,5-9,unvaccinated,7.666666666666667,415.0,0.3333333333333333,0.0
363,5-9,old_vaccine,0.0,0.0,0.0,0.0
363,5-9,new_vaccine,0.0,0.0,0.0,0.0
363,10-14,unvaccinated,7.0,382.3333333333333,0.0,0.0
363,10-14,old_vaccine,0.0,0.0,0.0,0.0
363,10-14,new_vaccine,0.0,0.0,0.0,0.0
363,15-19,unvaccinated,7.333333333333333,354.0,0.0,0.0
363,15-19,old_vaccine,0.0,0.0,0.0,0.0
363,15-19,new_vaccine,0.0,0.0,0.0,0.0
363,20-24,unvaccinated,27.0,397.6666666666667,0.0,0.0
363,20-24,old_vaccine,0.0,0.0,0.0,0.0
363,20-24,new_vaccine,0.0,0.0,0.0,0.0
363,25-29,unvaccinated,50.666666666666664,411.6666666666667,0.0,0.0
363,25-29,old_vaccine,0.0,0.0,0.0,0.0
363,25-29,new_vaccine,0.0,0.0,0.0,0.0
363,30-34,unvaccinated,51.666666666666664,438.0,0.3333333333333333,0.0
363,30-34,old_vaccine,0.0,0.0,0.0,0.0
363,30-34,new_vaccine,0.0,0.0,0.0,0.0
363,35-39,unvaccinated,36.666666666666664,407.0,0.0,0.0
363,35-39,old_vaccine,0.0,0.0,0.0,0.0
363,35-39,new_vaccine,0.0,0.0,0.0,0.0
363,40-44,unvaccinated,39.0,419.0,0.0,0.0
363,40-44,old_vaccine,0.0,0.0,0.0,0.0
363,40-44,new_vaccine,0.0,0.0,0.0,0.0
363,45-49,unvaccinated,53.0,398.6666666666667,0.6666666666666666,0.0
363,45-49,old_vaccine,0.0,0.0,0.0,0.0
363,45-49,new_vaccine,0.0,0.0,0.0,0.0
363,50-54,unvaccinated,93.66666666666667,404.6666666666667,1.6666666666666667,0.0
363,50-54,old_vaccine,0.0,0.0,0.0,0.0
363,50-54,new_vaccine,0.0,0.0,0.0,0.0
363,55-59,unvaccinated,119.66666666666667,348.6666666666667,0.6666666666666666,0.0
363,55-59,old_vaccine,0.0,0.0,0.0,0.0
363,55-59,new_vaccine,0.0,0.0,0.0,0.0
363,60-64,unvaccinated,111.0,296.0,2.3333333333333335,0.3333333333333333
363,60-64,old_vaccine,0.0,0.0,0.0,0.0
363,60-64,new_vaccine,0.0,0.0,0.0,0.0
363,65-69,unvaccinated,187.0,168.66666666666666,2.0,0.0
363,65-69,old_vaccine,0.0,0.0,0.0,0.0
363,65-69,new_vaccine,0.0,0.0,0.0,0.0
363,70-74,unvaccinated,198.0,114.0,3.0,0.6666666666666666
363,70-74,old_vaccine,0.0,0.0,0.0,0.0
363,70-74,new_vaccine,0.0,0.0,0.0,0.0
363,75+,unvaccinated,289.0,159.0,7.333333333333333,3.6666666666666665
363,75+,old_vaccine,0.0,0.0,0.0,0.0
363,75+,new_vaccine,0.0,0.0,0.0,0.0
364,0-4,unvaccinated,28.0,346.6666666666667,0.6666666666666666,0.0
364,0-4,old_vaccine,0.0,0.0,0.0,0.0
364,0-4,new_vaccine,0.0,0.0,0.0,0.0
364,5-9,unvaccinated,3.3333333333333335,411.0,0.0,0.0
364,5-9,old_vaccine,0.0,0.0,0.0,0.0
364,5-9,new_vaccine,0.0,0.0,0.0,0.0
364,10-14,unvaccinated,8.333333333333334,372.0,0.0,0.0
364,10-14,old_vaccine,0.0,0.0,0.0,0.0
364,10-14,new_vaccine,0.0,0.0,0.0,0.0
364,15-19,unvaccinated,9.666666666666666,352.0,0.0,0.0
364,15-19,old_vaccine,0.0,0.0,0.0,0.0
364,15-19,new_vaccine,0.0,0.0,0.0,0.0
364,20-24,unvaccinated,28.333333333333332,387.6666666666667,0.0,0.0
364,20-24,old_vaccine,0.0,0.0,0.0,0.0
364,20-24,new_vaccine,0.0,0.0,0.0,0.0
364,25-29,unvaccinated,42.333333333333336,415.6666666666667,0.6666666666666666,0.0
364,25-29,old_vaccine,0.0,0.0,0.0,0.0
364,25-29,new_vaccine,0.0,0.0,0.0,0.0
364,30-34,unvaccinated,52.0,432.0,0.0,0.0
364,30-34,old_vaccine,0.0,0.0,0.0,0.0
364,30-34,new_vaccine,0.0,0.0,0.0,0.0
364,35-39,unvaccinated,52.333333333333336,438.0,0.0,0.0
364,35-39,old_vaccine,0.0,0.0,0.0,0.0
364,35-39,new_vaccine,0.0,0.0,0.0,0.0
364,40-44,unvaccinated,49.666666666666664,401.0,0.3333333333333333,0.0
364,40-44,old_vaccine,0.0,0.0,0.0,0.0
364,40-44,new_vaccine,0.0,0.0,0.0,0.0
364,45-49,unvaccinated,49.666666666666664,393.6666666666667,1.0,0.0
364,45-49,old_vaccine,0.0,0.0,0.0,0.0
364,45-49,new_vaccine,0.0,0.0,0.0,0.0
364,50-54,unvaccinated,98.0,387.3333333333333,0.3333333333333333,0.0
364,50-54,old_vaccine,0.0,0.0,0.0,0.0
364,50-54,new_vaccine,0.0,0.0,0.0,0.0
364,55-59,unvaccinated,116.0,351.3333333333333,0.6666666666666666,0.0
364,55-59,old_vaccine,0.0,0.0,0.0,0.0
364,55-59,new_vaccine,0.0,0.0,0.0,0.0
364,60-64,unvaccinated,117.33333333333333,281.6666666666667,2.3333333333333335,0.0
364,60-64,old_vaccine,0.0,0.0,0.0,0.0
364,60-64,new_vaccine,0.0,0.0,0.0,0.0
364,65-69,unvaccinated,168.66666666666666,152.33333333333334,1.6666666666666667,0.0
364,65-69,old_vaccine,0.0,0.0,0.0,0.0
364,65-69,new_vaccine,0.0,0.0,0.0,0.0
364,70-74,unvaccinated,190.66666666666666,104.66666666666667,5.0,0.6666666666666666
364,70-74,old_vaccine,0.0,0.0,0.0,0.0
364,70-74,new_vaccine,0.0,0.0,0.0,0.0
364,75+,unvaccinated,300.6666666666667,157.66666666666666,6.333333333333333,2.3333333333333335
364,75+,old_vaccine,0.0,0.0,0.0,0.0
364,75+,new_vaccine,0.0,0.0,0.0,0.0
