t,ages,vacc_status,symptomatic,asymptomatic,hospitalised,dead
0,0-4,unvaccinated,0.0,0.0,0.0,0.0
0,0-4,old_vaccine,0.0,0.0,0.0,0.0
0,0-4,new_vaccine,0.0,0.0,0.0,0.0
0,5-9,unvaccinated,0.0,0.0,0.0,0.0
0,5-9,old_vaccine,0.0,0.0,0.0,0.0
0,5-9,new_vaccine,0.0,0.0,0.0,0.0
0,10-14,unvaccinated,0.0,0.0,0.0,0.0
0,10-14,old_vaccine,0.0,0.0,0.0,0.0
0,10-14,new_vaccine,0.0,0.0,0.0,0.0
0,15-19,unvaccinated,0.0,0.0,0.0,0.0
0,15-19,old_vaccine,0.0,0.0,0.0,0.0
0,15-19,new_vaccine,0.0,0.0,0.0,0.0
0,20-24,unvaccinated,0.0,0.0,0.0,0.0
0,20-24,old_vaccine,0.0,0.0,0.0,0.0
0,20-24,new_vaccine,0.0,0.0,0.0,0.0
0,25-29,unvaccinated,0.0,0.0,0.0,0.0
0,25-29,old_vaccine,0.0,0.0,0.0,0.0
0,25-29,new_vaccine,0.0,0.0,0.0,0.0
0,30-34,unvaccinated,0.0,0.0,0.0,0.0
0,30-34,old_vaccine,0.0,0.0,0.0,0.0
0,30-34,new_vaccine,0.0,0.0,0.0,0.0
0,35-39,unvaccinated,0.0,0.0,0.0,0.0
0,35-39,old_vaccine,0.0,0.0,0.0,0.0
0,35-39,new_vaccine,0.0,0.0,0.0,0.0
0,40-44,unvaccinated,0.0,0.0,0.0,0.0
0,40-44,old_vaccine,0.0,0.0,0.0,0.0
0,40-44,new_vaccine,0.0,0.0,0.0,0.0
0,45-49,unvaccinated,0.0,0.0,0.0,0.0
0,45-49,old_vaccine,0.0,0.0,0.0,0.0
0,45-49,new_vaccine,0.0,0.0,0.0,0.0
0,50-54,unvaccinated,0.0,0.0,0.0,0.0
0,50-54,old_vaccine,0.0,0.0,0.0,0.0
0,50-54,new_vaccine,0.0,0.0,0.0,0.0
0,55-59,unvaccinated,0.0,0.0,0.0,0.0
0,55-59,old_vaccine,0.0,0.0,0.0,0.0
0,55-59,new_vaccine,0.0,0.0,0.0,0.0
0,60-64,unvaccinated,0.0,0.0,0.0,0.0
0,60-64,old_vaccine,0.0,0.0,0.0,0.0
0,60-64,new_vaccine,0.0,0.0,0.0,0.0
0,65-69,unvaccinated,0.0,0.0,0.0,0.0
0,65-69,old_vaccine,0.0,0.0,0.0,0.0
0,65-69,new_vaccine,0.0,0.0,0.0,0.0
0,70-74,unvaccinated,0.0,0.0,0.0,0.0
0,70-74,old_vaccine,0.0,0.0,0.0,0.0
0,70-74,new_vaccine,0.0,0.0,0.0,0.0
0,75+,unvaccinated,0.0,0.0,0.0,0.0
0,75+,old_vaccine,0.0,0.0,0.0,0.0
0,75+,new_vaccine,0.0,0.0,0.0,0.0
1,0-4,unvaccinated,477.5,6849.0,9.5,0.0
1,0-4,old_vaccine,0.0,0.0,0.0,0.0
1,0-4,new_vaccine,0.0,0.0,0.0,0.0
1,5-9,unvaccinated,127.5,7728.5,0.0,0.0
1,5-9,old_vaccine,0.0,0.0,0.0,0.0
1,5-9,new_vaccine,0.0,0.0,0.0,0.0
1,10-14,unvaccinated,178.0,7281.0,1.5,0.0
1,10-14,old_vaccine,0.0,0.0,0.0,0.0
1,10-14,new_vaccine,0.0,0.0,0.0,0.0
1,15-19,unvaccinated,157.0,6839.0,1.5,0.0
1,15-19,old_vaccine,0.0,0.0,0.0,0.0
1,15-19,new_vaccine,0.0,0.0,0.0,0.0
1,20-24,unvaccinated,512.0,7134.5,4.0,0.0
1,20-24,old_vaccine,0.0,0.0,0.0,0.0
1,20-24,new_vaccine,0.0,0.0,0.0,0.0
1,25-29,unvaccinated,854.0,7718.0,3.0,0.0
1,25-29,old_vaccine,0.0,0.0,0.0,0.0
1,25-29,new_vaccine,0.0,0.0,0.0,0.0
1,30-34,unvaccinated,873.0,7847.0,5.5,0.0
1,30-34,old_vaccine,0.0,0.0,0.0,0.0
1,30-34,new_vaccine,0.0,0.0,0.0,0.0
1,35-39,unvaccinated,785.5,7801.0,9.0,0.0
1,35-39,old_vaccine,0.0,0.0,0.0,0.0
1,35-39,new_vaccine,0.0,0.0,0.0,0.0
1,40-44,unvaccinated,816.5,7423.0,12.0,0.0
1,40-44,old_vaccine,0.0,0.0,0.0,0.0
1,40-44,new_vaccine,0.0,0.0,0.0,0.0
1,45-49,unvaccinated,987.0,7017.0,28.0,0.0
1,45-49,old_vaccine,0.0,0.0,0.0,0.0
1,45-49,new_vaccine,0.0,0.0,0.0,0.0
1,50-54,unvaccinated,1730.0,7101.0,76.0,0.0
1,50-54,old_vaccine,0.0,0.0,0.0,0.0
1,50-54,new_vaccine,0.0,0.0,0.0,0.0
1,55-59,unvaccinated,2218.5,6387.5,92.5,0.0
1,55-59,old_vaccine,0.0,0.0,0.0,0.0
1,55-59,new_vaccine,0.0,0.0,0.0,0.0
1,60-64,unvaccinated,2148.0,5199.0,230.0,0.0
1,60-64,old_vaccine,0.0,0.0,0.0,0.0
1,60-64,new_vaccine,0.0,0.0,0.0,0.0
1,65-69,unvaccinated,3470.0,3035.5,435.0,0.0
1,65-69,old_vaccine,0.0,0.0,0.0,0.0
1,65-69,new_vaccine,0.0,0.0,0.0,0.0
1,70-74,unvaccinated,3934.5,2287.5,863.5,0.0
1,70-74,old_vaccine,0.0,0.0,0.0,0.0
1,70-74,new_vaccine,0.0,0.0,0.0,0.0
1,75+,unvaccinated,7197.0,3626.5,2812.0,0.0
1,75+,old_vaccine,0.0,0.0,0.0,0.0
1,75+,new_vaccine,0.0,0.0,0.0,0.0
2,0-4,unvaccinated,477.5,6849.0,9.5,0.0
2,0-4,old_vaccine,0.0,0.0,0.0,0.0
2,0-4,new_vaccine,0.0,0.0,0.0,0.0
2,5-9,unvaccinated,127.5,7728.5,0.0,0.0
2,5-9,old_vaccine,0.0,0.0,0.0,0.0
2,5-9,new_vaccine,0.0,0.0,0.0,0.0
2,10-14,unvaccinated,178.0,7281.0,1.5,0.0
2,10-14,old_vaccine,0.0,0.0,0.0,0.0
2,10-14,new_vaccine,0.0,0.0,0.0,0.0
2,15-19,unvaccinated,157.0,6839.0,1.5,0.0
2,15-19,old_vaccine,0.0,0.0,0.0,0.0
2,15-19,new_vaccine,0.0,0.0,0.0,0.0
2,20-24,unvaccinated,512.0,7134.5,4.0,0.0
2,20-24,old_vaccine,0.0,0.0,0.0,0.0
2,20-24,new_vaccine,0.0,0.0,0.0,0.0
2,25-29,unvaccinated,854.0,7718.0,3.0,0.0
2,25-29,old_vaccine,0.0,0.0,0.0,0.0
2,25-29,new_vaccine,0.0,0.0,0.0,0.0
2,30-34,unvaccinated,873.0,7847.0,5.5,0.0
2,30-34,old_vaccine,0.0,0.0,0.0,0.0
2,30-34,new_vaccine,0.0,0.0,0.0,0.0
2,35-39,unvaccinated,785.5,7801.0,9.0,0.0
2,35-39,old_vaccine,0.0,0.0,0.0,0.0
2,35-39,new_vaccine,0.0,0.0,0.0,0.0
2,40-44,unvaccinated,816.5,7423.0,12.0,0.0
2,40-44,old_vaccine,0.0,0.0,0.0,0.0
2,40-44,new_vaccine,0.0,0.0,0.0,0.0
2,45-49,unvaccinated,987.0,7017.0,28.0,0.0
2,45-49,old_vaccine,0.0,0.0,0.0,0.0
2,45-49,new_vaccine,0.0,0.0,0.0,0.0
2,50-54,unvaccinated,1730.0,7101.0,76.0,0.0
2,50-54,old_vaccine,0.0,0.0,0.0,0.0
2,50-54,new_vaccine,0.0,0.0,0.0,0.0
2,55-59,unvaccinated,2218.5,6387.5,92.5,0.0
2,55-59,old_vaccine,0.0,0.0,0.0,0.0
2,55-59,new_vaccine,0.0,0.0,0.0,0.0
2,60-64,unvaccinated,2148.0,5199.0,230.0,0.0
2,60-64,old_vaccine,0.0,0.0,0.0,0.0
2,60-64,new_vaccine,0.0,0.0,0.0,0.0
2,65-69,unvaccinated,3470.0,3035.5,435.0,0.0
2,65-69,old_vaccine,0.0,0.0,0.0,0.0
2,65-69,new_vaccine,0.0,0.0,0.0,0.0
2,70-74,unvaccinated,3934.5,2287.5,863.5,0.0
2,70-74,old_vaccine,0.0,0.0,0.0,0.0
2,70-74,new_vaccine,0.0,0.0,0.0,0.0
2,75+,unvaccinated,7197.0,3626.5,2812.0,0.0
2,75+,old_vaccine,0.0,0.0,0.0,0.0
2,75+,new_vaccine,0.0,0.0,0.0,0.0
3,0-4,unvaccinated,477.5,6853.0,9.5,0.0
3,0-4,old_vaccine,0.0,0.0,0.0,0.0
3,0-4,new_vaccine,0.0,0.0,0.0,0.0
3,5-9,unvaccinated,127.5,7733.5,0.0,0.0
3,5-9,old_vaccine,0.0,0.0,0.0,0.0
3,5-9,new_vaccine,0.0,0.0,0.0,0.0
3,10-14,unvaccinated,178.5,7283.0,1.5,0.0
3,10-14,old_vaccine,0.0,0.0,0.0,0.0
3,10-14,new_vaccine,0.0,0.0,0.0,0.0
3,15-19,unvaccinated,157.0,6841.5,1.5,0.0
3,15-19,old_vaccine,0.0,0.0,0.0,0.0
3,15-19,new_vaccine,0.0,0.0,0.0,0.0
3,20-24,unvaccinated,512.5,7137.0,4.0,0.0
3,20-24,old_vaccine,0.0,0.0,0.0,0.0
3,20-24,new_vaccine,0.0,0.0,0.0,0.0
3,25-29,unvaccinated,854.0,7720.0,3.0,0.0
3,25-29,old_vaccine,0.0,0.0,0.0,0.0
3,25-29,new_vaccine,0.0,0.0,0.0,0.0
3,30-34,unvaccinated,873.0,7849.5,5.5,0.0
3,30-34,old_vaccine,0.0,0.0,0.0,0.0
3,30-34,new_vaccine,0.0,0.0,0.0,0.0
3,35-39,unvaccinated,786.0,7804.5,9.0,0.0
3,35-39,old_vaccine,0.0,0.0,0.0,0.0
3,35-39,new_vaccine,0.0,0.0,0.0,0.0
3,40-44,unvaccinated,816.5,7427.0,12.0,0.0
3,40-44,old_vaccine,0.0,0.0,0.0,0.0
3,40-44,new_vaccine,0.0,0.0,0.0,0.0
3,45-49,unvaccinated,987.0,7021.0,28.0,0.0
3,45-49,old_vaccine,0.0,0.0,0.0,0.0
3,45-49,new_vaccine,0.0,0.0,0.0,0.0
3,50-54,unvaccinated,1730.0,7105.0,76.5,0.0
3,50-54,old_vaccine,0.0,0.0,0.0,0.0
3,50-54,new_vaccine,0.0,0.0,0.0,0.0
3,55-59,unvaccinated,2220.0,6391.0,92.5,0.0
3,55-59,old_vaccine,0.0,0.0,0.0,0.0
3,55-59,new_vaccine,0.0,0.0,0.0,0.0
3,60-64,unvaccinated,2149.0,5201.5,230.0,0.0
3,60-64,old_vaccine,0.0,0.0,0.0,0.0
3,60-64,new_vaccine,0.0,0.0,0.0,0.0
3,65-69,unvaccinated,3471.0,3035.5,435.0,0.0
3,65-69,old_vaccine,0.0,0.0,0.0,0.0
3,65-69,new_vaccine,0.0,0.0,0.0,0.0
3,70-74,unvaccinated,3937.0,2288.0,863.5,0.0
3,70-74,old_vaccine,0.0,0.0,0.0,0.0
3,70-74,new_vaccine,0.0,0.0,0.0,0.0
3,75+,unvaccinated,7199.0,3627.5,2812.0,0.0
3,75+,old_vaccine,0.0,0.0,0.0,0.0
3,75+,new_vaccine,0.0,0.0,0.0,0.0
4,0-4,unvaccinated,503.5,7186.0,9.5,0.0
4,0-4,old_vaccine,0.0,0.0,0.0,0.0
4,0-4,new_vaccine,0.0,0.0,0.0,0.0
4,5-9,unvaccinated,133.0,8111.5,0.0,0.0
4,5-9,old_vaccine,0.0,0.0,0.0,0.0
4,5-9,new_vaccine,0.0,0.0,0.0,0.0
4,10-14,unvaccinated,185.0,7635.5,1.5,0.0
4,10-14,old_vaccine,0.0,0.0,0.0,0.0
4,10-14,new_vaccine,0.0,0.0,0.0,0.0
4,15-19,unvaccinated,166.5,7169.5,1.5,0.0
4,15-19,old_vaccine,0.0,0.0,0.0,0.0
4,15-19,new_vaccine,0.0,0.0,0.0,0.0
4,20-24,unvaccinated,538.0,7473.0,4.0,0.0
4,20-24,old_vaccine,0.0,0.0,0.0,0.0
4,20-24,new_vaccine,0.0,0.0,0.0,0.0
4,25-29,unvaccinated,892.5,8073.5,3.0,0.0
4,25-29,old_vaccine,0.0,0.0,0.0,0.0
4,25-29,new_vaccine,0.0,0.0,0.0,0.0
4,30-34,unvaccinated,910.5,8232.0,6.0,0.0
4,30-34,old_vaccine,0.0,0.0,0.0,0.0
4,30-34,new_vaccine,0.0,0.0,0.0,0.0
4,35-39,unvaccinated,822.5,8174.0,9.5,0.0
4,35-39,old_vaccine,0.0,0.0,0.0,0.0
4,35-39,new_vaccine,0.0,0.0,0.0,0.0
4,40-44,unvaccinated,852.5,7784.0,13.0,0.0
4,40-44,old_vaccine,0.0,0.0,0.0,0.0
4,40-44,new_vaccine,0.0,0.0,0.0,0.0
4,45-49,unvaccinated,1033.0,7366.0,28.5,0.0
4,45-49,old_vaccine,0.0,0.0,0.0,0.0
4,45-49,new_vaccine,0.0,0.0,0.0,0.0
4,50-54,unvaccinated,1817.0,7419.5,77.0,0.0
4,50-54,old_vaccine,0.0,0.0,0.0,0.0
4,50-54,new_vaccine,0.0,0.0,0.0,0.0
4,55-59,unvaccinated,2338.5,6706.5,94.5,0.0
4,55-59,old_vaccine,0.0,0.0,0.0,0.0
4,55-59,new_vaccine,0.0,0.0,0.0,0.0
4,60-64,unvaccinated,2243.5,5463.5,232.5,0.0
4,60-64,old_vaccine,0.0,0.0,0.0,0.0
4,60-64,new_vaccine,0.0,0.0,0.0,0.0
4,65-69,unvaccinated,3635.0,3180.5,436.0,0.0
4,65-69,old_vaccine,0.0,0.0,0.0,0.0
4,65-69,new_vaccine,0.0,0.0,0.0,0.0
4,70-74,unvaccinated,4119.5,2399.5,867.5,0.0
4,70-74,old_vaccine,0.0,0.0,0.0,0.0
4,70-74,new_vaccine,0.0,0.0,0.0,0.0
4,75+,unvaccinated,7557.0,3789.0,2819.0,0.0
4,75+,old_vaccine,0.0,0.0,0.0,0.0
4,75+,new_vaccine,0.0,0.0,0.0,0.0
5,0-4,unvaccinated,592.0,8379.5,10.0,0.0
5,0-4,old_vaccine,0.0,0.0,0.0,0.0
5,0-4,new_vaccine,0.0,0.0,0.0,0.0
5,5-9,unvaccinated,149.5,9421.0,0.5,0.0
5,5-9,old_vaccine,0.0,0.0,0.0,0.0
5,5-9,new_vaccine,0.0,0.0,0.0,0.0
5,10-14,unvaccinated,219.0,8873.5,2.0,0.0
5,10-14,old_vaccine,0.0,0.0,0.0,0.0
5,10-14,new_vaccine,0.0,0.0,0.0,0.0
5,15-19,unvaccinated,202.5,8326.0,1.5,0.0
5,15-19,old_vaccine,0.0,0.0,0.0,0.0
5,15-19,new_vaccine,0.0,0.0,0.0,0.0
5,20-24,unvaccinated,622.5,8678.0,5.0,0.0
5,20-24,old_vaccine,0.0,0.0,0.0,0.0
5,20-24,new_vaccine,0.0,0.0,0.0,0.0
5,25-29,unvaccinated,1060.5,9394.5,3.0,0.0
5,25-29,old_vaccine,0.0,0.0,0.0,0.0
5,25-29,new_vaccine,0.0,0.0,0.0,0.0
5,30-34,unvaccinated,1062.5,9579.0,6.5,0.0
5,30-34,old_vaccine,0.0,0.0,0.0,0.0
5,30-34,new_vaccine,0.0,0.0,0.0,0.0
5,35-39,unvaccinated,967.5,9542.5,11.5,0.0
5,35-39,old_vaccine,0.0,0.0,0.0,0.0
5,35-39,new_vaccine,0.0,0.0,0.0,0.0
5,40-44,unvaccinated,993.0,9065.5,13.5,0.0
5,40-44,old_vaccine,0.0,0.0,0.0,0.0
5,40-44,new_vaccine,0.0,0.0,0.0,0.0
5,45-49,unvaccinated,1206.0,8601.5,30.5,0.0
5,45-49,old_vaccine,0.0,0.0,0.0,0.0
5,45-49,new_vaccine,0.0,0.0,0.0,0.0
5,50-54,unvaccinated,2090.5,8690.0,78.5,0.0
5,50-54,old_vaccine,0.0,0.0,0.0,0.0
5,50-54,new_vaccine,0.0,0.0,0.0,0.0
5,55-59,unvaccinated,2717.0,7768.5,96.5,0.0
5,55-59,old_vaccine,0.0,0.0,0.0,0.0
5,55-59,new_vaccine,0.0,0.0,0.0,0.0
5,60-64,unvaccinated,2610.5,6330.5,239.5,0.0
5,60-64,old_vaccine,0.0,0.0,0.0,0.0
5,60-64,new_vaccine,0.0,0.0,0.0,0.0
5,65-69,unvaccinated,4212.0,3692.5,448.0,0.0
5,65-69,old_vaccine,0.0,0.0,0.0,0.0
5,65-69,new_vaccine,0.0,0.0,0.0,0.0
5,70-74,unvaccinated,4813.0,2795.0,876.0,0.0
5,70-74,old_vaccine,0.0,0.0,0.0,0.0
5,70-74,new_vaccine,0.0,0.0,0.0,0.0
5,75+,unvaccinated,8786.5,4399.5,2836.0,0.0
5,75+,old_vaccine,0.0,0.0,0.0,0.0
5,75+,new_vaccine,0.0,0.0,0.0,0.0
6,0-4,unvaccinated,691.0,9768.0,11.5,0.0
6,0-4,old_vaccine,0.0,0.0,0.0,0.0
6,0-4,new_vaccine,0.0,0.0,0.0,0.0
6,5-9,unvaccinated,173.5,10949.0,1.0,0.0
6,5-9,old_vaccine,0.0,0.0,0.0,0.0
6,5-9,new_vaccine,0.0,0.0,0.0,0.0
6,10-14,unvaccinated,253.5,10384.0,2.0,0.0
6,10-14,old_vaccine,0.0,0.0,0.0,0.0
6,10-14,new_vaccine,0.0,0.0,0.0,0.0
6,15-19,unvaccinated,243.5,9647.5,1.5,0.0
6,15-19,old_vaccine,0.0,0.0,0.0,0.0
6,15-19,new_vaccine,0.0,0.0,0.0,0.0
6,20-24,unvaccinated,715.0,10109.5,5.0,0.0
6,20-24,old_vaccine,0.0,0.0,0.0,0.0
6,20-24,new_vaccine,0.0,0.0,0.0,0.0
6,25-29,unvaccinated,1213.5,10950.0,3.0,0.0
6,25-29,old_vaccine,0.0,0.0,0.0,0.0
6,25-29,new_vaccine,0.0,0.0,0.0,0.0
6,30-34,unvaccinated,1248.5,11124.5,7.0,0.0
6,30-34,old_vaccine,0.0,0.0,0.0,0.0
6,30-34,new_vaccine,0.0,0.0,0.0,0.0
6,35-39,unvaccinated,1122.0,11083.5,13.5,0.0
6,35-39,old_vaccine,0.0,0.0,0.0,0.0
6,35-39,new_vaccine,0.0,0.0,0.0,0.0
6,40-44,unvaccinated,1167.0,10552.5,16.0,0.0
6,40-44,old_vaccine,0.0,0.0,0.0,0.0
6,40-44,new_vaccine,0.0,0.0,0.0,0.0
6,45-49,unvaccinated,1409.5,9982.5,33.0,0.0
6,45-49,old_vaccine,0.0,0.0,0.0,0.0
6,45-49,new_vaccine,0.0,0.0,0.0,0.0
6,50-54,unvaccinated,2415.5,10113.5,81.5,0.0
6,50-54,old_vaccine,0.0,0.0,0.0,0.0
6,50-54,new_vaccine,0.0,0.0,0.0,0.0
6,55-59,unvaccinated,3159.0,9030.0,100.0,0.0
6,55-59,old_vaccine,0.0,0.0,0.0,0.0
6,55-59,new_vaccine,0.0,0.0,0.0,0.0
6,60-64,unvaccinated,3019.5,7361.5,245.5,0.0
6,60-64,old_vaccine,0.0,0.0,0.0,0.0
6,60-64,new_vaccine,0.0,0.0,0.0,0.0
6,65-69,unvaccinated,4902.5,4263.0,459.5,0.0
6,65-69,old_vaccine,0.0,0.0,0.0,0.0
6,65-69,new_vaccine,0.0,0.0,0.0,0.0
6,70-74,unvaccinated,5602.5,3282.0,890.5,0.0
6,70-74,old_vaccine,0.0,0.0,0.0,0.0
6,70-74,new_vaccine,0.0,0.0,0.0,0.0
6,75+,unvaccinated,10187.5,5135.5,2859.0,0.0
6,75+,old_vaccine,0.0,0.0,0.0,0.0
6,75+,new_vaccine,0.0,0.0,0.0,0.0
7,0-4,unvaccinated,767.0,10814.0,12.0,0.0
7,0-4,old_vaccine,0.0,0.0,0.0,0.0
7,0-4,new_vaccine,0.0,0.0,0.0,0.0
7,5-9,unvaccinated,190.5,12178.5,1.0,0.0
7,5-9,old_vaccine,0.0,0.0,0.0,0.0
7,5-9,new_vaccine,0.0,0.0,0.0,0.0
7,10-14,unvaccinated,276.0,11491.5,2.0,0.0
7,10-14,old_vaccine,0.0,0.0,0.0,0.0
7,10-14,new_vaccine,0.0,0.0,0.0,0.0
7,15-19,unvaccinated,279.0,10670.5,1.5,0.0
7,15-19,old_vaccine,0.0,0.0,0.0,0.0
7,15-19,new_vaccine,0.0,0.0,0.0,0.0
7,20-24,unvaccinated,783.0,11240.5,5.5,0.0
7,20-24,old_vaccine,0.0,0.0,0.0,0.0
7,20-24,new_vaccine,0.0,0.0,0.0,0.0
7,25-29,unvaccinated,1346.0,12166.5,3.0,0.0
7,25-29,old_vaccine,0.0,0.0,0.0,0.0
7,25-29,new_vaccine,0.0,0.0,0.0,0.0
7,30-34,unvaccinated,1374.5,12406.5,8.5,0.0
7,30-34,old_vaccine,0.0,0.0,0.0,0.0
7,30-34,new_vaccine,0.0,0.0,0.0,0.0
7,35-39,unvaccinated,1246.0,12234.5,14.5,0.0
7,35-39,old_vaccine,0.0,0.0,0.0,0.0
7,35-39,new_vaccine,0.0,0.0,0.0,0.0
7,40-44,unvaccinated,1300.0,11676.0,16.0,0.0
7,40-44,old_vaccine,0.0,0.0,0.0,0.0
7,40-44,new_vaccine,0.0,0.0,0.0,0.0
7,45-49,unvaccinated,1549.0,11091.0,37.0,0.0
7,45-49,old_vaccine,0.0,0.0,0.0,0.0
7,45-49,new_vaccine,0.0,0.0,0.0,0.0
7,50-54,unvaccinated,2672.0,11195.5,84.5,0.0
7,50-54,old_vaccine,0.0,0.0,0.0,0.0
7,50-54,new_vaccine,0.0,0.0,0.0,0.0
7,55-59,unvaccinated,3495.5,10005.0,105.5,0.0
7,55-59,old_vaccine,0.0,0.0,0.0,0.0
7,55-59,new_vaccine,0.0,0.0,0.0,0.0
7,60-64,unvaccinated,3351.0,8211.5,248.0,0.0
7,60-64,old_vaccine,0.0,0.0,0.0,0.0
7,60-64,new_vaccine,0.0,0.0,0.0,0.0
7,65-69,unvaccinated,5431.0,4716.5,467.0,0.0
7,65-69,old_vaccine,0.0,0.0,0.0,0.0
7,65-69,new_vaccine,0.0,0.0,0.0,0.0
7,70-74,unvaccinated,6183.5,3645.5,903.0,0.0
7,70-74,old_vaccine,0.0,0.0,0.0,0.0
7,70-74,new_vaccine,0.0,0.0,0.0,0.0
7,75+,unvaccinated,11325.0,5681.5,2878.0,0.0
7,75+,old_vaccine,0.0,0.0,0.0,0.0
7,75+,new_vaccine,0.0,0.0,0.0,0.0
8,0-4,unvaccinated,800.0,11460.5,13.0,0.0
8,0-4,old_vaccine,0.0,0.0,0.0,0.0
8,0-4,new_vaccine,0.0,0.0,0.0,0.0
8,5-9,unvaccinated,202.0,12886.5,1.0,0.0
8,5-9,old_vaccine,0.0,0.0,0.0,0.0
8,5-9,new_vaccine,0.0,0.0,0.0,0.0
8,10-14,unvaccinated,289.5,12174.5,2.0,0.0
8,10-14,old_vaccine,0.0,0.0,0.0,0.0
8,10-14,new_vaccine,0.0,0.0,0.0,0.0
8,15-19,unvaccinated,300.0,11342.0,1.5,0.0
8,15-19,old_vaccine,0.0,0.0,0.0,0.0
8,15-19,new_vaccine,0.0,0.0,0.0,0.0
8,20-24,unvaccinated,829.5,11956.0,6.0,0.0
8,20-24,old_vaccine,0.0,0.0,0.0,0.0
8,20-24,new_vaccine,0.0,0.0,0.0,0.0
8,25-29,unvaccinated,1426.0,12893.0,3.0,0.0
8,25-29,old_vaccine,0.0,0.0,0.0,0.0
8,25-29,new_vaccine,0.0,0.0,0.0,0.0
8,30-34,unvaccinated,1451.5,13153.5,10.0,0.0
8,30-34,old_vaccine,0.0,0.0,0.0,0.0
8,30-34,new_vaccine,0.0,0.0,0.0,0.0
8,35-39,unvaccinated,1320.5,13002.5,16.0,0.0
8,35-39,old_vaccine,0.0,0.0,0.0,0.0
8,35-39,new_vaccine,0.0,0.0,0.0,0.0
8,40-44,unvaccinated,1381.0,12360.0,17.0,0.0
8,40-44,old_vaccine,0.0,0.0,0.0,0.0
8,40-44,new_vaccine,0.0,0.0,0.0,0.0
8,45-49,unvaccinated,1631.0,11756.0,38.0,0.0
8,45-49,old_vaccine,0.0,0.0,0.0,0.0
8,45-49,new_vaccine,0.0,0.0,0.0,0.0
8,50-54,unvaccinated,2854.5,11867.0,89.5,0.0
8,50-54,old_vaccine,0.0,0.0,0.0,0.0
8,50-54,new_vaccine,0.0,0.0,0.0,0.0
8,55-59,unvaccinated,3706.0,10640.5,108.5,0.0
8,55-59,old_vaccine,0.0,0.0,0.0,0.0
8,55-59,new_vaccine,0.0,0.0,0.0,0.0
8,60-64,unvaccinated,3560.0,8694.5,251.0,0.0
8,60-64,old_vaccine,0.0,0.0,0.0,0.0
8,60-64,new_vaccine,0.0,0.0,0.0,0.0
8,65-69,unvaccinated,5745.0,4997.0,471.0,0.0
8,65-69,old_vaccine,0.0,0.0,0.0,0.0
8,65-69,new_vaccine,0.0,0.0,0.0,0.0
8,70-74,unvaccinated,6576.0,3882.5,910.5,0.0
8,70-74,old_vaccine,0.0,0.0,0.0,0.0
8,70-74,new_vaccine,0.0,0.0,0.0,0.0
8,75+,unvaccinated,12027.5,6004.0,2890.0,0.0
8,75+,old_vaccine,0.0,0.0,0.0,0.0
8,75+,new_vaccine,0.0,0.0,0.0,0.0
9,0-4,unvaccinated,824.0,11757.0,13.0,0.0
9,0-4,old_vaccine,0.0,0.0,0.0,0.0
9,0-4,new_vaccine,0.0,0.0,0.0,0.0
9,5-9,unvaccinated,211.0,13221.5,1.0,0.0
9,5-9,old_vaccine,0.0,0.0,0.0,0.0
9,5-9,new_vaccine,0.0,0.0,0.0,0.0
9,10-14,unvaccinated,297.5,12477.0,2.0,0.0
9,10-14,old_vaccine,0.0,0.0,0.0,0.0
9,10-14,new_vaccine,0.0,0.0,0.0,0.0
9,15-19,unvaccinated,309.5,11638.0,1.5,0.0
9,15-19,old_vaccine,0.0,0.0,0.0,0.0
9,15-19,new_vaccine,0.0,0.0,0.0,0.0
9,20-24,unvaccinated,851.5,12258.0,6.0,0.0
9,20-24,old_vaccine,0.0,0.0,0.0,0.0
9,20-24,new_vaccine,0.0,0.0,0.0,0.0
9,25-29,unvaccinated,1462.5,13216.5,3.0,0.0
9,25-29,old_vaccine,0.0,0.0,0.0,0.0
9,25-29,new_vaccine,0.0,0.0,0.0,0.0
9,30-34,unvaccinated,1486.5,13476.5,10.5,0.0
9,30-34,old_vaccine,0.0,0.0,0.0,0.0
9,30-34,new_vaccine,0.0,0.0,0.0,0.0
9,35-39,unvaccinated,1359.0,13325.0,16.0,0.0
9,35-39,old_vaccine,0.0,0.0,0.0,0.0
9,35-39,new_vaccine,0.0,0.0,0.0,0.0
9,40-44,unvaccinated,1425.5,12660.0,17.0,0.0
9,40-44,old_vaccine,0.0,0.0,0.0,0.0
9,40-44,new_vaccine,0.0,0.0,0.0,0.0
9,45-49,unvaccinated,1672.0,12059.5,38.0,0.0
9,45-49,old_vaccine,0.0,0.0,0.0,0.0
9,45-49,new_vaccine,0.0,0.0,0.0,0.0
9,50-54,unvaccinated,2907.5,12171.0,90.0,0.0
9,50-54,old_vaccine,0.0,0.0,0.0,0.0
9,50-54,new_vaccine,0.0,0.0,0.0,0.0
9,55-59,unvaccinated,3789.0,10892.0,110.0,0.0
9,55-59,old_vaccine,0.0,0.0,0.0,0.0
9,55-59,new_vaccine,0.0,0.0,0.0,0.0
9,60-64,unvaccinated,3651.0,8930.5,251.5,0.0
9,60-64,old_vaccine,0.0,0.0,0.0,0.0
9,60-64,new_vaccine,0.0,0.0,0.0,0.0
9,65-69,unvaccinated,5910.5,5122.5,473.0,0.0
9,65-69,old_vaccine,0.0,0.0,0.0,0.0
9,65-69,new_vaccine,0.0,0.0,0.0,0.0
9,70-74,unvaccinated,6762.5,3976.5,914.5,0.0
9,70-74,old_vaccine,0.0,0.0,0.0,0.0
9,70-74,new_vaccine,0.0,0.0,0.0,0.0
9,75+,unvaccinated,12330.0,6158.5,2896.5,0.0
9,75+,old_vaccine,0.0,0.0,0.0,0.0
9,75+,new_vaccine,0.0,0.0,0.0,0.0
10,0-4,unvaccinated,815.0,11604.5,13.0,0.0
10,0-4,old_vaccine,0.0,0.0,0.0,0.0
10,0-4,new_vaccine,0.0,0.0,0.0,0.0
10,5-9,unvaccinated,210.5,13070.5,1.0,0.0
10,5-9,old_vaccine,0.0,0.0,0.0,0.0
10,5-9,new_vaccine,0.0,0.0,0.0,0.0
10,10-14,unvaccinated,293.0,12355.0,2.0,0.0
10,10-14,old_vaccine,0.0,0.0,0.0,0.0
10,10-14,new_vaccine,0.0,0.0,0.0,0.0
10,15-19,unvaccinated,303.0,11503.0,1.5,0.0
10,15-19,old_vaccine,0.0,0.0,0.0,0.0
10,15-19,new_vaccine,0.0,0.0,0.0,0.0
10,20-24,unvaccinated,843.0,12150.0,6.0,0.0
10,20-24,old_vaccine,0.0,0.0,0.0,0.0
10,20-24,new_vaccine,0.0,0.0,0.0,0.0
10,25-29,unvaccinated,1449.0,13080.0,3.0,0.0
10,25-29,old_vaccine,0.0,0.0,0.0,0.0
10,25-29,new_vaccine,0.0,0.0,0.0,0.0
10,30-34,unvaccinated,1471.5,13330.0,10.0,0.0
10,30-34,old_vaccine,0.0,0.0,0.0,0.0
10,30-34,new_vaccine,0.0,0.0,0.0,0.0
10,35-39,unvaccinated,1351.5,13194.0,14.5,0.0
10,35-39,old_vaccine,0.0,0.0,0.0,0.0
10,35-39,new_vaccine,0.0,0.0,0.0,0.0
10,40-44,unvaccinated,1409.0,12538.0,17.5,0.0
10,40-44,old_vaccine,0.0,0.0,0.0,0.0
10,40-44,new_vaccine,0.0,0.0,0.0,0.0
10,45-49,unvaccinated,1660.5,11942.0,40.0,0.0
10,45-49,old_vaccine,0.0,0.0,0.0,0.0
10,45-49,new_vaccine,0.0,0.0,0.0,0.0
10,50-54,unvaccinated,2878.0,12031.5,89.5,0.0
10,50-54,old_vaccine,0.0,0.0,0.0,0.0
10,50-54,new_vaccine,0.0,0.0,0.0,0.0
10,55-59,unvaccinated,3738.5,10786.5,110.0,0.0
10,55-59,old_vaccine,0.0,0.0,0.0,0.0
10,55-59,new_vaccine,0.0,0.0,0.0,0.0
10,60-64,unvaccinated,3612.5,8835.5,248.0,0.0
10,60-64,old_vaccine,0.0,0.0,0.0,0.0
10,60-64,new_vaccine,0.0,0.0,0.0,0.0
10,65-69,unvaccinated,5857.0,5080.0,472.5,0.0
10,65-69,old_vaccine,0.0,0.0,0.0,0.0
10,65-69,new_vaccine,0.0,0.0,0.0,0.0
10,70-74,unvaccinated,6700.5,3946.5,912.5,0.0
10,70-74,old_vaccine,0.0,0.0,0.0,0.0
10,70-74,new_vaccine,0.0,0.0,0.0,0.0
10,75+,unvaccinated,12180.0,6108.5,2897.5,0.0
10,75+,old_vaccine,0.0,0.0,0.0,0.0
10,75+,new_vaccine,0.0,0.0,0.0,0.0
11,0-4,unvaccinated,768.5,11072.5,13.0,0.0
11,0-4,old_vaccine,0.0,0.0,0.0,0.0
11,0-4,new_vaccine,0.0,0.0,0.0,0.0
11,5-9,unvaccinated,203.5,12464.0,1.0,0.0
11,5-9,old_vaccine,0.0,0.0,0.0,0.0
11,5-9,new_vaccine,0.0,0.0,0.0,0.0
11,10-14,unvaccinated,280.5,11755.0,2.0,0.0
11,10-14,old_vaccine,0.0,0.0,0.0,0.0
11,10-14,new_vaccine,0.0,0.0,0.0,0.0
11,15-19,unvaccinated,283.0,10950.5,1.5,0.0
11,15-19,old_vaccine,0.0,0.0,0.0,0.0
11,15-19,new_vaccine,0.0,0.0,0.0,0.0
11,20-24,unvaccinated,805.0,11590.5,5.5,0.0
11,20-24,old_vaccine,0.0,0.0,0.0,0.0
11,20-24,new_vaccine,0.0,0.0,0.0,0.0
11,25-29,unvaccinated,1376.5,12482.0,3.0,0.0
11,25-29,old_vaccine,0.0,0.0,0.0,0.0
11,25-29,new_vaccine,0.0,0.0,0.0,0.0
11,30-34,unvaccinated,1413.0,12699.5,9.0,0.0
11,30-34,old_vaccine,0.0,0.0,0.0,0.0
11,30-34,new_vaccine,0.0,0.0,0.0,0.0
11,35-39,unvaccinated,1289.5,12596.0,13.0,0.0
11,35-39,old_vaccine,0.0,0.0,0.0,0.0
11,35-39,new_vaccine,0.0,0.0,0.0,0.0
11,40-44,unvaccinated,1341.0,11947.0,17.0,0.0
11,40-44,old_vaccine,0.0,0.0,0.0,0.0
11,40-44,new_vaccine,0.0,0.0,0.0,0.0
11,45-49,unvaccinated,1576.0,11389.0,39.0,0.0
11,45-49,old_vaccine,0.0,0.0,0.0,0.0
11,45-49,new_vaccine,0.0,0.0,0.0,0.0
11,50-54,unvaccinated,2760.5,11481.0,89.0,0.0
11,50-54,old_vaccine,0.0,0.0,0.0,0.0
11,50-54,new_vaccine,0.0,0.0,0.0,0.0
11,55-59,unvaccinated,3555.5,10294.0,109.5,0.0
11,55-59,old_vaccine,0.0,0.0,0.0,0.0
11,55-59,new_vaccine,0.0,0.0,0.0,0.0
11,60-64,unvaccinated,3441.5,8412.5,246.5,0.0
11,60-64,old_vaccine,0.0,0.0,0.0,0.0
11,60-64,new_vaccine,0.0,0.0,0.0,0.0
11,65-69,unvaccinated,5598.0,4829.0,468.0,0.0
11,65-69,old_vaccine,0.0,0.0,0.0,0.0
11,65-69,new_vaccine,0.0,0.0,0.0,0.0
11,70-74,unvaccinated,6387.0,3767.5,909.5,0.0
11,70-74,old_vaccine,0.0,0.0,0.0,0.0
11,70-74,new_vaccine,0.0,0.0,0.0,0.0
11,75+,unvaccinated,11592.0,5804.0,2897.5,0.0
11,75+,old_vaccine,0.0,0.0,0.0,0.0
11,75+,new_vaccine,0.0,0.0,0.0,0.0
12,0-4,unvaccinated,713.5,10230.5,11.5,0.0
12,0-4,old_vaccine,0.0,0.0,0.0,0.0
12,0-4,new_vaccine,0.0,0.0,0.0,0.0
12,5-9,unvaccinated,193.5,11523.5,0.0,0.0
12,5-9,old_vaccine,0.0,0.0,0.0,0.0
12,5-9,new_vaccine,0.0,0.0,0.0,0.0
12,10-14,unvaccinated,260.5,10870.0,2.0,0.0
12,10-14,old_vaccine,0.0,0.0,0.0,0.0
12,10-14,new_vaccine,0.0,0.0,0.0,0.0
12,15-19,unvaccinated,257.0,10170.5,1.5,0.0
12,15-19,old_vaccine,0.0,0.0,0.0,0.0
12,15-19,new_vaccine,0.0,0.0,0.0,0.0
12,20-24,unvaccinated,754.5,10746.0,5.5,0.0
12,20-24,old_vaccine,0.0,0.0,0.0,0.0
12,20-24,new_vaccine,0.0,0.0,0.0,0.0
12,25-29,unvaccinated,1281.5,11520.5,3.0,0.0
12,25-29,old_vaccine,0.0,0.0,0.0,0.0
12,25-29,new_vaccine,0.0,0.0,0.0,0.0
12,30-34,unvaccinated,1293.0,11773.5,9.0,0.0
12,30-34,old_vaccine,0.0,0.0,0.0,0.0
12,30-34,new_vaccine,0.0,0.0,0.0,0.0
12,35-39,unvaccinated,1176.0,11702.0,12.0,0.0
12,35-39,old_vaccine,0.0,0.0,0.0,0.0
12,35-39,new_vaccine,0.0,0.0,0.0,0.0
12,40-44,unvaccinated,1238.0,11063.5,15.5,0.0
12,40-44,old_vaccine,0.0,0.0,0.0,0.0
12,40-44,new_vaccine,0.0,0.0,0.0,0.0
12,45-49,unvaccinated,1458.5,10592.0,35.5,0.0
12,45-49,old_vaccine,0.0,0.0,0.0,0.0
12,45-49,new_vaccine,0.0,0.0,0.0,0.0
12,50-54,unvaccinated,2565.0,10631.5,87.5,0.0
12,50-54,old_vaccine,0.0,0.0,0.0,0.0
12,50-54,new_vaccine,0.0,0.0,0.0,0.0
12,55-59,unvaccinated,3283.0,9559.5,107.5,0.0
12,55-59,old_vaccine,0.0,0.0,0.0,0.0
12,55-59,new_vaccine,0.0,0.0,0.0,0.0
12,60-64,unvaccinated,3211.0,7794.0,244.0,0.0
12,60-64,old_vaccine,0.0,0.0,0.0,0.0
12,60-64,new_vaccine,0.0,0.0,0.0,0.0
12,65-69,unvaccinated,5205.5,4483.5,461.0,0.0
12,65-69,old_vaccine,0.0,0.0,0.0,0.0
12,65-69,new_vaccine,0.0,0.0,0.0,0.0
12,70-74,unvaccinated,5901.0,3485.5,904.0,0.0
12,70-74,old_vaccine,0.0,0.0,0.0,0.0
12,70-74,new_vaccine,0.0,0.0,0.0,0.0
12,75+,unvaccinated,10765.0,5390.5,2893.5,0.0
12,75+,old_vaccine,0.0,0.0,0.0,0.0
12,75+,new_vaccine,0.0,0.0,0.0,0.0
13,0-4,unvaccinated,649.0,9385.5,11.0,0.0
13,0-4,old_vaccine,0.0,0.0,0.0,0.0
13,0-4,new_vaccine,0.0,0.0,0.0,0.0
13,5-9,unvaccinated,180.5,10576.0,0.0,0.0
13,5-9,old_vaccine,0.0,0.0,0.0,0.0
13,5-9,new_vaccine,0.0,0.0,0.0,0.0
13,10-14,unvaccinated,239.0,9937.5,2.0,0.0
13,10-14,old_vaccine,0.0,0.0,0.0,0.0
13,10-14,new_vaccine,0.0,0.0,0.0,0.0
13,15-19,unvaccinated,226.5,9315.5,1.5,0.0
13,15-19,old_vaccine,0.0,0.0,0.0,0.0
13,15-19,new_vaccine,0.0,0.0,0.0,0.0
13,20-24,unvaccinated,696.0,9801.0,5.5,0.0
13,20-24,old_vaccine,0.0,0.0,0.0,0.0
13,20-24,new_vaccine,0.0,0.0,0.0,0.0
13,25-29,unvaccinated,1177.0,10570.0,3.0,0.0
13,25-29,old_vaccine,0.0,0.0,0.0,0.0
13,25-29,new_vaccine,0.0,0.0,0.0,0.0
13,30-34,unvaccinated,1172.0,10756.5,9.0,0.0
13,30-34,old_vaccine,0.0,0.0,0.0,0.0
13,30-34,new_vaccine,0.0,0.0,0.0,0.0
13,35-39,unvaccinated,1076.5,10700.5,11.0,0.0
13,35-39,old_vaccine,0.0,0.0,0.0,0.0
13,35-39,new_vaccine,0.0,0.0,0.0,0.0
13,40-44,unvaccinated,1121.0,10127.5,15.0,0.0
13,40-44,old_vaccine,0.0,0.0,0.0,0.0
13,40-44,new_vaccine,0.0,0.0,0.0,0.0
13,45-49,unvaccinated,1339.0,9641.5,34.5,0.0
13,45-49,old_vaccine,0.0,0.0,0.0,0.0
13,45-49,new_vaccine,0.0,0.0,0.0,0.0
13,50-54,unvaccinated,2365.5,9738.0,84.5,0.0
13,50-54,old_vaccine,0.0,0.0,0.0,0.0
13,50-54,new_vaccine,0.0,0.0,0.0,0.0
13,55-59,unvaccinated,2993.0,8734.0,105.5,0.0
13,55-59,old_vaccine,0.0,0.0,0.0,0.0
13,55-59,new_vaccine,0.0,0.0,0.0,0.0
13,60-64,unvaccinated,2946.0,7120.0,239.5,0.0
13,60-64,old_vaccine,0.0,0.0,0.0,0.0
13,60-64,new_vaccine,0.0,0.0,0.0,0.0
13,65-69,unvaccinated,4766.5,4117.0,456.0,0.0
13,65-69,old_vaccine,0.0,0.0,0.0,0.0
13,65-69,new_vaccine,0.0,0.0,0.0,0.0
13,70-74,unvaccinated,5396.0,3172.0,895.0,0.0
13,70-74,old_vaccine,0.0,0.0,0.0,0.0
13,70-74,new_vaccine,0.0,0.0,0.0,0.0
13,75+,unvaccinated,9865.5,4934.5,2887.0,0.0
13,75+,old_vaccine,0.0,0.0,0.0,0.0
13,75+,new_vaccine,0.0,0.0,0.0,0.0
14,0-4,unvaccinated,595.5,8635.5,10.5,0.0
14,0-4,old_vaccine,0.0,0.0,0.0,0.0
14,0-4,new_vaccine,0.0,0.0,0.0,0.0
14,5-9,unvaccinated,166.5,9745.5,0.0,0.0
14,5-9,old_vaccine,0.0,0.0,0.0,0.0
14,5-9,new_vaccine,0.0,0.0,0.0,0.0
14,10-14,unvaccinated,224.5,9156.5,2.0,0.0
14,10-14,old_vaccine,0.0,0.0,0.0,0.0
14,10-14,new_vaccine,0.0,0.0,0.0,0.0
14,15-19,unvaccinated,206.0,8550.5,1.5,0.0
14,15-19,old_vaccine,0.0,0.0,0.0,0.0
14,15-19,new_vaccine,0.0,0.0,0.0,0.0
14,20-24,unvaccinated,639.0,9014.5,5.5,0.0
14,20-24,old_vaccine,0.0,0.0,0.0,0.0
14,20-24,new_vaccine,0.0,0.0,0.0,0.0
14,25-29,unvaccinated,1073.0,9710.0,3.0,0.0
14,25-29,old_vaccine,0.0,0.0,0.0,0.0
14,25-29,new_vaccine,0.0,0.0,0.0,0.0
14,30-34,unvaccinated,1082.5,9907.0,7.0,0.0
14,30-34,old_vaccine,0.0,0.0,0.0,0.0
14,30-34,new_vaccine,0.0,0.0,0.0,0.0
14,35-39,unvaccinated,999.5,9860.0,11.0,0.0
14,35-39,old_vaccine,0.0,0.0,0.0,0.0
14,35-39,new_vaccine,0.0,0.0,0.0,0.0
14,40-44,unvaccinated,1035.0,9334.0,14.0,0.0
14,40-44,old_vaccine,0.0,0.0,0.0,0.0
14,40-44,new_vaccine,0.0,0.0,0.0,0.0
14,45-49,unvaccinated,1237.5,8885.5,33.5,0.0
14,45-49,old_vaccine,0.0,0.0,0.0,0.0
14,45-49,new_vaccine,0.0,0.0,0.0,0.0
14,50-54,unvaccinated,2157.5,8961.0,83.0,0.0
14,50-54,old_vaccine,0.0,0.0,0.0,0.0
14,50-54,new_vaccine,0.0,0.0,0.0,0.0
14,55-59,unvaccinated,2757.5,8036.5,102.0,0.0
14,55-59,old_vaccine,0.0,0.0,0.0,0.0
14,55-59,new_vaccine,0.0,0.0,0.0,0.0
14,60-64,unvaccinated,2678.0,6548.5,237.0,0.0
14,60-64,old_vaccine,0.0,0.0,0.0,0.0
14,60-64,new_vaccine,0.0,0.0,0.0,0.0
14,65-69,unvaccinated,4409.0,3801.5,452.5,0.0
14,65-69,old_vaccine,0.0,0.0,0.0,0.0
14,65-69,new_vaccine,0.0,0.0,0.0,0.0
14,70-74,unvaccinated,4975.5,2927.0,891.0,0.0
14,70-74,old_vaccine,0.0,0.0,0.0,0.0
14,70-74,new_vaccine,0.0,0.0,0.0,0.0
14,75+,unvaccinated,9093.5,4554.5,2878.0,0.0
14,75+,old_vaccine,0.0,0.0,0.0,0.0
14,75+,new_vaccine,0.0,0.0,0.0,0.0
15,0-4,unvaccinated,563.5,8133.0,10.0,0.0
15,0-4,old_vaccine,0.0,0.0,0.0,0.0
15,0-4,new_vaccine,0.0,0.0,0.0,0.0
15,5-9,unvaccinated,155.0,9173.5,0.5,0.0
15,5-9,old_vaccine,0.0,0.0,0.0,0.0
15,5-9,new_vaccine,0.0,0.0,0.0,0.0
15,10-14,unvaccinated,214.0,8659.0,1.5,0.0
15,10-14,old_vaccine,0.0,0.0,0.0,0.0
15,10-14,new_vaccine,0.0,0.0,0.0,0.0
15,15-19,unvaccinated,191.0,8075.0,1.5,0.0
15,15-19,old_vaccine,0.0,0.0,0.0,0.0
15,15-19,new_vaccine,0.0,0.0,0.0,0.0
15,20-24,unvaccinated,606.5,8505.5,5.0,0.0
15,20-24,old_vaccine,0.0,0.0,0.0,0.0
15,20-24,new_vaccine,0.0,0.0,0.0,0.0
15,25-29,unvaccinated,1012.5,9136.5,3.0,0.0
15,25-29,old_vaccine,0.0,0.0,0.0,0.0
15,25-29,new_vaccine,0.0,0.0,0.0,0.0
15,30-34,unvaccinated,1024.0,9350.0,6.0,0.0
15,30-34,old_vaccine,0.0,0.0,0.0,0.0
15,30-34,new_vaccine,0.0,0.0,0.0,0.0
15,35-39,unvaccinated,939.0,9295.0,10.5,0.0
15,35-39,old_vaccine,0.0,0.0,0.0,0.0
15,35-39,new_vaccine,0.0,0.0,0.0,0.0
15,40-44,unvaccinated,967.0,8820.5,14.0,0.0
15,40-44,old_vaccine,0.0,0.0,0.0,0.0
15,40-44,new_vaccine,0.0,0.0,0.0,0.0
15,45-49,unvaccinated,1172.5,8382.5,31.5,0.0
15,45-49,old_vaccine,0.0,0.0,0.0,0.0
15,45-49,new_vaccine,0.0,0.0,0.0,0.0
15,50-54,unvaccinated,2032.0,8461.0,81.5,0.0
15,50-54,old_vaccine,0.0,0.0,0.0,0.0
15,50-54,new_vaccine,0.0,0.0,0.0,0.0
15,55-59,unvaccinated,2628.0,7610.0,101.5,0.0
15,55-59,old_vaccine,0.0,0.0,0.0,0.0
15,55-59,new_vaccine,0.0,0.0,0.0,0.0
15,60-64,unvaccinated,2537.5,6194.0,237.5,0.0
15,60-64,old_vaccine,0.0,0.0,0.0,0.0
15,60-64,new_vaccine,0.0,0.0,0.0,0.0
15,65-69,unvaccinated,4160.5,3589.5,452.5,0.0
15,65-69,old_vaccine,0.0,0.0,0.0,0.0
15,65-69,new_vaccine,0.0,0.0,0.0,0.0
15,70-74,unvaccinated,4676.0,2760.5,887.0,0.0
15,70-74,old_vaccine,0.0,0.0,0.0,0.0
15,70-74,new_vaccine,0.0,0.0,0.0,0.0
15,75+,unvaccinated,8576.0,4309.0,2872.5,0.0
15,75+,old_vaccine,0.0,0.0,0.0,0.0
15,75+,new_vaccine,0.0,0.0,0.0,0.0
16,0-4,unvaccinated,557.0,8017.5,10.0,0.0
16,0-4,old_vaccine,0.0,0.0,0.0,0.0
16,0-4,new_vaccine,0.0,0.0,0.0,0.0
16,5-9,unvaccinated,147.0,8993.5,0.5,0.0
16,5-9,old_vaccine,0.0,0.0,0.0,0.0
16,5-9,new_vaccine,0.0,0.0,0.0,0.0
16,10-14,unvaccinated,209.5,8506.5,1.5,0.0
16,10-14,old_vaccine,0.0,0.0,0.0,0.0
16,10-14,new_vaccine,0.0,0.0,0.0,0.0
16,15-19,unvaccinated,188.0,7963.5,1.5,0.0
16,15-19,old_vaccine,0.0,0.0,0.0,0.0
16,15-19,new_vaccine,0.0,0.0,0.0,0.0
16,20-24,unvaccinated,592.0,8368.5,5.5,0.0
16,20-24,old_vaccine,0.0,0.0,0.0,0.0
16,20-24,new_vaccine,0.0,0.0,0.0,0.0
16,25-29,unvaccinated,990.5,9022.5,3.0,0.0
16,25-29,old_vaccine,0.0,0.0,0.0,0.0
16,25-29,new_vaccine,0.0,0.0,0.0,0.0
16,30-34,unvaccinated,1007.0,9165.5,5.5,0.0
16,30-34,old_vaccine,0.0,0.0,0.0,0.0
16,30-34,new_vaccine,0.0,0.0,0.0,0.0
16,35-39,unvaccinated,920.0,9132.0,11.0,0.0
16,35-39,old_vaccine,0.0,0.0,0.0,0.0
16,35-39,new_vaccine,0.0,0.0,0.0,0.0
16,40-44,unvaccinated,952.5,8687.0,14.5,0.0
16,40-44,old_vaccine,0.0,0.0,0.0,0.0
16,40-44,new_vaccine,0.0,0.0,0.0,0.0
16,45-49,unvaccinated,1152.5,8217.5,31.0,0.0
16,45-49,old_vaccine,0.0,0.0,0.0,0.0
16,45-49,new_vaccine,0.0,0.0,0.0,0.0
16,50-54,unvaccinated,1989.5,8322.0,79.0,0.0
16,50-54,old_vaccine,0.0,0.0,0.0,0.0
16,50-54,new_vaccine,0.0,0.0,0.0,0.0
16,55-59,unvaccinated,2596.0,7482.5,100.5,0.0
16,55-59,old_vaccine,0.0,0.0,0.0,0.0
16,55-59,new_vaccine,0.0,0.0,0.0,0.0
16,60-64,unvaccinated,2504.5,6088.5,236.5,0.0
16,60-64,old_vaccine,0.0,0.0,0.0,0.0
16,60-64,new_vaccine,0.0,0.0,0.0,0.0
16,65-69,unvaccinated,4084.5,3538.5,452.5,0.0
16,65-69,old_vaccine,0.0,0.0,0.0,0.0
16,65-69,new_vaccine,0.0,0.0,0.0,0.0
16,70-74,unvaccinated,4608.5,2704.5,884.5,0.0
16,70-74,old_vaccine,0.0,0.0,0.0,0.0
16,70-74,new_vaccine,0.0,0.0,0.0,0.0
16,75+,unvaccinated,8451.5,4245.0,2877.0,0.0
16,75+,old_vaccine,0.0,0.0,0.0,0.0
16,75+,new_vaccine,0.0,0.0,0.0,0.0
17,0-4,unvaccinated,572.5,8228.5,10.0,0.0
17,0-4,old_vaccine,0.0,0.0,0.0,0.0
17,0-4,new_vaccine,0.0,0.0,0.0,0.0
17,5-9,unvaccinated,150.5,9219.0,0.5,0.0
17,5-9,old_vaccine,0.0,0.0,0.0,0.0
17,5-9,new_vaccine,0.0,0.0,0.0,0.0
17,10-14,unvaccinated,219.5,8720.5,1.5,0.0
17,10-14,old_vaccine,0.0,0.0,0.0,0.0
17,10-14,new_vaccine,0.0,0.0,0.0,0.0
17,15-19,unvaccinated,195.0,8176.5,1.5,0.0
17,15-19,old_vaccine,0.0,0.0,0.0,0.0
17,15-19,new_vaccine,0.0,0.0,0.0,0.0
17,20-24,unvaccinated,607.5,8585.0,5.0,0.0
17,20-24,old_vaccine,0.0,0.0,0.0,0.0
17,20-24,new_vaccine,0.0,0.0,0.0,0.0
17,25-29,unvaccinated,1017.0,9243.5,3.5,0.0
17,25-29,old_vaccine,0.0,0.0,0.0,0.0
17,25-29,new_vaccine,0.0,0.0,0.0,0.0
17,30-34,unvaccinated,1028.0,9374.0,5.5,0.0
17,30-34,old_vaccine,0.0,0.0,0.0,0.0
17,30-34,new_vaccine,0.0,0.0,0.0,0.0
17,35-39,unvaccinated,941.5,9310.5,11.0,0.0
17,35-39,old_vaccine,0.0,0.0,0.0,0.0
17,35-39,new_vaccine,0.0,0.0,0.0,0.0
17,40-44,unvaccinated,989.0,8890.5,14.0,0.0
17,40-44,old_vaccine,0.0,0.0,0.0,0.0
17,40-44,new_vaccine,0.0,0.0,0.0,0.0
17,45-49,unvaccinated,1175.5,8411.0,30.5,0.0
17,45-49,old_vaccine,0.0,0.0,0.0,0.0
17,45-49,new_vaccine,0.0,0.0,0.0,0.0
17,50-54,unvaccinated,2039.5,8569.0,80.0,0.0
17,50-54,old_vaccine,0.0,0.0,0.0,0.0
17,50-54,new_vaccine,0.0,0.0,0.0,0.0
17,55-59,unvaccinated,2650.5,7636.0,101.0,0.0
17,55-59,old_vaccine,0.0,0.0,0.0,0.0
17,55-59,new_vaccine,0.0,0.0,0.0,0.0
17,60-64,unvaccinated,2574.0,6199.0,237.0,0.0
17,60-64,old_vaccine,0.0,0.0,0.0,0.0
17,60-64,new_vaccine,0.0,0.0,0.0,0.0
17,65-69,unvaccinated,4143.0,3627.0,455.5,0.0
17,65-69,old_vaccine,0.0,0.0,0.0,0.0
17,65-69,new_vaccine,0.0,0.0,0.0,0.0
17,70-74,unvaccinated,4722.0,2772.0,889.5,0.0
17,70-74,old_vaccine,0.0,0.0,0.0,0.0
17,70-74,new_vaccine,0.0,0.0,0.0,0.0
17,75+,unvaccinated,8702.5,4333.5,2884.5,0.0
17,75+,old_vaccine,0.0,0.0,0.0,0.0
17,75+,new_vaccine,0.0,0.0,0.0,0.0
18,0-4,unvaccinated,606.0,8652.0,11.0,0.0
18,0-4,old_vaccine,0.0,0.0,0.0,0.0
18,0-4,new_vaccine,0.0,0.0,0.0,0.0
18,5-9,unvaccinated,158.0,9773.0,0.5,0.0
18,5-9,old_vaccine,0.0,0.0,0.0,0.0
18,5-9,new_vaccine,0.0,0.0,0.0,0.0
18,10-14,unvaccinated,227.5,9240.5,1.5,0.0
18,10-14,old_vaccine,0.0,0.0,0.0,0.0
18,10-14,new_vaccine,0.0,0.0,0.0,0.0
18,15-19,unvaccinated,204.0,8656.5,2.0,0.0
18,15-19,old_vaccine,0.0,0.0,0.0,0.0
18,15-19,new_vaccine,0.0,0.0,0.0,0.0
18,20-24,unvaccinated,643.5,9029.0,5.5,0.0
18,20-24,old_vaccine,0.0,0.0,0.0,0.0
18,20-24,new_vaccine,0.0,0.0,0.0,0.0
18,25-29,unvaccinated,1061.5,9765.0,3.5,0.0
18,25-29,old_vaccine,0.0,0.0,0.0,0.0
18,25-29,new_vaccine,0.0,0.0,0.0,0.0
18,30-34,unvaccinated,1109.0,9906.0,6.0,0.0
18,30-34,old_vaccine,0.0,0.0,0.0,0.0
18,30-34,new_vaccine,0.0,0.0,0.0,0.0
18,35-39,unvaccinated,991.5,9843.0,11.0,0.0
18,35-39,old_vaccine,0.0,0.0,0.0,0.0
18,35-39,new_vaccine,0.0,0.0,0.0,0.0
18,40-44,unvaccinated,1044.5,9381.0,14.5,0.0
18,40-44,old_vaccine,0.0,0.0,0.0,0.0
18,40-44,new_vaccine,0.0,0.0,0.0,0.0
18,45-49,unvaccinated,1232.5,8874.5,31.0,0.0
18,45-49,old_vaccine,0.0,0.0,0.0,0.0
18,45-49,new_vaccine,0.0,0.0,0.0,0.0
18,50-54,unvaccinated,2156.0,9048.0,81.5,0.0
18,50-54,old_vaccine,0.0,0.0,0.0,0.0
18,50-54,new_vaccine,0.0,0.0,0.0,0.0
18,55-59,unvaccinated,2816.0,8059.0,102.5,0.0
18,55-59,old_vaccine,0.0,0.0,0.0,0.0
18,55-59,new_vaccine,0.0,0.0,0.0,0.0
18,60-64,unvaccinated,2705.0,6573.5,240.5,0.0
18,60-64,old_vaccine,0.0,0.0,0.0,0.0
18,60-64,new_vaccine,0.0,0.0,0.0,0.0
18,65-69,unvaccinated,4363.0,3819.0,458.5,0.0
18,65-69,old_vaccine,0.0,0.0,0.0,0.0
18,65-69,new_vaccine,0.0,0.0,0.0,0.0
18,70-74,unvaccinated,4987.0,2923.5,896.5,0.0
18,70-74,old_vaccine,0.0,0.0,0.0,0.0
18,70-74,new_vaccine,0.0,0.0,0.0,0.0
18,75+,unvaccinated,9150.0,4561.5,2896.0,0.0
18,75+,old_vaccine,0.0,0.0,0.0,0.0
18,75+,new_vaccine,0.0,0.0,0.0,0.0
19,0-4,unvaccinated,653.0,9288.0,11.0,0.0
19,0-4,old_vaccine,0.0,0.0,0.0,0.0
19,0-4,new_vaccine,0.0,0.0,0.0,0.0
19,5-9,unvaccinated,164.5,10442.5,0.5,0.0
19,5-9,old_vaccine,0.0,0.0,0.0,0.0
19,5-9,new_vaccine,0.0,0.0,0.0,0.0
19,10-14,unvaccinated,246.5,9888.5,2.0,0.0
19,10-14,old_vaccine,0.0,0.0,0.0,0.0
19,10-14,new_vaccine,0.0,0.0,0.0,0.0
19,15-19,unvaccinated,217.5,9260.5,2.5,0.0
19,15-19,old_vaccine,0.0,0.0,0.0,0.0
19,15-19,new_vaccine,0.0,0.0,0.0,0.0
19,20-24,unvaccinated,696.0,9653.0,6.0,0.0
19,20-24,old_vaccine,0.0,0.0,0.0,0.0
19,20-24,new_vaccine,0.0,0.0,0.0,0.0
19,25-29,unvaccinated,1142.0,10459.0,4.0,0.0
19,25-29,old_vaccine,0.0,0.0,0.0,0.0
19,25-29,new_vaccine,0.0,0.0,0.0,0.0
19,30-34,unvaccinated,1200.0,10587.5,6.0,0.0
19,30-34,old_vaccine,0.0,0.0,0.0,0.0
19,30-34,new_vaccine,0.0,0.0,0.0,0.0
19,35-39,unvaccinated,1049.0,10517.5,11.0,0.0
19,35-39,old_vaccine,0.0,0.0,0.0,0.0
19,35-39,new_vaccine,0.0,0.0,0.0,0.0
19,40-44,unvaccinated,1117.5,10039.0,14.5,0.0
19,40-44,old_vaccine,0.0,0.0,0.0,0.0
19,40-44,new_vaccine,0.0,0.0,0.0,0.0
19,45-49,unvaccinated,1321.5,9493.5,31.5,0.0
19,45-49,old_vaccine,0.0,0.0,0.0,0.0
19,45-49,new_vaccine,0.0,0.0,0.0,0.0
19,50-54,unvaccinated,2285.0,9681.0,83.5,0.0
19,50-54,old_vaccine,0.0,0.0,0.0,0.0
19,50-54,new_vaccine,0.0,0.0,0.0,0.0
19,55-59,unvaccinated,3009.5,8594.0,102.0,0.0
19,55-59,old_vaccine,0.0,0.0,0.0,0.0
19,55-59,new_vaccine,0.0,0.0,0.0,0.0
19,60-64,unvaccinated,2871.5,7030.0,243.5,0.0
19,60-64,old_vaccine,0.0,0.0,0.0,0.0
19,60-64,new_vaccine,0.0,0.0,0.0,0.0
19,65-69,unvaccinated,4662.0,4083.5,460.5,0.0
19,65-69,old_vaccine,0.0,0.0,0.0,0.0
19,65-69,new_vaccine,0.0,0.0,0.0,0.0
19,70-74,unvaccinated,5318.0,3132.0,904.5,0.0
19,70-74,old_vaccine,0.0,0.0,0.0,0.0
19,70-74,new_vaccine,0.0,0.0,0.0,0.0
19,75+,unvaccinated,9779.5,4841.0,2907.0,0.0
19,75+,old_vaccine,0.0,0.0,0.0,0.0
19,75+,new_vaccine,0.0,0.0,0.0,0.0
20,0-4,unvaccinated,702.0,9880.5,11.5,0.0
20,0-4,old_vaccine,0.0,0.0,0.0,0.0
20,0-4,new_vaccine,0.0,0.0,0.0,0.0
20,5-9,unvaccinated,173.5,11138.0,0.5,0.0
20,5-9,old_vaccine,0.0,0.0,0.0,0.0
20,5-9,new_vaccine,0.0,0.0,0.0,0.0
20,10-14,unvaccinated,261.0,10546.5,2.0,0.0
20,10-14,old_vaccine,0.0,0.0,0.0,0.0
20,10-14,new_vaccine,0.0,0.0,0.0,0.0
20,15-19,unvaccinated,236.5,9847.5,2.5,0.0
20,15-19,old_vaccine,0.0,0.0,0.0,0.0
20,15-19,new_vaccine,0.0,0.0,0.0,0.0
20,20-24,unvaccinated,743.0,10295.0,6.0,0.0
20,20-24,old_vaccine,0.0,0.0,0.0,0.0
20,20-24,new_vaccine,0.0,0.0,0.0,0.0
20,25-29,unvaccinated,1220.0,11155.0,4.5,0.0
20,25-29,old_vaccine,0.0,0.0,0.0,0.0
20,25-29,new_vaccine,0.0,0.0,0.0,0.0
20,30-34,unvaccinated,1286.5,11282.0,6.0,0.0
20,30-34,old_vaccine,0.0,0.0,0.0,0.0
20,30-34,new_vaccine,0.0,0.0,0.0,0.0
20,35-39,unvaccinated,1125.0,11180.0,10.5,0.0
20,35-39,old_vaccine,0.0,0.0,0.0,0.0
20,35-39,new_vaccine,0.0,0.0,0.0,0.0
20,40-44,unvaccinated,1199.0,10670.5,14.5,0.0
20,40-44,old_vaccine,0.0,0.0,0.0,0.0
20,40-44,new_vaccine,0.0,0.0,0.0,0.0
20,45-49,unvaccinated,1414.5,10150.5,32.5,0.0
20,45-49,old_vaccine,0.0,0.0,0.0,0.0
20,45-49,new_vaccine,0.0,0.0,0.0,0.0
20,50-54,unvaccinated,2438.0,10292.0,83.5,0.0
20,50-54,old_vaccine,0.0,0.0,0.0,0.0
20,50-54,new_vaccine,0.0,0.0,0.0,0.0
20,55-59,unvaccinated,3214.5,9186.5,105.0,0.0
20,55-59,old_vaccine,0.0,0.0,0.0,0.0
20,55-59,new_vaccine,0.0,0.0,0.0,0.0
20,60-64,unvaccinated,3073.0,7517.5,251.0,0.0
20,60-64,old_vaccine,0.0,0.0,0.0,0.0
20,60-64,new_vaccine,0.0,0.0,0.0,0.0
20,65-69,unvaccinated,4956.0,4342.0,463.5,0.0
20,65-69,old_vaccine,0.0,0.0,0.0,0.0
20,65-69,new_vaccine,0.0,0.0,0.0,0.0
20,70-74,unvaccinated,5675.5,3363.0,911.5,0.0
20,70-74,old_vaccine,0.0,0.0,0.0,0.0
20,70-74,new_vaccine,0.0,0.0,0.0,0.0
20,75+,unvaccinated,10410.5,5159.5,2919.5,0.0
20,75+,old_vaccine,0.0,0.0,0.0,0.0
20,75+,new_vaccine,0.0,0.0,0.0,0.0
21,0-4,unvaccinated,738.0,10393.0,12.0,0.0
21,0-4,old_vaccine,0.0,0.0,0.0,0.0
21,0-4,new_vaccine,0.0,0.0,0.0,0.0
21,5-9,unvaccinated,183.0,11719.5,0.5,0.0
21,5-9,old_vaccine,0.0,0.0,0.0,0.0
21,5-9,new_vaccine,0.0,0.0,0.0,0.0
21,10-14,unvaccinated,271.5,11094.5,2.0,0.0
21,10-14,old_vaccine,0.0,0.0,0.0,0.0
21,10-14,new_vaccine,0.0,0.0,0.0,0.0
21,15-19,unvaccinated,250.0,10356.5,2.5,0.0
21,15-19,old_vaccine,0.0,0.0,0.0,0.0
21,15-19,new_vaccine,0.0,0.0,0.0,0.0
21,20-24,unvaccinated,781.0,10820.5,5.5,0.0
21,20-24,old_vaccine,0.0,0.0,0.0,0.0
21,20-24,new_vaccine,0.0,0.0,0.0,0.0
21,25-29,unvaccinated,1282.5,11699.5,5.0,0.0
21,25-29,old_vaccine,0.0,0.0,0.0,0.0
21,25-29,new_vaccine,0.0,0.0,0.0,0.0
21,30-34,unvaccinated,1348.0,11891.0,6.0,0.0
21,30-34,old_vaccine,0.0,0.0,0.0,0.0
21,30-34,new_vaccine,0.0,0.0,0.0,0.0
21,35-39,unvaccinated,1195.5,11786.0,11.0,0.0
21,35-39,old_vaccine,0.0,0.0,0.0,0.0
21,35-39,new_vaccine,0.0,0.0,0.0,0.0
21,40-44,unvaccinated,1261.5,11208.0,15.5,0.0
21,40-44,old_vaccine,0.0,0.0,0.0,0.0
21,40-44,new_vaccine,0.0,0.0,0.0,0.0
21,45-49,unvaccinated,1496.5,10651.5,33.0,0.0
21,45-49,old_vaccine,0.0,0.0,0.0,0.0
21,45-49,new_vaccine,0.0,0.0,0.0,0.0
21,50-54,unvaccinated,2570.5,10803.5,85.0,0.0
21,50-54,old_vaccine,0.0,0.0,0.0,0.0
21,50-54,new_vaccine,0.0,0.0,0.0,0.0
21,55-59,unvaccinated,3365.0,9663.5,105.0,0.0
21,55-59,old_vaccine,0.0,0.0,0.0,0.0
21,55-59,new_vaccine,0.0,0.0,0.0,0.0
21,60-64,unvaccinated,3219.0,7903.5,254.5,0.0
21,60-64,old_vaccine,0.0,0.0,0.0,0.0
21,60-64,new_vaccine,0.0,0.0,0.0,0.0
21,65-69,unvaccinated,5174.0,4568.0,463.5,0.0
21,65-69,old_vaccine,0.0,0.0,0.0,0.0
21,65-69,new_vaccine,0.0,0.0,0.0,0.0
21,70-74,unvaccinated,5958.0,3525.5,916.5,0.0
21,70-74,old_vaccine,0.0,0.0,0.0,0.0
21,70-74,new_vaccine,0.0,0.0,0.0,0.0
21,75+,unvaccinated,10963.0,5402.5,2929.5,0.0
21,75+,old_vaccine,0.0,0.0,0.0,0.0
21,75+,new_vaccine,0.0,0.0,0.0,0.0
22,0-4,unvaccinated,752.5,10661.0,12.5,0.0
22,0-4,old_vaccine,0.0,0.0,0.0,0.0
22,0-4,new_vaccine,0.0,0.0,0.0,0.0
22,5-9,unvaccinated,191.0,12060.5,0.5,0.0
22,5-9,old_vaccine,0.0,0.0,0.0,0.0
22,5-9,new_vaccine,0.0,0.0,0.0,0.0
22,10-14,unvaccinated,273.5,11382.5,2.0,0.0
22,10-14,old_vaccine,0.0,0.0,0.0,0.0
22,10-14,new_vaccine,0.0,0.0,0.0,0.0
22,15-19,unvaccinated,256.0,10619.5,2.5,0.0
22,15-19,old_vaccine,0.0,0.0,0.0,0.0
22,15-19,new_vaccine,0.0,0.0,0.0,0.0
22,20-24,unvaccinated,798.0,11106.5,5.5,0.0
22,20-24,old_vaccine,0.0,0.0,0.0,0.0
22,20-24,new_vaccine,0.0,0.0,0.0,0.0
22,25-29,unvaccinated,1302.5,12038.5,5.0,0.0
22,25-29,old_vaccine,0.0,0.0,0.0,0.0
22,25-29,new_vaccine,0.0,0.0,0.0,0.0
22,30-34,unvaccinated,1378.5,12245.0,6.5,0.0
22,30-34,old_vaccine,0.0,0.0,0.0,0.0
22,30-34,new_vaccine,0.0,0.0,0.0,0.0
22,35-39,unvaccinated,1230.5,12110.0,11.0,0.0
22,35-39,old_vaccine,0.0,0.0,0.0,0.0
22,35-39,new_vaccine,0.0,0.0,0.0,0.0
22,40-44,unvaccinated,1304.0,11535.0,16.5,0.0
22,40-44,old_vaccine,0.0,0.0,0.0,0.0
22,40-44,new_vaccine,0.0,0.0,0.0,0.0
22,45-49,unvaccinated,1541.0,10951.0,33.5,0.0
22,45-49,old_vaccine,0.0,0.0,0.0,0.0
22,45-49,new_vaccine,0.0,0.0,0.0,0.0
22,50-54,unvaccinated,2659.5,11106.0,87.0,0.0
22,50-54,old_vaccine,0.0,0.0,0.0,0.0
22,50-54,new_vaccine,0.0,0.0,0.0,0.0
22,55-59,unvaccinated,3451.5,9927.0,105.5,0.0
22,55-59,old_vaccine,0.0,0.0,0.0,0.0
22,55-59,new_vaccine,0.0,0.0,0.0,0.0
22,60-64,unvaccinated,3298.0,8143.5,253.5,0.0
22,60-64,old_vaccine,0.0,0.0,0.0,0.0
22,60-64,new_vaccine,0.0,0.0,0.0,0.0
22,65-69,unvaccinated,5322.5,4695.5,462.5,0.0
22,65-69,old_vaccine,0.0,0.0,0.0,0.0
22,65-69,new_vaccine,0.0,0.0,0.0,0.0
22,70-74,unvaccinated,6123.0,3621.5,917.5,0.0
22,70-74,old_vaccine,0.0,0.0,0.0,0.0
22,70-74,new_vaccine,0.0,0.0,0.0,0.0
22,75+,unvaccinated,11243.0,5558.5,2934.0,0.0
22,75+,old_vaccine,0.0,0.0,0.0,0.0
22,75+,new_vaccine,0.0,0.0,0.0,0.0
23,0-4,unvaccinated,752.5,10715.5,13.5,0.0
23,0-4,old_vaccine,0.0,0.0,0.0,0.0
23,0-4,new_vaccine,0.0,0.0,0.0,0.0
23,5-9,unvaccinated,193.0,12117.0,0.0,0.0
23,5-9,old_vaccine,0.0,0.0,0.0,0.0
23,5-9,new_vaccine,0.0,0.0,0.0,0.0
23,10-14,unvaccinated,272.0,11394.5,2.0,0.0
23,10-14,old_vaccine,0.0,0.0,0.0,0.0
23,10-14,new_vaccine,0.0,0.0,0.0,0.0
23,15-19,unvaccinated,258.5,10645.0,3.0,0.0
23,15-19,old_vaccine,0.0,0.0,0.0,0.0
23,15-19,new_vaccine,0.0,0.0,0.0,0.0
23,20-24,unvaccinated,811.5,11157.5,5.5,0.0
23,20-24,old_vaccine,0.0,0.0,0.0,0.0
23,20-24,new_vaccine,0.0,0.0,0.0,0.0
23,25-29,unvaccinated,1310.0,12086.0,4.5,0.0
23,25-29,old_vaccine,0.0,0.0,0.0,0.0
23,25-29,new_vaccine,0.0,0.0,0.0,0.0
23,30-34,unvaccinated,1377.0,12297.5,6.5,0.0
23,30-34,old_vaccine,0.0,0.0,0.0,0.0
23,30-34,new_vaccine,0.0,0.0,0.0,0.0
23,35-39,unvaccinated,1229.0,12203.0,10.5,0.0
23,35-39,old_vaccine,0.0,0.0,0.0,0.0
23,35-39,new_vaccine,0.0,0.0,0.0,0.0
23,40-44,unvaccinated,1307.0,11584.0,15.5,0.0
23,40-44,old_vaccine,0.0,0.0,0.0,0.0
23,40-44,new_vaccine,0.0,0.0,0.0,0.0
23,45-49,unvaccinated,1561.0,10972.0,34.5,0.0
23,45-49,old_vaccine,0.0,0.0,0.0,0.0
23,45-49,new_vaccine,0.0,0.0,0.0,0.0
23,50-54,unvaccinated,2673.5,11140.5,87.0,0.0
23,50-54,old_vaccine,0.0,0.0,0.0,0.0
23,50-54,new_vaccine,0.0,0.0,0.0,0.0
23,55-59,unvaccinated,3461.5,9950.5,104.0,0.0
23,55-59,old_vaccine,0.0,0.0,0.0,0.0
23,55-59,new_vaccine,0.0,0.0,0.0,0.0
23,60-64,unvaccinated,3322.0,8167.0,253.0,0.0
23,60-64,old_vaccine,0.0,0.0,0.0,0.0
23,60-64,new_vaccine,0.0,0.0,0.0,0.0
23,65-69,unvaccinated,5358.0,4731.0,464.0,0.0
23,65-69,old_vaccine,0.0,0.0,0.0,0.0
23,65-69,new_vaccine,0.0,0.0,0.0,0.0
23,70-74,unvaccinated,6137.0,3643.5,917.0,0.0
23,70-74,old_vaccine,0.0,0.0,0.0,0.0
23,70-74,new_vaccine,0.0,0.0,0.0,0.0
23,75+,unvaccinated,11276.0,5579.0,2936.0,0.0
23,75+,old_vaccine,0.0,0.0,0.0,0.0
23,75+,new_vaccine,0.0,0.0,0.0,0.0
24,0-4,unvaccinated,736.5,10516.0,13.5,0.0
24,0-4,old_vaccine,0.0,0.0,0.0,0.0
24,0-4,new_vaccine,0.0,0.0,0.0,0.0
24,5-9,unvaccinated,188.0,11876.0,0.0,0.0
24,5-9,old_vaccine,0.0,0.0,0.0,0.0
24,5-9,new_vaccine,0.0,0.0,0.0,0.0
24,10-14,unvaccinated,265.0,11215.5,2.0,0.0
24,10-14,old_vaccine,0.0,0.0,0.0,0.0
24,10-14,new_vaccine,0.0,0.0,0.0,0.0
24,15-19,unvaccinated,258.0,10439.0,2.5,0.0
24,15-19,old_vaccine,0.0,0.0,0.0,0.0
24,15-19,new_vaccine,0.0,0.0,0.0,0.0
24,20-24,unvaccinated,795.0,10995.0,5.5,0.0
24,20-24,old_vaccine,0.0,0.0,0.0,0.0
24,20-24,new_vaccine,0.0,0.0,0.0,0.0
24,25-29,unvaccinated,1298.5,11873.5,4.5,0.0
24,25-29,old_vaccine,0.0,0.0,0.0,0.0
24,25-29,new_vaccine,0.0,0.0,0.0,0.0
24,30-34,unvaccinated,1346.0,12108.0,6.0,0.0
24,30-34,old_vaccine,0.0,0.0,0.0,0.0
24,30-34,new_vaccine,0.0,0.0,0.0,0.0
24,35-39,unvaccinated,1203.0,11981.5,10.5,0.0
24,35-39,old_vaccine,0.0,0.0,0.0,0.0
24,35-39,new_vaccine,0.0,0.0,0.0,0.0
24,40-44,unvaccinated,1270.0,11395.0,15.5,0.0
24,40-44,old_vaccine,0.0,0.0,0.0,0.0
24,40-44,new_vaccine,0.0,0.0,0.0,0.0
24,45-49,unvaccinated,1551.5,10789.0,34.5,0.0
24,45-49,old_vaccine,0.0,0.0,0.0,0.0
24,45-49,new_vaccine,0.0,0.0,0.0,0.0
24,50-54,unvaccinated,2637.0,10919.0,86.0,0.0
24,50-54,old_vaccine,0.0,0.0,0.0,0.0
24,50-54,new_vaccine,0.0,0.0,0.0,0.0
24,55-59,unvaccinated,3406.0,9792.0,104.0,0.0
24,55-59,old_vaccine,0.0,0.0,0.0,0.0
24,55-59,new_vaccine,0.0,0.0,0.0,0.0
24,60-64,unvaccinated,3281.5,8039.0,252.0,0.0
24,60-64,old_vaccine,0.0,0.0,0.0,0.0
24,60-64,new_vaccine,0.0,0.0,0.0,0.0
24,65-69,unvaccinated,5284.5,4636.0,463.5,0.0
24,65-69,old_vaccine,0.0,0.0,0.0,0.0
24,65-69,new_vaccine,0.0,0.0,0.0,0.0
24,70-74,unvaccinated,6065.5,3590.0,915.0,0.0
24,70-74,old_vaccine,0.0,0.0,0.0,0.0
24,70-74,new_vaccine,0.0,0.0,0.0,0.0
24,75+,unvaccinated,11088.5,5504.0,2934.0,0.0
24,75+,old_vaccine,0.0,0.0,0.0,0.0
24,75+,new_vaccine,0.0,0.0,0.0,0.0
25,0-4,unvaccinated,706.5,10177.5,13.0,0.0
25,0-4,old_vaccine,0.0,0.0,0.0,0.0
25,0-4,new_vaccine,0.0,0.0,0.0,0.0
25,5-9,unvaccinated,183.0,11464.5,0.0,0.0
25,5-9,old_vaccine,0.0,0.0,0.0,0.0
25,5-9,new_vaccine,0.0,0.0,0.0,0.0
25,10-14,unvaccinated,253.0,10813.5,2.0,0.0
25,10-14,old_vaccine,0.0,0.0,0.0,0.0
25,10-14,new_vaccine,0.0,0.0,0.0,0.0
25,15-19,unvaccinated,246.0,10081.5,2.0,0.0
25,15-19,old_vaccine,0.0,0.0,0.0,0.0
25,15-19,new_vaccine,0.0,0.0,0.0,0.0
25,20-24,unvaccinated,771.0,10622.0,4.5,0.0
25,20-24,old_vaccine,0.0,0.0,0.0,0.0
25,20-24,new_vaccine,0.0,0.0,0.0,0.0
25,25-29,unvaccinated,1249.5,11457.0,3.5,0.0
25,25-29,old_vaccine,0.0,0.0,0.0,0.0
25,25-29,new_vaccine,0.0,0.0,0.0,0.0
25,30-34,unvaccinated,1296.0,11700.5,6.0,0.0
25,30-34,old_vaccine,0.0,0.0,0.0,0.0
25,30-34,new_vaccine,0.0,0.0,0.0,0.0
25,35-39,unvaccinated,1168.0,11592.0,11.0,0.0
25,35-39,old_vaccine,0.0,0.0,0.0,0.0
25,35-39,new_vaccine,0.0,0.0,0.0,0.0
25,40-44,unvaccinated,1216.0,10990.5,14.5,0.0
25,40-44,old_vaccine,0.0,0.0,0.0,0.0
25,40-44,new_vaccine,0.0,0.0,0.0,0.0
25,45-49,unvaccinated,1491.0,10436.5,34.0,0.0
25,45-49,old_vaccine,0.0,0.0,0.0,0.0
25,45-49,new_vaccine,0.0,0.0,0.0,0.0
25,50-54,unvaccinated,2563.0,10530.5,84.0,0.0
25,50-54,old_vaccine,0.0,0.0,0.0,0.0
25,50-54,new_vaccine,0.0,0.0,0.0,0.0
25,55-59,unvaccinated,3288.5,9487.5,104.0,0.0
25,55-59,old_vaccine,0.0,0.0,0.0,0.0
25,55-59,new_vaccine,0.0,0.0,0.0,0.0
25,60-64,unvaccinated,3172.0,7768.0,249.0,0.0
25,60-64,old_vaccine,0.0,0.0,0.0,0.0
25,60-64,new_vaccine,0.0,0.0,0.0,0.0
25,65-69,unvaccinated,5076.5,4502.0,463.0,0.0
25,65-69,old_vaccine,0.0,0.0,0.0,0.0
25,65-69,new_vaccine,0.0,0.0,0.0,0.0
25,70-74,unvaccinated,5868.0,3462.0,911.0,0.0
25,70-74,old_vaccine,0.0,0.0,0.0,0.0
25,70-74,new_vaccine,0.0,0.0,0.0,0.0
25,75+,unvaccinated,10726.0,5309.5,2934.0,0.0
25,75+,old_vaccine,0.0,0.0,0.0,0.0
25,75+,new_vaccine,0.0,0.0,0.0,0.0
26,0-4,unvaccinated,671.0,9770.0,12.5,0.0
26,0-4,old_vaccine,0.0,0.0,0.0,0.0
26,0-4,new_vaccine,0.0,0.0,0.0,0.0
26,5-9,unvaccinated,176.5,10937.0,0.0,0.0
26,5-9,old_vaccine,0.0,0.0,0.0,0.0
26,5-9,new_vaccine,0.0,0.0,0.0,0.0
26,10-14,unvaccinated,237.0,10343.5,2.0,0.0
26,10-14,old_vaccine,0.0,0.0,0.0,0.0
26,10-14,new_vaccine,0.0,0.0,0.0,0.0
26,15-19,unvaccinated,232.0,9630.0,2.0,0.0
26,15-19,old_vaccine,0.0,0.0,0.0,0.0
26,15-19,new_vaccine,0.0,0.0,0.0,0.0
26,20-24,unvaccinated,726.0,10154.5,4.5,0.0
26,20-24,old_vaccine,0.0,0.0,0.0,0.0
26,20-24,new_vaccine,0.0,0.0,0.0,0.0
26,25-29,unvaccinated,1201.5,10967.5,3.5,0.0
26,25-29,old_vaccine,0.0,0.0,0.0,0.0
26,25-29,new_vaccine,0.0,0.0,0.0,0.0
26,30-34,unvaccinated,1238.0,11161.0,6.0,0.0
26,30-34,old_vaccine,0.0,0.0,0.0,0.0
26,30-34,new_vaccine,0.0,0.0,0.0,0.0
26,35-39,unvaccinated,1116.5,11117.5,11.5,0.0
26,35-39,old_vaccine,0.0,0.0,0.0,0.0
26,35-39,new_vaccine,0.0,0.0,0.0,0.0
26,40-44,unvaccinated,1165.5,10526.5,14.5,0.0
26,40-44,old_vaccine,0.0,0.0,0.0,0.0
26,40-44,new_vaccine,0.0,0.0,0.0,0.0
26,45-49,unvaccinated,1426.5,9984.5,32.5,0.0
26,45-49,old_vaccine,0.0,0.0,0.0,0.0
26,45-49,new_vaccine,0.0,0.0,0.0,0.0
26,50-54,unvaccinated,2437.0,10077.0,83.0,0.0
26,50-54,old_vaccine,0.0,0.0,0.0,0.0
26,50-54,new_vaccine,0.0,0.0,0.0,0.0
26,55-59,unvaccinated,3159.5,9058.5,102.5,0.0
26,55-59,old_vaccine,0.0,0.0,0.0,0.0
26,55-59,new_vaccine,0.0,0.0,0.0,0.0
26,60-64,unvaccinated,3024.0,7408.5,249.0,0.0
26,60-64,old_vaccine,0.0,0.0,0.0,0.0
26,60-64,new_vaccine,0.0,0.0,0.0,0.0
26,65-69,unvaccinated,4875.5,4309.0,460.5,0.0
26,65-69,old_vaccine,0.0,0.0,0.0,0.0
26,65-69,new_vaccine,0.0,0.0,0.0,0.0
26,70-74,unvaccinated,5614.0,3296.0,908.0,0.0
26,70-74,old_vaccine,0.0,0.0,0.0,0.0
26,70-74,new_vaccine,0.0,0.0,0.0,0.0
26,75+,unvaccinated,10280.5,5091.0,2932.0,0.0
26,75+,old_vaccine,0.0,0.0,0.0,0.0
26,75+,new_vaccine,0.0,0.0,0.0,0.0
27,0-4,unvaccinated,641.5,9308.0,12.0,0.0
27,0-4,old_vaccine,0.0,0.0,0.0,0.0
27,0-4,new_vaccine,0.0,0.0,0.0,0.0
27,5-9,unvaccinated,170.0,10465.0,0.0,0.0
27,5-9,old_vaccine,0.0,0.0,0.0,0.0
27,5-9,new_vaccine,0.0,0.0,0.0,0.0
27,10-14,unvaccinated,222.5,9896.0,2.0,0.0
27,10-14,old_vaccine,0.0,0.0,0.0,0.0
27,10-14,new_vaccine,0.0,0.0,0.0,0.0
27,15-19,unvaccinated,220.0,9210.0,2.0,0.0
27,15-19,old_vaccine,0.0,0.0,0.0,0.0
27,15-19,new_vaccine,0.0,0.0,0.0,0.0
27,20-24,unvaccinated,691.5,9677.0,4.0,0.0
27,20-24,old_vaccine,0.0,0.0,0.0,0.0
27,20-24,new_vaccine,0.0,0.0,0.0,0.0
27,25-29,unvaccinated,1142.0,10511.0,3.5,0.0
27,25-29,old_vaccine,0.0,0.0,0.0,0.0
27,25-29,new_vaccine,0.0,0.0,0.0,0.0
27,30-34,unvaccinated,1177.5,10621.0,5.5,0.0
27,30-34,old_vaccine,0.0,0.0,0.0,0.0
27,30-34,new_vaccine,0.0,0.0,0.0,0.0
27,35-39,unvaccinated,1058.0,10589.5,12.0,0.0
27,35-39,old_vaccine,0.0,0.0,0.0,0.0
27,35-39,new_vaccine,0.0,0.0,0.0,0.0
27,40-44,unvaccinated,1109.0,10021.5,14.0,0.0
27,40-44,old_vaccine,0.0,0.0,0.0,0.0
27,40-44,new_vaccine,0.0,0.0,0.0,0.0
27,45-49,unvaccinated,1364.0,9536.5,32.5,0.0
27,45-49,old_vaccine,0.0,0.0,0.0,0.0
27,45-49,new_vaccine,0.0,0.0,0.0,0.0
27,50-54,unvaccinated,2352.5,9621.5,83.5,0.0
27,50-54,old_vaccine,0.0,0.0,0.0,0.0
27,50-54,new_vaccine,0.0,0.0,0.0,0.0
27,55-59,unvaccinated,3029.0,8651.0,101.0,0.0
27,55-59,old_vaccine,0.0,0.0,0.0,0.0
27,55-59,new_vaccine,0.0,0.0,0.0,0.0
27,60-64,unvaccinated,2895.0,7080.5,249.0,0.0
27,60-64,old_vaccine,0.0,0.0,0.0,0.0
27,60-64,new_vaccine,0.0,0.0,0.0,0.0
27,65-69,unvaccinated,4674.5,4127.0,456.5,0.0
27,65-69,old_vaccine,0.0,0.0,0.0,0.0
27,65-69,new_vaccine,0.0,0.0,0.0,0.0
27,70-74,unvaccinated,5400.5,3138.0,904.5,0.0
27,70-74,old_vaccine,0.0,0.0,0.0,0.0
27,70-74,new_vaccine,0.0,0.0,0.0,0.0
27,75+,unvaccinated,9800.5,4885.5,2928.0,0.0
27,75+,old_vaccine,0.0,0.0,0.0,0.0
27,75+,new_vaccine,0.0,0.0,0.0,0.0
28,0-4,unvaccinated,624.5,8966.0,12.5,0.0
28,0-4,old_vaccine,0.0,0.0,0.0,0.0
28,0-4,new_vaccine,0.0,0.0,0.0,0.0
28,5-9,unvaccinated,165.5,10085.0,0.0,0.0
28,5-9,old_vaccine,0.0,0.0,0.0,0.0
28,5-9,new_vaccine,0.0,0.0,0.0,0.0
28,10-14,unvaccinated,212.5,9529.0,2.0,0.0
28,10-14,old_vaccine,0.0,0.0,0.0,0.0
28,10-14,new_vaccine,0.0,0.0,0.0,0.0
28,15-19,unvaccinated,216.5,8911.0,1.5,0.0
28,15-19,old_vaccine,0.0,0.0,0.0,0.0
28,15-19,new_vaccine,0.0,0.0,0.0,0.0
28,20-24,unvaccinated,666.5,9345.5,4.0,0.0
28,20-24,old_vaccine,0.0,0.0,0.0,0.0
28,20-24,new_vaccine,0.0,0.0,0.0,0.0
28,25-29,unvaccinated,1106.0,10108.5,3.5,0.0
28,25-29,old_vaccine,0.0,0.0,0.0,0.0
28,25-29,new_vaccine,0.0,0.0,0.0,0.0
28,30-34,unvaccinated,1141.0,10259.5,6.0,0.0
28,30-34,old_vaccine,0.0,0.0,0.0,0.0
28,30-34,new_vaccine,0.0,0.0,0.0,0.0
28,35-39,unvaccinated,1018.5,10205.5,11.5,0.0
28,35-39,old_vaccine,0.0,0.0,0.0,0.0
28,35-39,new_vaccine,0.0,0.0,0.0,0.0
28,40-44,unvaccinated,1073.0,9701.5,14.0,0.0
28,40-44,old_vaccine,0.0,0.0,0.0,0.0
28,40-44,new_vaccine,0.0,0.0,0.0,0.0
28,45-49,unvaccinated,1313.5,9185.0,32.5,0.0
28,45-49,old_vaccine,0.0,0.0,0.0,0.0
28,45-49,new_vaccine,0.0,0.0,0.0,0.0
28,50-54,unvaccinated,2273.0,9303.0,84.0,0.0
28,50-54,old_vaccine,0.0,0.0,0.0,0.0
28,50-54,new_vaccine,0.0,0.0,0.0,0.0
28,55-59,unvaccinated,2932.5,8335.5,102.0,0.0
28,55-59,old_vaccine,0.0,0.0,0.0,0.0
28,55-59,new_vaccine,0.0,0.0,0.0,0.0
28,60-64,unvaccinated,2786.0,6835.5,248.0,0.0
28,60-64,old_vaccine,0.0,0.0,0.0,0.0
28,60-64,new_vaccine,0.0,0.0,0.0,0.0
28,65-69,unvaccinated,4515.0,3991.5,456.5,0.0
28,65-69,old_vaccine,0.0,0.0,0.0,0.0
28,65-69,new_vaccine,0.0,0.0,0.0,0.0
28,70-74,unvaccinated,5190.0,3014.5,903.0,0.0
28,70-74,old_vaccine,0.0,0.0,0.0,0.0
28,70-74,new_vaccine,0.0,0.0,0.0,0.0
28,75+,unvaccinated,9432.5,4709.5,2926.5,0.0
28,75+,old_vaccine,0.0,0.0,0.0,0.0
28,75+,new_vaccine,0.0,0.0,0.0,0.0
29,0-4,unvaccinated,616.5,8821.0,13.0,0.0
29,0-4,old_vaccine,0.0,0.0,0.0,0.0
29,0-4,new_vaccine,0.0,0.0,0.0,0.0
29,5-9,unvaccinated,161.0,9909.5,0.0,0.0
29,5-9,old_vaccine,0.0,0.0,0.0,0.0
29,5-9,new_vaccine,0.0,0.0,0.0,0.0
29,10-14,unvaccinated,212.5,9360.5,2.0,0.0
29,10-14,old_vaccine,0.0,0.0,0.0,0.0
29,10-14,new_vaccine,0.0,0.0,0.0,0.0
29,15-19,unvaccinated,204.0,8764.0,1.5,0.0
29,15-19,old_vaccine,0.0,0.0,0.0,0.0
29,15-19,new_vaccine,0.0,0.0,0.0,0.0
29,20-24,unvaccinated,652.5,9164.5,4.0,0.0
29,20-24,old_vaccine,0.0,0.0,0.0,0.0
29,20-24,new_vaccine,0.0,0.0,0.0,0.0
29,25-29,unvaccinated,1095.0,9898.0,3.0,0.0
29,25-29,old_vaccine,0.0,0.0,0.0,0.0
29,25-29,new_vaccine,0.0,0.0,0.0,0.0
29,30-34,unvaccinated,1124.0,10064.0,6.0,0.0
29,30-34,old_vaccine,0.0,0.0,0.0,0.0
29,30-34,new_vaccine,0.0,0.0,0.0,0.0
29,35-39,unvaccinated,1021.0,10005.5,10.5,0.0
29,35-39,old_vaccine,0.0,0.0,0.0,0.0
29,35-39,new_vaccine,0.0,0.0,0.0,0.0
29,40-44,unvaccinated,1055.5,9507.5,14.5,0.0
29,40-44,old_vaccine,0.0,0.0,0.0,0.0
29,40-44,new_vaccine,0.0,0.0,0.0,0.0
29,45-49,unvaccinated,1283.5,9026.0,32.0,0.0
29,45-49,old_vaccine,0.0,0.0,0.0,0.0
29,45-49,new_vaccine,0.0,0.0,0.0,0.0
29,50-54,unvaccinated,2212.5,9090.5,82.5,0.0
29,50-54,old_vaccine,0.0,0.0,0.0,0.0
29,50-54,new_vaccine,0.0,0.0,0.0,0.0
29,55-59,unvaccinated,2864.5,8168.0,102.5,0.0
29,55-59,old_vaccine,0.0,0.0,0.0,0.0
29,55-59,new_vaccine,0.0,0.0,0.0,0.0
29,60-64,unvaccinated,2725.0,6709.0,249.0,0.0
29,60-64,old_vaccine,0.0,0.0,0.0,0.0
29,60-64,new_vaccine,0.0,0.0,0.0,0.0
29,65-69,unvaccinated,4443.0,3915.0,456.0,0.0
29,65-69,old_vaccine,0.0,0.0,0.0,0.0
29,65-69,new_vaccine,0.0,0.0,0.0,0.0
29,70-74,unvaccinated,5089.5,2962.0,902.5,0.0
29,70-74,old_vaccine,0.0,0.0,0.0,0.0
29,70-74,new_vaccine,0.0,0.0,0.0,0.0
29,75+,unvaccinated,9275.5,4629.5,2926.5,0.0
29,75+,old_vaccine,0.0,0.0,0.0,0.0
29,75+,new_vaccine,0.0,0.0,0.0,0.0
30,0-4,unvaccinated,614.0,8800.5,13.5,0.0
30,0-4,old_vaccine,0.0,0.0,0.0,0.0
30,0-4,new_vaccine,0.0,0.0,0.0,0.0
30,5-9,unvaccinated,158.5,9935.5,0.5,0.0
30,5-9,old_vaccine,0.0,0.0,0.0,0.0
30,5-9,new_vaccine,0.0,0.0,0.0,0.0
30,10-14,unvaccinated,219.0,9389.0,2.0,0.0
30,10-14,old_vaccine,0.0,0.0,0.0,0.0
30,10-14,new_vaccine,0.0,0.0,0.0,0.0
30,15-19,unvaccinated,213.0,8766.5,1.5,0.0
30,15-19,old_vaccine,0.0,0.0,0.0,0.0
30,15-19,new_vaccine,0.0,0.0,0.0,0.0
30,20-24,unvaccinated,656.0,9165.0,4.0,0.0
30,20-24,old_vaccine,0.0,0.0,0.0,0.0
30,20-24,new_vaccine,0.0,0.0,0.0,0.0
30,25-29,unvaccinated,1084.5,9922.0,3.0,0.0
30,25-29,old_vaccine,0.0,0.0,0.0,0.0
30,25-29,new_vaccine,0.0,0.0,0.0,0.0
30,30-34,unvaccinated,1124.5,10053.5,6.5,0.0
30,30-34,old_vaccine,0.0,0.0,0.0,0.0
30,30-34,new_vaccine,0.0,0.0,0.0,0.0
30,35-39,unvaccinated,1014.5,10003.5,11.5,0.0
30,35-39,old_vaccine,0.0,0.0,0.0,0.0
30,35-39,new_vaccine,0.0,0.0,0.0,0.0
30,40-44,unvaccinated,1050.0,9527.0,15.0,0.0
30,40-44,old_vaccine,0.0,0.0,0.0,0.0
30,40-44,new_vaccine,0.0,0.0,0.0,0.0
30,45-49,unvaccinated,1280.5,9039.5,32.0,0.0
30,45-49,old_vaccine,0.0,0.0,0.0,0.0
30,45-49,new_vaccine,0.0,0.0,0.0,0.0
30,50-54,unvaccinated,2220.0,9080.5,81.5,0.0
30,50-54,old_vaccine,0.0,0.0,0.0,0.0
30,50-54,new_vaccine,0.0,0.0,0.0,0.0
30,55-59,unvaccinated,2838.5,8139.0,104.0,0.0
30,55-59,old_vaccine,0.0,0.0,0.0,0.0
30,55-59,new_vaccine,0.0,0.0,0.0,0.0
30,60-64,unvaccinated,2720.0,6702.5,248.5,0.0
30,60-64,old_vaccine,0.0,0.0,0.0,0.0
30,60-64,new_vaccine,0.0,0.0,0.0,0.0
30,65-69,unvaccinated,4445.5,3915.5,458.0,0.0
30,65-69,old_vaccine,0.0,0.0,0.0,0.0
30,65-69,new_vaccine,0.0,0.0,0.0,0.0
30,70-74,unvaccinated,5093.5,2948.0,902.0,0.0
30,70-74,old_vaccine,0.0,0.0,0.0,0.0
30,70-74,new_vaccine,0.0,0.0,0.0,0.0
30,75+,unvaccinated,9272.0,4632.5,2929.0,0.0
30,75+,old_vaccine,0.0,0.0,0.0,0.0
30,75+,new_vaccine,0.0,0.0,0.0,0.0
31,0-4,unvaccinated,635.0,8975.5,13.5,0.0
31,0-4,old_vaccine,0.0,0.0,0.0,0.0
31,0-4,new_vaccine,0.0,0.0,0.0,0.0
31,5-9,unvaccinated,159.5,10123.0,0.5,0.0
31,5-9,old_vaccine,0.0,0.0,0.0,0.0
31,5-9,new_vaccine,0.0,0.0,0.0,0.0
31,10-14,unvaccinated,223.0,9549.5,2.0,0.0
31,10-14,old_vaccine,0.0,0.0,0.0,0.0
31,10-14,new_vaccine,0.0,0.0,0.0,0.0
31,15-19,unvaccinated,216.0,8918.5,1.5,0.0
31,15-19,old_vaccine,0.0,0.0,0.0,0.0
31,15-19,new_vaccine,0.0,0.0,0.0,0.0
31,20-24,unvaccinated,671.0,9351.5,4.5,0.0
31,20-24,old_vaccine,0.0,0.0,0.0,0.0
31,20-24,new_vaccine,0.0,0.0,0.0,0.0
31,25-29,unvaccinated,1104.0,10109.5,3.5,0.0
31,25-29,old_vaccine,0.0,0.0,0.0,0.0
31,25-29,new_vaccine,0.0,0.0,0.0,0.0
31,30-34,unvaccinated,1158.0,10241.5,6.5,0.0
31,30-34,old_vaccine,0.0,0.0,0.0,0.0
31,30-34,new_vaccine,0.0,0.0,0.0,0.0
31,35-39,unvaccinated,1038.5,10185.5,12.0,0.0
31,35-39,old_vaccine,0.0,0.0,0.0,0.0
31,35-39,new_vaccine,0.0,0.0,0.0,0.0
31,40-44,unvaccinated,1073.5,9726.0,15.0,0.0
31,40-44,old_vaccine,0.0,0.0,0.0,0.0
31,40-44,new_vaccine,0.0,0.0,0.0,0.0
31,45-49,unvaccinated,1308.0,9187.5,31.5,0.0
31,45-49,old_vaccine,0.0,0.0,0.0,0.0
31,45-49,new_vaccine,0.0,0.0,0.0,0.0
31,50-54,unvaccinated,2265.0,9260.5,82.0,0.0
31,50-54,old_vaccine,0.0,0.0,0.0,0.0
31,50-54,new_vaccine,0.0,0.0,0.0,0.0
31,55-59,unvaccinated,2905.0,8317.0,104.0,0.0
31,55-59,old_vaccine,0.0,0.0,0.0,0.0
31,55-59,new_vaccine,0.0,0.0,0.0,0.0
31,60-64,unvaccinated,2769.0,6816.5,248.0,0.0
31,60-64,old_vaccine,0.0,0.0,0.0,0.0
31,60-64,new_vaccine,0.0,0.0,0.0,0.0
31,65-69,unvaccinated,4518.0,3984.0,461.0,0.0
31,65-69,old_vaccine,0.0,0.0,0.0,0.0
31,65-69,new_vaccine,0.0,0.0,0.0,0.0
31,70-74,unvaccinated,5171.5,2994.0,903.5,0.0
31,70-74,old_vaccine,0.0,0.0,0.0,0.0
31,70-74,new_vaccine,0.0,0.0,0.0,0.0
31,75+,unvaccinated,9459.0,4707.0,2934.0,0.0
31,75+,old_vaccine,0.0,0.0,0.0,0.0
31,75+,new_vaccine,0.0,0.0,0.0,0.0
32,0-4,unvaccinated,656.5,9235.0,13.0,0.0
32,0-4,old_vaccine,0.0,0.0,0.0,0.0
32,0-4,new_vaccine,0.0,0.0,0.0,0.0
32,5-9,unvaccinated,161.5,10406.0,0.5,0.0
32,5-9,old_vaccine,0.0,0.0,0.0,0.0
32,5-9,new_vaccine,0.0,0.0,0.0,0.0
32,10-14,unvaccinated,235.0,9831.0,1.5,0.0
32,10-14,old_vaccine,0.0,0.0,0.0,0.0
32,10-14,new_vaccine,0.0,0.0,0.0,0.0
32,15-19,unvaccinated,225.0,9194.5,1.5,0.0
32,15-19,old_vaccine,0.0,0.0,0.0,0.0
32,15-19,new_vaccine,0.0,0.0,0.0,0.0
32,20-24,unvaccinated,696.5,9630.0,4.5,0.0
32,20-24,old_vaccine,0.0,0.0,0.0,0.0
32,20-24,new_vaccine,0.0,0.0,0.0,0.0
32,25-29,unvaccinated,1140.5,10431.0,3.5,0.0
32,25-29,old_vaccine,0.0,0.0,0.0,0.0
32,25-29,new_vaccine,0.0,0.0,0.0,0.0
32,30-34,unvaccinated,1188.5,10581.5,6.5,0.0
32,30-34,old_vaccine,0.0,0.0,0.0,0.0
32,30-34,new_vaccine,0.0,0.0,0.0,0.0
32,35-39,unvaccinated,1074.5,10506.5,12.0,0.0
32,35-39,old_vaccine,0.0,0.0,0.0,0.0
32,35-39,new_vaccine,0.0,0.0,0.0,0.0
32,40-44,unvaccinated,1109.5,10008.5,15.0,0.0
32,40-44,old_vaccine,0.0,0.0,0.0,0.0
32,40-44,new_vaccine,0.0,0.0,0.0,0.0
32,45-49,unvaccinated,1344.5,9461.0,31.5,0.0
32,45-49,old_vaccine,0.0,0.0,0.0,0.0
32,45-49,new_vaccine,0.0,0.0,0.0,0.0
32,50-54,unvaccinated,2341.0,9576.0,84.0,0.0
32,50-54,old_vaccine,0.0,0.0,0.0,0.0
32,50-54,new_vaccine,0.0,0.0,0.0,0.0
32,55-59,unvaccinated,2994.0,8590.0,104.5,0.0
32,55-59,old_vaccine,0.0,0.0,0.0,0.0
32,55-59,new_vaccine,0.0,0.0,0.0,0.0
32,60-64,unvaccinated,2856.0,7031.0,250.0,0.0
32,60-64,old_vaccine,0.0,0.0,0.0,0.0
32,60-64,new_vaccine,0.0,0.0,0.0,0.0
32,65-69,unvaccinated,4648.5,4088.5,464.0,0.0
32,65-69,old_vaccine,0.0,0.0,0.0,0.0
32,65-69,new_vaccine,0.0,0.0,0.0,0.0
32,70-74,unvaccinated,5301.5,3091.0,908.0,0.0
32,70-74,old_vaccine,0.0,0.0,0.0,0.0
32,70-74,new_vaccine,0.0,0.0,0.0,0.0
32,75+,unvaccinated,9744.5,4841.0,2943.0,0.0
32,75+,old_vaccine,0.0,0.0,0.0,0.0
32,75+,new_vaccine,0.0,0.0,0.0,0.0
33,0-4,unvaccinated,679.5,9529.5,12.5,0.0
33,0-4,old_vaccine,0.0,0.0,0.0,0.0
33,0-4,new_vaccine,0.0,0.0,0.0,0.0
33,5-9,unvaccinated,166.5,10793.0,0.5,0.0
33,5-9,old_vaccine,0.0,0.0,0.0,0.0
33,5-9,new_vaccine,0.0,0.0,0.0,0.0
33,10-14,unvaccinated,250.0,10164.5,1.5,0.0
33,10-14,old_vaccine,0.0,0.0,0.0,0.0
33,10-14,new_vaccine,0.0,0.0,0.0,0.0
33,15-19,unvaccinated,236.5,9526.0,1.5,0.0
33,15-19,old_vaccine,0.0,0.0,0.0,0.0
33,15-19,new_vaccine,0.0,0.0,0.0,0.0
33,20-24,unvaccinated,722.5,9999.0,4.5,0.0
33,20-24,old_vaccine,0.0,0.0,0.0,0.0
33,20-24,new_vaccine,0.0,0.0,0.0,0.0
33,25-29,unvaccinated,1181.0,10769.5,4.0,0.0
33,25-29,old_vaccine,0.0,0.0,0.0,0.0
33,25-29,new_vaccine,0.0,0.0,0.0,0.0
33,30-34,unvaccinated,1238.5,10947.0,6.5,0.0
33,30-34,old_vaccine,0.0,0.0,0.0,0.0
33,30-34,new_vaccine,0.0,0.0,0.0,0.0
33,35-39,unvaccinated,1115.5,10860.5,11.5,0.0
33,35-39,old_vaccine,0.0,0.0,0.0,0.0
33,35-39,new_vaccine,0.0,0.0,0.0,0.0
33,40-44,unvaccinated,1148.0,10338.5,15.5,0.0
33,40-44,old_vaccine,0.0,0.0,0.0,0.0
33,40-44,new_vaccine,0.0,0.0,0.0,0.0
33,45-49,unvaccinated,1393.0,9819.5,32.0,0.0
33,45-49,old_vaccine,0.0,0.0,0.0,0.0
33,45-49,new_vaccine,0.0,0.0,0.0,0.0
33,50-54,unvaccinated,2415.5,9925.0,83.5,0.0
33,50-54,old_vaccine,0.0,0.0,0.0,0.0
33,50-54,new_vaccine,0.0,0.0,0.0,0.0
33,55-59,unvaccinated,3091.0,8908.5,106.0,0.0
33,55-59,old_vaccine,0.0,0.0,0.0,0.0
33,55-59,new_vaccine,0.0,0.0,0.0,0.0
33,60-64,unvaccinated,2952.5,7285.0,251.0,0.0
33,60-64,old_vaccine,0.0,0.0,0.0,0.0
33,60-64,new_vaccine,0.0,0.0,0.0,0.0
33,65-69,unvaccinated,4794.5,4229.5,468.5,0.0
33,65-69,old_vaccine,0.0,0.0,0.0,0.0
33,65-69,new_vaccine,0.0,0.0,0.0,0.0
33,70-74,unvaccinated,5501.0,3216.0,914.5,0.0
33,70-74,old_vaccine,0.0,0.0,0.0,0.0
33,70-74,new_vaccine,0.0,0.0,0.0,0.0
33,75+,unvaccinated,10101.0,5013.0,2953.0,0.0
33,75+,old_vaccine,0.0,0.0,0.0,0.0
33,75+,new_vaccine,0.0,0.0,0.0,0.0
34,0-4,unvaccinated,699.5,9849.5,12.5,0.0
34,0-4,old_vaccine,0.0,0.0,0.0,0.0
34,0-4,new_vaccine,0.0,0.0,0.0,0.0
34,5-9,unvaccinated,175.0,11119.5,0.5,0.0
34,5-9,old_vaccine,0.0,0.0,0.0,0.0
34,5-9,new_vaccine,0.0,0.0,0.0,0.0
34,10-14,unvaccinated,255.0,10486.0,1.5,0.0
34,10-14,old_vaccine,0.0,0.0,0.0,0.0
34,10-14,new_vaccine,0.0,0.0,0.0,0.0
34,15-19,unvaccinated,242.5,9810.0,1.5,0.0
34,15-19,old_vaccine,0.0,0.0,0.0,0.0
34,15-19,new_vaccine,0.0,0.0,0.0,0.0
34,20-24,unvaccinated,750.5,10306.5,4.5,0.0
34,20-24,old_vaccine,0.0,0.0,0.0,0.0
34,20-24,new_vaccine,0.0,0.0,0.0,0.0
34,25-29,unvaccinated,1217.5,11132.5,4.0,0.0
34,25-29,old_vaccine,0.0,0.0,0.0,0.0
34,25-29,new_vaccine,0.0,0.0,0.0,0.0
34,30-34,unvaccinated,1267.0,11311.5,6.5,0.0
34,30-34,old_vaccine,0.0,0.0,0.0,0.0
34,30-34,new_vaccine,0.0,0.0,0.0,0.0
34,35-39,unvaccinated,1155.0,11193.5,12.0,0.0
34,35-39,old_vaccine,0.0,0.0,0.0,0.0
34,35-39,new_vaccine,0.0,0.0,0.0,0.0
34,40-44,unvaccinated,1191.5,10671.0,16.5,0.0
34,40-44,old_vaccine,0.0,0.0,0.0,0.0
34,40-44,new_vaccine,0.0,0.0,0.0,0.0
34,45-49,unvaccinated,1441.0,10118.0,32.0,0.0
34,45-49,old_vaccine,0.0,0.0,0.0,0.0
34,45-49,new_vaccine,0.0,0.0,0.0,0.0
34,50-54,unvaccinated,2480.5,10235.0,84.0,0.0
34,50-54,old_vaccine,0.0,0.0,0.0,0.0
34,50-54,new_vaccine,0.0,0.0,0.0,0.0
34,55-59,unvaccinated,3174.0,9172.5,106.5,0.0
34,55-59,old_vaccine,0.0,0.0,0.0,0.0
34,55-59,new_vaccine,0.0,0.0,0.0,0.0
34,60-64,unvaccinated,3050.0,7484.5,252.5,0.0
34,60-64,old_vaccine,0.0,0.0,0.0,0.0
34,60-64,new_vaccine,0.0,0.0,0.0,0.0
34,65-69,unvaccinated,4941.0,4338.0,468.0,0.0
34,65-69,old_vaccine,0.0,0.0,0.0,0.0
34,65-69,new_vaccine,0.0,0.0,0.0,0.0
34,70-74,unvaccinated,5659.0,3314.0,918.5,0.0
34,70-74,old_vaccine,0.0,0.0,0.0,0.0
34,70-74,new_vaccine,0.0,0.0,0.0,0.0
34,75+,unvaccinated,10399.5,5167.5,2966.0,0.0
34,75+,old_vaccine,0.0,0.0,0.0,0.0
34,75+,new_vaccine,0.0,0.0,0.0,0.0
35,0-4,unvaccinated,713.5,10060.5,14.0,0.0
35,0-4,old_vaccine,0.0,0.0,0.0,0.0
35,0-4,new_vaccine,0.0,0.0,0.0,0.0
35,5-9,unvaccinated,179.5,11366.0,0.5,0.0
35,5-9,old_vaccine,0.0,0.0,0.0,0.0
35,5-9,new_vaccine,0.0,0.0,0.0,0.0
35,10-14,unvaccinated,258.0,10734.0,1.5,0.0
35,10-14,old_vaccine,0.0,0.0,0.0,0.0
35,10-14,new_vaccine,0.0,0.0,0.0,0.0
35,15-19,unvaccinated,250.5,10040.5,1.5,0.0
35,15-19,old_vaccine,0.0,0.0,0.0,0.0
35,15-19,new_vaccine,0.0,0.0,0.0,0.0
35,20-24,unvaccinated,772.5,10529.0,4.5,0.0
35,20-24,old_vaccine,0.0,0.0,0.0,0.0
35,20-24,new_vaccine,0.0,0.0,0.0,0.0
35,25-29,unvaccinated,1255.0,11374.0,4.0,0.0
35,25-29,old_vaccine,0.0,0.0,0.0,0.0
35,25-29,new_vaccine,0.0,0.0,0.0,0.0
35,30-34,unvaccinated,1290.5,11549.0,7.0,0.0
35,30-34,old_vaccine,0.0,0.0,0.0,0.0
35,30-34,new_vaccine,0.0,0.0,0.0,0.0
35,35-39,unvaccinated,1173.0,11454.0,12.5,0.0
35,35-39,old_vaccine,0.0,0.0,0.0,0.0
35,35-39,new_vaccine,0.0,0.0,0.0,0.0
35,40-44,unvaccinated,1236.5,10888.5,16.0,0.0
35,40-44,old_vaccine,0.0,0.0,0.0,0.0
35,40-44,new_vaccine,0.0,0.0,0.0,0.0
35,45-49,unvaccinated,1469.0,10324.5,32.5,0.0
35,45-49,old_vaccine,0.0,0.0,0.0,0.0
35,45-49,new_vaccine,0.0,0.0,0.0,0.0
35,50-54,unvaccinated,2517.0,10457.5,85.0,0.0
35,50-54,old_vaccine,0.0,0.0,0.0,0.0
35,50-54,new_vaccine,0.0,0.0,0.0,0.0
35,55-59,unvaccinated,3254.5,9377.5,106.5,0.0
35,55-59,old_vaccine,0.0,0.0,0.0,0.0
35,55-59,new_vaccine,0.0,0.0,0.0,0.0
35,60-64,unvaccinated,3142.0,7665.5,254.5,0.0
35,60-64,old_vaccine,0.0,0.0,0.0,0.0
35,60-64,new_vaccine,0.0,0.0,0.0,0.0
35,65-69,unvaccinated,5054.0,4435.5,471.0,0.0
35,65-69,old_vaccine,0.0,0.0,0.0,0.0
35,65-69,new_vaccine,0.0,0.0,0.0,0.0
35,70-74,unvaccinated,5808.5,3410.0,920.0,0.0
35,70-74,old_vaccine,0.0,0.0,0.0,0.0
35,70-74,new_vaccine,0.0,0.0,0.0,0.0
35,75+,unvaccinated,10632.0,5281.5,2973.0,0.0
35,75+,old_vaccine,0.0,0.0,0.0,0.0
35,75+,new_vaccine,0.0,0.0,0.0,0.0
36,0-4,unvaccinated,716.0,10156.5,14.0,0.0
36,0-4,old_vaccine,0.0,0.0,0.0,0.0
36,0-4,new_vaccine,0.0,0.0,0.0,0.0
36,5-9,unvaccinated,182.0,11450.5,0.5,0.0
36,5-9,old_vaccine,0.0,0.0,0.0,0.0
36,5-9,new_vaccine,0.0,0.0,0.0,0.0
36,10-14,unvaccinated,263.5,10828.5,1.5,0.0
36,10-14,old_vaccine,0.0,0.0,0.0,0.0
36,10-14,new_vaccine,0.0,0.0,0.0,0.0
36,15-19,unvaccinated,250.5,10136.5,1.5,0.0
36,15-19,old_vaccine,0.0,0.0,0.0,0.0
36,15-19,new_vaccine,0.0,0.0,0.0,0.0
36,20-24,unvaccinated,778.0,10596.0,4.0,0.0
36,20-24,old_vaccine,0.0,0.0,0.0,0.0
36,20-24,new_vaccine,0.0,0.0,0.0,0.0
36,25-29,unvaccinated,1268.0,11503.0,4.5,0.0
36,25-29,old_vaccine,0.0,0.0,0.0,0.0
36,25-29,new_vaccine,0.0,0.0,0.0,0.0
36,30-34,unvaccinated,1305.5,11667.5,6.5,0.0
36,30-34,old_vaccine,0.0,0.0,0.0,0.0
36,30-34,new_vaccine,0.0,0.0,0.0,0.0
36,35-39,unvaccinated,1178.0,11564.5,13.0,0.0
36,35-39,old_vaccine,0.0,0.0,0.0,0.0
36,35-39,new_vaccine,0.0,0.0,0.0,0.0
36,40-44,unvaccinated,1245.5,10980.0,16.5,0.0
36,40-44,old_vaccine,0.0,0.0,0.0,0.0
36,40-44,new_vaccine,0.0,0.0,0.0,0.0
36,45-49,unvaccinated,1486.0,10425.5,32.0,0.0
36,45-49,old_vaccine,0.0,0.0,0.0,0.0
36,45-49,new_vaccine,0.0,0.0,0.0,0.0
36,50-54,unvaccinated,2549.5,10578.0,84.5,0.0
36,50-54,old_vaccine,0.0,0.0,0.0,0.0
36,50-54,new_vaccine,0.0,0.0,0.0,0.0
36,55-59,unvaccinated,3293.5,9462.5,104.0,0.0
36,55-59,old_vaccine,0.0,0.0,0.0,0.0
36,55-59,new_vaccine,0.0,0.0,0.0,0.0
36,60-64,unvaccinated,3170.0,7757.5,256.5,0.0
36,60-64,old_vaccine,0.0,0.0,0.0,0.0
36,60-64,new_vaccine,0.0,0.0,0.0,0.0
36,65-69,unvaccinated,5101.0,4474.0,472.5,0.0
36,65-69,old_vaccine,0.0,0.0,0.0,0.0
36,65-69,new_vaccine,0.0,0.0,0.0,0.0
36,70-74,unvaccinated,5849.5,3451.0,924.0,0.0
36,70-74,old_vaccine,0.0,0.0,0.0,0.0
36,70-74,new_vaccine,0.0,0.0,0.0,0.0
36,75+,unvaccinated,10704.5,5333.0,2978.0,0.0
36,75+,old_vaccine,0.0,0.0,0.0,0.0
36,75+,new_vaccine,0.0,0.0,0.0,0.0
37,0-4,unvaccinated,711.5,10150.0,13.5,0.0
37,0-4,old_vaccine,0.0,0.0,0.0,0.0
37,0-4,new_vaccine,0.0,0.0,0.0,0.0
37,5-9,unvaccinated,184.5,11418.5,0.5,0.0
37,5-9,old_vaccine,0.0,0.0,0.0,0.0
37,5-9,new_vaccine,0.0,0.0,0.0,0.0
37,10-14,unvaccinated,260.0,10784.5,1.5,0.0
37,10-14,old_vaccine,0.0,0.0,0.0,0.0
37,10-14,new_vaccine,0.0,0.0,0.0,0.0
37,15-19,unvaccinated,247.0,10092.5,1.5,0.0
37,15-19,old_vaccine,0.0,0.0,0.0,0.0
37,15-19,new_vaccine,0.0,0.0,0.0,0.0
37,20-24,unvaccinated,775.0,10554.0,4.0,0.0
37,20-24,old_vaccine,0.0,0.0,0.0,0.0
37,20-24,new_vaccine,0.0,0.0,0.0,0.0
37,25-29,unvaccinated,1269.5,11439.5,4.5,0.0
37,25-29,old_vaccine,0.0,0.0,0.0,0.0
37,25-29,new_vaccine,0.0,0.0,0.0,0.0
37,30-34,unvaccinated,1304.5,11646.0,6.5,0.0
37,30-34,old_vaccine,0.0,0.0,0.0,0.0
37,30-34,new_vaccine,0.0,0.0,0.0,0.0
37,35-39,unvaccinated,1180.5,11525.5,12.0,0.0
37,35-39,old_vaccine,0.0,0.0,0.0,0.0
37,35-39,new_vaccine,0.0,0.0,0.0,0.0
37,40-44,unvaccinated,1239.5,10925.5,16.5,0.0
37,40-44,old_vaccine,0.0,0.0,0.0,0.0
37,40-44,new_vaccine,0.0,0.0,0.0,0.0
37,45-49,unvaccinated,1480.5,10382.5,31.5,0.0
37,45-49,old_vaccine,0.0,0.0,0.0,0.0
37,45-49,new_vaccine,0.0,0.0,0.0,0.0
37,50-54,unvaccinated,2532.0,10552.5,85.0,0.0
37,50-54,old_vaccine,0.0,0.0,0.0,0.0
37,50-54,new_vaccine,0.0,0.0,0.0,0.0
37,55-59,unvaccinated,3276.0,9477.5,105.5,0.0
37,55-59,old_vaccine,0.0,0.0,0.0,0.0
37,55-59,new_vaccine,0.0,0.0,0.0,0.0
37,60-64,unvaccinated,3153.0,7750.0,257.5,0.0
37,60-64,old_vaccine,0.0,0.0,0.0,0.0
37,60-64,new_vaccine,0.0,0.0,0.0,0.0
37,65-69,unvaccinated,5080.0,4460.0,472.5,0.0
37,65-69,old_vaccine,0.0,0.0,0.0,0.0
37,65-69,new_vaccine,0.0,0.0,0.0,0.0
37,70-74,unvaccinated,5836.0,3467.5,926.0,0.0
37,70-74,old_vaccine,0.0,0.0,0.0,0.0
37,70-74,new_vaccine,0.0,0.0,0.0,0.0
37,75+,unvaccinated,10696.5,5328.0,2979.5,0.0
37,75+,old_vaccine,0.0,0.0,0.0,0.0
37,75+,new_vaccine,0.0,0.0,0.0,0.0
38,0-4,unvaccinated,702.0,10006.5,13.0,0.0
38,0-4,old_vaccine,0.0,0.0,0.0,0.0
38,0-4,new_vaccine,0.0,0.0,0.0,0.0
38,5-9,unvaccinated,179.5,11259.5,0.5,0.0
38,5-9,old_vaccine,0.0,0.0,0.0,0.0
38,5-9,new_vaccine,0.0,0.0,0.0,0.0
38,10-14,unvaccinated,255.0,10646.0,1.5,0.0
38,10-14,old_vaccine,0.0,0.0,0.0,0.0
38,10-14,new_vaccine,0.0,0.0,0.0,0.0
38,15-19,unvaccinated,242.5,9944.5,1.5,0.0
38,15-19,old_vaccine,0.0,0.0,0.0,0.0
38,15-19,new_vaccine,0.0,0.0,0.0,0.0
38,20-24,unvaccinated,758.5,10436.0,4.0,0.0
38,20-24,old_vaccine,0.0,0.0,0.0,0.0
38,20-24,new_vaccine,0.0,0.0,0.0,0.0
38,25-29,unvaccinated,1244.5,11291.5,4.5,0.0
38,25-29,old_vaccine,0.0,0.0,0.0,0.0
38,25-29,new_vaccine,0.0,0.0,0.0,0.0
38,30-34,unvaccinated,1285.0,11484.5,6.5,0.0
38,30-34,old_vaccine,0.0,0.0,0.0,0.0
38,30-34,new_vaccine,0.0,0.0,0.0,0.0
38,35-39,unvaccinated,1155.0,11385.0,12.0,0.0
38,35-39,old_vaccine,0.0,0.0,0.0,0.0
38,35-39,new_vaccine,0.0,0.0,0.0,0.0
38,40-44,unvaccinated,1217.0,10779.0,16.5,0.0
38,40-44,old_vaccine,0.0,0.0,0.0,0.0
38,40-44,new_vaccine,0.0,0.0,0.0,0.0
38,45-49,unvaccinated,1480.0,10235.0,32.0,0.0
38,45-49,old_vaccine,0.0,0.0,0.0,0.0
38,45-49,new_vaccine,0.0,0.0,0.0,0.0
38,50-54,unvaccinated,2509.0,10390.5,86.0,0.0
38,50-54,old_vaccine,0.0,0.0,0.0,0.0
38,50-54,new_vaccine,0.0,0.0,0.0,0.0
38,55-59,unvaccinated,3231.0,9361.5,106.0,0.0
38,55-59,old_vaccine,0.0,0.0,0.0,0.0
38,55-59,new_vaccine,0.0,0.0,0.0,0.0
38,60-64,unvaccinated,3123.5,7623.5,257.5,0.0
38,60-64,old_vaccine,0.0,0.0,0.0,0.0
38,60-64,new_vaccine,0.0,0.0,0.0,0.0
38,65-69,unvaccinated,5034.0,4407.0,470.0,0.0
38,65-69,old_vaccine,0.0,0.0,0.0,0.0
38,65-69,new_vaccine,0.0,0.0,0.0,0.0
38,70-74,unvaccinated,5750.0,3408.5,927.0,0.0
38,70-74,old_vaccine,0.0,0.0,0.0,0.0
38,70-74,new_vaccine,0.0,0.0,0.0,0.0
38,75+,unvaccinated,10536.0,5248.5,2979.5,0.0
38,75+,old_vaccine,0.0,0.0,0.0,0.0
38,75+,new_vaccine,0.0,0.0,0.0,0.0
39,0-4,unvaccinated,700.0,9799.5,12.5,0.0
39,0-4,old_vaccine,0.0,0.0,0.0,0.0
39,0-4,new_vaccine,0.0,0.0,0.0,0.0
39,5-9,unvaccinated,176.0,11028.5,0.5,0.0
39,5-9,old_vaccine,0.0,0.0,0.0,0.0
39,5-9,new_vaccine,0.0,0.0,0.0,0.0
39,10-14,unvaccinated,251.0,10402.5,1.5,0.0
39,10-14,old_vaccine,0.0,0.0,0.0,0.0
39,10-14,new_vaccine,0.0,0.0,0.0,0.0
39,15-19,unvaccinated,236.0,9724.0,1.5,0.0
39,15-19,old_vaccine,0.0,0.0,0.0,0.0
39,15-19,new_vaccine,0.0,0.0,0.0,0.0
39,20-24,unvaccinated,742.5,10194.5,4.0,0.0
39,20-24,old_vaccine,0.0,0.0,0.0,0.0
39,20-24,new_vaccine,0.0,0.0,0.0,0.0
39,25-29,unvaccinated,1220.0,11045.5,5.0,0.0
39,25-29,old_vaccine,0.0,0.0,0.0,0.0
39,25-29,new_vaccine,0.0,0.0,0.0,0.0
39,30-34,unvaccinated,1257.5,11234.5,6.5,0.0
39,30-34,old_vaccine,0.0,0.0,0.0,0.0
39,30-34,new_vaccine,0.0,0.0,0.0,0.0
39,35-39,unvaccinated,1134.0,11141.5,12.0,0.0
39,35-39,old_vaccine,0.0,0.0,0.0,0.0
39,35-39,new_vaccine,0.0,0.0,0.0,0.0
39,40-44,unvaccinated,1195.5,10542.0,17.0,0.0
39,40-44,old_vaccine,0.0,0.0,0.0,0.0
39,40-44,new_vaccine,0.0,0.0,0.0,0.0
39,45-49,unvaccinated,1453.0,10028.0,31.0,0.0
39,45-49,old_vaccine,0.0,0.0,0.0,0.0
39,45-49,new_vaccine,0.0,0.0,0.0,0.0
39,50-54,unvaccinated,2458.5,10180.5,85.0,0.0
39,50-54,old_vaccine,0.0,0.0,0.0,0.0
39,50-54,new_vaccine,0.0,0.0,0.0,0.0
39,55-59,unvaccinated,3178.5,9145.0,105.0,0.0
39,55-59,old_vaccine,0.0,0.0,0.0,0.0
39,55-59,new_vaccine,0.0,0.0,0.0,0.0
39,60-64,unvaccinated,3075.5,7477.0,257.5,0.0
39,60-64,old_vaccine,0.0,0.0,0.0,0.0
39,60-64,new_vaccine,0.0,0.0,0.0,0.0
39,65-69,unvaccinated,4921.5,4296.0,466.5,0.0
39,65-69,old_vaccine,0.0,0.0,0.0,0.0
39,65-69,new_vaccine,0.0,0.0,0.0,0.0
39,70-74,unvaccinated,5664.0,3315.5,924.5,0.0
39,70-74,old_vaccine,0.0,0.0,0.0,0.0
39,70-74,new_vaccine,0.0,0.0,0.0,0.0
39,75+,unvaccinated,10315.0,5102.0,2975.0,0.0
39,75+,old_vaccine,0.0,0.0,0.0,0.0
39,75+,new_vaccine,0.0,0.0,0.0,0.0
40,0-4,unvaccinated,682.5,9566.5,12.5,0.0
40,0-4,old_vaccine,0.0,0.0,0.0,0.0
40,0-4,new_vaccine,0.0,0.0,0.0,0.0
40,5-9,unvaccinated,173.5,10760.5,1.0,0.0
40,5-9,old_vaccine,0.0,0.0,0.0,0.0
40,5-9,new_vaccine,0.0,0.0,0.0,0.0
40,10-14,unvaccinated,239.5,10154.0,1.5,0.0
40,10-14,old_vaccine,0.0,0.0,0.0,0.0
40,10-14,new_vaccine,0.0,0.0,0.0,0.0
40,15-19,unvaccinated,228.0,9519.5,1.5,0.0
40,15-19,old_vaccine,0.0,0.0,0.0,0.0
40,15-19,new_vaccine,0.0,0.0,0.0,0.0
40,20-24,unvaccinated,716.5,9963.5,4.0,0.0
40,20-24,old_vaccine,0.0,0.0,0.0,0.0
40,20-24,new_vaccine,0.0,0.0,0.0,0.0
40,25-29,unvaccinated,1183.0,10758.5,5.0,0.0
40,25-29,old_vaccine,0.0,0.0,0.0,0.0
40,25-29,new_vaccine,0.0,0.0,0.0,0.0
40,30-34,unvaccinated,1223.5,10973.0,6.0,0.0
40,30-34,old_vaccine,0.0,0.0,0.0,0.0
40,30-34,new_vaccine,0.0,0.0,0.0,0.0
40,35-39,unvaccinated,1103.0,10883.0,11.5,0.0
40,35-39,old_vaccine,0.0,0.0,0.0,0.0
40,35-39,new_vaccine,0.0,0.0,0.0,0.0
40,40-44,unvaccinated,1160.5,10337.0,17.0,0.0
40,40-44,old_vaccine,0.0,0.0,0.0,0.0
40,40-44,new_vaccine,0.0,0.0,0.0,0.0
40,45-49,unvaccinated,1403.0,9797.5,32.5,0.0
40,45-49,old_vaccine,0.0,0.0,0.0,0.0
40,45-49,new_vaccine,0.0,0.0,0.0,0.0
40,50-54,unvaccinated,2420.0,9896.0,85.0,0.0
40,50-54,old_vaccine,0.0,0.0,0.0,0.0
40,50-54,new_vaccine,0.0,0.0,0.0,0.0
40,55-59,unvaccinated,3102.0,8936.5,105.0,0.0
40,55-59,old_vaccine,0.0,0.0,0.0,0.0
40,55-59,new_vaccine,0.0,0.0,0.0,0.0
40,60-64,unvaccinated,3005.5,7300.0,256.0,0.0
40,60-64,old_vaccine,0.0,0.0,0.0,0.0
40,60-64,new_vaccine,0.0,0.0,0.0,0.0
40,65-69,unvaccinated,4798.5,4215.0,465.5,0.0
40,65-69,old_vaccine,0.0,0.0,0.0,0.0
40,65-69,new_vaccine,0.0,0.0,0.0,0.0
40,70-74,unvaccinated,5527.0,3243.5,923.5,0.0
40,70-74,old_vaccine,0.0,0.0,0.0,0.0
40,70-74,new_vaccine,0.0,0.0,0.0,0.0
40,75+,unvaccinated,10036.5,4984.5,2972.5,0.0
40,75+,old_vaccine,0.0,0.0,0.0,0.0
40,75+,new_vaccine,0.0,0.0,0.0,0.0
41,0-4,unvaccinated,663.0,9378.0,12.5,0.0
41,0-4,old_vaccine,0.0,0.0,0.0,0.0
41,0-4,new_vaccine,0.0,0.0,0.0,0.0
41,5-9,unvaccinated,170.5,10524.5,1.5,0.0
41,5-9,old_vaccine,0.0,0.0,0.0,0.0
41,5-9,new_vaccine,0.0,0.0,0.0,0.0
41,10-14,unvaccinated,236.5,9961.5,1.5,0.0
41,10-14,old_vaccine,0.0,0.0,0.0,0.0
41,10-14,new_vaccine,0.0,0.0,0.0,0.0
41,15-19,unvaccinated,223.5,9325.5,1.5,0.0
41,15-19,old_vaccine,0.0,0.0,0.0,0.0
41,15-19,new_vaccine,0.0,0.0,0.0,0.0
41,20-24,unvaccinated,694.5,9753.5,4.0,0.0
41,20-24,old_vaccine,0.0,0.0,0.0,0.0
41,20-24,new_vaccine,0.0,0.0,0.0,0.0
41,25-29,unvaccinated,1153.5,10535.5,5.0,0.0
41,25-29,old_vaccine,0.0,0.0,0.0,0.0
41,25-29,new_vaccine,0.0,0.0,0.0,0.0
41,30-34,unvaccinated,1192.5,10716.5,6.0,0.0
41,30-34,old_vaccine,0.0,0.0,0.0,0.0
41,30-34,new_vaccine,0.0,0.0,0.0,0.0
41,35-39,unvaccinated,1088.0,10629.0,11.5,0.0
41,35-39,old_vaccine,0.0,0.0,0.0,0.0
41,35-39,new_vaccine,0.0,0.0,0.0,0.0
41,40-44,unvaccinated,1136.0,10135.5,17.5,0.0
41,40-44,old_vaccine,0.0,0.0,0.0,0.0
41,40-44,new_vaccine,0.0,0.0,0.0,0.0
41,45-49,unvaccinated,1378.0,9582.0,33.0,0.0
41,45-49,old_vaccine,0.0,0.0,0.0,0.0
41,45-49,new_vaccine,0.0,0.0,0.0,0.0
41,50-54,unvaccinated,2374.0,9673.0,85.5,0.0
41,50-54,old_vaccine,0.0,0.0,0.0,0.0
41,50-54,new_vaccine,0.0,0.0,0.0,0.0
41,55-59,unvaccinated,3038.5,8736.5,104.5,0.0
41,55-59,old_vaccine,0.0,0.0,0.0,0.0
41,55-59,new_vaccine,0.0,0.0,0.0,0.0
41,60-64,unvaccinated,2937.5,7122.5,253.0,0.0
41,60-64,old_vaccine,0.0,0.0,0.0,0.0
41,60-64,new_vaccine,0.0,0.0,0.0,0.0
41,65-69,unvaccinated,4696.5,4126.0,467.5,0.0
41,65-69,old_vaccine,0.0,0.0,0.0,0.0
41,65-69,new_vaccine,0.0,0.0,0.0,0.0
41,70-74,unvaccinated,5423.5,3171.0,922.0,0.0
41,70-74,old_vaccine,0.0,0.0,0.0,0.0
41,70-74,new_vaccine,0.0,0.0,0.0,0.0
41,75+,unvaccinated,9834.0,4896.0,2973.5,0.0
41,75+,old_vaccine,0.0,0.0,0.0,0.0
41,75+,new_vaccine,0.0,0.0,0.0,0.0
42,0-4,unvaccinated,658.5,9223.0,11.0,0.0
42,0-4,old_vaccine,0.0,0.0,0.0,0.0
42,0-4,new_vaccine,0.0,0.0,0.0,0.0
42,5-9,unvaccinated,171.0,10368.0,1.5,0.0
42,5-9,old_vaccine,0.0,0.0,0.0,0.0
42,5-9,new_vaccine,0.0,0.0,0.0,0.0
42,10-14,unvaccinated,230.5,9810.5,1.5,0.0
42,10-14,old_vaccine,0.0,0.0,0.0,0.0
42,10-14,new_vaccine,0.0,0.0,0.0,0.0
42,15-19,unvaccinated,222.0,9181.5,1.5,0.0
42,15-19,old_vaccine,0.0,0.0,0.0,0.0
42,15-19,new_vaccine,0.0,0.0,0.0,0.0
42,20-24,unvaccinated,690.0,9648.5,4.5,0.0
42,20-24,old_vaccine,0.0,0.0,0.0,0.0
42,20-24,new_vaccine,0.0,0.0,0.0,0.0
42,25-29,unvaccinated,1134.0,10383.0,5.0,0.0
42,25-29,old_vaccine,0.0,0.0,0.0,0.0
42,25-29,new_vaccine,0.0,0.0,0.0,0.0
42,30-34,unvaccinated,1172.5,10564.5,6.0,0.0
42,30-34,old_vaccine,0.0,0.0,0.0,0.0
42,30-34,new_vaccine,0.0,0.0,0.0,0.0
42,35-39,unvaccinated,1070.0,10514.5,10.0,0.0
42,35-39,old_vaccine,0.0,0.0,0.0,0.0
42,35-39,new_vaccine,0.0,0.0,0.0,0.0
42,40-44,unvaccinated,1120.5,9974.5,17.5,0.0
42,40-44,old_vaccine,0.0,0.0,0.0,0.0
42,40-44,new_vaccine,0.0,0.0,0.0,0.0
42,45-49,unvaccinated,1349.5,9477.0,33.0,0.0
42,45-49,old_vaccine,0.0,0.0,0.0,0.0
42,45-49,new_vaccine,0.0,0.0,0.0,0.0
42,50-54,unvaccinated,2351.0,9502.0,85.5,0.0
42,50-54,old_vaccine,0.0,0.0,0.0,0.0
42,50-54,new_vaccine,0.0,0.0,0.0,0.0
42,55-59,unvaccinated,2989.0,8573.0,103.5,0.0
42,55-59,old_vaccine,0.0,0.0,0.0,0.0
42,55-59,new_vaccine,0.0,0.0,0.0,0.0
42,60-64,unvaccinated,2880.0,7005.5,251.0,0.0
42,60-64,old_vaccine,0.0,0.0,0.0,0.0
42,60-64,new_vaccine,0.0,0.0,0.0,0.0
42,65-69,unvaccinated,4628.0,4080.0,466.0,0.0
42,65-69,old_vaccine,0.0,0.0,0.0,0.0
42,65-69,new_vaccine,0.0,0.0,0.0,0.0
42,70-74,unvaccinated,5324.0,3119.5,919.5,0.0
42,70-74,old_vaccine,0.0,0.0,0.0,0.0
42,70-74,new_vaccine,0.0,0.0,0.0,0.0
42,75+,unvaccinated,9669.0,4823.0,2975.5,0.0
42,75+,old_vaccine,0.0,0.0,0.0,0.0
42,75+,new_vaccine,0.0,0.0,0.0,0.0
43,0-4,unvaccinated,649.5,9184.5,11.5,0.0
43,0-4,old_vaccine,0.0,0.0,0.0,0.0
43,0-4,new_vaccine,0.0,0.0,0.0,0.0
43,5-9,unvaccinated,166.0,10321.5,1.5,0.0
43,5-9,old_vaccine,0.0,0.0,0.0,0.0
43,5-9,new_vaccine,0.0,0.0,0.0,0.0
43,10-14,unvaccinated,229.0,9785.0,1.5,0.0
43,10-14,old_vaccine,0.0,0.0,0.0,0.0
43,10-14,new_vaccine,0.0,0.0,0.0,0.0
43,15-19,unvaccinated,223.0,9141.0,1.5,0.0
43,15-19,old_vaccine,0.0,0.0,0.0,0.0
43,15-19,new_vaccine,0.0,0.0,0.0,0.0
43,20-24,unvaccinated,682.5,9614.0,4.5,0.0
43,20-24,old_vaccine,0.0,0.0,0.0,0.0
43,20-24,new_vaccine,0.0,0.0,0.0,0.0
43,25-29,unvaccinated,1121.0,10327.5,4.0,0.0
43,25-29,old_vaccine,0.0,0.0,0.0,0.0
43,25-29,new_vaccine,0.0,0.0,0.0,0.0
43,30-34,unvaccinated,1154.5,10475.0,6.5,0.0
43,30-34,old_vaccine,0.0,0.0,0.0,0.0
43,30-34,new_vaccine,0.0,0.0,0.0,0.0
43,35-39,unvaccinated,1066.0,10463.5,10.5,0.0
43,35-39,old_vaccine,0.0,0.0,0.0,0.0
43,35-39,new_vaccine,0.0,0.0,0.0,0.0
43,40-44,unvaccinated,1094.5,9931.5,16.5,0.0
43,40-44,old_vaccine,0.0,0.0,0.0,0.0
43,40-44,new_vaccine,0.0,0.0,0.0,0.0
43,45-49,unvaccinated,1333.5,9433.0,32.5,0.0
43,45-49,old_vaccine,0.0,0.0,0.0,0.0
43,45-49,new_vaccine,0.0,0.0,0.0,0.0
43,50-54,unvaccinated,2322.5,9454.5,86.0,0.0
43,50-54,old_vaccine,0.0,0.0,0.0,0.0
43,50-54,new_vaccine,0.0,0.0,0.0,0.0
43,55-59,unvaccinated,2976.5,8513.0,104.0,0.0
43,55-59,old_vaccine,0.0,0.0,0.0,0.0
43,55-59,new_vaccine,0.0,0.0,0.0,0.0
43,60-64,unvaccinated,2882.5,6934.0,252.0,0.0
43,60-64,old_vaccine,0.0,0.0,0.0,0.0
43,60-64,new_vaccine,0.0,0.0,0.0,0.0
43,65-69,unvaccinated,4618.5,4067.0,467.5,0.0
43,65-69,old_vaccine,0.0,0.0,0.0,0.0
43,65-69,new_vaccine,0.0,0.0,0.0,0.0
43,70-74,unvaccinated,5301.5,3082.5,921.0,0.0
43,70-74,old_vaccine,0.0,0.0,0.0,0.0
43,70-74,new_vaccine,0.0,0.0,0.0,0.0
43,75+,unvaccinated,9630.5,4793.5,2978.5,0.0
43,75+,old_vaccine,0.0,0.0,0.0,0.0
43,75+,new_vaccine,0.0,0.0,0.0,0.0
44,0-4,unvaccinated,650.0,9229.5,12.0,0.0
44,0-4,old_vaccine,0.0,0.0,0.0,0.0
44,0-4,new_vaccine,0.0,0.0,0.0,0.0
44,5-9,unvaccinated,169.0,10389.0,1.5,0.0
44,5-9,old_vaccine,0.0,0.0,0.0,0.0
44,5-9,new_vaccine,0.0,0.0,0.0,0.0
44,10-14,unvaccinated,229.0,9839.5,1.5,0.0
44,10-14,old_vaccine,0.0,0.0,0.0,0.0
44,10-14,new_vaccine,0.0,0.0,0.0,0.0
44,15-19,unvaccinated,231.0,9165.5,1.5,0.0
44,15-19,old_vaccine,0.0,0.0,0.0,0.0
44,15-19,new_vaccine,0.0,0.0,0.0,0.0
44,20-24,unvaccinated,683.5,9637.0,4.5,0.0
44,20-24,old_vaccine,0.0,0.0,0.0,0.0
44,20-24,new_vaccine,0.0,0.0,0.0,0.0
44,25-29,unvaccinated,1127.5,10411.0,4.5,0.0
44,25-29,old_vaccine,0.0,0.0,0.0,0.0
44,25-29,new_vaccine,0.0,0.0,0.0,0.0
44,30-34,unvaccinated,1163.5,10557.0,6.0,0.0
44,30-34,old_vaccine,0.0,0.0,0.0,0.0
44,30-34,new_vaccine,0.0,0.0,0.0,0.0
44,35-39,unvaccinated,1074.5,10507.0,10.0,0.0
44,35-39,old_vaccine,0.0,0.0,0.0,0.0
44,35-39,new_vaccine,0.0,0.0,0.0,0.0
44,40-44,unvaccinated,1093.5,9956.5,16.5,0.0
44,40-44,old_vaccine,0.0,0.0,0.0,0.0
44,40-44,new_vaccine,0.0,0.0,0.0,0.0
44,45-49,unvaccinated,1335.0,9463.5,32.5,0.0
44,45-49,old_vaccine,0.0,0.0,0.0,0.0
44,45-49,new_vaccine,0.0,0.0,0.0,0.0
44,50-54,unvaccinated,2322.0,9520.5,84.0,0.0
44,50-54,old_vaccine,0.0,0.0,0.0,0.0
44,50-54,new_vaccine,0.0,0.0,0.0,0.0
44,55-59,unvaccinated,2989.0,8546.0,104.0,0.0
44,55-59,old_vaccine,0.0,0.0,0.0,0.0
44,55-59,new_vaccine,0.0,0.0,0.0,0.0
44,60-64,unvaccinated,2882.0,6977.5,251.0,0.0
44,60-64,old_vaccine,0.0,0.0,0.0,0.0
44,60-64,new_vaccine,0.0,0.0,0.0,0.0
44,65-69,unvaccinated,4624.0,4085.5,468.0,0.0
44,65-69,old_vaccine,0.0,0.0,0.0,0.0
44,65-69,new_vaccine,0.0,0.0,0.0,0.0
44,70-74,unvaccinated,5322.5,3099.0,925.5,0.0
44,70-74,old_vaccine,0.0,0.0,0.0,0.0
44,70-74,new_vaccine,0.0,0.0,0.0,0.0
44,75+,unvaccinated,9711.5,4833.5,2988.0,0.0
44,75+,old_vaccine,0.0,0.0,0.0,0.0
44,75+,new_vaccine,0.0,0.0,0.0,0.0
45,0-4,unvaccinated,654.0,9325.5,11.5,0.0
45,0-4,old_vaccine,0.0,0.0,0.0,0.0
45,0-4,new_vaccine,0.0,0.0,0.0,0.0
45,5-9,unvaccinated,171.0,10529.5,1.0,0.0
45,5-9,old_vaccine,0.0,0.0,0.0,0.0
45,5-9,new_vaccine,0.0,0.0,0.0,0.0
45,10-14,unvaccinated,229.5,9985.0,1.5,0.0
45,10-14,old_vaccine,0.0,0.0,0.0,0.0
45,10-14,new_vaccine,0.0,0.0,0.0,0.0
45,15-19,unvaccinated,229.0,9304.0,1.5,0.0
45,15-19,old_vaccine,0.0,0.0,0.0,0.0
45,15-19,new_vaccine,0.0,0.0,0.0,0.0
45,20-24,unvaccinated,698.5,9766.5,5.0,0.0
45,20-24,old_vaccine,0.0,0.0,0.0,0.0
45,20-24,new_vaccine,0.0,0.0,0.0,0.0
45,25-29,unvaccinated,1156.0,10528.0,4.5,0.0
45,25-29,old_vaccine,0.0,0.0,0.0,0.0
45,25-29,new_vaccine,0.0,0.0,0.0,0.0
45,30-34,unvaccinated,1174.0,10694.0,6.0,0.0
45,30-34,old_vaccine,0.0,0.0,0.0,0.0
45,30-34,new_vaccine,0.0,0.0,0.0,0.0
45,35-39,unvaccinated,1078.5,10598.5,10.0,0.0
45,35-39,old_vaccine,0.0,0.0,0.0,0.0
45,35-39,new_vaccine,0.0,0.0,0.0,0.0
45,40-44,unvaccinated,1114.0,10080.0,16.0,0.0
45,40-44,old_vaccine,0.0,0.0,0.0,0.0
45,40-44,new_vaccine,0.0,0.0,0.0,0.0
45,45-49,unvaccinated,1348.5,9580.5,32.5,0.0
45,45-49,old_vaccine,0.0,0.0,0.0,0.0
45,45-49,new_vaccine,0.0,0.0,0.0,0.0
45,50-54,unvaccinated,2340.0,9669.5,85.0,0.0
45,50-54,old_vaccine,0.0,0.0,0.0,0.0
45,50-54,new_vaccine,0.0,0.0,0.0,0.0
45,55-59,unvaccinated,3019.5,8623.0,103.0,0.0
45,55-59,old_vaccine,0.0,0.0,0.0,0.0
45,55-59,new_vaccine,0.0,0.0,0.0,0.0
45,60-64,unvaccinated,2912.0,7065.5,253.0,0.0
45,60-64,old_vaccine,0.0,0.0,0.0,0.0
45,60-64,new_vaccine,0.0,0.0,0.0,0.0
45,65-69,unvaccinated,4704.5,4128.5,470.0,0.0
45,65-69,old_vaccine,0.0,0.0,0.0,0.0
45,65-69,new_vaccine,0.0,0.0,0.0,0.0
45,70-74,unvaccinated,5380.5,3127.5,928.5,0.0
45,70-74,old_vaccine,0.0,0.0,0.0,0.0
45,70-74,new_vaccine,0.0,0.0,0.0,0.0
45,75+,unvaccinated,9852.0,4899.5,2991.0,0.0
45,75+,old_vaccine,0.0,0.0,0.0,0.0
45,75+,new_vaccine,0.0,0.0,0.0,0.0
46,0-4,unvaccinated,662.5,9483.0,12.0,0.0
46,0-4,old_vaccine,0.0,0.0,0.0,0.0
46,0-4,new_vaccine,0.0,0.0,0.0,0.0
46,5-9,unvaccinated,175.5,10701.5,1.0,0.0
46,5-9,old_vaccine,0.0,0.0,0.0,0.0
46,5-9,new_vaccine,0.0,0.0,0.0,0.0
46,10-14,unvaccinated,241.5,10136.5,1.5,0.0
46,10-14,old_vaccine,0.0,0.0,0.0,0.0
46,10-14,new_vaccine,0.0,0.0,0.0,0.0
46,15-19,unvaccinated,233.0,9442.0,2.0,0.0
46,15-19,old_vaccine,0.0,0.0,0.0,0.0
46,15-19,new_vaccine,0.0,0.0,0.0,0.0
46,20-24,unvaccinated,709.0,9918.5,5.0,0.0
46,20-24,old_vaccine,0.0,0.0,0.0,0.0
46,20-24,new_vaccine,0.0,0.0,0.0,0.0
46,25-29,unvaccinated,1176.5,10708.0,4.0,0.0
46,25-29,old_vaccine,0.0,0.0,0.0,0.0
46,25-29,new_vaccine,0.0,0.0,0.0,0.0
46,30-34,unvaccinated,1202.5,10881.0,6.0,0.0
46,30-34,old_vaccine,0.0,0.0,0.0,0.0
46,30-34,new_vaccine,0.0,0.0,0.0,0.0
46,35-39,unvaccinated,1088.5,10781.0,10.0,0.0
46,35-39,old_vaccine,0.0,0.0,0.0,0.0
46,35-39,new_vaccine,0.0,0.0,0.0,0.0
46,40-44,unvaccinated,1130.0,10255.5,15.0,0.0
46,40-44,old_vaccine,0.0,0.0,0.0,0.0
46,40-44,new_vaccine,0.0,0.0,0.0,0.0
46,45-49,unvaccinated,1379.5,9729.0,32.0,0.0
46,45-49,old_vaccine,0.0,0.0,0.0,0.0
46,45-49,new_vaccine,0.0,0.0,0.0,0.0
46,50-54,unvaccinated,2372.5,9845.0,85.0,0.0
46,50-54,old_vaccine,0.0,0.0,0.0,0.0
46,50-54,new_vaccine,0.0,0.0,0.0,0.0
46,55-59,unvaccinated,3089.0,8789.0,106.0,0.0
46,55-59,old_vaccine,0.0,0.0,0.0,0.0
46,55-59,new_vaccine,0.0,0.0,0.0,0.0
46,60-64,unvaccinated,2958.5,7193.5,252.0,0.0
46,60-64,old_vaccine,0.0,0.0,0.0,0.0
46,60-64,new_vaccine,0.0,0.0,0.0,0.0
46,65-69,unvaccinated,4777.0,4191.5,471.0,0.0
46,65-69,old_vaccine,0.0,0.0,0.0,0.0
46,65-69,new_vaccine,0.0,0.0,0.0,0.0
46,70-74,unvaccinated,5467.0,3185.0,930.5,0.0
46,70-74,old_vaccine,0.0,0.0,0.0,0.0
46,70-74,new_vaccine,0.0,0.0,0.0,0.0
46,75+,unvaccinated,10022.5,4981.0,2997.0,0.0
46,75+,old_vaccine,0.0,0.0,0.0,0.0
46,75+,new_vaccine,0.0,0.0,0.0,0.0
47,0-4,unvaccinated,681.0,9635.0,12.0,0.0
47,0-4,old_vaccine,0.0,0.0,0.0,0.0
47,0-4,new_vaccine,0.0,0.0,0.0,0.0
47,5-9,unvaccinated,175.0,10885.0,1.0,0.0
47,5-9,old_vaccine,0.0,0.0,0.0,0.0
47,5-9,new_vaccine,0.0,0.0,0.0,0.0
47,10-14,unvaccinated,243.5,10317.5,1.5,0.0
47,10-14,old_vaccine,0.0,0.0,0.0,0.0
47,10-14,new_vaccine,0.0,0.0,0.0,0.0
47,15-19,unvaccinated,237.0,9591.5,2.0,0.0
47,15-19,old_vaccine,0.0,0.0,0.0,0.0
47,15-19,new_vaccine,0.0,0.0,0.0,0.0
47,20-24,unvaccinated,730.0,10087.0,6.0,0.0
47,20-24,old_vaccine,0.0,0.0,0.0,0.0
47,20-24,new_vaccine,0.0,0.0,0.0,0.0
47,25-29,unvaccinated,1195.0,10921.0,3.5,0.0
47,25-29,old_vaccine,0.0,0.0,0.0,0.0
47,25-29,new_vaccine,0.0,0.0,0.0,0.0
47,30-34,unvaccinated,1225.0,11067.0,6.0,0.0
47,30-34,old_vaccine,0.0,0.0,0.0,0.0
47,30-34,new_vaccine,0.0,0.0,0.0,0.0
47,35-39,unvaccinated,1104.0,10947.5,10.0,0.0
47,35-39,old_vaccine,0.0,0.0,0.0,0.0
47,35-39,new_vaccine,0.0,0.0,0.0,0.0
47,40-44,unvaccinated,1137.5,10449.0,14.5,0.0
47,40-44,old_vaccine,0.0,0.0,0.0,0.0
47,40-44,new_vaccine,0.0,0.0,0.0,0.0
47,45-49,unvaccinated,1399.5,9879.5,32.5,0.0
47,45-49,old_vaccine,0.0,0.0,0.0,0.0
47,45-49,new_vaccine,0.0,0.0,0.0,0.0
47,50-54,unvaccinated,2398.5,10049.0,86.0,0.0
47,50-54,old_vaccine,0.0,0.0,0.0,0.0
47,50-54,new_vaccine,0.0,0.0,0.0,0.0
47,55-59,unvaccinated,3126.5,8918.0,104.5,0.0
47,55-59,old_vaccine,0.0,0.0,0.0,0.0
47,55-59,new_vaccine,0.0,0.0,0.0,0.0
47,60-64,unvaccinated,2994.5,7322.5,252.0,0.0
47,60-64,old_vaccine,0.0,0.0,0.0,0.0
47,60-64,new_vaccine,0.0,0.0,0.0,0.0
47,65-69,unvaccinated,4862.5,4263.0,474.0,0.0
47,65-69,old_vaccine,0.0,0.0,0.0,0.0
47,65-69,new_vaccine,0.0,0.0,0.0,0.0
47,70-74,unvaccinated,5541.0,3216.0,931.0,0.0
47,70-74,old_vaccine,0.0,0.0,0.0,0.0
47,70-74,new_vaccine,0.0,0.0,0.0,0.0
47,75+,unvaccinated,10203.5,5080.0,3002.0,0.0
47,75+,old_vaccine,0.0,0.0,0.0,0.0
47,75+,new_vaccine,0.0,0.0,0.0,0.0
48,0-4,unvaccinated,693.5,9752.5,12.5,0.0
48,0-4,old_vaccine,0.0,0.0,0.0,0.0
48,0-4,new_vaccine,0.0,0.0,0.0,0.0
48,5-9,unvaccinated,175.0,11041.0,0.5,0.0
48,5-9,old_vaccine,0.0,0.0,0.0,0.0
48,5-9,new_vaccine,0.0,0.0,0.0,0.0
48,10-14,unvaccinated,249.0,10425.5,2.0,0.0
48,10-14,old_vaccine,0.0,0.0,0.0,0.0
48,10-14,new_vaccine,0.0,0.0,0.0,0.0
48,15-19,unvaccinated,244.0,9707.0,2.0,0.0
48,15-19,old_vaccine,0.0,0.0,0.0,0.0
48,15-19,new_vaccine,0.0,0.0,0.0,0.0
48,20-24,unvaccinated,732.5,10204.5,6.0,0.0
48,20-24,old_vaccine,0.0,0.0,0.0,0.0
48,20-24,new_vaccine,0.0,0.0,0.0,0.0
48,25-29,unvaccinated,1216.5,11040.5,3.5,0.0
48,25-29,old_vaccine,0.0,0.0,0.0,0.0
48,25-29,new_vaccine,0.0,0.0,0.0,0.0
48,30-34,unvaccinated,1252.5,11211.5,6.0,0.0
48,30-34,old_vaccine,0.0,0.0,0.0,0.0
48,30-34,new_vaccine,0.0,0.0,0.0,0.0
48,35-39,unvaccinated,1124.5,11121.5,10.5,0.0
48,35-39,old_vaccine,0.0,0.0,0.0,0.0
48,35-39,new_vaccine,0.0,0.0,0.0,0.0
48,40-44,unvaccinated,1160.5,10590.0,15.0,0.0
48,40-44,old_vaccine,0.0,0.0,0.0,0.0
48,40-44,new_vaccine,0.0,0.0,0.0,0.0
48,45-49,unvaccinated,1405.0,10082.5,31.5,0.0
48,45-49,old_vaccine,0.0,0.0,0.0,0.0
48,45-49,new_vaccine,0.0,0.0,0.0,0.0
48,50-54,unvaccinated,2438.5,10209.5,86.5,0.0
48,50-54,old_vaccine,0.0,0.0,0.0,0.0
48,50-54,new_vaccine,0.0,0.0,0.0,0.0
48,55-59,unvaccinated,3191.5,9065.0,104.5,0.0
48,55-59,old_vaccine,0.0,0.0,0.0,0.0
48,55-59,new_vaccine,0.0,0.0,0.0,0.0
48,60-64,unvaccinated,3027.5,7447.5,252.0,0.0
48,60-64,old_vaccine,0.0,0.0,0.0,0.0
48,60-64,new_vaccine,0.0,0.0,0.0,0.0
48,65-69,unvaccinated,4927.0,4323.5,473.5,0.0
48,65-69,old_vaccine,0.0,0.0,0.0,0.0
48,65-69,new_vaccine,0.0,0.0,0.0,0.0
48,70-74,unvaccinated,5636.0,3287.5,930.0,0.0
48,70-74,old_vaccine,0.0,0.0,0.0,0.0
48,70-74,new_vaccine,0.0,0.0,0.0,0.0
48,75+,unvaccinated,10324.0,5156.5,3011.0,0.0
48,75+,old_vaccine,0.0,0.0,0.0,0.0
48,75+,new_vaccine,0.0,0.0,0.0,0.0
49,0-4,unvaccinated,697.0,9824.5,12.5,0.0
49,0-4,old_vaccine,0.0,0.0,0.0,0.0
49,0-4,new_vaccine,0.0,0.0,0.0,0.0
49,5-9,unvaccinated,173.0,11169.5,0.5,0.0
49,5-9,old_vaccine,0.0,0.0,0.0,0.0
49,5-9,new_vaccine,0.0,0.0,0.0,0.0
49,10-14,unvaccinated,249.0,10500.5,2.0,0.0
49,10-14,old_vaccine,0.0,0.0,0.0,0.0
49,10-14,new_vaccine,0.0,0.0,0.0,0.0
49,15-19,unvaccinated,242.0,9794.5,2.5,0.0
49,15-19,old_vaccine,0.0,0.0,0.0,0.0
49,15-19,new_vaccine,0.0,0.0,0.0,0.0
49,20-24,unvaccinated,740.5,10292.0,6.0,0.0
49,20-24,old_vaccine,0.0,0.0,0.0,0.0
49,20-24,new_vaccine,0.0,0.0,0.0,0.0
49,25-29,unvaccinated,1226.5,11157.5,3.5,0.0
49,25-29,old_vaccine,0.0,0.0,0.0,0.0
49,25-29,new_vaccine,0.0,0.0,0.0,0.0
49,30-34,unvaccinated,1277.0,11313.5,6.0,0.0
49,30-34,old_vaccine,0.0,0.0,0.0,0.0
49,30-34,new_vaccine,0.0,0.0,0.0,0.0
49,35-39,unvaccinated,1139.0,11209.5,11.0,0.0
49,35-39,old_vaccine,0.0,0.0,0.0,0.0
49,35-39,new_vaccine,0.0,0.0,0.0,0.0
49,40-44,unvaccinated,1170.5,10667.0,16.0,0.0
49,40-44,old_vaccine,0.0,0.0,0.0,0.0
49,40-44,new_vaccine,0.0,0.0,0.0,0.0
49,45-49,unvaccinated,1419.0,10115.5,32.0,0.0
49,45-49,old_vaccine,0.0,0.0,0.0,0.0
49,45-49,new_vaccine,0.0,0.0,0.0,0.0
49,50-54,unvaccinated,2453.5,10268.5,87.0,0.0
49,50-54,old_vaccine,0.0,0.0,0.0,0.0
49,50-54,new_vaccine,0.0,0.0,0.0,0.0
49,55-59,unvaccinated,3229.0,9170.0,105.5,0.0
49,55-59,old_vaccine,0.0,0.0,0.0,0.0
49,55-59,new_vaccine,0.0,0.0,0.0,0.0
49,60-64,unvaccinated,3063.5,7503.5,253.5,0.0
49,60-64,old_vaccine,0.0,0.0,0.0,0.0
49,60-64,new_vaccine,0.0,0.0,0.0,0.0
49,65-69,unvaccinated,4952.0,4338.0,473.5,0.0
49,65-69,old_vaccine,0.0,0.0,0.0,0.0
49,65-69,new_vaccine,0.0,0.0,0.0,0.0
49,70-74,unvaccinated,5723.0,3336.0,933.0,0.0
49,70-74,old_vaccine,0.0,0.0,0.0,0.0
49,70-74,new_vaccine,0.0,0.0,0.0,0.0
49,75+,unvaccinated,10416.0,5200.0,3015.5,0.0
49,75+,old_vaccine,0.0,0.0,0.0,0.0
49,75+,new_vaccine,0.0,0.0,0.0,0.0
50,0-4,unvaccinated,703.0,9887.0,12.5,0.0
50,0-4,old_vaccine,0.0,0.0,0.0,0.0
50,0-4,new_vaccine,0.0,0.0,0.0,0.0
50,5-9,unvaccinated,174.5,11177.5,0.5,0.0
50,5-9,old_vaccine,0.0,0.0,0.0,0.0
50,5-9,new_vaccine,0.0,0.0,0.0,0.0
50,10-14,unvaccinated,248.0,10534.5,2.0,0.0
50,10-14,old_vaccine,0.0,0.0,0.0,0.0
50,10-14,new_vaccine,0.0,0.0,0.0,0.0
50,15-19,unvaccinated,240.5,9830.0,2.0,0.0
50,15-19,old_vaccine,0.0,0.0,0.0,0.0
50,15-19,new_vaccine,0.0,0.0,0.0,0.0
50,20-24,unvaccinated,739.0,10322.0,5.5,0.0
50,20-24,old_vaccine,0.0,0.0,0.0,0.0
50,20-24,new_vaccine,0.0,0.0,0.0,0.0
50,25-29,unvaccinated,1221.0,11161.0,3.0,0.0
50,25-29,old_vaccine,0.0,0.0,0.0,0.0
50,25-29,new_vaccine,0.0,0.0,0.0,0.0
50,30-34,unvaccinated,1279.0,11333.5,6.0,0.0
50,30-34,old_vaccine,0.0,0.0,0.0,0.0
50,30-34,new_vaccine,0.0,0.0,0.0,0.0
50,35-39,unvaccinated,1136.0,11240.0,11.5,0.0
50,35-39,old_vaccine,0.0,0.0,0.0,0.0
50,35-39,new_vaccine,0.0,0.0,0.0,0.0
50,40-44,unvaccinated,1177.5,10703.0,16.0,0.0
50,40-44,old_vaccine,0.0,0.0,0.0,0.0
50,40-44,new_vaccine,0.0,0.0,0.0,0.0
50,45-49,unvaccinated,1425.0,10122.5,33.5,0.0
50,45-49,old_vaccine,0.0,0.0,0.0,0.0
50,45-49,new_vaccine,0.0,0.0,0.0,0.0
50,50-54,unvaccinated,2444.5,10324.5,86.0,0.0
50,50-54,old_vaccine,0.0,0.0,0.0,0.0
50,50-54,new_vaccine,0.0,0.0,0.0,0.0
50,55-59,unvaccinated,3230.0,9196.5,104.5,0.0
50,55-59,old_vaccine,0.0,0.0,0.0,0.0
50,55-59,new_vaccine,0.0,0.0,0.0,0.0
50,60-64,unvaccinated,3094.0,7518.5,253.5,0.0
50,60-64,old_vaccine,0.0,0.0,0.0,0.0
50,60-64,new_vaccine,0.0,0.0,0.0,0.0
50,65-69,unvaccinated,4954.5,4309.0,477.5,0.0
50,65-69,old_vaccine,0.0,0.0,0.0,0.0
50,65-69,new_vaccine,0.0,0.0,0.0,0.0
50,70-74,unvaccinated,5727.5,3346.0,933.0,0.0
50,70-74,old_vaccine,0.0,0.0,0.0,0.0
50,70-74,new_vaccine,0.0,0.0,0.0,0.0
50,75+,unvaccinated,10448.5,5206.5,3020.0,0.0
50,75+,old_vaccine,0.0,0.0,0.0,0.0
50,75+,new_vaccine,0.0,0.0,0.0,0.0
51,0-4,unvaccinated,699.5,9837.5,12.5,0.0
51,0-4,old_vaccine,0.0,0.0,0.0,0.0
51,0-4,new_vaccine,0.0,0.0,0.0,0.0
51,5-9,unvaccinated,173.5,11134.5,0.5,0.0
51,5-9,old_vaccine,0.0,0.0,0.0,0.0
51,5-9,new_vaccine,0.0,0.0,0.0,0.0
51,10-14,unvaccinated,251.5,10495.5,2.0,0.0
51,10-14,old_vaccine,0.0,0.0,0.0,0.0
51,10-14,new_vaccine,0.0,0.0,0.0,0.0
51,15-19,unvaccinated,240.5,9779.5,2.0,0.0
51,15-19,old_vaccine,0.0,0.0,0.0,0.0
51,15-19,new_vaccine,0.0,0.0,0.0,0.0
51,20-24,unvaccinated,732.0,10261.5,5.5,0.0
51,20-24,old_vaccine,0.0,0.0,0.0,0.0
51,20-24,new_vaccine,0.0,0.0,0.0,0.0
51,25-29,unvaccinated,1213.5,11101.0,3.5,0.0
51,25-29,old_vaccine,0.0,0.0,0.0,0.0
51,25-29,new_vaccine,0.0,0.0,0.0,0.0
51,30-34,unvaccinated,1272.0,11273.5,6.5,0.0
51,30-34,old_vaccine,0.0,0.0,0.0,0.0
51,30-34,new_vaccine,0.0,0.0,0.0,0.0
51,35-39,unvaccinated,1129.0,11188.5,11.5,0.0
51,35-39,old_vaccine,0.0,0.0,0.0,0.0
51,35-39,new_vaccine,0.0,0.0,0.0,0.0
51,40-44,unvaccinated,1176.0,10612.5,15.5,0.0
51,40-44,old_vaccine,0.0,0.0,0.0,0.0
51,40-44,new_vaccine,0.0,0.0,0.0,0.0
51,45-49,unvaccinated,1417.5,10089.0,33.5,0.0
51,45-49,old_vaccine,0.0,0.0,0.0,0.0
51,45-49,new_vaccine,0.0,0.0,0.0,0.0
51,50-54,unvaccinated,2443.0,10271.5,87.0,0.0
51,50-54,old_vaccine,0.0,0.0,0.0,0.0
51,50-54,new_vaccine,0.0,0.0,0.0,0.0
51,55-59,unvaccinated,3215.0,9174.0,105.5,0.0
51,55-59,old_vaccine,0.0,0.0,0.0,0.0
51,55-59,new_vaccine,0.0,0.0,0.0,0.0
51,60-64,unvaccinated,3072.5,7494.5,254.0,0.0
51,60-64,old_vaccine,0.0,0.0,0.0,0.0
51,60-64,new_vaccine,0.0,0.0,0.0,0.0
51,65-69,unvaccinated,4966.0,4299.5,477.5,0.0
51,65-69,old_vaccine,0.0,0.0,0.0,0.0
51,65-69,new_vaccine,0.0,0.0,0.0,0.0
51,70-74,unvaccinated,5701.5,3306.0,934.0,0.0
51,70-74,old_vaccine,0.0,0.0,0.0,0.0
51,70-74,new_vaccine,0.0,0.0,0.0,0.0
51,75+,unvaccinated,10357.5,5169.5,3027.0,0.0
51,75+,old_vaccine,0.0,0.0,0.0,0.0
51,75+,new_vaccine,0.0,0.0,0.0,0.0
52,0-4,unvaccinated,692.5,9779.0,12.5,0.0
52,0-4,old_vaccine,0.0,0.0,0.0,0.0
52,0-4,new_vaccine,0.0,0.0,0.0,0.0
52,5-9,unvaccinated,168.0,11018.0,0.5,0.0
52,5-9,old_vaccine,0.0,0.0,0.0,0.0
52,5-9,new_vaccine,0.0,0.0,0.0,0.0
52,10-14,unvaccinated,247.0,10355.5,2.0,0.0
52,10-14,old_vaccine,0.0,0.0,0.0,0.0
52,10-14,new_vaccine,0.0,0.0,0.0,0.0
52,15-19,unvaccinated,231.5,9687.0,2.0,0.0
52,15-19,old_vaccine,0.0,0.0,0.0,0.0
52,15-19,new_vaccine,0.0,0.0,0.0,0.0
52,20-24,unvaccinated,714.5,10189.5,5.5,0.0
52,20-24,old_vaccine,0.0,0.0,0.0,0.0
52,20-24,new_vaccine,0.0,0.0,0.0,0.0
52,25-29,unvaccinated,1204.5,10977.0,3.5,0.0
52,25-29,old_vaccine,0.0,0.0,0.0,0.0
52,25-29,new_vaccine,0.0,0.0,0.0,0.0
52,30-34,unvaccinated,1263.5,11161.5,6.5,0.0
52,30-34,old_vaccine,0.0,0.0,0.0,0.0
52,30-34,new_vaccine,0.0,0.0,0.0,0.0
52,35-39,unvaccinated,1126.5,11102.0,11.5,0.0
52,35-39,old_vaccine,0.0,0.0,0.0,0.0
52,35-39,new_vaccine,0.0,0.0,0.0,0.0
52,40-44,unvaccinated,1164.0,10547.5,15.5,0.0
52,40-44,old_vaccine,0.0,0.0,0.0,0.0
52,40-44,new_vaccine,0.0,0.0,0.0,0.0
52,45-49,unvaccinated,1410.0,10032.0,33.5,0.0
52,45-49,old_vaccine,0.0,0.0,0.0,0.0
52,45-49,new_vaccine,0.0,0.0,0.0,0.0
52,50-54,unvaccinated,2422.0,10149.0,86.0,0.0
52,50-54,old_vaccine,0.0,0.0,0.0,0.0
52,50-54,new_vaccine,0.0,0.0,0.0,0.0
52,55-59,unvaccinated,3178.5,9126.5,105.5,0.0
52,55-59,old_vaccine,0.0,0.0,0.0,0.0
52,55-59,new_vaccine,0.0,0.0,0.0,0.0
52,60-64,unvaccinated,3047.0,7426.0,255.0,0.0
52,60-64,old_vaccine,0.0,0.0,0.0,0.0
52,60-64,new_vaccine,0.0,0.0,0.0,0.0
52,65-69,unvaccinated,4924.0,4270.0,478.5,0.0
52,65-69,old_vaccine,0.0,0.0,0.0,0.0
52,65-69,new_vaccine,0.0,0.0,0.0,0.0
52,70-74,unvaccinated,5673.5,3298.5,935.0,0.0
52,70-74,old_vaccine,0.0,0.0,0.0,0.0
52,70-74,new_vaccine,0.0,0.0,0.0,0.0
52,75+,unvaccinated,10248.0,5120.0,3027.5,0.0
52,75+,old_vaccine,0.0,0.0,0.0,0.0
52,75+,new_vaccine,0.0,0.0,0.0,0.0
53,0-4,unvaccinated,674.5,9678.0,11.0,0.0
53,0-4,old_vaccine,0.0,0.0,0.0,0.0
53,0-4,new_vaccine,0.0,0.0,0.0,0.0
53,5-9,unvaccinated,167.5,10882.5,0.5,0.0
53,5-9,old_vaccine,0.0,0.0,0.0,0.0
53,5-9,new_vaccine,0.0,0.0,0.0,0.0
53,10-14,unvaccinated,243.5,10249.0,2.0,0.0
53,10-14,old_vaccine,0.0,0.0,0.0,0.0
53,10-14,new_vaccine,0.0,0.0,0.0,0.0
53,15-19,unvaccinated,226.0,9577.5,2.0,0.0
53,15-19,old_vaccine,0.0,0.0,0.0,0.0
53,15-19,new_vaccine,0.0,0.0,0.0,0.0
53,20-24,unvaccinated,706.0,10067.5,5.5,0.0
53,20-24,old_vaccine,0.0,0.0,0.0,0.0
53,20-24,new_vaccine,0.0,0.0,0.0,0.0
53,25-29,unvaccinated,1198.5,10878.0,3.5,0.0
53,25-29,old_vaccine,0.0,0.0,0.0,0.0
53,25-29,new_vaccine,0.0,0.0,0.0,0.0
53,30-34,unvaccinated,1245.0,11018.5,6.5,0.0
53,30-34,old_vaccine,0.0,0.0,0.0,0.0
53,30-34,new_vaccine,0.0,0.0,0.0,0.0
53,35-39,unvaccinated,1108.0,10949.0,11.0,0.0
53,35-39,old_vaccine,0.0,0.0,0.0,0.0
53,35-39,new_vaccine,0.0,0.0,0.0,0.0
53,40-44,unvaccinated,1142.0,10424.0,16.0,0.0
53,40-44,old_vaccine,0.0,0.0,0.0,0.0
53,40-44,new_vaccine,0.0,0.0,0.0,0.0
53,45-49,unvaccinated,1387.0,9910.5,35.0,0.0
53,45-49,old_vaccine,0.0,0.0,0.0,0.0
53,45-49,new_vaccine,0.0,0.0,0.0,0.0
53,50-54,unvaccinated,2390.0,9991.5,87.5,0.0
53,50-54,old_vaccine,0.0,0.0,0.0,0.0
53,50-54,new_vaccine,0.0,0.0,0.0,0.0
53,55-59,unvaccinated,3142.0,9002.5,104.5,0.0
53,55-59,old_vaccine,0.0,0.0,0.0,0.0
53,55-59,new_vaccine,0.0,0.0,0.0,0.0
53,60-64,unvaccinated,3015.0,7345.0,255.0,0.0
53,60-64,old_vaccine,0.0,0.0,0.0,0.0
53,60-64,new_vaccine,0.0,0.0,0.0,0.0
53,65-69,unvaccinated,4878.0,4195.0,476.0,0.0
53,65-69,old_vaccine,0.0,0.0,0.0,0.0
53,65-69,new_vaccine,0.0,0.0,0.0,0.0
53,70-74,unvaccinated,5606.0,3252.0,935.5,0.0
53,70-74,old_vaccine,0.0,0.0,0.0,0.0
53,70-74,new_vaccine,0.0,0.0,0.0,0.0
53,75+,unvaccinated,10127.5,5032.5,3026.5,0.0
53,75+,old_vaccine,0.0,0.0,0.0,0.0
53,75+,new_vaccine,0.0,0.0,0.0,0.0
54,0-4,unvaccinated,670.5,9588.0,11.0,0.0
54,0-4,old_vaccine,0.0,0.0,0.0,0.0
54,0-4,new_vaccine,0.0,0.0,0.0,0.0
54,5-9,unvaccinated,168.5,10728.0,1.0,0.0
54,5-9,old_vaccine,0.0,0.0,0.0,0.0
54,5-9,new_vaccine,0.0,0.0,0.0,0.0
54,10-14,unvaccinated,243.0,10138.5,2.0,0.0
54,10-14,old_vaccine,0.0,0.0,0.0,0.0
54,10-14,new_vaccine,0.0,0.0,0.0,0.0
54,15-19,unvaccinated,219.5,9472.5,2.0,0.0
54,15-19,old_vaccine,0.0,0.0,0.0,0.0
54,15-19,new_vaccine,0.0,0.0,0.0,0.0
54,20-24,unvaccinated,693.5,9962.5,5.0,0.0
54,20-24,old_vaccine,0.0,0.0,0.0,0.0
54,20-24,new_vaccine,0.0,0.0,0.0,0.0
54,25-29,unvaccinated,1168.0,10739.5,4.0,0.0
54,25-29,old_vaccine,0.0,0.0,0.0,0.0
54,25-29,new_vaccine,0.0,0.0,0.0,0.0
54,30-34,unvaccinated,1234.5,10880.0,6.5,0.0
54,30-34,old_vaccine,0.0,0.0,0.0,0.0
54,30-34,new_vaccine,0.0,0.0,0.0,0.0
54,35-39,unvaccinated,1104.0,10845.0,10.5,0.0
54,35-39,old_vaccine,0.0,0.0,0.0,0.0
54,35-39,new_vaccine,0.0,0.0,0.0,0.0
54,40-44,unvaccinated,1128.0,10340.0,16.5,0.0
54,40-44,old_vaccine,0.0,0.0,0.0,0.0
54,40-44,new_vaccine,0.0,0.0,0.0,0.0
54,45-49,unvaccinated,1387.5,9806.5,35.5,0.0
54,45-49,old_vaccine,0.0,0.0,0.0,0.0
54,45-49,new_vaccine,0.0,0.0,0.0,0.0
54,50-54,unvaccinated,2382.5,9846.0,87.5,0.0
54,50-54,old_vaccine,0.0,0.0,0.0,0.0
54,50-54,new_vaccine,0.0,0.0,0.0,0.0
54,55-59,unvaccinated,3089.5,8897.0,104.5,0.0
54,55-59,old_vaccine,0.0,0.0,0.0,0.0
54,55-59,new_vaccine,0.0,0.0,0.0,0.0
54,60-64,unvaccinated,2993.0,7255.5,256.5,0.0
54,60-64,old_vaccine,0.0,0.0,0.0,0.0
54,60-64,new_vaccine,0.0,0.0,0.0,0.0
54,65-69,unvaccinated,4837.5,4157.0,472.5,0.0
54,65-69,old_vaccine,0.0,0.0,0.0,0.0
54,65-69,new_vaccine,0.0,0.0,0.0,0.0
54,70-74,unvaccinated,5528.0,3206.5,934.0,0.0
54,70-74,old_vaccine,0.0,0.0,0.0,0.0
54,70-74,new_vaccine,0.0,0.0,0.0,0.0
54,75+,unvaccinated,10005.5,4984.5,3023.5,0.0
54,75+,old_vaccine,0.0,0.0,0.0,0.0
54,75+,new_vaccine,0.0,0.0,0.0,0.0
55,0-4,unvaccinated,675.0,9470.0,10.5,0.0
55,0-4,old_vaccine,0.0,0.0,0.0,0.0
55,0-4,new_vaccine,0.0,0.0,0.0,0.0
55,5-9,unvaccinated,168.5,10610.5,0.5,0.0
55,5-9,old_vaccine,0.0,0.0,0.0,0.0
55,5-9,new_vaccine,0.0,0.0,0.0,0.0
55,10-14,unvaccinated,240.5,10035.5,2.0,0.0
55,10-14,old_vaccine,0.0,0.0,0.0,0.0
55,10-14,new_vaccine,0.0,0.0,0.0,0.0
55,15-19,unvaccinated,216.0,9409.5,2.0,0.0
55,15-19,old_vaccine,0.0,0.0,0.0,0.0
55,15-19,new_vaccine,0.0,0.0,0.0,0.0
55,20-24,unvaccinated,691.0,9877.0,4.5,0.0
55,20-24,old_vaccine,0.0,0.0,0.0,0.0
55,20-24,new_vaccine,0.0,0.0,0.0,0.0
55,25-29,unvaccinated,1156.5,10634.5,4.0,0.0
55,25-29,old_vaccine,0.0,0.0,0.0,0.0
55,25-29,new_vaccine,0.0,0.0,0.0,0.0
55,30-34,unvaccinated,1205.5,10766.0,6.5,0.0
55,30-34,old_vaccine,0.0,0.0,0.0,0.0
55,30-34,new_vaccine,0.0,0.0,0.0,0.0
55,35-39,unvaccinated,1099.5,10741.5,10.5,0.0
55,35-39,old_vaccine,0.0,0.0,0.0,0.0
55,35-39,new_vaccine,0.0,0.0,0.0,0.0
55,40-44,unvaccinated,1121.0,10237.5,16.0,0.0
55,40-44,old_vaccine,0.0,0.0,0.0,0.0
55,40-44,new_vaccine,0.0,0.0,0.0,0.0
55,45-49,unvaccinated,1367.5,9715.5,35.5,0.0
55,45-49,old_vaccine,0.0,0.0,0.0,0.0
55,45-49,new_vaccine,0.0,0.0,0.0,0.0
55,50-54,unvaccinated,2359.5,9754.0,86.5,0.0
55,50-54,old_vaccine,0.0,0.0,0.0,0.0
55,50-54,new_vaccine,0.0,0.0,0.0,0.0
55,55-59,unvaccinated,3051.5,8805.0,104.5,0.0
55,55-59,old_vaccine,0.0,0.0,0.0,0.0
55,55-59,new_vaccine,0.0,0.0,0.0,0.0
55,60-64,unvaccinated,2966.5,7203.5,256.0,0.0
55,60-64,old_vaccine,0.0,0.0,0.0,0.0
55,60-64,new_vaccine,0.0,0.0,0.0,0.0
55,65-69,unvaccinated,4780.0,4128.5,469.5,0.0
55,65-69,old_vaccine,0.0,0.0,0.0,0.0
55,65-69,new_vaccine,0.0,0.0,0.0,0.0
55,70-74,unvaccinated,5434.5,3172.0,936.5,0.0
55,70-74,old_vaccine,0.0,0.0,0.0,0.0
55,70-74,new_vaccine,0.0,0.0,0.0,0.0
55,75+,unvaccinated,9910.5,4924.5,3025.5,0.0
55,75+,old_vaccine,0.0,0.0,0.0,0.0
55,75+,new_vaccine,0.0,0.0,0.0,0.0
56,0-4,unvaccinated,666.5,9422.5,10.5,0.0
56,0-4,old_vaccine,0.0,0.0,0.0,0.0
56,0-4,new_vaccine,0.0,0.0,0.0,0.0
56,5-9,unvaccinated,170.0,10570.5,1.0,0.0
56,5-9,old_vaccine,0.0,0.0,0.0,0.0
56,5-9,new_vaccine,0.0,0.0,0.0,0.0
56,10-14,unvaccinated,237.5,9977.5,2.0,0.0
56,10-14,old_vaccine,0.0,0.0,0.0,0.0
56,10-14,new_vaccine,0.0,0.0,0.0,0.0
56,15-19,unvaccinated,213.5,9367.0,1.5,0.0
56,15-19,old_vaccine,0.0,0.0,0.0,0.0
56,15-19,new_vaccine,0.0,0.0,0.0,0.0
56,20-24,unvaccinated,687.5,9817.0,5.0,0.0
56,20-24,old_vaccine,0.0,0.0,0.0,0.0
56,20-24,new_vaccine,0.0,0.0,0.0,0.0
56,25-29,unvaccinated,1148.5,10580.5,4.5,0.0
56,25-29,old_vaccine,0.0,0.0,0.0,0.0
56,25-29,new_vaccine,0.0,0.0,0.0,0.0
56,30-34,unvaccinated,1195.5,10727.5,6.5,0.0
56,30-34,old_vaccine,0.0,0.0,0.0,0.0
56,30-34,new_vaccine,0.0,0.0,0.0,0.0
56,35-39,unvaccinated,1082.5,10674.5,10.5,0.0
56,35-39,old_vaccine,0.0,0.0,0.0,0.0
56,35-39,new_vaccine,0.0,0.0,0.0,0.0
56,40-44,unvaccinated,1121.5,10176.5,16.5,0.0
56,40-44,old_vaccine,0.0,0.0,0.0,0.0
56,40-44,new_vaccine,0.0,0.0,0.0,0.0
56,45-49,unvaccinated,1370.0,9643.5,35.0,0.0
56,45-49,old_vaccine,0.0,0.0,0.0,0.0
56,45-49,new_vaccine,0.0,0.0,0.0,0.0
56,50-54,unvaccinated,2355.5,9666.5,85.0,0.0
56,50-54,old_vaccine,0.0,0.0,0.0,0.0
56,50-54,new_vaccine,0.0,0.0,0.0,0.0
56,55-59,unvaccinated,2995.0,8757.5,103.5,0.0
56,55-59,old_vaccine,0.0,0.0,0.0,0.0
56,55-59,new_vaccine,0.0,0.0,0.0,0.0
56,60-64,unvaccinated,2940.0,7155.0,256.0,0.0
56,60-64,old_vaccine,0.0,0.0,0.0,0.0
56,60-64,new_vaccine,0.0,0.0,0.0,0.0
56,65-69,unvaccinated,4745.5,4124.5,468.0,0.0
56,65-69,old_vaccine,0.0,0.0,0.0,0.0
56,65-69,new_vaccine,0.0,0.0,0.0,0.0
56,70-74,unvaccinated,5403.0,3153.0,938.5,0.0
56,70-74,old_vaccine,0.0,0.0,0.0,0.0
56,70-74,new_vaccine,0.0,0.0,0.0,0.0
56,75+,unvaccinated,9877.0,4910.0,3030.5,0.0
56,75+,old_vaccine,0.0,0.0,0.0,0.0
56,75+,new_vaccine,0.0,0.0,0.0,0.0
57,0-4,unvaccinated,674.0,9378.0,10.5,0.0
57,0-4,old_vaccine,0.0,0.0,0.0,0.0
57,0-4,new_vaccine,0.0,0.0,0.0,0.0
57,5-9,unvaccinated,170.5,10565.5,1.0,0.0
57,5-9,old_vaccine,0.0,0.0,0.0,0.0
57,5-9,new_vaccine,0.0,0.0,0.0,0.0
57,10-14,unvaccinated,238.5,9973.5,2.0,0.0
57,10-14,old_vaccine,0.0,0.0,0.0,0.0
57,10-14,new_vaccine,0.0,0.0,0.0,0.0
57,15-19,unvaccinated,215.5,9394.5,1.5,0.0
57,15-19,old_vaccine,0.0,0.0,0.0,0.0
57,15-19,new_vaccine,0.0,0.0,0.0,0.0
57,20-24,unvaccinated,690.5,9779.5,5.5,0.0
57,20-24,old_vaccine,0.0,0.0,0.0,0.0
57,20-24,new_vaccine,0.0,0.0,0.0,0.0
57,25-29,unvaccinated,1149.0,10565.5,5.0,0.0
57,25-29,old_vaccine,0.0,0.0,0.0,0.0
57,25-29,new_vaccine,0.0,0.0,0.0,0.0
57,30-34,unvaccinated,1211.0,10736.5,6.5,0.0
57,30-34,old_vaccine,0.0,0.0,0.0,0.0
57,30-34,new_vaccine,0.0,0.0,0.0,0.0
57,35-39,unvaccinated,1085.0,10659.5,11.0,0.0
57,35-39,old_vaccine,0.0,0.0,0.0,0.0
57,35-39,new_vaccine,0.0,0.0,0.0,0.0
57,40-44,unvaccinated,1122.5,10157.5,16.0,0.0
57,40-44,old_vaccine,0.0,0.0,0.0,0.0
57,40-44,new_vaccine,0.0,0.0,0.0,0.0
57,45-49,unvaccinated,1362.5,9620.5,34.5,0.0
57,45-49,old_vaccine,0.0,0.0,0.0,0.0
57,45-49,new_vaccine,0.0,0.0,0.0,0.0
57,50-54,unvaccinated,2362.5,9684.0,86.5,0.0
57,50-54,old_vaccine,0.0,0.0,0.0,0.0
57,50-54,new_vaccine,0.0,0.0,0.0,0.0
57,55-59,unvaccinated,2983.0,8725.5,104.0,0.0
57,55-59,old_vaccine,0.0,0.0,0.0,0.0
57,55-59,new_vaccine,0.0,0.0,0.0,0.0
57,60-64,unvaccinated,2922.0,7136.0,253.5,0.0
57,60-64,old_vaccine,0.0,0.0,0.0,0.0
57,60-64,new_vaccine,0.0,0.0,0.0,0.0
57,65-69,unvaccinated,4743.0,4135.5,468.0,0.0
57,65-69,old_vaccine,0.0,0.0,0.0,0.0
57,65-69,new_vaccine,0.0,0.0,0.0,0.0
57,70-74,unvaccinated,5383.0,3151.5,939.0,0.0
57,70-74,old_vaccine,0.0,0.0,0.0,0.0
57,70-74,new_vaccine,0.0,0.0,0.0,0.0
57,75+,unvaccinated,9888.0,4893.0,3031.5,0.0
57,75+,old_vaccine,0.0,0.0,0.0,0.0
57,75+,new_vaccine,0.0,0.0,0.0,0.0
58,0-4,unvaccinated,672.5,9397.0,11.5,0.0
58,0-4,old_vaccine,0.0,0.0,0.0,0.0
58,0-4,new_vaccine,0.0,0.0,0.0,0.0
58,5-9,unvaccinated,169.0,10620.0,1.0,0.0
58,5-9,old_vaccine,0.0,0.0,0.0,0.0
58,5-9,new_vaccine,0.0,0.0,0.0,0.0
58,10-14,unvaccinated,238.0,10034.0,1.5,0.0
58,10-14,old_vaccine,0.0,0.0,0.0,0.0
58,10-14,new_vaccine,0.0,0.0,0.0,0.0
58,15-19,unvaccinated,220.0,9435.0,1.5,0.0
58,15-19,old_vaccine,0.0,0.0,0.0,0.0
58,15-19,new_vaccine,0.0,0.0,0.0,0.0
58,20-24,unvaccinated,705.5,9804.0,5.0,0.0
58,20-24,old_vaccine,0.0,0.0,0.0,0.0
58,20-24,new_vaccine,0.0,0.0,0.0,0.0
58,25-29,unvaccinated,1162.0,10613.0,4.5,0.0
58,25-29,old_vaccine,0.0,0.0,0.0,0.0
58,25-29,new_vaccine,0.0,0.0,0.0,0.0
58,30-34,unvaccinated,1230.5,10754.5,8.0,0.0
58,30-34,old_vaccine,0.0,0.0,0.0,0.0
58,30-34,new_vaccine,0.0,0.0,0.0,0.0
58,35-39,unvaccinated,1081.0,10706.5,11.5,0.0
58,35-39,old_vaccine,0.0,0.0,0.0,0.0
58,35-39,new_vaccine,0.0,0.0,0.0,0.0
58,40-44,unvaccinated,1131.0,10209.0,17.0,0.0
58,40-44,old_vaccine,0.0,0.0,0.0,0.0
58,40-44,new_vaccine,0.0,0.0,0.0,0.0
58,45-49,unvaccinated,1361.0,9683.0,33.5,0.0
58,45-49,old_vaccine,0.0,0.0,0.0,0.0
58,45-49,new_vaccine,0.0,0.0,0.0,0.0
58,50-54,unvaccinated,2386.0,9749.0,87.0,0.0
58,50-54,old_vaccine,0.0,0.0,0.0,0.0
58,50-54,new_vaccine,0.0,0.0,0.0,0.0
58,55-59,unvaccinated,2992.0,8760.0,105.0,0.0
58,55-59,old_vaccine,0.0,0.0,0.0,0.0
58,55-59,new_vaccine,0.0,0.0,0.0,0.0
58,60-64,unvaccinated,2942.5,7153.0,256.5,0.0
58,60-64,old_vaccine,0.0,0.0,0.0,0.0
58,60-64,new_vaccine,0.0,0.0,0.0,0.0
58,65-69,unvaccinated,4746.0,4149.0,467.5,0.0
58,65-69,old_vaccine,0.0,0.0,0.0,0.0
58,65-69,new_vaccine,0.0,0.0,0.0,0.0
58,70-74,unvaccinated,5417.5,3168.0,938.0,0.0
58,70-74,old_vaccine,0.0,0.0,0.0,0.0
58,70-74,new_vaccine,0.0,0.0,0.0,0.0
58,75+,unvaccinated,9931.0,4939.5,3033.5,0.0
58,75+,old_vaccine,0.0,0.0,0.0,0.0
58,75+,new_vaccine,0.0,0.0,0.0,0.0
59,0-4,unvaccinated,676.5,9480.0,12.5,0.0
59,0-4,old_vaccine,0.0,0.0,0.0,0.0
59,0-4,new_vaccine,0.0,0.0,0.0,0.0
59,5-9,unvaccinated,177.5,10677.0,0.5,0.0
59,5-9,old_vaccine,0.0,0.0,0.0,0.0
59,5-9,new_vaccine,0.0,0.0,0.0,0.0
59,10-14,unvaccinated,242.0,10135.0,1.5,0.0
59,10-14,old_vaccine,0.0,0.0,0.0,0.0
59,10-14,new_vaccine,0.0,0.0,0.0,0.0
59,15-19,unvaccinated,222.5,9485.5,1.5,0.0
59,15-19,old_vaccine,0.0,0.0,0.0,0.0
59,15-19,new_vaccine,0.0,0.0,0.0,0.0
59,20-24,unvaccinated,718.5,9875.0,5.0,0.0
59,20-24,old_vaccine,0.0,0.0,0.0,0.0
59,20-24,new_vaccine,0.0,0.0,0.0,0.0
59,25-29,unvaccinated,1174.0,10702.0,4.5,0.0
59,25-29,old_vaccine,0.0,0.0,0.0,0.0
59,25-29,new_vaccine,0.0,0.0,0.0,0.0
59,30-34,unvaccinated,1233.0,10856.5,8.0,0.0
59,30-34,old_vaccine,0.0,0.0,0.0,0.0
59,30-34,new_vaccine,0.0,0.0,0.0,0.0
59,35-39,unvaccinated,1081.5,10801.0,11.0,0.0
59,35-39,old_vaccine,0.0,0.0,0.0,0.0
59,35-39,new_vaccine,0.0,0.0,0.0,0.0
59,40-44,unvaccinated,1148.0,10266.0,16.0,0.0
59,40-44,old_vaccine,0.0,0.0,0.0,0.0
59,40-44,new_vaccine,0.0,0.0,0.0,0.0
59,45-49,unvaccinated,1370.0,9742.0,33.5,0.0
59,45-49,old_vaccine,0.0,0.0,0.0,0.0
59,45-49,new_vaccine,0.0,0.0,0.0,0.0
59,50-54,unvaccinated,2404.5,9867.5,88.0,0.0
59,50-54,old_vaccine,0.0,0.0,0.0,0.0
59,50-54,new_vaccine,0.0,0.0,0.0,0.0
59,55-59,unvaccinated,3034.0,8830.0,106.5,0.0
59,55-59,old_vaccine,0.0,0.0,0.0,0.0
59,55-59,new_vaccine,0.0,0.0,0.0,0.0
59,60-64,unvaccinated,2961.5,7193.5,259.0,0.0
59,60-64,old_vaccine,0.0,0.0,0.0,0.0
59,60-64,new_vaccine,0.0,0.0,0.0,0.0
59,65-69,unvaccinated,4777.0,4183.5,469.5,0.0
59,65-69,old_vaccine,0.0,0.0,0.0,0.0
59,65-69,new_vaccine,0.0,0.0,0.0,0.0
59,70-74,unvaccinated,5473.0,3189.0,940.5,0.0
59,70-74,old_vaccine,0.0,0.0,0.0,0.0
59,70-74,new_vaccine,0.0,0.0,0.0,0.0
59,75+,unvaccinated,10004.0,4967.5,3039.0,0.0
59,75+,old_vaccine,0.0,0.0,0.0,0.0
59,75+,new_vaccine,0.0,0.0,0.0,0.0
60,0-4,unvaccinated,676.5,9536.5,13.0,0.0
60,0-4,old_vaccine,0.0,0.0,0.0,0.0
60,0-4,new_vaccine,0.0,0.0,0.0,0.0
60,5-9,unvaccinated,179.5,10787.0,0.5,0.0
60,5-9,old_vaccine,0.0,0.0,0.0,0.0
60,5-9,new_vaccine,0.0,0.0,0.0,0.0
60,10-14,unvaccinated,240.5,10209.5,2.0,0.0
60,10-14,old_vaccine,0.0,0.0,0.0,0.0
60,10-14,new_vaccine,0.0,0.0,0.0,0.0
60,15-19,unvaccinated,227.5,9540.0,2.0,0.0
60,15-19,old_vaccine,0.0,0.0,0.0,0.0
60,15-19,new_vaccine,0.0,0.0,0.0,0.0
60,20-24,unvaccinated,734.5,9947.0,5.0,0.0
60,20-24,old_vaccine,0.0,0.0,0.0,0.0
60,20-24,new_vaccine,0.0,0.0,0.0,0.0
60,25-29,unvaccinated,1191.0,10814.5,5.0,0.0
60,25-29,old_vaccine,0.0,0.0,0.0,0.0
60,25-29,new_vaccine,0.0,0.0,0.0,0.0
60,30-34,unvaccinated,1239.5,10964.0,8.0,0.0
60,30-34,old_vaccine,0.0,0.0,0.0,0.0
60,30-34,new_vaccine,0.0,0.0,0.0,0.0
60,35-39,unvaccinated,1088.5,10906.5,10.5,0.0
60,35-39,old_vaccine,0.0,0.0,0.0,0.0
60,35-39,new_vaccine,0.0,0.0,0.0,0.0
60,40-44,unvaccinated,1156.0,10345.0,15.5,0.0
60,40-44,old_vaccine,0.0,0.0,0.0,0.0
60,40-44,new_vaccine,0.0,0.0,0.0,0.0
60,45-49,unvaccinated,1388.0,9825.0,33.0,0.0
60,45-49,old_vaccine,0.0,0.0,0.0,0.0
60,45-49,new_vaccine,0.0,0.0,0.0,0.0
60,50-54,unvaccinated,2416.5,9999.0,88.0,0.0
60,50-54,old_vaccine,0.0,0.0,0.0,0.0
60,50-54,new_vaccine,0.0,0.0,0.0,0.0
60,55-59,unvaccinated,3069.0,8893.5,106.5,0.0
60,55-59,old_vaccine,0.0,0.0,0.0,0.0
60,55-59,new_vaccine,0.0,0.0,0.0,0.0
60,60-64,unvaccinated,2981.0,7250.0,259.0,0.0
60,60-64,old_vaccine,0.0,0.0,0.0,0.0
60,60-64,new_vaccine,0.0,0.0,0.0,0.0
60,65-69,unvaccinated,4813.5,4229.5,471.0,0.0
60,65-69,old_vaccine,0.0,0.0,0.0,0.0
60,65-69,new_vaccine,0.0,0.0,0.0,0.0
60,70-74,unvaccinated,5511.0,3235.5,941.5,0.0
60,70-74,old_vaccine,0.0,0.0,0.0,0.0
60,70-74,new_vaccine,0.0,0.0,0.0,0.0
60,75+,unvaccinated,10124.0,5000.0,3041.5,0.0
60,75+,old_vaccine,0.0,0.0,0.0,0.0
60,75+,new_vaccine,0.0,0.0,0.0,0.0
61,0-4,unvaccinated,679.5,9642.0,13.0,0.0
61,0-4,old_vaccine,0.0,0.0,0.0,0.0
61,0-4,new_vaccine,0.0,0.0,0.0,0.0
61,5-9,unvaccinated,179.5,10882.5,0.5,0.0
61,5-9,old_vaccine,0.0,0.0,0.0,0.0
61,5-9,new_vaccine,0.0,0.0,0.0,0.0
61,10-14,unvaccinated,249.5,10301.0,2.0,0.0
61,10-14,old_vaccine,0.0,0.0,0.0,0.0
61,10-14,new_vaccine,0.0,0.0,0.0,0.0
61,15-19,unvaccinated,234.5,9581.5,2.0,0.0
61,15-19,old_vaccine,0.0,0.0,0.0,0.0
61,15-19,new_vaccine,0.0,0.0,0.0,0.0
61,20-24,unvaccinated,744.0,10042.0,5.5,0.0
61,20-24,old_vaccine,0.0,0.0,0.0,0.0
61,20-24,new_vaccine,0.0,0.0,0.0,0.0
61,25-29,unvaccinated,1195.5,10906.5,5.0,0.0
61,25-29,old_vaccine,0.0,0.0,0.0,0.0
61,25-29,new_vaccine,0.0,0.0,0.0,0.0
61,30-34,unvaccinated,1250.5,11074.5,8.0,0.0
61,30-34,old_vaccine,0.0,0.0,0.0,0.0
61,30-34,new_vaccine,0.0,0.0,0.0,0.0
61,35-39,unvaccinated,1100.5,11014.5,11.0,0.0
61,35-39,old_vaccine,0.0,0.0,0.0,0.0
61,35-39,new_vaccine,0.0,0.0,0.0,0.0
61,40-44,unvaccinated,1171.5,10432.0,15.5,0.0
61,40-44,old_vaccine,0.0,0.0,0.0,0.0
61,40-44,new_vaccine,0.0,0.0,0.0,0.0
61,45-49,unvaccinated,1394.0,9892.5,33.0,0.0
61,45-49,old_vaccine,0.0,0.0,0.0,0.0
61,45-49,new_vaccine,0.0,0.0,0.0,0.0
61,50-54,unvaccinated,2429.0,10049.0,88.5,0.0
61,50-54,old_vaccine,0.0,0.0,0.0,0.0
61,50-54,new_vaccine,0.0,0.0,0.0,0.0
61,55-59,unvaccinated,3124.5,8992.5,107.5,0.0
61,55-59,old_vaccine,0.0,0.0,0.0,0.0
61,55-59,new_vaccine,0.0,0.0,0.0,0.0
61,60-64,unvaccinated,3007.0,7301.0,259.0,0.0
61,60-64,old_vaccine,0.0,0.0,0.0,0.0
61,60-64,new_vaccine,0.0,0.0,0.0,0.0
61,65-69,unvaccinated,4868.5,4259.5,473.0,0.0
61,65-69,old_vaccine,0.0,0.0,0.0,0.0
61,65-69,new_vaccine,0.0,0.0,0.0,0.0
61,70-74,unvaccinated,5566.5,3260.0,943.0,0.0
61,70-74,old_vaccine,0.0,0.0,0.0,0.0
61,70-74,new_vaccine,0.0,0.0,0.0,0.0
61,75+,unvaccinated,10213.0,5040.0,3047.5,0.0
61,75+,old_vaccine,0.0,0.0,0.0,0.0
61,75+,new_vaccine,0.0,0.0,0.0,0.0
62,0-4,unvaccinated,676.5,9707.5,14.0,0.0
62,0-4,old_vaccine,0.0,0.0,0.0,0.0
62,0-4,new_vaccine,0.0,0.0,0.0,0.0
62,5-9,unvaccinated,181.5,10963.5,0.0,0.0
62,5-9,old_vaccine,0.0,0.0,0.0,0.0
62,5-9,new_vaccine,0.0,0.0,0.0,0.0
62,10-14,unvaccinated,252.5,10338.0,2.0,0.0
62,10-14,old_vaccine,0.0,0.0,0.0,0.0
62,10-14,new_vaccine,0.0,0.0,0.0,0.0
62,15-19,unvaccinated,231.5,9659.0,2.0,0.0
62,15-19,old_vaccine,0.0,0.0,0.0,0.0
62,15-19,new_vaccine,0.0,0.0,0.0,0.0
62,20-24,unvaccinated,747.5,10110.5,6.0,0.0
62,20-24,old_vaccine,0.0,0.0,0.0,0.0
62,20-24,new_vaccine,0.0,0.0,0.0,0.0
62,25-29,unvaccinated,1208.0,10950.5,4.5,0.0
62,25-29,old_vaccine,0.0,0.0,0.0,0.0
62,25-29,new_vaccine,0.0,0.0,0.0,0.0
62,30-34,unvaccinated,1260.5,11104.0,7.5,0.0
62,30-34,old_vaccine,0.0,0.0,0.0,0.0
62,30-34,new_vaccine,0.0,0.0,0.0,0.0
62,35-39,unvaccinated,1112.0,11078.0,12.0,0.0
62,35-39,old_vaccine,0.0,0.0,0.0,0.0
62,35-39,new_vaccine,0.0,0.0,0.0,0.0
62,40-44,unvaccinated,1176.0,10465.0,14.5,0.0
62,40-44,old_vaccine,0.0,0.0,0.0,0.0
62,40-44,new_vaccine,0.0,0.0,0.0,0.0
62,45-49,unvaccinated,1403.5,9970.0,34.0,0.0
62,45-49,old_vaccine,0.0,0.0,0.0,0.0
62,45-49,new_vaccine,0.0,0.0,0.0,0.0
62,50-54,unvaccinated,2433.0,10089.0,90.0,0.0
62,50-54,old_vaccine,0.0,0.0,0.0,0.0
62,50-54,new_vaccine,0.0,0.0,0.0,0.0
62,55-59,unvaccinated,3158.5,9053.0,106.5,0.0
62,55-59,old_vaccine,0.0,0.0,0.0,0.0
62,55-59,new_vaccine,0.0,0.0,0.0,0.0
62,60-64,unvaccinated,3033.0,7349.0,259.5,0.0
62,60-64,old_vaccine,0.0,0.0,0.0,0.0
62,60-64,new_vaccine,0.0,0.0,0.0,0.0
62,65-69,unvaccinated,4876.0,4281.5,478.0,0.0
62,65-69,old_vaccine,0.0,0.0,0.0,0.0
62,65-69,new_vaccine,0.0,0.0,0.0,0.0
62,70-74,unvaccinated,5622.5,3272.0,946.5,0.0
62,70-74,old_vaccine,0.0,0.0,0.0,0.0
62,70-74,new_vaccine,0.0,0.0,0.0,0.0
62,75+,unvaccinated,10274.5,5075.0,3048.0,0.0
62,75+,old_vaccine,0.0,0.0,0.0,0.0
62,75+,new_vaccine,0.0,0.0,0.0,0.0
63,0-4,unvaccinated,677.5,9745.0,14.0,0.0
63,0-4,old_vaccine,0.0,0.0,0.0,0.0
63,0-4,new_vaccine,0.0,0.0,0.0,0.0
63,5-9,unvaccinated,182.0,11007.5,0.5,0.0
63,5-9,old_vaccine,0.0,0.0,0.0,0.0
63,5-9,new_vaccine,0.0,0.0,0.0,0.0
63,10-14,unvaccinated,259.0,10360.5,2.0,0.0
63,10-14,old_vaccine,0.0,0.0,0.0,0.0
63,10-14,new_vaccine,0.0,0.0,0.0,0.0
63,15-19,unvaccinated,234.0,9621.0,2.0,0.0
63,15-19,old_vaccine,0.0,0.0,0.0,0.0
63,15-19,new_vaccine,0.0,0.0,0.0,0.0
63,20-24,unvaccinated,749.5,10134.0,6.0,0.0
63,20-24,old_vaccine,0.0,0.0,0.0,0.0
63,20-24,new_vaccine,0.0,0.0,0.0,0.0
63,25-29,unvaccinated,1211.5,11001.5,4.5,0.0
63,25-29,old_vaccine,0.0,0.0,0.0,0.0
63,25-29,new_vaccine,0.0,0.0,0.0,0.0
63,30-34,unvaccinated,1268.0,11163.5,7.5,0.0
63,30-34,old_vaccine,0.0,0.0,0.0,0.0
63,30-34,new_vaccine,0.0,0.0,0.0,0.0
63,35-39,unvaccinated,1114.5,11097.5,12.0,0.0
63,35-39,old_vaccine,0.0,0.0,0.0,0.0
63,35-39,new_vaccine,0.0,0.0,0.0,0.0
63,40-44,unvaccinated,1169.5,10485.5,15.0,0.0
63,40-44,old_vaccine,0.0,0.0,0.0,0.0
63,40-44,new_vaccine,0.0,0.0,0.0,0.0
63,45-49,unvaccinated,1403.5,9996.0,34.0,0.0
63,45-49,old_vaccine,0.0,0.0,0.0,0.0
63,45-49,new_vaccine,0.0,0.0,0.0,0.0
63,50-54,unvaccinated,2444.0,10143.0,89.5,0.0
63,50-54,old_vaccine,0.0,0.0,0.0,0.0
63,50-54,new_vaccine,0.0,0.0,0.0,0.0
63,55-59,unvaccinated,3159.5,9068.0,109.5,0.0
63,55-59,old_vaccine,0.0,0.0,0.0,0.0
63,55-59,new_vaccine,0.0,0.0,0.0,0.0
63,60-64,unvaccinated,3041.0,7403.0,261.5,0.0
63,60-64,old_vaccine,0.0,0.0,0.0,0.0
63,60-64,new_vaccine,0.0,0.0,0.0,0.0
63,65-69,unvaccinated,4870.5,4323.0,479.5,0.0
63,65-69,old_vaccine,0.0,0.0,0.0,0.0
63,65-69,new_vaccine,0.0,0.0,0.0,0.0
63,70-74,unvaccinated,5663.0,3287.0,949.0,0.0
63,70-74,old_vaccine,0.0,0.0,0.0,0.0
63,70-74,new_vaccine,0.0,0.0,0.0,0.0
63,75+,unvaccinated,10315.5,5104.5,3049.5,0.0
63,75+,old_vaccine,0.0,0.0,0.0,0.0
63,75+,new_vaccine,0.0,0.0,0.0,0.0
64,0-4,unvaccinated,678.5,9734.5,14.5,0.0
64,0-4,old_vaccine,0.0,0.0,0.0,0.0
64,0-4,new_vaccine,0.0,0.0,0.0,0.0
64,5-9,unvaccinated,179.5,11003.0,0.5,0.0
64,5-9,old_vaccine,0.0,0.0,0.0,0.0
64,5-9,new_vaccine,0.0,0.0,0.0,0.0
64,10-14,unvaccinated,257.0,10332.5,3.0,0.0
64,10-14,old_vaccine,0.0,0.0,0.0,0.0
64,10-14,new_vaccine,0.0,0.0,0.0,0.0
64,15-19,unvaccinated,233.5,9650.5,2.0,0.0
64,15-19,old_vaccine,0.0,0.0,0.0,0.0
64,15-19,new_vaccine,0.0,0.0,0.0,0.0
64,20-24,unvaccinated,734.0,10136.0,6.0,0.0
64,20-24,old_vaccine,0.0,0.0,0.0,0.0
64,20-24,new_vaccine,0.0,0.0,0.0,0.0
64,25-29,unvaccinated,1216.5,10977.5,4.0,0.0
64,25-29,old_vaccine,0.0,0.0,0.0,0.0
64,25-29,new_vaccine,0.0,0.0,0.0,0.0
64,30-34,unvaccinated,1259.5,11152.0,7.0,0.0
64,30-34,old_vaccine,0.0,0.0,0.0,0.0
64,30-34,new_vaccine,0.0,0.0,0.0,0.0
64,35-39,unvaccinated,1129.5,11108.0,12.0,0.0
64,35-39,old_vaccine,0.0,0.0,0.0,0.0
64,35-39,new_vaccine,0.0,0.0,0.0,0.0
64,40-44,unvaccinated,1171.5,10502.0,15.0,0.0
64,40-44,old_vaccine,0.0,0.0,0.0,0.0
64,40-44,new_vaccine,0.0,0.0,0.0,0.0
64,45-49,unvaccinated,1413.0,9967.0,33.5,0.0
64,45-49,old_vaccine,0.0,0.0,0.0,0.0
64,45-49,new_vaccine,0.0,0.0,0.0,0.0
64,50-54,unvaccinated,2446.5,10120.0,88.0,0.0
64,50-54,old_vaccine,0.0,0.0,0.0,0.0
64,50-54,new_vaccine,0.0,0.0,0.0,0.0
64,55-59,unvaccinated,3171.5,9049.5,110.0,0.0
64,55-59,old_vaccine,0.0,0.0,0.0,0.0
64,55-59,new_vaccine,0.0,0.0,0.0,0.0
64,60-64,unvaccinated,3041.0,7413.0,260.0,0.0
64,60-64,old_vaccine,0.0,0.0,0.0,0.0
64,60-64,new_vaccine,0.0,0.0,0.0,0.0
64,65-69,unvaccinated,4872.0,4302.0,481.5,0.0
64,65-69,old_vaccine,0.0,0.0,0.0,0.0
64,65-69,new_vaccine,0.0,0.0,0.0,0.0
64,70-74,unvaccinated,5657.5,3270.5,950.5,0.0
64,70-74,old_vaccine,0.0,0.0,0.0,0.0
64,70-74,new_vaccine,0.0,0.0,0.0,0.0
64,75+,unvaccinated,10296.0,5108.0,3053.5,0.0
64,75+,old_vaccine,0.0,0.0,0.0,0.0
64,75+,new_vaccine,0.0,0.0,0.0,0.0
65,0-4,unvaccinated,676.0,9735.5,13.5,0.0
65,0-4,old_vaccine,0.0,0.0,0.0,0.0
65,0-4,new_vaccine,0.0,0.0,0.0,0.0
65,5-9,unvaccinated,178.0,11006.5,0.5,0.0
65,5-9,old_vaccine,0.0,0.0,0.0,0.0
65,5-9,new_vaccine,0.0,0.0,0.0,0.0
65,10-14,unvaccinated,253.5,10301.5,3.0,0.0
65,10-14,old_vaccine,0.0,0.0,0.0,0.0
65,10-14,new_vaccine,0.0,0.0,0.0,0.0
65,15-19,unvaccinated,238.0,9613.5,2.0,0.0
65,15-19,old_vaccine,0.0,0.0,0.0,0.0
65,15-19,new_vaccine,0.0,0.0,0.0,0.0
65,20-24,unvaccinated,727.5,10107.0,5.5,0.0
65,20-24,old_vaccine,0.0,0.0,0.0,0.0
65,20-24,new_vaccine,0.0,0.0,0.0,0.0
65,25-29,unvaccinated,1199.0,10956.0,4.5,0.0
65,25-29,old_vaccine,0.0,0.0,0.0,0.0
65,25-29,new_vaccine,0.0,0.0,0.0,0.0
65,30-34,unvaccinated,1262.0,11080.5,7.0,0.0
65,30-34,old_vaccine,0.0,0.0,0.0,0.0
65,30-34,new_vaccine,0.0,0.0,0.0,0.0
65,35-39,unvaccinated,1117.5,11056.0,12.0,0.0
65,35-39,old_vaccine,0.0,0.0,0.0,0.0
65,35-39,new_vaccine,0.0,0.0,0.0,0.0
65,40-44,unvaccinated,1164.0,10473.0,15.5,0.0
65,40-44,old_vaccine,0.0,0.0,0.0,0.0
65,40-44,new_vaccine,0.0,0.0,0.0,0.0
65,45-49,unvaccinated,1403.0,9949.5,33.5,0.0
65,45-49,old_vaccine,0.0,0.0,0.0,0.0
65,45-49,new_vaccine,0.0,0.0,0.0,0.0
65,50-54,unvaccinated,2431.5,10068.5,88.5,0.0
65,50-54,old_vaccine,0.0,0.0,0.0,0.0
65,50-54,new_vaccine,0.0,0.0,0.0,0.0
65,55-59,unvaccinated,3155.5,9039.0,108.0,0.0
65,55-59,old_vaccine,0.0,0.0,0.0,0.0
65,55-59,new_vaccine,0.0,0.0,0.0,0.0
65,60-64,unvaccinated,3022.5,7392.5,260.0,0.0
65,60-64,old_vaccine,0.0,0.0,0.0,0.0
65,60-64,new_vaccine,0.0,0.0,0.0,0.0
65,65-69,unvaccinated,4868.0,4287.0,481.5,0.0
65,65-69,old_vaccine,0.0,0.0,0.0,0.0
65,65-69,new_vaccine,0.0,0.0,0.0,0.0
65,70-74,unvaccinated,5633.5,3268.0,949.0,0.0
65,70-74,old_vaccine,0.0,0.0,0.0,0.0
65,70-74,new_vaccine,0.0,0.0,0.0,0.0
65,75+,unvaccinated,10245.0,5109.0,3055.0,0.0
65,75+,old_vaccine,0.0,0.0,0.0,0.0
65,75+,new_vaccine,0.0,0.0,0.0,0.0
66,0-4,unvaccinated,679.0,9695.0,13.0,0.0
66,0-4,old_vaccine,0.0,0.0,0.0,0.0
66,0-4,new_vaccine,0.0,0.0,0.0,0.0
66,5-9,unvaccinated,176.0,10903.5,0.5,0.0
66,5-9,old_vaccine,0.0,0.0,0.0,0.0
66,5-9,new_vaccine,0.0,0.0,0.0,0.0
66,10-14,unvaccinated,248.0,10208.0,3.0,0.0
66,10-14,old_vaccine,0.0,0.0,0.0,0.0
66,10-14,new_vaccine,0.0,0.0,0.0,0.0
66,15-19,unvaccinated,233.5,9547.0,2.0,0.0
66,15-19,old_vaccine,0.0,0.0,0.0,0.0
66,15-19,new_vaccine,0.0,0.0,0.0,0.0
66,20-24,unvaccinated,720.5,10070.5,5.0,0.0
66,20-24,old_vaccine,0.0,0.0,0.0,0.0
66,20-24,new_vaccine,0.0,0.0,0.0,0.0
66,25-29,unvaccinated,1203.5,10885.0,4.5,0.0
66,25-29,old_vaccine,0.0,0.0,0.0,0.0
66,25-29,new_vaccine,0.0,0.0,0.0,0.0
66,30-34,unvaccinated,1249.0,10989.5,7.0,0.0
66,30-34,old_vaccine,0.0,0.0,0.0,0.0
66,30-34,new_vaccine,0.0,0.0,0.0,0.0
66,35-39,unvaccinated,1120.0,10937.0,11.5,0.0
66,35-39,old_vaccine,0.0,0.0,0.0,0.0
66,35-39,new_vaccine,0.0,0.0,0.0,0.0
66,40-44,unvaccinated,1157.0,10451.5,17.0,0.0
66,40-44,old_vaccine,0.0,0.0,0.0,0.0
66,40-44,new_vaccine,0.0,0.0,0.0,0.0
66,45-49,unvaccinated,1404.5,9900.0,34.5,0.0
66,45-49,old_vaccine,0.0,0.0,0.0,0.0
66,45-49,new_vaccine,0.0,0.0,0.0,0.0
66,50-54,unvaccinated,2393.5,10021.0,87.0,0.0
66,50-54,old_vaccine,0.0,0.0,0.0,0.0
66,50-54,new_vaccine,0.0,0.0,0.0,0.0
66,55-59,unvaccinated,3123.5,8996.5,108.5,0.0
66,55-59,old_vaccine,0.0,0.0,0.0,0.0
66,55-59,new_vaccine,0.0,0.0,0.0,0.0
66,60-64,unvaccinated,3011.5,7347.0,259.5,0.0
66,60-64,old_vaccine,0.0,0.0,0.0,0.0
66,60-64,new_vaccine,0.0,0.0,0.0,0.0
66,65-69,unvaccinated,4831.5,4272.0,481.0,0.0
66,65-69,old_vaccine,0.0,0.0,0.0,0.0
66,65-69,new_vaccine,0.0,0.0,0.0,0.0
66,70-74,unvaccinated,5594.5,3262.0,950.5,0.0
66,70-74,old_vaccine,0.0,0.0,0.0,0.0
66,70-74,new_vaccine,0.0,0.0,0.0,0.0
66,75+,unvaccinated,10176.0,5076.0,3057.0,0.0
66,75+,old_vaccine,0.0,0.0,0.0,0.0
66,75+,new_vaccine,0.0,0.0,0.0,0.0
67,0-4,unvaccinated,667.5,9600.0,13.0,0.0
67,0-4,old_vaccine,0.0,0.0,0.0,0.0
67,0-4,new_vaccine,0.0,0.0,0.0,0.0
67,5-9,unvaccinated,177.0,10847.0,0.5,0.0
67,5-9,old_vaccine,0.0,0.0,0.0,0.0
67,5-9,new_vaccine,0.0,0.0,0.0,0.0
67,10-14,unvaccinated,248.0,10157.5,2.5,0.0
67,10-14,old_vaccine,0.0,0.0,0.0,0.0
67,10-14,new_vaccine,0.0,0.0,0.0,0.0
67,15-19,unvaccinated,232.5,9493.0,1.5,0.0
67,15-19,old_vaccine,0.0,0.0,0.0,0.0
67,15-19,new_vaccine,0.0,0.0,0.0,0.0
67,20-24,unvaccinated,718.5,10008.5,4.0,0.0
67,20-24,old_vaccine,0.0,0.0,0.0,0.0
67,20-24,new_vaccine,0.0,0.0,0.0,0.0
67,25-29,unvaccinated,1195.0,10833.5,4.5,0.0
67,25-29,old_vaccine,0.0,0.0,0.0,0.0
67,25-29,new_vaccine,0.0,0.0,0.0,0.0
67,30-34,unvaccinated,1252.5,10937.0,7.0,0.0
67,30-34,old_vaccine,0.0,0.0,0.0,0.0
67,30-34,new_vaccine,0.0,0.0,0.0,0.0
67,35-39,unvaccinated,1119.5,10869.0,11.0,0.0
67,35-39,old_vaccine,0.0,0.0,0.0,0.0
67,35-39,new_vaccine,0.0,0.0,0.0,0.0
67,40-44,unvaccinated,1148.5,10375.5,16.5,0.0
67,40-44,old_vaccine,0.0,0.0,0.0,0.0
67,40-44,new_vaccine,0.0,0.0,0.0,0.0
67,45-49,unvaccinated,1393.5,9831.0,34.0,0.0
67,45-49,old_vaccine,0.0,0.0,0.0,0.0
67,45-49,new_vaccine,0.0,0.0,0.0,0.0
67,50-54,unvaccinated,2392.0,9929.5,85.5,0.0
67,50-54,old_vaccine,0.0,0.0,0.0,0.0
67,50-54,new_vaccine,0.0,0.0,0.0,0.0
67,55-59,unvaccinated,3107.0,8919.5,109.5,0.0
67,55-59,old_vaccine,0.0,0.0,0.0,0.0
67,55-59,new_vaccine,0.0,0.0,0.0,0.0
67,60-64,unvaccinated,2980.5,7321.5,258.0,0.0
67,60-64,old_vaccine,0.0,0.0,0.0,0.0
67,60-64,new_vaccine,0.0,0.0,0.0,0.0
67,65-69,unvaccinated,4817.0,4241.0,482.0,0.0
67,65-69,old_vaccine,0.0,0.0,0.0,0.0
67,65-69,new_vaccine,0.0,0.0,0.0,0.0
67,70-74,unvaccinated,5572.0,3237.5,951.0,0.0
67,70-74,old_vaccine,0.0,0.0,0.0,0.0
67,70-74,new_vaccine,0.0,0.0,0.0,0.0
67,75+,unvaccinated,10106.0,5028.5,3056.5,0.0
67,75+,old_vaccine,0.0,0.0,0.0,0.0
67,75+,new_vaccine,0.0,0.0,0.0,0.0
68,0-4,unvaccinated,663.5,9527.0,13.5,0.0
68,0-4,old_vaccine,0.0,0.0,0.0,0.0
68,0-4,new_vaccine,0.0,0.0,0.0,0.0
68,5-9,unvaccinated,166.5,10760.0,0.5,0.0
68,5-9,old_vaccine,0.0,0.0,0.0,0.0
68,5-9,new_vaccine,0.0,0.0,0.0,0.0
68,10-14,unvaccinated,245.0,10102.5,2.5,0.0
68,10-14,old_vaccine,0.0,0.0,0.0,0.0
68,10-14,new_vaccine,0.0,0.0,0.0,0.0
68,15-19,unvaccinated,229.0,9466.5,1.5,0.0
68,15-19,old_vaccine,0.0,0.0,0.0,0.0
68,15-19,new_vaccine,0.0,0.0,0.0,0.0
68,20-24,unvaccinated,709.0,9944.5,4.5,0.0
68,20-24,old_vaccine,0.0,0.0,0.0,0.0
68,20-24,new_vaccine,0.0,0.0,0.0,0.0
68,25-29,unvaccinated,1190.5,10761.5,4.5,0.0
68,25-29,old_vaccine,0.0,0.0,0.0,0.0
68,25-29,new_vaccine,0.0,0.0,0.0,0.0
68,30-34,unvaccinated,1248.5,10869.0,6.5,0.0
68,30-34,old_vaccine,0.0,0.0,0.0,0.0
68,30-34,new_vaccine,0.0,0.0,0.0,0.0
68,35-39,unvaccinated,1098.0,10828.0,13.0,0.0
68,35-39,old_vaccine,0.0,0.0,0.0,0.0
68,35-39,new_vaccine,0.0,0.0,0.0,0.0
68,40-44,unvaccinated,1134.0,10335.5,17.0,0.0
68,40-44,old_vaccine,0.0,0.0,0.0,0.0
68,40-44,new_vaccine,0.0,0.0,0.0,0.0
68,45-49,unvaccinated,1389.5,9788.5,33.5,0.0
68,45-49,old_vaccine,0.0,0.0,0.0,0.0
68,45-49,new_vaccine,0.0,0.0,0.0,0.0
68,50-54,unvaccinated,2373.5,9866.0,85.0,0.0
68,50-54,old_vaccine,0.0,0.0,0.0,0.0
68,50-54,new_vaccine,0.0,0.0,0.0,0.0
68,55-59,unvaccinated,3085.5,8855.5,108.5,0.0
68,55-59,old_vaccine,0.0,0.0,0.0,0.0
68,55-59,new_vaccine,0.0,0.0,0.0,0.0
68,60-64,unvaccinated,2960.5,7309.5,259.5,0.0
68,60-64,old_vaccine,0.0,0.0,0.0,0.0
68,60-64,new_vaccine,0.0,0.0,0.0,0.0
68,65-69,unvaccinated,4807.0,4226.5,481.0,0.0
68,65-69,old_vaccine,0.0,0.0,0.0,0.0
68,65-69,new_vaccine,0.0,0.0,0.0,0.0
68,70-74,unvaccinated,5521.0,3206.5,951.0,0.0
68,70-74,old_vaccine,0.0,0.0,0.0,0.0
68,70-74,new_vaccine,0.0,0.0,0.0,0.0
68,75+,unvaccinated,10025.5,4997.0,3060.5,0.0
68,75+,old_vaccine,0.0,0.0,0.0,0.0
68,75+,new_vaccine,0.0,0.0,0.0,0.0
69,0-4,unvaccinated,658.5,9493.0,12.5,0.0
69,0-4,old_vaccine,0.0,0.0,0.0,0.0
69,0-4,new_vaccine,0.0,0.0,0.0,0.0
69,5-9,unvaccinated,169.5,10692.5,0.5,0.0
69,5-9,old_vaccine,0.0,0.0,0.0,0.0
69,5-9,new_vaccine,0.0,0.0,0.0,0.0
69,10-14,unvaccinated,244.5,10050.5,3.0,0.0
69,10-14,old_vaccine,0.0,0.0,0.0,0.0
69,10-14,new_vaccine,0.0,0.0,0.0,0.0
69,15-19,unvaccinated,233.0,9455.5,1.5,0.0
69,15-19,old_vaccine,0.0,0.0,0.0,0.0
69,15-19,new_vaccine,0.0,0.0,0.0,0.0
69,20-24,unvaccinated,710.0,9899.5,5.0,0.0
69,20-24,old_vaccine,0.0,0.0,0.0,0.0
69,20-24,new_vaccine,0.0,0.0,0.0,0.0
69,25-29,unvaccinated,1184.0,10702.5,4.5,0.0
69,25-29,old_vaccine,0.0,0.0,0.0,0.0
69,25-29,new_vaccine,0.0,0.0,0.0,0.0
69,30-34,unvaccinated,1241.5,10834.5,6.5,0.0
69,30-34,old_vaccine,0.0,0.0,0.0,0.0
69,30-34,new_vaccine,0.0,0.0,0.0,0.0
69,35-39,unvaccinated,1090.0,10762.0,12.0,0.0
69,35-39,old_vaccine,0.0,0.0,0.0,0.0
69,35-39,new_vaccine,0.0,0.0,0.0,0.0
69,40-44,unvaccinated,1137.0,10302.0,16.5,0.0
69,40-44,old_vaccine,0.0,0.0,0.0,0.0
69,40-44,new_vaccine,0.0,0.0,0.0,0.0
69,45-49,unvaccinated,1385.5,9754.5,33.5,0.0
69,45-49,old_vaccine,0.0,0.0,0.0,0.0
69,45-49,new_vaccine,0.0,0.0,0.0,0.0
69,50-54,unvaccinated,2357.0,9836.0,85.0,0.0
69,50-54,old_vaccine,0.0,0.0,0.0,0.0
69,50-54,new_vaccine,0.0,0.0,0.0,0.0
69,55-59,unvaccinated,3064.5,8818.5,107.5,0.0
69,55-59,old_vaccine,0.0,0.0,0.0,0.0
69,55-59,new_vaccine,0.0,0.0,0.0,0.0
69,60-64,unvaccinated,2954.5,7248.5,259.0,0.0
69,60-64,old_vaccine,0.0,0.0,0.0,0.0
69,60-64,new_vaccine,0.0,0.0,0.0,0.0
69,65-69,unvaccinated,4793.0,4190.5,481.5,0.0
69,65-69,old_vaccine,0.0,0.0,0.0,0.0
69,65-69,new_vaccine,0.0,0.0,0.0,0.0
69,70-74,unvaccinated,5484.5,3177.0,952.5,0.0
69,70-74,old_vaccine,0.0,0.0,0.0,0.0
69,70-74,new_vaccine,0.0,0.0,0.0,0.0
69,75+,unvaccinated,9991.0,4984.5,3063.5,0.0
69,75+,old_vaccine,0.0,0.0,0.0,0.0
69,75+,new_vaccine,0.0,0.0,0.0,0.0
70,0-4,unvaccinated,661.0,9498.5,13.0,0.0
70,0-4,old_vaccine,0.0,0.0,0.0,0.0
70,0-4,new_vaccine,0.0,0.0,0.0,0.0
70,5-9,unvaccinated,170.0,10622.5,0.5,0.0
70,5-9,old_vaccine,0.0,0.0,0.0,0.0
70,5-9,new_vaccine,0.0,0.0,0.0,0.0
70,10-14,unvaccinated,245.0,10067.5,2.5,0.0
70,10-14,old_vaccine,0.0,0.0,0.0,0.0
70,10-14,new_vaccine,0.0,0.0,0.0,0.0
70,15-19,unvaccinated,230.5,9441.5,1.5,0.0
70,15-19,old_vaccine,0.0,0.0,0.0,0.0
70,15-19,new_vaccine,0.0,0.0,0.0,0.0
70,20-24,unvaccinated,708.5,9871.0,5.0,0.0
70,20-24,old_vaccine,0.0,0.0,0.0,0.0
70,20-24,new_vaccine,0.0,0.0,0.0,0.0
70,25-29,unvaccinated,1180.5,10703.5,4.0,0.0
70,25-29,old_vaccine,0.0,0.0,0.0,0.0
70,25-29,new_vaccine,0.0,0.0,0.0,0.0
70,30-34,unvaccinated,1243.0,10801.0,6.0,0.0
70,30-34,old_vaccine,0.0,0.0,0.0,0.0
70,30-34,new_vaccine,0.0,0.0,0.0,0.0
70,35-39,unvaccinated,1083.0,10732.0,12.0,0.0
70,35-39,old_vaccine,0.0,0.0,0.0,0.0
70,35-39,new_vaccine,0.0,0.0,0.0,0.0
70,40-44,unvaccinated,1148.0,10278.0,16.5,0.0
70,40-44,old_vaccine,0.0,0.0,0.0,0.0
70,40-44,new_vaccine,0.0,0.0,0.0,0.0
70,45-49,unvaccinated,1383.5,9737.0,33.5,0.0
70,45-49,old_vaccine,0.0,0.0,0.0,0.0
70,45-49,new_vaccine,0.0,0.0,0.0,0.0
70,50-54,unvaccinated,2345.0,9835.0,84.5,0.0
70,50-54,old_vaccine,0.0,0.0,0.0,0.0
70,50-54,new_vaccine,0.0,0.0,0.0,0.0
70,55-59,unvaccinated,3041.0,8783.0,107.0,0.0
70,55-59,old_vaccine,0.0,0.0,0.0,0.0
70,55-59,new_vaccine,0.0,0.0,0.0,0.0
70,60-64,unvaccinated,2944.0,7227.0,258.0,0.0
70,60-64,old_vaccine,0.0,0.0,0.0,0.0
70,60-64,new_vaccine,0.0,0.0,0.0,0.0
70,65-69,unvaccinated,4762.0,4208.5,478.0,0.0
70,65-69,old_vaccine,0.0,0.0,0.0,0.0
70,65-69,new_vaccine,0.0,0.0,0.0,0.0
70,70-74,unvaccinated,5482.0,3177.5,952.5,0.0
70,70-74,old_vaccine,0.0,0.0,0.0,0.0
70,70-74,new_vaccine,0.0,0.0,0.0,0.0
70,75+,unvaccinated,9991.0,4968.5,3069.5,0.0
70,75+,old_vaccine,0.0,0.0,0.0,0.0
70,75+,new_vaccine,0.0,0.0,0.0,0.0
71,0-4,unvaccinated,669.5,9509.0,12.5,0.0
71,0-4,old_vaccine,0.0,0.0,0.0,0.0
71,0-4,new_vaccine,0.0,0.0,0.0,0.0
71,5-9,unvaccinated,170.0,10667.5,0.5,0.0
71,5-9,old_vaccine,0.0,0.0,0.0,0.0
71,5-9,new_vaccine,0.0,0.0,0.0,0.0
71,10-14,unvaccinated,244.0,10094.5,2.5,0.0
71,10-14,old_vaccine,0.0,0.0,0.0,0.0
71,10-14,new_vaccine,0.0,0.0,0.0,0.0
71,15-19,unvaccinated,227.0,9488.0,1.5,0.0
71,15-19,old_vaccine,0.0,0.0,0.0,0.0
71,15-19,new_vaccine,0.0,0.0,0.0,0.0
71,20-24,unvaccinated,720.0,9874.5,5.5,0.0
71,20-24,old_vaccine,0.0,0.0,0.0,0.0
71,20-24,new_vaccine,0.0,0.0,0.0,0.0
71,25-29,unvaccinated,1184.5,10693.0,4.0,0.0
71,25-29,old_vaccine,0.0,0.0,0.0,0.0
71,25-29,new_vaccine,0.0,0.0,0.0,0.0
71,30-34,unvaccinated,1240.5,10843.0,6.0,0.0
71,30-34,old_vaccine,0.0,0.0,0.0,0.0
71,30-34,new_vaccine,0.0,0.0,0.0,0.0
71,35-39,unvaccinated,1081.0,10768.5,12.0,0.0
71,35-39,old_vaccine,0.0,0.0,0.0,0.0
71,35-39,new_vaccine,0.0,0.0,0.0,0.0
71,40-44,unvaccinated,1151.5,10285.5,16.0,0.0
71,40-44,old_vaccine,0.0,0.0,0.0,0.0
71,40-44,new_vaccine,0.0,0.0,0.0,0.0
71,45-49,unvaccinated,1391.5,9718.0,35.0,0.0
71,45-49,old_vaccine,0.0,0.0,0.0,0.0
71,45-49,new_vaccine,0.0,0.0,0.0,0.0
71,50-54,unvaccinated,2351.0,9837.0,84.0,0.0
71,50-54,old_vaccine,0.0,0.0,0.0,0.0
71,50-54,new_vaccine,0.0,0.0,0.0,0.0
71,55-59,unvaccinated,3078.5,8803.5,107.0,0.0
71,55-59,old_vaccine,0.0,0.0,0.0,0.0
71,55-59,new_vaccine,0.0,0.0,0.0,0.0
71,60-64,unvaccinated,2938.0,7236.5,259.5,0.0
71,60-64,old_vaccine,0.0,0.0,0.0,0.0
71,60-64,new_vaccine,0.0,0.0,0.0,0.0
71,65-69,unvaccinated,4756.0,4202.5,479.5,0.0
71,65-69,old_vaccine,0.0,0.0,0.0,0.0
71,65-69,new_vaccine,0.0,0.0,0.0,0.0
71,70-74,unvaccinated,5469.5,3172.5,954.0,0.0
71,70-74,old_vaccine,0.0,0.0,0.0,0.0
71,70-74,new_vaccine,0.0,0.0,0.0,0.0
71,75+,unvaccinated,10002.5,4966.5,3070.0,0.0
71,75+,old_vaccine,0.0,0.0,0.0,0.0
71,75+,new_vaccine,0.0,0.0,0.0,0.0
72,0-4,unvaccinated,675.0,9512.0,12.5,0.0
72,0-4,old_vaccine,0.0,0.0,0.0,0.0
72,0-4,new_vaccine,0.0,0.0,0.0,0.0
72,5-9,unvaccinated,177.0,10686.0,0.5,0.0
72,5-9,old_vaccine,0.0,0.0,0.0,0.0
72,5-9,new_vaccine,0.0,0.0,0.0,0.0
72,10-14,unvaccinated,242.0,10137.5,3.0,0.0
72,10-14,old_vaccine,0.0,0.0,0.0,0.0
72,10-14,new_vaccine,0.0,0.0,0.0,0.0
72,15-19,unvaccinated,225.0,9517.0,1.5,0.0
72,15-19,old_vaccine,0.0,0.0,0.0,0.0
72,15-19,new_vaccine,0.0,0.0,0.0,0.0
72,20-24,unvaccinated,722.0,9907.5,6.0,0.0
72,20-24,old_vaccine,0.0,0.0,0.0,0.0
72,20-24,new_vaccine,0.0,0.0,0.0,0.0
72,25-29,unvaccinated,1186.0,10716.0,3.5,0.0
72,25-29,old_vaccine,0.0,0.0,0.0,0.0
72,25-29,new_vaccine,0.0,0.0,0.0,0.0
72,30-34,unvaccinated,1241.0,10898.0,6.0,0.0
72,30-34,old_vaccine,0.0,0.0,0.0,0.0
72,30-34,new_vaccine,0.0,0.0,0.0,0.0
72,35-39,unvaccinated,1083.0,10835.5,11.5,0.0
72,35-39,old_vaccine,0.0,0.0,0.0,0.0
72,35-39,new_vaccine,0.0,0.0,0.0,0.0
72,40-44,unvaccinated,1152.5,10291.5,15.0,0.0
72,40-44,old_vaccine,0.0,0.0,0.0,0.0
72,40-44,new_vaccine,0.0,0.0,0.0,0.0
72,45-49,unvaccinated,1395.5,9738.5,35.0,0.0
72,45-49,old_vaccine,0.0,0.0,0.0,0.0
72,45-49,new_vaccine,0.0,0.0,0.0,0.0
72,50-54,unvaccinated,2379.0,9858.0,84.5,0.0
72,50-54,old_vaccine,0.0,0.0,0.0,0.0
72,50-54,new_vaccine,0.0,0.0,0.0,0.0
72,55-59,unvaccinated,3108.5,8841.0,107.0,0.0
72,55-59,old_vaccine,0.0,0.0,0.0,0.0
72,55-59,new_vaccine,0.0,0.0,0.0,0.0
72,60-64,unvaccinated,2956.0,7238.0,260.0,0.0
72,60-64,old_vaccine,0.0,0.0,0.0,0.0
72,60-64,new_vaccine,0.0,0.0,0.0,0.0
72,65-69,unvaccinated,4768.5,4214.5,478.5,0.0
72,65-69,old_vaccine,0.0,0.0,0.0,0.0
72,65-69,new_vaccine,0.0,0.0,0.0,0.0
72,70-74,unvaccinated,5492.5,3168.5,955.5,0.0
72,70-74,old_vaccine,0.0,0.0,0.0,0.0
72,70-74,new_vaccine,0.0,0.0,0.0,0.0
72,75+,unvaccinated,10024.5,4975.0,3073.0,0.0
72,75+,old_vaccine,0.0,0.0,0.0,0.0
72,75+,new_vaccine,0.0,0.0,0.0,0.0
73,0-4,unvaccinated,676.0,9559.5,12.0,0.0
73,0-4,old_vaccine,0.0,0.0,0.0,0.0
73,0-4,new_vaccine,0.0,0.0,0.0,0.0
73,5-9,unvaccinated,181.0,10749.5,0.5,0.0
73,5-9,old_vaccine,0.0,0.0,0.0,0.0
73,5-9,new_vaccine,0.0,0.0,0.0,0.0
73,10-14,unvaccinated,245.0,10223.5,2.5,0.0
73,10-14,old_vaccine,0.0,0.0,0.0,0.0
73,10-14,new_vaccine,0.0,0.0,0.0,0.0
73,15-19,unvaccinated,225.0,9531.0,1.5,0.0
73,15-19,old_vaccine,0.0,0.0,0.0,0.0
73,15-19,new_vaccine,0.0,0.0,0.0,0.0
73,20-24,unvaccinated,721.5,9936.0,6.0,0.0
73,20-24,old_vaccine,0.0,0.0,0.0,0.0
73,20-24,new_vaccine,0.0,0.0,0.0,0.0
73,25-29,unvaccinated,1190.5,10731.5,3.0,0.0
73,25-29,old_vaccine,0.0,0.0,0.0,0.0
73,25-29,new_vaccine,0.0,0.0,0.0,0.0
73,30-34,unvaccinated,1252.0,10949.0,5.5,0.0
73,30-34,old_vaccine,0.0,0.0,0.0,0.0
73,30-34,new_vaccine,0.0,0.0,0.0,0.0
73,35-39,unvaccinated,1088.5,10886.5,11.5,0.0
73,35-39,old_vaccine,0.0,0.0,0.0,0.0
73,35-39,new_vaccine,0.0,0.0,0.0,0.0
73,40-44,unvaccinated,1158.5,10312.5,15.0,0.0
73,40-44,old_vaccine,0.0,0.0,0.0,0.0
73,40-44,new_vaccine,0.0,0.0,0.0,0.0
73,45-49,unvaccinated,1400.5,9793.0,35.0,0.0
73,45-49,old_vaccine,0.0,0.0,0.0,0.0
73,45-49,new_vaccine,0.0,0.0,0.0,0.0
73,50-54,unvaccinated,2409.0,9922.5,85.0,0.0
73,50-54,old_vaccine,0.0,0.0,0.0,0.0
73,50-54,new_vaccine,0.0,0.0,0.0,0.0
73,55-59,unvaccinated,3115.0,8866.5,107.5,0.0
73,55-59,old_vaccine,0.0,0.0,0.0,0.0
73,55-59,new_vaccine,0.0,0.0,0.0,0.0
73,60-64,unvaccinated,2967.0,7269.5,259.5,0.0
73,60-64,old_vaccine,0.0,0.0,0.0,0.0
73,60-64,new_vaccine,0.0,0.0,0.0,0.0
73,65-69,unvaccinated,4793.5,4212.0,482.0,0.0
73,65-69,old_vaccine,0.0,0.0,0.0,0.0
73,65-69,new_vaccine,0.0,0.0,0.0,0.0
73,70-74,unvaccinated,5526.5,3192.0,955.0,0.0
73,70-74,old_vaccine,0.0,0.0,0.0,0.0
73,70-74,new_vaccine,0.0,0.0,0.0,0.0
73,75+,unvaccinated,10071.0,5005.0,3079.0,0.0
73,75+,old_vaccine,0.0,0.0,0.0,0.0
73,75+,new_vaccine,0.0,0.0,0.0,0.0
74,0-4,unvaccinated,670.5,9630.0,12.0,0.0
74,0-4,old_vaccine,0.0,0.0,0.0,0.0
74,0-4,new_vaccine,0.0,0.0,0.0,0.0
74,5-9,unvaccinated,181.5,10792.5,0.5,0.0
74,5-9,old_vaccine,0.0,0.0,0.0,0.0
74,5-9,new_vaccine,0.0,0.0,0.0,0.0
74,10-14,unvaccinated,244.0,10266.0,2.5,0.0
74,10-14,old_vaccine,0.0,0.0,0.0,0.0
74,10-14,new_vaccine,0.0,0.0,0.0,0.0
74,15-19,unvaccinated,223.5,9573.5,1.5,0.0
74,15-19,old_vaccine,0.0,0.0,0.0,0.0
74,15-19,new_vaccine,0.0,0.0,0.0,0.0
74,20-24,unvaccinated,728.5,10014.5,6.0,0.0
74,20-24,old_vaccine,0.0,0.0,0.0,0.0
74,20-24,new_vaccine,0.0,0.0,0.0,0.0
74,25-29,unvaccinated,1189.5,10760.0,3.0,0.0
74,25-29,old_vaccine,0.0,0.0,0.0,0.0
74,25-29,new_vaccine,0.0,0.0,0.0,0.0
74,30-34,unvaccinated,1245.0,11000.5,5.5,0.0
74,30-34,old_vaccine,0.0,0.0,0.0,0.0
74,30-34,new_vaccine,0.0,0.0,0.0,0.0
74,35-39,unvaccinated,1079.0,10985.5,10.5,0.0
74,35-39,old_vaccine,0.0,0.0,0.0,0.0
74,35-39,new_vaccine,0.0,0.0,0.0,0.0
74,40-44,unvaccinated,1164.5,10335.0,14.5,0.0
74,40-44,old_vaccine,0.0,0.0,0.0,0.0
74,40-44,new_vaccine,0.0,0.0,0.0,0.0
74,45-49,unvaccinated,1400.5,9829.5,34.5,0.0
74,45-49,old_vaccine,0.0,0.0,0.0,0.0
74,45-49,new_vaccine,0.0,0.0,0.0,0.0
74,50-54,unvaccinated,2427.0,9963.5,85.0,0.0
74,50-54,old_vaccine,0.0,0.0,0.0,0.0
74,50-54,new_vaccine,0.0,0.0,0.0,0.0
74,55-59,unvaccinated,3132.5,8925.0,107.5,0.0
74,55-59,old_vaccine,0.0,0.0,0.0,0.0
74,55-59,new_vaccine,0.0,0.0,0.0,0.0
74,60-64,unvaccinated,2986.5,7296.0,259.0,0.0
74,60-64,old_vaccine,0.0,0.0,0.0,0.0
74,60-64,new_vaccine,0.0,0.0,0.0,0.0
74,65-69,unvaccinated,4831.0,4237.5,483.0,0.0
74,65-69,old_vaccine,0.0,0.0,0.0,0.0
74,65-69,new_vaccine,0.0,0.0,0.0,0.0
74,70-74,unvaccinated,5562.0,3221.0,956.5,0.0
74,70-74,old_vaccine,0.0,0.0,0.0,0.0
74,70-74,new_vaccine,0.0,0.0,0.0,0.0
74,75+,unvaccinated,10114.0,5036.5,3090.0,0.0
74,75+,old_vaccine,0.0,0.0,0.0,0.0
74,75+,new_vaccine,0.0,0.0,0.0,0.0
75,0-4,unvaccinated,673.5,9680.5,11.5,0.0
75,0-4,old_vaccine,0.0,0.0,0.0,0.0
75,0-4,new_vaccine,0.0,0.0,0.0,0.0
75,5-9,unvaccinated,185.0,10869.5,0.0,0.0
75,5-9,old_vaccine,0.0,0.0,0.0,0.0
75,5-9,new_vaccine,0.0,0.0,0.0,0.0
75,10-14,unvaccinated,241.5,10311.5,3.0,0.0
75,10-14,old_vaccine,0.0,0.0,0.0,0.0
75,10-14,new_vaccine,0.0,0.0,0.0,0.0
75,15-19,unvaccinated,224.5,9618.5,1.5,0.0
75,15-19,old_vaccine,0.0,0.0,0.0,0.0
75,15-19,new_vaccine,0.0,0.0,0.0,0.0
75,20-24,unvaccinated,722.0,10053.5,6.0,0.0
75,20-24,old_vaccine,0.0,0.0,0.0,0.0
75,20-24,new_vaccine,0.0,0.0,0.0,0.0
75,25-29,unvaccinated,1194.5,10831.5,3.0,0.0
75,25-29,old_vaccine,0.0,0.0,0.0,0.0
75,25-29,new_vaccine,0.0,0.0,0.0,0.0
75,30-34,unvaccinated,1250.5,11027.0,5.5,0.0
75,30-34,old_vaccine,0.0,0.0,0.0,0.0
75,30-34,new_vaccine,0.0,0.0,0.0,0.0
75,35-39,unvaccinated,1097.5,11015.0,11.0,0.0
75,35-39,old_vaccine,0.0,0.0,0.0,0.0
75,35-39,new_vaccine,0.0,0.0,0.0,0.0
75,40-44,unvaccinated,1165.0,10381.5,17.0,0.0
75,40-44,old_vaccine,0.0,0.0,0.0,0.0
75,40-44,new_vaccine,0.0,0.0,0.0,0.0
75,45-49,unvaccinated,1408.0,9866.5,34.0,0.0
75,45-49,old_vaccine,0.0,0.0,0.0,0.0
75,45-49,new_vaccine,0.0,0.0,0.0,0.0
75,50-54,unvaccinated,2453.0,10010.0,84.5,0.0
75,50-54,old_vaccine,0.0,0.0,0.0,0.0
75,50-54,new_vaccine,0.0,0.0,0.0,0.0
75,55-59,unvaccinated,3154.5,8951.5,107.5,0.0
75,55-59,old_vaccine,0.0,0.0,0.0,0.0
75,55-59,new_vaccine,0.0,0.0,0.0,0.0
75,60-64,unvaccinated,2994.5,7300.5,259.5,0.0
75,60-64,old_vaccine,0.0,0.0,0.0,0.0
75,60-64,new_vaccine,0.0,0.0,0.0,0.0
75,65-69,unvaccinated,4849.5,4250.5,484.0,0.0
75,65-69,old_vaccine,0.0,0.0,0.0,0.0
75,65-69,new_vaccine,0.0,0.0,0.0,0.0
75,70-74,unvaccinated,5581.0,3248.0,961.0,0.0
75,70-74,old_vaccine,0.0,0.0,0.0,0.0
75,70-74,new_vaccine,0.0,0.0,0.0,0.0
75,75+,unvaccinated,10133.5,5059.5,3092.5,0.0
75,75+,old_vaccine,0.0,0.0,0.0,0.0
75,75+,new_vaccine,0.0,0.0,0.0,0.0
76,0-4,unvaccinated,677.5,9679.5,11.0,0.0
76,0-4,old_vaccine,0.0,0.0,0.0,0.0
76,0-4,new_vaccine,0.0,0.0,0.0,0.0
76,5-9,unvaccinated,186.5,10879.5,0.0,0.0
76,5-9,old_vaccine,0.0,0.0,0.0,0.0
76,5-9,new_vaccine,0.0,0.0,0.0,0.0
76,10-14,unvaccinated,239.5,10319.5,3.0,0.0
76,10-14,old_vaccine,0.0,0.0,0.0,0.0
76,10-14,new_vaccine,0.0,0.0,0.0,0.0
76,15-19,unvaccinated,227.5,9607.5,1.5,0.0
76,15-19,old_vaccine,0.0,0.0,0.0,0.0
76,15-19,new_vaccine,0.0,0.0,0.0,0.0
76,20-24,unvaccinated,724.5,10066.5,5.0,0.0
76,20-24,old_vaccine,0.0,0.0,0.0,0.0
76,20-24,new_vaccine,0.0,0.0,0.0,0.0
76,25-29,unvaccinated,1210.0,10873.5,3.0,0.0
76,25-29,old_vaccine,0.0,0.0,0.0,0.0
76,25-29,new_vaccine,0.0,0.0,0.0,0.0
76,30-34,unvaccinated,1258.0,11065.0,5.5,0.0
76,30-34,old_vaccine,0.0,0.0,0.0,0.0
76,30-34,new_vaccine,0.0,0.0,0.0,0.0
76,35-39,unvaccinated,1095.0,11037.0,11.0,0.0
76,35-39,old_vaccine,0.0,0.0,0.0,0.0
76,35-39,new_vaccine,0.0,0.0,0.0,0.0
76,40-44,unvaccinated,1169.0,10397.0,17.0,0.0
76,40-44,old_vaccine,0.0,0.0,0.0,0.0
76,40-44,new_vaccine,0.0,0.0,0.0,0.0
76,45-49,unvaccinated,1404.0,9912.0,34.0,0.0
76,45-49,old_vaccine,0.0,0.0,0.0,0.0
76,45-49,new_vaccine,0.0,0.0,0.0,0.0
76,50-54,unvaccinated,2458.5,10019.0,85.0,0.0
76,50-54,old_vaccine,0.0,0.0,0.0,0.0
76,50-54,new_vaccine,0.0,0.0,0.0,0.0
76,55-59,unvaccinated,3162.0,8972.0,108.5,0.0
76,55-59,old_vaccine,0.0,0.0,0.0,0.0
76,55-59,new_vaccine,0.0,0.0,0.0,0.0
76,60-64,unvaccinated,3004.0,7342.5,259.0,0.0
76,60-64,old_vaccine,0.0,0.0,0.0,0.0
76,60-64,new_vaccine,0.0,0.0,0.0,0.0
76,65-69,unvaccinated,4881.5,4268.5,486.0,0.0
76,65-69,old_vaccine,0.0,0.0,0.0,0.0
76,65-69,new_vaccine,0.0,0.0,0.0,0.0
76,70-74,unvaccinated,5605.5,3266.0,963.0,0.0
76,70-74,old_vaccine,0.0,0.0,0.0,0.0
76,70-74,new_vaccine,0.0,0.0,0.0,0.0
76,75+,unvaccinated,10154.0,5095.5,3099.0,0.0
76,75+,old_vaccine,0.0,0.0,0.0,0.0
76,75+,new_vaccine,0.0,0.0,0.0,0.0
77,0-4,unvaccinated,679.5,9682.5,11.0,0.0
77,0-4,old_vaccine,0.0,0.0,0.0,0.0
77,0-4,new_vaccine,0.0,0.0,0.0,0.0
77,5-9,unvaccinated,185.5,10887.5,0.0,0.0
77,5-9,old_vaccine,0.0,0.0,0.0,0.0
77,5-9,new_vaccine,0.0,0.0,0.0,0.0
77,10-14,unvaccinated,238.0,10321.0,3.5,0.0
77,10-14,old_vaccine,0.0,0.0,0.0,0.0
77,10-14,new_vaccine,0.0,0.0,0.0,0.0
77,15-19,unvaccinated,225.5,9620.5,1.5,0.0
77,15-19,old_vaccine,0.0,0.0,0.0,0.0
77,15-19,new_vaccine,0.0,0.0,0.0,0.0
77,20-24,unvaccinated,719.5,10103.0,4.5,0.0
77,20-24,old_vaccine,0.0,0.0,0.0,0.0
77,20-24,new_vaccine,0.0,0.0,0.0,0.0
77,25-29,unvaccinated,1206.5,10863.0,3.0,0.0
77,25-29,old_vaccine,0.0,0.0,0.0,0.0
77,25-29,new_vaccine,0.0,0.0,0.0,0.0
77,30-34,unvaccinated,1271.0,11092.5,5.5,0.0
77,30-34,old_vaccine,0.0,0.0,0.0,0.0
77,30-34,new_vaccine,0.0,0.0,0.0,0.0
77,35-39,unvaccinated,1111.0,11029.0,12.0,0.0
77,35-39,old_vaccine,0.0,0.0,0.0,0.0
77,35-39,new_vaccine,0.0,0.0,0.0,0.0
77,40-44,unvaccinated,1173.5,10375.0,17.5,0.0
77,40-44,old_vaccine,0.0,0.0,0.0,0.0
77,40-44,new_vaccine,0.0,0.0,0.0,0.0
77,45-49,unvaccinated,1406.5,9941.0,33.5,0.0
77,45-49,old_vaccine,0.0,0.0,0.0,0.0
77,45-49,new_vaccine,0.0,0.0,0.0,0.0
77,50-54,unvaccinated,2453.0,10033.5,86.0,0.0
77,50-54,old_vaccine,0.0,0.0,0.0,0.0
77,50-54,new_vaccine,0.0,0.0,0.0,0.0
77,55-59,unvaccinated,3152.5,8965.5,109.0,0.0
77,55-59,old_vaccine,0.0,0.0,0.0,0.0
77,55-59,new_vaccine,0.0,0.0,0.0,0.0
77,60-64,unvaccinated,3029.0,7329.0,258.5,0.0
77,60-64,old_vaccine,0.0,0.0,0.0,0.0
77,60-64,new_vaccine,0.0,0.0,0.0,0.0
77,65-69,unvaccinated,4887.5,4249.5,486.0,0.0
77,65-69,old_vaccine,0.0,0.0,0.0,0.0
77,65-69,new_vaccine,0.0,0.0,0.0,0.0
77,70-74,unvaccinated,5600.5,3276.0,962.0,0.0
77,70-74,old_vaccine,0.0,0.0,0.0,0.0
77,70-74,new_vaccine,0.0,0.0,0.0,0.0
77,75+,unvaccinated,10162.5,5106.5,3097.5,0.0
77,75+,old_vaccine,0.0,0.0,0.0,0.0
77,75+,new_vaccine,0.0,0.0,0.0,0.0
78,0-4,unvaccinated,679.0,9671.5,11.0,0.0
78,0-4,old_vaccine,0.0,0.0,0.0,0.0
78,0-4,new_vaccine,0.0,0.0,0.0,0.0
78,5-9,unvaccinated,184.0,10865.5,0.0,0.0
78,5-9,old_vaccine,0.0,0.0,0.0,0.0
78,5-9,new_vaccine,0.0,0.0,0.0,0.0
78,10-14,unvaccinated,241.0,10290.5,2.5,0.0
78,10-14,old_vaccine,0.0,0.0,0.0,0.0
78,10-14,new_vaccine,0.0,0.0,0.0,0.0
78,15-19,unvaccinated,225.5,9597.5,1.5,0.0
78,15-19,old_vaccine,0.0,0.0,0.0,0.0
78,15-19,new_vaccine,0.0,0.0,0.0,0.0
78,20-24,unvaccinated,710.5,10073.5,4.0,0.0
78,20-24,old_vaccine,0.0,0.0,0.0,0.0
78,20-24,new_vaccine,0.0,0.0,0.0,0.0
78,25-29,unvaccinated,1221.0,10867.5,3.0,0.0
78,25-29,old_vaccine,0.0,0.0,0.0,0.0
78,25-29,new_vaccine,0.0,0.0,0.0,0.0
78,30-34,unvaccinated,1267.0,11068.5,5.5,0.0
78,30-34,old_vaccine,0.0,0.0,0.0,0.0
78,30-34,new_vaccine,0.0,0.0,0.0,0.0
78,35-39,unvaccinated,1112.0,10994.5,12.0,0.0
78,35-39,old_vaccine,0.0,0.0,0.0,0.0
78,35-39,new_vaccine,0.0,0.0,0.0,0.0
78,40-44,unvaccinated,1173.5,10377.5,16.5,0.0
78,40-44,old_vaccine,0.0,0.0,0.0,0.0
78,40-44,new_vaccine,0.0,0.0,0.0,0.0
78,45-49,unvaccinated,1399.0,9924.0,33.0,0.0
78,45-49,old_vaccine,0.0,0.0,0.0,0.0
78,45-49,new_vaccine,0.0,0.0,0.0,0.0
78,50-54,unvaccinated,2432.0,10011.5,86.0,0.0
78,50-54,old_vaccine,0.0,0.0,0.0,0.0
78,50-54,new_vaccine,0.0,0.0,0.0,0.0
78,55-59,unvaccinated,3140.0,8949.0,109.5,0.0
78,55-59,old_vaccine,0.0,0.0,0.0,0.0
78,55-59,new_vaccine,0.0,0.0,0.0,0.0
78,60-64,unvaccinated,3035.0,7339.0,260.5,0.0
78,60-64,old_vaccine,0.0,0.0,0.0,0.0
78,60-64,new_vaccine,0.0,0.0,0.0,0.0
78,65-69,unvaccinated,4886.0,4239.5,485.0,0.0
78,65-69,old_vaccine,0.0,0.0,0.0,0.0
78,65-69,new_vaccine,0.0,0.0,0.0,0.0
78,70-74,unvaccinated,5593.5,3288.5,963.0,0.0
78,70-74,old_vaccine,0.0,0.0,0.0,0.0
78,70-74,new_vaccine,0.0,0.0,0.0,0.0
78,75+,unvaccinated,10165.0,5102.5,3099.0,0.0
78,75+,old_vaccine,0.0,0.0,0.0,0.0
78,75+,new_vaccine,0.0,0.0,0.0,0.0
79,0-4,unvaccinated,677.0,9670.5,11.5,0.0
79,0-4,old_vaccine,0.0,0.0,0.0,0.0
79,0-4,new_vaccine,0.0,0.0,0.0,0.0
79,5-9,unvaccinated,178.5,10867.5,0.0,0.0
79,5-9,old_vaccine,0.0,0.0,0.0,0.0
79,5-9,new_vaccine,0.0,0.0,0.0,0.0
79,10-14,unvaccinated,239.0,10267.0,2.5,0.0
79,10-14,old_vaccine,0.0,0.0,0.0,0.0
79,10-14,new_vaccine,0.0,0.0,0.0,0.0
79,15-19,unvaccinated,217.5,9604.0,1.5,0.0
79,15-19,old_vaccine,0.0,0.0,0.0,0.0
79,15-19,new_vaccine,0.0,0.0,0.0,0.0
79,20-24,unvaccinated,706.5,10053.5,4.0,0.0
79,20-24,old_vaccine,0.0,0.0,0.0,0.0
79,20-24,new_vaccine,0.0,0.0,0.0,0.0
79,25-29,unvaccinated,1217.0,10848.0,3.0,0.0
79,25-29,old_vaccine,0.0,0.0,0.0,0.0
79,25-29,new_vaccine,0.0,0.0,0.0,0.0
79,30-34,unvaccinated,1260.5,11016.5,6.0,0.0
79,30-34,old_vaccine,0.0,0.0,0.0,0.0
79,30-34,new_vaccine,0.0,0.0,0.0,0.0
79,35-39,unvaccinated,1106.5,10956.5,12.0,0.0
79,35-39,old_vaccine,0.0,0.0,0.0,0.0
79,35-39,new_vaccine,0.0,0.0,0.0,0.0
79,40-44,unvaccinated,1176.0,10391.0,17.0,0.0
79,40-44,old_vaccine,0.0,0.0,0.0,0.0
79,40-44,new_vaccine,0.0,0.0,0.0,0.0
79,45-49,unvaccinated,1396.0,9879.0,33.0,0.0
79,45-49,old_vaccine,0.0,0.0,0.0,0.0
79,45-49,new_vaccine,0.0,0.0,0.0,0.0
79,50-54,unvaccinated,2433.0,9977.0,86.0,0.0
79,50-54,old_vaccine,0.0,0.0,0.0,0.0
79,50-54,new_vaccine,0.0,0.0,0.0,0.0
79,55-59,unvaccinated,3123.5,8923.0,112.0,0.0
79,55-59,old_vaccine,0.0,0.0,0.0,0.0
79,55-59,new_vaccine,0.0,0.0,0.0,0.0
79,60-64,unvaccinated,3023.5,7329.0,262.0,0.0
79,60-64,old_vaccine,0.0,0.0,0.0,0.0
79,60-64,new_vaccine,0.0,0.0,0.0,0.0
79,65-69,unvaccinated,4888.5,4225.5,484.5,0.0
79,65-69,old_vaccine,0.0,0.0,0.0,0.0
79,65-69,new_vaccine,0.0,0.0,0.0,0.0
79,70-74,unvaccinated,5565.0,3259.0,965.0,0.0
79,70-74,old_vaccine,0.0,0.0,0.0,0.0
79,70-74,new_vaccine,0.0,0.0,0.0,0.0
79,75+,unvaccinated,10125.0,5077.5,3101.0,0.0
79,75+,old_vaccine,0.0,0.0,0.0,0.0
79,75+,new_vaccine,0.0,0.0,0.0,0.0
80,0-4,unvaccinated,671.5,9644.0,12.0,0.0
80,0-4,old_vaccine,0.0,0.0,0.0,0.0
80,0-4,new_vaccine,0.0,0.0,0.0,0.0
80,5-9,unvaccinated,177.0,10823.5,0.5,0.0
80,5-9,old_vaccine,0.0,0.0,0.0,0.0
80,5-9,new_vaccine,0.0,0.0,0.0,0.0
80,10-14,unvaccinated,240.5,10208.5,2.5,0.0
80,10-14,old_vaccine,0.0,0.0,0.0,0.0
80,10-14,new_vaccine,0.0,0.0,0.0,0.0
80,15-19,unvaccinated,219.5,9563.5,1.5,0.0
80,15-19,old_vaccine,0.0,0.0,0.0,0.0
80,15-19,new_vaccine,0.0,0.0,0.0,0.0
80,20-24,unvaccinated,700.5,10023.0,4.5,0.0
80,20-24,old_vaccine,0.0,0.0,0.0,0.0
80,20-24,new_vaccine,0.0,0.0,0.0,0.0
80,25-29,unvaccinated,1207.5,10831.0,3.0,0.0
80,25-29,old_vaccine,0.0,0.0,0.0,0.0
80,25-29,new_vaccine,0.0,0.0,0.0,0.0
80,30-34,unvaccinated,1260.5,10995.0,6.5,0.0
80,30-34,old_vaccine,0.0,0.0,0.0,0.0
80,30-34,new_vaccine,0.0,0.0,0.0,0.0
80,35-39,unvaccinated,1109.5,10917.5,12.0,0.0
80,35-39,old_vaccine,0.0,0.0,0.0,0.0
80,35-39,new_vaccine,0.0,0.0,0.0,0.0
80,40-44,unvaccinated,1170.0,10397.0,17.0,0.0
80,40-44,old_vaccine,0.0,0.0,0.0,0.0
80,40-44,new_vaccine,0.0,0.0,0.0,0.0
80,45-49,unvaccinated,1395.5,9866.0,32.5,0.0
80,45-49,old_vaccine,0.0,0.0,0.0,0.0
80,45-49,new_vaccine,0.0,0.0,0.0,0.0
80,50-54,unvaccinated,2414.5,9960.5,86.0,0.0
80,50-54,old_vaccine,0.0,0.0,0.0,0.0
80,50-54,new_vaccine,0.0,0.0,0.0,0.0
80,55-59,unvaccinated,3093.0,8907.5,113.0,0.0
80,55-59,old_vaccine,0.0,0.0,0.0,0.0
80,55-59,new_vaccine,0.0,0.0,0.0,0.0
80,60-64,unvaccinated,3049.0,7295.5,261.0,0.0
80,60-64,old_vaccine,0.0,0.0,0.0,0.0
80,60-64,new_vaccine,0.0,0.0,0.0,0.0
80,65-69,unvaccinated,4837.5,4222.5,487.5,0.0
80,65-69,old_vaccine,0.0,0.0,0.0,0.0
80,65-69,new_vaccine,0.0,0.0,0.0,0.0
80,70-74,unvaccinated,5537.5,3243.5,966.5,0.0
80,70-74,old_vaccine,0.0,0.0,0.0,0.0
80,70-74,new_vaccine,0.0,0.0,0.0,0.0
80,75+,unvaccinated,10122.0,5053.0,3101.0,0.0
80,75+,old_vaccine,0.0,0.0,0.0,0.0
80,75+,new_vaccine,0.0,0.0,0.0,0.0
81,0-4,unvaccinated,670.5,9606.5,11.5,0.0
81,0-4,old_vaccine,0.0,0.0,0.0,0.0
81,0-4,new_vaccine,0.0,0.0,0.0,0.0
81,5-9,unvaccinated,175.0,10783.0,1.0,0.0
81,5-9,old_vaccine,0.0,0.0,0.0,0.0
81,5-9,new_vaccine,0.0,0.0,0.0,0.0
81,10-14,unvaccinated,234.5,10180.5,2.0,0.0
81,10-14,old_vaccine,0.0,0.0,0.0,0.0
81,10-14,new_vaccine,0.0,0.0,0.0,0.0
81,15-19,unvaccinated,217.5,9541.5,1.5,0.0
81,15-19,old_vaccine,0.0,0.0,0.0,0.0
81,15-19,new_vaccine,0.0,0.0,0.0,0.0
81,20-24,unvaccinated,697.0,10004.5,4.5,0.0
81,20-24,old_vaccine,0.0,0.0,0.0,0.0
81,20-24,new_vaccine,0.0,0.0,0.0,0.0
81,25-29,unvaccinated,1209.5,10792.5,3.0,0.0
81,25-29,old_vaccine,0.0,0.0,0.0,0.0
81,25-29,new_vaccine,0.0,0.0,0.0,0.0
81,30-34,unvaccinated,1255.0,10964.5,6.5,0.0
81,30-34,old_vaccine,0.0,0.0,0.0,0.0
81,30-34,new_vaccine,0.0,0.0,0.0,0.0
81,35-39,unvaccinated,1106.5,10860.5,12.0,0.0
81,35-39,old_vaccine,0.0,0.0,0.0,0.0
81,35-39,new_vaccine,0.0,0.0,0.0,0.0
81,40-44,unvaccinated,1171.0,10360.5,18.0,0.0
81,40-44,old_vaccine,0.0,0.0,0.0,0.0
81,40-44,new_vaccine,0.0,0.0,0.0,0.0
81,45-49,unvaccinated,1394.0,9846.0,33.0,0.0
81,45-49,old_vaccine,0.0,0.0,0.0,0.0
81,45-49,new_vaccine,0.0,0.0,0.0,0.0
81,50-54,unvaccinated,2400.0,9948.5,87.0,0.0
81,50-54,old_vaccine,0.0,0.0,0.0,0.0
81,50-54,new_vaccine,0.0,0.0,0.0,0.0
81,55-59,unvaccinated,3073.0,8901.5,112.5,0.0
81,55-59,old_vaccine,0.0,0.0,0.0,0.0
81,55-59,new_vaccine,0.0,0.0,0.0,0.0
81,60-64,unvaccinated,3052.0,7252.0,261.5,0.0
81,60-64,old_vaccine,0.0,0.0,0.0,0.0
81,60-64,new_vaccine,0.0,0.0,0.0,0.0
81,65-69,unvaccinated,4800.0,4221.0,489.0,0.0
81,65-69,old_vaccine,0.0,0.0,0.0,0.0
81,65-69,new_vaccine,0.0,0.0,0.0,0.0
81,70-74,unvaccinated,5527.0,3230.0,965.0,0.0
81,70-74,old_vaccine,0.0,0.0,0.0,0.0
81,70-74,new_vaccine,0.0,0.0,0.0,0.0
81,75+,unvaccinated,10091.5,5027.0,3101.0,0.0
81,75+,old_vaccine,0.0,0.0,0.0,0.0
81,75+,new_vaccine,0.0,0.0,0.0,0.0
82,0-4,unvaccinated,666.0,9584.0,12.5,0.0
82,0-4,old_vaccine,0.0,0.0,0.0,0.0
82,0-4,new_vaccine,0.0,0.0,0.0,0.0
82,5-9,unvaccinated,175.5,10760.0,1.0,0.0
82,5-9,old_vaccine,0.0,0.0,0.0,0.0
82,5-9,new_vaccine,0.0,0.0,0.0,0.0
82,10-14,unvaccinated,238.0,10158.0,1.5,0.0
82,10-14,old_vaccine,0.0,0.0,0.0,0.0
82,10-14,new_vaccine,0.0,0.0,0.0,0.0
82,15-19,unvaccinated,216.5,9510.0,2.0,0.0
82,15-19,old_vaccine,0.0,0.0,0.0,0.0
82,15-19,new_vaccine,0.0,0.0,0.0,0.0
82,20-24,unvaccinated,692.5,9983.5,4.5,0.0
82,20-24,old_vaccine,0.0,0.0,0.0,0.0
82,20-24,new_vaccine,0.0,0.0,0.0,0.0
82,25-29,unvaccinated,1201.5,10762.5,3.5,0.0
82,25-29,old_vaccine,0.0,0.0,0.0,0.0
82,25-29,new_vaccine,0.0,0.0,0.0,0.0
82,30-34,unvaccinated,1248.5,10939.0,6.5,0.0
82,30-34,old_vaccine,0.0,0.0,0.0,0.0
82,30-34,new_vaccine,0.0,0.0,0.0,0.0
82,35-39,unvaccinated,1104.5,10848.5,13.0,0.0
82,35-39,old_vaccine,0.0,0.0,0.0,0.0
82,35-39,new_vaccine,0.0,0.0,0.0,0.0
82,40-44,unvaccinated,1161.0,10351.5,16.5,0.0
82,40-44,old_vaccine,0.0,0.0,0.0,0.0
82,40-44,new_vaccine,0.0,0.0,0.0,0.0
82,45-49,unvaccinated,1379.5,9815.5,34.0,0.0
82,45-49,old_vaccine,0.0,0.0,0.0,0.0
82,45-49,new_vaccine,0.0,0.0,0.0,0.0
82,50-54,unvaccinated,2395.5,9894.5,87.0,0.0
82,50-54,old_vaccine,0.0,0.0,0.0,0.0
82,50-54,new_vaccine,0.0,0.0,0.0,0.0
82,55-59,unvaccinated,3070.5,8891.5,112.5,0.0
82,55-59,old_vaccine,0.0,0.0,0.0,0.0
82,55-59,new_vaccine,0.0,0.0,0.0,0.0
82,60-64,unvaccinated,3043.0,7241.0,262.0,0.0
82,60-64,old_vaccine,0.0,0.0,0.0,0.0
82,60-64,new_vaccine,0.0,0.0,0.0,0.0
82,65-69,unvaccinated,4776.5,4205.5,492.0,0.0
82,65-69,old_vaccine,0.0,0.0,0.0,0.0
82,65-69,new_vaccine,0.0,0.0,0.0,0.0
82,70-74,unvaccinated,5487.0,3230.5,966.5,0.0
82,70-74,old_vaccine,0.0,0.0,0.0,0.0
82,70-74,new_vaccine,0.0,0.0,0.0,0.0
82,75+,unvaccinated,10039.5,4992.0,3101.5,0.0
82,75+,old_vaccine,0.0,0.0,0.0,0.0
82,75+,new_vaccine,0.0,0.0,0.0,0.0
83,0-4,unvaccinated,661.0,9586.5,12.5,0.0
83,0-4,old_vaccine,0.0,0.0,0.0,0.0
83,0-4,new_vaccine,0.0,0.0,0.0,0.0
83,5-9,unvaccinated,172.5,10759.0,1.0,0.0
83,5-9,old_vaccine,0.0,0.0,0.0,0.0
83,5-9,new_vaccine,0.0,0.0,0.0,0.0
83,10-14,unvaccinated,234.5,10147.0,1.5,0.0
83,10-14,old_vaccine,0.0,0.0,0.0,0.0
83,10-14,new_vaccine,0.0,0.0,0.0,0.0
83,15-19,unvaccinated,220.0,9485.0,2.0,0.0
83,15-19,old_vaccine,0.0,0.0,0.0,0.0
83,15-19,new_vaccine,0.0,0.0,0.0,0.0
83,20-24,unvaccinated,703.5,9960.5,4.5,0.0
83,20-24,old_vaccine,0.0,0.0,0.0,0.0
83,20-24,new_vaccine,0.0,0.0,0.0,0.0
83,25-29,unvaccinated,1198.0,10738.5,3.5,0.0
83,25-29,old_vaccine,0.0,0.0,0.0,0.0
83,25-29,new_vaccine,0.0,0.0,0.0,0.0
83,30-34,unvaccinated,1234.5,10927.5,6.5,0.0
83,30-34,old_vaccine,0.0,0.0,0.0,0.0
83,30-34,new_vaccine,0.0,0.0,0.0,0.0
83,35-39,unvaccinated,1099.0,10827.5,12.0,0.0
83,35-39,old_vaccine,0.0,0.0,0.0,0.0
83,35-39,new_vaccine,0.0,0.0,0.0,0.0
83,40-44,unvaccinated,1150.0,10374.0,16.0,0.0
83,40-44,old_vaccine,0.0,0.0,0.0,0.0
83,40-44,new_vaccine,0.0,0.0,0.0,0.0
83,45-49,unvaccinated,1373.5,9810.0,34.5,0.0
83,45-49,old_vaccine,0.0,0.0,0.0,0.0
83,45-49,new_vaccine,0.0,0.0,0.0,0.0
83,50-54,unvaccinated,2385.0,9889.5,86.5,0.0
83,50-54,old_vaccine,0.0,0.0,0.0,0.0
83,50-54,new_vaccine,0.0,0.0,0.0,0.0
83,55-59,unvaccinated,3076.0,8901.5,114.0,0.0
83,55-59,old_vaccine,0.0,0.0,0.0,0.0
83,55-59,new_vaccine,0.0,0.0,0.0,0.0
83,60-64,unvaccinated,3035.5,7197.0,262.5,0.0
83,60-64,old_vaccine,0.0,0.0,0.0,0.0
83,60-64,new_vaccine,0.0,0.0,0.0,0.0
83,65-69,unvaccinated,4756.0,4205.5,492.5,0.0
83,65-69,old_vaccine,0.0,0.0,0.0,0.0
83,65-69,new_vaccine,0.0,0.0,0.0,0.0
83,70-74,unvaccinated,5479.0,3217.0,964.5,0.0
83,70-74,old_vaccine,0.0,0.0,0.0,0.0
83,70-74,new_vaccine,0.0,0.0,0.0,0.0
83,75+,unvaccinated,10010.5,4971.5,3102.0,0.0
83,75+,old_vaccine,0.0,0.0,0.0,0.0
83,75+,new_vaccine,0.0,0.0,0.0,0.0
84,0-4,unvaccinated,658.0,9581.0,12.5,0.0
84,0-4,old_vaccine,0.0,0.0,0.0,0.0
84,0-4,new_vaccine,0.0,0.0,0.0,0.0
84,5-9,unvaccinated,171.5,10777.0,0.5,0.0
84,5-9,old_vaccine,0.0,0.0,0.0,0.0
84,5-9,new_vaccine,0.0,0.0,0.0,0.0
84,10-14,unvaccinated,236.0,10139.5,1.5,0.0
84,10-14,old_vaccine,0.0,0.0,0.0,0.0
84,10-14,new_vaccine,0.0,0.0,0.0,0.0
84,15-19,unvaccinated,228.0,9505.0,2.0,0.0
84,15-19,old_vaccine,0.0,0.0,0.0,0.0
84,15-19,new_vaccine,0.0,0.0,0.0,0.0
84,20-24,unvaccinated,709.0,9943.5,5.0,0.0
84,20-24,old_vaccine,0.0,0.0,0.0,0.0
84,20-24,new_vaccine,0.0,0.0,0.0,0.0
84,25-29,unvaccinated,1188.5,10728.5,3.5,0.0
84,25-29,old_vaccine,0.0,0.0,0.0,0.0
84,25-29,new_vaccine,0.0,0.0,0.0,0.0
84,30-34,unvaccinated,1226.0,10913.5,6.5,0.0
84,30-34,old_vaccine,0.0,0.0,0.0,0.0
84,30-34,new_vaccine,0.0,0.0,0.0,0.0
84,35-39,unvaccinated,1093.0,10830.5,11.0,0.0
84,35-39,old_vaccine,0.0,0.0,0.0,0.0
84,35-39,new_vaccine,0.0,0.0,0.0,0.0
84,40-44,unvaccinated,1142.0,10367.5,17.0,0.0
84,40-44,old_vaccine,0.0,0.0,0.0,0.0
84,40-44,new_vaccine,0.0,0.0,0.0,0.0
84,45-49,unvaccinated,1366.0,9775.0,33.5,0.0
84,45-49,old_vaccine,0.0,0.0,0.0,0.0
84,45-49,new_vaccine,0.0,0.0,0.0,0.0
84,50-54,unvaccinated,2385.0,9905.5,86.0,0.0
84,50-54,old_vaccine,0.0,0.0,0.0,0.0
84,50-54,new_vaccine,0.0,0.0,0.0,0.0
84,55-59,unvaccinated,3068.0,8894.5,112.5,0.0
84,55-59,old_vaccine,0.0,0.0,0.0,0.0
84,55-59,new_vaccine,0.0,0.0,0.0,0.0
84,60-64,unvaccinated,3032.5,7194.0,262.5,0.0
84,60-64,old_vaccine,0.0,0.0,0.0,0.0
84,60-64,new_vaccine,0.0,0.0,0.0,0.0
84,65-69,unvaccinated,4765.5,4198.5,493.5,0.0
84,65-69,old_vaccine,0.0,0.0,0.0,0.0
84,65-69,new_vaccine,0.0,0.0,0.0,0.0
84,70-74,unvaccinated,5471.0,3213.0,963.0,0.0
84,70-74,old_vaccine,0.0,0.0,0.0,0.0
84,70-74,new_vaccine,0.0,0.0,0.0,0.0
84,75+,unvaccinated,10014.5,4994.0,3107.5,0.0
84,75+,old_vaccine,0.0,0.0,0.0,0.0
84,75+,new_vaccine,0.0,0.0,0.0,0.0
85,0-4,unvaccinated,661.5,9611.0,12.0,0.0
85,0-4,old_vaccine,0.0,0.0,0.0,0.0
85,0-4,new_vaccine,0.0,0.0,0.0,0.0
85,5-9,unvaccinated,173.0,10795.5,0.5,0.0
85,5-9,old_vaccine,0.0,0.0,0.0,0.0
85,5-9,new_vaccine,0.0,0.0,0.0,0.0
85,10-14,unvaccinated,238.5,10140.0,1.5,0.0
85,10-14,old_vaccine,0.0,0.0,0.0,0.0
85,10-14,new_vaccine,0.0,0.0,0.0,0.0
85,15-19,unvaccinated,228.5,9520.0,2.0,0.0
85,15-19,old_vaccine,0.0,0.0,0.0,0.0
85,15-19,new_vaccine,0.0,0.0,0.0,0.0
85,20-24,unvaccinated,726.5,9967.5,5.5,0.0
85,20-24,old_vaccine,0.0,0.0,0.0,0.0
85,20-24,new_vaccine,0.0,0.0,0.0,0.0
85,25-29,unvaccinated,1180.5,10754.0,4.0,0.0
85,25-29,old_vaccine,0.0,0.0,0.0,0.0
85,25-29,new_vaccine,0.0,0.0,0.0,0.0
85,30-34,unvaccinated,1226.5,10926.5,6.5,0.0
85,30-34,old_vaccine,0.0,0.0,0.0,0.0
85,30-34,new_vaccine,0.0,0.0,0.0,0.0
85,35-39,unvaccinated,1094.5,10849.5,11.5,0.0
85,35-39,old_vaccine,0.0,0.0,0.0,0.0
85,35-39,new_vaccine,0.0,0.0,0.0,0.0
85,40-44,unvaccinated,1147.0,10382.0,16.5,0.0
85,40-44,old_vaccine,0.0,0.0,0.0,0.0
85,40-44,new_vaccine,0.0,0.0,0.0,0.0
85,45-49,unvaccinated,1373.0,9797.0,32.5,0.0
85,45-49,old_vaccine,0.0,0.0,0.0,0.0
85,45-49,new_vaccine,0.0,0.0,0.0,0.0
85,50-54,unvaccinated,2404.0,9895.0,86.5,0.0
85,50-54,old_vaccine,0.0,0.0,0.0,0.0
85,50-54,new_vaccine,0.0,0.0,0.0,0.0
85,55-59,unvaccinated,3094.5,8888.0,113.0,0.0
85,55-59,old_vaccine,0.0,0.0,0.0,0.0
85,55-59,new_vaccine,0.0,0.0,0.0,0.0
85,60-64,unvaccinated,3033.0,7212.0,263.0,0.0
85,60-64,old_vaccine,0.0,0.0,0.0,0.0
85,60-64,new_vaccine,0.0,0.0,0.0,0.0
85,65-69,unvaccinated,4787.5,4232.0,491.0,0.0
85,65-69,old_vaccine,0.0,0.0,0.0,0.0
85,65-69,new_vaccine,0.0,0.0,0.0,0.0
85,70-74,unvaccinated,5485.5,3196.0,965.5,0.0
85,70-74,old_vaccine,0.0,0.0,0.0,0.0
85,70-74,new_vaccine,0.0,0.0,0.0,0.0
85,75+,unvaccinated,10010.0,5004.0,3108.0,0.0
85,75+,old_vaccine,0.0,0.0,0.0,0.0
85,75+,new_vaccine,0.0,0.0,0.0,0.0
86,0-4,unvaccinated,661.0,9628.5,11.5,0.0
86,0-4,old_vaccine,0.0,0.0,0.0,0.0
86,0-4,new_vaccine,0.0,0.0,0.0,0.0
86,5-9,unvaccinated,176.5,10788.5,0.5,0.0
86,5-9,old_vaccine,0.0,0.0,0.0,0.0
86,5-9,new_vaccine,0.0,0.0,0.0,0.0
86,10-14,unvaccinated,239.0,10166.0,1.5,0.0
86,10-14,old_vaccine,0.0,0.0,0.0,0.0
86,10-14,new_vaccine,0.0,0.0,0.0,0.0
86,15-19,unvaccinated,233.0,9528.0,2.0,0.0
86,15-19,old_vaccine,0.0,0.0,0.0,0.0
86,15-19,new_vaccine,0.0,0.0,0.0,0.0
86,20-24,unvaccinated,721.5,10007.0,5.0,0.0
86,20-24,old_vaccine,0.0,0.0,0.0,0.0
86,20-24,new_vaccine,0.0,0.0,0.0,0.0
86,25-29,unvaccinated,1180.5,10785.5,4.5,0.0
86,25-29,old_vaccine,0.0,0.0,0.0,0.0
86,25-29,new_vaccine,0.0,0.0,0.0,0.0
86,30-34,unvaccinated,1220.5,10961.5,6.0,0.0
86,30-34,old_vaccine,0.0,0.0,0.0,0.0
86,30-34,new_vaccine,0.0,0.0,0.0,0.0
86,35-39,unvaccinated,1099.0,10879.5,12.5,0.0
86,35-39,old_vaccine,0.0,0.0,0.0,0.0
86,35-39,new_vaccine,0.0,0.0,0.0,0.0
86,40-44,unvaccinated,1132.5,10398.0,16.0,0.0
86,40-44,old_vaccine,0.0,0.0,0.0,0.0
86,40-44,new_vaccine,0.0,0.0,0.0,0.0
86,45-49,unvaccinated,1382.5,9842.5,32.5,0.0
86,45-49,old_vaccine,0.0,0.0,0.0,0.0
86,45-49,new_vaccine,0.0,0.0,0.0,0.0
86,50-54,unvaccinated,2437.0,9893.5,87.0,0.0
86,50-54,old_vaccine,0.0,0.0,0.0,0.0
86,50-54,new_vaccine,0.0,0.0,0.0,0.0
86,55-59,unvaccinated,3119.0,8916.5,112.5,0.0
86,55-59,old_vaccine,0.0,0.0,0.0,0.0
86,55-59,new_vaccine,0.0,0.0,0.0,0.0
86,60-64,unvaccinated,3008.0,7222.0,266.0,0.0
86,60-64,old_vaccine,0.0,0.0,0.0,0.0
86,60-64,new_vaccine,0.0,0.0,0.0,0.0
86,65-69,unvaccinated,4815.5,4220.0,491.0,0.0
86,65-69,old_vaccine,0.0,0.0,0.0,0.0
86,65-69,new_vaccine,0.0,0.0,0.0,0.0
86,70-74,unvaccinated,5529.5,3219.5,968.5,0.0
86,70-74,old_vaccine,0.0,0.0,0.0,0.0
86,70-74,new_vaccine,0.0,0.0,0.0,0.0
86,75+,unvaccinated,10044.0,5026.5,3113.0,0.0
86,75+,old_vaccine,0.0,0.0,0.0,0.0
86,75+,new_vaccine,0.0,0.0,0.0,0.0
87,0-4,unvaccinated,657.5,9609.0,11.5,0.0
87,0-4,old_vaccine,0.0,0.0,0.0,0.0
87,0-4,new_vaccine,0.0,0.0,0.0,0.0
87,5-9,unvaccinated,176.0,10810.5,0.5,0.0
87,5-9,old_vaccine,0.0,0.0,0.0,0.0
87,5-9,new_vaccine,0.0,0.0,0.0,0.0
87,10-14,unvaccinated,244.0,10188.5,1.5,0.0
87,10-14,old_vaccine,0.0,0.0,0.0,0.0
87,10-14,new_vaccine,0.0,0.0,0.0,0.0
87,15-19,unvaccinated,234.5,9543.5,2.0,0.0
87,15-19,old_vaccine,0.0,0.0,0.0,0.0
87,15-19,new_vaccine,0.0,0.0,0.0,0.0
87,20-24,unvaccinated,724.5,10014.5,5.0,0.0
87,20-24,old_vaccine,0.0,0.0,0.0,0.0
87,20-24,new_vaccine,0.0,0.0,0.0,0.0
87,25-29,unvaccinated,1191.5,10784.0,4.5,0.0
87,25-29,old_vaccine,0.0,0.0,0.0,0.0
87,25-29,new_vaccine,0.0,0.0,0.0,0.0
87,30-34,unvaccinated,1229.5,11013.5,6.0,0.0
87,30-34,old_vaccine,0.0,0.0,0.0,0.0
87,30-34,new_vaccine,0.0,0.0,0.0,0.0
87,35-39,unvaccinated,1107.0,10907.0,12.5,0.0
87,35-39,old_vaccine,0.0,0.0,0.0,0.0
87,35-39,new_vaccine,0.0,0.0,0.0,0.0
87,40-44,unvaccinated,1138.0,10410.0,15.5,0.0
87,40-44,old_vaccine,0.0,0.0,0.0,0.0
87,40-44,new_vaccine,0.0,0.0,0.0,0.0
87,45-49,unvaccinated,1389.0,9825.0,33.5,0.0
87,45-49,old_vaccine,0.0,0.0,0.0,0.0
87,45-49,new_vaccine,0.0,0.0,0.0,0.0
87,50-54,unvaccinated,2433.5,9918.0,86.5,0.0
87,50-54,old_vaccine,0.0,0.0,0.0,0.0
87,50-54,new_vaccine,0.0,0.0,0.0,0.0
87,55-59,unvaccinated,3125.5,8911.0,112.5,0.0
87,55-59,old_vaccine,0.0,0.0,0.0,0.0
87,55-59,new_vaccine,0.0,0.0,0.0,0.0
87,60-64,unvaccinated,3007.0,7244.0,266.5,0.0
87,60-64,old_vaccine,0.0,0.0,0.0,0.0
87,60-64,new_vaccine,0.0,0.0,0.0,0.0
87,65-69,unvaccinated,4847.5,4223.5,490.0,0.0
87,65-69,old_vaccine,0.0,0.0,0.0,0.0
87,65-69,new_vaccine,0.0,0.0,0.0,0.0
87,70-74,unvaccinated,5522.5,3228.5,968.5,0.0
87,70-74,old_vaccine,0.0,0.0,0.0,0.0
87,70-74,new_vaccine,0.0,0.0,0.0,0.0
87,75+,unvaccinated,10093.5,5054.0,3116.0,0.0
87,75+,old_vaccine,0.0,0.0,0.0,0.0
87,75+,new_vaccine,0.0,0.0,0.0,0.0
88,0-4,unvaccinated,662.5,9606.0,11.5,0.0
88,0-4,old_vaccine,0.0,0.0,0.0,0.0
88,0-4,new_vaccine,0.0,0.0,0.0,0.0
88,5-9,unvaccinated,176.0,10800.5,0.5,0.0
88,5-9,old_vaccine,0.0,0.0,0.0,0.0
88,5-9,new_vaccine,0.0,0.0,0.0,0.0
88,10-14,unvaccinated,252.0,10247.5,1.5,0.0
88,10-14,old_vaccine,0.0,0.0,0.0,0.0
88,10-14,new_vaccine,0.0,0.0,0.0,0.0
88,15-19,unvaccinated,236.0,9546.0,1.5,0.0
88,15-19,old_vaccine,0.0,0.0,0.0,0.0
88,15-19,new_vaccine,0.0,0.0,0.0,0.0
88,20-24,unvaccinated,737.5,10028.5,5.0,0.0
88,20-24,old_vaccine,0.0,0.0,0.0,0.0
88,20-24,new_vaccine,0.0,0.0,0.0,0.0
88,25-29,unvaccinated,1193.0,10805.0,5.5,0.0
88,25-29,old_vaccine,0.0,0.0,0.0,0.0
88,25-29,new_vaccine,0.0,0.0,0.0,0.0
88,30-34,unvaccinated,1232.0,11014.0,6.5,0.0
88,30-34,old_vaccine,0.0,0.0,0.0,0.0
88,30-34,new_vaccine,0.0,0.0,0.0,0.0
88,35-39,unvaccinated,1103.0,10927.0,12.5,0.0
88,35-39,old_vaccine,0.0,0.0,0.0,0.0
88,35-39,new_vaccine,0.0,0.0,0.0,0.0
88,40-44,unvaccinated,1136.5,10388.5,16.0,0.0
88,40-44,old_vaccine,0.0,0.0,0.0,0.0
88,40-44,new_vaccine,0.0,0.0,0.0,0.0
88,45-49,unvaccinated,1388.0,9890.0,33.0,0.0
88,45-49,old_vaccine,0.0,0.0,0.0,0.0
88,45-49,new_vaccine,0.0,0.0,0.0,0.0
88,50-54,unvaccinated,2426.5,9951.0,88.5,0.0
88,50-54,old_vaccine,0.0,0.0,0.0,0.0
88,50-54,new_vaccine,0.0,0.0,0.0,0.0
88,55-59,unvaccinated,3144.0,8957.0,113.5,0.0
88,55-59,old_vaccine,0.0,0.0,0.0,0.0
88,55-59,new_vaccine,0.0,0.0,0.0,0.0
88,60-64,unvaccinated,3016.5,7280.0,267.0,0.0
88,60-64,old_vaccine,0.0,0.0,0.0,0.0
88,60-64,new_vaccine,0.0,0.0,0.0,0.0
88,65-69,unvaccinated,4860.0,4243.5,491.0,0.0
88,65-69,old_vaccine,0.0,0.0,0.0,0.0
88,65-69,new_vaccine,0.0,0.0,0.0,0.0
88,70-74,unvaccinated,5518.0,3217.5,968.0,0.0
88,70-74,old_vaccine,0.0,0.0,0.0,0.0
88,70-74,new_vaccine,0.0,0.0,0.0,0.0
88,75+,unvaccinated,10108.5,5092.0,3123.0,0.0
88,75+,old_vaccine,0.0,0.0,0.0,0.0
88,75+,new_vaccine,0.0,0.0,0.0,0.0
89,0-4,unvaccinated,655.5,9610.0,12.0,0.0
89,0-4,old_vaccine,0.0,0.0,0.0,0.0
89,0-4,new_vaccine,0.0,0.0,0.0,0.0
89,5-9,unvaccinated,177.0,10799.0,0.5,0.0
89,5-9,old_vaccine,0.0,0.0,0.0,0.0
89,5-9,new_vaccine,0.0,0.0,0.0,0.0
89,10-14,unvaccinated,245.5,10278.5,1.5,0.0
89,10-14,old_vaccine,0.0,0.0,0.0,0.0
89,10-14,new_vaccine,0.0,0.0,0.0,0.0
89,15-19,unvaccinated,236.0,9567.5,1.5,0.0
89,15-19,old_vaccine,0.0,0.0,0.0,0.0
89,15-19,new_vaccine,0.0,0.0,0.0,0.0
89,20-24,unvaccinated,734.5,10027.5,5.0,0.0
89,20-24,old_vaccine,0.0,0.0,0.0,0.0
89,20-24,new_vaccine,0.0,0.0,0.0,0.0
89,25-29,unvaccinated,1202.5,10852.5,6.0,0.0
89,25-29,old_vaccine,0.0,0.0,0.0,0.0
89,25-29,new_vaccine,0.0,0.0,0.0,0.0
89,30-34,unvaccinated,1230.5,11015.5,7.0,0.0
89,30-34,old_vaccine,0.0,0.0,0.0,0.0
89,30-34,new_vaccine,0.0,0.0,0.0,0.0
89,35-39,unvaccinated,1105.0,10966.5,12.0,0.0
89,35-39,old_vaccine,0.0,0.0,0.0,0.0
89,35-39,new_vaccine,0.0,0.0,0.0,0.0
89,40-44,unvaccinated,1142.5,10385.0,15.0,0.0
89,40-44,old_vaccine,0.0,0.0,0.0,0.0
89,40-44,new_vaccine,0.0,0.0,0.0,0.0
89,45-49,unvaccinated,1393.0,9889.5,32.5,0.0
89,45-49,old_vaccine,0.0,0.0,0.0,0.0
89,45-49,new_vaccine,0.0,0.0,0.0,0.0
89,50-54,unvaccinated,2431.5,9982.5,89.5,0.0
89,50-54,old_vaccine,0.0,0.0,0.0,0.0
89,50-54,new_vaccine,0.0,0.0,0.0,0.0
89,55-59,unvaccinated,3141.5,8947.0,113.0,0.0
89,55-59,old_vaccine,0.0,0.0,0.0,0.0
89,55-59,new_vaccine,0.0,0.0,0.0,0.0
89,60-64,unvaccinated,3015.0,7303.5,267.5,0.0
89,60-64,old_vaccine,0.0,0.0,0.0,0.0
89,60-64,new_vaccine,0.0,0.0,0.0,0.0
89,65-69,unvaccinated,4861.5,4264.5,490.0,0.0
89,65-69,old_vaccine,0.0,0.0,0.0,0.0
89,65-69,new_vaccine,0.0,0.0,0.0,0.0
89,70-74,unvaccinated,5563.5,3229.0,968.5,0.0
89,70-74,old_vaccine,0.0,0.0,0.0,0.0
89,70-74,new_vaccine,0.0,0.0,0.0,0.0
89,75+,unvaccinated,10147.0,5106.0,3126.0,0.0
89,75+,old_vaccine,0.0,0.0,0.0,0.0
89,75+,new_vaccine,0.0,0.0,0.0,0.0
90,0-4,unvaccinated,665.0,9618.5,12.0,0.0
90,0-4,old_vaccine,0.0,0.0,0.0,0.0
90,0-4,new_vaccine,0.0,0.0,0.0,0.0
90,5-9,unvaccinated,171.5,10812.5,0.5,0.0
90,5-9,old_vaccine,0.0,0.0,0.0,0.0
90,5-9,new_vaccine,0.0,0.0,0.0,0.0
90,10-14,unvaccinated,247.0,10296.0,1.5,0.0
90,10-14,old_vaccine,0.0,0.0,0.0,0.0
90,10-14,new_vaccine,0.0,0.0,0.0,0.0
90,15-19,unvaccinated,235.0,9557.0,2.0,0.0
90,15-19,old_vaccine,0.0,0.0,0.0,0.0
90,15-19,new_vaccine,0.0,0.0,0.0,0.0
90,20-24,unvaccinated,729.0,10040.0,5.0,0.0
90,20-24,old_vaccine,0.0,0.0,0.0,0.0
90,20-24,new_vaccine,0.0,0.0,0.0,0.0
90,25-29,unvaccinated,1202.0,10846.0,6.0,0.0
90,25-29,old_vaccine,0.0,0.0,0.0,0.0
90,25-29,new_vaccine,0.0,0.0,0.0,0.0
90,30-34,unvaccinated,1225.5,11027.5,8.0,0.0
90,30-34,old_vaccine,0.0,0.0,0.0,0.0
90,30-34,new_vaccine,0.0,0.0,0.0,0.0
90,35-39,unvaccinated,1103.5,10994.5,11.5,0.0
90,35-39,old_vaccine,0.0,0.0,0.0,0.0
90,35-39,new_vaccine,0.0,0.0,0.0,0.0
90,40-44,unvaccinated,1132.0,10396.5,15.5,0.0
90,40-44,old_vaccine,0.0,0.0,0.0,0.0
90,40-44,new_vaccine,0.0,0.0,0.0,0.0
90,45-49,unvaccinated,1394.5,9913.5,34.0,0.0
90,45-49,old_vaccine,0.0,0.0,0.0,0.0
90,45-49,new_vaccine,0.0,0.0,0.0,0.0
90,50-54,unvaccinated,2426.5,9986.0,88.5,0.0
90,50-54,old_vaccine,0.0,0.0,0.0,0.0
90,50-54,new_vaccine,0.0,0.0,0.0,0.0
90,55-59,unvaccinated,3136.0,8951.0,113.0,0.0
90,55-59,old_vaccine,0.0,0.0,0.0,0.0
90,55-59,new_vaccine,0.0,0.0,0.0,0.0
90,60-64,unvaccinated,3012.5,7319.0,266.0,0.0
90,60-64,old_vaccine,0.0,0.0,0.0,0.0
90,60-64,new_vaccine,0.0,0.0,0.0,0.0
90,65-69,unvaccinated,4872.5,4231.0,488.5,0.0
90,65-69,old_vaccine,0.0,0.0,0.0,0.0
90,65-69,new_vaccine,0.0,0.0,0.0,0.0
90,70-74,unvaccinated,5569.0,3245.0,970.0,0.0
90,70-74,old_vaccine,0.0,0.0,0.0,0.0
90,70-74,new_vaccine,0.0,0.0,0.0,0.0
90,75+,unvaccinated,10156.0,5110.0,3127.0,0.0
90,75+,old_vaccine,0.0,0.0,0.0,0.0
90,75+,new_vaccine,0.0,0.0,0.0,0.0
91,0-4,unvaccinated,662.0,9609.5,11.5,0.0
91,0-4,old_vaccine,0.0,0.0,0.0,0.0
91,0-4,new_vaccine,0.0,0.0,0.0,0.0
91,5-9,unvaccinated,175.0,10818.0,0.5,0.0
91,5-9,old_vaccine,0.0,0.0,0.0,0.0
91,5-9,new_vaccine,0.0,0.0,0.0,0.0
91,10-14,unvaccinated,246.5,10297.5,2.0,0.0
91,10-14,old_vaccine,0.0,0.0,0.0,0.0
91,10-14,new_vaccine,0.0,0.0,0.0,0.0
91,15-19,unvaccinated,232.0,9555.0,2.0,0.0
91,15-19,old_vaccine,0.0,0.0,0.0,0.0
91,15-19,new_vaccine,0.0,0.0,0.0,0.0
91,20-24,unvaccinated,729.0,10037.0,4.5,0.0
91,20-24,old_vaccine,0.0,0.0,0.0,0.0
91,20-24,new_vaccine,0.0,0.0,0.0,0.0
91,25-29,unvaccinated,1208.0,10866.0,6.5,0.0
91,25-29,old_vaccine,0.0,0.0,0.0,0.0
91,25-29,new_vaccine,0.0,0.0,0.0,0.0
91,30-34,unvaccinated,1235.0,11008.5,8.0,0.0
91,30-34,old_vaccine,0.0,0.0,0.0,0.0
91,30-34,new_vaccine,0.0,0.0,0.0,0.0
91,35-39,unvaccinated,1103.0,10955.5,12.0,0.0
91,35-39,old_vaccine,0.0,0.0,0.0,0.0
91,35-39,new_vaccine,0.0,0.0,0.0,0.0
91,40-44,unvaccinated,1142.0,10372.5,16.0,0.0
91,40-44,old_vaccine,0.0,0.0,0.0,0.0
91,40-44,new_vaccine,0.0,0.0,0.0,0.0
91,45-49,unvaccinated,1403.0,9887.0,33.5,0.0
91,45-49,old_vaccine,0.0,0.0,0.0,0.0
91,45-49,new_vaccine,0.0,0.0,0.0,0.0
91,50-54,unvaccinated,2427.0,9998.0,90.0,0.0
91,50-54,old_vaccine,0.0,0.0,0.0,0.0
91,50-54,new_vaccine,0.0,0.0,0.0,0.0
91,55-59,unvaccinated,3149.5,8924.0,113.0,0.0
91,55-59,old_vaccine,0.0,0.0,0.0,0.0
91,55-59,new_vaccine,0.0,0.0,0.0,0.0
91,60-64,unvaccinated,3008.0,7325.5,265.5,0.0
91,60-64,old_vaccine,0.0,0.0,0.0,0.0
91,60-64,new_vaccine,0.0,0.0,0.0,0.0
91,65-69,unvaccinated,4876.5,4237.5,489.0,0.0
91,65-69,old_vaccine,0.0,0.0,0.0,0.0
91,65-69,new_vaccine,0.0,0.0,0.0,0.0
91,70-74,unvaccinated,5566.0,3235.0,968.0,0.0
91,70-74,old_vaccine,0.0,0.0,0.0,0.0
91,70-74,new_vaccine,0.0,0.0,0.0,0.0
91,75+,unvaccinated,10197.5,5087.0,3132.5,0.0
91,75+,old_vaccine,0.0,0.0,0.0,0.0
91,75+,new_vaccine,0.0,0.0,0.0,0.0
92,0-4,unvaccinated,661.5,9592.0,11.0,0.0
92,0-4,old_vaccine,0.0,0.0,0.0,0.0
92,0-4,new_vaccine,0.0,0.0,0.0,0.0
92,5-9,unvaccinated,176.0,10816.5,0.5,0.0
92,5-9,old_vaccine,0.0,0.0,0.0,0.0
92,5-9,new_vaccine,0.0,0.0,0.0,0.0
92,10-14,unvaccinated,245.0,10268.5,2.5,0.0
92,10-14,old_vaccine,0.0,0.0,0.0,0.0
92,10-14,new_vaccine,0.0,0.0,0.0,0.0
92,15-19,unvaccinated,231.0,9558.0,2.0,0.0
92,15-19,old_vaccine,0.0,0.0,0.0,0.0
92,15-19,new_vaccine,0.0,0.0,0.0,0.0
92,20-24,unvaccinated,716.0,10017.5,4.5,0.0
92,20-24,old_vaccine,0.0,0.0,0.0,0.0
92,20-24,new_vaccine,0.0,0.0,0.0,0.0
92,25-29,unvaccinated,1206.0,10872.5,6.0,0.0
92,25-29,old_vaccine,0.0,0.0,0.0,0.0
92,25-29,new_vaccine,0.0,0.0,0.0,0.0
92,30-34,unvaccinated,1243.5,11022.0,8.5,0.0
92,30-34,old_vaccine,0.0,0.0,0.0,0.0
92,30-34,new_vaccine,0.0,0.0,0.0,0.0
92,35-39,unvaccinated,1104.5,10945.0,12.5,0.0
92,35-39,old_vaccine,0.0,0.0,0.0,0.0
92,35-39,new_vaccine,0.0,0.0,0.0,0.0
92,40-44,unvaccinated,1139.5,10348.5,15.0,0.0
92,40-44,old_vaccine,0.0,0.0,0.0,0.0
92,40-44,new_vaccine,0.0,0.0,0.0,0.0
92,45-49,unvaccinated,1389.0,9884.0,34.0,0.0
92,45-49,old_vaccine,0.0,0.0,0.0,0.0
92,45-49,new_vaccine,0.0,0.0,0.0,0.0
92,50-54,unvaccinated,2398.0,9973.0,89.0,0.0
92,50-54,old_vaccine,0.0,0.0,0.0,0.0
92,50-54,new_vaccine,0.0,0.0,0.0,0.0
92,55-59,unvaccinated,3147.5,8898.0,112.0,0.0
92,55-59,old_vaccine,0.0,0.0,0.0,0.0
92,55-59,new_vaccine,0.0,0.0,0.0,0.0
92,60-64,unvaccinated,3007.0,7324.0,264.0,0.0
92,60-64,old_vaccine,0.0,0.0,0.0,0.0
92,60-64,new_vaccine,0.0,0.0,0.0,0.0
92,65-69,unvaccinated,4844.5,4221.0,489.0,0.0
92,65-69,old_vaccine,0.0,0.0,0.0,0.0
92,65-69,new_vaccine,0.0,0.0,0.0,0.0
92,70-74,unvaccinated,5564.0,3243.0,969.5,0.0
92,70-74,old_vaccine,0.0,0.0,0.0,0.0
92,70-74,new_vaccine,0.0,0.0,0.0,0.0
92,75+,unvaccinated,10181.0,5054.0,3133.5,0.0
92,75+,old_vaccine,0.0,0.0,0.0,0.0
92,75+,new_vaccine,0.0,0.0,0.0,0.0
93,0-4,unvaccinated,666.5,9593.0,10.5,0.0
93,0-4,old_vaccine,0.0,0.0,0.0,0.0
93,0-4,new_vaccine,0.0,0.0,0.0,0.0
93,5-9,unvaccinated,176.0,10786.0,0.5,0.0
93,5-9,old_vaccine,0.0,0.0,0.0,0.0
93,5-9,new_vaccine,0.0,0.0,0.0,0.0
93,10-14,unvaccinated,238.5,10235.5,2.5,0.0
93,10-14,old_vaccine,0.0,0.0,0.0,0.0
93,10-14,new_vaccine,0.0,0.0,0.0,0.0
93,15-19,unvaccinated,234.0,9536.0,2.0,0.0
93,15-19,old_vaccine,0.0,0.0,0.0,0.0
93,15-19,new_vaccine,0.0,0.0,0.0,0.0
93,20-24,unvaccinated,710.5,9976.5,4.0,0.0
93,20-24,old_vaccine,0.0,0.0,0.0,0.0
93,20-24,new_vaccine,0.0,0.0,0.0,0.0
93,25-29,unvaccinated,1192.0,10859.0,6.5,0.0
93,25-29,old_vaccine,0.0,0.0,0.0,0.0
93,25-29,new_vaccine,0.0,0.0,0.0,0.0
93,30-34,unvaccinated,1233.5,11022.0,8.5,0.0
93,30-34,old_vaccine,0.0,0.0,0.0,0.0
93,30-34,new_vaccine,0.0,0.0,0.0,0.0
93,35-39,unvaccinated,1096.5,10970.5,12.0,0.0
93,35-39,old_vaccine,0.0,0.0,0.0,0.0
93,35-39,new_vaccine,0.0,0.0,0.0,0.0
93,40-44,unvaccinated,1143.0,10353.0,16.0,0.0
93,40-44,old_vaccine,0.0,0.0,0.0,0.0
93,40-44,new_vaccine,0.0,0.0,0.0,0.0
93,45-49,unvaccinated,1377.5,9874.5,33.0,0.0
93,45-49,old_vaccine,0.0,0.0,0.0,0.0
93,45-49,new_vaccine,0.0,0.0,0.0,0.0
93,50-54,unvaccinated,2389.0,9955.0,89.0,0.0
93,50-54,old_vaccine,0.0,0.0,0.0,0.0
93,50-54,new_vaccine,0.0,0.0,0.0,0.0
93,55-59,unvaccinated,3119.0,8878.5,111.0,0.0
93,55-59,old_vaccine,0.0,0.0,0.0,0.0
93,55-59,new_vaccine,0.0,0.0,0.0,0.0
93,60-64,unvaccinated,3002.0,7299.0,265.0,0.0
93,60-64,old_vaccine,0.0,0.0,0.0,0.0
93,60-64,new_vaccine,0.0,0.0,0.0,0.0
93,65-69,unvaccinated,4826.5,4222.5,490.5,0.0
93,65-69,old_vaccine,0.0,0.0,0.0,0.0
93,65-69,new_vaccine,0.0,0.0,0.0,0.0
93,70-74,unvaccinated,5577.0,3244.0,970.5,0.0
93,70-74,old_vaccine,0.0,0.0,0.0,0.0
93,70-74,new_vaccine,0.0,0.0,0.0,0.0
93,75+,unvaccinated,10150.5,5034.0,3137.0,0.0
93,75+,old_vaccine,0.0,0.0,0.0,0.0
93,75+,new_vaccine,0.0,0.0,0.0,0.0
94,0-4,unvaccinated,677.0,9597.5,11.0,0.0
94,0-4,old_vaccine,0.0,0.0,0.0,0.0
94,0-4,new_vaccine,0.0,0.0,0.0,0.0
94,5-9,unvaccinated,180.5,10802.0,0.5,0.0
94,5-9,old_vaccine,0.0,0.0,0.0,0.0
94,5-9,new_vaccine,0.0,0.0,0.0,0.0
94,10-14,unvaccinated,235.5,10173.0,2.5,0.0
94,10-14,old_vaccine,0.0,0.0,0.0,0.0
94,10-14,new_vaccine,0.0,0.0,0.0,0.0
94,15-19,unvaccinated,234.5,9514.5,2.0,0.0
94,15-19,old_vaccine,0.0,0.0,0.0,0.0
94,15-19,new_vaccine,0.0,0.0,0.0,0.0
94,20-24,unvaccinated,710.5,9982.0,4.0,0.0
94,20-24,old_vaccine,0.0,0.0,0.0,0.0
94,20-24,new_vaccine,0.0,0.0,0.0,0.0
94,25-29,unvaccinated,1192.5,10809.0,6.5,0.0
94,25-29,old_vaccine,0.0,0.0,0.0,0.0
94,25-29,new_vaccine,0.0,0.0,0.0,0.0
94,30-34,unvaccinated,1223.5,11013.5,8.0,0.0
94,30-34,old_vaccine,0.0,0.0,0.0,0.0
94,30-34,new_vaccine,0.0,0.0,0.0,0.0
94,35-39,unvaccinated,1102.5,10953.5,12.0,0.0
94,35-39,old_vaccine,0.0,0.0,0.0,0.0
94,35-39,new_vaccine,0.0,0.0,0.0,0.0
94,40-44,unvaccinated,1141.0,10378.0,16.0,0.0
94,40-44,old_vaccine,0.0,0.0,0.0,0.0
94,40-44,new_vaccine,0.0,0.0,0.0,0.0
94,45-49,unvaccinated,1375.0,9854.0,34.0,0.0
94,45-49,old_vaccine,0.0,0.0,0.0,0.0
94,45-49,new_vaccine,0.0,0.0,0.0,0.0
94,50-54,unvaccinated,2393.0,9923.0,89.0,0.0
94,50-54,old_vaccine,0.0,0.0,0.0,0.0
94,50-54,new_vaccine,0.0,0.0,0.0,0.0
94,55-59,unvaccinated,3118.0,8854.0,110.0,0.0
94,55-59,old_vaccine,0.0,0.0,0.0,0.0
94,55-59,new_vaccine,0.0,0.0,0.0,0.0
94,60-64,unvaccinated,2997.5,7308.5,263.0,0.0
94,60-64,old_vaccine,0.0,0.0,0.0,0.0
94,60-64,new_vaccine,0.0,0.0,0.0,0.0
94,65-69,unvaccinated,4829.0,4209.0,489.0,0.0
94,65-69,old_vaccine,0.0,0.0,0.0,0.0
94,65-69,new_vaccine,0.0,0.0,0.0,0.0
94,70-74,unvaccinated,5526.5,3261.5,971.0,0.0
94,70-74,old_vaccine,0.0,0.0,0.0,0.0
94,70-74,new_vaccine,0.0,0.0,0.0,0.0
94,75+,unvaccinated,10109.0,5016.0,3138.0,0.0
94,75+,old_vaccine,0.0,0.0,0.0,0.0
94,75+,new_vaccine,0.0,0.0,0.0,0.0
95,0-4,unvaccinated,673.5,9582.5,11.0,0.0
95,0-4,old_vaccine,0.0,0.0,0.0,0.0
95,0-4,new_vaccine,0.0,0.0,0.0,0.0
95,5-9,unvaccinated,179.0,10795.5,0.5,0.0
95,5-9,old_vaccine,0.0,0.0,0.0,0.0
95,5-9,new_vaccine,0.0,0.0,0.0,0.0
95,10-14,unvaccinated,235.0,10154.5,2.5,0.0
95,10-14,old_vaccine,0.0,0.0,0.0,0.0
95,10-14,new_vaccine,0.0,0.0,0.0,0.0
95,15-19,unvaccinated,235.0,9493.0,2.0,0.0
95,15-19,old_vaccine,0.0,0.0,0.0,0.0
95,15-19,new_vaccine,0.0,0.0,0.0,0.0
95,20-24,unvaccinated,710.5,9964.0,4.0,0.0
95,20-24,old_vaccine,0.0,0.0,0.0,0.0
95,20-24,new_vaccine,0.0,0.0,0.0,0.0
95,25-29,unvaccinated,1184.0,10768.5,5.5,0.0
95,25-29,old_vaccine,0.0,0.0,0.0,0.0
95,25-29,new_vaccine,0.0,0.0,0.0,0.0
95,30-34,unvaccinated,1226.5,10983.5,8.0,0.0
95,30-34,old_vaccine,0.0,0.0,0.0,0.0
95,30-34,new_vaccine,0.0,0.0,0.0,0.0
95,35-39,unvaccinated,1101.0,10908.0,11.5,0.0
95,35-39,old_vaccine,0.0,0.0,0.0,0.0
95,35-39,new_vaccine,0.0,0.0,0.0,0.0
95,40-44,unvaccinated,1136.5,10350.5,16.0,0.0
95,40-44,old_vaccine,0.0,0.0,0.0,0.0
95,40-44,new_vaccine,0.0,0.0,0.0,0.0
95,45-49,unvaccinated,1369.5,9842.0,34.0,0.0
95,45-49,old_vaccine,0.0,0.0,0.0,0.0
95,45-49,new_vaccine,0.0,0.0,0.0,0.0
95,50-54,unvaccinated,2385.0,9898.5,90.0,0.0
95,50-54,old_vaccine,0.0,0.0,0.0,0.0
95,50-54,new_vaccine,0.0,0.0,0.0,0.0
95,55-59,unvaccinated,3131.5,8865.5,110.0,0.0
95,55-59,old_vaccine,0.0,0.0,0.0,0.0
95,55-59,new_vaccine,0.0,0.0,0.0,0.0
95,60-64,unvaccinated,2989.0,7291.5,263.0,0.0
95,60-64,old_vaccine,0.0,0.0,0.0,0.0
95,60-64,new_vaccine,0.0,0.0,0.0,0.0
95,65-69,unvaccinated,4822.5,4180.5,489.0,0.0
95,65-69,old_vaccine,0.0,0.0,0.0,0.0
95,65-69,new_vaccine,0.0,0.0,0.0,0.0
95,70-74,unvaccinated,5516.0,3242.0,973.0,0.0
95,70-74,old_vaccine,0.0,0.0,0.0,0.0
95,70-74,new_vaccine,0.0,0.0,0.0,0.0
95,75+,unvaccinated,10122.5,4978.0,3141.5,0.0
95,75+,old_vaccine,0.0,0.0,0.0,0.0
95,75+,new_vaccine,0.0,0.0,0.0,0.0
96,0-4,unvaccinated,673.5,9582.5,11.0,0.0
96,0-4,old_vaccine,0.0,0.0,0.0,0.0
96,0-4,new_vaccine,0.0,0.0,0.0,0.0
96,5-9,unvaccinated,174.0,10804.5,0.5,0.0
96,5-9,old_vaccine,0.0,0.0,0.0,0.0
96,5-9,new_vaccine,0.0,0.0,0.0,0.0
96,10-14,unvaccinated,237.0,10140.5,2.0,0.0
96,10-14,old_vaccine,0.0,0.0,0.0,0.0
96,10-14,new_vaccine,0.0,0.0,0.0,0.0
96,15-19,unvaccinated,229.5,9515.0,2.0,0.0
96,15-19,old_vaccine,0.0,0.0,0.0,0.0
96,15-19,new_vaccine,0.0,0.0,0.0,0.0
96,20-24,unvaccinated,713.5,9974.5,4.0,0.0
96,20-24,old_vaccine,0.0,0.0,0.0,0.0
96,20-24,new_vaccine,0.0,0.0,0.0,0.0
96,25-29,unvaccinated,1179.5,10747.0,5.0,0.0
96,25-29,old_vaccine,0.0,0.0,0.0,0.0
96,25-29,new_vaccine,0.0,0.0,0.0,0.0
96,30-34,unvaccinated,1232.5,10942.5,8.5,0.0
96,30-34,old_vaccine,0.0,0.0,0.0,0.0
96,30-34,new_vaccine,0.0,0.0,0.0,0.0
96,35-39,unvaccinated,1105.5,10859.0,11.0,0.0
96,35-39,old_vaccine,0.0,0.0,0.0,0.0
96,35-39,new_vaccine,0.0,0.0,0.0,0.0
96,40-44,unvaccinated,1135.0,10357.5,16.5,0.0
96,40-44,old_vaccine,0.0,0.0,0.0,0.0
96,40-44,new_vaccine,0.0,0.0,0.0,0.0
96,45-49,unvaccinated,1359.5,9833.5,34.0,0.0
96,45-49,old_vaccine,0.0,0.0,0.0,0.0
96,45-49,new_vaccine,0.0,0.0,0.0,0.0
96,50-54,unvaccinated,2367.5,9911.0,89.5,0.0
96,50-54,old_vaccine,0.0,0.0,0.0,0.0
96,50-54,new_vaccine,0.0,0.0,0.0,0.0
96,55-59,unvaccinated,3130.5,8841.5,110.5,0.0
96,55-59,old_vaccine,0.0,0.0,0.0,0.0
96,55-59,new_vaccine,0.0,0.0,0.0,0.0
96,60-64,unvaccinated,2974.0,7297.5,262.5,0.0
96,60-64,old_vaccine,0.0,0.0,0.0,0.0
96,60-64,new_vaccine,0.0,0.0,0.0,0.0
96,65-69,unvaccinated,4810.0,4184.5,490.5,0.0
96,65-69,old_vaccine,0.0,0.0,0.0,0.0
96,65-69,new_vaccine,0.0,0.0,0.0,0.0
96,70-74,unvaccinated,5508.0,3220.5,979.5,0.0
96,70-74,old_vaccine,0.0,0.0,0.0,0.0
96,70-74,new_vaccine,0.0,0.0,0.0,0.0
96,75+,unvaccinated,10079.0,4980.0,3147.5,0.0
96,75+,old_vaccine,0.0,0.0,0.0,0.0
96,75+,new_vaccine,0.0,0.0,0.0,0.0
97,0-4,unvaccinated,676.0,9593.5,11.0,0.0
97,0-4,old_vaccine,0.0,0.0,0.0,0.0
97,0-4,new_vaccine,0.0,0.0,0.0,0.0
97,5-9,unvaccinated,176.5,10815.5,0.5,0.0
97,5-9,old_vaccine,0.0,0.0,0.0,0.0
97,5-9,new_vaccine,0.0,0.0,0.0,0.0
97,10-14,unvaccinated,236.5,10126.0,2.0,0.0
97,10-14,old_vaccine,0.0,0.0,0.0,0.0
97,10-14,new_vaccine,0.0,0.0,0.0,0.0
97,15-19,unvaccinated,228.0,9506.0,1.5,0.0
97,15-19,old_vaccine,0.0,0.0,0.0,0.0
97,15-19,new_vaccine,0.0,0.0,0.0,0.0
97,20-24,unvaccinated,712.5,9989.5,4.0,0.0
97,20-24,old_vaccine,0.0,0.0,0.0,0.0
97,20-24,new_vaccine,0.0,0.0,0.0,0.0
97,25-29,unvaccinated,1173.5,10769.0,4.5,0.0
97,25-29,old_vaccine,0.0,0.0,0.0,0.0
97,25-29,new_vaccine,0.0,0.0,0.0,0.0
97,30-34,unvaccinated,1227.5,10942.5,8.5,0.0
97,30-34,old_vaccine,0.0,0.0,0.0,0.0
97,30-34,new_vaccine,0.0,0.0,0.0,0.0
97,35-39,unvaccinated,1111.0,10842.0,11.5,0.0
97,35-39,old_vaccine,0.0,0.0,0.0,0.0
97,35-39,new_vaccine,0.0,0.0,0.0,0.0
97,40-44,unvaccinated,1138.0,10387.5,16.0,0.0
97,40-44,old_vaccine,0.0,0.0,0.0,0.0
97,40-44,new_vaccine,0.0,0.0,0.0,0.0
97,45-49,unvaccinated,1359.0,9820.5,34.0,0.0
97,45-49,old_vaccine,0.0,0.0,0.0,0.0
97,45-49,new_vaccine,0.0,0.0,0.0,0.0
97,50-54,unvaccinated,2363.0,9916.0,89.5,0.0
97,50-54,old_vaccine,0.0,0.0,0.0,0.0
97,50-54,new_vaccine,0.0,0.0,0.0,0.0
97,55-59,unvaccinated,3130.5,8842.0,110.5,0.0
97,55-59,old_vaccine,0.0,0.0,0.0,0.0
97,55-59,new_vaccine,0.0,0.0,0.0,0.0
97,60-64,unvaccinated,2987.0,7276.5,265.0,0.0
97,60-64,old_vaccine,0.0,0.0,0.0,0.0
97,60-64,new_vaccine,0.0,0.0,0.0,0.0
97,65-69,unvaccinated,4795.0,4186.0,488.0,0.0
97,65-69,old_vaccine,0.0,0.0,0.0,0.0
97,65-69,new_vaccine,0.0,0.0,0.0,0.0
97,70-74,unvaccinated,5504.5,3212.5,979.5,0.0
97,70-74,old_vaccine,0.0,0.0,0.0,0.0
97,70-74,new_vaccine,0.0,0.0,0.0,0.0
97,75+,unvaccinated,10060.5,4990.0,3149.5,0.0
97,75+,old_vaccine,0.0,0.0,0.0,0.0
97,75+,new_vaccine,0.0,0.0,0.0,0.0
98,0-4,unvaccinated,672.0,9635.0,11.0,0.0
98,0-4,old_vaccine,0.0,0.0,0.0,0.0
98,0-4,new_vaccine,0.0,0.0,0.0,0.0
98,5-9,unvaccinated,178.5,10822.0,0.0,0.0
98,5-9,old_vaccine,0.0,0.0,0.0,0.0
98,5-9,new_vaccine,0.0,0.0,0.0,0.0
98,10-14,unvaccinated,233.0,10159.0,1.5,0.0
98,10-14,old_vaccine,0.0,0.0,0.0,0.0
98,10-14,new_vaccine,0.0,0.0,0.0,0.0
98,15-19,unvaccinated,229.5,9541.5,1.5,0.0
98,15-19,old_vaccine,0.0,0.0,0.0,0.0
98,15-19,new_vaccine,0.0,0.0,0.0,0.0
98,20-24,unvaccinated,710.5,10013.5,4.0,0.0
98,20-24,old_vaccine,0.0,0.0,0.0,0.0
98,20-24,new_vaccine,0.0,0.0,0.0,0.0
98,25-29,unvaccinated,1173.5,10766.0,4.0,0.0
98,25-29,old_vaccine,0.0,0.0,0.0,0.0
98,25-29,new_vaccine,0.0,0.0,0.0,0.0
98,30-34,unvaccinated,1227.5,10991.0,8.0,0.0
98,30-34,old_vaccine,0.0,0.0,0.0,0.0
98,30-34,new_vaccine,0.0,0.0,0.0,0.0
98,35-39,unvaccinated,1111.0,10823.0,11.5,0.0
98,35-39,old_vaccine,0.0,0.0,0.0,0.0
98,35-39,new_vaccine,0.0,0.0,0.0,0.0
98,40-44,unvaccinated,1139.0,10407.0,15.5,0.0
98,40-44,old_vaccine,0.0,0.0,0.0,0.0
98,40-44,new_vaccine,0.0,0.0,0.0,0.0
98,45-49,unvaccinated,1363.0,9825.0,34.0,0.0
98,45-49,old_vaccine,0.0,0.0,0.0,0.0
98,45-49,new_vaccine,0.0,0.0,0.0,0.0
98,50-54,unvaccinated,2373.5,9954.5,89.0,0.0
98,50-54,old_vaccine,0.0,0.0,0.0,0.0
98,50-54,new_vaccine,0.0,0.0,0.0,0.0
98,55-59,unvaccinated,3118.5,8886.0,112.5,0.0
98,55-59,old_vaccine,0.0,0.0,0.0,0.0
98,55-59,new_vaccine,0.0,0.0,0.0,0.0
98,60-64,unvaccinated,3000.0,7265.0,266.5,0.0
98,60-64,old_vaccine,0.0,0.0,0.0,0.0
98,60-64,new_vaccine,0.0,0.0,0.0,0.0
98,65-69,unvaccinated,4819.5,4202.5,487.5,0.0
98,65-69,old_vaccine,0.0,0.0,0.0,0.0
98,65-69,new_vaccine,0.0,0.0,0.0,0.0
98,70-74,unvaccinated,5512.0,3203.0,982.0,0.0
98,70-74,old_vaccine,0.0,0.0,0.0,0.0
98,70-74,new_vaccine,0.0,0.0,0.0,0.0
98,75+,unvaccinated,10052.5,5012.5,3149.5,0.0
98,75+,old_vaccine,0.0,0.0,0.0,0.0
98,75+,new_vaccine,0.0,0.0,0.0,0.0
99,0-4,unvaccinated,669.5,9633.0,11.5,0.0
99,0-4,old_vaccine,0.0,0.0,0.0,0.0
99,0-4,new_vaccine,0.0,0.0,0.0,0.0
99,5-9,unvaccinated,177.0,10802.0,0.5,0.0
99,5-9,old_vaccine,0.0,0.0,0.0,0.0
99,5-9,new_vaccine,0.0,0.0,0.0,0.0
99,10-14,unvaccinated,231.0,10219.5,1.5,0.0
99,10-14,old_vaccine,0.0,0.0,0.0,0.0
99,10-14,new_vaccine,0.0,0.0,0.0,0.0
99,15-19,unvaccinated,227.5,9543.0,1.5,0.0
99,15-19,old_vaccine,0.0,0.0,0.0,0.0
99,15-19,new_vaccine,0.0,0.0,0.0,0.0
99,20-24,unvaccinated,716.5,10039.0,4.0,0.0
99,20-24,old_vaccine,0.0,0.0,0.0,0.0
99,20-24,new_vaccine,0.0,0.0,0.0,0.0
99,25-29,unvaccinated,1177.5,10768.5,4.0,0.0
99,25-29,old_vaccine,0.0,0.0,0.0,0.0
99,25-29,new_vaccine,0.0,0.0,0.0,0.0
99,30-34,unvaccinated,1236.0,10986.5,8.5,0.0
99,30-34,old_vaccine,0.0,0.0,0.0,0.0
99,30-34,new_vaccine,0.0,0.0,0.0,0.0
99,35-39,unvaccinated,1119.5,10844.0,12.0,0.0
99,35-39,old_vaccine,0.0,0.0,0.0,0.0
99,35-39,new_vaccine,0.0,0.0,0.0,0.0
99,40-44,unvaccinated,1131.5,10416.5,15.0,0.0
99,40-44,old_vaccine,0.0,0.0,0.0,0.0
99,40-44,new_vaccine,0.0,0.0,0.0,0.0
99,45-49,unvaccinated,1371.0,9812.5,34.0,0.0
99,45-49,old_vaccine,0.0,0.0,0.0,0.0
99,45-49,new_vaccine,0.0,0.0,0.0,0.0
99,50-54,unvaccinated,2383.5,9938.0,91.0,0.0
99,50-54,old_vaccine,0.0,0.0,0.0,0.0
99,50-54,new_vaccine,0.0,0.0,0.0,0.0
99,55-59,unvaccinated,3107.5,8895.0,113.5,0.0
99,55-59,old_vaccine,0.0,0.0,0.0,0.0
99,55-59,new_vaccine,0.0,0.0,0.0,0.0
99,60-64,unvaccinated,2998.0,7272.5,266.0,0.0
99,60-64,old_vaccine,0.0,0.0,0.0,0.0
99,60-64,new_vaccine,0.0,0.0,0.0,0.0
99,65-69,unvaccinated,4823.0,4217.5,488.5,0.0
99,65-69,old_vaccine,0.0,0.0,0.0,0.0
99,65-69,new_vaccine,0.0,0.0,0.0,0.0
99,70-74,unvaccinated,5526.0,3204.5,988.5,0.0
99,70-74,old_vaccine,0.0,0.0,0.0,0.0
99,70-74,new_vaccine,0.0,0.0,0.0,0.0
99,75+,unvaccinated,10061.0,5039.5,3156.0,0.0
99,75+,old_vaccine,0.0,0.0,0.0,0.0
99,75+,new_vaccine,0.0,0.0,0.0,0.0
100,0-4,unvaccinated,664.5,9603.0,11.0,0.0
100,0-4,old_vaccine,0.0,0.0,0.0,0.0
100,0-4,new_vaccine,0.0,0.0,0.0,0.0
100,5-9,unvaccinated,176.5,10802.0,0.5,0.0
100,5-9,old_vaccine,0.0,0.0,0.0,0.0
100,5-9,new_vaccine,0.0,0.0,0.0,0.0
100,10-14,unvaccinated,229.0,10242.0,1.5,0.0
100,10-14,old_vaccine,0.0,0.0,0.0,0.0
100,10-14,new_vaccine,0.0,0.0,0.0,0.0
100,15-19,unvaccinated,228.0,9565.0,1.5,0.0
100,15-19,old_vaccine,0.0,0.0,0.0,0.0
100,15-19,new_vaccine,0.0,0.0,0.0,0.0
100,20-24,unvaccinated,713.5,10047.0,4.0,0.0
100,20-24,old_vaccine,0.0,0.0,0.0,0.0
100,20-24,new_vaccine,0.0,0.0,0.0,0.0
100,25-29,unvaccinated,1189.5,10792.0,4.0,0.0
100,25-29,old_vaccine,0.0,0.0,0.0,0.0
100,25-29,new_vaccine,0.0,0.0,0.0,0.0
100,30-34,unvaccinated,1240.5,10990.0,8.0,0.0
100,30-34,old_vaccine,0.0,0.0,0.0,0.0
100,30-34,new_vaccine,0.0,0.0,0.0,0.0
100,35-39,unvaccinated,1116.5,10845.0,12.0,0.0
100,35-39,old_vaccine,0.0,0.0,0.0,0.0
100,35-39,new_vaccine,0.0,0.0,0.0,0.0
100,40-44,unvaccinated,1140.0,10431.0,15.5,0.0
100,40-44,old_vaccine,0.0,0.0,0.0,0.0
100,40-44,new_vaccine,0.0,0.0,0.0,0.0
100,45-49,unvaccinated,1390.0,9826.0,34.0,0.0
100,45-49,old_vaccine,0.0,0.0,0.0,0.0
100,45-49,new_vaccine,0.0,0.0,0.0,0.0
100,50-54,unvaccinated,2386.0,9978.0,90.5,0.0
100,50-54,old_vaccine,0.0,0.0,0.0,0.0
100,50-54,new_vaccine,0.0,0.0,0.0,0.0
100,55-59,unvaccinated,3118.5,8918.0,116.0,0.0
100,55-59,old_vaccine,0.0,0.0,0.0,0.0
100,55-59,new_vaccine,0.0,0.0,0.0,0.0
100,60-64,unvaccinated,3006.0,7263.5,265.5,0.0
100,60-64,old_vaccine,0.0,0.0,0.0,0.0
100,60-64,new_vaccine,0.0,0.0,0.0,0.0
100,65-69,unvaccinated,4826.0,4222.5,490.0,0.0
100,65-69,old_vaccine,0.0,0.0,0.0,0.0
100,65-69,new_vaccine,0.0,0.0,0.0,0.0
100,70-74,unvaccinated,5533.0,3205.0,992.0,0.0
100,70-74,old_vaccine,0.0,0.0,0.0,0.0
100,70-74,new_vaccine,0.0,0.0,0.0,0.0
100,75+,unvaccinated,10057.0,5053.0,3158.5,0.0
100,75+,old_vaccine,0.0,0.0,0.0,0.0
100,75+,new_vaccine,0.0,0.0,0.0,0.0
101,0-4,unvaccinated,678.5,9643.5,10.5,0.0
101,0-4,old_vaccine,0.0,0.0,0.0,0.0
101,0-4,new_vaccine,0.0,0.0,0.0,0.0
101,5-9,unvaccinated,179.5,10788.5,1.0,0.0
101,5-9,old_vaccine,0.0,0.0,0.0,0.0
101,5-9,new_vaccine,0.0,0.0,0.0,0.0
101,10-14,unvaccinated,231.0,10244.5,1.5,0.0
101,10-14,old_vaccine,0.0,0.0,0.0,0.0
101,10-14,new_vaccine,0.0,0.0,0.0,0.0
101,15-19,unvaccinated,231.5,9543.5,1.5,0.0
101,15-19,old_vaccine,0.0,0.0,0.0,0.0
101,15-19,new_vaccine,0.0,0.0,0.0,0.0
101,20-24,unvaccinated,709.5,10066.0,4.0,0.0
101,20-24,old_vaccine,0.0,0.0,0.0,0.0
101,20-24,new_vaccine,0.0,0.0,0.0,0.0
101,25-29,unvaccinated,1188.0,10834.0,3.5,0.0
101,25-29,old_vaccine,0.0,0.0,0.0,0.0
101,25-29,new_vaccine,0.0,0.0,0.0,0.0
101,30-34,unvaccinated,1263.5,11007.0,8.5,0.0
101,30-34,old_vaccine,0.0,0.0,0.0,0.0
101,30-34,new_vaccine,0.0,0.0,0.0,0.0
101,35-39,unvaccinated,1114.5,10887.0,11.5,0.0
101,35-39,old_vaccine,0.0,0.0,0.0,0.0
101,35-39,new_vaccine,0.0,0.0,0.0,0.0
101,40-44,unvaccinated,1144.0,10407.5,15.5,0.0
101,40-44,old_vaccine,0.0,0.0,0.0,0.0
101,40-44,new_vaccine,0.0,0.0,0.0,0.0
101,45-49,unvaccinated,1395.0,9828.0,33.0,0.0
101,45-49,old_vaccine,0.0,0.0,0.0,0.0
101,45-49,new_vaccine,0.0,0.0,0.0,0.0
101,50-54,unvaccinated,2397.5,9987.0,90.0,0.0
101,50-54,old_vaccine,0.0,0.0,0.0,0.0
101,50-54,new_vaccine,0.0,0.0,0.0,0.0
101,55-59,unvaccinated,3135.5,8951.5,117.0,0.0
101,55-59,old_vaccine,0.0,0.0,0.0,0.0
101,55-59,new_vaccine,0.0,0.0,0.0,0.0
101,60-64,unvaccinated,3006.0,7290.5,268.0,0.0
101,60-64,old_vaccine,0.0,0.0,0.0,0.0
101,60-64,new_vaccine,0.0,0.0,0.0,0.0
101,65-69,unvaccinated,4852.0,4241.0,491.0,0.0
101,65-69,old_vaccine,0.0,0.0,0.0,0.0
101,65-69,new_vaccine,0.0,0.0,0.0,0.0
101,70-74,unvaccinated,5560.5,3221.5,995.5,0.0
101,70-74,old_vaccine,0.0,0.0,0.0,0.0
101,70-74,new_vaccine,0.0,0.0,0.0,0.0
101,75+,unvaccinated,10103.5,5049.0,3167.5,0.0
101,75+,old_vaccine,0.0,0.0,0.0,0.0
101,75+,new_vaccine,0.0,0.0,0.0,0.0
102,0-4,unvaccinated,673.5,9655.0,11.5,0.0
102,0-4,old_vaccine,0.0,0.0,0.0,0.0
102,0-4,new_vaccine,0.0,0.0,0.0,0.0
102,5-9,unvaccinated,181.0,10771.0,1.0,0.0
102,5-9,old_vaccine,0.0,0.0,0.0,0.0
102,5-9,new_vaccine,0.0,0.0,0.0,0.0
102,10-14,unvaccinated,232.0,10285.5,1.5,0.0
102,10-14,old_vaccine,0.0,0.0,0.0,0.0
102,10-14,new_vaccine,0.0,0.0,0.0,0.0
102,15-19,unvaccinated,226.5,9559.0,1.5,0.0
102,15-19,old_vaccine,0.0,0.0,0.0,0.0
102,15-19,new_vaccine,0.0,0.0,0.0,0.0
102,20-24,unvaccinated,704.0,10065.0,4.0,0.0
102,20-24,old_vaccine,0.0,0.0,0.0,0.0
102,20-24,new_vaccine,0.0,0.0,0.0,0.0
102,25-29,unvaccinated,1199.0,10856.0,3.5,0.0
102,25-29,old_vaccine,0.0,0.0,0.0,0.0
102,25-29,new_vaccine,0.0,0.0,0.0,0.0
102,30-34,unvaccinated,1262.0,11034.5,8.5,0.0
102,30-34,old_vaccine,0.0,0.0,0.0,0.0
102,30-34,new_vaccine,0.0,0.0,0.0,0.0
102,35-39,unvaccinated,1105.0,10915.5,11.5,0.0
102,35-39,old_vaccine,0.0,0.0,0.0,0.0
102,35-39,new_vaccine,0.0,0.0,0.0,0.0
102,40-44,unvaccinated,1148.0,10405.0,15.5,0.0
102,40-44,old_vaccine,0.0,0.0,0.0,0.0
102,40-44,new_vaccine,0.0,0.0,0.0,0.0
102,45-49,unvaccinated,1394.5,9860.5,32.5,0.0
102,45-49,old_vaccine,0.0,0.0,0.0,0.0
102,45-49,new_vaccine,0.0,0.0,0.0,0.0
102,50-54,unvaccinated,2414.5,9984.5,89.5,0.0
102,50-54,old_vaccine,0.0,0.0,0.0,0.0
102,50-54,new_vaccine,0.0,0.0,0.0,0.0
102,55-59,unvaccinated,3129.5,8961.5,117.5,0.0
102,55-59,old_vaccine,0.0,0.0,0.0,0.0
102,55-59,new_vaccine,0.0,0.0,0.0,0.0
102,60-64,unvaccinated,3019.0,7297.5,271.0,0.0
102,60-64,old_vaccine,0.0,0.0,0.0,0.0
102,60-64,new_vaccine,0.0,0.0,0.0,0.0
102,65-69,unvaccinated,4854.5,4229.0,491.5,0.0
102,65-69,old_vaccine,0.0,0.0,0.0,0.0
102,65-69,new_vaccine,0.0,0.0,0.0,0.0
102,70-74,unvaccinated,5557.0,3230.0,993.5,0.0
102,70-74,old_vaccine,0.0,0.0,0.0,0.0
102,70-74,new_vaccine,0.0,0.0,0.0,0.0
102,75+,unvaccinated,10133.5,5071.0,3167.5,0.0
102,75+,old_vaccine,0.0,0.0,0.0,0.0
102,75+,new_vaccine,0.0,0.0,0.0,0.0
103,0-4,unvaccinated,662.5,9631.0,12.0,0.0
103,0-4,old_vaccine,0.0,0.0,0.0,0.0
103,0-4,new_vaccine,0.0,0.0,0.0,0.0
103,5-9,unvaccinated,177.5,10763.5,1.0,0.0
103,5-9,old_vaccine,0.0,0.0,0.0,0.0
103,5-9,new_vaccine,0.0,0.0,0.0,0.0
103,10-14,unvaccinated,230.0,10279.5,1.5,0.0
103,10-14,old_vaccine,0.0,0.0,0.0,0.0
103,10-14,new_vaccine,0.0,0.0,0.0,0.0
103,15-19,unvaccinated,232.0,9573.0,1.5,0.0
103,15-19,old_vaccine,0.0,0.0,0.0,0.0
103,15-19,new_vaccine,0.0,0.0,0.0,0.0
103,20-24,unvaccinated,703.0,10066.5,4.0,0.0
103,20-24,old_vaccine,0.0,0.0,0.0,0.0
103,20-24,new_vaccine,0.0,0.0,0.0,0.0
103,25-29,unvaccinated,1206.0,10857.0,5.0,0.0
103,25-29,old_vaccine,0.0,0.0,0.0,0.0
103,25-29,new_vaccine,0.0,0.0,0.0,0.0
103,30-34,unvaccinated,1251.0,11009.5,8.0,0.0
103,30-34,old_vaccine,0.0,0.0,0.0,0.0
103,30-34,new_vaccine,0.0,0.0,0.0,0.0
103,35-39,unvaccinated,1104.5,10913.5,11.0,0.0
103,35-39,old_vaccine,0.0,0.0,0.0,0.0
103,35-39,new_vaccine,0.0,0.0,0.0,0.0
103,40-44,unvaccinated,1148.5,10397.5,15.0,0.0
103,40-44,old_vaccine,0.0,0.0,0.0,0.0
103,40-44,new_vaccine,0.0,0.0,0.0,0.0
103,45-49,unvaccinated,1386.0,9858.0,32.0,0.0
103,45-49,old_vaccine,0.0,0.0,0.0,0.0
103,45-49,new_vaccine,0.0,0.0,0.0,0.0
103,50-54,unvaccinated,2417.0,9953.0,89.0,0.0
103,50-54,old_vaccine,0.0,0.0,0.0,0.0
103,50-54,new_vaccine,0.0,0.0,0.0,0.0
103,55-59,unvaccinated,3131.0,8975.0,117.5,0.0
103,55-59,old_vaccine,0.0,0.0,0.0,0.0
103,55-59,new_vaccine,0.0,0.0,0.0,0.0
103,60-64,unvaccinated,3012.5,7302.0,271.0,0.0
103,60-64,old_vaccine,0.0,0.0,0.0,0.0
103,60-64,new_vaccine,0.0,0.0,0.0,0.0
103,65-69,unvaccinated,4856.0,4238.0,494.0,0.0
103,65-69,old_vaccine,0.0,0.0,0.0,0.0
103,65-69,new_vaccine,0.0,0.0,0.0,0.0
103,70-74,unvaccinated,5569.5,3235.0,993.0,0.0
103,70-74,old_vaccine,0.0,0.0,0.0,0.0
103,70-74,new_vaccine,0.0,0.0,0.0,0.0
103,75+,unvaccinated,10166.0,5062.5,3170.5,0.0
103,75+,old_vaccine,0.0,0.0,0.0,0.0
103,75+,new_vaccine,0.0,0.0,0.0,0.0
104,0-4,unvaccinated,664.5,9594.0,12.0,0.0
104,0-4,old_vaccine,0.0,0.0,0.0,0.0
104,0-4,new_vaccine,0.0,0.0,0.0,0.0
104,5-9,unvaccinated,178.0,10760.5,1.5,0.0
104,5-9,old_vaccine,0.0,0.0,0.0,0.0
104,5-9,new_vaccine,0.0,0.0,0.0,0.0
104,10-14,unvaccinated,236.0,10288.0,1.5,0.0
104,10-14,old_vaccine,0.0,0.0,0.0,0.0
104,10-14,new_vaccine,0.0,0.0,0.0,0.0
104,15-19,unvaccinated,238.0,9569.5,1.5,0.0
104,15-19,old_vaccine,0.0,0.0,0.0,0.0
104,15-19,new_vaccine,0.0,0.0,0.0,0.0
104,20-24,unvaccinated,695.0,10027.0,4.0,0.0
104,20-24,old_vaccine,0.0,0.0,0.0,0.0
104,20-24,new_vaccine,0.0,0.0,0.0,0.0
104,25-29,unvaccinated,1196.5,10870.5,5.0,0.0
104,25-29,old_vaccine,0.0,0.0,0.0,0.0
104,25-29,new_vaccine,0.0,0.0,0.0,0.0
104,30-34,unvaccinated,1250.5,10981.0,8.0,0.0
104,30-34,old_vaccine,0.0,0.0,0.0,0.0
104,30-34,new_vaccine,0.0,0.0,0.0,0.0
104,35-39,unvaccinated,1110.5,10929.5,11.5,0.0
104,35-39,old_vaccine,0.0,0.0,0.0,0.0
104,35-39,new_vaccine,0.0,0.0,0.0,0.0
104,40-44,unvaccinated,1141.5,10396.5,15.5,0.0
104,40-44,old_vaccine,0.0,0.0,0.0,0.0
104,40-44,new_vaccine,0.0,0.0,0.0,0.0
104,45-49,unvaccinated,1381.5,9865.5,32.0,0.0
104,45-49,old_vaccine,0.0,0.0,0.0,0.0
104,45-49,new_vaccine,0.0,0.0,0.0,0.0
104,50-54,unvaccinated,2417.5,9951.0,88.0,0.0
104,50-54,old_vaccine,0.0,0.0,0.0,0.0
104,50-54,new_vaccine,0.0,0.0,0.0,0.0
104,55-59,unvaccinated,3119.0,8970.0,117.0,0.0
104,55-59,old_vaccine,0.0,0.0,0.0,0.0
104,55-59,new_vaccine,0.0,0.0,0.0,0.0
104,60-64,unvaccinated,2993.5,7279.0,267.5,0.0
104,60-64,old_vaccine,0.0,0.0,0.0,0.0
104,60-64,new_vaccine,0.0,0.0,0.0,0.0
104,65-69,unvaccinated,4821.5,4225.5,495.0,0.0
104,65-69,old_vaccine,0.0,0.0,0.0,0.0
104,65-69,new_vaccine,0.0,0.0,0.0,0.0
104,70-74,unvaccinated,5585.5,3226.5,989.0,0.0
104,70-74,old_vaccine,0.0,0.0,0.0,0.0
104,70-74,new_vaccine,0.0,0.0,0.0,0.0
104,75+,unvaccinated,10151.0,5033.0,3177.0,0.0
104,75+,old_vaccine,0.0,0.0,0.0,0.0
104,75+,new_vaccine,0.0,0.0,0.0,0.0
105,0-4,unvaccinated,670.0,9579.0,11.5,0.0
105,0-4,old_vaccine,0.0,0.0,0.0,0.0
105,0-4,new_vaccine,0.0,0.0,0.0,0.0
105,5-9,unvaccinated,176.0,10797.5,1.0,0.0
105,5-9,old_vaccine,0.0,0.0,0.0,0.0
105,5-9,new_vaccine,0.0,0.0,0.0,0.0
105,10-14,unvaccinated,236.0,10247.0,1.5,0.0
105,10-14,old_vaccine,0.0,0.0,0.0,0.0
105,10-14,new_vaccine,0.0,0.0,0.0,0.0
105,15-19,unvaccinated,237.5,9544.5,1.5,0.0
105,15-19,old_vaccine,0.0,0.0,0.0,0.0
105,15-19,new_vaccine,0.0,0.0,0.0,0.0
105,20-24,unvaccinated,694.5,10042.0,4.5,0.0
105,20-24,old_vaccine,0.0,0.0,0.0,0.0
105,20-24,new_vaccine,0.0,0.0,0.0,0.0
105,25-29,unvaccinated,1190.5,10873.5,5.0,0.0
105,25-29,old_vaccine,0.0,0.0,0.0,0.0
105,25-29,new_vaccine,0.0,0.0,0.0,0.0
105,30-34,unvaccinated,1251.0,10996.5,7.5,0.0
105,30-34,old_vaccine,0.0,0.0,0.0,0.0
105,30-34,new_vaccine,0.0,0.0,0.0,0.0
105,35-39,unvaccinated,1118.5,10924.5,12.0,0.0
105,35-39,old_vaccine,0.0,0.0,0.0,0.0
105,35-39,new_vaccine,0.0,0.0,0.0,0.0
105,40-44,unvaccinated,1147.5,10369.0,16.0,0.0
105,40-44,old_vaccine,0.0,0.0,0.0,0.0
105,40-44,new_vaccine,0.0,0.0,0.0,0.0
105,45-49,unvaccinated,1377.0,9855.0,32.5,0.0
105,45-49,old_vaccine,0.0,0.0,0.0,0.0
105,45-49,new_vaccine,0.0,0.0,0.0,0.0
105,50-54,unvaccinated,2404.5,9964.0,88.0,0.0
105,50-54,old_vaccine,0.0,0.0,0.0,0.0
105,50-54,new_vaccine,0.0,0.0,0.0,0.0
105,55-59,unvaccinated,3116.0,8953.0,115.5,0.0
105,55-59,old_vaccine,0.0,0.0,0.0,0.0
105,55-59,new_vaccine,0.0,0.0,0.0,0.0
105,60-64,unvaccinated,2999.0,7302.5,267.0,0.0
105,60-64,old_vaccine,0.0,0.0,0.0,0.0
105,60-64,new_vaccine,0.0,0.0,0.0,0.0
105,65-69,unvaccinated,4828.5,4238.5,496.5,0.0
105,65-69,old_vaccine,0.0,0.0,0.0,0.0
105,65-69,new_vaccine,0.0,0.0,0.0,0.0
105,70-74,unvaccinated,5556.5,3219.0,988.0,0.0
105,70-74,old_vaccine,0.0,0.0,0.0,0.0
105,70-74,new_vaccine,0.0,0.0,0.0,0.0
105,75+,unvaccinated,10150.5,5033.5,3174.0,0.0
105,75+,old_vaccine,0.0,0.0,0.0,0.0
105,75+,new_vaccine,0.0,0.0,0.0,0.0
106,0-4,unvaccinated,668.5,9588.5,11.5,0.0
106,0-4,old_vaccine,0.0,0.0,0.0,0.0
106,0-4,new_vaccine,0.0,0.0,0.0,0.0
106,5-9,unvaccinated,174.5,10801.5,1.0,0.0
106,5-9,old_vaccine,0.0,0.0,0.0,0.0
106,5-9,new_vaccine,0.0,0.0,0.0,0.0
106,10-14,unvaccinated,233.0,10256.5,1.5,0.0
106,10-14,old_vaccine,0.0,0.0,0.0,0.0
106,10-14,new_vaccine,0.0,0.0,0.0,0.0
106,15-19,unvaccinated,237.0,9529.0,1.5,0.0
106,15-19,old_vaccine,0.0,0.0,0.0,0.0
106,15-19,new_vaccine,0.0,0.0,0.0,0.0
106,20-24,unvaccinated,703.0,10019.5,4.5,0.0
106,20-24,old_vaccine,0.0,0.0,0.0,0.0
106,20-24,new_vaccine,0.0,0.0,0.0,0.0
106,25-29,unvaccinated,1187.5,10864.5,4.5,0.0
106,25-29,old_vaccine,0.0,0.0,0.0,0.0
106,25-29,new_vaccine,0.0,0.0,0.0,0.0
106,30-34,unvaccinated,1246.5,10970.5,8.0,0.0
106,30-34,old_vaccine,0.0,0.0,0.0,0.0
106,30-34,new_vaccine,0.0,0.0,0.0,0.0
106,35-39,unvaccinated,1122.0,10927.0,11.5,0.0
106,35-39,old_vaccine,0.0,0.0,0.0,0.0
106,35-39,new_vaccine,0.0,0.0,0.0,0.0
106,40-44,unvaccinated,1162.5,10336.0,16.0,0.0
106,40-44,old_vaccine,0.0,0.0,0.0,0.0
106,40-44,new_vaccine,0.0,0.0,0.0,0.0
106,45-49,unvaccinated,1376.5,9856.0,32.5,0.0
106,45-49,old_vaccine,0.0,0.0,0.0,0.0
106,45-49,new_vaccine,0.0,0.0,0.0,0.0
106,50-54,unvaccinated,2418.0,9949.0,88.5,0.0
106,50-54,old_vaccine,0.0,0.0,0.0,0.0
106,50-54,new_vaccine,0.0,0.0,0.0,0.0
106,55-59,unvaccinated,3102.0,8927.0,115.0,0.0
106,55-59,old_vaccine,0.0,0.0,0.0,0.0
106,55-59,new_vaccine,0.0,0.0,0.0,0.0
106,60-64,unvaccinated,2977.5,7276.0,266.0,0.0
106,60-64,old_vaccine,0.0,0.0,0.0,0.0
106,60-64,new_vaccine,0.0,0.0,0.0,0.0
106,65-69,unvaccinated,4828.0,4235.5,494.5,0.0
106,65-69,old_vaccine,0.0,0.0,0.0,0.0
106,65-69,new_vaccine,0.0,0.0,0.0,0.0
106,70-74,unvaccinated,5547.5,3226.5,989.0,0.0
106,70-74,old_vaccine,0.0,0.0,0.0,0.0
106,70-74,new_vaccine,0.0,0.0,0.0,0.0
106,75+,unvaccinated,10121.5,5023.0,3179.5,0.0
106,75+,old_vaccine,0.0,0.0,0.0,0.0
106,75+,new_vaccine,0.0,0.0,0.0,0.0
107,0-4,unvaccinated,671.0,9590.5,11.5,0.0
107,0-4,old_vaccine,0.0,0.0,0.0,0.0
107,0-4,new_vaccine,0.0,0.0,0.0,0.0
107,5-9,unvaccinated,172.0,10811.5,0.5,0.0
107,5-9,old_vaccine,0.0,0.0,0.0,0.0
107,5-9,new_vaccine,0.0,0.0,0.0,0.0
107,10-14,unvaccinated,237.0,10174.5,1.5,0.0
107,10-14,old_vaccine,0.0,0.0,0.0,0.0
107,10-14,new_vaccine,0.0,0.0,0.0,0.0
107,15-19,unvaccinated,234.5,9528.5,1.5,0.0
107,15-19,old_vaccine,0.0,0.0,0.0,0.0
107,15-19,new_vaccine,0.0,0.0,0.0,0.0
107,20-24,unvaccinated,706.0,9999.0,4.5,0.0
107,20-24,old_vaccine,0.0,0.0,0.0,0.0
107,20-24,new_vaccine,0.0,0.0,0.0,0.0
107,25-29,unvaccinated,1186.0,10815.0,4.5,0.0
107,25-29,old_vaccine,0.0,0.0,0.0,0.0
107,25-29,new_vaccine,0.0,0.0,0.0,0.0
107,30-34,unvaccinated,1245.5,10956.0,8.5,0.0
107,30-34,old_vaccine,0.0,0.0,0.0,0.0
107,30-34,new_vaccine,0.0,0.0,0.0,0.0
107,35-39,unvaccinated,1117.0,10921.5,12.0,0.0
107,35-39,old_vaccine,0.0,0.0,0.0,0.0
107,35-39,new_vaccine,0.0,0.0,0.0,0.0
107,40-44,unvaccinated,1159.0,10337.0,16.0,0.0
107,40-44,old_vaccine,0.0,0.0,0.0,0.0
107,40-44,new_vaccine,0.0,0.0,0.0,0.0
107,45-49,unvaccinated,1376.0,9834.5,33.0,0.0
107,45-49,old_vaccine,0.0,0.0,0.0,0.0
107,45-49,new_vaccine,0.0,0.0,0.0,0.0
107,50-54,unvaccinated,2405.5,9950.0,88.0,0.0
107,50-54,old_vaccine,0.0,0.0,0.0,0.0
107,50-54,new_vaccine,0.0,0.0,0.0,0.0
107,55-59,unvaccinated,3069.0,8898.0,114.5,0.0
107,55-59,old_vaccine,0.0,0.0,0.0,0.0
107,55-59,new_vaccine,0.0,0.0,0.0,0.0
107,60-64,unvaccinated,2979.0,7305.0,269.0,0.0
107,60-64,old_vaccine,0.0,0.0,0.0,0.0
107,60-64,new_vaccine,0.0,0.0,0.0,0.0
107,65-69,unvaccinated,4821.5,4229.0,495.5,0.0
107,65-69,old_vaccine,0.0,0.0,0.0,0.0
107,65-69,new_vaccine,0.0,0.0,0.0,0.0
107,70-74,unvaccinated,5514.5,3226.5,991.0,0.0
107,70-74,old_vaccine,0.0,0.0,0.0,0.0
107,70-74,new_vaccine,0.0,0.0,0.0,0.0
107,75+,unvaccinated,10116.5,5031.5,3181.5,0.0
107,75+,old_vaccine,0.0,0.0,0.0,0.0
107,75+,new_vaccine,0.0,0.0,0.0,0.0
108,0-4,unvaccinated,675.0,9588.5,10.5,0.0
108,0-4,old_vaccine,0.0,0.0,0.0,0.0
108,0-4,new_vaccine,0.0,0.0,0.0,0.0
108,5-9,unvaccinated,174.0,10786.0,0.5,0.0
108,5-9,old_vaccine,0.0,0.0,0.0,0.0
108,5-9,new_vaccine,0.0,0.0,0.0,0.0
108,10-14,unvaccinated,238.0,10178.0,1.5,0.0
108,10-14,old_vaccine,0.0,0.0,0.0,0.0
108,10-14,new_vaccine,0.0,0.0,0.0,0.0
108,15-19,unvaccinated,228.5,9511.5,1.5,0.0
108,15-19,old_vaccine,0.0,0.0,0.0,0.0
108,15-19,new_vaccine,0.0,0.0,0.0,0.0
108,20-24,unvaccinated,712.5,9975.5,4.5,0.0
108,20-24,old_vaccine,0.0,0.0,0.0,0.0
108,20-24,new_vaccine,0.0,0.0,0.0,0.0
108,25-29,unvaccinated,1182.5,10822.5,4.5,0.0
108,25-29,old_vaccine,0.0,0.0,0.0,0.0
108,25-29,new_vaccine,0.0,0.0,0.0,0.0
108,30-34,unvaccinated,1238.5,10927.0,8.0,0.0
108,30-34,old_vaccine,0.0,0.0,0.0,0.0
108,30-34,new_vaccine,0.0,0.0,0.0,0.0
108,35-39,unvaccinated,1112.0,10896.5,12.5,0.0
108,35-39,old_vaccine,0.0,0.0,0.0,0.0
108,35-39,new_vaccine,0.0,0.0,0.0,0.0
108,40-44,unvaccinated,1157.5,10333.0,15.5,0.0
108,40-44,old_vaccine,0.0,0.0,0.0,0.0
108,40-44,new_vaccine,0.0,0.0,0.0,0.0
108,45-49,unvaccinated,1381.0,9832.5,33.0,0.0
108,45-49,old_vaccine,0.0,0.0,0.0,0.0
108,45-49,new_vaccine,0.0,0.0,0.0,0.0
108,50-54,unvaccinated,2392.5,9961.5,88.0,0.0
108,50-54,old_vaccine,0.0,0.0,0.0,0.0
108,50-54,new_vaccine,0.0,0.0,0.0,0.0
108,55-59,unvaccinated,3074.5,8895.5,115.0,0.0
108,55-59,old_vaccine,0.0,0.0,0.0,0.0
108,55-59,new_vaccine,0.0,0.0,0.0,0.0
108,60-64,unvaccinated,2981.0,7262.5,268.0,0.0
108,60-64,old_vaccine,0.0,0.0,0.0,0.0
108,60-64,new_vaccine,0.0,0.0,0.0,0.0
108,65-69,unvaccinated,4814.5,4233.0,496.0,0.0
108,65-69,old_vaccine,0.0,0.0,0.0,0.0
108,65-69,new_vaccine,0.0,0.0,0.0,0.0
108,70-74,unvaccinated,5502.0,3235.0,993.0,0.0
108,70-74,old_vaccine,0.0,0.0,0.0,0.0
108,70-74,new_vaccine,0.0,0.0,0.0,0.0
108,75+,unvaccinated,10070.0,5024.0,3188.5,0.0
108,75+,old_vaccine,0.0,0.0,0.0,0.0
108,75+,new_vaccine,0.0,0.0,0.0,0.0
109,0-4,unvaccinated,678.5,9571.5,11.5,0.0
109,0-4,old_vaccine,0.0,0.0,0.0,0.0
109,0-4,new_vaccine,0.0,0.0,0.0,0.0
109,5-9,unvaccinated,172.5,10809.5,0.5,0.0
109,5-9,old_vaccine,0.0,0.0,0.0,0.0
109,5-9,new_vaccine,0.0,0.0,0.0,0.0
109,10-14,unvaccinated,240.0,10195.0,1.5,0.0
109,10-14,old_vaccine,0.0,0.0,0.0,0.0
109,10-14,new_vaccine,0.0,0.0,0.0,0.0
109,15-19,unvaccinated,224.0,9523.0,1.5,0.0
109,15-19,old_vaccine,0.0,0.0,0.0,0.0
109,15-19,new_vaccine,0.0,0.0,0.0,0.0
109,20-24,unvaccinated,719.5,9998.0,4.5,0.0
109,20-24,old_vaccine,0.0,0.0,0.0,0.0
109,20-24,new_vaccine,0.0,0.0,0.0,0.0
109,25-29,unvaccinated,1170.5,10771.5,3.5,0.0
109,25-29,old_vaccine,0.0,0.0,0.0,0.0
109,25-29,new_vaccine,0.0,0.0,0.0,0.0
109,30-34,unvaccinated,1232.0,10922.5,8.5,0.0
109,30-34,old_vaccine,0.0,0.0,0.0,0.0
109,30-34,new_vaccine,0.0,0.0,0.0,0.0
109,35-39,unvaccinated,1109.5,10875.5,13.5,0.0
109,35-39,old_vaccine,0.0,0.0,0.0,0.0
109,35-39,new_vaccine,0.0,0.0,0.0,0.0
109,40-44,unvaccinated,1166.0,10308.5,14.5,0.0
109,40-44,old_vaccine,0.0,0.0,0.0,0.0
109,40-44,new_vaccine,0.0,0.0,0.0,0.0
109,45-49,unvaccinated,1391.5,9831.5,33.5,0.0
109,45-49,old_vaccine,0.0,0.0,0.0,0.0
109,45-49,new_vaccine,0.0,0.0,0.0,0.0
109,50-54,unvaccinated,2376.5,9951.0,87.0,0.0
109,50-54,old_vaccine,0.0,0.0,0.0,0.0
109,50-54,new_vaccine,0.0,0.0,0.0,0.0
109,55-59,unvaccinated,3081.5,8883.5,115.0,0.0
109,55-59,old_vaccine,0.0,0.0,0.0,0.0
109,55-59,new_vaccine,0.0,0.0,0.0,0.0
109,60-64,unvaccinated,2979.0,7271.0,267.5,0.0
109,60-64,old_vaccine,0.0,0.0,0.0,0.0
109,60-64,new_vaccine,0.0,0.0,0.0,0.0
109,65-69,unvaccinated,4807.5,4228.0,494.0,0.0
109,65-69,old_vaccine,0.0,0.0,0.0,0.0
109,65-69,new_vaccine,0.0,0.0,0.0,0.0
109,70-74,unvaccinated,5519.5,3234.0,991.0,0.0
109,70-74,old_vaccine,0.0,0.0,0.0,0.0
109,70-74,new_vaccine,0.0,0.0,0.0,0.0
109,75+,unvaccinated,10027.0,5015.5,3189.5,0.0
109,75+,old_vaccine,0.0,0.0,0.0,0.0
109,75+,new_vaccine,0.0,0.0,0.0,0.0
110,0-4,unvaccinated,680.5,9564.0,11.5,0.0
110,0-4,old_vaccine,0.0,0.0,0.0,0.0
110,0-4,new_vaccine,0.0,0.0,0.0,0.0
110,5-9,unvaccinated,172.5,10804.5,0.0,0.0
110,5-9,old_vaccine,0.0,0.0,0.0,0.0
110,5-9,new_vaccine,0.0,0.0,0.0,0.0
110,10-14,unvaccinated,234.0,10177.0,1.5,0.0
110,10-14,old_vaccine,0.0,0.0,0.0,0.0
110,10-14,new_vaccine,0.0,0.0,0.0,0.0
110,15-19,unvaccinated,225.0,9492.0,1.5,0.0
110,15-19,old_vaccine,0.0,0.0,0.0,0.0
110,15-19,new_vaccine,0.0,0.0,0.0,0.0
110,20-24,unvaccinated,716.0,10023.0,5.0,0.0
110,20-24,old_vaccine,0.0,0.0,0.0,0.0
110,20-24,new_vaccine,0.0,0.0,0.0,0.0
110,25-29,unvaccinated,1176.5,10730.5,3.5,0.0
110,25-29,old_vaccine,0.0,0.0,0.0,0.0
110,25-29,new_vaccine,0.0,0.0,0.0,0.0
110,30-34,unvaccinated,1239.5,10947.0,8.0,0.0
110,30-34,old_vaccine,0.0,0.0,0.0,0.0
110,30-34,new_vaccine,0.0,0.0,0.0,0.0
110,35-39,unvaccinated,1107.5,10905.5,13.5,0.0
110,35-39,old_vaccine,0.0,0.0,0.0,0.0
110,35-39,new_vaccine,0.0,0.0,0.0,0.0
110,40-44,unvaccinated,1168.0,10346.0,15.5,0.0
110,40-44,old_vaccine,0.0,0.0,0.0,0.0
110,40-44,new_vaccine,0.0,0.0,0.0,0.0
110,45-49,unvaccinated,1408.0,9792.0,34.5,0.0
110,45-49,old_vaccine,0.0,0.0,0.0,0.0
110,45-49,new_vaccine,0.0,0.0,0.0,0.0
110,50-54,unvaccinated,2383.0,9965.5,86.0,0.0
110,50-54,old_vaccine,0.0,0.0,0.0,0.0
110,50-54,new_vaccine,0.0,0.0,0.0,0.0
110,55-59,unvaccinated,3073.5,8872.5,115.5,0.0
110,55-59,old_vaccine,0.0,0.0,0.0,0.0
110,55-59,new_vaccine,0.0,0.0,0.0,0.0
110,60-64,unvaccinated,2973.0,7293.0,267.5,0.0
110,60-64,old_vaccine,0.0,0.0,0.0,0.0
110,60-64,new_vaccine,0.0,0.0,0.0,0.0
110,65-69,unvaccinated,4811.0,4221.5,495.0,0.0
110,65-69,old_vaccine,0.0,0.0,0.0,0.0
110,65-69,new_vaccine,0.0,0.0,0.0,0.0
110,70-74,unvaccinated,5520.5,3230.0,992.0,0.0
110,70-74,old_vaccine,0.0,0.0,0.0,0.0
110,70-74,new_vaccine,0.0,0.0,0.0,0.0
110,75+,unvaccinated,10013.5,5054.5,3191.5,0.0
110,75+,old_vaccine,0.0,0.0,0.0,0.0
110,75+,new_vaccine,0.0,0.0,0.0,0.0
111,0-4,unvaccinated,680.0,9578.5,11.5,0.0
111,0-4,old_vaccine,0.0,0.0,0.0,0.0
111,0-4,new_vaccine,0.0,0.0,0.0,0.0
111,5-9,unvaccinated,173.5,10795.5,0.5,0.0
111,5-9,old_vaccine,0.0,0.0,0.0,0.0
111,5-9,new_vaccine,0.0,0.0,0.0,0.0
111,10-14,unvaccinated,233.0,10173.0,1.5,0.0
111,10-14,old_vaccine,0.0,0.0,0.0,0.0
111,10-14,new_vaccine,0.0,0.0,0.0,0.0
111,15-19,unvaccinated,226.5,9508.5,1.5,0.0
111,15-19,old_vaccine,0.0,0.0,0.0,0.0
111,15-19,new_vaccine,0.0,0.0,0.0,0.0
111,20-24,unvaccinated,727.0,10025.0,4.5,0.0
111,20-24,old_vaccine,0.0,0.0,0.0,0.0
111,20-24,new_vaccine,0.0,0.0,0.0,0.0
111,25-29,unvaccinated,1183.5,10753.0,3.0,0.0
111,25-29,old_vaccine,0.0,0.0,0.0,0.0
111,25-29,new_vaccine,0.0,0.0,0.0,0.0
111,30-34,unvaccinated,1238.5,10950.0,8.5,0.0
111,30-34,old_vaccine,0.0,0.0,0.0,0.0
111,30-34,new_vaccine,0.0,0.0,0.0,0.0
111,35-39,unvaccinated,1112.0,10901.0,12.5,0.0
111,35-39,old_vaccine,0.0,0.0,0.0,0.0
111,35-39,new_vaccine,0.0,0.0,0.0,0.0
111,40-44,unvaccinated,1165.0,10329.0,16.5,0.0
111,40-44,old_vaccine,0.0,0.0,0.0,0.0
111,40-44,new_vaccine,0.0,0.0,0.0,0.0
111,45-49,unvaccinated,1400.0,9819.0,34.0,0.0
111,45-49,old_vaccine,0.0,0.0,0.0,0.0
111,45-49,new_vaccine,0.0,0.0,0.0,0.0
111,50-54,unvaccinated,2366.5,9973.5,86.0,0.0
111,50-54,old_vaccine,0.0,0.0,0.0,0.0
111,50-54,new_vaccine,0.0,0.0,0.0,0.0
111,55-59,unvaccinated,3084.0,8938.0,116.0,0.0
111,55-59,old_vaccine,0.0,0.0,0.0,0.0
111,55-59,new_vaccine,0.0,0.0,0.0,0.0
111,60-64,unvaccinated,2960.0,7274.0,267.5,0.0
111,60-64,old_vaccine,0.0,0.0,0.0,0.0
111,60-64,new_vaccine,0.0,0.0,0.0,0.0
111,65-69,unvaccinated,4824.5,4215.5,493.0,0.0
111,65-69,old_vaccine,0.0,0.0,0.0,0.0
111,65-69,new_vaccine,0.0,0.0,0.0,0.0
111,70-74,unvaccinated,5520.5,3232.5,994.5,0.0
111,70-74,old_vaccine,0.0,0.0,0.0,0.0
111,70-74,new_vaccine,0.0,0.0,0.0,0.0
111,75+,unvaccinated,10032.0,5057.0,3196.5,0.0
111,75+,old_vaccine,0.0,0.0,0.0,0.0
111,75+,new_vaccine,0.0,0.0,0.0,0.0
112,0-4,unvaccinated,680.0,9571.0,11.5,0.0
112,0-4,old_vaccine,0.0,0.0,0.0,0.0
112,0-4,new_vaccine,0.0,0.0,0.0,0.0
112,5-9,unvaccinated,179.0,10795.0,0.5,0.0
112,5-9,old_vaccine,0.0,0.0,0.0,0.0
112,5-9,new_vaccine,0.0,0.0,0.0,0.0
112,10-14,unvaccinated,233.5,10219.0,1.5,0.0
112,10-14,old_vaccine,0.0,0.0,0.0,0.0
112,10-14,new_vaccine,0.0,0.0,0.0,0.0
112,15-19,unvaccinated,228.5,9517.0,1.5,0.0
112,15-19,old_vaccine,0.0,0.0,0.0,0.0
112,15-19,new_vaccine,0.0,0.0,0.0,0.0
112,20-24,unvaccinated,717.5,10015.0,5.0,0.0
112,20-24,old_vaccine,0.0,0.0,0.0,0.0
112,20-24,new_vaccine,0.0,0.0,0.0,0.0
112,25-29,unvaccinated,1179.0,10762.0,3.0,0.0
112,25-29,old_vaccine,0.0,0.0,0.0,0.0
112,25-29,new_vaccine,0.0,0.0,0.0,0.0
112,30-34,unvaccinated,1248.5,10961.5,8.0,0.0
112,30-34,old_vaccine,0.0,0.0,0.0,0.0
112,30-34,new_vaccine,0.0,0.0,0.0,0.0
112,35-39,unvaccinated,1115.0,10901.5,12.0,0.0
112,35-39,old_vaccine,0.0,0.0,0.0,0.0
112,35-39,new_vaccine,0.0,0.0,0.0,0.0
112,40-44,unvaccinated,1150.0,10362.5,17.0,0.0
112,40-44,old_vaccine,0.0,0.0,0.0,0.0
112,40-44,new_vaccine,0.0,0.0,0.0,0.0
112,45-49,unvaccinated,1403.0,9836.0,34.5,0.0
112,45-49,old_vaccine,0.0,0.0,0.0,0.0
112,45-49,new_vaccine,0.0,0.0,0.0,0.0
112,50-54,unvaccinated,2389.0,9948.0,86.5,0.0
112,50-54,old_vaccine,0.0,0.0,0.0,0.0
112,50-54,new_vaccine,0.0,0.0,0.0,0.0
112,55-59,unvaccinated,3085.0,8945.0,116.0,0.0
112,55-59,old_vaccine,0.0,0.0,0.0,0.0
112,55-59,new_vaccine,0.0,0.0,0.0,0.0
112,60-64,unvaccinated,2984.0,7291.5,268.5,0.0
112,60-64,old_vaccine,0.0,0.0,0.0,0.0
112,60-64,new_vaccine,0.0,0.0,0.0,0.0
112,65-69,unvaccinated,4831.0,4212.5,494.5,0.0
112,65-69,old_vaccine,0.0,0.0,0.0,0.0
112,65-69,new_vaccine,0.0,0.0,0.0,0.0
112,70-74,unvaccinated,5534.5,3222.5,997.0,0.0
112,70-74,old_vaccine,0.0,0.0,0.0,0.0
112,70-74,new_vaccine,0.0,0.0,0.0,0.0
112,75+,unvaccinated,10009.0,5066.5,3201.5,0.0
112,75+,old_vaccine,0.0,0.0,0.0,0.0
112,75+,new_vaccine,0.0,0.0,0.0,0.0
113,0-4,unvaccinated,687.0,9575.0,11.5,0.0
113,0-4,old_vaccine,0.0,0.0,0.0,0.0
113,0-4,new_vaccine,0.0,0.0,0.0,0.0
113,5-9,unvaccinated,176.5,10778.5,1.0,0.0
113,5-9,old_vaccine,0.0,0.0,0.0,0.0
113,5-9,new_vaccine,0.0,0.0,0.0,0.0
113,10-14,unvaccinated,234.0,10254.0,2.0,0.0
113,10-14,old_vaccine,0.0,0.0,0.0,0.0
113,10-14,new_vaccine,0.0,0.0,0.0,0.0
113,15-19,unvaccinated,231.0,9500.5,1.5,0.0
113,15-19,old_vaccine,0.0,0.0,0.0,0.0
113,15-19,new_vaccine,0.0,0.0,0.0,0.0
113,20-24,unvaccinated,721.0,10002.5,5.5,0.0
113,20-24,old_vaccine,0.0,0.0,0.0,0.0
113,20-24,new_vaccine,0.0,0.0,0.0,0.0
113,25-29,unvaccinated,1175.0,10797.5,3.0,0.0
113,25-29,old_vaccine,0.0,0.0,0.0,0.0
113,25-29,new_vaccine,0.0,0.0,0.0,0.0
113,30-34,unvaccinated,1236.0,10960.5,8.0,0.0
113,30-34,old_vaccine,0.0,0.0,0.0,0.0
113,30-34,new_vaccine,0.0,0.0,0.0,0.0
113,35-39,unvaccinated,1114.5,10878.5,12.0,0.0
113,35-39,old_vaccine,0.0,0.0,0.0,0.0
113,35-39,new_vaccine,0.0,0.0,0.0,0.0
113,40-44,unvaccinated,1138.5,10387.5,17.0,0.0
113,40-44,old_vaccine,0.0,0.0,0.0,0.0
113,40-44,new_vaccine,0.0,0.0,0.0,0.0
113,45-49,unvaccinated,1406.5,9845.5,35.0,0.0
113,45-49,old_vaccine,0.0,0.0,0.0,0.0
113,45-49,new_vaccine,0.0,0.0,0.0,0.0
113,50-54,unvaccinated,2400.0,9962.0,87.5,0.0
113,50-54,old_vaccine,0.0,0.0,0.0,0.0
113,50-54,new_vaccine,0.0,0.0,0.0,0.0
113,55-59,unvaccinated,3100.0,8962.0,116.5,0.0
113,55-59,old_vaccine,0.0,0.0,0.0,0.0
113,55-59,new_vaccine,0.0,0.0,0.0,0.0
113,60-64,unvaccinated,2990.5,7293.0,270.0,0.0
113,60-64,old_vaccine,0.0,0.0,0.0,0.0
113,60-64,new_vaccine,0.0,0.0,0.0,0.0
113,65-69,unvaccinated,4824.5,4213.5,494.0,0.0
113,65-69,old_vaccine,0.0,0.0,0.0,0.0
113,65-69,new_vaccine,0.0,0.0,0.0,0.0
113,70-74,unvaccinated,5558.0,3214.5,1000.0,0.0
113,70-74,old_vaccine,0.0,0.0,0.0,0.0
113,70-74,new_vaccine,0.0,0.0,0.0,0.0
113,75+,unvaccinated,10041.5,5082.5,3202.0,0.0
113,75+,old_vaccine,0.0,0.0,0.0,0.0
113,75+,new_vaccine,0.0,0.0,0.0,0.0
114,0-4,unvaccinated,692.0,9572.5,11.5,0.0
114,0-4,old_vaccine,0.0,0.0,0.0,0.0
114,0-4,new_vaccine,0.0,0.0,0.0,0.0
114,5-9,unvaccinated,176.0,10796.5,1.0,0.0
114,5-9,old_vaccine,0.0,0.0,0.0,0.0
114,5-9,new_vaccine,0.0,0.0,0.0,0.0
114,10-14,unvaccinated,233.5,10247.0,2.0,0.0
114,10-14,old_vaccine,0.0,0.0,0.0,0.0
114,10-14,new_vaccine,0.0,0.0,0.0,0.0
114,15-19,unvaccinated,229.0,9532.5,1.5,0.0
114,15-19,old_vaccine,0.0,0.0,0.0,0.0
114,15-19,new_vaccine,0.0,0.0,0.0,0.0
114,20-24,unvaccinated,711.0,10012.0,5.5,0.0
114,20-24,old_vaccine,0.0,0.0,0.0,0.0
114,20-24,new_vaccine,0.0,0.0,0.0,0.0
114,25-29,unvaccinated,1186.0,10838.5,3.5,0.0
114,25-29,old_vaccine,0.0,0.0,0.0,0.0
114,25-29,new_vaccine,0.0,0.0,0.0,0.0
114,30-34,unvaccinated,1233.0,10989.0,7.5,0.0
114,30-34,old_vaccine,0.0,0.0,0.0,0.0
114,30-34,new_vaccine,0.0,0.0,0.0,0.0
114,35-39,unvaccinated,1130.5,10905.0,11.5,0.0
114,35-39,old_vaccine,0.0,0.0,0.0,0.0
114,35-39,new_vaccine,0.0,0.0,0.0,0.0
114,40-44,unvaccinated,1150.0,10417.5,17.0,0.0
114,40-44,old_vaccine,0.0,0.0,0.0,0.0
114,40-44,new_vaccine,0.0,0.0,0.0,0.0
114,45-49,unvaccinated,1410.0,9872.5,34.5,0.0
114,45-49,old_vaccine,0.0,0.0,0.0,0.0
114,45-49,new_vaccine,0.0,0.0,0.0,0.0
114,50-54,unvaccinated,2415.0,9967.0,86.0,0.0
114,50-54,old_vaccine,0.0,0.0,0.0,0.0
114,50-54,new_vaccine,0.0,0.0,0.0,0.0
114,55-59,unvaccinated,3079.5,8960.5,116.0,0.0
114,55-59,old_vaccine,0.0,0.0,0.0,0.0
114,55-59,new_vaccine,0.0,0.0,0.0,0.0
114,60-64,unvaccinated,3004.0,7306.0,270.5,0.0
114,60-64,old_vaccine,0.0,0.0,0.0,0.0
114,60-64,new_vaccine,0.0,0.0,0.0,0.0
114,65-69,unvaccinated,4828.5,4203.0,494.5,0.0
114,65-69,old_vaccine,0.0,0.0,0.0,0.0
114,65-69,new_vaccine,0.0,0.0,0.0,0.0
114,70-74,unvaccinated,5574.0,3205.5,1000.0,0.0
114,70-74,old_vaccine,0.0,0.0,0.0,0.0
114,70-74,new_vaccine,0.0,0.0,0.0,0.0
114,75+,unvaccinated,10068.5,5093.0,3206.0,0.0
114,75+,old_vaccine,0.0,0.0,0.0,0.0
114,75+,new_vaccine,0.0,0.0,0.0,0.0
115,0-4,unvaccinated,687.5,9560.0,10.5,0.0
115,0-4,old_vaccine,0.0,0.0,0.0,0.0
115,0-4,new_vaccine,0.0,0.0,0.0,0.0
115,5-9,unvaccinated,178.0,10822.5,1.0,0.0
115,5-9,old_vaccine,0.0,0.0,0.0,0.0
115,5-9,new_vaccine,0.0,0.0,0.0,0.0
115,10-14,unvaccinated,236.5,10259.0,2.0,0.0
115,10-14,old_vaccine,0.0,0.0,0.0,0.0
115,10-14,new_vaccine,0.0,0.0,0.0,0.0
115,15-19,unvaccinated,229.0,9556.0,1.5,0.0
115,15-19,old_vaccine,0.0,0.0,0.0,0.0
115,15-19,new_vaccine,0.0,0.0,0.0,0.0
115,20-24,unvaccinated,705.0,9999.0,5.5,0.0
115,20-24,old_vaccine,0.0,0.0,0.0,0.0
115,20-24,new_vaccine,0.0,0.0,0.0,0.0
115,25-29,unvaccinated,1181.0,10876.5,4.0,0.0
115,25-29,old_vaccine,0.0,0.0,0.0,0.0
115,25-29,new_vaccine,0.0,0.0,0.0,0.0
115,30-34,unvaccinated,1230.0,11004.5,7.0,0.0
115,30-34,old_vaccine,0.0,0.0,0.0,0.0
115,30-34,new_vaccine,0.0,0.0,0.0,0.0
115,35-39,unvaccinated,1124.0,10884.0,10.5,0.0
115,35-39,old_vaccine,0.0,0.0,0.0,0.0
115,35-39,new_vaccine,0.0,0.0,0.0,0.0
115,40-44,unvaccinated,1147.0,10400.0,17.0,0.0
115,40-44,old_vaccine,0.0,0.0,0.0,0.0
115,40-44,new_vaccine,0.0,0.0,0.0,0.0
115,45-49,unvaccinated,1416.0,9873.0,34.5,0.0
115,45-49,old_vaccine,0.0,0.0,0.0,0.0
115,45-49,new_vaccine,0.0,0.0,0.0,0.0
115,50-54,unvaccinated,2406.0,9963.5,87.5,0.0
115,50-54,old_vaccine,0.0,0.0,0.0,0.0
115,50-54,new_vaccine,0.0,0.0,0.0,0.0
115,55-59,unvaccinated,3085.5,8987.5,117.5,0.0
115,55-59,old_vaccine,0.0,0.0,0.0,0.0
115,55-59,new_vaccine,0.0,0.0,0.0,0.0
115,60-64,unvaccinated,3007.0,7333.0,274.0,0.0
115,60-64,old_vaccine,0.0,0.0,0.0,0.0
115,60-64,new_vaccine,0.0,0.0,0.0,0.0
115,65-69,unvaccinated,4830.5,4211.0,496.0,0.0
115,65-69,old_vaccine,0.0,0.0,0.0,0.0
115,65-69,new_vaccine,0.0,0.0,0.0,0.0
115,70-74,unvaccinated,5562.0,3216.5,1001.5,0.0
115,70-74,old_vaccine,0.0,0.0,0.0,0.0
115,70-74,new_vaccine,0.0,0.0,0.0,0.0
115,75+,unvaccinated,10095.5,5076.0,3209.0,0.0
115,75+,old_vaccine,0.0,0.0,0.0,0.0
115,75+,new_vaccine,0.0,0.0,0.0,0.0
116,0-4,unvaccinated,686.0,9549.5,10.5,0.0
116,0-4,old_vaccine,0.0,0.0,0.0,0.0
116,0-4,new_vaccine,0.0,0.0,0.0,0.0
116,5-9,unvaccinated,179.0,10823.5,1.5,0.0
116,5-9,old_vaccine,0.0,0.0,0.0,0.0
116,5-9,new_vaccine,0.0,0.0,0.0,0.0
116,10-14,unvaccinated,239.0,10247.5,2.0,0.0
116,10-14,old_vaccine,0.0,0.0,0.0,0.0
116,10-14,new_vaccine,0.0,0.0,0.0,0.0
116,15-19,unvaccinated,230.5,9570.5,2.0,0.0
116,15-19,old_vaccine,0.0,0.0,0.0,0.0
116,15-19,new_vaccine,0.0,0.0,0.0,0.0
116,20-24,unvaccinated,698.0,10020.5,5.5,0.0
116,20-24,old_vaccine,0.0,0.0,0.0,0.0
116,20-24,new_vaccine,0.0,0.0,0.0,0.0
116,25-29,unvaccinated,1181.5,10889.5,4.0,0.0
116,25-29,old_vaccine,0.0,0.0,0.0,0.0
116,25-29,new_vaccine,0.0,0.0,0.0,0.0
116,30-34,unvaccinated,1231.0,11016.0,7.5,0.0
116,30-34,old_vaccine,0.0,0.0,0.0,0.0
116,30-34,new_vaccine,0.0,0.0,0.0,0.0
116,35-39,unvaccinated,1129.0,10878.0,11.0,0.0
116,35-39,old_vaccine,0.0,0.0,0.0,0.0
116,35-39,new_vaccine,0.0,0.0,0.0,0.0
116,40-44,unvaccinated,1153.5,10425.5,16.5,0.0
116,40-44,old_vaccine,0.0,0.0,0.0,0.0
116,40-44,new_vaccine,0.0,0.0,0.0,0.0
116,45-49,unvaccinated,1405.5,9867.5,34.5,0.0
116,45-49,old_vaccine,0.0,0.0,0.0,0.0
116,45-49,new_vaccine,0.0,0.0,0.0,0.0
116,50-54,unvaccinated,2405.5,9938.5,89.0,0.0
116,50-54,old_vaccine,0.0,0.0,0.0,0.0
116,50-54,new_vaccine,0.0,0.0,0.0,0.0
116,55-59,unvaccinated,3084.5,8944.0,117.5,0.0
116,55-59,old_vaccine,0.0,0.0,0.0,0.0
116,55-59,new_vaccine,0.0,0.0,0.0,0.0
116,60-64,unvaccinated,3013.0,7320.0,275.0,0.0
116,60-64,old_vaccine,0.0,0.0,0.0,0.0
116,60-64,new_vaccine,0.0,0.0,0.0,0.0
116,65-69,unvaccinated,4833.0,4228.5,495.0,0.0
116,65-69,old_vaccine,0.0,0.0,0.0,0.0
116,65-69,new_vaccine,0.0,0.0,0.0,0.0
116,70-74,unvaccinated,5580.0,3223.5,1000.0,0.0
116,70-74,old_vaccine,0.0,0.0,0.0,0.0
116,70-74,new_vaccine,0.0,0.0,0.0,0.0
116,75+,unvaccinated,10109.5,5070.5,3212.5,0.0
116,75+,old_vaccine,0.0,0.0,0.0,0.0
116,75+,new_vaccine,0.0,0.0,0.0,0.0
117,0-4,unvaccinated,680.0,9577.0,11.0,0.0
117,0-4,old_vaccine,0.0,0.0,0.0,0.0
117,0-4,new_vaccine,0.0,0.0,0.0,0.0
117,5-9,unvaccinated,179.5,10823.5,1.5,0.0
117,5-9,old_vaccine,0.0,0.0,0.0,0.0
117,5-9,new_vaccine,0.0,0.0,0.0,0.0
117,10-14,unvaccinated,239.0,10241.5,2.0,0.0
117,10-14,old_vaccine,0.0,0.0,0.0,0.0
117,10-14,new_vaccine,0.0,0.0,0.0,0.0
117,15-19,unvaccinated,233.0,9578.5,2.0,0.0
117,15-19,old_vaccine,0.0,0.0,0.0,0.0
117,15-19,new_vaccine,0.0,0.0,0.0,0.0
117,20-24,unvaccinated,704.5,10032.0,5.5,0.0
117,20-24,old_vaccine,0.0,0.0,0.0,0.0
117,20-24,new_vaccine,0.0,0.0,0.0,0.0
117,25-29,unvaccinated,1185.0,10909.5,4.5,0.0
117,25-29,old_vaccine,0.0,0.0,0.0,0.0
117,25-29,new_vaccine,0.0,0.0,0.0,0.0
117,30-34,unvaccinated,1228.5,11036.0,7.5,0.0
117,30-34,old_vaccine,0.0,0.0,0.0,0.0
117,30-34,new_vaccine,0.0,0.0,0.0,0.0
117,35-39,unvaccinated,1129.5,10890.0,11.5,0.0
117,35-39,old_vaccine,0.0,0.0,0.0,0.0
117,35-39,new_vaccine,0.0,0.0,0.0,0.0
117,40-44,unvaccinated,1151.0,10447.0,15.5,0.0
117,40-44,old_vaccine,0.0,0.0,0.0,0.0
117,40-44,new_vaccine,0.0,0.0,0.0,0.0
117,45-49,unvaccinated,1397.0,9835.5,35.5,0.0
117,45-49,old_vaccine,0.0,0.0,0.0,0.0
117,45-49,new_vaccine,0.0,0.0,0.0,0.0
117,50-54,unvaccinated,2404.0,9967.5,88.5,0.0
117,50-54,old_vaccine,0.0,0.0,0.0,0.0
117,50-54,new_vaccine,0.0,0.0,0.0,0.0
117,55-59,unvaccinated,3075.0,8944.5,118.0,0.0
117,55-59,old_vaccine,0.0,0.0,0.0,0.0
117,55-59,new_vaccine,0.0,0.0,0.0,0.0
117,60-64,unvaccinated,3011.0,7327.0,275.5,0.0
117,60-64,old_vaccine,0.0,0.0,0.0,0.0
117,60-64,new_vaccine,0.0,0.0,0.0,0.0
117,65-69,unvaccinated,4817.0,4241.5,496.0,0.0
117,65-69,old_vaccine,0.0,0.0,0.0,0.0
117,65-69,new_vaccine,0.0,0.0,0.0,0.0
117,70-74,unvaccinated,5587.5,3212.0,1000.0,0.0
117,70-74,old_vaccine,0.0,0.0,0.0,0.0
117,70-74,new_vaccine,0.0,0.0,0.0,0.0
117,75+,unvaccinated,10120.5,5045.0,3214.5,0.0
117,75+,old_vaccine,0.0,0.0,0.0,0.0
117,75+,new_vaccine,0.0,0.0,0.0,0.0
118,0-4,unvaccinated,682.5,9618.5,11.0,0.0
118,0-4,old_vaccine,0.0,0.0,0.0,0.0
118,0-4,new_vaccine,0.0,0.0,0.0,0.0
118,5-9,unvaccinated,181.0,10781.0,1.5,0.0
118,5-9,old_vaccine,0.0,0.0,0.0,0.0
118,5-9,new_vaccine,0.0,0.0,0.0,0.0
118,10-14,unvaccinated,237.5,10248.5,2.0,0.0
118,10-14,old_vaccine,0.0,0.0,0.0,0.0
118,10-14,new_vaccine,0.0,0.0,0.0,0.0
118,15-19,unvaccinated,235.5,9570.5,2.5,0.0
118,15-19,old_vaccine,0.0,0.0,0.0,0.0
118,15-19,new_vaccine,0.0,0.0,0.0,0.0
118,20-24,unvaccinated,705.5,10010.0,5.5,0.0
118,20-24,old_vaccine,0.0,0.0,0.0,0.0
118,20-24,new_vaccine,0.0,0.0,0.0,0.0
118,25-29,unvaccinated,1196.0,10871.5,4.5,0.0
118,25-29,old_vaccine,0.0,0.0,0.0,0.0
118,25-29,new_vaccine,0.0,0.0,0.0,0.0
118,30-34,unvaccinated,1225.0,11053.5,7.0,0.0
118,30-34,old_vaccine,0.0,0.0,0.0,0.0
118,30-34,new_vaccine,0.0,0.0,0.0,0.0
118,35-39,unvaccinated,1122.0,10887.0,11.5,0.0
118,35-39,old_vaccine,0.0,0.0,0.0,0.0
118,35-39,new_vaccine,0.0,0.0,0.0,0.0
118,40-44,unvaccinated,1152.5,10419.0,15.5,0.0
118,40-44,old_vaccine,0.0,0.0,0.0,0.0
118,40-44,new_vaccine,0.0,0.0,0.0,0.0
118,45-49,unvaccinated,1391.5,9812.0,36.5,0.0
118,45-49,old_vaccine,0.0,0.0,0.0,0.0
118,45-49,new_vaccine,0.0,0.0,0.0,0.0
118,50-54,unvaccinated,2401.5,9938.5,89.5,0.0
118,50-54,old_vaccine,0.0,0.0,0.0,0.0
118,50-54,new_vaccine,0.0,0.0,0.0,0.0
118,55-59,unvaccinated,3051.5,8960.0,117.0,0.0
118,55-59,old_vaccine,0.0,0.0,0.0,0.0
118,55-59,new_vaccine,0.0,0.0,0.0,0.0
118,60-64,unvaccinated,2996.0,7283.0,274.0,0.0
118,60-64,old_vaccine,0.0,0.0,0.0,0.0
118,60-64,new_vaccine,0.0,0.0,0.0,0.0
118,65-69,unvaccinated,4810.5,4252.5,500.5,0.0
118,65-69,old_vaccine,0.0,0.0,0.0,0.0
118,65-69,new_vaccine,0.0,0.0,0.0,0.0
118,70-74,unvaccinated,5540.0,3231.5,997.0,0.0
118,70-74,old_vaccine,0.0,0.0,0.0,0.0
118,70-74,new_vaccine,0.0,0.0,0.0,0.0
118,75+,unvaccinated,10117.0,5035.0,3218.5,0.0
118,75+,old_vaccine,0.0,0.0,0.0,0.0
118,75+,new_vaccine,0.0,0.0,0.0,0.0
119,0-4,unvaccinated,673.5,9616.0,11.5,0.0
119,0-4,old_vaccine,0.0,0.0,0.0,0.0
119,0-4,new_vaccine,0.0,0.0,0.0,0.0
119,5-9,unvaccinated,176.5,10817.0,1.0,0.0
119,5-9,old_vaccine,0.0,0.0,0.0,0.0
119,5-9,new_vaccine,0.0,0.0,0.0,0.0
119,10-14,unvaccinated,237.5,10233.5,1.5,0.0
119,10-14,old_vaccine,0.0,0.0,0.0,0.0
119,10-14,new_vaccine,0.0,0.0,0.0,0.0
119,15-19,unvaccinated,236.5,9566.5,2.5,0.0
119,15-19,old_vaccine,0.0,0.0,0.0,0.0
119,15-19,new_vaccine,0.0,0.0,0.0,0.0
119,20-24,unvaccinated,708.0,10006.5,5.0,0.0
119,20-24,old_vaccine,0.0,0.0,0.0,0.0
119,20-24,new_vaccine,0.0,0.0,0.0,0.0
119,25-29,unvaccinated,1198.5,10829.0,4.0,0.0
119,25-29,old_vaccine,0.0,0.0,0.0,0.0
119,25-29,new_vaccine,0.0,0.0,0.0,0.0
119,30-34,unvaccinated,1225.0,11025.0,7.0,0.0
119,30-34,old_vaccine,0.0,0.0,0.0,0.0
119,30-34,new_vaccine,0.0,0.0,0.0,0.0
119,35-39,unvaccinated,1106.0,10902.5,11.5,0.0
119,35-39,old_vaccine,0.0,0.0,0.0,0.0
119,35-39,new_vaccine,0.0,0.0,0.0,0.0
119,40-44,unvaccinated,1155.0,10387.0,15.0,0.0
119,40-44,old_vaccine,0.0,0.0,0.0,0.0
119,40-44,new_vaccine,0.0,0.0,0.0,0.0
119,45-49,unvaccinated,1387.0,9825.5,36.5,0.0
119,45-49,old_vaccine,0.0,0.0,0.0,0.0
119,45-49,new_vaccine,0.0,0.0,0.0,0.0
119,50-54,unvaccinated,2398.5,9906.0,91.5,0.0
119,50-54,old_vaccine,0.0,0.0,0.0,0.0
119,50-54,new_vaccine,0.0,0.0,0.0,0.0
119,55-59,unvaccinated,3064.0,8978.5,116.5,0.0
119,55-59,old_vaccine,0.0,0.0,0.0,0.0
119,55-59,new_vaccine,0.0,0.0,0.0,0.0
119,60-64,unvaccinated,2988.0,7254.5,273.0,0.0
119,60-64,old_vaccine,0.0,0.0,0.0,0.0
119,60-64,new_vaccine,0.0,0.0,0.0,0.0
119,65-69,unvaccinated,4816.0,4241.0,502.0,0.0
119,65-69,old_vaccine,0.0,0.0,0.0,0.0
119,65-69,new_vaccine,0.0,0.0,0.0,0.0
119,70-74,unvaccinated,5509.5,3230.5,998.0,0.0
119,70-74,old_vaccine,0.0,0.0,0.0,0.0
119,70-74,new_vaccine,0.0,0.0,0.0,0.0
119,75+,unvaccinated,10104.0,5014.0,3221.5,0.0
119,75+,old_vaccine,0.0,0.0,0.0,0.0
119,75+,new_vaccine,0.0,0.0,0.0,0.0
120,0-4,unvaccinated,670.5,9626.5,12.5,0.0
120,0-4,old_vaccine,0.0,0.0,0.0,0.0
120,0-4,new_vaccine,0.0,0.0,0.0,0.0
120,5-9,unvaccinated,178.5,10814.0,1.0,0.0
120,5-9,old_vaccine,0.0,0.0,0.0,0.0
120,5-9,new_vaccine,0.0,0.0,0.0,0.0
120,10-14,unvaccinated,237.5,10198.0,1.5,0.0
120,10-14,old_vaccine,0.0,0.0,0.0,0.0
120,10-14,new_vaccine,0.0,0.0,0.0,0.0
120,15-19,unvaccinated,230.0,9576.0,2.5,0.0
120,15-19,old_vaccine,0.0,0.0,0.0,0.0
120,15-19,new_vaccine,0.0,0.0,0.0,0.0
120,20-24,unvaccinated,706.5,10007.0,4.5,0.0
120,20-24,old_vaccine,0.0,0.0,0.0,0.0
120,20-24,new_vaccine,0.0,0.0,0.0,0.0
120,25-29,unvaccinated,1199.5,10810.5,4.0,0.0
120,25-29,old_vaccine,0.0,0.0,0.0,0.0
120,25-29,new_vaccine,0.0,0.0,0.0,0.0
120,30-34,unvaccinated,1211.5,11020.0,7.0,0.0
120,30-34,old_vaccine,0.0,0.0,0.0,0.0
120,30-34,new_vaccine,0.0,0.0,0.0,0.0
120,35-39,unvaccinated,1098.5,10890.0,11.5,0.0
120,35-39,old_vaccine,0.0,0.0,0.0,0.0
120,35-39,new_vaccine,0.0,0.0,0.0,0.0
120,40-44,unvaccinated,1146.5,10395.5,15.0,0.0
120,40-44,old_vaccine,0.0,0.0,0.0,0.0
120,40-44,new_vaccine,0.0,0.0,0.0,0.0
120,45-49,unvaccinated,1386.5,9789.0,36.0,0.0
120,45-49,old_vaccine,0.0,0.0,0.0,0.0
120,45-49,new_vaccine,0.0,0.0,0.0,0.0
120,50-54,unvaccinated,2394.0,9901.5,91.5,0.0
120,50-54,old_vaccine,0.0,0.0,0.0,0.0
120,50-54,new_vaccine,0.0,0.0,0.0,0.0
120,55-59,unvaccinated,3065.5,8971.0,116.5,0.0
120,55-59,old_vaccine,0.0,0.0,0.0,0.0
120,55-59,new_vaccine,0.0,0.0,0.0,0.0
120,60-64,unvaccinated,2968.5,7251.5,274.0,0.0
120,60-64,old_vaccine,0.0,0.0,0.0,0.0
120,60-64,new_vaccine,0.0,0.0,0.0,0.0
120,65-69,unvaccinated,4825.5,4247.0,501.5,0.0
120,65-69,old_vaccine,0.0,0.0,0.0,0.0
120,65-69,new_vaccine,0.0,0.0,0.0,0.0
120,70-74,unvaccinated,5493.5,3234.0,1000.0,0.0
120,70-74,old_vaccine,0.0,0.0,0.0,0.0
120,70-74,new_vaccine,0.0,0.0,0.0,0.0
120,75+,unvaccinated,10130.5,5017.0,3222.5,0.0
120,75+,old_vaccine,0.0,0.0,0.0,0.0
120,75+,new_vaccine,0.0,0.0,0.0,0.0
121,0-4,unvaccinated,668.5,9616.0,13.5,0.0
121,0-4,old_vaccine,0.0,0.0,0.0,0.0
121,0-4,new_vaccine,0.0,0.0,0.0,0.0
121,5-9,unvaccinated,176.5,10824.0,1.0,0.0
121,5-9,old_vaccine,0.0,0.0,0.0,0.0
121,5-9,new_vaccine,0.0,0.0,0.0,0.0
121,10-14,unvaccinated,236.0,10204.5,1.5,0.0
121,10-14,old_vaccine,0.0,0.0,0.0,0.0
121,10-14,new_vaccine,0.0,0.0,0.0,0.0
121,15-19,unvaccinated,235.0,9558.0,2.5,0.0
121,15-19,old_vaccine,0.0,0.0,0.0,0.0
121,15-19,new_vaccine,0.0,0.0,0.0,0.0
121,20-24,unvaccinated,716.5,9993.0,4.5,0.0
121,20-24,old_vaccine,0.0,0.0,0.0,0.0
121,20-24,new_vaccine,0.0,0.0,0.0,0.0
121,25-29,unvaccinated,1189.0,10805.5,4.0,0.0
121,25-29,old_vaccine,0.0,0.0,0.0,0.0
121,25-29,new_vaccine,0.0,0.0,0.0,0.0
121,30-34,unvaccinated,1211.5,10999.5,7.0,0.0
121,30-34,old_vaccine,0.0,0.0,0.0,0.0
121,30-34,new_vaccine,0.0,0.0,0.0,0.0
121,35-39,unvaccinated,1100.0,10888.0,11.5,0.0
121,35-39,old_vaccine,0.0,0.0,0.0,0.0
121,35-39,new_vaccine,0.0,0.0,0.0,0.0
121,40-44,unvaccinated,1137.5,10349.0,17.0,0.0
121,40-44,old_vaccine,0.0,0.0,0.0,0.0
121,40-44,new_vaccine,0.0,0.0,0.0,0.0
121,45-49,unvaccinated,1393.0,9785.0,35.5,0.0
121,45-49,old_vaccine,0.0,0.0,0.0,0.0
121,45-49,new_vaccine,0.0,0.0,0.0,0.0
121,50-54,unvaccinated,2393.0,9898.0,92.5,0.0
121,50-54,old_vaccine,0.0,0.0,0.0,0.0
121,50-54,new_vaccine,0.0,0.0,0.0,0.0
121,55-59,unvaccinated,3085.0,8978.0,118.0,0.0
121,55-59,old_vaccine,0.0,0.0,0.0,0.0
121,55-59,new_vaccine,0.0,0.0,0.0,0.0
121,60-64,unvaccinated,2961.5,7260.0,273.0,0.0
121,60-64,old_vaccine,0.0,0.0,0.0,0.0
121,60-64,new_vaccine,0.0,0.0,0.0,0.0
121,65-69,unvaccinated,4833.5,4255.5,501.0,0.0
121,65-69,old_vaccine,0.0,0.0,0.0,0.0
121,65-69,new_vaccine,0.0,0.0,0.0,0.0
121,70-74,unvaccinated,5483.5,3235.5,1001.5,0.0
121,70-74,old_vaccine,0.0,0.0,0.0,0.0
121,70-74,new_vaccine,0.0,0.0,0.0,0.0
121,75+,unvaccinated,10142.5,5000.5,3223.5,0.0
121,75+,old_vaccine,0.0,0.0,0.0,0.0
121,75+,new_vaccine,0.0,0.0,0.0,0.0
122,0-4,unvaccinated,663.5,9615.5,13.5,0.0
122,0-4,old_vaccine,0.0,0.0,0.0,0.0
122,0-4,new_vaccine,0.0,0.0,0.0,0.0
122,5-9,unvaccinated,173.5,10827.0,1.0,0.0
122,5-9,old_vaccine,0.0,0.0,0.0,0.0
122,5-9,new_vaccine,0.0,0.0,0.0,0.0
122,10-14,unvaccinated,231.5,10202.5,1.5,0.0
122,10-14,old_vaccine,0.0,0.0,0.0,0.0
122,10-14,new_vaccine,0.0,0.0,0.0,0.0
122,15-19,unvaccinated,237.0,9545.5,2.5,0.0
122,15-19,old_vaccine,0.0,0.0,0.0,0.0
122,15-19,new_vaccine,0.0,0.0,0.0,0.0
122,20-24,unvaccinated,721.5,9996.5,4.0,0.0
122,20-24,old_vaccine,0.0,0.0,0.0,0.0
122,20-24,new_vaccine,0.0,0.0,0.0,0.0
122,25-29,unvaccinated,1196.0,10779.0,4.5,0.0
122,25-29,old_vaccine,0.0,0.0,0.0,0.0
122,25-29,new_vaccine,0.0,0.0,0.0,0.0
122,30-34,unvaccinated,1212.5,10985.5,7.0,0.0
122,30-34,old_vaccine,0.0,0.0,0.0,0.0
122,30-34,new_vaccine,0.0,0.0,0.0,0.0
122,35-39,unvaccinated,1097.5,10906.5,12.0,0.0
122,35-39,old_vaccine,0.0,0.0,0.0,0.0
122,35-39,new_vaccine,0.0,0.0,0.0,0.0
122,40-44,unvaccinated,1146.5,10358.5,17.5,0.0
122,40-44,old_vaccine,0.0,0.0,0.0,0.0
122,40-44,new_vaccine,0.0,0.0,0.0,0.0
122,45-49,unvaccinated,1390.0,9805.0,36.5,0.0
122,45-49,old_vaccine,0.0,0.0,0.0,0.0
122,45-49,new_vaccine,0.0,0.0,0.0,0.0
122,50-54,unvaccinated,2408.5,9897.0,94.0,0.0
122,50-54,old_vaccine,0.0,0.0,0.0,0.0
122,50-54,new_vaccine,0.0,0.0,0.0,0.0
122,55-59,unvaccinated,3085.0,8933.0,118.5,0.0
122,55-59,old_vaccine,0.0,0.0,0.0,0.0
122,55-59,new_vaccine,0.0,0.0,0.0,0.0
122,60-64,unvaccinated,2969.0,7240.0,270.5,0.0
122,60-64,old_vaccine,0.0,0.0,0.0,0.0
122,60-64,new_vaccine,0.0,0.0,0.0,0.0
122,65-69,unvaccinated,4814.0,4248.0,499.0,0.0
122,65-69,old_vaccine,0.0,0.0,0.0,0.0
122,65-69,new_vaccine,0.0,0.0,0.0,0.0
122,70-74,unvaccinated,5488.0,3249.0,1007.0,0.0
122,70-74,old_vaccine,0.0,0.0,0.0,0.0
122,70-74,new_vaccine,0.0,0.0,0.0,0.0
122,75+,unvaccinated,10152.0,5019.5,3228.5,0.0
122,75+,old_vaccine,0.0,0.0,0.0,0.0
122,75+,new_vaccine,0.0,0.0,0.0,0.0
123,0-4,unvaccinated,666.0,9620.0,14.0,0.0
123,0-4,old_vaccine,0.0,0.0,0.0,0.0
123,0-4,new_vaccine,0.0,0.0,0.0,0.0
123,5-9,unvaccinated,172.0,10829.0,1.0,0.0
123,5-9,old_vaccine,0.0,0.0,0.0,0.0
123,5-9,new_vaccine,0.0,0.0,0.0,0.0
123,10-14,unvaccinated,236.0,10205.0,1.5,0.0
123,10-14,old_vaccine,0.0,0.0,0.0,0.0
123,10-14,new_vaccine,0.0,0.0,0.0,0.0
123,15-19,unvaccinated,233.0,9554.0,2.0,0.0
123,15-19,old_vaccine,0.0,0.0,0.0,0.0
123,15-19,new_vaccine,0.0,0.0,0.0,0.0
123,20-24,unvaccinated,722.5,10001.0,4.5,0.0
123,20-24,old_vaccine,0.0,0.0,0.0,0.0
123,20-24,new_vaccine,0.0,0.0,0.0,0.0
123,25-29,unvaccinated,1203.5,10762.0,3.5,0.0
123,25-29,old_vaccine,0.0,0.0,0.0,0.0
123,25-29,new_vaccine,0.0,0.0,0.0,0.0
123,30-34,unvaccinated,1216.0,10971.0,6.5,0.0
123,30-34,old_vaccine,0.0,0.0,0.0,0.0
123,30-34,new_vaccine,0.0,0.0,0.0,0.0
123,35-39,unvaccinated,1104.5,10902.5,12.5,0.0
123,35-39,old_vaccine,0.0,0.0,0.0,0.0
123,35-39,new_vaccine,0.0,0.0,0.0,0.0
123,40-44,unvaccinated,1155.0,10322.0,18.0,0.0
123,40-44,old_vaccine,0.0,0.0,0.0,0.0
123,40-44,new_vaccine,0.0,0.0,0.0,0.0
123,45-49,unvaccinated,1396.0,9830.5,36.5,0.0
123,45-49,old_vaccine,0.0,0.0,0.0,0.0
123,45-49,new_vaccine,0.0,0.0,0.0,0.0
123,50-54,unvaccinated,2397.0,9914.0,92.5,0.0
123,50-54,old_vaccine,0.0,0.0,0.0,0.0
123,50-54,new_vaccine,0.0,0.0,0.0,0.0
123,55-59,unvaccinated,3082.5,8958.5,120.0,0.0
123,55-59,old_vaccine,0.0,0.0,0.0,0.0
123,55-59,new_vaccine,0.0,0.0,0.0,0.0
123,60-64,unvaccinated,3000.5,7262.0,269.5,0.0
123,60-64,old_vaccine,0.0,0.0,0.0,0.0
123,60-64,new_vaccine,0.0,0.0,0.0,0.0
123,65-69,unvaccinated,4809.5,4242.5,500.0,0.0
123,65-69,old_vaccine,0.0,0.0,0.0,0.0
123,65-69,new_vaccine,0.0,0.0,0.0,0.0
123,70-74,unvaccinated,5489.0,3248.5,1010.5,0.0
123,70-74,old_vaccine,0.0,0.0,0.0,0.0
123,70-74,new_vaccine,0.0,0.0,0.0,0.0
123,75+,unvaccinated,10131.0,5015.0,3231.5,0.0
123,75+,old_vaccine,0.0,0.0,0.0,0.0
123,75+,new_vaccine,0.0,0.0,0.0,0.0
124,0-4,unvaccinated,670.0,9587.5,13.5,0.0
124,0-4,old_vaccine,0.0,0.0,0.0,0.0
124,0-4,new_vaccine,0.0,0.0,0.0,0.0
124,5-9,unvaccinated,169.0,10825.5,1.0,0.0
124,5-9,old_vaccine,0.0,0.0,0.0,0.0
124,5-9,new_vaccine,0.0,0.0,0.0,0.0
124,10-14,unvaccinated,244.5,10204.0,1.5,0.0
124,10-14,old_vaccine,0.0,0.0,0.0,0.0
124,10-14,new_vaccine,0.0,0.0,0.0,0.0
124,15-19,unvaccinated,229.0,9529.0,2.5,0.0
124,15-19,old_vaccine,0.0,0.0,0.0,0.0
124,15-19,new_vaccine,0.0,0.0,0.0,0.0
124,20-24,unvaccinated,718.0,10017.5,4.5,0.0
124,20-24,old_vaccine,0.0,0.0,0.0,0.0
124,20-24,new_vaccine,0.0,0.0,0.0,0.0
124,25-29,unvaccinated,1201.5,10759.5,3.5,0.0
124,25-29,old_vaccine,0.0,0.0,0.0,0.0
124,25-29,new_vaccine,0.0,0.0,0.0,0.0
124,30-34,unvaccinated,1218.0,10967.0,7.0,0.0
124,30-34,old_vaccine,0.0,0.0,0.0,0.0
124,30-34,new_vaccine,0.0,0.0,0.0,0.0
124,35-39,unvaccinated,1110.5,10918.0,12.0,0.0
124,35-39,old_vaccine,0.0,0.0,0.0,0.0
124,35-39,new_vaccine,0.0,0.0,0.0,0.0
124,40-44,unvaccinated,1160.0,10324.5,18.0,0.0
124,40-44,old_vaccine,0.0,0.0,0.0,0.0
124,40-44,new_vaccine,0.0,0.0,0.0,0.0
124,45-49,unvaccinated,1386.5,9845.0,35.5,0.0
124,45-49,old_vaccine,0.0,0.0,0.0,0.0
124,45-49,new_vaccine,0.0,0.0,0.0,0.0
124,50-54,unvaccinated,2400.5,9957.0,92.0,0.0
124,50-54,old_vaccine,0.0,0.0,0.0,0.0
124,50-54,new_vaccine,0.0,0.0,0.0,0.0
124,55-59,unvaccinated,3112.5,8943.0,117.0,0.0
124,55-59,old_vaccine,0.0,0.0,0.0,0.0
124,55-59,new_vaccine,0.0,0.0,0.0,0.0
124,60-64,unvaccinated,3027.5,7294.5,268.5,0.0
124,60-64,old_vaccine,0.0,0.0,0.0,0.0
124,60-64,new_vaccine,0.0,0.0,0.0,0.0
124,65-69,unvaccinated,4819.0,4228.0,501.5,0.0
124,65-69,old_vaccine,0.0,0.0,0.0,0.0
124,65-69,new_vaccine,0.0,0.0,0.0,0.0
124,70-74,unvaccinated,5510.0,3258.5,1010.0,0.0
124,70-74,old_vaccine,0.0,0.0,0.0,0.0
124,70-74,new_vaccine,0.0,0.0,0.0,0.0
124,75+,unvaccinated,10134.0,5003.0,3231.0,0.0
124,75+,old_vaccine,0.0,0.0,0.0,0.0
124,75+,new_vaccine,0.0,0.0,0.0,0.0
125,0-4,unvaccinated,674.5,9564.5,13.0,0.0
125,0-4,old_vaccine,0.0,0.0,0.0,0.0
125,0-4,new_vaccine,0.0,0.0,0.0,0.0
125,5-9,unvaccinated,172.5,10831.5,1.0,0.0
125,5-9,old_vaccine,0.0,0.0,0.0,0.0
125,5-9,new_vaccine,0.0,0.0,0.0,0.0
125,10-14,unvaccinated,247.0,10205.0,1.5,0.0
125,10-14,old_vaccine,0.0,0.0,0.0,0.0
125,10-14,new_vaccine,0.0,0.0,0.0,0.0
125,15-19,unvaccinated,229.5,9531.0,2.0,0.0
125,15-19,old_vaccine,0.0,0.0,0.0,0.0
125,15-19,new_vaccine,0.0,0.0,0.0,0.0
125,20-24,unvaccinated,713.5,10019.0,5.0,0.0
125,20-24,old_vaccine,0.0,0.0,0.0,0.0
125,20-24,new_vaccine,0.0,0.0,0.0,0.0
125,25-29,unvaccinated,1195.0,10767.5,3.5,0.0
125,25-29,old_vaccine,0.0,0.0,0.0,0.0
125,25-29,new_vaccine,0.0,0.0,0.0,0.0
125,30-34,unvaccinated,1227.0,10945.5,7.5,0.0
125,30-34,old_vaccine,0.0,0.0,0.0,0.0
125,30-34,new_vaccine,0.0,0.0,0.0,0.0
125,35-39,unvaccinated,1107.5,10898.5,12.5,0.0
125,35-39,old_vaccine,0.0,0.0,0.0,0.0
125,35-39,new_vaccine,0.0,0.0,0.0,0.0
125,40-44,unvaccinated,1159.0,10300.0,18.5,0.0
125,40-44,old_vaccine,0.0,0.0,0.0,0.0
125,40-44,new_vaccine,0.0,0.0,0.0,0.0
125,45-49,unvaccinated,1378.5,9878.0,34.5,0.0
125,45-49,old_vaccine,0.0,0.0,0.0,0.0
125,45-49,new_vaccine,0.0,0.0,0.0,0.0
125,50-54,unvaccinated,2405.0,9967.0,91.0,0.0
125,50-54,old_vaccine,0.0,0.0,0.0,0.0
125,50-54,new_vaccine,0.0,0.0,0.0,0.0
125,55-59,unvaccinated,3116.0,8923.0,116.0,0.0
125,55-59,old_vaccine,0.0,0.0,0.0,0.0
125,55-59,new_vaccine,0.0,0.0,0.0,0.0
125,60-64,unvaccinated,3019.5,7307.5,271.0,0.0
125,60-64,old_vaccine,0.0,0.0,0.0,0.0
125,60-64,new_vaccine,0.0,0.0,0.0,0.0
125,65-69,unvaccinated,4827.5,4212.5,502.0,0.0
125,65-69,old_vaccine,0.0,0.0,0.0,0.0
125,65-69,new_vaccine,0.0,0.0,0.0,0.0
125,70-74,unvaccinated,5527.5,3255.0,1012.0,0.0
125,70-74,old_vaccine,0.0,0.0,0.0,0.0
125,70-74,new_vaccine,0.0,0.0,0.0,0.0
125,75+,unvaccinated,10145.0,5000.5,3236.5,0.0
125,75+,old_vaccine,0.0,0.0,0.0,0.0
125,75+,new_vaccine,0.0,0.0,0.0,0.0
126,0-4,unvaccinated,676.0,9559.0,12.5,0.0
126,0-4,old_vaccine,0.0,0.0,0.0,0.0
126,0-4,new_vaccine,0.0,0.0,0.0,0.0
126,5-9,unvaccinated,170.5,10823.5,1.0,0.0
126,5-9,old_vaccine,0.0,0.0,0.0,0.0
126,5-9,new_vaccine,0.0,0.0,0.0,0.0
126,10-14,unvaccinated,244.5,10203.0,1.5,0.0
126,10-14,old_vaccine,0.0,0.0,0.0,0.0
126,10-14,new_vaccine,0.0,0.0,0.0,0.0
126,15-19,unvaccinated,227.0,9553.5,2.0,0.0
126,15-19,old_vaccine,0.0,0.0,0.0,0.0
126,15-19,new_vaccine,0.0,0.0,0.0,0.0
126,20-24,unvaccinated,708.5,10018.5,5.5,0.0
126,20-24,old_vaccine,0.0,0.0,0.0,0.0
126,20-24,new_vaccine,0.0,0.0,0.0,0.0
126,25-29,unvaccinated,1184.0,10754.0,3.5,0.0
126,25-29,old_vaccine,0.0,0.0,0.0,0.0
126,25-29,new_vaccine,0.0,0.0,0.0,0.0
126,30-34,unvaccinated,1232.0,10959.5,7.0,0.0
126,30-34,old_vaccine,0.0,0.0,0.0,0.0
126,30-34,new_vaccine,0.0,0.0,0.0,0.0
126,35-39,unvaccinated,1106.0,10914.0,12.5,0.0
126,35-39,old_vaccine,0.0,0.0,0.0,0.0
126,35-39,new_vaccine,0.0,0.0,0.0,0.0
126,40-44,unvaccinated,1169.5,10334.0,17.5,0.0
126,40-44,old_vaccine,0.0,0.0,0.0,0.0
126,40-44,new_vaccine,0.0,0.0,0.0,0.0
126,45-49,unvaccinated,1375.0,9892.0,35.0,0.0
126,45-49,old_vaccine,0.0,0.0,0.0,0.0
126,45-49,new_vaccine,0.0,0.0,0.0,0.0
126,50-54,unvaccinated,2410.5,9984.5,90.5,0.0
126,50-54,old_vaccine,0.0,0.0,0.0,0.0
126,50-54,new_vaccine,0.0,0.0,0.0,0.0
126,55-59,unvaccinated,3107.0,8905.5,117.0,0.0
126,55-59,old_vaccine,0.0,0.0,0.0,0.0
126,55-59,new_vaccine,0.0,0.0,0.0,0.0
126,60-64,unvaccinated,3035.5,7317.0,271.5,0.0
126,60-64,old_vaccine,0.0,0.0,0.0,0.0
126,60-64,new_vaccine,0.0,0.0,0.0,0.0
126,65-69,unvaccinated,4841.0,4198.0,504.0,0.0
126,65-69,old_vaccine,0.0,0.0,0.0,0.0
126,65-69,new_vaccine,0.0,0.0,0.0,0.0
126,70-74,unvaccinated,5541.0,3268.5,1014.0,0.0
126,70-74,old_vaccine,0.0,0.0,0.0,0.0
126,70-74,new_vaccine,0.0,0.0,0.0,0.0
126,75+,unvaccinated,10122.0,4996.5,3238.0,0.0
126,75+,old_vaccine,0.0,0.0,0.0,0.0
126,75+,new_vaccine,0.0,0.0,0.0,0.0
127,0-4,unvaccinated,683.5,9564.0,10.5,0.0
127,0-4,old_vaccine,0.0,0.0,0.0,0.0
127,0-4,new_vaccine,0.0,0.0,0.0,0.0
127,5-9,unvaccinated,176.0,10833.0,0.5,0.0
127,5-9,old_vaccine,0.0,0.0,0.0,0.0
127,5-9,new_vaccine,0.0,0.0,0.0,0.0
127,10-14,unvaccinated,250.0,10221.5,2.0,0.0
127,10-14,old_vaccine,0.0,0.0,0.0,0.0
127,10-14,new_vaccine,0.0,0.0,0.0,0.0
127,15-19,unvaccinated,225.5,9531.0,2.0,0.0
127,15-19,old_vaccine,0.0,0.0,0.0,0.0
127,15-19,new_vaccine,0.0,0.0,0.0,0.0
127,20-24,unvaccinated,723.0,10016.5,6.0,0.0
127,20-24,old_vaccine,0.0,0.0,0.0,0.0
127,20-24,new_vaccine,0.0,0.0,0.0,0.0
127,25-29,unvaccinated,1176.5,10790.5,3.5,0.0
127,25-29,old_vaccine,0.0,0.0,0.0,0.0
127,25-29,new_vaccine,0.0,0.0,0.0,0.0
127,30-34,unvaccinated,1232.0,10980.5,7.0,0.0
127,30-34,old_vaccine,0.0,0.0,0.0,0.0
127,30-34,new_vaccine,0.0,0.0,0.0,0.0
127,35-39,unvaccinated,1114.5,10913.5,12.5,0.0
127,35-39,old_vaccine,0.0,0.0,0.0,0.0
127,35-39,new_vaccine,0.0,0.0,0.0,0.0
127,40-44,unvaccinated,1172.5,10366.5,18.0,0.0
127,40-44,old_vaccine,0.0,0.0,0.0,0.0
127,40-44,new_vaccine,0.0,0.0,0.0,0.0
127,45-49,unvaccinated,1374.0,9883.5,34.5,0.0
127,45-49,old_vaccine,0.0,0.0,0.0,0.0
127,45-49,new_vaccine,0.0,0.0,0.0,0.0
127,50-54,unvaccinated,2404.5,9983.0,91.0,0.0
127,50-54,old_vaccine,0.0,0.0,0.0,0.0
127,50-54,new_vaccine,0.0,0.0,0.0,0.0
127,55-59,unvaccinated,3114.5,8912.0,118.5,0.0
127,55-59,old_vaccine,0.0,0.0,0.0,0.0
127,55-59,new_vaccine,0.0,0.0,0.0,0.0
127,60-64,unvaccinated,3054.0,7317.0,273.0,0.0
127,60-64,old_vaccine,0.0,0.0,0.0,0.0
127,60-64,new_vaccine,0.0,0.0,0.0,0.0
127,65-69,unvaccinated,4850.0,4209.0,504.5,0.0
127,65-69,old_vaccine,0.0,0.0,0.0,0.0
127,65-69,new_vaccine,0.0,0.0,0.0,0.0
127,70-74,unvaccinated,5556.5,3246.5,1017.0,0.0
127,70-74,old_vaccine,0.0,0.0,0.0,0.0
127,70-74,new_vaccine,0.0,0.0,0.0,0.0
127,75+,unvaccinated,10108.0,5012.5,3241.0,0.0
127,75+,old_vaccine,0.0,0.0,0.0,0.0
127,75+,new_vaccine,0.0,0.0,0.0,0.0
128,0-4,unvaccinated,684.0,9574.0,10.5,0.0
128,0-4,old_vaccine,0.0,0.0,0.0,0.0
128,0-4,new_vaccine,0.0,0.0,0.0,0.0
128,5-9,unvaccinated,174.0,10806.0,1.0,0.0
128,5-9,old_vaccine,0.0,0.0,0.0,0.0
128,5-9,new_vaccine,0.0,0.0,0.0,0.0
128,10-14,unvaccinated,248.0,10201.5,2.0,0.0
128,10-14,old_vaccine,0.0,0.0,0.0,0.0
128,10-14,new_vaccine,0.0,0.0,0.0,0.0
128,15-19,unvaccinated,226.5,9511.5,2.0,0.0
128,15-19,old_vaccine,0.0,0.0,0.0,0.0
128,15-19,new_vaccine,0.0,0.0,0.0,0.0
128,20-24,unvaccinated,723.0,10034.5,6.5,0.0
128,20-24,old_vaccine,0.0,0.0,0.0,0.0
128,20-24,new_vaccine,0.0,0.0,0.0,0.0
128,25-29,unvaccinated,1178.5,10833.5,3.5,0.0
128,25-29,old_vaccine,0.0,0.0,0.0,0.0
128,25-29,new_vaccine,0.0,0.0,0.0,0.0
128,30-34,unvaccinated,1223.0,11017.0,7.0,0.0
128,30-34,old_vaccine,0.0,0.0,0.0,0.0
128,30-34,new_vaccine,0.0,0.0,0.0,0.0
128,35-39,unvaccinated,1114.0,10915.5,13.0,0.0
128,35-39,old_vaccine,0.0,0.0,0.0,0.0
128,35-39,new_vaccine,0.0,0.0,0.0,0.0
128,40-44,unvaccinated,1166.0,10388.0,17.5,0.0
128,40-44,old_vaccine,0.0,0.0,0.0,0.0
128,40-44,new_vaccine,0.0,0.0,0.0,0.0
128,45-49,unvaccinated,1372.5,9847.5,34.0,0.0
128,45-49,old_vaccine,0.0,0.0,0.0,0.0
128,45-49,new_vaccine,0.0,0.0,0.0,0.0
128,50-54,unvaccinated,2386.0,10014.0,91.5,0.0
128,50-54,old_vaccine,0.0,0.0,0.0,0.0
128,50-54,new_vaccine,0.0,0.0,0.0,0.0
128,55-59,unvaccinated,3119.0,8886.0,118.0,0.0
128,55-59,old_vaccine,0.0,0.0,0.0,0.0
128,55-59,new_vaccine,0.0,0.0,0.0,0.0
128,60-64,unvaccinated,3040.0,7328.0,272.5,0.0
128,60-64,old_vaccine,0.0,0.0,0.0,0.0
128,60-64,new_vaccine,0.0,0.0,0.0,0.0
128,65-69,unvaccinated,4857.5,4188.0,504.5,0.0
128,65-69,old_vaccine,0.0,0.0,0.0,0.0
128,65-69,new_vaccine,0.0,0.0,0.0,0.0
128,70-74,unvaccinated,5555.0,3241.0,1018.0,0.0
128,70-74,old_vaccine,0.0,0.0,0.0,0.0
128,70-74,new_vaccine,0.0,0.0,0.0,0.0
128,75+,unvaccinated,10102.5,5040.5,3246.0,0.0
128,75+,old_vaccine,0.0,0.0,0.0,0.0
128,75+,new_vaccine,0.0,0.0,0.0,0.0
129,0-4,unvaccinated,680.5,9588.5,10.5,0.0
129,0-4,old_vaccine,0.0,0.0,0.0,0.0
129,0-4,new_vaccine,0.0,0.0,0.0,0.0
129,5-9,unvaccinated,174.5,10808.5,1.0,0.0
129,5-9,old_vaccine,0.0,0.0,0.0,0.0
129,5-9,new_vaccine,0.0,0.0,0.0,0.0
129,10-14,unvaccinated,248.0,10232.0,2.0,0.0
129,10-14,old_vaccine,0.0,0.0,0.0,0.0
129,10-14,new_vaccine,0.0,0.0,0.0,0.0
129,15-19,unvaccinated,224.5,9515.5,2.5,0.0
129,15-19,old_vaccine,0.0,0.0,0.0,0.0
129,15-19,new_vaccine,0.0,0.0,0.0,0.0
129,20-24,unvaccinated,724.0,10000.0,6.5,0.0
129,20-24,old_vaccine,0.0,0.0,0.0,0.0
129,20-24,new_vaccine,0.0,0.0,0.0,0.0
129,25-29,unvaccinated,1190.5,10807.5,3.5,0.0
129,25-29,old_vaccine,0.0,0.0,0.0,0.0
129,25-29,new_vaccine,0.0,0.0,0.0,0.0
129,30-34,unvaccinated,1224.0,10987.5,7.0,0.0
129,30-34,old_vaccine,0.0,0.0,0.0,0.0
129,30-34,new_vaccine,0.0,0.0,0.0,0.0
129,35-39,unvaccinated,1112.5,10889.0,13.0,0.0
129,35-39,old_vaccine,0.0,0.0,0.0,0.0
129,35-39,new_vaccine,0.0,0.0,0.0,0.0
129,40-44,unvaccinated,1168.5,10419.0,16.0,0.0
129,40-44,old_vaccine,0.0,0.0,0.0,0.0
129,40-44,new_vaccine,0.0,0.0,0.0,0.0
129,45-49,unvaccinated,1377.0,9869.0,34.0,0.0
129,45-49,old_vaccine,0.0,0.0,0.0,0.0
129,45-49,new_vaccine,0.0,0.0,0.0,0.0
129,50-54,unvaccinated,2385.0,9976.5,91.5,0.0
129,50-54,old_vaccine,0.0,0.0,0.0,0.0
129,50-54,new_vaccine,0.0,0.0,0.0,0.0
129,55-59,unvaccinated,3120.0,8874.0,117.5,0.0
129,55-59,old_vaccine,0.0,0.0,0.0,0.0
129,55-59,new_vaccine,0.0,0.0,0.0,0.0
129,60-64,unvaccinated,3020.0,7277.0,273.5,0.0
129,60-64,old_vaccine,0.0,0.0,0.0,0.0
129,60-64,new_vaccine,0.0,0.0,0.0,0.0
129,65-69,unvaccinated,4840.5,4192.5,505.0,0.0
129,65-69,old_vaccine,0.0,0.0,0.0,0.0
129,65-69,new_vaccine,0.0,0.0,0.0,0.0
129,70-74,unvaccinated,5554.5,3244.5,1018.5,0.0
129,70-74,old_vaccine,0.0,0.0,0.0,0.0
129,70-74,new_vaccine,0.0,0.0,0.0,0.0
129,75+,unvaccinated,10091.5,5087.0,3246.5,0.0
129,75+,old_vaccine,0.0,0.0,0.0,0.0
129,75+,new_vaccine,0.0,0.0,0.0,0.0
130,0-4,unvaccinated,668.5,9591.0,10.0,0.0
130,0-4,old_vaccine,0.0,0.0,0.0,0.0
130,0-4,new_vaccine,0.0,0.0,0.0,0.0
130,5-9,unvaccinated,168.0,10823.0,0.5,0.0
130,5-9,old_vaccine,0.0,0.0,0.0,0.0
130,5-9,new_vaccine,0.0,0.0,0.0,0.0
130,10-14,unvaccinated,247.0,10199.0,2.0,0.0
130,10-14,old_vaccine,0.0,0.0,0.0,0.0
130,10-14,new_vaccine,0.0,0.0,0.0,0.0
130,15-19,unvaccinated,223.5,9529.0,2.5,0.0
130,15-19,old_vaccine,0.0,0.0,0.0,0.0
130,15-19,new_vaccine,0.0,0.0,0.0,0.0
130,20-24,unvaccinated,721.5,10006.0,7.0,0.0
130,20-24,old_vaccine,0.0,0.0,0.0,0.0
130,20-24,new_vaccine,0.0,0.0,0.0,0.0
130,25-29,unvaccinated,1193.5,10855.0,3.5,0.0
130,25-29,old_vaccine,0.0,0.0,0.0,0.0
130,25-29,new_vaccine,0.0,0.0,0.0,0.0
130,30-34,unvaccinated,1228.0,10991.5,7.5,0.0
130,30-34,old_vaccine,0.0,0.0,0.0,0.0
130,30-34,new_vaccine,0.0,0.0,0.0,0.0
130,35-39,unvaccinated,1103.5,10906.0,12.5,0.0
130,35-39,old_vaccine,0.0,0.0,0.0,0.0
130,35-39,new_vaccine,0.0,0.0,0.0,0.0
130,40-44,unvaccinated,1164.0,10409.5,16.0,0.0
130,40-44,old_vaccine,0.0,0.0,0.0,0.0
130,40-44,new_vaccine,0.0,0.0,0.0,0.0
130,45-49,unvaccinated,1383.0,9837.5,34.5,0.0
130,45-49,old_vaccine,0.0,0.0,0.0,0.0
130,45-49,new_vaccine,0.0,0.0,0.0,0.0
130,50-54,unvaccinated,2373.0,9948.5,91.5,0.0
130,50-54,old_vaccine,0.0,0.0,0.0,0.0
130,50-54,new_vaccine,0.0,0.0,0.0,0.0
130,55-59,unvaccinated,3121.5,8901.0,118.0,0.0
130,55-59,old_vaccine,0.0,0.0,0.0,0.0
130,55-59,new_vaccine,0.0,0.0,0.0,0.0
130,60-64,unvaccinated,2996.5,7271.5,276.0,0.0
130,60-64,old_vaccine,0.0,0.0,0.0,0.0
130,60-64,new_vaccine,0.0,0.0,0.0,0.0
130,65-69,unvaccinated,4837.0,4206.5,505.0,0.0
130,65-69,old_vaccine,0.0,0.0,0.0,0.0
130,65-69,new_vaccine,0.0,0.0,0.0,0.0
130,70-74,unvaccinated,5563.0,3216.0,1019.5,0.0
130,70-74,old_vaccine,0.0,0.0,0.0,0.0
130,70-74,new_vaccine,0.0,0.0,0.0,0.0
130,75+,unvaccinated,10106.5,5056.0,3249.5,0.0
130,75+,old_vaccine,0.0,0.0,0.0,0.0
130,75+,new_vaccine,0.0,0.0,0.0,0.0
131,0-4,unvaccinated,663.0,9636.0,10.0,0.0
131,0-4,old_vaccine,0.0,0.0,0.0,0.0
131,0-4,new_vaccine,0.0,0.0,0.0,0.0
131,5-9,unvaccinated,165.0,10836.0,0.5,0.0
131,5-9,old_vaccine,0.0,0.0,0.0,0.0
131,5-9,new_vaccine,0.0,0.0,0.0,0.0
131,10-14,unvaccinated,249.0,10201.0,2.0,0.0
131,10-14,old_vaccine,0.0,0.0,0.0,0.0
131,10-14,new_vaccine,0.0,0.0,0.0,0.0
131,15-19,unvaccinated,224.5,9568.0,2.5,0.0
131,15-19,old_vaccine,0.0,0.0,0.0,0.0
131,15-19,new_vaccine,0.0,0.0,0.0,0.0
131,20-24,unvaccinated,721.5,10019.0,6.5,0.0
131,20-24,old_vaccine,0.0,0.0,0.0,0.0
131,20-24,new_vaccine,0.0,0.0,0.0,0.0
131,25-29,unvaccinated,1201.0,10828.0,3.0,0.0
131,25-29,old_vaccine,0.0,0.0,0.0,0.0
131,25-29,new_vaccine,0.0,0.0,0.0,0.0
131,30-34,unvaccinated,1217.5,10970.5,7.5,0.0
131,30-34,old_vaccine,0.0,0.0,0.0,0.0
131,30-34,new_vaccine,0.0,0.0,0.0,0.0
131,35-39,unvaccinated,1099.0,10911.0,13.5,0.0
131,35-39,old_vaccine,0.0,0.0,0.0,0.0
131,35-39,new_vaccine,0.0,0.0,0.0,0.0
131,40-44,unvaccinated,1162.0,10392.0,15.5,0.0
131,40-44,old_vaccine,0.0,0.0,0.0,0.0
131,40-44,new_vaccine,0.0,0.0,0.0,0.0
131,45-49,unvaccinated,1384.0,9818.0,35.5,0.0
131,45-49,old_vaccine,0.0,0.0,0.0,0.0
131,45-49,new_vaccine,0.0,0.0,0.0,0.0
131,50-54,unvaccinated,2379.0,9947.0,91.0,0.0
131,50-54,old_vaccine,0.0,0.0,0.0,0.0
131,50-54,new_vaccine,0.0,0.0,0.0,0.0
131,55-59,unvaccinated,3122.5,8891.0,118.5,0.0
131,55-59,old_vaccine,0.0,0.0,0.0,0.0
131,55-59,new_vaccine,0.0,0.0,0.0,0.0
131,60-64,unvaccinated,2999.5,7242.5,277.0,0.0
131,60-64,old_vaccine,0.0,0.0,0.0,0.0
131,60-64,new_vaccine,0.0,0.0,0.0,0.0
131,65-69,unvaccinated,4838.0,4211.5,504.5,0.0
131,65-69,old_vaccine,0.0,0.0,0.0,0.0
131,65-69,new_vaccine,0.0,0.0,0.0,0.0
131,70-74,unvaccinated,5544.0,3220.5,1018.0,0.0
131,70-74,old_vaccine,0.0,0.0,0.0,0.0
131,70-74,new_vaccine,0.0,0.0,0.0,0.0
131,75+,unvaccinated,10110.0,5067.0,3253.0,0.0
131,75+,old_vaccine,0.0,0.0,0.0,0.0
131,75+,new_vaccine,0.0,0.0,0.0,0.0
132,0-4,unvaccinated,656.0,9653.0,10.0,0.0
132,0-4,old_vaccine,0.0,0.0,0.0,0.0
132,0-4,new_vaccine,0.0,0.0,0.0,0.0
132,5-9,unvaccinated,169.0,10826.0,0.5,0.0
132,5-9,old_vaccine,0.0,0.0,0.0,0.0
132,5-9,new_vaccine,0.0,0.0,0.0,0.0
132,10-14,unvaccinated,253.5,10207.5,2.0,0.0
132,10-14,old_vaccine,0.0,0.0,0.0,0.0
132,10-14,new_vaccine,0.0,0.0,0.0,0.0
132,15-19,unvaccinated,221.5,9583.0,2.5,0.0
132,15-19,old_vaccine,0.0,0.0,0.0,0.0
132,15-19,new_vaccine,0.0,0.0,0.0,0.0
132,20-24,unvaccinated,724.0,10008.0,6.5,0.0
132,20-24,old_vaccine,0.0,0.0,0.0,0.0
132,20-24,new_vaccine,0.0,0.0,0.0,0.0
132,25-29,unvaccinated,1208.0,10824.5,3.0,0.0
132,25-29,old_vaccine,0.0,0.0,0.0,0.0
132,25-29,new_vaccine,0.0,0.0,0.0,0.0
132,30-34,unvaccinated,1224.0,11003.5,7.5,0.0
132,30-34,old_vaccine,0.0,0.0,0.0,0.0
132,30-34,new_vaccine,0.0,0.0,0.0,0.0
132,35-39,unvaccinated,1099.5,10894.5,13.0,0.0
132,35-39,old_vaccine,0.0,0.0,0.0,0.0
132,35-39,new_vaccine,0.0,0.0,0.0,0.0
132,40-44,unvaccinated,1155.0,10388.0,14.5,0.0
132,40-44,old_vaccine,0.0,0.0,0.0,0.0
132,40-44,new_vaccine,0.0,0.0,0.0,0.0
132,45-49,unvaccinated,1390.0,9828.5,36.0,0.0
132,45-49,old_vaccine,0.0,0.0,0.0,0.0
132,45-49,new_vaccine,0.0,0.0,0.0,0.0
132,50-54,unvaccinated,2378.5,9946.5,90.5,0.0
132,50-54,old_vaccine,0.0,0.0,0.0,0.0
132,50-54,new_vaccine,0.0,0.0,0.0,0.0
132,55-59,unvaccinated,3114.5,8906.5,116.5,0.0
132,55-59,old_vaccine,0.0,0.0,0.0,0.0
132,55-59,new_vaccine,0.0,0.0,0.0,0.0
132,60-64,unvaccinated,2995.5,7246.5,278.5,0.0
132,60-64,old_vaccine,0.0,0.0,0.0,0.0
132,60-64,new_vaccine,0.0,0.0,0.0,0.0
132,65-69,unvaccinated,4840.5,4211.0,503.5,0.0
132,65-69,old_vaccine,0.0,0.0,0.0,0.0
132,65-69,new_vaccine,0.0,0.0,0.0,0.0
132,70-74,unvaccinated,5531.5,3205.5,1017.0,0.0
132,70-74,old_vaccine,0.0,0.0,0.0,0.0
132,70-74,new_vaccine,0.0,0.0,0.0,0.0
132,75+,unvaccinated,10100.5,5061.5,3258.0,0.0
132,75+,old_vaccine,0.0,0.0,0.0,0.0
132,75+,new_vaccine,0.0,0.0,0.0,0.0
133,0-4,unvaccinated,657.5,9663.0,10.5,0.0
133,0-4,old_vaccine,0.0,0.0,0.0,0.0
133,0-4,new_vaccine,0.0,0.0,0.0,0.0
133,5-9,unvaccinated,167.0,10794.0,0.5,0.0
133,5-9,old_vaccine,0.0,0.0,0.0,0.0
133,5-9,new_vaccine,0.0,0.0,0.0,0.0
133,10-14,unvaccinated,247.0,10229.0,2.0,0.0
133,10-14,old_vaccine,0.0,0.0,0.0,0.0
133,10-14,new_vaccine,0.0,0.0,0.0,0.0
133,15-19,unvaccinated,224.5,9537.5,2.5,0.0
133,15-19,old_vaccine,0.0,0.0,0.0,0.0
133,15-19,new_vaccine,0.0,0.0,0.0,0.0
133,20-24,unvaccinated,725.0,9994.5,6.5,0.0
133,20-24,old_vaccine,0.0,0.0,0.0,0.0
133,20-24,new_vaccine,0.0,0.0,0.0,0.0
133,25-29,unvaccinated,1207.5,10813.5,3.0,0.0
133,25-29,old_vaccine,0.0,0.0,0.0,0.0
133,25-29,new_vaccine,0.0,0.0,0.0,0.0
133,30-34,unvaccinated,1223.0,10965.5,8.5,0.0
133,30-34,old_vaccine,0.0,0.0,0.0,0.0
133,30-34,new_vaccine,0.0,0.0,0.0,0.0
133,35-39,unvaccinated,1104.5,10910.0,13.5,0.0
133,35-39,old_vaccine,0.0,0.0,0.0,0.0
133,35-39,new_vaccine,0.0,0.0,0.0,0.0
133,40-44,unvaccinated,1144.5,10384.5,15.5,0.0
133,40-44,old_vaccine,0.0,0.0,0.0,0.0
133,40-44,new_vaccine,0.0,0.0,0.0,0.0
133,45-49,unvaccinated,1390.0,9819.5,36.0,0.0
133,45-49,old_vaccine,0.0,0.0,0.0,0.0
133,45-49,new_vaccine,0.0,0.0,0.0,0.0
133,50-54,unvaccinated,2380.0,9942.5,89.0,0.0
133,50-54,old_vaccine,0.0,0.0,0.0,0.0
133,50-54,new_vaccine,0.0,0.0,0.0,0.0
133,55-59,unvaccinated,3114.0,8900.5,117.0,0.0
133,55-59,old_vaccine,0.0,0.0,0.0,0.0
133,55-59,new_vaccine,0.0,0.0,0.0,0.0
133,60-64,unvaccinated,2993.5,7218.5,279.0,0.0
133,60-64,old_vaccine,0.0,0.0,0.0,0.0
133,60-64,new_vaccine,0.0,0.0,0.0,0.0
133,65-69,unvaccinated,4864.0,4206.5,505.5,0.0
133,65-69,old_vaccine,0.0,0.0,0.0,0.0
133,65-69,new_vaccine,0.0,0.0,0.0,0.0
133,70-74,unvaccinated,5543.0,3221.0,1018.0,0.0
133,70-74,old_vaccine,0.0,0.0,0.0,0.0
133,70-74,new_vaccine,0.0,0.0,0.0,0.0
133,75+,unvaccinated,10086.0,5039.5,3262.0,0.0
133,75+,old_vaccine,0.0,0.0,0.0,0.0
133,75+,new_vaccine,0.0,0.0,0.0,0.0
134,0-4,unvaccinated,660.5,9658.0,10.5,0.0
134,0-4,old_vaccine,0.0,0.0,0.0,0.0
134,0-4,new_vaccine,0.0,0.0,0.0,0.0
134,5-9,unvaccinated,170.5,10772.5,0.5,0.0
134,5-9,old_vaccine,0.0,0.0,0.0,0.0
134,5-9,new_vaccine,0.0,0.0,0.0,0.0
134,10-14,unvaccinated,245.0,10211.0,2.5,0.0
134,10-14,old_vaccine,0.0,0.0,0.0,0.0
134,10-14,new_vaccine,0.0,0.0,0.0,0.0
134,15-19,unvaccinated,223.0,9542.0,2.0,0.0
134,15-19,old_vaccine,0.0,0.0,0.0,0.0
134,15-19,new_vaccine,0.0,0.0,0.0,0.0
134,20-24,unvaccinated,725.0,9984.5,6.5,0.0
134,20-24,old_vaccine,0.0,0.0,0.0,0.0
134,20-24,new_vaccine,0.0,0.0,0.0,0.0
134,25-29,unvaccinated,1205.0,10810.0,3.5,0.0
134,25-29,old_vaccine,0.0,0.0,0.0,0.0
134,25-29,new_vaccine,0.0,0.0,0.0,0.0
134,30-34,unvaccinated,1231.5,10977.0,9.0,0.0
134,30-34,old_vaccine,0.0,0.0,0.0,0.0
134,30-34,new_vaccine,0.0,0.0,0.0,0.0
134,35-39,unvaccinated,1108.5,10882.0,13.5,0.0
134,35-39,old_vaccine,0.0,0.0,0.0,0.0
134,35-39,new_vaccine,0.0,0.0,0.0,0.0
134,40-44,unvaccinated,1152.5,10359.5,15.5,0.0
134,40-44,old_vaccine,0.0,0.0,0.0,0.0
134,40-44,new_vaccine,0.0,0.0,0.0,0.0
134,45-49,unvaccinated,1392.0,9809.0,35.5,0.0
134,45-49,old_vaccine,0.0,0.0,0.0,0.0
134,45-49,new_vaccine,0.0,0.0,0.0,0.0
134,50-54,unvaccinated,2389.0,9934.5,92.0,0.0
134,50-54,old_vaccine,0.0,0.0,0.0,0.0
134,50-54,new_vaccine,0.0,0.0,0.0,0.0
134,55-59,unvaccinated,3119.5,8899.0,115.5,0.0
134,55-59,old_vaccine,0.0,0.0,0.0,0.0
134,55-59,new_vaccine,0.0,0.0,0.0,0.0
134,60-64,unvaccinated,2996.5,7219.0,279.0,0.0
134,60-64,old_vaccine,0.0,0.0,0.0,0.0
134,60-64,new_vaccine,0.0,0.0,0.0,0.0
134,65-69,unvaccinated,4868.0,4213.5,506.5,0.0
134,65-69,old_vaccine,0.0,0.0,0.0,0.0
134,65-69,new_vaccine,0.0,0.0,0.0,0.0
134,70-74,unvaccinated,5568.5,3205.5,1021.0,0.0
134,70-74,old_vaccine,0.0,0.0,0.0,0.0
134,70-74,new_vaccine,0.0,0.0,0.0,0.0
134,75+,unvaccinated,10074.0,5045.0,3268.0,0.0
134,75+,old_vaccine,0.0,0.0,0.0,0.0
134,75+,new_vaccine,0.0,0.0,0.0,0.0
135,0-4,unvaccinated,666.0,9622.5,10.5,0.0
135,0-4,old_vaccine,0.0,0.0,0.0,0.0
135,0-4,new_vaccine,0.0,0.0,0.0,0.0
135,5-9,unvaccinated,174.0,10796.5,0.5,0.0
135,5-9,old_vaccine,0.0,0.0,0.0,0.0
135,5-9,new_vaccine,0.0,0.0,0.0,0.0
135,10-14,unvaccinated,246.0,10220.5,2.0,0.0
135,10-14,old_vaccine,0.0,0.0,0.0,0.0
135,10-14,new_vaccine,0.0,0.0,0.0,0.0
135,15-19,unvaccinated,233.0,9550.5,2.0,0.0
135,15-19,old_vaccine,0.0,0.0,0.0,0.0
135,15-19,new_vaccine,0.0,0.0,0.0,0.0
135,20-24,unvaccinated,725.0,9989.5,6.0,0.0
135,20-24,old_vaccine,0.0,0.0,0.0,0.0
135,20-24,new_vaccine,0.0,0.0,0.0,0.0
135,25-29,unvaccinated,1204.0,10795.5,3.5,0.0
135,25-29,old_vaccine,0.0,0.0,0.0,0.0
135,25-29,new_vaccine,0.0,0.0,0.0,0.0
135,30-34,unvaccinated,1234.0,11002.0,9.5,0.0
135,30-34,old_vaccine,0.0,0.0,0.0,0.0
135,30-34,new_vaccine,0.0,0.0,0.0,0.0
135,35-39,unvaccinated,1113.0,10881.5,13.0,0.0
135,35-39,old_vaccine,0.0,0.0,0.0,0.0
135,35-39,new_vaccine,0.0,0.0,0.0,0.0
135,40-44,unvaccinated,1159.5,10352.5,15.5,0.0
135,40-44,old_vaccine,0.0,0.0,0.0,0.0
135,40-44,new_vaccine,0.0,0.0,0.0,0.0
135,45-49,unvaccinated,1395.5,9810.5,36.0,0.0
135,45-49,old_vaccine,0.0,0.0,0.0,0.0
135,45-49,new_vaccine,0.0,0.0,0.0,0.0
135,50-54,unvaccinated,2392.5,9944.5,91.5,0.0
135,50-54,old_vaccine,0.0,0.0,0.0,0.0
135,50-54,new_vaccine,0.0,0.0,0.0,0.0
135,55-59,unvaccinated,3121.0,8925.0,116.5,0.0
135,55-59,old_vaccine,0.0,0.0,0.0,0.0
135,55-59,new_vaccine,0.0,0.0,0.0,0.0
135,60-64,unvaccinated,2999.0,7227.0,279.0,0.0
135,60-64,old_vaccine,0.0,0.0,0.0,0.0
135,60-64,new_vaccine,0.0,0.0,0.0,0.0
135,65-69,unvaccinated,4859.0,4219.5,505.5,0.0
135,65-69,old_vaccine,0.0,0.0,0.0,0.0
135,65-69,new_vaccine,0.0,0.0,0.0,0.0
135,70-74,unvaccinated,5553.5,3218.0,1022.5,0.0
135,70-74,old_vaccine,0.0,0.0,0.0,0.0
135,70-74,new_vaccine,0.0,0.0,0.0,0.0
135,75+,unvaccinated,10069.5,5022.0,3271.5,0.0
135,75+,old_vaccine,0.0,0.0,0.0,0.0
135,75+,new_vaccine,0.0,0.0,0.0,0.0
136,0-4,unvaccinated,670.5,9616.0,10.5,0.0
136,0-4,old_vaccine,0.0,0.0,0.0,0.0
136,0-4,new_vaccine,0.0,0.0,0.0,0.0
136,5-9,unvaccinated,171.5,10796.0,0.0,0.0
136,5-9,old_vaccine,0.0,0.0,0.0,0.0
136,5-9,new_vaccine,0.0,0.0,0.0,0.0
136,10-14,unvaccinated,244.0,10183.5,2.0,0.0
136,10-14,old_vaccine,0.0,0.0,0.0,0.0
136,10-14,new_vaccine,0.0,0.0,0.0,0.0
136,15-19,unvaccinated,234.0,9525.0,2.0,0.0
136,15-19,old_vaccine,0.0,0.0,0.0,0.0
136,15-19,new_vaccine,0.0,0.0,0.0,0.0
136,20-24,unvaccinated,723.5,9984.0,7.0,0.0
136,20-24,old_vaccine,0.0,0.0,0.0,0.0
136,20-24,new_vaccine,0.0,0.0,0.0,0.0
136,25-29,unvaccinated,1202.0,10793.5,3.5,0.0
136,25-29,old_vaccine,0.0,0.0,0.0,0.0
136,25-29,new_vaccine,0.0,0.0,0.0,0.0
136,30-34,unvaccinated,1232.0,11011.5,9.5,0.0
136,30-34,old_vaccine,0.0,0.0,0.0,0.0
136,30-34,new_vaccine,0.0,0.0,0.0,0.0
136,35-39,unvaccinated,1114.0,10874.5,12.5,0.0
136,35-39,old_vaccine,0.0,0.0,0.0,0.0
136,35-39,new_vaccine,0.0,0.0,0.0,0.0
136,40-44,unvaccinated,1154.0,10335.5,15.5,0.0
136,40-44,old_vaccine,0.0,0.0,0.0,0.0
136,40-44,new_vaccine,0.0,0.0,0.0,0.0
136,45-49,unvaccinated,1393.0,9847.5,36.0,0.0
136,45-49,old_vaccine,0.0,0.0,0.0,0.0
136,45-49,new_vaccine,0.0,0.0,0.0,0.0
136,50-54,unvaccinated,2403.5,9961.5,92.5,0.0
136,50-54,old_vaccine,0.0,0.0,0.0,0.0
136,50-54,new_vaccine,0.0,0.0,0.0,0.0
136,55-59,unvaccinated,3114.5,8907.5,116.0,0.0
136,55-59,old_vaccine,0.0,0.0,0.0,0.0
136,55-59,new_vaccine,0.0,0.0,0.0,0.0
136,60-64,unvaccinated,2995.5,7268.0,277.5,0.0
136,60-64,old_vaccine,0.0,0.0,0.0,0.0
136,60-64,new_vaccine,0.0,0.0,0.0,0.0
136,65-69,unvaccinated,4861.5,4228.5,503.0,0.0
136,65-69,old_vaccine,0.0,0.0,0.0,0.0
136,65-69,new_vaccine,0.0,0.0,0.0,0.0
136,70-74,unvaccinated,5549.0,3216.0,1020.0,0.0
136,70-74,old_vaccine,0.0,0.0,0.0,0.0
136,70-74,new_vaccine,0.0,0.0,0.0,0.0
136,75+,unvaccinated,10060.0,5039.0,3273.5,0.0
136,75+,old_vaccine,0.0,0.0,0.0,0.0
136,75+,new_vaccine,0.0,0.0,0.0,0.0
137,0-4,unvaccinated,677.0,9603.5,11.0,0.0
137,0-4,old_vaccine,0.0,0.0,0.0,0.0
137,0-4,new_vaccine,0.0,0.0,0.0,0.0
137,5-9,unvaccinated,176.5,10777.0,0.0,0.0
137,5-9,old_vaccine,0.0,0.0,0.0,0.0
137,5-9,new_vaccine,0.0,0.0,0.0,0.0
137,10-14,unvaccinated,242.0,10212.0,2.0,0.0
137,10-14,old_vaccine,0.0,0.0,0.0,0.0
137,10-14,new_vaccine,0.0,0.0,0.0,0.0
137,15-19,unvaccinated,233.0,9510.5,2.0,0.0
137,15-19,old_vaccine,0.0,0.0,0.0,0.0
137,15-19,new_vaccine,0.0,0.0,0.0,0.0
137,20-24,unvaccinated,723.0,9996.0,7.0,0.0
137,20-24,old_vaccine,0.0,0.0,0.0,0.0
137,20-24,new_vaccine,0.0,0.0,0.0,0.0
137,25-29,unvaccinated,1201.5,10822.5,3.5,0.0
137,25-29,old_vaccine,0.0,0.0,0.0,0.0
137,25-29,new_vaccine,0.0,0.0,0.0,0.0
137,30-34,unvaccinated,1237.0,10971.5,8.5,0.0
137,30-34,old_vaccine,0.0,0.0,0.0,0.0
137,30-34,new_vaccine,0.0,0.0,0.0,0.0
137,35-39,unvaccinated,1109.5,10921.0,12.0,0.0
137,35-39,old_vaccine,0.0,0.0,0.0,0.0
137,35-39,new_vaccine,0.0,0.0,0.0,0.0
137,40-44,unvaccinated,1153.5,10325.5,16.5,0.0
137,40-44,old_vaccine,0.0,0.0,0.0,0.0
137,40-44,new_vaccine,0.0,0.0,0.0,0.0
137,45-49,unvaccinated,1406.5,9860.0,37.0,0.0
137,45-49,old_vaccine,0.0,0.0,0.0,0.0
137,45-49,new_vaccine,0.0,0.0,0.0,0.0
137,50-54,unvaccinated,2389.0,9961.5,92.0,0.0
137,50-54,old_vaccine,0.0,0.0,0.0,0.0
137,50-54,new_vaccine,0.0,0.0,0.0,0.0
137,55-59,unvaccinated,3129.5,8915.5,117.5,0.0
137,55-59,old_vaccine,0.0,0.0,0.0,0.0
137,55-59,new_vaccine,0.0,0.0,0.0,0.0
137,60-64,unvaccinated,3000.0,7314.0,275.5,0.0
137,60-64,old_vaccine,0.0,0.0,0.0,0.0
137,60-64,new_vaccine,0.0,0.0,0.0,0.0
137,65-69,unvaccinated,4836.5,4252.5,503.5,0.0
137,65-69,old_vaccine,0.0,0.0,0.0,0.0
137,65-69,new_vaccine,0.0,0.0,0.0,0.0
137,70-74,unvaccinated,5542.5,3208.0,1019.5,0.0
137,70-74,old_vaccine,0.0,0.0,0.0,0.0
137,70-74,new_vaccine,0.0,0.0,0.0,0.0
137,75+,unvaccinated,10061.5,5031.5,3274.5,0.0
137,75+,old_vaccine,0.0,0.0,0.0,0.0
137,75+,new_vaccine,0.0,0.0,0.0,0.0
138,0-4,unvaccinated,683.0,9571.5,11.0,0.0
138,0-4,old_vaccine,0.0,0.0,0.0,0.0
138,0-4,new_vaccine,0.0,0.0,0.0,0.0
138,5-9,unvaccinated,178.0,10793.5,0.5,0.0
138,5-9,old_vaccine,0.0,0.0,0.0,0.0
138,5-9,new_vaccine,0.0,0.0,0.0,0.0
138,10-14,unvaccinated,240.0,10211.0,2.0,0.0
138,10-14,old_vaccine,0.0,0.0,0.0,0.0
138,10-14,new_vaccine,0.0,0.0,0.0,0.0
138,15-19,unvaccinated,229.5,9504.5,2.0,0.0
138,15-19,old_vaccine,0.0,0.0,0.0,0.0
138,15-19,new_vaccine,0.0,0.0,0.0,0.0
138,20-24,unvaccinated,723.0,10005.5,7.0,0.0
138,20-24,old_vaccine,0.0,0.0,0.0,0.0
138,20-24,new_vaccine,0.0,0.0,0.0,0.0
138,25-29,unvaccinated,1196.5,10811.5,3.5,0.0
138,25-29,old_vaccine,0.0,0.0,0.0,0.0
138,25-29,new_vaccine,0.0,0.0,0.0,0.0
138,30-34,unvaccinated,1234.0,10980.0,9.5,0.0
138,30-34,old_vaccine,0.0,0.0,0.0,0.0
138,30-34,new_vaccine,0.0,0.0,0.0,0.0
138,35-39,unvaccinated,1104.5,10937.0,12.0,0.0
138,35-39,old_vaccine,0.0,0.0,0.0,0.0
138,35-39,new_vaccine,0.0,0.0,0.0,0.0
138,40-44,unvaccinated,1150.5,10362.5,16.5,0.0
138,40-44,old_vaccine,0.0,0.0,0.0,0.0
138,40-44,new_vaccine,0.0,0.0,0.0,0.0
138,45-49,unvaccinated,1396.5,9847.0,37.5,0.0
138,45-49,old_vaccine,0.0,0.0,0.0,0.0
138,45-49,new_vaccine,0.0,0.0,0.0,0.0
138,50-54,unvaccinated,2411.0,9954.5,92.0,0.0
138,50-54,old_vaccine,0.0,0.0,0.0,0.0
138,50-54,new_vaccine,0.0,0.0,0.0,0.0
138,55-59,unvaccinated,3132.0,8876.5,117.5,0.0
138,55-59,old_vaccine,0.0,0.0,0.0,0.0
138,55-59,new_vaccine,0.0,0.0,0.0,0.0
138,60-64,unvaccinated,3007.0,7301.5,276.0,0.0
138,60-64,old_vaccine,0.0,0.0,0.0,0.0
138,60-64,new_vaccine,0.0,0.0,0.0,0.0
138,65-69,unvaccinated,4812.0,4238.5,504.0,0.0
138,65-69,old_vaccine,0.0,0.0,0.0,0.0
138,65-69,new_vaccine,0.0,0.0,0.0,0.0
138,70-74,unvaccinated,5558.0,3222.5,1023.0,0.0
138,70-74,old_vaccine,0.0,0.0,0.0,0.0
138,70-74,new_vaccine,0.0,0.0,0.0,0.0
138,75+,unvaccinated,10087.5,5035.0,3280.0,0.0
138,75+,old_vaccine,0.0,0.0,0.0,0.0
138,75+,new_vaccine,0.0,0.0,0.0,0.0
139,0-4,unvaccinated,679.5,9561.0,11.0,0.0
139,0-4,old_vaccine,0.0,0.0,0.0,0.0
139,0-4,new_vaccine,0.0,0.0,0.0,0.0
139,5-9,unvaccinated,176.0,10840.5,0.5,0.0
139,5-9,old_vaccine,0.0,0.0,0.0,0.0
139,5-9,new_vaccine,0.0,0.0,0.0,0.0
139,10-14,unvaccinated,245.0,10206.0,2.0,0.0
139,10-14,old_vaccine,0.0,0.0,0.0,0.0
139,10-14,new_vaccine,0.0,0.0,0.0,0.0
139,15-19,unvaccinated,233.5,9523.0,2.0,0.0
139,15-19,old_vaccine,0.0,0.0,0.0,0.0
139,15-19,new_vaccine,0.0,0.0,0.0,0.0
139,20-24,unvaccinated,719.0,10000.0,6.0,0.0
139,20-24,old_vaccine,0.0,0.0,0.0,0.0
139,20-24,new_vaccine,0.0,0.0,0.0,0.0
139,25-29,unvaccinated,1181.0,10807.0,3.5,0.0
139,25-29,old_vaccine,0.0,0.0,0.0,0.0
139,25-29,new_vaccine,0.0,0.0,0.0,0.0
139,30-34,unvaccinated,1234.0,11007.0,9.0,0.0
139,30-34,old_vaccine,0.0,0.0,0.0,0.0
139,30-34,new_vaccine,0.0,0.0,0.0,0.0
139,35-39,unvaccinated,1104.0,10935.0,12.0,0.0
139,35-39,old_vaccine,0.0,0.0,0.0,0.0
139,35-39,new_vaccine,0.0,0.0,0.0,0.0
139,40-44,unvaccinated,1148.5,10361.0,17.0,0.0
139,40-44,old_vaccine,0.0,0.0,0.0,0.0
139,40-44,new_vaccine,0.0,0.0,0.0,0.0
139,45-49,unvaccinated,1392.0,9875.5,37.5,0.0
139,45-49,old_vaccine,0.0,0.0,0.0,0.0
139,45-49,new_vaccine,0.0,0.0,0.0,0.0
139,50-54,unvaccinated,2410.5,9961.0,90.5,0.0
139,50-54,old_vaccine,0.0,0.0,0.0,0.0
139,50-54,new_vaccine,0.0,0.0,0.0,0.0
139,55-59,unvaccinated,3137.5,8877.5,118.5,0.0
139,55-59,old_vaccine,0.0,0.0,0.0,0.0
139,55-59,new_vaccine,0.0,0.0,0.0,0.0
139,60-64,unvaccinated,3017.5,7298.5,277.0,0.0
139,60-64,old_vaccine,0.0,0.0,0.0,0.0
139,60-64,new_vaccine,0.0,0.0,0.0,0.0
139,65-69,unvaccinated,4810.5,4230.0,506.0,0.0
139,65-69,old_vaccine,0.0,0.0,0.0,0.0
139,65-69,new_vaccine,0.0,0.0,0.0,0.0
139,70-74,unvaccinated,5564.0,3236.0,1022.0,0.0
139,70-74,old_vaccine,0.0,0.0,0.0,0.0
139,70-74,new_vaccine,0.0,0.0,0.0,0.0
139,75+,unvaccinated,10106.5,5055.5,3280.5,0.0
139,75+,old_vaccine,0.0,0.0,0.0,0.0
139,75+,new_vaccine,0.0,0.0,0.0,0.0
140,0-4,unvaccinated,679.5,9578.5,10.5,0.0
140,0-4,old_vaccine,0.0,0.0,0.0,0.0
140,0-4,new_vaccine,0.0,0.0,0.0,0.0
140,5-9,unvaccinated,173.0,10825.0,1.0,0.0
140,5-9,old_vaccine,0.0,0.0,0.0,0.0
140,5-9,new_vaccine,0.0,0.0,0.0,0.0
140,10-14,unvaccinated,247.0,10157.0,2.0,0.0
140,10-14,old_vaccine,0.0,0.0,0.0,0.0
140,10-14,new_vaccine,0.0,0.0,0.0,0.0
140,15-19,unvaccinated,230.5,9537.5,2.0,0.0
140,15-19,old_vaccine,0.0,0.0,0.0,0.0
140,15-19,new_vaccine,0.0,0.0,0.0,0.0
140,20-24,unvaccinated,715.0,10018.5,6.0,0.0
140,20-24,old_vaccine,0.0,0.0,0.0,0.0
140,20-24,new_vaccine,0.0,0.0,0.0,0.0
140,25-29,unvaccinated,1179.5,10810.5,3.5,0.0
140,25-29,old_vaccine,0.0,0.0,0.0,0.0
140,25-29,new_vaccine,0.0,0.0,0.0,0.0
140,30-34,unvaccinated,1229.5,11001.0,9.0,0.0
140,30-34,old_vaccine,0.0,0.0,0.0,0.0
140,30-34,new_vaccine,0.0,0.0,0.0,0.0
140,35-39,unvaccinated,1101.0,10927.5,12.5,0.0
140,35-39,old_vaccine,0.0,0.0,0.0,0.0
140,35-39,new_vaccine,0.0,0.0,0.0,0.0
140,40-44,unvaccinated,1150.0,10380.0,17.5,0.0
140,40-44,old_vaccine,0.0,0.0,0.0,0.0
140,40-44,new_vaccine,0.0,0.0,0.0,0.0
140,45-49,unvaccinated,1397.5,9853.5,36.5,0.0
140,45-49,old_vaccine,0.0,0.0,0.0,0.0
140,45-49,new_vaccine,0.0,0.0,0.0,0.0
140,50-54,unvaccinated,2410.0,9974.0,89.5,0.0
140,50-54,old_vaccine,0.0,0.0,0.0,0.0
140,50-54,new_vaccine,0.0,0.0,0.0,0.0
140,55-59,unvaccinated,3122.5,8879.0,121.0,0.0
140,55-59,old_vaccine,0.0,0.0,0.0,0.0
140,55-59,new_vaccine,0.0,0.0,0.0,0.0
140,60-64,unvaccinated,3023.0,7315.0,276.5,0.0
140,60-64,old_vaccine,0.0,0.0,0.0,0.0
140,60-64,new_vaccine,0.0,0.0,0.0,0.0
140,65-69,unvaccinated,4820.5,4237.5,505.5,0.0
140,65-69,old_vaccine,0.0,0.0,0.0,0.0
140,65-69,new_vaccine,0.0,0.0,0.0,0.0
140,70-74,unvaccinated,5557.5,3228.5,1025.5,0.0
140,70-74,old_vaccine,0.0,0.0,0.0,0.0
140,70-74,new_vaccine,0.0,0.0,0.0,0.0
140,75+,unvaccinated,10109.0,5073.0,3284.0,0.0
140,75+,old_vaccine,0.0,0.0,0.0,0.0
140,75+,new_vaccine,0.0,0.0,0.0,0.0
141,0-4,unvaccinated,678.5,9580.0,11.0,0.0
141,0-4,old_vaccine,0.0,0.0,0.0,0.0
141,0-4,new_vaccine,0.0,0.0,0.0,0.0
141,5-9,unvaccinated,174.5,10798.5,1.5,0.0
141,5-9,old_vaccine,0.0,0.0,0.0,0.0
141,5-9,new_vaccine,0.0,0.0,0.0,0.0
141,10-14,unvaccinated,245.5,10167.5,2.5,0.0
141,10-14,old_vaccine,0.0,0.0,0.0,0.0
141,10-14,new_vaccine,0.0,0.0,0.0,0.0
141,15-19,unvaccinated,226.0,9553.0,2.0,0.0
141,15-19,old_vaccine,0.0,0.0,0.0,0.0
141,15-19,new_vaccine,0.0,0.0,0.0,0.0
141,20-24,unvaccinated,716.0,10037.0,6.0,0.0
141,20-24,old_vaccine,0.0,0.0,0.0,0.0
141,20-24,new_vaccine,0.0,0.0,0.0,0.0
141,25-29,unvaccinated,1191.5,10812.5,3.5,0.0
141,25-29,old_vaccine,0.0,0.0,0.0,0.0
141,25-29,new_vaccine,0.0,0.0,0.0,0.0
141,30-34,unvaccinated,1227.0,11017.5,8.5,0.0
141,30-34,old_vaccine,0.0,0.0,0.0,0.0
141,30-34,new_vaccine,0.0,0.0,0.0,0.0
141,35-39,unvaccinated,1104.0,10924.0,12.5,0.0
141,35-39,old_vaccine,0.0,0.0,0.0,0.0
141,35-39,new_vaccine,0.0,0.0,0.0,0.0
141,40-44,unvaccinated,1156.0,10390.0,17.5,0.0
141,40-44,old_vaccine,0.0,0.0,0.0,0.0
141,40-44,new_vaccine,0.0,0.0,0.0,0.0
141,45-49,unvaccinated,1395.0,9865.5,37.5,0.0
141,45-49,old_vaccine,0.0,0.0,0.0,0.0
141,45-49,new_vaccine,0.0,0.0,0.0,0.0
141,50-54,unvaccinated,2409.0,9958.5,87.5,0.0
141,50-54,old_vaccine,0.0,0.0,0.0,0.0
141,50-54,new_vaccine,0.0,0.0,0.0,0.0
141,55-59,unvaccinated,3119.5,8886.0,122.5,0.0
141,55-59,old_vaccine,0.0,0.0,0.0,0.0
141,55-59,new_vaccine,0.0,0.0,0.0,0.0
141,60-64,unvaccinated,3010.5,7320.5,279.0,0.0
141,60-64,old_vaccine,0.0,0.0,0.0,0.0
141,60-64,new_vaccine,0.0,0.0,0.0,0.0
141,65-69,unvaccinated,4807.5,4219.5,505.5,0.0
141,65-69,old_vaccine,0.0,0.0,0.0,0.0
141,65-69,new_vaccine,0.0,0.0,0.0,0.0
141,70-74,unvaccinated,5536.0,3243.5,1030.0,0.0
141,70-74,old_vaccine,0.0,0.0,0.0,0.0
141,70-74,new_vaccine,0.0,0.0,0.0,0.0
141,75+,unvaccinated,10109.0,5062.0,3289.0,0.0
141,75+,old_vaccine,0.0,0.0,0.0,0.0
141,75+,new_vaccine,0.0,0.0,0.0,0.0
142,0-4,unvaccinated,684.0,9577.5,10.5,0.0
142,0-4,old_vaccine,0.0,0.0,0.0,0.0
142,0-4,new_vaccine,0.0,0.0,0.0,0.0
142,5-9,unvaccinated,178.0,10849.5,1.5,0.0
142,5-9,old_vaccine,0.0,0.0,0.0,0.0
142,5-9,new_vaccine,0.0,0.0,0.0,0.0
142,10-14,unvaccinated,242.0,10192.5,2.0,0.0
142,10-14,old_vaccine,0.0,0.0,0.0,0.0
142,10-14,new_vaccine,0.0,0.0,0.0,0.0
142,15-19,unvaccinated,220.5,9551.5,2.0,0.0
142,15-19,old_vaccine,0.0,0.0,0.0,0.0
142,15-19,new_vaccine,0.0,0.0,0.0,0.0
142,20-24,unvaccinated,718.5,10023.0,6.0,0.0
142,20-24,old_vaccine,0.0,0.0,0.0,0.0
142,20-24,new_vaccine,0.0,0.0,0.0,0.0
142,25-29,unvaccinated,1188.5,10804.0,3.0,0.0
142,25-29,old_vaccine,0.0,0.0,0.0,0.0
142,25-29,new_vaccine,0.0,0.0,0.0,0.0
142,30-34,unvaccinated,1229.5,10992.0,8.0,0.0
142,30-34,old_vaccine,0.0,0.0,0.0,0.0
142,30-34,new_vaccine,0.0,0.0,0.0,0.0
142,35-39,unvaccinated,1107.0,10937.0,13.5,0.0
142,35-39,old_vaccine,0.0,0.0,0.0,0.0
142,35-39,new_vaccine,0.0,0.0,0.0,0.0
142,40-44,unvaccinated,1159.5,10412.0,16.5,0.0
142,40-44,old_vaccine,0.0,0.0,0.0,0.0
142,40-44,new_vaccine,0.0,0.0,0.0,0.0
142,45-49,unvaccinated,1389.5,9847.5,37.0,0.0
142,45-49,old_vaccine,0.0,0.0,0.0,0.0
142,45-49,new_vaccine,0.0,0.0,0.0,0.0
142,50-54,unvaccinated,2414.0,9954.5,88.0,0.0
142,50-54,old_vaccine,0.0,0.0,0.0,0.0
142,50-54,new_vaccine,0.0,0.0,0.0,0.0
142,55-59,unvaccinated,3120.0,8891.0,122.5,0.0
142,55-59,old_vaccine,0.0,0.0,0.0,0.0
142,55-59,new_vaccine,0.0,0.0,0.0,0.0
142,60-64,unvaccinated,3023.0,7328.5,279.0,0.0
142,60-64,old_vaccine,0.0,0.0,0.0,0.0
142,60-64,new_vaccine,0.0,0.0,0.0,0.0
142,65-69,unvaccinated,4799.0,4219.5,505.0,0.0
142,65-69,old_vaccine,0.0,0.0,0.0,0.0
142,65-69,new_vaccine,0.0,0.0,0.0,0.0
142,70-74,unvaccinated,5535.0,3234.0,1033.0,0.0
142,70-74,old_vaccine,0.0,0.0,0.0,0.0
142,70-74,new_vaccine,0.0,0.0,0.0,0.0
142,75+,unvaccinated,10107.5,5074.5,3291.0,0.0
142,75+,old_vaccine,0.0,0.0,0.0,0.0
142,75+,new_vaccine,0.0,0.0,0.0,0.0
143,0-4,unvaccinated,681.5,9589.0,10.5,0.0
143,0-4,old_vaccine,0.0,0.0,0.0,0.0
143,0-4,new_vaccine,0.0,0.0,0.0,0.0
143,5-9,unvaccinated,175.5,10840.5,1.5,0.0
143,5-9,old_vaccine,0.0,0.0,0.0,0.0
143,5-9,new_vaccine,0.0,0.0,0.0,0.0
143,10-14,unvaccinated,239.5,10197.5,2.0,0.0
143,10-14,old_vaccine,0.0,0.0,0.0,0.0
143,10-14,new_vaccine,0.0,0.0,0.0,0.0
143,15-19,unvaccinated,221.0,9566.5,2.0,0.0
143,15-19,old_vaccine,0.0,0.0,0.0,0.0
143,15-19,new_vaccine,0.0,0.0,0.0,0.0
143,20-24,unvaccinated,715.5,10043.0,5.5,0.0
143,20-24,old_vaccine,0.0,0.0,0.0,0.0
143,20-24,new_vaccine,0.0,0.0,0.0,0.0
143,25-29,unvaccinated,1184.5,10823.0,3.0,0.0
143,25-29,old_vaccine,0.0,0.0,0.0,0.0
143,25-29,new_vaccine,0.0,0.0,0.0,0.0
143,30-34,unvaccinated,1241.5,11001.0,8.0,0.0
143,30-34,old_vaccine,0.0,0.0,0.0,0.0
143,30-34,new_vaccine,0.0,0.0,0.0,0.0
143,35-39,unvaccinated,1102.0,10897.5,13.0,0.0
143,35-39,old_vaccine,0.0,0.0,0.0,0.0
143,35-39,new_vaccine,0.0,0.0,0.0,0.0
143,40-44,unvaccinated,1157.5,10395.5,16.0,0.0
143,40-44,old_vaccine,0.0,0.0,0.0,0.0
143,40-44,new_vaccine,0.0,0.0,0.0,0.0
143,45-49,unvaccinated,1387.5,9833.0,37.5,0.0
143,45-49,old_vaccine,0.0,0.0,0.0,0.0
143,45-49,new_vaccine,0.0,0.0,0.0,0.0
143,50-54,unvaccinated,2398.0,9964.5,89.0,0.0
143,50-54,old_vaccine,0.0,0.0,0.0,0.0
143,50-54,new_vaccine,0.0,0.0,0.0,0.0
143,55-59,unvaccinated,3106.0,8896.5,122.5,0.0
143,55-59,old_vaccine,0.0,0.0,0.0,0.0
143,55-59,new_vaccine,0.0,0.0,0.0,0.0
143,60-64,unvaccinated,2996.0,7307.0,281.0,0.0
143,60-64,old_vaccine,0.0,0.0,0.0,0.0
143,60-64,new_vaccine,0.0,0.0,0.0,0.0
143,65-69,unvaccinated,4827.0,4203.5,508.0,0.0
143,65-69,old_vaccine,0.0,0.0,0.0,0.0
143,65-69,new_vaccine,0.0,0.0,0.0,0.0
143,70-74,unvaccinated,5549.5,3225.5,1033.5,0.0
143,70-74,old_vaccine,0.0,0.0,0.0,0.0
143,70-74,new_vaccine,0.0,0.0,0.0,0.0
143,75+,unvaccinated,10111.5,5079.5,3296.0,0.0
143,75+,old_vaccine,0.0,0.0,0.0,0.0
143,75+,new_vaccine,0.0,0.0,0.0,0.0
144,0-4,unvaccinated,681.5,9596.0,10.5,0.0
144,0-4,old_vaccine,0.0,0.0,0.0,0.0
144,0-4,new_vaccine,0.0,0.0,0.0,0.0
144,5-9,unvaccinated,175.0,10816.5,1.5,0.0
144,5-9,old_vaccine,0.0,0.0,0.0,0.0
144,5-9,new_vaccine,0.0,0.0,0.0,0.0
144,10-14,unvaccinated,240.0,10203.0,2.0,0.0
144,10-14,old_vaccine,0.0,0.0,0.0,0.0
144,10-14,new_vaccine,0.0,0.0,0.0,0.0
144,15-19,unvaccinated,220.5,9567.5,2.0,0.0
144,15-19,old_vaccine,0.0,0.0,0.0,0.0
144,15-19,new_vaccine,0.0,0.0,0.0,0.0
144,20-24,unvaccinated,711.0,10049.0,5.5,0.0
144,20-24,old_vaccine,0.0,0.0,0.0,0.0
144,20-24,new_vaccine,0.0,0.0,0.0,0.0
144,25-29,unvaccinated,1176.5,10819.5,3.0,0.0
144,25-29,old_vaccine,0.0,0.0,0.0,0.0
144,25-29,new_vaccine,0.0,0.0,0.0,0.0
144,30-34,unvaccinated,1235.0,10969.0,7.5,0.0
144,30-34,old_vaccine,0.0,0.0,0.0,0.0
144,30-34,new_vaccine,0.0,0.0,0.0,0.0
144,35-39,unvaccinated,1106.5,10894.0,12.5,0.0
144,35-39,old_vaccine,0.0,0.0,0.0,0.0
144,35-39,new_vaccine,0.0,0.0,0.0,0.0
144,40-44,unvaccinated,1167.0,10408.0,15.5,0.0
144,40-44,old_vaccine,0.0,0.0,0.0,0.0
144,40-44,new_vaccine,0.0,0.0,0.0,0.0
144,45-49,unvaccinated,1383.5,9828.5,37.5,0.0
144,45-49,old_vaccine,0.0,0.0,0.0,0.0
144,45-49,new_vaccine,0.0,0.0,0.0,0.0
144,50-54,unvaccinated,2386.5,9977.0,89.0,0.0
144,50-54,old_vaccine,0.0,0.0,0.0,0.0
144,50-54,new_vaccine,0.0,0.0,0.0,0.0
144,55-59,unvaccinated,3110.0,8918.5,122.5,0.0
144,55-59,old_vaccine,0.0,0.0,0.0,0.0
144,55-59,new_vaccine,0.0,0.0,0.0,0.0
144,60-64,unvaccinated,2997.5,7299.5,281.5,0.0
144,60-64,old_vaccine,0.0,0.0,0.0,0.0
144,60-64,new_vaccine,0.0,0.0,0.0,0.0
144,65-69,unvaccinated,4816.0,4223.5,510.5,0.0
144,65-69,old_vaccine,0.0,0.0,0.0,0.0
144,65-69,new_vaccine,0.0,0.0,0.0,0.0
144,70-74,unvaccinated,5564.5,3215.0,1032.5,0.0
144,70-74,old_vaccine,0.0,0.0,0.0,0.0
144,70-74,new_vaccine,0.0,0.0,0.0,0.0
144,75+,unvaccinated,10122.5,5066.5,3300.0,0.0
144,75+,old_vaccine,0.0,0.0,0.0,0.0
144,75+,new_vaccine,0.0,0.0,0.0,0.0
145,0-4,unvaccinated,687.0,9578.5,11.0,0.0
145,0-4,old_vaccine,0.0,0.0,0.0,0.0
145,0-4,new_vaccine,0.0,0.0,0.0,0.0
145,5-9,unvaccinated,175.5,10817.0,1.0,0.0
145,5-9,old_vaccine,0.0,0.0,0.0,0.0
145,5-9,new_vaccine,0.0,0.0,0.0,0.0
145,10-14,unvaccinated,240.5,10216.5,2.0,0.0
145,10-14,old_vaccine,0.0,0.0,0.0,0.0
145,10-14,new_vaccine,0.0,0.0,0.0,0.0
145,15-19,unvaccinated,225.0,9560.0,2.0,0.0
145,15-19,old_vaccine,0.0,0.0,0.0,0.0
145,15-19,new_vaccine,0.0,0.0,0.0,0.0
145,20-24,unvaccinated,703.5,10020.0,4.5,0.0
145,20-24,old_vaccine,0.0,0.0,0.0,0.0
145,20-24,new_vaccine,0.0,0.0,0.0,0.0
145,25-29,unvaccinated,1176.0,10850.5,3.0,0.0
145,25-29,old_vaccine,0.0,0.0,0.0,0.0
145,25-29,new_vaccine,0.0,0.0,0.0,0.0
145,30-34,unvaccinated,1229.0,10933.5,7.5,0.0
145,30-34,old_vaccine,0.0,0.0,0.0,0.0
145,30-34,new_vaccine,0.0,0.0,0.0,0.0
145,35-39,unvaccinated,1115.0,10903.0,12.5,0.0
145,35-39,old_vaccine,0.0,0.0,0.0,0.0
145,35-39,new_vaccine,0.0,0.0,0.0,0.0
145,40-44,unvaccinated,1161.5,10395.0,15.5,0.0
145,40-44,old_vaccine,0.0,0.0,0.0,0.0
145,40-44,new_vaccine,0.0,0.0,0.0,0.0
145,45-49,unvaccinated,1380.5,9852.0,37.0,0.0
145,45-49,old_vaccine,0.0,0.0,0.0,0.0
145,45-49,new_vaccine,0.0,0.0,0.0,0.0
145,50-54,unvaccinated,2378.5,9955.5,89.5,0.0
145,50-54,old_vaccine,0.0,0.0,0.0,0.0
145,50-54,new_vaccine,0.0,0.0,0.0,0.0
145,55-59,unvaccinated,3125.0,8905.0,122.0,0.0
145,55-59,old_vaccine,0.0,0.0,0.0,0.0
145,55-59,new_vaccine,0.0,0.0,0.0,0.0
145,60-64,unvaccinated,2990.0,7275.0,282.0,0.0
145,60-64,old_vaccine,0.0,0.0,0.0,0.0
145,60-64,new_vaccine,0.0,0.0,0.0,0.0
145,65-69,unvaccinated,4829.0,4237.5,510.5,0.0
145,65-69,old_vaccine,0.0,0.0,0.0,0.0
145,65-69,new_vaccine,0.0,0.0,0.0,0.0
145,70-74,unvaccinated,5541.5,3196.0,1032.5,0.0
145,70-74,old_vaccine,0.0,0.0,0.0,0.0
145,70-74,new_vaccine,0.0,0.0,0.0,0.0
145,75+,unvaccinated,10115.0,5057.5,3301.0,0.0
145,75+,old_vaccine,0.0,0.0,0.0,0.0
145,75+,new_vaccine,0.0,0.0,0.0,0.0
146,0-4,unvaccinated,687.5,9617.0,10.5,0.0
146,0-4,old_vaccine,0.0,0.0,0.0,0.0
146,0-4,new_vaccine,0.0,0.0,0.0,0.0
146,5-9,unvaccinated,175.0,10785.5,0.5,0.0
146,5-9,old_vaccine,0.0,0.0,0.0,0.0
146,5-9,new_vaccine,0.0,0.0,0.0,0.0
146,10-14,unvaccinated,244.5,10233.0,1.5,0.0
146,10-14,old_vaccine,0.0,0.0,0.0,0.0
146,10-14,new_vaccine,0.0,0.0,0.0,0.0
146,15-19,unvaccinated,224.5,9574.5,3.0,0.0
146,15-19,old_vaccine,0.0,0.0,0.0,0.0
146,15-19,new_vaccine,0.0,0.0,0.0,0.0
146,20-24,unvaccinated,706.0,10040.0,4.0,0.0
146,20-24,old_vaccine,0.0,0.0,0.0,0.0
146,20-24,new_vaccine,0.0,0.0,0.0,0.0
146,25-29,unvaccinated,1177.0,10871.5,3.5,0.0
146,25-29,old_vaccine,0.0,0.0,0.0,0.0
146,25-29,new_vaccine,0.0,0.0,0.0,0.0
146,30-34,unvaccinated,1230.5,10945.5,7.0,0.0
146,30-34,old_vaccine,0.0,0.0,0.0,0.0
146,30-34,new_vaccine,0.0,0.0,0.0,0.0
146,35-39,unvaccinated,1116.0,10893.5,12.0,0.0
146,35-39,old_vaccine,0.0,0.0,0.0,0.0
146,35-39,new_vaccine,0.0,0.0,0.0,0.0
146,40-44,unvaccinated,1149.5,10388.5,15.5,0.0
146,40-44,old_vaccine,0.0,0.0,0.0,0.0
146,40-44,new_vaccine,0.0,0.0,0.0,0.0
146,45-49,unvaccinated,1372.0,9843.0,36.5,0.0
146,45-49,old_vaccine,0.0,0.0,0.0,0.0
146,45-49,new_vaccine,0.0,0.0,0.0,0.0
146,50-54,unvaccinated,2389.5,9922.5,91.5,0.0
146,50-54,old_vaccine,0.0,0.0,0.0,0.0
146,50-54,new_vaccine,0.0,0.0,0.0,0.0
146,55-59,unvaccinated,3125.5,8901.5,122.5,0.0
146,55-59,old_vaccine,0.0,0.0,0.0,0.0
146,55-59,new_vaccine,0.0,0.0,0.0,0.0
146,60-64,unvaccinated,2987.0,7292.0,279.0,0.0
146,60-64,old_vaccine,0.0,0.0,0.0,0.0
146,60-64,new_vaccine,0.0,0.0,0.0,0.0
146,65-69,unvaccinated,4839.0,4245.5,511.0,0.0
146,65-69,old_vaccine,0.0,0.0,0.0,0.0
146,65-69,new_vaccine,0.0,0.0,0.0,0.0
146,70-74,unvaccinated,5553.0,3207.5,1033.0,0.0
146,70-74,old_vaccine,0.0,0.0,0.0,0.0
146,70-74,new_vaccine,0.0,0.0,0.0,0.0
146,75+,unvaccinated,10103.0,5018.0,3304.5,0.0
146,75+,old_vaccine,0.0,0.0,0.0,0.0
146,75+,new_vaccine,0.0,0.0,0.0,0.0
147,0-4,unvaccinated,690.0,9618.0,10.5,0.0
147,0-4,old_vaccine,0.0,0.0,0.0,0.0
147,0-4,new_vaccine,0.0,0.0,0.0,0.0
147,5-9,unvaccinated,170.5,10799.5,0.0,0.0
147,5-9,old_vaccine,0.0,0.0,0.0,0.0
147,5-9,new_vaccine,0.0,0.0,0.0,0.0
147,10-14,unvaccinated,241.5,10220.0,1.5,0.0
147,10-14,old_vaccine,0.0,0.0,0.0,0.0
147,10-14,new_vaccine,0.0,0.0,0.0,0.0
147,15-19,unvaccinated,228.0,9576.5,3.0,0.0
147,15-19,old_vaccine,0.0,0.0,0.0,0.0
147,15-19,new_vaccine,0.0,0.0,0.0,0.0
147,20-24,unvaccinated,705.5,9998.5,4.0,0.0
147,20-24,old_vaccine,0.0,0.0,0.0,0.0
147,20-24,new_vaccine,0.0,0.0,0.0,0.0
147,25-29,unvaccinated,1179.0,10855.0,3.5,0.0
147,25-29,old_vaccine,0.0,0.0,0.0,0.0
147,25-29,new_vaccine,0.0,0.0,0.0,0.0
147,30-34,unvaccinated,1238.5,10931.0,7.0,0.0
147,30-34,old_vaccine,0.0,0.0,0.0,0.0
147,30-34,new_vaccine,0.0,0.0,0.0,0.0
147,35-39,unvaccinated,1111.0,10898.5,11.5,0.0
147,35-39,old_vaccine,0.0,0.0,0.0,0.0
147,35-39,new_vaccine,0.0,0.0,0.0,0.0
147,40-44,unvaccinated,1142.5,10387.5,15.0,0.0
147,40-44,old_vaccine,0.0,0.0,0.0,0.0
147,40-44,new_vaccine,0.0,0.0,0.0,0.0
147,45-49,unvaccinated,1367.5,9849.5,36.5,0.0
147,45-49,old_vaccine,0.0,0.0,0.0,0.0
147,45-49,new_vaccine,0.0,0.0,0.0,0.0
147,50-54,unvaccinated,2414.5,9912.5,92.0,0.0
147,50-54,old_vaccine,0.0,0.0,0.0,0.0
147,50-54,new_vaccine,0.0,0.0,0.0,0.0
147,55-59,unvaccinated,3143.5,8908.5,122.5,0.0
147,55-59,old_vaccine,0.0,0.0,0.0,0.0
147,55-59,new_vaccine,0.0,0.0,0.0,0.0
147,60-64,unvaccinated,3007.0,7287.0,277.0,0.0
147,60-64,old_vaccine,0.0,0.0,0.0,0.0
147,60-64,new_vaccine,0.0,0.0,0.0,0.0
147,65-69,unvaccinated,4848.5,4225.5,509.5,0.0
147,65-69,old_vaccine,0.0,0.0,0.0,0.0
147,65-69,new_vaccine,0.0,0.0,0.0,0.0
147,70-74,unvaccinated,5573.0,3203.0,1032.5,0.0
147,70-74,old_vaccine,0.0,0.0,0.0,0.0
147,70-74,new_vaccine,0.0,0.0,0.0,0.0
147,75+,unvaccinated,10096.5,5004.0,3305.0,0.0
147,75+,old_vaccine,0.0,0.0,0.0,0.0
147,75+,new_vaccine,0.0,0.0,0.0,0.0
148,0-4,unvaccinated,680.5,9598.0,11.0,0.0
148,0-4,old_vaccine,0.0,0.0,0.0,0.0
148,0-4,new_vaccine,0.0,0.0,0.0,0.0
148,5-9,unvaccinated,167.0,10828.5,0.0,0.0
148,5-9,old_vaccine,0.0,0.0,0.0,0.0
148,5-9,new_vaccine,0.0,0.0,0.0,0.0
148,10-14,unvaccinated,242.5,10186.0,1.5,0.0
148,10-14,old_vaccine,0.0,0.0,0.0,0.0
148,10-14,new_vaccine,0.0,0.0,0.0,0.0
148,15-19,unvaccinated,226.5,9570.5,3.0,0.0
148,15-19,old_vaccine,0.0,0.0,0.0,0.0
148,15-19,new_vaccine,0.0,0.0,0.0,0.0
148,20-24,unvaccinated,700.0,9984.0,4.5,0.0
148,20-24,old_vaccine,0.0,0.0,0.0,0.0
148,20-24,new_vaccine,0.0,0.0,0.0,0.0
148,25-29,unvaccinated,1183.5,10829.5,4.0,0.0
148,25-29,old_vaccine,0.0,0.0,0.0,0.0
148,25-29,new_vaccine,0.0,0.0,0.0,0.0
148,30-34,unvaccinated,1225.5,10948.5,7.0,0.0
148,30-34,old_vaccine,0.0,0.0,0.0,0.0
148,30-34,new_vaccine,0.0,0.0,0.0,0.0
148,35-39,unvaccinated,1110.0,10890.0,12.0,0.0
148,35-39,old_vaccine,0.0,0.0,0.0,0.0
148,35-39,new_vaccine,0.0,0.0,0.0,0.0
148,40-44,unvaccinated,1140.0,10383.0,15.5,0.0
148,40-44,old_vaccine,0.0,0.0,0.0,0.0
148,40-44,new_vaccine,0.0,0.0,0.0,0.0
148,45-49,unvaccinated,1367.0,9863.0,35.0,0.0
148,45-49,old_vaccine,0.0,0.0,0.0,0.0
148,45-49,new_vaccine,0.0,0.0,0.0,0.0
148,50-54,unvaccinated,2409.0,9928.0,90.5,0.0
148,50-54,old_vaccine,0.0,0.0,0.0,0.0
148,50-54,new_vaccine,0.0,0.0,0.0,0.0
148,55-59,unvaccinated,3122.0,8919.5,121.5,0.0
148,55-59,old_vaccine,0.0,0.0,0.0,0.0
148,55-59,new_vaccine,0.0,0.0,0.0,0.0
148,60-64,unvaccinated,2999.5,7284.0,277.5,0.0
148,60-64,old_vaccine,0.0,0.0,0.0,0.0
148,60-64,new_vaccine,0.0,0.0,0.0,0.0
148,65-69,unvaccinated,4831.0,4233.5,510.5,0.0
148,65-69,old_vaccine,0.0,0.0,0.0,0.0
148,65-69,new_vaccine,0.0,0.0,0.0,0.0
148,70-74,unvaccinated,5564.0,3199.0,1031.5,0.0
148,70-74,old_vaccine,0.0,0.0,0.0,0.0
148,70-74,new_vaccine,0.0,0.0,0.0,0.0
148,75+,unvaccinated,10080.5,5000.0,3312.0,0.0
148,75+,old_vaccine,0.0,0.0,0.0,0.0
148,75+,new_vaccine,0.0,0.0,0.0,0.0
149,0-4,unvaccinated,670.5,9590.5,11.0,0.0
149,0-4,old_vaccine,0.0,0.0,0.0,0.0
149,0-4,new_vaccine,0.0,0.0,0.0,0.0
149,5-9,unvaccinated,168.5,10839.5,0.0,0.0
149,5-9,old_vaccine,0.0,0.0,0.0,0.0
149,5-9,new_vaccine,0.0,0.0,0.0,0.0
149,10-14,unvaccinated,242.0,10182.0,1.5,0.0
149,10-14,old_vaccine,0.0,0.0,0.0,0.0
149,10-14,new_vaccine,0.0,0.0,0.0,0.0
149,15-19,unvaccinated,229.0,9516.5,3.0,0.0
149,15-19,old_vaccine,0.0,0.0,0.0,0.0
149,15-19,new_vaccine,0.0,0.0,0.0,0.0
149,20-24,unvaccinated,709.0,10012.0,5.0,0.0
149,20-24,old_vaccine,0.0,0.0,0.0,0.0
149,20-24,new_vaccine,0.0,0.0,0.0,0.0
149,25-29,unvaccinated,1181.5,10836.0,4.0,0.0
149,25-29,old_vaccine,0.0,0.0,0.0,0.0
149,25-29,new_vaccine,0.0,0.0,0.0,0.0
149,30-34,unvaccinated,1224.0,10957.5,7.5,0.0
149,30-34,old_vaccine,0.0,0.0,0.0,0.0
149,30-34,new_vaccine,0.0,0.0,0.0,0.0
149,35-39,unvaccinated,1105.5,10885.5,12.0,0.0
149,35-39,old_vaccine,0.0,0.0,0.0,0.0
149,35-39,new_vaccine,0.0,0.0,0.0,0.0
149,40-44,unvaccinated,1141.0,10377.0,15.5,0.0
149,40-44,old_vaccine,0.0,0.0,0.0,0.0
149,40-44,new_vaccine,0.0,0.0,0.0,0.0
149,45-49,unvaccinated,1379.5,9840.5,34.5,0.0
149,45-49,old_vaccine,0.0,0.0,0.0,0.0
149,45-49,new_vaccine,0.0,0.0,0.0,0.0
149,50-54,unvaccinated,2407.0,9937.0,92.5,0.0
149,50-54,old_vaccine,0.0,0.0,0.0,0.0
149,50-54,new_vaccine,0.0,0.0,0.0,0.0
149,55-59,unvaccinated,3112.5,8911.0,120.0,0.0
149,55-59,old_vaccine,0.0,0.0,0.0,0.0
149,55-59,new_vaccine,0.0,0.0,0.0,0.0
149,60-64,unvaccinated,3011.0,7277.5,278.0,0.0
149,60-64,old_vaccine,0.0,0.0,0.0,0.0
149,60-64,new_vaccine,0.0,0.0,0.0,0.0
149,65-69,unvaccinated,4811.0,4234.5,507.5,0.0
149,65-69,old_vaccine,0.0,0.0,0.0,0.0
149,65-69,new_vaccine,0.0,0.0,0.0,0.0
149,70-74,unvaccinated,5571.5,3189.0,1030.0,0.0
149,70-74,old_vaccine,0.0,0.0,0.0,0.0
149,70-74,new_vaccine,0.0,0.0,0.0,0.0
149,75+,unvaccinated,10084.0,5013.5,3316.5,0.0
149,75+,old_vaccine,0.0,0.0,0.0,0.0
149,75+,new_vaccine,0.0,0.0,0.0,0.0
150,0-4,unvaccinated,676.0,9568.5,12.5,0.0
150,0-4,old_vaccine,0.0,0.0,0.0,0.0
150,0-4,new_vaccine,0.0,0.0,0.0,0.0
150,5-9,unvaccinated,169.0,10849.5,0.0,0.0
150,5-9,old_vaccine,0.0,0.0,0.0,0.0
150,5-9,new_vaccine,0.0,0.0,0.0,0.0
150,10-14,unvaccinated,244.5,10189.0,1.5,0.0
150,10-14,old_vaccine,0.0,0.0,0.0,0.0
150,10-14,new_vaccine,0.0,0.0,0.0,0.0
150,15-19,unvaccinated,226.5,9513.0,3.0,0.0
150,15-19,old_vaccine,0.0,0.0,0.0,0.0
150,15-19,new_vaccine,0.0,0.0,0.0,0.0
150,20-24,unvaccinated,702.5,10013.5,5.0,0.0
150,20-24,old_vaccine,0.0,0.0,0.0,0.0
150,20-24,new_vaccine,0.0,0.0,0.0,0.0
150,25-29,unvaccinated,1185.5,10801.0,4.0,0.0
150,25-29,old_vaccine,0.0,0.0,0.0,0.0
150,25-29,new_vaccine,0.0,0.0,0.0,0.0
150,30-34,unvaccinated,1230.0,10990.0,8.0,0.0
150,30-34,old_vaccine,0.0,0.0,0.0,0.0
150,30-34,new_vaccine,0.0,0.0,0.0,0.0
150,35-39,unvaccinated,1105.0,10891.5,12.5,0.0
150,35-39,old_vaccine,0.0,0.0,0.0,0.0
150,35-39,new_vaccine,0.0,0.0,0.0,0.0
150,40-44,unvaccinated,1138.5,10359.5,16.0,0.0
150,40-44,old_vaccine,0.0,0.0,0.0,0.0
150,40-44,new_vaccine,0.0,0.0,0.0,0.0
150,45-49,unvaccinated,1377.5,9834.5,34.0,0.0
150,45-49,old_vaccine,0.0,0.0,0.0,0.0
150,45-49,new_vaccine,0.0,0.0,0.0,0.0
150,50-54,unvaccinated,2412.5,9962.0,91.0,0.0
150,50-54,old_vaccine,0.0,0.0,0.0,0.0
150,50-54,new_vaccine,0.0,0.0,0.0,0.0
150,55-59,unvaccinated,3112.5,8919.0,120.5,0.0
150,55-59,old_vaccine,0.0,0.0,0.0,0.0
150,55-59,new_vaccine,0.0,0.0,0.0,0.0
150,60-64,unvaccinated,3007.5,7285.0,278.0,0.0
150,60-64,old_vaccine,0.0,0.0,0.0,0.0
150,60-64,new_vaccine,0.0,0.0,0.0,0.0
150,65-69,unvaccinated,4800.5,4234.0,507.5,0.0
150,65-69,old_vaccine,0.0,0.0,0.0,0.0
150,65-69,new_vaccine,0.0,0.0,0.0,0.0
150,70-74,unvaccinated,5579.0,3185.5,1034.0,0.0
150,70-74,old_vaccine,0.0,0.0,0.0,0.0
150,70-74,new_vaccine,0.0,0.0,0.0,0.0
150,75+,unvaccinated,10085.5,5030.0,3321.5,0.0
150,75+,old_vaccine,0.0,0.0,0.0,0.0
150,75+,new_vaccine,0.0,0.0,0.0,0.0
151,0-4,unvaccinated,674.5,9580.5,14.0,0.0
151,0-4,old_vaccine,0.0,0.0,0.0,0.0
151,0-4,new_vaccine,0.0,0.0,0.0,0.0
151,5-9,unvaccinated,170.0,10842.5,0.0,0.0
151,5-9,old_vaccine,0.0,0.0,0.0,0.0
151,5-9,new_vaccine,0.0,0.0,0.0,0.0
151,10-14,unvaccinated,244.0,10186.5,1.5,0.0
151,10-14,old_vaccine,0.0,0.0,0.0,0.0
151,10-14,new_vaccine,0.0,0.0,0.0,0.0
151,15-19,unvaccinated,230.0,9513.5,2.5,0.0
151,15-19,old_vaccine,0.0,0.0,0.0,0.0
151,15-19,new_vaccine,0.0,0.0,0.0,0.0
151,20-24,unvaccinated,710.0,10018.0,5.0,0.0
151,20-24,old_vaccine,0.0,0.0,0.0,0.0
151,20-24,new_vaccine,0.0,0.0,0.0,0.0
151,25-29,unvaccinated,1196.5,10805.0,3.5,0.0
151,25-29,old_vaccine,0.0,0.0,0.0,0.0
151,25-29,new_vaccine,0.0,0.0,0.0,0.0
151,30-34,unvaccinated,1231.0,10993.5,7.0,0.0
151,30-34,old_vaccine,0.0,0.0,0.0,0.0
151,30-34,new_vaccine,0.0,0.0,0.0,0.0
151,35-39,unvaccinated,1101.0,10883.5,13.5,0.0
151,35-39,old_vaccine,0.0,0.0,0.0,0.0
151,35-39,new_vaccine,0.0,0.0,0.0,0.0
151,40-44,unvaccinated,1132.0,10345.5,16.5,0.0
151,40-44,old_vaccine,0.0,0.0,0.0,0.0
151,40-44,new_vaccine,0.0,0.0,0.0,0.0
151,45-49,unvaccinated,1378.0,9846.0,34.5,0.0
151,45-49,old_vaccine,0.0,0.0,0.0,0.0
151,45-49,new_vaccine,0.0,0.0,0.0,0.0
151,50-54,unvaccinated,2415.0,9911.5,90.0,0.0
151,50-54,old_vaccine,0.0,0.0,0.0,0.0
151,50-54,new_vaccine,0.0,0.0,0.0,0.0
151,55-59,unvaccinated,3112.0,8929.5,120.0,0.0
151,55-59,old_vaccine,0.0,0.0,0.0,0.0
151,55-59,new_vaccine,0.0,0.0,0.0,0.0
151,60-64,unvaccinated,3006.5,7303.5,277.0,0.0
151,60-64,old_vaccine,0.0,0.0,0.0,0.0
151,60-64,new_vaccine,0.0,0.0,0.0,0.0
151,65-69,unvaccinated,4809.0,4240.0,506.0,0.0
151,65-69,old_vaccine,0.0,0.0,0.0,0.0
151,65-69,new_vaccine,0.0,0.0,0.0,0.0
151,70-74,unvaccinated,5574.5,3195.5,1035.0,0.0
151,70-74,old_vaccine,0.0,0.0,0.0,0.0
151,70-74,new_vaccine,0.0,0.0,0.0,0.0
151,75+,unvaccinated,10055.0,5009.5,3321.5,0.0
151,75+,old_vaccine,0.0,0.0,0.0,0.0
151,75+,new_vaccine,0.0,0.0,0.0,0.0
152,0-4,unvaccinated,671.0,9586.0,13.5,0.0
152,0-4,old_vaccine,0.0,0.0,0.0,0.0
152,0-4,new_vaccine,0.0,0.0,0.0,0.0
152,5-9,unvaccinated,177.0,10838.5,0.0,0.0
152,5-9,old_vaccine,0.0,0.0,0.0,0.0
152,5-9,new_vaccine,0.0,0.0,0.0,0.0
152,10-14,unvaccinated,240.0,10229.5,1.5,0.0
152,10-14,old_vaccine,0.0,0.0,0.0,0.0
152,10-14,new_vaccine,0.0,0.0,0.0,0.0
152,15-19,unvaccinated,230.5,9517.5,2.5,0.0
152,15-19,old_vaccine,0.0,0.0,0.0,0.0
152,15-19,new_vaccine,0.0,0.0,0.0,0.0
152,20-24,unvaccinated,713.5,10030.0,5.0,0.0
152,20-24,old_vaccine,0.0,0.0,0.0,0.0
152,20-24,new_vaccine,0.0,0.0,0.0,0.0
152,25-29,unvaccinated,1189.0,10774.0,3.5,0.0
152,25-29,old_vaccine,0.0,0.0,0.0,0.0
152,25-29,new_vaccine,0.0,0.0,0.0,0.0
152,30-34,unvaccinated,1219.5,11036.5,7.0,0.0
152,30-34,old_vaccine,0.0,0.0,0.0,0.0
152,30-34,new_vaccine,0.0,0.0,0.0,0.0
152,35-39,unvaccinated,1095.5,10906.0,14.0,0.0
152,35-39,old_vaccine,0.0,0.0,0.0,0.0
152,35-39,new_vaccine,0.0,0.0,0.0,0.0
152,40-44,unvaccinated,1140.5,10363.0,17.0,0.0
152,40-44,old_vaccine,0.0,0.0,0.0,0.0
152,40-44,new_vaccine,0.0,0.0,0.0,0.0
152,45-49,unvaccinated,1373.5,9871.0,35.0,0.0
152,45-49,old_vaccine,0.0,0.0,0.0,0.0
152,45-49,new_vaccine,0.0,0.0,0.0,0.0
152,50-54,unvaccinated,2429.0,9924.5,89.5,0.0
152,50-54,old_vaccine,0.0,0.0,0.0,0.0
152,50-54,new_vaccine,0.0,0.0,0.0,0.0
152,55-59,unvaccinated,3107.5,8901.0,120.5,0.0
152,55-59,old_vaccine,0.0,0.0,0.0,0.0
152,55-59,new_vaccine,0.0,0.0,0.0,0.0
152,60-64,unvaccinated,3026.5,7289.0,278.0,0.0
152,60-64,old_vaccine,0.0,0.0,0.0,0.0
152,60-64,new_vaccine,0.0,0.0,0.0,0.0
152,65-69,unvaccinated,4820.0,4215.0,508.0,0.0
152,65-69,old_vaccine,0.0,0.0,0.0,0.0
152,65-69,new_vaccine,0.0,0.0,0.0,0.0
152,70-74,unvaccinated,5560.5,3185.5,1035.0,0.0
152,70-74,old_vaccine,0.0,0.0,0.0,0.0
152,70-74,new_vaccine,0.0,0.0,0.0,0.0
152,75+,unvaccinated,10033.0,5037.5,3329.5,0.0
152,75+,old_vaccine,0.0,0.0,0.0,0.0
152,75+,new_vaccine,0.0,0.0,0.0,0.0
153,0-4,unvaccinated,680.0,9575.0,13.5,0.0
153,0-4,old_vaccine,0.0,0.0,0.0,0.0
153,0-4,new_vaccine,0.0,0.0,0.0,0.0
153,5-9,unvaccinated,183.0,10836.5,0.0,0.0
153,5-9,old_vaccine,0.0,0.0,0.0,0.0
153,5-9,new_vaccine,0.0,0.0,0.0,0.0
153,10-14,unvaccinated,237.0,10229.0,1.5,0.0
153,10-14,old_vaccine,0.0,0.0,0.0,0.0
153,10-14,new_vaccine,0.0,0.0,0.0,0.0
153,15-19,unvaccinated,224.5,9509.0,2.0,0.0
153,15-19,old_vaccine,0.0,0.0,0.0,0.0
153,15-19,new_vaccine,0.0,0.0,0.0,0.0
153,20-24,unvaccinated,722.0,10040.5,5.5,0.0
153,20-24,old_vaccine,0.0,0.0,0.0,0.0
153,20-24,new_vaccine,0.0,0.0,0.0,0.0
153,25-29,unvaccinated,1204.5,10786.5,3.5,0.0
153,25-29,old_vaccine,0.0,0.0,0.0,0.0
153,25-29,new_vaccine,0.0,0.0,0.0,0.0
153,30-34,unvaccinated,1220.0,11002.5,7.5,0.0
153,30-34,old_vaccine,0.0,0.0,0.0,0.0
153,30-34,new_vaccine,0.0,0.0,0.0,0.0
153,35-39,unvaccinated,1097.5,10936.5,14.0,0.0
153,35-39,old_vaccine,0.0,0.0,0.0,0.0
153,35-39,new_vaccine,0.0,0.0,0.0,0.0
153,40-44,unvaccinated,1152.5,10382.5,17.0,0.0
153,40-44,old_vaccine,0.0,0.0,0.0,0.0
153,40-44,new_vaccine,0.0,0.0,0.0,0.0
153,45-49,unvaccinated,1393.5,9856.5,34.5,0.0
153,45-49,old_vaccine,0.0,0.0,0.0,0.0
153,45-49,new_vaccine,0.0,0.0,0.0,0.0
153,50-54,unvaccinated,2437.0,9944.0,89.0,0.0
153,50-54,old_vaccine,0.0,0.0,0.0,0.0
153,50-54,new_vaccine,0.0,0.0,0.0,0.0
153,55-59,unvaccinated,3094.0,8903.5,118.5,0.0
153,55-59,old_vaccine,0.0,0.0,0.0,0.0
153,55-59,new_vaccine,0.0,0.0,0.0,0.0
153,60-64,unvaccinated,3023.0,7311.5,279.0,0.0
153,60-64,old_vaccine,0.0,0.0,0.0,0.0
153,60-64,new_vaccine,0.0,0.0,0.0,0.0
153,65-69,unvaccinated,4819.0,4207.0,509.0,0.0
153,65-69,old_vaccine,0.0,0.0,0.0,0.0
153,65-69,new_vaccine,0.0,0.0,0.0,0.0
153,70-74,unvaccinated,5548.0,3199.5,1037.0,0.0
153,70-74,old_vaccine,0.0,0.0,0.0,0.0
153,70-74,new_vaccine,0.0,0.0,0.0,0.0
153,75+,unvaccinated,10039.0,5051.0,3334.0,0.0
153,75+,old_vaccine,0.0,0.0,0.0,0.0
153,75+,new_vaccine,0.0,0.0,0.0,0.0
154,0-4,unvaccinated,679.0,9587.5,14.0,0.0
154,0-4,old_vaccine,0.0,0.0,0.0,0.0
154,0-4,new_vaccine,0.0,0.0,0.0,0.0
154,5-9,unvaccinated,186.5,10812.5,0.0,0.0
154,5-9,old_vaccine,0.0,0.0,0.0,0.0
154,5-9,new_vaccine,0.0,0.0,0.0,0.0
154,10-14,unvaccinated,235.0,10219.5,1.5,0.0
154,10-14,old_vaccine,0.0,0.0,0.0,0.0
154,10-14,new_vaccine,0.0,0.0,0.0,0.0
154,15-19,unvaccinated,231.5,9515.0,1.5,0.0
154,15-19,old_vaccine,0.0,0.0,0.0,0.0
154,15-19,new_vaccine,0.0,0.0,0.0,0.0
154,20-24,unvaccinated,731.0,10019.0,5.0,0.0
154,20-24,old_vaccine,0.0,0.0,0.0,0.0
154,20-24,new_vaccine,0.0,0.0,0.0,0.0
154,25-29,unvaccinated,1204.0,10792.0,3.0,0.0
154,25-29,old_vaccine,0.0,0.0,0.0,0.0
154,25-29,new_vaccine,0.0,0.0,0.0,0.0
154,30-34,unvaccinated,1226.0,11021.5,7.5,0.0
154,30-34,old_vaccine,0.0,0.0,0.0,0.0
154,30-34,new_vaccine,0.0,0.0,0.0,0.0
154,35-39,unvaccinated,1107.5,10922.0,14.0,0.0
154,35-39,old_vaccine,0.0,0.0,0.0,0.0
154,35-39,new_vaccine,0.0,0.0,0.0,0.0
154,40-44,unvaccinated,1161.0,10353.0,17.5,0.0
154,40-44,old_vaccine,0.0,0.0,0.0,0.0
154,40-44,new_vaccine,0.0,0.0,0.0,0.0
154,45-49,unvaccinated,1411.0,9839.0,36.0,0.0
154,45-49,old_vaccine,0.0,0.0,0.0,0.0
154,45-49,new_vaccine,0.0,0.0,0.0,0.0
154,50-54,unvaccinated,2432.0,9953.5,90.0,0.0
154,50-54,old_vaccine,0.0,0.0,0.0,0.0
154,50-54,new_vaccine,0.0,0.0,0.0,0.0
154,55-59,unvaccinated,3079.0,8920.0,117.0,0.0
154,55-59,old_vaccine,0.0,0.0,0.0,0.0
154,55-59,new_vaccine,0.0,0.0,0.0,0.0
154,60-64,unvaccinated,3000.0,7326.0,279.0,0.0
154,60-64,old_vaccine,0.0,0.0,0.0,0.0
154,60-64,new_vaccine,0.0,0.0,0.0,0.0
154,65-69,unvaccinated,4836.0,4200.0,510.5,0.0
154,65-69,old_vaccine,0.0,0.0,0.0,0.0
154,65-69,new_vaccine,0.0,0.0,0.0,0.0
154,70-74,unvaccinated,5549.0,3209.0,1038.5,0.0
154,70-74,old_vaccine,0.0,0.0,0.0,0.0
154,70-74,new_vaccine,0.0,0.0,0.0,0.0
154,75+,unvaccinated,10076.0,5034.5,3337.0,0.0
154,75+,old_vaccine,0.0,0.0,0.0,0.0
154,75+,new_vaccine,0.0,0.0,0.0,0.0
155,0-4,unvaccinated,673.0,9585.0,14.5,0.0
155,0-4,old_vaccine,0.0,0.0,0.0,0.0
155,0-4,new_vaccine,0.0,0.0,0.0,0.0
155,5-9,unvaccinated,188.5,10791.5,0.0,0.0
155,5-9,old_vaccine,0.0,0.0,0.0,0.0
155,5-9,new_vaccine,0.0,0.0,0.0,0.0
155,10-14,unvaccinated,240.5,10236.5,1.5,0.0
155,10-14,old_vaccine,0.0,0.0,0.0,0.0
155,10-14,new_vaccine,0.0,0.0,0.0,0.0
155,15-19,unvaccinated,236.0,9523.5,2.0,0.0
155,15-19,old_vaccine,0.0,0.0,0.0,0.0
155,15-19,new_vaccine,0.0,0.0,0.0,0.0
155,20-24,unvaccinated,736.5,10012.5,5.0,0.0
155,20-24,old_vaccine,0.0,0.0,0.0,0.0
155,20-24,new_vaccine,0.0,0.0,0.0,0.0
155,25-29,unvaccinated,1193.0,10793.5,3.0,0.0
155,25-29,old_vaccine,0.0,0.0,0.0,0.0
155,25-29,new_vaccine,0.0,0.0,0.0,0.0
155,30-34,unvaccinated,1233.5,11008.0,7.5,0.0
155,30-34,old_vaccine,0.0,0.0,0.0,0.0
155,30-34,new_vaccine,0.0,0.0,0.0,0.0
155,35-39,unvaccinated,1102.5,10918.0,14.0,0.0
155,35-39,old_vaccine,0.0,0.0,0.0,0.0
155,35-39,new_vaccine,0.0,0.0,0.0,0.0
155,40-44,unvaccinated,1152.5,10389.5,18.5,0.0
155,40-44,old_vaccine,0.0,0.0,0.0,0.0
155,40-44,new_vaccine,0.0,0.0,0.0,0.0
155,45-49,unvaccinated,1416.5,9828.5,36.5,0.0
155,45-49,old_vaccine,0.0,0.0,0.0,0.0
155,45-49,new_vaccine,0.0,0.0,0.0,0.0
155,50-54,unvaccinated,2424.0,9895.5,89.0,0.0
155,50-54,old_vaccine,0.0,0.0,0.0,0.0
155,50-54,new_vaccine,0.0,0.0,0.0,0.0
155,55-59,unvaccinated,3095.0,8909.5,116.5,0.0
155,55-59,old_vaccine,0.0,0.0,0.0,0.0
155,55-59,new_vaccine,0.0,0.0,0.0,0.0
155,60-64,unvaccinated,2993.5,7286.0,280.0,0.0
155,60-64,old_vaccine,0.0,0.0,0.0,0.0
155,60-64,new_vaccine,0.0,0.0,0.0,0.0
155,65-69,unvaccinated,4823.5,4193.5,512.5,0.0
155,65-69,old_vaccine,0.0,0.0,0.0,0.0
155,65-69,new_vaccine,0.0,0.0,0.0,0.0
155,70-74,unvaccinated,5550.0,3226.0,1040.0,0.0
155,70-74,old_vaccine,0.0,0.0,0.0,0.0
155,70-74,new_vaccine,0.0,0.0,0.0,0.0
155,75+,unvaccinated,10075.5,5010.5,3339.0,0.0
155,75+,old_vaccine,0.0,0.0,0.0,0.0
155,75+,new_vaccine,0.0,0.0,0.0,0.0
156,0-4,unvaccinated,679.0,9588.5,15.0,0.0
156,0-4,old_vaccine,0.0,0.0,0.0,0.0
156,0-4,new_vaccine,0.0,0.0,0.0,0.0
156,5-9,unvaccinated,186.0,10773.5,0.0,0.0
156,5-9,old_vaccine,0.0,0.0,0.0,0.0
156,5-9,new_vaccine,0.0,0.0,0.0,0.0
156,10-14,unvaccinated,239.0,10246.0,1.5,0.0
156,10-14,old_vaccine,0.0,0.0,0.0,0.0
156,10-14,new_vaccine,0.0,0.0,0.0,0.0
156,15-19,unvaccinated,235.0,9531.5,2.0,0.0
156,15-19,old_vaccine,0.0,0.0,0.0,0.0
156,15-19,new_vaccine,0.0,0.0,0.0,0.0
156,20-24,unvaccinated,735.0,9997.5,4.5,0.0
156,20-24,old_vaccine,0.0,0.0,0.0,0.0
156,20-24,new_vaccine,0.0,0.0,0.0,0.0
156,25-29,unvaccinated,1196.5,10802.0,3.0,0.0
156,25-29,old_vaccine,0.0,0.0,0.0,0.0
156,25-29,new_vaccine,0.0,0.0,0.0,0.0
156,30-34,unvaccinated,1231.5,11001.5,7.5,0.0
156,30-34,old_vaccine,0.0,0.0,0.0,0.0
156,30-34,new_vaccine,0.0,0.0,0.0,0.0
156,35-39,unvaccinated,1106.5,10910.0,14.0,0.0
156,35-39,old_vaccine,0.0,0.0,0.0,0.0
156,35-39,new_vaccine,0.0,0.0,0.0,0.0
156,40-44,unvaccinated,1149.0,10406.0,17.5,0.0
156,40-44,old_vaccine,0.0,0.0,0.0,0.0
156,40-44,new_vaccine,0.0,0.0,0.0,0.0
156,45-49,unvaccinated,1412.5,9822.0,36.0,0.0
156,45-49,old_vaccine,0.0,0.0,0.0,0.0
156,45-49,new_vaccine,0.0,0.0,0.0,0.0
156,50-54,unvaccinated,2422.0,9910.0,89.0,0.0
156,50-54,old_vaccine,0.0,0.0,0.0,0.0
156,50-54,new_vaccine,0.0,0.0,0.0,0.0
156,55-59,unvaccinated,3105.5,8939.0,117.0,0.0
156,55-59,old_vaccine,0.0,0.0,0.0,0.0
156,55-59,new_vaccine,0.0,0.0,0.0,0.0
156,60-64,unvaccinated,2998.0,7282.0,280.0,0.0
156,60-64,old_vaccine,0.0,0.0,0.0,0.0
156,60-64,new_vaccine,0.0,0.0,0.0,0.0
156,65-69,unvaccinated,4843.5,4201.0,512.5,0.0
156,65-69,old_vaccine,0.0,0.0,0.0,0.0
156,65-69,new_vaccine,0.0,0.0,0.0,0.0
156,70-74,unvaccinated,5503.0,3214.5,1043.5,0.0
156,70-74,old_vaccine,0.0,0.0,0.0,0.0
156,70-74,new_vaccine,0.0,0.0,0.0,0.0
156,75+,unvaccinated,10118.0,5032.5,3342.0,0.0
156,75+,old_vaccine,0.0,0.0,0.0,0.0
156,75+,new_vaccine,0.0,0.0,0.0,0.0
157,0-4,unvaccinated,682.5,9601.0,14.5,0.0
157,0-4,old_vaccine,0.0,0.0,0.0,0.0
157,0-4,new_vaccine,0.0,0.0,0.0,0.0
157,5-9,unvaccinated,187.0,10764.0,0.0,0.0
157,5-9,old_vaccine,0.0,0.0,0.0,0.0
157,5-9,new_vaccine,0.0,0.0,0.0,0.0
157,10-14,unvaccinated,245.0,10217.5,1.5,0.0
157,10-14,old_vaccine,0.0,0.0,0.0,0.0
157,10-14,new_vaccine,0.0,0.0,0.0,0.0
157,15-19,unvaccinated,237.0,9543.0,2.0,0.0
157,15-19,old_vaccine,0.0,0.0,0.0,0.0
157,15-19,new_vaccine,0.0,0.0,0.0,0.0
157,20-24,unvaccinated,725.5,10013.0,4.5,0.0
157,20-24,old_vaccine,0.0,0.0,0.0,0.0
157,20-24,new_vaccine,0.0,0.0,0.0,0.0
157,25-29,unvaccinated,1207.0,10821.0,3.0,0.0
157,25-29,old_vaccine,0.0,0.0,0.0,0.0
157,25-29,new_vaccine,0.0,0.0,0.0,0.0
157,30-34,unvaccinated,1236.0,10969.0,7.0,0.0
157,30-34,old_vaccine,0.0,0.0,0.0,0.0
157,30-34,new_vaccine,0.0,0.0,0.0,0.0
157,35-39,unvaccinated,1112.5,10922.0,13.5,0.0
157,35-39,old_vaccine,0.0,0.0,0.0,0.0
157,35-39,new_vaccine,0.0,0.0,0.0,0.0
157,40-44,unvaccinated,1151.5,10421.0,18.0,0.0
157,40-44,old_vaccine,0.0,0.0,0.0,0.0
157,40-44,new_vaccine,0.0,0.0,0.0,0.0
157,45-49,unvaccinated,1409.0,9831.0,35.0,0.0
157,45-49,old_vaccine,0.0,0.0,0.0,0.0
157,45-49,new_vaccine,0.0,0.0,0.0,0.0
157,50-54,unvaccinated,2427.5,9935.0,89.5,0.0
157,50-54,old_vaccine,0.0,0.0,0.0,0.0
157,50-54,new_vaccine,0.0,0.0,0.0,0.0
157,55-59,unvaccinated,3106.5,8943.5,118.5,0.0
157,55-59,old_vaccine,0.0,0.0,0.0,0.0
157,55-59,new_vaccine,0.0,0.0,0.0,0.0
157,60-64,unvaccinated,2984.5,7285.5,280.0,0.0
157,60-64,old_vaccine,0.0,0.0,0.0,0.0
157,60-64,new_vaccine,0.0,0.0,0.0,0.0
157,65-69,unvaccinated,4849.0,4212.0,512.0,0.0
157,65-69,old_vaccine,0.0,0.0,0.0,0.0
157,65-69,new_vaccine,0.0,0.0,0.0,0.0
157,70-74,unvaccinated,5490.5,3246.0,1043.5,0.0
157,70-74,old_vaccine,0.0,0.0,0.0,0.0
157,70-74,new_vaccine,0.0,0.0,0.0,0.0
157,75+,unvaccinated,10142.5,5007.5,3343.5,0.0
157,75+,old_vaccine,0.0,0.0,0.0,0.0
157,75+,new_vaccine,0.0,0.0,0.0,0.0
158,0-4,unvaccinated,690.0,9612.5,14.0,0.0
158,0-4,old_vaccine,0.0,0.0,0.0,0.0
158,0-4,new_vaccine,0.0,0.0,0.0,0.0
158,5-9,unvaccinated,180.5,10788.0,0.0,0.0
158,5-9,old_vaccine,0.0,0.0,0.0,0.0
158,5-9,new_vaccine,0.0,0.0,0.0,0.0
158,10-14,unvaccinated,243.0,10197.5,1.5,0.0
158,10-14,old_vaccine,0.0,0.0,0.0,0.0
158,10-14,new_vaccine,0.0,0.0,0.0,0.0
158,15-19,unvaccinated,237.5,9560.5,2.0,0.0
158,15-19,old_vaccine,0.0,0.0,0.0,0.0
158,15-19,new_vaccine,0.0,0.0,0.0,0.0
158,20-24,unvaccinated,722.0,9980.5,4.5,0.0
158,20-24,old_vaccine,0.0,0.0,0.0,0.0
158,20-24,new_vaccine,0.0,0.0,0.0,0.0
158,25-29,unvaccinated,1207.0,10817.0,3.5,0.0
158,25-29,old_vaccine,0.0,0.0,0.0,0.0
158,25-29,new_vaccine,0.0,0.0,0.0,0.0
158,30-34,unvaccinated,1238.5,10942.0,7.0,0.0
158,30-34,old_vaccine,0.0,0.0,0.0,0.0
158,30-34,new_vaccine,0.0,0.0,0.0,0.0
158,35-39,unvaccinated,1116.0,10869.5,13.5,0.0
158,35-39,old_vaccine,0.0,0.0,0.0,0.0
158,35-39,new_vaccine,0.0,0.0,0.0,0.0
158,40-44,unvaccinated,1147.0,10419.0,17.5,0.0
158,40-44,old_vaccine,0.0,0.0,0.0,0.0
158,40-44,new_vaccine,0.0,0.0,0.0,0.0
158,45-49,unvaccinated,1407.0,9804.5,34.5,0.0
158,45-49,old_vaccine,0.0,0.0,0.0,0.0
158,45-49,new_vaccine,0.0,0.0,0.0,0.0
158,50-54,unvaccinated,2430.0,9952.5,90.0,0.0
158,50-54,old_vaccine,0.0,0.0,0.0,0.0
158,50-54,new_vaccine,0.0,0.0,0.0,0.0
158,55-59,unvaccinated,3091.5,8944.0,118.5,0.0
158,55-59,old_vaccine,0.0,0.0,0.0,0.0
158,55-59,new_vaccine,0.0,0.0,0.0,0.0
158,60-64,unvaccinated,2980.5,7281.0,281.5,0.0
158,60-64,old_vaccine,0.0,0.0,0.0,0.0
158,60-64,new_vaccine,0.0,0.0,0.0,0.0
158,65-69,unvaccinated,4852.5,4202.0,514.0,0.0
158,65-69,old_vaccine,0.0,0.0,0.0,0.0
158,65-69,new_vaccine,0.0,0.0,0.0,0.0
158,70-74,unvaccinated,5489.5,3254.0,1045.5,0.0
158,70-74,old_vaccine,0.0,0.0,0.0,0.0
158,70-74,new_vaccine,0.0,0.0,0.0,0.0
158,75+,unvaccinated,10146.0,4996.0,3346.0,0.0
158,75+,old_vaccine,0.0,0.0,0.0,0.0
158,75+,new_vaccine,0.0,0.0,0.0,0.0
159,0-4,unvaccinated,687.0,9586.0,13.5,0.0
159,0-4,old_vaccine,0.0,0.0,0.0,0.0
159,0-4,new_vaccine,0.0,0.0,0.0,0.0
159,5-9,unvaccinated,181.0,10800.0,0.0,0.0
159,5-9,old_vaccine,0.0,0.0,0.0,0.0
159,5-9,new_vaccine,0.0,0.0,0.0,0.0
159,10-14,unvaccinated,243.5,10175.0,1.5,0.0
159,10-14,old_vaccine,0.0,0.0,0.0,0.0
159,10-14,new_vaccine,0.0,0.0,0.0,0.0
159,15-19,unvaccinated,231.0,9555.5,2.0,0.0
159,15-19,old_vaccine,0.0,0.0,0.0,0.0
159,15-19,new_vaccine,0.0,0.0,0.0,0.0
159,20-24,unvaccinated,719.0,10004.0,5.0,0.0
159,20-24,old_vaccine,0.0,0.0,0.0,0.0
159,20-24,new_vaccine,0.0,0.0,0.0,0.0
159,25-29,unvaccinated,1206.0,10841.5,4.0,0.0
159,25-29,old_vaccine,0.0,0.0,0.0,0.0
159,25-29,new_vaccine,0.0,0.0,0.0,0.0
159,30-34,unvaccinated,1240.5,10963.0,6.5,0.0
159,30-34,old_vaccine,0.0,0.0,0.0,0.0
159,30-34,new_vaccine,0.0,0.0,0.0,0.0
159,35-39,unvaccinated,1117.0,10850.0,13.0,0.0
159,35-39,old_vaccine,0.0,0.0,0.0,0.0
159,35-39,new_vaccine,0.0,0.0,0.0,0.0
159,40-44,unvaccinated,1142.5,10394.5,17.5,0.0
159,40-44,old_vaccine,0.0,0.0,0.0,0.0
159,40-44,new_vaccine,0.0,0.0,0.0,0.0
159,45-49,unvaccinated,1408.5,9826.5,34.0,0.0
159,45-49,old_vaccine,0.0,0.0,0.0,0.0
159,45-49,new_vaccine,0.0,0.0,0.0,0.0
159,50-54,unvaccinated,2428.0,9932.0,90.5,0.0
159,50-54,old_vaccine,0.0,0.0,0.0,0.0
159,50-54,new_vaccine,0.0,0.0,0.0,0.0
159,55-59,unvaccinated,3106.5,8936.0,120.5,0.0
159,55-59,old_vaccine,0.0,0.0,0.0,0.0
159,55-59,new_vaccine,0.0,0.0,0.0,0.0
159,60-64,unvaccinated,2970.0,7297.5,282.5,0.0
159,60-64,old_vaccine,0.0,0.0,0.0,0.0
159,60-64,new_vaccine,0.0,0.0,0.0,0.0
159,65-69,unvaccinated,4857.5,4197.5,514.0,0.0
159,65-69,old_vaccine,0.0,0.0,0.0,0.0
159,65-69,new_vaccine,0.0,0.0,0.0,0.0
159,70-74,unvaccinated,5488.5,3276.5,1044.5,0.0
159,70-74,old_vaccine,0.0,0.0,0.0,0.0
159,70-74,new_vaccine,0.0,0.0,0.0,0.0
159,75+,unvaccinated,10160.0,5006.5,3348.0,0.0
159,75+,old_vaccine,0.0,0.0,0.0,0.0
159,75+,new_vaccine,0.0,0.0,0.0,0.0
160,0-4,unvaccinated,688.5,9599.0,13.5,0.0
160,0-4,old_vaccine,0.0,0.0,0.0,0.0
160,0-4,new_vaccine,0.0,0.0,0.0,0.0
160,5-9,unvaccinated,181.0,10830.0,0.5,0.0
160,5-9,old_vaccine,0.0,0.0,0.0,0.0
160,5-9,new_vaccine,0.0,0.0,0.0,0.0
160,10-14,unvaccinated,240.5,10178.0,1.5,0.0
160,10-14,old_vaccine,0.0,0.0,0.0,0.0
160,10-14,new_vaccine,0.0,0.0,0.0,0.0
160,15-19,unvaccinated,231.0,9590.5,2.5,0.0
160,15-19,old_vaccine,0.0,0.0,0.0,0.0
160,15-19,new_vaccine,0.0,0.0,0.0,0.0
160,20-24,unvaccinated,712.5,10003.0,5.0,0.0
160,20-24,old_vaccine,0.0,0.0,0.0,0.0
160,20-24,new_vaccine,0.0,0.0,0.0,0.0
160,25-29,unvaccinated,1203.0,10827.0,4.0,0.0
160,25-29,old_vaccine,0.0,0.0,0.0,0.0
160,25-29,new_vaccine,0.0,0.0,0.0,0.0
160,30-34,unvaccinated,1238.0,10998.0,7.0,0.0
160,30-34,old_vaccine,0.0,0.0,0.0,0.0
160,30-34,new_vaccine,0.0,0.0,0.0,0.0
160,35-39,unvaccinated,1115.0,10865.0,12.0,0.0
160,35-39,old_vaccine,0.0,0.0,0.0,0.0
160,35-39,new_vaccine,0.0,0.0,0.0,0.0
160,40-44,unvaccinated,1140.0,10385.0,16.0,0.0
160,40-44,old_vaccine,0.0,0.0,0.0,0.0
160,40-44,new_vaccine,0.0,0.0,0.0,0.0
160,45-49,unvaccinated,1408.0,9842.5,33.5,0.0
160,45-49,old_vaccine,0.0,0.0,0.0,0.0
160,45-49,new_vaccine,0.0,0.0,0.0,0.0
160,50-54,unvaccinated,2437.0,9925.5,91.0,0.0
160,50-54,old_vaccine,0.0,0.0,0.0,0.0
160,50-54,new_vaccine,0.0,0.0,0.0,0.0
160,55-59,unvaccinated,3092.0,8931.0,122.0,0.0
160,55-59,old_vaccine,0.0,0.0,0.0,0.0
160,55-59,new_vaccine,0.0,0.0,0.0,0.0
160,60-64,unvaccinated,2988.0,7331.0,282.5,0.0
160,60-64,old_vaccine,0.0,0.0,0.0,0.0
160,60-64,new_vaccine,0.0,0.0,0.0,0.0
160,65-69,unvaccinated,4874.5,4203.0,514.5,0.0
160,65-69,old_vaccine,0.0,0.0,0.0,0.0
160,65-69,new_vaccine,0.0,0.0,0.0,0.0
160,70-74,unvaccinated,5494.5,3274.0,1043.5,0.0
160,70-74,old_vaccine,0.0,0.0,0.0,0.0
160,70-74,new_vaccine,0.0,0.0,0.0,0.0
160,75+,unvaccinated,10144.5,5028.5,3352.5,0.0
160,75+,old_vaccine,0.0,0.0,0.0,0.0
160,75+,new_vaccine,0.0,0.0,0.0,0.0
161,0-4,unvaccinated,677.0,9598.5,12.0,0.0
161,0-4,old_vaccine,0.0,0.0,0.0,0.0
161,0-4,new_vaccine,0.0,0.0,0.0,0.0
161,5-9,unvaccinated,178.5,10814.5,1.0,0.0
161,5-9,old_vaccine,0.0,0.0,0.0,0.0
161,5-9,new_vaccine,0.0,0.0,0.0,0.0
161,10-14,unvaccinated,239.5,10169.0,1.5,0.0
161,10-14,old_vaccine,0.0,0.0,0.0,0.0
161,10-14,new_vaccine,0.0,0.0,0.0,0.0
161,15-19,unvaccinated,232.5,9576.0,2.5,0.0
161,15-19,old_vaccine,0.0,0.0,0.0,0.0
161,15-19,new_vaccine,0.0,0.0,0.0,0.0
161,20-24,unvaccinated,709.0,10005.5,5.0,0.0
161,20-24,old_vaccine,0.0,0.0,0.0,0.0
161,20-24,new_vaccine,0.0,0.0,0.0,0.0
161,25-29,unvaccinated,1205.5,10813.0,4.0,0.0
161,25-29,old_vaccine,0.0,0.0,0.0,0.0
161,25-29,new_vaccine,0.0,0.0,0.0,0.0
161,30-34,unvaccinated,1229.5,10975.0,7.0,0.0
161,30-34,old_vaccine,0.0,0.0,0.0,0.0
161,30-34,new_vaccine,0.0,0.0,0.0,0.0
161,35-39,unvaccinated,1121.0,10865.0,12.0,0.0
161,35-39,old_vaccine,0.0,0.0,0.0,0.0
161,35-39,new_vaccine,0.0,0.0,0.0,0.0
161,40-44,unvaccinated,1132.5,10364.5,15.5,0.0
161,40-44,old_vaccine,0.0,0.0,0.0,0.0
161,40-44,new_vaccine,0.0,0.0,0.0,0.0
161,45-49,unvaccinated,1393.0,9854.0,34.5,0.0
161,45-49,old_vaccine,0.0,0.0,0.0,0.0
161,45-49,new_vaccine,0.0,0.0,0.0,0.0
161,50-54,unvaccinated,2441.5,9930.5,90.5,0.0
161,50-54,old_vaccine,0.0,0.0,0.0,0.0
161,50-54,new_vaccine,0.0,0.0,0.0,0.0
161,55-59,unvaccinated,3104.0,8939.5,120.5,0.0
161,55-59,old_vaccine,0.0,0.0,0.0,0.0
161,55-59,new_vaccine,0.0,0.0,0.0,0.0
161,60-64,unvaccinated,2986.0,7341.5,282.5,0.0
161,60-64,old_vaccine,0.0,0.0,0.0,0.0
161,60-64,new_vaccine,0.0,0.0,0.0,0.0
161,65-69,unvaccinated,4891.0,4190.0,516.0,0.0
161,65-69,old_vaccine,0.0,0.0,0.0,0.0
161,65-69,new_vaccine,0.0,0.0,0.0,0.0
161,70-74,unvaccinated,5511.0,3282.0,1041.5,0.0
161,70-74,old_vaccine,0.0,0.0,0.0,0.0
161,70-74,new_vaccine,0.0,0.0,0.0,0.0
161,75+,unvaccinated,10140.0,5017.5,3354.5,0.0
161,75+,old_vaccine,0.0,0.0,0.0,0.0
161,75+,new_vaccine,0.0,0.0,0.0,0.0
162,0-4,unvaccinated,671.0,9588.0,11.0,0.0
162,0-4,old_vaccine,0.0,0.0,0.0,0.0
162,0-4,new_vaccine,0.0,0.0,0.0,0.0
162,5-9,unvaccinated,177.5,10811.0,1.0,0.0
162,5-9,old_vaccine,0.0,0.0,0.0,0.0
162,5-9,new_vaccine,0.0,0.0,0.0,0.0
162,10-14,unvaccinated,240.5,10196.0,1.5,0.0
162,10-14,old_vaccine,0.0,0.0,0.0,0.0
162,10-14,new_vaccine,0.0,0.0,0.0,0.0
162,15-19,unvaccinated,231.0,9569.0,2.0,0.0
162,15-19,old_vaccine,0.0,0.0,0.0,0.0
162,15-19,new_vaccine,0.0,0.0,0.0,0.0
162,20-24,unvaccinated,715.0,10026.0,5.0,0.0
162,20-24,old_vaccine,0.0,0.0,0.0,0.0
162,20-24,new_vaccine,0.0,0.0,0.0,0.0
162,25-29,unvaccinated,1197.5,10810.0,4.0,0.0
162,25-29,old_vaccine,0.0,0.0,0.0,0.0
162,25-29,new_vaccine,0.0,0.0,0.0,0.0
162,30-34,unvaccinated,1228.0,10985.0,7.0,0.0
162,30-34,old_vaccine,0.0,0.0,0.0,0.0
162,30-34,new_vaccine,0.0,0.0,0.0,0.0
162,35-39,unvaccinated,1109.5,10858.0,13.0,0.0
162,35-39,old_vaccine,0.0,0.0,0.0,0.0
162,35-39,new_vaccine,0.0,0.0,0.0,0.0
162,40-44,unvaccinated,1137.0,10356.0,15.5,0.0
162,40-44,old_vaccine,0.0,0.0,0.0,0.0
162,40-44,new_vaccine,0.0,0.0,0.0,0.0
162,45-49,unvaccinated,1387.5,9840.0,33.5,0.0
162,45-49,old_vaccine,0.0,0.0,0.0,0.0
162,45-49,new_vaccine,0.0,0.0,0.0,0.0
162,50-54,unvaccinated,2440.0,9919.0,92.5,0.0
162,50-54,old_vaccine,0.0,0.0,0.0,0.0
162,50-54,new_vaccine,0.0,0.0,0.0,0.0
162,55-59,unvaccinated,3103.5,8934.5,120.0,0.0
162,55-59,old_vaccine,0.0,0.0,0.0,0.0
162,55-59,new_vaccine,0.0,0.0,0.0,0.0
162,60-64,unvaccinated,2982.5,7340.0,281.5,0.0
162,60-64,old_vaccine,0.0,0.0,0.0,0.0
162,60-64,new_vaccine,0.0,0.0,0.0,0.0
162,65-69,unvaccinated,4889.0,4184.5,515.5,0.0
162,65-69,old_vaccine,0.0,0.0,0.0,0.0
162,65-69,new_vaccine,0.0,0.0,0.0,0.0
162,70-74,unvaccinated,5530.5,3273.0,1042.5,0.0
162,70-74,old_vaccine,0.0,0.0,0.0,0.0
162,70-74,new_vaccine,0.0,0.0,0.0,0.0
162,75+,unvaccinated,10124.0,5030.0,3357.0,0.0
162,75+,old_vaccine,0.0,0.0,0.0,0.0
162,75+,new_vaccine,0.0,0.0,0.0,0.0
163,0-4,unvaccinated,678.0,9590.0,11.0,0.0
163,0-4,old_vaccine,0.0,0.0,0.0,0.0
163,0-4,new_vaccine,0.0,0.0,0.0,0.0
163,5-9,unvaccinated,182.5,10831.0,1.0,0.0
163,5-9,old_vaccine,0.0,0.0,0.0,0.0
163,5-9,new_vaccine,0.0,0.0,0.0,0.0
163,10-14,unvaccinated,238.5,10175.0,1.5,0.0
163,10-14,old_vaccine,0.0,0.0,0.0,0.0
163,10-14,new_vaccine,0.0,0.0,0.0,0.0
163,15-19,unvaccinated,231.0,9565.5,2.0,0.0
163,15-19,old_vaccine,0.0,0.0,0.0,0.0
163,15-19,new_vaccine,0.0,0.0,0.0,0.0
163,20-24,unvaccinated,722.0,10024.5,6.5,0.0
163,20-24,old_vaccine,0.0,0.0,0.0,0.0
163,20-24,new_vaccine,0.0,0.0,0.0,0.0
163,25-29,unvaccinated,1193.5,10792.5,4.5,0.0
163,25-29,old_vaccine,0.0,0.0,0.0,0.0
163,25-29,new_vaccine,0.0,0.0,0.0,0.0
163,30-34,unvaccinated,1232.0,10977.5,7.0,0.0
163,30-34,old_vaccine,0.0,0.0,0.0,0.0
163,30-34,new_vaccine,0.0,0.0,0.0,0.0
163,35-39,unvaccinated,1111.5,10875.0,13.0,0.0
163,35-39,old_vaccine,0.0,0.0,0.0,0.0
163,35-39,new_vaccine,0.0,0.0,0.0,0.0
163,40-44,unvaccinated,1137.5,10325.0,15.0,0.0
163,40-44,old_vaccine,0.0,0.0,0.0,0.0
163,40-44,new_vaccine,0.0,0.0,0.0,0.0
163,45-49,unvaccinated,1392.0,9851.5,36.0,0.0
163,45-49,old_vaccine,0.0,0.0,0.0,0.0
163,45-49,new_vaccine,0.0,0.0,0.0,0.0
163,50-54,unvaccinated,2431.5,9909.5,92.5,0.0
163,50-54,old_vaccine,0.0,0.0,0.0,0.0
163,50-54,new_vaccine,0.0,0.0,0.0,0.0
163,55-59,unvaccinated,3093.5,8909.5,121.0,0.0
163,55-59,old_vaccine,0.0,0.0,0.0,0.0
163,55-59,new_vaccine,0.0,0.0,0.0,0.0
163,60-64,unvaccinated,2985.5,7320.5,280.5,0.0
163,60-64,old_vaccine,0.0,0.0,0.0,0.0
163,60-64,new_vaccine,0.0,0.0,0.0,0.0
163,65-69,unvaccinated,4887.5,4197.5,514.5,0.0
163,65-69,old_vaccine,0.0,0.0,0.0,0.0
163,65-69,new_vaccine,0.0,0.0,0.0,0.0
163,70-74,unvaccinated,5541.5,3248.5,1042.0,0.0
163,70-74,old_vaccine,0.0,0.0,0.0,0.0
163,70-74,new_vaccine,0.0,0.0,0.0,0.0
163,75+,unvaccinated,10102.0,5045.0,3360.0,0.0
163,75+,old_vaccine,0.0,0.0,0.0,0.0
163,75+,new_vaccine,0.0,0.0,0.0,0.0
164,0-4,unvaccinated,673.0,9570.0,10.5,0.0
164,0-4,old_vaccine,0.0,0.0,0.0,0.0
164,0-4,new_vaccine,0.0,0.0,0.0,0.0
164,5-9,unvaccinated,181.5,10821.5,1.0,0.0
164,5-9,old_vaccine,0.0,0.0,0.0,0.0
164,5-9,new_vaccine,0.0,0.0,0.0,0.0
164,10-14,unvaccinated,235.5,10216.0,1.5,0.0
164,10-14,old_vaccine,0.0,0.0,0.0,0.0
164,10-14,new_vaccine,0.0,0.0,0.0,0.0
164,15-19,unvaccinated,230.0,9564.0,2.0,0.0
164,15-19,old_vaccine,0.0,0.0,0.0,0.0
164,15-19,new_vaccine,0.0,0.0,0.0,0.0
164,20-24,unvaccinated,725.5,10052.5,6.5,0.0
164,20-24,old_vaccine,0.0,0.0,0.0,0.0
164,20-24,new_vaccine,0.0,0.0,0.0,0.0
164,25-29,unvaccinated,1180.5,10807.5,4.5,0.0
164,25-29,old_vaccine,0.0,0.0,0.0,0.0
164,25-29,new_vaccine,0.0,0.0,0.0,0.0
164,30-34,unvaccinated,1241.5,10997.5,7.0,0.0
164,30-34,old_vaccine,0.0,0.0,0.0,0.0
164,30-34,new_vaccine,0.0,0.0,0.0,0.0
164,35-39,unvaccinated,1101.5,10897.0,13.0,0.0
164,35-39,old_vaccine,0.0,0.0,0.0,0.0
164,35-39,new_vaccine,0.0,0.0,0.0,0.0
164,40-44,unvaccinated,1137.0,10349.0,16.0,0.0
164,40-44,old_vaccine,0.0,0.0,0.0,0.0
164,40-44,new_vaccine,0.0,0.0,0.0,0.0
164,45-49,unvaccinated,1397.0,9895.5,36.0,0.0
164,45-49,old_vaccine,0.0,0.0,0.0,0.0
164,45-49,new_vaccine,0.0,0.0,0.0,0.0
164,50-54,unvaccinated,2416.0,9948.0,92.0,0.0
164,50-54,old_vaccine,0.0,0.0,0.0,0.0
164,50-54,new_vaccine,0.0,0.0,0.0,0.0
164,55-59,unvaccinated,3096.0,8896.5,120.5,0.0
164,55-59,old_vaccine,0.0,0.0,0.0,0.0
164,55-59,new_vaccine,0.0,0.0,0.0,0.0
164,60-64,unvaccinated,2981.0,7322.5,280.0,0.0
164,60-64,old_vaccine,0.0,0.0,0.0,0.0
164,60-64,new_vaccine,0.0,0.0,0.0,0.0
164,65-69,unvaccinated,4890.0,4202.5,513.5,0.0
164,65-69,old_vaccine,0.0,0.0,0.0,0.0
164,65-69,new_vaccine,0.0,0.0,0.0,0.0
164,70-74,unvaccinated,5554.5,3227.0,1043.5,0.0
164,70-74,old_vaccine,0.0,0.0,0.0,0.0
164,70-74,new_vaccine,0.0,0.0,0.0,0.0
164,75+,unvaccinated,10067.0,5054.0,3364.0,0.0
164,75+,old_vaccine,0.0,0.0,0.0,0.0
164,75+,new_vaccine,0.0,0.0,0.0,0.0
165,0-4,unvaccinated,680.0,9562.0,10.5,0.0
165,0-4,old_vaccine,0.0,0.0,0.0,0.0
165,0-4,new_vaccine,0.0,0.0,0.0,0.0
165,5-9,unvaccinated,182.5,10811.0,1.0,0.0
165,5-9,old_vaccine,0.0,0.0,0.0,0.0
165,5-9,new_vaccine,0.0,0.0,0.0,0.0
165,10-14,unvaccinated,237.5,10249.5,1.5,0.0
165,10-14,old_vaccine,0.0,0.0,0.0,0.0
165,10-14,new_vaccine,0.0,0.0,0.0,0.0
165,15-19,unvaccinated,230.5,9551.5,2.0,0.0
165,15-19,old_vaccine,0.0,0.0,0.0,0.0
165,15-19,new_vaccine,0.0,0.0,0.0,0.0
165,20-24,unvaccinated,722.0,10036.5,6.0,0.0
165,20-24,old_vaccine,0.0,0.0,0.0,0.0
165,20-24,new_vaccine,0.0,0.0,0.0,0.0
165,25-29,unvaccinated,1180.5,10785.0,4.5,0.0
165,25-29,old_vaccine,0.0,0.0,0.0,0.0
165,25-29,new_vaccine,0.0,0.0,0.0,0.0
165,30-34,unvaccinated,1239.0,11008.0,6.5,0.0
165,30-34,old_vaccine,0.0,0.0,0.0,0.0
165,30-34,new_vaccine,0.0,0.0,0.0,0.0
165,35-39,unvaccinated,1100.0,10917.5,13.5,0.0
165,35-39,old_vaccine,0.0,0.0,0.0,0.0
165,35-39,new_vaccine,0.0,0.0,0.0,0.0
165,40-44,unvaccinated,1139.5,10356.5,16.5,0.0
165,40-44,old_vaccine,0.0,0.0,0.0,0.0
165,40-44,new_vaccine,0.0,0.0,0.0,0.0
165,45-49,unvaccinated,1394.0,9896.5,36.5,0.0
165,45-49,old_vaccine,0.0,0.0,0.0,0.0
165,45-49,new_vaccine,0.0,0.0,0.0,0.0
165,50-54,unvaccinated,2417.5,9935.0,91.5,0.0
165,50-54,old_vaccine,0.0,0.0,0.0,0.0
165,50-54,new_vaccine,0.0,0.0,0.0,0.0
165,55-59,unvaccinated,3092.0,8896.5,121.5,0.0
165,55-59,old_vaccine,0.0,0.0,0.0,0.0
165,55-59,new_vaccine,0.0,0.0,0.0,0.0
165,60-64,unvaccinated,2974.5,7303.5,283.0,0.0
165,60-64,old_vaccine,0.0,0.0,0.0,0.0
165,60-64,new_vaccine,0.0,0.0,0.0,0.0
165,65-69,unvaccinated,4879.0,4203.5,512.0,0.0
165,65-69,old_vaccine,0.0,0.0,0.0,0.0
165,65-69,new_vaccine,0.0,0.0,0.0,0.0
165,70-74,unvaccinated,5556.5,3204.5,1044.0,0.0
165,70-74,old_vaccine,0.0,0.0,0.0,0.0
165,70-74,new_vaccine,0.0,0.0,0.0,0.0
165,75+,unvaccinated,10047.0,5041.5,3364.0,0.0
165,75+,old_vaccine,0.0,0.0,0.0,0.0
165,75+,new_vaccine,0.0,0.0,0.0,0.0
166,0-4,unvaccinated,685.5,9570.5,11.5,0.0
166,0-4,old_vaccine,0.0,0.0,0.0,0.0
166,0-4,new_vaccine,0.0,0.0,0.0,0.0
166,5-9,unvaccinated,185.0,10799.5,1.0,0.0
166,5-9,old_vaccine,0.0,0.0,0.0,0.0
166,5-9,new_vaccine,0.0,0.0,0.0,0.0
166,10-14,unvaccinated,239.5,10268.0,1.5,0.0
166,10-14,old_vaccine,0.0,0.0,0.0,0.0
166,10-14,new_vaccine,0.0,0.0,0.0,0.0
166,15-19,unvaccinated,225.5,9536.5,2.0,0.0
166,15-19,old_vaccine,0.0,0.0,0.0,0.0
166,15-19,new_vaccine,0.0,0.0,0.0,0.0
166,20-24,unvaccinated,718.0,10045.0,6.0,0.0
166,20-24,old_vaccine,0.0,0.0,0.0,0.0
166,20-24,new_vaccine,0.0,0.0,0.0,0.0
166,25-29,unvaccinated,1186.0,10816.0,5.0,0.0
166,25-29,old_vaccine,0.0,0.0,0.0,0.0
166,25-29,new_vaccine,0.0,0.0,0.0,0.0
166,30-34,unvaccinated,1242.0,11007.0,6.5,0.0
166,30-34,old_vaccine,0.0,0.0,0.0,0.0
166,30-34,new_vaccine,0.0,0.0,0.0,0.0
166,35-39,unvaccinated,1103.0,10915.0,13.5,0.0
166,35-39,old_vaccine,0.0,0.0,0.0,0.0
166,35-39,new_vaccine,0.0,0.0,0.0,0.0
166,40-44,unvaccinated,1135.5,10370.0,16.5,0.0
166,40-44,old_vaccine,0.0,0.0,0.0,0.0
166,40-44,new_vaccine,0.0,0.0,0.0,0.0
166,45-49,unvaccinated,1401.5,9897.5,35.5,0.0
166,45-49,old_vaccine,0.0,0.0,0.0,0.0
166,45-49,new_vaccine,0.0,0.0,0.0,0.0
166,50-54,unvaccinated,2395.0,9953.0,90.5,0.0
166,50-54,old_vaccine,0.0,0.0,0.0,0.0
166,50-54,new_vaccine,0.0,0.0,0.0,0.0
166,55-59,unvaccinated,3089.5,8899.0,122.0,0.0
166,55-59,old_vaccine,0.0,0.0,0.0,0.0
166,55-59,new_vaccine,0.0,0.0,0.0,0.0
166,60-64,unvaccinated,2962.0,7289.0,282.5,0.0
166,60-64,old_vaccine,0.0,0.0,0.0,0.0
166,60-64,new_vaccine,0.0,0.0,0.0,0.0
166,65-69,unvaccinated,4867.5,4214.5,510.0,0.0
166,65-69,old_vaccine,0.0,0.0,0.0,0.0
166,65-69,new_vaccine,0.0,0.0,0.0,0.0
166,70-74,unvaccinated,5568.0,3201.5,1045.5,0.0
166,70-74,old_vaccine,0.0,0.0,0.0,0.0
166,70-74,new_vaccine,0.0,0.0,0.0,0.0
166,75+,unvaccinated,10066.0,5032.0,3370.5,0.0
166,75+,old_vaccine,0.0,0.0,0.0,0.0
166,75+,new_vaccine,0.0,0.0,0.0,0.0
167,0-4,unvaccinated,680.0,9574.0,11.0,0.0
167,0-4,old_vaccine,0.0,0.0,0.0,0.0
167,0-4,new_vaccine,0.0,0.0,0.0,0.0
167,5-9,unvaccinated,183.5,10802.5,1.5,0.0
167,5-9,old_vaccine,0.0,0.0,0.0,0.0
167,5-9,new_vaccine,0.0,0.0,0.0,0.0
167,10-14,unvaccinated,242.0,10267.5,2.0,0.0
167,10-14,old_vaccine,0.0,0.0,0.0,0.0
167,10-14,new_vaccine,0.0,0.0,0.0,0.0
167,15-19,unvaccinated,221.5,9513.0,2.0,0.0
167,15-19,old_vaccine,0.0,0.0,0.0,0.0
167,15-19,new_vaccine,0.0,0.0,0.0,0.0
167,20-24,unvaccinated,719.5,10019.5,5.5,0.0
167,20-24,old_vaccine,0.0,0.0,0.0,0.0
167,20-24,new_vaccine,0.0,0.0,0.0,0.0
167,25-29,unvaccinated,1185.0,10812.0,5.5,0.0
167,25-29,old_vaccine,0.0,0.0,0.0,0.0
167,25-29,new_vaccine,0.0,0.0,0.0,0.0
167,30-34,unvaccinated,1247.5,10995.5,6.5,0.0
167,30-34,old_vaccine,0.0,0.0,0.0,0.0
167,30-34,new_vaccine,0.0,0.0,0.0,0.0
167,35-39,unvaccinated,1110.0,10932.5,13.0,0.0
167,35-39,old_vaccine,0.0,0.0,0.0,0.0
167,35-39,new_vaccine,0.0,0.0,0.0,0.0
167,40-44,unvaccinated,1138.5,10371.5,17.0,0.0
167,40-44,old_vaccine,0.0,0.0,0.0,0.0
167,40-44,new_vaccine,0.0,0.0,0.0,0.0
167,45-49,unvaccinated,1407.0,9878.5,36.0,0.0
167,45-49,old_vaccine,0.0,0.0,0.0,0.0
167,45-49,new_vaccine,0.0,0.0,0.0,0.0
167,50-54,unvaccinated,2404.0,9957.5,90.5,0.0
167,50-54,old_vaccine,0.0,0.0,0.0,0.0
167,50-54,new_vaccine,0.0,0.0,0.0,0.0
167,55-59,unvaccinated,3094.0,8921.0,120.5,0.0
167,55-59,old_vaccine,0.0,0.0,0.0,0.0
167,55-59,new_vaccine,0.0,0.0,0.0,0.0
167,60-64,unvaccinated,2988.5,7296.5,285.5,0.0
167,60-64,old_vaccine,0.0,0.0,0.0,0.0
167,60-64,new_vaccine,0.0,0.0,0.0,0.0
167,65-69,unvaccinated,4838.0,4238.5,512.5,0.0
167,65-69,old_vaccine,0.0,0.0,0.0,0.0
167,65-69,new_vaccine,0.0,0.0,0.0,0.0
167,70-74,unvaccinated,5569.0,3206.0,1047.0,0.0
167,70-74,old_vaccine,0.0,0.0,0.0,0.0
167,70-74,new_vaccine,0.0,0.0,0.0,0.0
167,75+,unvaccinated,10027.0,5028.5,3373.0,0.0
167,75+,old_vaccine,0.0,0.0,0.0,0.0
167,75+,new_vaccine,0.0,0.0,0.0,0.0
168,0-4,unvaccinated,680.5,9579.0,12.0,0.0
168,0-4,old_vaccine,0.0,0.0,0.0,0.0
168,0-4,new_vaccine,0.0,0.0,0.0,0.0
168,5-9,unvaccinated,180.0,10784.0,1.0,0.0
168,5-9,old_vaccine,0.0,0.0,0.0,0.0
168,5-9,new_vaccine,0.0,0.0,0.0,0.0
168,10-14,unvaccinated,244.0,10230.5,2.0,0.0
168,10-14,old_vaccine,0.0,0.0,0.0,0.0
168,10-14,new_vaccine,0.0,0.0,0.0,0.0
168,15-19,unvaccinated,226.5,9534.5,2.0,0.0
168,15-19,old_vaccine,0.0,0.0,0.0,0.0
168,15-19,new_vaccine,0.0,0.0,0.0,0.0
168,20-24,unvaccinated,723.5,10013.5,5.0,0.0
168,20-24,old_vaccine,0.0,0.0,0.0,0.0
168,20-24,new_vaccine,0.0,0.0,0.0,0.0
168,25-29,unvaccinated,1183.5,10812.0,5.0,0.0
168,25-29,old_vaccine,0.0,0.0,0.0,0.0
168,25-29,new_vaccine,0.0,0.0,0.0,0.0
168,30-34,unvaccinated,1245.0,10961.5,6.0,0.0
168,30-34,old_vaccine,0.0,0.0,0.0,0.0
168,30-34,new_vaccine,0.0,0.0,0.0,0.0
168,35-39,unvaccinated,1109.5,10947.0,12.5,0.0
168,35-39,old_vaccine,0.0,0.0,0.0,0.0
168,35-39,new_vaccine,0.0,0.0,0.0,0.0
168,40-44,unvaccinated,1142.5,10396.0,18.5,0.0
168,40-44,old_vaccine,0.0,0.0,0.0,0.0
168,40-44,new_vaccine,0.0,0.0,0.0,0.0
168,45-49,unvaccinated,1397.0,9882.5,37.0,0.0
168,45-49,old_vaccine,0.0,0.0,0.0,0.0
168,45-49,new_vaccine,0.0,0.0,0.0,0.0
168,50-54,unvaccinated,2401.5,9939.5,90.5,0.0
168,50-54,old_vaccine,0.0,0.0,0.0,0.0
168,50-54,new_vaccine,0.0,0.0,0.0,0.0
168,55-59,unvaccinated,3093.5,8952.0,119.5,0.0
168,55-59,old_vaccine,0.0,0.0,0.0,0.0
168,55-59,new_vaccine,0.0,0.0,0.0,0.0
168,60-64,unvaccinated,3000.0,7286.5,286.5,0.0
168,60-64,old_vaccine,0.0,0.0,0.0,0.0
168,60-64,new_vaccine,0.0,0.0,0.0,0.0
168,65-69,unvaccinated,4828.0,4228.0,516.5,0.0
168,65-69,old_vaccine,0.0,0.0,0.0,0.0
168,65-69,new_vaccine,0.0,0.0,0.0,0.0
168,70-74,unvaccinated,5559.5,3231.0,1046.5,0.0
168,70-74,old_vaccine,0.0,0.0,0.0,0.0
168,70-74,new_vaccine,0.0,0.0,0.0,0.0
168,75+,unvaccinated,10040.0,5050.5,3377.0,0.0
168,75+,old_vaccine,0.0,0.0,0.0,0.0
168,75+,new_vaccine,0.0,0.0,0.0,0.0
169,0-4,unvaccinated,676.0,9595.0,13.0,0.0
169,0-4,old_vaccine,0.0,0.0,0.0,0.0
169,0-4,new_vaccine,0.0,0.0,0.0,0.0
169,5-9,unvaccinated,178.5,10816.5,0.5,0.0
169,5-9,old_vaccine,0.0,0.0,0.0,0.0
169,5-9,new_vaccine,0.0,0.0,0.0,0.0
169,10-14,unvaccinated,241.0,10226.5,2.0,0.0
169,10-14,old_vaccine,0.0,0.0,0.0,0.0
169,10-14,new_vaccine,0.0,0.0,0.0,0.0
169,15-19,unvaccinated,220.0,9527.5,1.5,0.0
169,15-19,old_vaccine,0.0,0.0,0.0,0.0
169,15-19,new_vaccine,0.0,0.0,0.0,0.0
169,20-24,unvaccinated,712.0,9989.5,4.5,0.0
169,20-24,old_vaccine,0.0,0.0,0.0,0.0
169,20-24,new_vaccine,0.0,0.0,0.0,0.0
169,25-29,unvaccinated,1188.0,10835.0,5.0,0.0
169,25-29,old_vaccine,0.0,0.0,0.0,0.0
169,25-29,new_vaccine,0.0,0.0,0.0,0.0
169,30-34,unvaccinated,1241.0,10985.0,6.0,0.0
169,30-34,old_vaccine,0.0,0.0,0.0,0.0
169,30-34,new_vaccine,0.0,0.0,0.0,0.0
169,35-39,unvaccinated,1120.0,10935.0,12.0,0.0
169,35-39,old_vaccine,0.0,0.0,0.0,0.0
169,35-39,new_vaccine,0.0,0.0,0.0,0.0
169,40-44,unvaccinated,1142.5,10440.5,19.0,0.0
169,40-44,old_vaccine,0.0,0.0,0.0,0.0
169,40-44,new_vaccine,0.0,0.0,0.0,0.0
169,45-49,unvaccinated,1387.5,9835.0,37.0,0.0
169,45-49,old_vaccine,0.0,0.0,0.0,0.0
169,45-49,new_vaccine,0.0,0.0,0.0,0.0
169,50-54,unvaccinated,2413.0,9921.5,90.0,0.0
169,50-54,old_vaccine,0.0,0.0,0.0,0.0
169,50-54,new_vaccine,0.0,0.0,0.0,0.0
169,55-59,unvaccinated,3093.5,8953.5,121.0,0.0
169,55-59,old_vaccine,0.0,0.0,0.0,0.0
169,55-59,new_vaccine,0.0,0.0,0.0,0.0
169,60-64,unvaccinated,2978.5,7295.5,287.0,0.0
169,60-64,old_vaccine,0.0,0.0,0.0,0.0
169,60-64,new_vaccine,0.0,0.0,0.0,0.0
169,65-69,unvaccinated,4837.5,4237.0,517.5,0.0
169,65-69,old_vaccine,0.0,0.0,0.0,0.0
169,65-69,new_vaccine,0.0,0.0,0.0,0.0
169,70-74,unvaccinated,5537.0,3239.5,1048.5,0.0
169,70-74,old_vaccine,0.0,0.0,0.0,0.0
169,70-74,new_vaccine,0.0,0.0,0.0,0.0
169,75+,unvaccinated,10063.5,5061.5,3381.0,0.0
169,75+,old_vaccine,0.0,0.0,0.0,0.0
169,75+,new_vaccine,0.0,0.0,0.0,0.0
170,0-4,unvaccinated,676.5,9616.0,13.0,0.0
170,0-4,old_vaccine,0.0,0.0,0.0,0.0
170,0-4,new_vaccine,0.0,0.0,0.0,0.0
170,5-9,unvaccinated,175.5,10829.5,0.5,0.0
170,5-9,old_vaccine,0.0,0.0,0.0,0.0
170,5-9,new_vaccine,0.0,0.0,0.0,0.0
170,10-14,unvaccinated,245.0,10239.0,2.0,0.0
170,10-14,old_vaccine,0.0,0.0,0.0,0.0
170,10-14,new_vaccine,0.0,0.0,0.0,0.0
170,15-19,unvaccinated,223.5,9518.0,1.5,0.0
170,15-19,old_vaccine,0.0,0.0,0.0,0.0
170,15-19,new_vaccine,0.0,0.0,0.0,0.0
170,20-24,unvaccinated,717.0,10016.0,4.5,0.0
170,20-24,old_vaccine,0.0,0.0,0.0,0.0
170,20-24,new_vaccine,0.0,0.0,0.0,0.0
170,25-29,unvaccinated,1178.5,10851.5,5.0,0.0
170,25-29,old_vaccine,0.0,0.0,0.0,0.0
170,25-29,new_vaccine,0.0,0.0,0.0,0.0
170,30-34,unvaccinated,1245.5,10956.5,6.0,0.0
170,30-34,old_vaccine,0.0,0.0,0.0,0.0
170,30-34,new_vaccine,0.0,0.0,0.0,0.0
170,35-39,unvaccinated,1126.5,10912.5,11.5,0.0
170,35-39,old_vaccine,0.0,0.0,0.0,0.0
170,35-39,new_vaccine,0.0,0.0,0.0,0.0
170,40-44,unvaccinated,1143.0,10450.5,19.0,0.0
170,40-44,old_vaccine,0.0,0.0,0.0,0.0
170,40-44,new_vaccine,0.0,0.0,0.0,0.0
170,45-49,unvaccinated,1380.0,9827.0,37.5,0.0
170,45-49,old_vaccine,0.0,0.0,0.0,0.0
170,45-49,new_vaccine,0.0,0.0,0.0,0.0
170,50-54,unvaccinated,2416.0,9910.0,91.0,0.0
170,50-54,old_vaccine,0.0,0.0,0.0,0.0
170,50-54,new_vaccine,0.0,0.0,0.0,0.0
170,55-59,unvaccinated,3098.0,8944.5,120.5,0.0
170,55-59,old_vaccine,0.0,0.0,0.0,0.0
170,55-59,new_vaccine,0.0,0.0,0.0,0.0
170,60-64,unvaccinated,2981.0,7289.5,288.0,0.0
170,60-64,old_vaccine,0.0,0.0,0.0,0.0
170,60-64,new_vaccine,0.0,0.0,0.0,0.0
170,65-69,unvaccinated,4824.0,4214.0,521.0,0.0
170,65-69,old_vaccine,0.0,0.0,0.0,0.0
170,65-69,new_vaccine,0.0,0.0,0.0,0.0
170,70-74,unvaccinated,5564.0,3239.5,1053.5,0.0
170,70-74,old_vaccine,0.0,0.0,0.0,0.0
170,70-74,new_vaccine,0.0,0.0,0.0,0.0
170,75+,unvaccinated,10100.0,5064.5,3385.0,0.0
170,75+,old_vaccine,0.0,0.0,0.0,0.0
170,75+,new_vaccine,0.0,0.0,0.0,0.0
171,0-4,unvaccinated,679.0,9613.5,12.0,0.0
171,0-4,old_vaccine,0.0,0.0,0.0,0.0
171,0-4,new_vaccine,0.0,0.0,0.0,0.0
171,5-9,unvaccinated,173.5,10829.5,0.0,0.0
171,5-9,old_vaccine,0.0,0.0,0.0,0.0
171,5-9,new_vaccine,0.0,0.0,0.0,0.0
171,10-14,unvaccinated,244.5,10178.0,2.0,0.0
171,10-14,old_vaccine,0.0,0.0,0.0,0.0
171,10-14,new_vaccine,0.0,0.0,0.0,0.0
171,15-19,unvaccinated,225.5,9521.0,1.5,0.0
171,15-19,old_vaccine,0.0,0.0,0.0,0.0
171,15-19,new_vaccine,0.0,0.0,0.0,0.0
171,20-24,unvaccinated,718.5,10033.5,4.0,0.0
171,20-24,old_vaccine,0.0,0.0,0.0,0.0
171,20-24,new_vaccine,0.0,0.0,0.0,0.0
171,25-29,unvaccinated,1189.0,10862.0,5.0,0.0
171,25-29,old_vaccine,0.0,0.0,0.0,0.0
171,25-29,new_vaccine,0.0,0.0,0.0,0.0
171,30-34,unvaccinated,1236.0,10951.5,6.0,0.0
171,30-34,old_vaccine,0.0,0.0,0.0,0.0
171,30-34,new_vaccine,0.0,0.0,0.0,0.0
171,35-39,unvaccinated,1118.5,10941.0,12.0,0.0
171,35-39,old_vaccine,0.0,0.0,0.0,0.0
171,35-39,new_vaccine,0.0,0.0,0.0,0.0
171,40-44,unvaccinated,1141.5,10426.0,18.0,0.0
171,40-44,old_vaccine,0.0,0.0,0.0,0.0
171,40-44,new_vaccine,0.0,0.0,0.0,0.0
171,45-49,unvaccinated,1378.5,9809.5,36.5,0.0
171,45-49,old_vaccine,0.0,0.0,0.0,0.0
171,45-49,new_vaccine,0.0,0.0,0.0,0.0
171,50-54,unvaccinated,2407.0,9925.5,90.5,0.0
171,50-54,old_vaccine,0.0,0.0,0.0,0.0
171,50-54,new_vaccine,0.0,0.0,0.0,0.0
171,55-59,unvaccinated,3111.5,8920.5,121.5,0.0
171,55-59,old_vaccine,0.0,0.0,0.0,0.0
171,55-59,new_vaccine,0.0,0.0,0.0,0.0
171,60-64,unvaccinated,2990.5,7300.5,287.0,0.0
171,60-64,old_vaccine,0.0,0.0,0.0,0.0
171,60-64,new_vaccine,0.0,0.0,0.0,0.0
171,65-69,unvaccinated,4809.5,4222.0,523.5,0.0
171,65-69,old_vaccine,0.0,0.0,0.0,0.0
171,65-69,new_vaccine,0.0,0.0,0.0,0.0
171,70-74,unvaccinated,5524.0,3231.0,1055.5,0.0
171,70-74,old_vaccine,0.0,0.0,0.0,0.0
171,70-74,new_vaccine,0.0,0.0,0.0,0.0
171,75+,unvaccinated,10109.0,5055.5,3392.5,0.0
171,75+,old_vaccine,0.0,0.0,0.0,0.0
171,75+,new_vaccine,0.0,0.0,0.0,0.0
172,0-4,unvaccinated,685.5,9622.5,12.0,0.0
172,0-4,old_vaccine,0.0,0.0,0.0,0.0
172,0-4,new_vaccine,0.0,0.0,0.0,0.0
172,5-9,unvaccinated,172.5,10809.0,0.0,0.0
172,5-9,old_vaccine,0.0,0.0,0.0,0.0
172,5-9,new_vaccine,0.0,0.0,0.0,0.0
172,10-14,unvaccinated,242.5,10191.0,2.0,0.0
172,10-14,old_vaccine,0.0,0.0,0.0,0.0
172,10-14,new_vaccine,0.0,0.0,0.0,0.0
172,15-19,unvaccinated,225.5,9536.5,2.0,0.0
172,15-19,old_vaccine,0.0,0.0,0.0,0.0
172,15-19,new_vaccine,0.0,0.0,0.0,0.0
172,20-24,unvaccinated,723.0,10008.5,4.0,0.0
172,20-24,old_vaccine,0.0,0.0,0.0,0.0
172,20-24,new_vaccine,0.0,0.0,0.0,0.0
172,25-29,unvaccinated,1189.5,10858.0,5.0,0.0
172,25-29,old_vaccine,0.0,0.0,0.0,0.0
172,25-29,new_vaccine,0.0,0.0,0.0,0.0
172,30-34,unvaccinated,1221.0,10939.5,6.0,0.0
172,30-34,old_vaccine,0.0,0.0,0.0,0.0
172,30-34,new_vaccine,0.0,0.0,0.0,0.0
172,35-39,unvaccinated,1118.0,10901.0,12.5,0.0
172,35-39,old_vaccine,0.0,0.0,0.0,0.0
172,35-39,new_vaccine,0.0,0.0,0.0,0.0
172,40-44,unvaccinated,1136.5,10441.0,18.5,0.0
172,40-44,old_vaccine,0.0,0.0,0.0,0.0
172,40-44,new_vaccine,0.0,0.0,0.0,0.0
172,45-49,unvaccinated,1377.5,9791.0,37.0,0.0
172,45-49,old_vaccine,0.0,0.0,0.0,0.0
172,45-49,new_vaccine,0.0,0.0,0.0,0.0
172,50-54,unvaccinated,2416.5,9906.0,91.0,0.0
172,50-54,old_vaccine,0.0,0.0,0.0,0.0
172,50-54,new_vaccine,0.0,0.0,0.0,0.0
172,55-59,unvaccinated,3107.0,8926.5,122.5,0.0
172,55-59,old_vaccine,0.0,0.0,0.0,0.0
172,55-59,new_vaccine,0.0,0.0,0.0,0.0
172,60-64,unvaccinated,3001.0,7314.5,286.5,0.0
172,60-64,old_vaccine,0.0,0.0,0.0,0.0
172,60-64,new_vaccine,0.0,0.0,0.0,0.0
172,65-69,unvaccinated,4809.5,4224.5,522.5,0.0
172,65-69,old_vaccine,0.0,0.0,0.0,0.0
172,65-69,new_vaccine,0.0,0.0,0.0,0.0
172,70-74,unvaccinated,5503.0,3239.0,1057.0,0.0
172,70-74,old_vaccine,0.0,0.0,0.0,0.0
172,70-74,new_vaccine,0.0,0.0,0.0,0.0
172,75+,unvaccinated,10122.5,5058.0,3399.5,0.0
172,75+,old_vaccine,0.0,0.0,0.0,0.0
172,75+,new_vaccine,0.0,0.0,0.0,0.0
173,0-4,unvaccinated,684.0,9627.0,11.5,0.0
173,0-4,old_vaccine,0.0,0.0,0.0,0.0
173,0-4,new_vaccine,0.0,0.0,0.0,0.0
173,5-9,unvaccinated,170.0,10813.0,0.0,0.0
173,5-9,old_vaccine,0.0,0.0,0.0,0.0
173,5-9,new_vaccine,0.0,0.0,0.0,0.0
173,10-14,unvaccinated,242.0,10233.0,2.0,0.0
173,10-14,old_vaccine,0.0,0.0,0.0,0.0
173,10-14,new_vaccine,0.0,0.0,0.0,0.0
173,15-19,unvaccinated,224.5,9556.5,2.0,0.0
173,15-19,old_vaccine,0.0,0.0,0.0,0.0
173,15-19,new_vaccine,0.0,0.0,0.0,0.0
173,20-24,unvaccinated,713.5,10010.0,4.0,0.0
173,20-24,old_vaccine,0.0,0.0,0.0,0.0
173,20-24,new_vaccine,0.0,0.0,0.0,0.0
173,25-29,unvaccinated,1182.5,10838.0,5.0,0.0
173,25-29,old_vaccine,0.0,0.0,0.0,0.0
173,25-29,new_vaccine,0.0,0.0,0.0,0.0
173,30-34,unvaccinated,1215.0,10967.5,6.0,0.0
173,30-34,old_vaccine,0.0,0.0,0.0,0.0
173,30-34,new_vaccine,0.0,0.0,0.0,0.0
173,35-39,unvaccinated,1115.5,10864.5,12.5,0.0
173,35-39,old_vaccine,0.0,0.0,0.0,0.0
173,35-39,new_vaccine,0.0,0.0,0.0,0.0
173,40-44,unvaccinated,1137.5,10369.5,18.5,0.0
173,40-44,old_vaccine,0.0,0.0,0.0,0.0
173,40-44,new_vaccine,0.0,0.0,0.0,0.0
173,45-49,unvaccinated,1369.0,9816.0,36.5,0.0
173,45-49,old_vaccine,0.0,0.0,0.0,0.0
173,45-49,new_vaccine,0.0,0.0,0.0,0.0
173,50-54,unvaccinated,2411.5,9917.5,92.5,0.0
173,50-54,old_vaccine,0.0,0.0,0.0,0.0
173,50-54,new_vaccine,0.0,0.0,0.0,0.0
173,55-59,unvaccinated,3124.5,8914.0,125.5,0.0
173,55-59,old_vaccine,0.0,0.0,0.0,0.0
173,55-59,new_vaccine,0.0,0.0,0.0,0.0
173,60-64,unvaccinated,2996.5,7298.0,287.5,0.0
173,60-64,old_vaccine,0.0,0.0,0.0,0.0
173,60-64,new_vaccine,0.0,0.0,0.0,0.0
173,65-69,unvaccinated,4801.0,4242.5,521.5,0.0
173,65-69,old_vaccine,0.0,0.0,0.0,0.0
173,65-69,new_vaccine,0.0,0.0,0.0,0.0
173,70-74,unvaccinated,5512.0,3245.5,1056.5,0.0
173,70-74,old_vaccine,0.0,0.0,0.0,0.0
173,70-74,new_vaccine,0.0,0.0,0.0,0.0
173,75+,unvaccinated,10101.0,5059.5,3401.0,0.0
173,75+,old_vaccine,0.0,0.0,0.0,0.0
173,75+,new_vaccine,0.0,0.0,0.0,0.0
174,0-4,unvaccinated,685.0,9605.5,10.5,0.0
174,0-4,old_vaccine,0.0,0.0,0.0,0.0
174,0-4,new_vaccine,0.0,0.0,0.0,0.0
174,5-9,unvaccinated,173.5,10812.0,0.0,0.0
174,5-9,old_vaccine,0.0,0.0,0.0,0.0
174,5-9,new_vaccine,0.0,0.0,0.0,0.0
174,10-14,unvaccinated,241.5,10190.5,2.0,0.0
174,10-14,old_vaccine,0.0,0.0,0.0,0.0
174,10-14,new_vaccine,0.0,0.0,0.0,0.0
174,15-19,unvaccinated,227.0,9544.0,2.0,0.0
174,15-19,old_vaccine,0.0,0.0,0.0,0.0
174,15-19,new_vaccine,0.0,0.0,0.0,0.0
174,20-24,unvaccinated,709.0,10025.5,4.0,0.0
174,20-24,old_vaccine,0.0,0.0,0.0,0.0
174,20-24,new_vaccine,0.0,0.0,0.0,0.0
174,25-29,unvaccinated,1177.5,10811.5,4.5,0.0
174,25-29,old_vaccine,0.0,0.0,0.0,0.0
174,25-29,new_vaccine,0.0,0.0,0.0,0.0
174,30-34,unvaccinated,1213.5,11000.0,6.0,0.0
174,30-34,old_vaccine,0.0,0.0,0.0,0.0
174,30-34,new_vaccine,0.0,0.0,0.0,0.0
174,35-39,unvaccinated,1112.0,10870.5,12.5,0.0
174,35-39,old_vaccine,0.0,0.0,0.0,0.0
174,35-39,new_vaccine,0.0,0.0,0.0,0.0
174,40-44,unvaccinated,1140.0,10363.0,18.0,0.0
174,40-44,old_vaccine,0.0,0.0,0.0,0.0
174,40-44,new_vaccine,0.0,0.0,0.0,0.0
174,45-49,unvaccinated,1373.5,9827.0,36.5,0.0
174,45-49,old_vaccine,0.0,0.0,0.0,0.0
174,45-49,new_vaccine,0.0,0.0,0.0,0.0
174,50-54,unvaccinated,2401.0,9945.5,91.5,0.0
174,50-54,old_vaccine,0.0,0.0,0.0,0.0
174,50-54,new_vaccine,0.0,0.0,0.0,0.0
174,55-59,unvaccinated,3112.0,8902.0,126.5,0.0
174,55-59,old_vaccine,0.0,0.0,0.0,0.0
174,55-59,new_vaccine,0.0,0.0,0.0,0.0
174,60-64,unvaccinated,3001.5,7283.0,287.0,0.0
174,60-64,old_vaccine,0.0,0.0,0.0,0.0
174,60-64,new_vaccine,0.0,0.0,0.0,0.0
174,65-69,unvaccinated,4787.5,4249.0,523.0,0.0
174,65-69,old_vaccine,0.0,0.0,0.0,0.0
174,65-69,new_vaccine,0.0,0.0,0.0,0.0
174,70-74,unvaccinated,5512.5,3254.0,1059.0,0.0
174,70-74,old_vaccine,0.0,0.0,0.0,0.0
174,70-74,new_vaccine,0.0,0.0,0.0,0.0
174,75+,unvaccinated,10134.0,5039.5,3409.0,0.0
174,75+,old_vaccine,0.0,0.0,0.0,0.0
174,75+,new_vaccine,0.0,0.0,0.0,0.0
175,0-4,unvaccinated,693.5,9599.0,10.0,0.0
175,0-4,old_vaccine,0.0,0.0,0.0,0.0
175,0-4,new_vaccine,0.0,0.0,0.0,0.0
175,5-9,unvaccinated,173.0,10870.5,0.0,0.0
175,5-9,old_vaccine,0.0,0.0,0.0,0.0
175,5-9,new_vaccine,0.0,0.0,0.0,0.0
175,10-14,unvaccinated,245.5,10178.0,2.5,0.0
175,10-14,old_vaccine,0.0,0.0,0.0,0.0
175,10-14,new_vaccine,0.0,0.0,0.0,0.0
175,15-19,unvaccinated,226.0,9580.0,2.0,0.0
175,15-19,old_vaccine,0.0,0.0,0.0,0.0
175,15-19,new_vaccine,0.0,0.0,0.0,0.0
175,20-24,unvaccinated,704.0,9991.0,4.0,0.0
175,20-24,old_vaccine,0.0,0.0,0.0,0.0
175,20-24,new_vaccine,0.0,0.0,0.0,0.0
175,25-29,unvaccinated,1173.5,10811.5,5.0,0.0
175,25-29,old_vaccine,0.0,0.0,0.0,0.0
175,25-29,new_vaccine,0.0,0.0,0.0,0.0
175,30-34,unvaccinated,1220.0,11005.5,6.0,0.0
175,30-34,old_vaccine,0.0,0.0,0.0,0.0
175,30-34,new_vaccine,0.0,0.0,0.0,0.0
175,35-39,unvaccinated,1119.0,10882.0,12.5,0.0
175,35-39,old_vaccine,0.0,0.0,0.0,0.0
175,35-39,new_vaccine,0.0,0.0,0.0,0.0
175,40-44,unvaccinated,1150.0,10348.0,17.0,0.0
175,40-44,old_vaccine,0.0,0.0,0.0,0.0
175,40-44,new_vaccine,0.0,0.0,0.0,0.0
175,45-49,unvaccinated,1377.0,9845.5,34.5,0.0
175,45-49,old_vaccine,0.0,0.0,0.0,0.0
175,45-49,new_vaccine,0.0,0.0,0.0,0.0
175,50-54,unvaccinated,2407.5,9964.0,90.5,0.0
175,50-54,old_vaccine,0.0,0.0,0.0,0.0
175,50-54,new_vaccine,0.0,0.0,0.0,0.0
175,55-59,unvaccinated,3106.5,8889.0,125.5,0.0
175,55-59,old_vaccine,0.0,0.0,0.0,0.0
175,55-59,new_vaccine,0.0,0.0,0.0,0.0
175,60-64,unvaccinated,2999.0,7269.5,284.5,0.0
175,60-64,old_vaccine,0.0,0.0,0.0,0.0
175,60-64,new_vaccine,0.0,0.0,0.0,0.0
175,65-69,unvaccinated,4794.0,4244.0,520.5,0.0
175,65-69,old_vaccine,0.0,0.0,0.0,0.0
175,65-69,new_vaccine,0.0,0.0,0.0,0.0
175,70-74,unvaccinated,5498.0,3239.0,1056.5,0.0
175,70-74,old_vaccine,0.0,0.0,0.0,0.0
175,70-74,new_vaccine,0.0,0.0,0.0,0.0
175,75+,unvaccinated,10123.5,5043.5,3413.5,0.0
175,75+,old_vaccine,0.0,0.0,0.0,0.0
175,75+,new_vaccine,0.0,0.0,0.0,0.0
176,0-4,unvaccinated,687.0,9582.5,10.5,0.0
176,0-4,old_vaccine,0.0,0.0,0.0,0.0
176,0-4,new_vaccine,0.0,0.0,0.0,0.0
176,5-9,unvaccinated,172.0,10840.0,0.0,0.0
176,5-9,old_vaccine,0.0,0.0,0.0,0.0
176,5-9,new_vaccine,0.0,0.0,0.0,0.0
176,10-14,unvaccinated,248.0,10199.5,2.5,0.0
176,10-14,old_vaccine,0.0,0.0,0.0,0.0
176,10-14,new_vaccine,0.0,0.0,0.0,0.0
176,15-19,unvaccinated,226.5,9554.0,2.5,0.0
176,15-19,old_vaccine,0.0,0.0,0.0,0.0
176,15-19,new_vaccine,0.0,0.0,0.0,0.0
176,20-24,unvaccinated,693.5,10002.0,4.0,0.0
176,20-24,old_vaccine,0.0,0.0,0.0,0.0
176,20-24,new_vaccine,0.0,0.0,0.0,0.0
176,25-29,unvaccinated,1182.5,10790.5,5.0,0.0
176,25-29,old_vaccine,0.0,0.0,0.0,0.0
176,25-29,new_vaccine,0.0,0.0,0.0,0.0
176,30-34,unvaccinated,1221.5,10996.0,6.0,0.0
176,30-34,old_vaccine,0.0,0.0,0.0,0.0
176,30-34,new_vaccine,0.0,0.0,0.0,0.0
176,35-39,unvaccinated,1117.0,10877.0,12.0,0.0
176,35-39,old_vaccine,0.0,0.0,0.0,0.0
176,35-39,new_vaccine,0.0,0.0,0.0,0.0
176,40-44,unvaccinated,1155.5,10342.5,16.5,0.0
176,40-44,old_vaccine,0.0,0.0,0.0,0.0
176,40-44,new_vaccine,0.0,0.0,0.0,0.0
176,45-49,unvaccinated,1370.0,9846.0,34.0,0.0
176,45-49,old_vaccine,0.0,0.0,0.0,0.0
176,45-49,new_vaccine,0.0,0.0,0.0,0.0
176,50-54,unvaccinated,2425.5,9975.5,89.5,0.0
176,50-54,old_vaccine,0.0,0.0,0.0,0.0
176,50-54,new_vaccine,0.0,0.0,0.0,0.0
176,55-59,unvaccinated,3093.5,8898.0,124.5,0.0
176,55-59,old_vaccine,0.0,0.0,0.0,0.0
176,55-59,new_vaccine,0.0,0.0,0.0,0.0
176,60-64,unvaccinated,3007.5,7286.5,283.0,0.0
176,60-64,old_vaccine,0.0,0.0,0.0,0.0
176,60-64,new_vaccine,0.0,0.0,0.0,0.0
176,65-69,unvaccinated,4790.0,4252.0,522.5,0.0
176,65-69,old_vaccine,0.0,0.0,0.0,0.0
176,65-69,new_vaccine,0.0,0.0,0.0,0.0
176,70-74,unvaccinated,5522.0,3239.5,1058.5,0.0
176,70-74,old_vaccine,0.0,0.0,0.0,0.0
176,70-74,new_vaccine,0.0,0.0,0.0,0.0
176,75+,unvaccinated,10106.5,5029.5,3416.0,0.0
176,75+,old_vaccine,0.0,0.0,0.0,0.0
176,75+,new_vaccine,0.0,0.0,0.0,0.0
177,0-4,unvaccinated,683.5,9568.5,10.5,0.0
177,0-4,old_vaccine,0.0,0.0,0.0,0.0
177,0-4,new_vaccine,0.0,0.0,0.0,0.0
177,5-9,unvaccinated,173.5,10847.0,0.0,0.0
177,5-9,old_vaccine,0.0,0.0,0.0,0.0
177,5-9,new_vaccine,0.0,0.0,0.0,0.0
177,10-14,unvaccinated,247.0,10202.0,2.5,0.0
177,10-14,old_vaccine,0.0,0.0,0.0,0.0
177,10-14,new_vaccine,0.0,0.0,0.0,0.0
177,15-19,unvaccinated,230.0,9560.0,2.0,0.0
177,15-19,old_vaccine,0.0,0.0,0.0,0.0
177,15-19,new_vaccine,0.0,0.0,0.0,0.0
177,20-24,unvaccinated,690.5,10000.0,4.0,0.0
177,20-24,old_vaccine,0.0,0.0,0.0,0.0
177,20-24,new_vaccine,0.0,0.0,0.0,0.0
177,25-29,unvaccinated,1183.5,10805.5,5.5,0.0
177,25-29,old_vaccine,0.0,0.0,0.0,0.0
177,25-29,new_vaccine,0.0,0.0,0.0,0.0
177,30-34,unvaccinated,1218.0,11035.5,6.5,0.0
177,30-34,old_vaccine,0.0,0.0,0.0,0.0
177,30-34,new_vaccine,0.0,0.0,0.0,0.0
177,35-39,unvaccinated,1117.5,10876.5,13.0,0.0
177,35-39,old_vaccine,0.0,0.0,0.0,0.0
177,35-39,new_vaccine,0.0,0.0,0.0,0.0
177,40-44,unvaccinated,1145.5,10303.5,17.5,0.0
177,40-44,old_vaccine,0.0,0.0,0.0,0.0
177,40-44,new_vaccine,0.0,0.0,0.0,0.0
177,45-49,unvaccinated,1373.5,9916.5,35.0,0.0
177,45-49,old_vaccine,0.0,0.0,0.0,0.0
177,45-49,new_vaccine,0.0,0.0,0.0,0.0
177,50-54,unvaccinated,2424.0,9964.5,90.0,0.0
177,50-54,old_vaccine,0.0,0.0,0.0,0.0
177,50-54,new_vaccine,0.0,0.0,0.0,0.0
177,55-59,unvaccinated,3106.0,8890.0,125.5,0.0
177,55-59,old_vaccine,0.0,0.0,0.0,0.0
177,55-59,new_vaccine,0.0,0.0,0.0,0.0
177,60-64,unvaccinated,3000.5,7276.5,284.0,0.0
177,60-64,old_vaccine,0.0,0.0,0.0,0.0
177,60-64,new_vaccine,0.0,0.0,0.0,0.0
177,65-69,unvaccinated,4796.5,4225.5,522.5,0.0
177,65-69,old_vaccine,0.0,0.0,0.0,0.0
177,65-69,new_vaccine,0.0,0.0,0.0,0.0
177,70-74,unvaccinated,5509.5,3250.5,1062.0,0.0
177,70-74,old_vaccine,0.0,0.0,0.0,0.0
177,70-74,new_vaccine,0.0,0.0,0.0,0.0
177,75+,unvaccinated,10113.0,5034.5,3415.0,0.0
177,75+,old_vaccine,0.0,0.0,0.0,0.0
177,75+,new_vaccine,0.0,0.0,0.0,0.0
178,0-4,unvaccinated,688.5,9550.5,10.5,0.0
178,0-4,old_vaccine,0.0,0.0,0.0,0.0
178,0-4,new_vaccine,0.0,0.0,0.0,0.0
178,5-9,unvaccinated,175.0,10799.0,0.0,0.0
178,5-9,old_vaccine,0.0,0.0,0.0,0.0
178,5-9,new_vaccine,0.0,0.0,0.0,0.0
178,10-14,unvaccinated,244.0,10211.5,2.5,0.0
178,10-14,old_vaccine,0.0,0.0,0.0,0.0
178,10-14,new_vaccine,0.0,0.0,0.0,0.0
178,15-19,unvaccinated,229.5,9555.5,2.0,0.0
178,15-19,old_vaccine,0.0,0.0,0.0,0.0
178,15-19,new_vaccine,0.0,0.0,0.0,0.0
178,20-24,unvaccinated,689.5,9968.0,4.0,0.0
178,20-24,old_vaccine,0.0,0.0,0.0,0.0
178,20-24,new_vaccine,0.0,0.0,0.0,0.0
178,25-29,unvaccinated,1185.5,10814.0,5.0,0.0
178,25-29,old_vaccine,0.0,0.0,0.0,0.0
178,25-29,new_vaccine,0.0,0.0,0.0,0.0
178,30-34,unvaccinated,1216.0,11026.5,6.5,0.0
178,30-34,old_vaccine,0.0,0.0,0.0,0.0
178,30-34,new_vaccine,0.0,0.0,0.0,0.0
178,35-39,unvaccinated,1111.5,10881.5,13.0,0.0
178,35-39,old_vaccine,0.0,0.0,0.0,0.0
178,35-39,new_vaccine,0.0,0.0,0.0,0.0
178,40-44,unvaccinated,1147.0,10315.0,16.5,0.0
178,40-44,old_vaccine,0.0,0.0,0.0,0.0
178,40-44,new_vaccine,0.0,0.0,0.0,0.0
178,45-49,unvaccinated,1379.0,9895.5,34.5,0.0
178,45-49,old_vaccine,0.0,0.0,0.0,0.0
178,45-49,new_vaccine,0.0,0.0,0.0,0.0
178,50-54,unvaccinated,2424.5,9952.5,90.0,0.0
178,50-54,old_vaccine,0.0,0.0,0.0,0.0
178,50-54,new_vaccine,0.0,0.0,0.0,0.0
178,55-59,unvaccinated,3096.0,8902.5,124.5,0.0
178,55-59,old_vaccine,0.0,0.0,0.0,0.0
178,55-59,new_vaccine,0.0,0.0,0.0,0.0
178,60-64,unvaccinated,2992.0,7287.0,284.0,0.0
178,60-64,old_vaccine,0.0,0.0,0.0,0.0
178,60-64,new_vaccine,0.0,0.0,0.0,0.0
178,65-69,unvaccinated,4813.0,4241.0,521.0,0.0
178,65-69,old_vaccine,0.0,0.0,0.0,0.0
178,65-69,new_vaccine,0.0,0.0,0.0,0.0
178,70-74,unvaccinated,5522.0,3243.0,1065.5,0.0
178,70-74,old_vaccine,0.0,0.0,0.0,0.0
178,70-74,new_vaccine,0.0,0.0,0.0,0.0
178,75+,unvaccinated,10122.0,5026.0,3418.0,0.0
178,75+,old_vaccine,0.0,0.0,0.0,0.0
178,75+,new_vaccine,0.0,0.0,0.0,0.0
179,0-4,unvaccinated,684.5,9531.5,11.5,0.0
179,0-4,old_vaccine,0.0,0.0,0.0,0.0
179,0-4,new_vaccine,0.0,0.0,0.0,0.0
179,5-9,unvaccinated,172.0,10819.5,0.5,0.0
179,5-9,old_vaccine,0.0,0.0,0.0,0.0
179,5-9,new_vaccine,0.0,0.0,0.0,0.0
179,10-14,unvaccinated,239.0,10224.0,2.0,0.0
179,10-14,old_vaccine,0.0,0.0,0.0,0.0
179,10-14,new_vaccine,0.0,0.0,0.0,0.0
179,15-19,unvaccinated,237.5,9530.5,2.0,0.0
179,15-19,old_vaccine,0.0,0.0,0.0,0.0
179,15-19,new_vaccine,0.0,0.0,0.0,0.0
179,20-24,unvaccinated,688.0,9997.0,4.5,0.0
179,20-24,old_vaccine,0.0,0.0,0.0,0.0
179,20-24,new_vaccine,0.0,0.0,0.0,0.0
179,25-29,unvaccinated,1193.5,10815.5,5.0,0.0
179,25-29,old_vaccine,0.0,0.0,0.0,0.0
179,25-29,new_vaccine,0.0,0.0,0.0,0.0
179,30-34,unvaccinated,1217.0,11002.5,6.5,0.0
179,30-34,old_vaccine,0.0,0.0,0.0,0.0
179,30-34,new_vaccine,0.0,0.0,0.0,0.0
179,35-39,unvaccinated,1117.5,10909.5,13.0,0.0
179,35-39,old_vaccine,0.0,0.0,0.0,0.0
179,35-39,new_vaccine,0.0,0.0,0.0,0.0
179,40-44,unvaccinated,1153.5,10355.5,16.0,0.0
179,40-44,old_vaccine,0.0,0.0,0.0,0.0
179,40-44,new_vaccine,0.0,0.0,0.0,0.0
179,45-49,unvaccinated,1391.0,9909.5,34.0,0.0
179,45-49,old_vaccine,0.0,0.0,0.0,0.0
179,45-49,new_vaccine,0.0,0.0,0.0,0.0
179,50-54,unvaccinated,2427.5,9929.5,89.0,0.0
179,50-54,old_vaccine,0.0,0.0,0.0,0.0
179,50-54,new_vaccine,0.0,0.0,0.0,0.0
179,55-59,unvaccinated,3089.5,8931.0,126.0,0.0
179,55-59,old_vaccine,0.0,0.0,0.0,0.0
179,55-59,new_vaccine,0.0,0.0,0.0,0.0
179,60-64,unvaccinated,2991.5,7299.5,284.5,0.0
179,60-64,old_vaccine,0.0,0.0,0.0,0.0
179,60-64,new_vaccine,0.0,0.0,0.0,0.0
179,65-69,unvaccinated,4819.0,4236.0,523.0,0.0
179,65-69,old_vaccine,0.0,0.0,0.0,0.0
179,65-69,new_vaccine,0.0,0.0,0.0,0.0
179,70-74,unvaccinated,5532.5,3229.5,1064.0,0.0
179,70-74,old_vaccine,0.0,0.0,0.0,0.0
179,70-74,new_vaccine,0.0,0.0,0.0,0.0
179,75+,unvaccinated,10102.5,5012.5,3417.5,0.0
179,75+,old_vaccine,0.0,0.0,0.0,0.0
179,75+,new_vaccine,0.0,0.0,0.0,0.0
180,0-4,unvaccinated,681.0,9548.0,11.5,0.0
180,0-4,old_vaccine,0.0,0.0,0.0,0.0
180,0-4,new_vaccine,0.0,0.0,0.0,0.0
180,5-9,unvaccinated,171.5,10811.0,0.5,0.0
180,5-9,old_vaccine,0.0,0.0,0.0,0.0
180,5-9,new_vaccine,0.0,0.0,0.0,0.0
180,10-14,unvaccinated,239.0,10204.0,2.0,0.0
180,10-14,old_vaccine,0.0,0.0,0.0,0.0
180,10-14,new_vaccine,0.0,0.0,0.0,0.0
180,15-19,unvaccinated,236.5,9519.5,2.5,0.0
180,15-19,old_vaccine,0.0,0.0,0.0,0.0
180,15-19,new_vaccine,0.0,0.0,0.0,0.0
180,20-24,unvaccinated,686.0,10018.5,4.5,0.0
180,20-24,old_vaccine,0.0,0.0,0.0,0.0
180,20-24,new_vaccine,0.0,0.0,0.0,0.0
180,25-29,unvaccinated,1201.5,10826.0,5.0,0.0
180,25-29,old_vaccine,0.0,0.0,0.0,0.0
180,25-29,new_vaccine,0.0,0.0,0.0,0.0
180,30-34,unvaccinated,1219.0,10978.5,7.5,0.0
180,30-34,old_vaccine,0.0,0.0,0.0,0.0
180,30-34,new_vaccine,0.0,0.0,0.0,0.0
180,35-39,unvaccinated,1116.5,10926.0,12.5,0.0
180,35-39,old_vaccine,0.0,0.0,0.0,0.0
180,35-39,new_vaccine,0.0,0.0,0.0,0.0
180,40-44,unvaccinated,1152.5,10392.0,16.0,0.0
180,40-44,old_vaccine,0.0,0.0,0.0,0.0
180,40-44,new_vaccine,0.0,0.0,0.0,0.0
180,45-49,unvaccinated,1389.5,9909.0,34.5,0.0
180,45-49,old_vaccine,0.0,0.0,0.0,0.0
180,45-49,new_vaccine,0.0,0.0,0.0,0.0
180,50-54,unvaccinated,2427.0,9930.0,89.5,0.0
180,50-54,old_vaccine,0.0,0.0,0.0,0.0
180,50-54,new_vaccine,0.0,0.0,0.0,0.0
180,55-59,unvaccinated,3106.5,8901.0,124.5,0.0
180,55-59,old_vaccine,0.0,0.0,0.0,0.0
180,55-59,new_vaccine,0.0,0.0,0.0,0.0
180,60-64,unvaccinated,2984.0,7280.0,285.5,0.0
180,60-64,old_vaccine,0.0,0.0,0.0,0.0
180,60-64,new_vaccine,0.0,0.0,0.0,0.0
180,65-69,unvaccinated,4841.0,4232.0,524.5,0.0
180,65-69,old_vaccine,0.0,0.0,0.0,0.0
180,65-69,new_vaccine,0.0,0.0,0.0,0.0
180,70-74,unvaccinated,5560.0,3231.0,1063.0,0.0
180,70-74,old_vaccine,0.0,0.0,0.0,0.0
180,70-74,new_vaccine,0.0,0.0,0.0,0.0
180,75+,unvaccinated,10074.5,5013.5,3419.5,0.0
180,75+,old_vaccine,0.0,0.0,0.0,0.0
180,75+,new_vaccine,0.0,0.0,0.0,0.0
181,0-4,unvaccinated,689.0,9559.0,12.0,0.0
181,0-4,old_vaccine,0.0,0.0,0.0,0.0
181,0-4,new_vaccine,0.0,0.0,0.0,0.0
181,5-9,unvaccinated,171.0,10788.5,1.0,0.0
181,5-9,old_vaccine,0.0,0.0,0.0,0.0
181,5-9,new_vaccine,0.0,0.0,0.0,0.0
181,10-14,unvaccinated,236.5,10226.0,2.0,0.0
181,10-14,old_vaccine,0.0,0.0,0.0,0.0
181,10-14,new_vaccine,0.0,0.0,0.0,0.0
181,15-19,unvaccinated,236.5,9503.0,2.5,0.0
181,15-19,old_vaccine,0.0,0.0,0.0,0.0
181,15-19,new_vaccine,0.0,0.0,0.0,0.0
181,20-24,unvaccinated,693.5,10046.0,4.5,0.0
181,20-24,old_vaccine,0.0,0.0,0.0,0.0
181,20-24,new_vaccine,0.0,0.0,0.0,0.0
181,25-29,unvaccinated,1217.0,10837.0,4.5,0.0
181,25-29,old_vaccine,0.0,0.0,0.0,0.0
181,25-29,new_vaccine,0.0,0.0,0.0,0.0
181,30-34,unvaccinated,1227.0,10989.5,7.5,0.0
181,30-34,old_vaccine,0.0,0.0,0.0,0.0
181,30-34,new_vaccine,0.0,0.0,0.0,0.0
181,35-39,unvaccinated,1109.0,10915.0,12.0,0.0
181,35-39,old_vaccine,0.0,0.0,0.0,0.0
181,35-39,new_vaccine,0.0,0.0,0.0,0.0
181,40-44,unvaccinated,1162.0,10411.0,16.5,0.0
181,40-44,old_vaccine,0.0,0.0,0.0,0.0
181,40-44,new_vaccine,0.0,0.0,0.0,0.0
181,45-49,unvaccinated,1381.0,9890.5,34.5,0.0
181,45-49,old_vaccine,0.0,0.0,0.0,0.0
181,45-49,new_vaccine,0.0,0.0,0.0,0.0
181,50-54,unvaccinated,2411.5,9893.5,89.5,0.0
181,50-54,old_vaccine,0.0,0.0,0.0,0.0
181,50-54,new_vaccine,0.0,0.0,0.0,0.0
181,55-59,unvaccinated,3123.5,8919.0,124.0,0.0
181,55-59,old_vaccine,0.0,0.0,0.0,0.0
181,55-59,new_vaccine,0.0,0.0,0.0,0.0
181,60-64,unvaccinated,2990.0,7284.5,286.0,0.0
181,60-64,old_vaccine,0.0,0.0,0.0,0.0
181,60-64,new_vaccine,0.0,0.0,0.0,0.0
181,65-69,unvaccinated,4852.0,4227.5,525.5,0.0
181,65-69,old_vaccine,0.0,0.0,0.0,0.0
181,65-69,new_vaccine,0.0,0.0,0.0,0.0
181,70-74,unvaccinated,5556.5,3230.5,1066.0,0.0
181,70-74,old_vaccine,0.0,0.0,0.0,0.0
181,70-74,new_vaccine,0.0,0.0,0.0,0.0
181,75+,unvaccinated,10088.0,5004.0,3421.5,0.0
181,75+,old_vaccine,0.0,0.0,0.0,0.0
181,75+,new_vaccine,0.0,0.0,0.0,0.0
182,0-4,unvaccinated,686.5,9553.5,12.0,0.0
182,0-4,old_vaccine,0.0,0.0,0.0,0.0
182,0-4,new_vaccine,0.0,0.0,0.0,0.0
182,5-9,unvaccinated,176.0,10763.0,1.0,0.0
182,5-9,old_vaccine,0.0,0.0,0.0,0.0
182,5-9,new_vaccine,0.0,0.0,0.0,0.0
182,10-14,unvaccinated,233.0,10225.5,1.5,0.0
182,10-14,old_vaccine,0.0,0.0,0.0,0.0
182,10-14,new_vaccine,0.0,0.0,0.0,0.0
182,15-19,unvaccinated,237.0,9518.5,2.5,0.0
182,15-19,old_vaccine,0.0,0.0,0.0,0.0
182,15-19,new_vaccine,0.0,0.0,0.0,0.0
182,20-24,unvaccinated,700.0,10028.5,4.5,0.0
182,20-24,old_vaccine,0.0,0.0,0.0,0.0
182,20-24,new_vaccine,0.0,0.0,0.0,0.0
182,25-29,unvaccinated,1209.5,10823.0,4.5,0.0
182,25-29,old_vaccine,0.0,0.0,0.0,0.0
182,25-29,new_vaccine,0.0,0.0,0.0,0.0
182,30-34,unvaccinated,1225.0,10978.5,8.5,0.0
182,30-34,old_vaccine,0.0,0.0,0.0,0.0
182,30-34,new_vaccine,0.0,0.0,0.0,0.0
182,35-39,unvaccinated,1122.0,10905.0,12.0,0.0
182,35-39,old_vaccine,0.0,0.0,0.0,0.0
182,35-39,new_vaccine,0.0,0.0,0.0,0.0
182,40-44,unvaccinated,1149.5,10441.0,16.5,0.0
182,40-44,old_vaccine,0.0,0.0,0.0,0.0
182,40-44,new_vaccine,0.0,0.0,0.0,0.0
182,45-49,unvaccinated,1383.5,9876.5,35.5,0.0
182,45-49,old_vaccine,0.0,0.0,0.0,0.0
182,45-49,new_vaccine,0.0,0.0,0.0,0.0
182,50-54,unvaccinated,2400.0,9907.0,89.0,0.0
182,50-54,old_vaccine,0.0,0.0,0.0,0.0
182,50-54,new_vaccine,0.0,0.0,0.0,0.0
182,55-59,unvaccinated,3143.0,8924.5,123.5,0.0
182,55-59,old_vaccine,0.0,0.0,0.0,0.0
182,55-59,new_vaccine,0.0,0.0,0.0,0.0
182,60-64,unvaccinated,2980.0,7307.5,285.5,0.0
182,60-64,old_vaccine,0.0,0.0,0.0,0.0
182,60-64,new_vaccine,0.0,0.0,0.0,0.0
182,65-69,unvaccinated,4855.5,4201.0,525.5,0.0
182,65-69,old_vaccine,0.0,0.0,0.0,0.0
182,65-69,new_vaccine,0.0,0.0,0.0,0.0
182,70-74,unvaccinated,5547.5,3227.0,1062.5,0.0
182,70-74,old_vaccine,0.0,0.0,0.0,0.0
182,70-74,new_vaccine,0.0,0.0,0.0,0.0
182,75+,unvaccinated,10123.0,5019.5,3423.0,0.0
182,75+,old_vaccine,0.0,0.0,0.0,0.0
182,75+,new_vaccine,0.0,0.0,0.0,0.0
183,0-4,unvaccinated,686.5,9575.5,11.5,0.0
183,0-4,old_vaccine,0.0,0.0,0.0,0.0
183,0-4,new_vaccine,0.0,0.0,0.0,0.0
183,5-9,unvaccinated,176.5,10758.0,1.0,0.0
183,5-9,old_vaccine,0.0,0.0,0.0,0.0
183,5-9,new_vaccine,0.0,0.0,0.0,0.0
183,10-14,unvaccinated,231.0,10232.5,1.5,0.0
183,10-14,old_vaccine,0.0,0.0,0.0,0.0
183,10-14,new_vaccine,0.0,0.0,0.0,0.0
183,15-19,unvaccinated,232.5,9527.0,2.5,0.0
183,15-19,old_vaccine,0.0,0.0,0.0,0.0
183,15-19,new_vaccine,0.0,0.0,0.0,0.0
183,20-24,unvaccinated,712.0,10028.5,5.0,0.0
183,20-24,old_vaccine,0.0,0.0,0.0,0.0
183,20-24,new_vaccine,0.0,0.0,0.0,0.0
183,25-29,unvaccinated,1219.0,10838.0,4.0,0.0
183,25-29,old_vaccine,0.0,0.0,0.0,0.0
183,25-29,new_vaccine,0.0,0.0,0.0,0.0
183,30-34,unvaccinated,1237.5,10956.5,8.5,0.0
183,30-34,old_vaccine,0.0,0.0,0.0,0.0
183,30-34,new_vaccine,0.0,0.0,0.0,0.0
183,35-39,unvaccinated,1118.5,10913.0,11.5,0.0
183,35-39,old_vaccine,0.0,0.0,0.0,0.0
183,35-39,new_vaccine,0.0,0.0,0.0,0.0
183,40-44,unvaccinated,1162.0,10428.0,16.5,0.0
183,40-44,old_vaccine,0.0,0.0,0.0,0.0
183,40-44,new_vaccine,0.0,0.0,0.0,0.0
183,45-49,unvaccinated,1381.5,9840.0,35.0,0.0
183,45-49,old_vaccine,0.0,0.0,0.0,0.0
183,45-49,new_vaccine,0.0,0.0,0.0,0.0
183,50-54,unvaccinated,2406.5,9931.0,89.0,0.0
183,50-54,old_vaccine,0.0,0.0,0.0,0.0
183,50-54,new_vaccine,0.0,0.0,0.0,0.0
183,55-59,unvaccinated,3142.5,8933.5,124.5,0.0
183,55-59,old_vaccine,0.0,0.0,0.0,0.0
183,55-59,new_vaccine,0.0,0.0,0.0,0.0
183,60-64,unvaccinated,2967.0,7337.0,286.0,0.0
183,60-64,old_vaccine,0.0,0.0,0.0,0.0
183,60-64,new_vaccine,0.0,0.0,0.0,0.0
183,65-69,unvaccinated,4873.5,4179.0,530.5,0.0
183,65-69,old_vaccine,0.0,0.0,0.0,0.0
183,65-69,new_vaccine,0.0,0.0,0.0,0.0
183,70-74,unvaccinated,5565.5,3225.0,1064.0,0.0
183,70-74,old_vaccine,0.0,0.0,0.0,0.0
183,70-74,new_vaccine,0.0,0.0,0.0,0.0
183,75+,unvaccinated,10102.5,5044.0,3430.0,0.0
183,75+,old_vaccine,0.0,0.0,0.0,0.0
183,75+,new_vaccine,0.0,0.0,0.0,0.0
184,0-4,unvaccinated,692.5,9598.0,11.0,0.0
184,0-4,old_vaccine,0.0,0.0,0.0,0.0
184,0-4,new_vaccine,0.0,0.0,0.0,0.0
184,5-9,unvaccinated,178.0,10781.0,1.0,0.0
184,5-9,old_vaccine,0.0,0.0,0.0,0.0
184,5-9,new_vaccine,0.0,0.0,0.0,0.0
184,10-14,unvaccinated,228.5,10198.5,1.5,0.0
184,10-14,old_vaccine,0.0,0.0,0.0,0.0
184,10-14,new_vaccine,0.0,0.0,0.0,0.0
184,15-19,unvaccinated,233.0,9564.5,2.0,0.0
184,15-19,old_vaccine,0.0,0.0,0.0,0.0
184,15-19,new_vaccine,0.0,0.0,0.0,0.0
184,20-24,unvaccinated,719.5,10043.0,5.0,0.0
184,20-24,old_vaccine,0.0,0.0,0.0,0.0
184,20-24,new_vaccine,0.0,0.0,0.0,0.0
184,25-29,unvaccinated,1209.5,10829.5,4.5,0.0
184,25-29,old_vaccine,0.0,0.0,0.0,0.0
184,25-29,new_vaccine,0.0,0.0,0.0,0.0
184,30-34,unvaccinated,1235.0,10940.0,9.0,0.0
184,30-34,old_vaccine,0.0,0.0,0.0,0.0
184,30-34,new_vaccine,0.0,0.0,0.0,0.0
184,35-39,unvaccinated,1130.5,10923.0,11.0,0.0
184,35-39,old_vaccine,0.0,0.0,0.0,0.0
184,35-39,new_vaccine,0.0,0.0,0.0,0.0
184,40-44,unvaccinated,1159.0,10423.5,16.5,0.0
184,40-44,old_vaccine,0.0,0.0,0.0,0.0
184,40-44,new_vaccine,0.0,0.0,0.0,0.0
184,45-49,unvaccinated,1379.0,9834.5,35.5,0.0
184,45-49,old_vaccine,0.0,0.0,0.0,0.0
184,45-49,new_vaccine,0.0,0.0,0.0,0.0
184,50-54,unvaccinated,2411.0,9915.5,90.0,0.0
184,50-54,old_vaccine,0.0,0.0,0.0,0.0
184,50-54,new_vaccine,0.0,0.0,0.0,0.0
184,55-59,unvaccinated,3131.5,8938.0,126.5,0.0
184,55-59,old_vaccine,0.0,0.0,0.0,0.0
184,55-59,new_vaccine,0.0,0.0,0.0,0.0
184,60-64,unvaccinated,2976.5,7327.5,286.5,0.0
184,60-64,old_vaccine,0.0,0.0,0.0,0.0
184,60-64,new_vaccine,0.0,0.0,0.0,0.0
184,65-69,unvaccinated,4857.5,4180.0,529.5,0.0
184,65-69,old_vaccine,0.0,0.0,0.0,0.0
184,65-69,new_vaccine,0.0,0.0,0.0,0.0
184,70-74,unvaccinated,5549.0,3214.5,1064.0,0.0
184,70-74,old_vaccine,0.0,0.0,0.0,0.0
184,70-74,new_vaccine,0.0,0.0,0.0,0.0
184,75+,unvaccinated,10091.0,5055.5,3434.0,0.0
184,75+,old_vaccine,0.0,0.0,0.0,0.0
184,75+,new_vaccine,0.0,0.0,0.0,0.0
185,0-4,unvaccinated,690.0,9625.0,11.5,0.0
185,0-4,old_vaccine,0.0,0.0,0.0,0.0
185,0-4,new_vaccine,0.0,0.0,0.0,0.0
185,5-9,unvaccinated,177.0,10786.0,1.0,0.0
185,5-9,old_vaccine,0.0,0.0,0.0,0.0
185,5-9,new_vaccine,0.0,0.0,0.0,0.0
185,10-14,unvaccinated,231.0,10206.0,1.5,0.0
185,10-14,old_vaccine,0.0,0.0,0.0,0.0
185,10-14,new_vaccine,0.0,0.0,0.0,0.0
185,15-19,unvaccinated,234.5,9553.5,2.0,0.0
185,15-19,old_vaccine,0.0,0.0,0.0,0.0
185,15-19,new_vaccine,0.0,0.0,0.0,0.0
185,20-24,unvaccinated,721.5,10049.0,5.0,0.0
185,20-24,old_vaccine,0.0,0.0,0.0,0.0
185,20-24,new_vaccine,0.0,0.0,0.0,0.0
185,25-29,unvaccinated,1216.5,10833.0,4.0,0.0
185,25-29,old_vaccine,0.0,0.0,0.0,0.0
185,25-29,new_vaccine,0.0,0.0,0.0,0.0
185,30-34,unvaccinated,1233.0,10963.0,8.5,0.0
185,30-34,old_vaccine,0.0,0.0,0.0,0.0
185,30-34,new_vaccine,0.0,0.0,0.0,0.0
185,35-39,unvaccinated,1122.5,10905.5,11.5,0.0
185,35-39,old_vaccine,0.0,0.0,0.0,0.0
185,35-39,new_vaccine,0.0,0.0,0.0,0.0
185,40-44,unvaccinated,1152.5,10402.5,17.0,0.0
185,40-44,old_vaccine,0.0,0.0,0.0,0.0
185,40-44,new_vaccine,0.0,0.0,0.0,0.0
185,45-49,unvaccinated,1370.0,9822.5,36.0,0.0
185,45-49,old_vaccine,0.0,0.0,0.0,0.0
185,45-49,new_vaccine,0.0,0.0,0.0,0.0
185,50-54,unvaccinated,2415.5,9917.0,91.0,0.0
185,50-54,old_vaccine,0.0,0.0,0.0,0.0
185,50-54,new_vaccine,0.0,0.0,0.0,0.0
185,55-59,unvaccinated,3146.5,8911.0,125.5,0.0
185,55-59,old_vaccine,0.0,0.0,0.0,0.0
185,55-59,new_vaccine,0.0,0.0,0.0,0.0
185,60-64,unvaccinated,2970.0,7324.5,287.5,0.0
185,60-64,old_vaccine,0.0,0.0,0.0,0.0
185,60-64,new_vaccine,0.0,0.0,0.0,0.0
185,65-69,unvaccinated,4869.0,4189.0,529.5,0.0
185,65-69,old_vaccine,0.0,0.0,0.0,0.0
185,65-69,new_vaccine,0.0,0.0,0.0,0.0
185,70-74,unvaccinated,5558.0,3193.0,1067.5,0.0
185,70-74,old_vaccine,0.0,0.0,0.0,0.0
185,70-74,new_vaccine,0.0,0.0,0.0,0.0
185,75+,unvaccinated,10104.5,5057.5,3441.5,0.0
185,75+,old_vaccine,0.0,0.0,0.0,0.0
185,75+,new_vaccine,0.0,0.0,0.0,0.0
186,0-4,unvaccinated,685.0,9604.5,11.5,0.0
186,0-4,old_vaccine,0.0,0.0,0.0,0.0
186,0-4,new_vaccine,0.0,0.0,0.0,0.0
186,5-9,unvaccinated,176.0,10826.0,1.0,0.0
186,5-9,old_vaccine,0.0,0.0,0.0,0.0
186,5-9,new_vaccine,0.0,0.0,0.0,0.0
186,10-14,unvaccinated,228.5,10216.0,1.5,0.0
186,10-14,old_vaccine,0.0,0.0,0.0,0.0
186,10-14,new_vaccine,0.0,0.0,0.0,0.0
186,15-19,unvaccinated,227.0,9555.5,2.0,0.0
186,15-19,old_vaccine,0.0,0.0,0.0,0.0
186,15-19,new_vaccine,0.0,0.0,0.0,0.0
186,20-24,unvaccinated,729.5,10017.5,5.5,0.0
186,20-24,old_vaccine,0.0,0.0,0.0,0.0
186,20-24,new_vaccine,0.0,0.0,0.0,0.0
186,25-29,unvaccinated,1220.5,10811.0,4.0,0.0
186,25-29,old_vaccine,0.0,0.0,0.0,0.0
186,25-29,new_vaccine,0.0,0.0,0.0,0.0
186,30-34,unvaccinated,1237.0,10939.5,8.5,0.0
186,30-34,old_vaccine,0.0,0.0,0.0,0.0
186,30-34,new_vaccine,0.0,0.0,0.0,0.0
186,35-39,unvaccinated,1127.0,10857.5,12.5,0.0
186,35-39,old_vaccine,0.0,0.0,0.0,0.0
186,35-39,new_vaccine,0.0,0.0,0.0,0.0
186,40-44,unvaccinated,1152.0,10378.0,17.5,0.0
186,40-44,old_vaccine,0.0,0.0,0.0,0.0
186,40-44,new_vaccine,0.0,0.0,0.0,0.0
186,45-49,unvaccinated,1382.5,9822.5,36.0,0.0
186,45-49,old_vaccine,0.0,0.0,0.0,0.0
186,45-49,new_vaccine,0.0,0.0,0.0,0.0
186,50-54,unvaccinated,2419.0,9932.0,92.0,0.0
186,50-54,old_vaccine,0.0,0.0,0.0,0.0
186,50-54,new_vaccine,0.0,0.0,0.0,0.0
186,55-59,unvaccinated,3136.0,8917.5,126.0,0.0
186,55-59,old_vaccine,0.0,0.0,0.0,0.0
186,55-59,new_vaccine,0.0,0.0,0.0,0.0
186,60-64,unvaccinated,2957.0,7342.0,287.5,0.0
186,60-64,old_vaccine,0.0,0.0,0.0,0.0
186,60-64,new_vaccine,0.0,0.0,0.0,0.0
186,65-69,unvaccinated,4851.5,4174.0,526.5,0.0
186,65-69,old_vaccine,0.0,0.0,0.0,0.0
186,65-69,new_vaccine,0.0,0.0,0.0,0.0
186,70-74,unvaccinated,5543.0,3198.5,1068.5,0.0
186,70-74,old_vaccine,0.0,0.0,0.0,0.0
186,70-74,new_vaccine,0.0,0.0,0.0,0.0
186,75+,unvaccinated,10094.0,5063.0,3445.5,0.0
186,75+,old_vaccine,0.0,0.0,0.0,0.0
186,75+,new_vaccine,0.0,0.0,0.0,0.0
187,0-4,unvaccinated,688.0,9624.5,11.0,0.0
187,0-4,old_vaccine,0.0,0.0,0.0,0.0
187,0-4,new_vaccine,0.0,0.0,0.0,0.0
187,5-9,unvaccinated,175.5,10837.0,0.5,0.0
187,5-9,old_vaccine,0.0,0.0,0.0,0.0
187,5-9,new_vaccine,0.0,0.0,0.0,0.0
187,10-14,unvaccinated,231.5,10216.5,1.5,0.0
187,10-14,old_vaccine,0.0,0.0,0.0,0.0
187,10-14,new_vaccine,0.0,0.0,0.0,0.0
187,15-19,unvaccinated,226.0,9583.0,2.0,0.0
187,15-19,old_vaccine,0.0,0.0,0.0,0.0
187,15-19,new_vaccine,0.0,0.0,0.0,0.0
187,20-24,unvaccinated,726.5,9993.5,5.5,0.0
187,20-24,old_vaccine,0.0,0.0,0.0,0.0
187,20-24,new_vaccine,0.0,0.0,0.0,0.0
187,25-29,unvaccinated,1210.5,10802.0,4.0,0.0
187,25-29,old_vaccine,0.0,0.0,0.0,0.0
187,25-29,new_vaccine,0.0,0.0,0.0,0.0
187,30-34,unvaccinated,1239.0,10940.0,8.5,0.0
187,30-34,old_vaccine,0.0,0.0,0.0,0.0
187,30-34,new_vaccine,0.0,0.0,0.0,0.0
187,35-39,unvaccinated,1127.0,10860.0,13.5,0.0
187,35-39,old_vaccine,0.0,0.0,0.0,0.0
187,35-39,new_vaccine,0.0,0.0,0.0,0.0
187,40-44,unvaccinated,1142.0,10364.0,17.0,0.0
187,40-44,old_vaccine,0.0,0.0,0.0,0.0
187,40-44,new_vaccine,0.0,0.0,0.0,0.0
187,45-49,unvaccinated,1393.5,9821.5,36.0,0.0
187,45-49,old_vaccine,0.0,0.0,0.0,0.0
187,45-49,new_vaccine,0.0,0.0,0.0,0.0
187,50-54,unvaccinated,2418.0,9945.0,90.5,0.0
187,50-54,old_vaccine,0.0,0.0,0.0,0.0
187,50-54,new_vaccine,0.0,0.0,0.0,0.0
187,55-59,unvaccinated,3116.5,8877.0,126.0,0.0
187,55-59,old_vaccine,0.0,0.0,0.0,0.0
187,55-59,new_vaccine,0.0,0.0,0.0,0.0
187,60-64,unvaccinated,2972.0,7337.0,288.0,0.0
187,60-64,old_vaccine,0.0,0.0,0.0,0.0
187,60-64,new_vaccine,0.0,0.0,0.0,0.0
187,65-69,unvaccinated,4848.5,4180.5,525.5,0.0
187,65-69,old_vaccine,0.0,0.0,0.0,0.0
187,65-69,new_vaccine,0.0,0.0,0.0,0.0
187,70-74,unvaccinated,5533.5,3204.5,1070.5,0.0
187,70-74,old_vaccine,0.0,0.0,0.0,0.0
187,70-74,new_vaccine,0.0,0.0,0.0,0.0
187,75+,unvaccinated,10083.0,5073.0,3447.0,0.0
187,75+,old_vaccine,0.0,0.0,0.0,0.0
187,75+,new_vaccine,0.0,0.0,0.0,0.0
188,0-4,unvaccinated,684.5,9615.5,10.5,0.0
188,0-4,old_vaccine,0.0,0.0,0.0,0.0
188,0-4,new_vaccine,0.0,0.0,0.0,0.0
188,5-9,unvaccinated,171.5,10859.0,0.0,0.0
188,5-9,old_vaccine,0.0,0.0,0.0,0.0
188,5-9,new_vaccine,0.0,0.0,0.0,0.0
188,10-14,unvaccinated,229.5,10232.5,1.5,0.0
188,10-14,old_vaccine,0.0,0.0,0.0,0.0
188,10-14,new_vaccine,0.0,0.0,0.0,0.0
188,15-19,unvaccinated,225.5,9542.0,1.5,0.0
188,15-19,old_vaccine,0.0,0.0,0.0,0.0
188,15-19,new_vaccine,0.0,0.0,0.0,0.0
188,20-24,unvaccinated,722.0,9994.0,6.0,0.0
188,20-24,old_vaccine,0.0,0.0,0.0,0.0
188,20-24,new_vaccine,0.0,0.0,0.0,0.0
188,25-29,unvaccinated,1206.5,10765.5,4.0,0.0
188,25-29,old_vaccine,0.0,0.0,0.0,0.0
188,25-29,new_vaccine,0.0,0.0,0.0,0.0
188,30-34,unvaccinated,1245.0,10958.5,8.5,0.0
188,30-34,old_vaccine,0.0,0.0,0.0,0.0
188,30-34,new_vaccine,0.0,0.0,0.0,0.0
188,35-39,unvaccinated,1115.0,10859.5,13.5,0.0
188,35-39,old_vaccine,0.0,0.0,0.0,0.0
188,35-39,new_vaccine,0.0,0.0,0.0,0.0
188,40-44,unvaccinated,1146.5,10342.5,17.5,0.0
188,40-44,old_vaccine,0.0,0.0,0.0,0.0
188,40-44,new_vaccine,0.0,0.0,0.0,0.0
188,45-49,unvaccinated,1399.5,9807.5,36.5,0.0
188,45-49,old_vaccine,0.0,0.0,0.0,0.0
188,45-49,new_vaccine,0.0,0.0,0.0,0.0
188,50-54,unvaccinated,2422.0,9919.0,89.5,0.0
188,50-54,old_vaccine,0.0,0.0,0.0,0.0
188,50-54,new_vaccine,0.0,0.0,0.0,0.0
188,55-59,unvaccinated,3109.0,8888.5,126.0,0.0
188,55-59,old_vaccine,0.0,0.0,0.0,0.0
188,55-59,new_vaccine,0.0,0.0,0.0,0.0
188,60-64,unvaccinated,2972.5,7328.0,291.0,0.0
188,60-64,old_vaccine,0.0,0.0,0.0,0.0
188,60-64,new_vaccine,0.0,0.0,0.0,0.0
188,65-69,unvaccinated,4844.0,4194.0,527.5,0.0
188,65-69,old_vaccine,0.0,0.0,0.0,0.0
188,65-69,new_vaccine,0.0,0.0,0.0,0.0
188,70-74,unvaccinated,5519.5,3209.5,1072.0,0.0
188,70-74,old_vaccine,0.0,0.0,0.0,0.0
188,70-74,new_vaccine,0.0,0.0,0.0,0.0
188,75+,unvaccinated,10073.0,5070.0,3449.0,0.0
188,75+,old_vaccine,0.0,0.0,0.0,0.0
188,75+,new_vaccine,0.0,0.0,0.0,0.0
189,0-4,unvaccinated,683.5,9578.5,10.0,0.0
189,0-4,old_vaccine,0.0,0.0,0.0,0.0
189,0-4,new_vaccine,0.0,0.0,0.0,0.0
189,5-9,unvaccinated,176.0,10868.0,0.0,0.0
189,5-9,old_vaccine,0.0,0.0,0.0,0.0
189,5-9,new_vaccine,0.0,0.0,0.0,0.0
189,10-14,unvaccinated,229.0,10223.5,1.5,0.0
189,10-14,old_vaccine,0.0,0.0,0.0,0.0
189,10-14,new_vaccine,0.0,0.0,0.0,0.0
189,15-19,unvaccinated,227.5,9525.5,1.5,0.0
189,15-19,old_vaccine,0.0,0.0,0.0,0.0
189,15-19,new_vaccine,0.0,0.0,0.0,0.0
189,20-24,unvaccinated,729.0,9999.0,5.5,0.0
189,20-24,old_vaccine,0.0,0.0,0.0,0.0
189,20-24,new_vaccine,0.0,0.0,0.0,0.0
189,25-29,unvaccinated,1198.0,10767.5,4.5,0.0
189,25-29,old_vaccine,0.0,0.0,0.0,0.0
189,25-29,new_vaccine,0.0,0.0,0.0,0.0
189,30-34,unvaccinated,1245.0,10987.0,8.5,0.0
189,30-34,old_vaccine,0.0,0.0,0.0,0.0
189,30-34,new_vaccine,0.0,0.0,0.0,0.0
189,35-39,unvaccinated,1120.0,10867.5,15.0,0.0
189,35-39,old_vaccine,0.0,0.0,0.0,0.0
189,35-39,new_vaccine,0.0,0.0,0.0,0.0
189,40-44,unvaccinated,1140.0,10338.5,18.5,0.0
189,40-44,old_vaccine,0.0,0.0,0.0,0.0
189,40-44,new_vaccine,0.0,0.0,0.0,0.0
189,45-49,unvaccinated,1397.5,9818.5,36.5,0.0
189,45-49,old_vaccine,0.0,0.0,0.0,0.0
189,45-49,new_vaccine,0.0,0.0,0.0,0.0
189,50-54,unvaccinated,2431.0,9929.5,91.0,0.0
189,50-54,old_vaccine,0.0,0.0,0.0,0.0
189,50-54,new_vaccine,0.0,0.0,0.0,0.0
189,55-59,unvaccinated,3106.0,8857.5,126.5,0.0
189,55-59,old_vaccine,0.0,0.0,0.0,0.0
189,55-59,new_vaccine,0.0,0.0,0.0,0.0
189,60-64,unvaccinated,2982.0,7324.5,291.0,0.0
189,60-64,old_vaccine,0.0,0.0,0.0,0.0
189,60-64,new_vaccine,0.0,0.0,0.0,0.0
189,65-69,unvaccinated,4845.0,4208.0,529.5,0.0
189,65-69,old_vaccine,0.0,0.0,0.0,0.0
189,65-69,new_vaccine,0.0,0.0,0.0,0.0
189,70-74,unvaccinated,5515.0,3237.5,1075.5,0.0
189,70-74,old_vaccine,0.0,0.0,0.0,0.0
189,70-74,new_vaccine,0.0,0.0,0.0,0.0
189,75+,unvaccinated,10041.5,5041.0,3455.5,0.0
189,75+,old_vaccine,0.0,0.0,0.0,0.0
189,75+,new_vaccine,0.0,0.0,0.0,0.0
190,0-4,unvaccinated,682.5,9572.0,11.0,0.0
190,0-4,old_vaccine,0.0,0.0,0.0,0.0
190,0-4,new_vaccine,0.0,0.0,0.0,0.0
190,5-9,unvaccinated,178.5,10866.0,0.0,0.0
190,5-9,old_vaccine,0.0,0.0,0.0,0.0
190,5-9,new_vaccine,0.0,0.0,0.0,0.0
190,10-14,unvaccinated,225.5,10254.5,1.5,0.0
190,10-14,old_vaccine,0.0,0.0,0.0,0.0
190,10-14,new_vaccine,0.0,0.0,0.0,0.0
190,15-19,unvaccinated,229.5,9502.0,1.5,0.0
190,15-19,old_vaccine,0.0,0.0,0.0,0.0
190,15-19,new_vaccine,0.0,0.0,0.0,0.0
190,20-24,unvaccinated,734.5,9975.5,5.0,0.0
190,20-24,old_vaccine,0.0,0.0,0.0,0.0
190,20-24,new_vaccine,0.0,0.0,0.0,0.0
190,25-29,unvaccinated,1202.0,10704.0,4.5,0.0
190,25-29,old_vaccine,0.0,0.0,0.0,0.0
190,25-29,new_vaccine,0.0,0.0,0.0,0.0
190,30-34,unvaccinated,1250.0,11019.5,7.0,0.0
190,30-34,old_vaccine,0.0,0.0,0.0,0.0
190,30-34,new_vaccine,0.0,0.0,0.0,0.0
190,35-39,unvaccinated,1116.5,10886.0,16.5,0.0
190,35-39,old_vaccine,0.0,0.0,0.0,0.0
190,35-39,new_vaccine,0.0,0.0,0.0,0.0
190,40-44,unvaccinated,1143.0,10351.5,19.0,0.0
190,40-44,old_vaccine,0.0,0.0,0.0,0.0
190,40-44,new_vaccine,0.0,0.0,0.0,0.0
190,45-49,unvaccinated,1394.0,9827.5,35.5,0.0
190,45-49,old_vaccine,0.0,0.0,0.0,0.0
190,45-49,new_vaccine,0.0,0.0,0.0,0.0
190,50-54,unvaccinated,2435.0,9930.5,90.0,0.0
190,50-54,old_vaccine,0.0,0.0,0.0,0.0
190,50-54,new_vaccine,0.0,0.0,0.0,0.0
190,55-59,unvaccinated,3099.0,8857.0,125.5,0.0
190,55-59,old_vaccine,0.0,0.0,0.0,0.0
190,55-59,new_vaccine,0.0,0.0,0.0,0.0
190,60-64,unvaccinated,2991.5,7332.0,291.0,0.0
190,60-64,old_vaccine,0.0,0.0,0.0,0.0
190,60-64,new_vaccine,0.0,0.0,0.0,0.0
190,65-69,unvaccinated,4842.0,4206.0,530.5,0.0
190,65-69,old_vaccine,0.0,0.0,0.0,0.0
190,65-69,new_vaccine,0.0,0.0,0.0,0.0
190,70-74,unvaccinated,5530.5,3242.0,1076.5,0.0
190,70-74,old_vaccine,0.0,0.0,0.0,0.0
190,70-74,new_vaccine,0.0,0.0,0.0,0.0
190,75+,unvaccinated,10060.0,5057.5,3459.5,0.0
190,75+,old_vaccine,0.0,0.0,0.0,0.0
190,75+,new_vaccine,0.0,0.0,0.0,0.0
191,0-4,unvaccinated,680.0,9578.0,11.5,0.0
191,0-4,old_vaccine,0.0,0.0,0.0,0.0
191,0-4,new_vaccine,0.0,0.0,0.0,0.0
191,5-9,unvaccinated,177.5,10836.5,0.0,0.0
191,5-9,old_vaccine,0.0,0.0,0.0,0.0
191,5-9,new_vaccine,0.0,0.0,0.0,0.0
191,10-14,unvaccinated,229.5,10246.0,1.5,0.0
191,10-14,old_vaccine,0.0,0.0,0.0,0.0
191,10-14,new_vaccine,0.0,0.0,0.0,0.0
191,15-19,unvaccinated,234.0,9483.5,1.5,0.0
191,15-19,old_vaccine,0.0,0.0,0.0,0.0
191,15-19,new_vaccine,0.0,0.0,0.0,0.0
191,20-24,unvaccinated,732.0,9968.0,5.5,0.0
191,20-24,old_vaccine,0.0,0.0,0.0,0.0
191,20-24,new_vaccine,0.0,0.0,0.0,0.0
191,25-29,unvaccinated,1194.5,10769.0,4.0,0.0
191,25-29,old_vaccine,0.0,0.0,0.0,0.0
191,25-29,new_vaccine,0.0,0.0,0.0,0.0
191,30-34,unvaccinated,1258.5,11042.5,7.5,0.0
191,30-34,old_vaccine,0.0,0.0,0.0,0.0
191,30-34,new_vaccine,0.0,0.0,0.0,0.0
191,35-39,unvaccinated,1114.5,10881.5,16.5,0.0
191,35-39,old_vaccine,0.0,0.0,0.0,0.0
191,35-39,new_vaccine,0.0,0.0,0.0,0.0
191,40-44,unvaccinated,1142.0,10354.0,19.5,0.0
191,40-44,old_vaccine,0.0,0.0,0.0,0.0
191,40-44,new_vaccine,0.0,0.0,0.0,0.0
191,45-49,unvaccinated,1384.5,9849.5,35.0,0.0
191,45-49,old_vaccine,0.0,0.0,0.0,0.0
191,45-49,new_vaccine,0.0,0.0,0.0,0.0
191,50-54,unvaccinated,2444.5,9942.0,93.0,0.0
191,50-54,old_vaccine,0.0,0.0,0.0,0.0
191,50-54,new_vaccine,0.0,0.0,0.0,0.0
191,55-59,unvaccinated,3083.0,8858.0,125.0,0.0
191,55-59,old_vaccine,0.0,0.0,0.0,0.0
191,55-59,new_vaccine,0.0,0.0,0.0,0.0
191,60-64,unvaccinated,2976.5,7305.0,290.5,0.0
191,60-64,old_vaccine,0.0,0.0,0.0,0.0
191,60-64,new_vaccine,0.0,0.0,0.0,0.0
191,65-69,unvaccinated,4840.5,4204.5,530.0,0.0
191,65-69,old_vaccine,0.0,0.0,0.0,0.0
191,65-69,new_vaccine,0.0,0.0,0.0,0.0
191,70-74,unvaccinated,5540.5,3242.0,1075.5,0.0
191,70-74,old_vaccine,0.0,0.0,0.0,0.0
191,70-74,new_vaccine,0.0,0.0,0.0,0.0
191,75+,unvaccinated,10077.5,5056.0,3462.0,0.0
191,75+,old_vaccine,0.0,0.0,0.0,0.0
191,75+,new_vaccine,0.0,0.0,0.0,0.0
192,0-4,unvaccinated,672.5,9595.5,11.0,0.0
192,0-4,old_vaccine,0.0,0.0,0.0,0.0
192,0-4,new_vaccine,0.0,0.0,0.0,0.0
192,5-9,unvaccinated,179.0,10833.0,0.0,0.0
192,5-9,old_vaccine,0.0,0.0,0.0,0.0
192,5-9,new_vaccine,0.0,0.0,0.0,0.0
192,10-14,unvaccinated,232.0,10252.0,1.5,0.0
192,10-14,old_vaccine,0.0,0.0,0.0,0.0
192,10-14,new_vaccine,0.0,0.0,0.0,0.0
192,15-19,unvaccinated,237.0,9497.0,1.5,0.0
192,15-19,old_vaccine,0.0,0.0,0.0,0.0
192,15-19,new_vaccine,0.0,0.0,0.0,0.0
192,20-24,unvaccinated,721.0,9980.0,5.5,0.0
192,20-24,old_vaccine,0.0,0.0,0.0,0.0
192,20-24,new_vaccine,0.0,0.0,0.0,0.0
192,25-29,unvaccinated,1195.5,10809.5,4.5,0.0
192,25-29,old_vaccine,0.0,0.0,0.0,0.0
192,25-29,new_vaccine,0.0,0.0,0.0,0.0
192,30-34,unvaccinated,1255.0,11034.5,7.0,0.0
192,30-34,old_vaccine,0.0,0.0,0.0,0.0
192,30-34,new_vaccine,0.0,0.0,0.0,0.0
192,35-39,unvaccinated,1108.5,10889.0,16.0,0.0
192,35-39,old_vaccine,0.0,0.0,0.0,0.0
192,35-39,new_vaccine,0.0,0.0,0.0,0.0
192,40-44,unvaccinated,1155.5,10361.5,19.0,0.0
192,40-44,old_vaccine,0.0,0.0,0.0,0.0
192,40-44,new_vaccine,0.0,0.0,0.0,0.0
192,45-49,unvaccinated,1403.0,9875.0,35.0,0.0
192,45-49,old_vaccine,0.0,0.0,0.0,0.0
192,45-49,new_vaccine,0.0,0.0,0.0,0.0
192,50-54,unvaccinated,2448.0,9963.0,92.5,0.0
192,50-54,old_vaccine,0.0,0.0,0.0,0.0
192,50-54,new_vaccine,0.0,0.0,0.0,0.0
192,55-59,unvaccinated,3092.5,8902.5,124.5,0.0
192,55-59,old_vaccine,0.0,0.0,0.0,0.0
192,55-59,new_vaccine,0.0,0.0,0.0,0.0
192,60-64,unvaccinated,2996.0,7299.0,291.5,0.0
192,60-64,old_vaccine,0.0,0.0,0.0,0.0
192,60-64,new_vaccine,0.0,0.0,0.0,0.0
192,65-69,unvaccinated,4813.5,4217.5,529.5,0.0
192,65-69,old_vaccine,0.0,0.0,0.0,0.0
192,65-69,new_vaccine,0.0,0.0,0.0,0.0
192,70-74,unvaccinated,5552.0,3246.0,1076.5,0.0
192,70-74,old_vaccine,0.0,0.0,0.0,0.0
192,70-74,new_vaccine,0.0,0.0,0.0,0.0
192,75+,unvaccinated,10110.0,5071.5,3467.0,0.0
192,75+,old_vaccine,0.0,0.0,0.0,0.0
192,75+,new_vaccine,0.0,0.0,0.0,0.0
193,0-4,unvaccinated,670.0,9603.5,11.0,0.0
193,0-4,old_vaccine,0.0,0.0,0.0,0.0
193,0-4,new_vaccine,0.0,0.0,0.0,0.0
193,5-9,unvaccinated,173.5,10820.5,0.0,0.0
193,5-9,old_vaccine,0.0,0.0,0.0,0.0
193,5-9,new_vaccine,0.0,0.0,0.0,0.0
193,10-14,unvaccinated,235.0,10223.0,1.5,0.0
193,10-14,old_vaccine,0.0,0.0,0.0,0.0
193,10-14,new_vaccine,0.0,0.0,0.0,0.0
193,15-19,unvaccinated,233.0,9505.0,2.0,0.0
193,15-19,old_vaccine,0.0,0.0,0.0,0.0
193,15-19,new_vaccine,0.0,0.0,0.0,0.0
193,20-24,unvaccinated,713.0,10014.0,5.5,0.0
193,20-24,old_vaccine,0.0,0.0,0.0,0.0
193,20-24,new_vaccine,0.0,0.0,0.0,0.0
193,25-29,unvaccinated,1192.0,10799.5,5.0,0.0
193,25-29,old_vaccine,0.0,0.0,0.0,0.0
193,25-29,new_vaccine,0.0,0.0,0.0,0.0
193,30-34,unvaccinated,1253.5,11044.0,6.5,0.0
193,30-34,old_vaccine,0.0,0.0,0.0,0.0
193,30-34,new_vaccine,0.0,0.0,0.0,0.0
193,35-39,unvaccinated,1112.0,10883.5,15.0,0.0
193,35-39,old_vaccine,0.0,0.0,0.0,0.0
193,35-39,new_vaccine,0.0,0.0,0.0,0.0
193,40-44,unvaccinated,1157.0,10388.5,19.0,0.0
193,40-44,old_vaccine,0.0,0.0,0.0,0.0
193,40-44,new_vaccine,0.0,0.0,0.0,0.0
193,45-49,unvaccinated,1400.5,9869.5,35.5,0.0
193,45-49,old_vaccine,0.0,0.0,0.0,0.0
193,45-49,new_vaccine,0.0,0.0,0.0,0.0
193,50-54,unvaccinated,2427.0,9954.5,92.5,0.0
193,50-54,old_vaccine,0.0,0.0,0.0,0.0
193,50-54,new_vaccine,0.0,0.0,0.0,0.0
193,55-59,unvaccinated,3108.0,8918.5,125.5,0.0
193,55-59,old_vaccine,0.0,0.0,0.0,0.0
193,55-59,new_vaccine,0.0,0.0,0.0,0.0
193,60-64,unvaccinated,2986.0,7298.5,292.5,0.0
193,60-64,old_vaccine,0.0,0.0,0.0,0.0
193,60-64,new_vaccine,0.0,0.0,0.0,0.0
193,65-69,unvaccinated,4827.5,4230.0,529.0,0.0
193,65-69,old_vaccine,0.0,0.0,0.0,0.0
193,65-69,new_vaccine,0.0,0.0,0.0,0.0
193,70-74,unvaccinated,5553.0,3239.5,1079.5,0.0
193,70-74,old_vaccine,0.0,0.0,0.0,0.0
193,70-74,new_vaccine,0.0,0.0,0.0,0.0
193,75+,unvaccinated,10093.5,5049.0,3465.5,0.0
193,75+,old_vaccine,0.0,0.0,0.0,0.0
193,75+,new_vaccine,0.0,0.0,0.0,0.0
194,0-4,unvaccinated,668.0,9591.5,11.5,0.0
194,0-4,old_vaccine,0.0,0.0,0.0,0.0
194,0-4,new_vaccine,0.0,0.0,0.0,0.0
194,5-9,unvaccinated,172.0,10787.5,0.0,0.0
194,5-9,old_vaccine,0.0,0.0,0.0,0.0
194,5-9,new_vaccine,0.0,0.0,0.0,0.0
194,10-14,unvaccinated,234.5,10216.0,1.5,0.0
194,10-14,old_vaccine,0.0,0.0,0.0,0.0
194,10-14,new_vaccine,0.0,0.0,0.0,0.0
194,15-19,unvaccinated,232.5,9495.0,2.0,0.0
194,15-19,old_vaccine,0.0,0.0,0.0,0.0
194,15-19,new_vaccine,0.0,0.0,0.0,0.0
194,20-24,unvaccinated,711.5,10018.5,5.0,0.0
194,20-24,old_vaccine,0.0,0.0,0.0,0.0
194,20-24,new_vaccine,0.0,0.0,0.0,0.0
194,25-29,unvaccinated,1183.0,10793.0,5.5,0.0
194,25-29,old_vaccine,0.0,0.0,0.0,0.0
194,25-29,new_vaccine,0.0,0.0,0.0,0.0
194,30-34,unvaccinated,1238.0,11020.5,6.5,0.0
194,30-34,old_vaccine,0.0,0.0,0.0,0.0
194,30-34,new_vaccine,0.0,0.0,0.0,0.0
194,35-39,unvaccinated,1107.5,10898.0,13.5,0.0
194,35-39,old_vaccine,0.0,0.0,0.0,0.0
194,35-39,new_vaccine,0.0,0.0,0.0,0.0
194,40-44,unvaccinated,1160.5,10408.5,19.0,0.0
194,40-44,old_vaccine,0.0,0.0,0.0,0.0
194,40-44,new_vaccine,0.0,0.0,0.0,0.0
194,45-49,unvaccinated,1388.0,9873.0,35.5,0.0
194,45-49,old_vaccine,0.0,0.0,0.0,0.0
194,45-49,new_vaccine,0.0,0.0,0.0,0.0
194,50-54,unvaccinated,2412.0,9931.5,93.0,0.0
194,50-54,old_vaccine,0.0,0.0,0.0,0.0
194,50-54,new_vaccine,0.0,0.0,0.0,0.0
194,55-59,unvaccinated,3123.0,8927.5,122.5,0.0
194,55-59,old_vaccine,0.0,0.0,0.0,0.0
194,55-59,new_vaccine,0.0,0.0,0.0,0.0
194,60-64,unvaccinated,2986.0,7302.5,291.0,0.0
194,60-64,old_vaccine,0.0,0.0,0.0,0.0
194,60-64,new_vaccine,0.0,0.0,0.0,0.0
194,65-69,unvaccinated,4823.5,4241.0,528.0,0.0
194,65-69,old_vaccine,0.0,0.0,0.0,0.0
194,65-69,new_vaccine,0.0,0.0,0.0,0.0
194,70-74,unvaccinated,5568.0,3233.5,1080.0,0.0
194,70-74,old_vaccine,0.0,0.0,0.0,0.0
194,70-74,new_vaccine,0.0,0.0,0.0,0.0
194,75+,unvaccinated,10084.5,5050.5,3466.5,0.0
194,75+,old_vaccine,0.0,0.0,0.0,0.0
194,75+,new_vaccine,0.0,0.0,0.0,0.0
195,0-4,unvaccinated,677.5,9627.5,11.5,0.0
195,0-4,old_vaccine,0.0,0.0,0.0,0.0
195,0-4,new_vaccine,0.0,0.0,0.0,0.0
195,5-9,unvaccinated,169.0,10784.0,0.0,0.0
195,5-9,old_vaccine,0.0,0.0,0.0,0.0
195,5-9,new_vaccine,0.0,0.0,0.0,0.0
195,10-14,unvaccinated,235.0,10217.5,2.0,0.0
195,10-14,old_vaccine,0.0,0.0,0.0,0.0
195,10-14,new_vaccine,0.0,0.0,0.0,0.0
195,15-19,unvaccinated,232.5,9488.0,2.0,0.0
195,15-19,old_vaccine,0.0,0.0,0.0,0.0
195,15-19,new_vaccine,0.0,0.0,0.0,0.0
195,20-24,unvaccinated,710.5,10022.5,4.5,0.0
195,20-24,old_vaccine,0.0,0.0,0.0,0.0
195,20-24,new_vaccine,0.0,0.0,0.0,0.0
195,25-29,unvaccinated,1197.0,10812.0,5.5,0.0
195,25-29,old_vaccine,0.0,0.0,0.0,0.0
195,25-29,new_vaccine,0.0,0.0,0.0,0.0
195,30-34,unvaccinated,1236.0,10989.0,7.0,0.0
195,30-34,old_vaccine,0.0,0.0,0.0,0.0
195,30-34,new_vaccine,0.0,0.0,0.0,0.0
195,35-39,unvaccinated,1118.5,10909.5,14.0,0.0
195,35-39,old_vaccine,0.0,0.0,0.0,0.0
195,35-39,new_vaccine,0.0,0.0,0.0,0.0
195,40-44,unvaccinated,1172.0,10398.5,19.0,0.0
195,40-44,old_vaccine,0.0,0.0,0.0,0.0
195,40-44,new_vaccine,0.0,0.0,0.0,0.0
195,45-49,unvaccinated,1379.0,9839.5,36.5,0.0
195,45-49,old_vaccine,0.0,0.0,0.0,0.0
195,45-49,new_vaccine,0.0,0.0,0.0,0.0
195,50-54,unvaccinated,2389.5,9940.5,93.0,0.0
195,50-54,old_vaccine,0.0,0.0,0.0,0.0
195,50-54,new_vaccine,0.0,0.0,0.0,0.0
195,55-59,unvaccinated,3125.5,8928.5,123.5,0.0
195,55-59,old_vaccine,0.0,0.0,0.0,0.0
195,55-59,new_vaccine,0.0,0.0,0.0,0.0
195,60-64,unvaccinated,3000.5,7280.5,290.5,0.0
195,60-64,old_vaccine,0.0,0.0,0.0,0.0
195,60-64,new_vaccine,0.0,0.0,0.0,0.0
195,65-69,unvaccinated,4808.5,4218.0,531.0,0.0
195,65-69,old_vaccine,0.0,0.0,0.0,0.0
195,65-69,new_vaccine,0.0,0.0,0.0,0.0
195,70-74,unvaccinated,5545.5,3237.5,1080.5,0.0
195,70-74,old_vaccine,0.0,0.0,0.0,0.0
195,70-74,new_vaccine,0.0,0.0,0.0,0.0
195,75+,unvaccinated,10114.0,5020.5,3467.5,0.0
195,75+,old_vaccine,0.0,0.0,0.0,0.0
195,75+,new_vaccine,0.0,0.0,0.0,0.0
196,0-4,unvaccinated,674.5,9595.5,11.0,0.0
196,0-4,old_vaccine,0.0,0.0,0.0,0.0
196,0-4,new_vaccine,0.0,0.0,0.0,0.0
196,5-9,unvaccinated,170.0,10754.5,0.0,0.0
196,5-9,old_vaccine,0.0,0.0,0.0,0.0
196,5-9,new_vaccine,0.0,0.0,0.0,0.0
196,10-14,unvaccinated,239.5,10209.5,2.0,0.0
196,10-14,old_vaccine,0.0,0.0,0.0,0.0
196,10-14,new_vaccine,0.0,0.0,0.0,0.0
196,15-19,unvaccinated,231.0,9497.5,2.0,0.0
196,15-19,old_vaccine,0.0,0.0,0.0,0.0
196,15-19,new_vaccine,0.0,0.0,0.0,0.0
196,20-24,unvaccinated,723.5,10023.5,4.5,0.0
196,20-24,old_vaccine,0.0,0.0,0.0,0.0
196,20-24,new_vaccine,0.0,0.0,0.0,0.0
196,25-29,unvaccinated,1200.5,10837.0,4.5,0.0
196,25-29,old_vaccine,0.0,0.0,0.0,0.0
196,25-29,new_vaccine,0.0,0.0,0.0,0.0
196,30-34,unvaccinated,1229.0,10972.5,7.0,0.0
196,30-34,old_vaccine,0.0,0.0,0.0,0.0
196,30-34,new_vaccine,0.0,0.0,0.0,0.0
196,35-39,unvaccinated,1124.0,10921.0,14.5,0.0
196,35-39,old_vaccine,0.0,0.0,0.0,0.0
196,35-39,new_vaccine,0.0,0.0,0.0,0.0
196,40-44,unvaccinated,1168.5,10393.0,17.5,0.0
196,40-44,old_vaccine,0.0,0.0,0.0,0.0
196,40-44,new_vaccine,0.0,0.0,0.0,0.0
196,45-49,unvaccinated,1375.0,9853.0,36.5,0.0
196,45-49,old_vaccine,0.0,0.0,0.0,0.0
196,45-49,new_vaccine,0.0,0.0,0.0,0.0
196,50-54,unvaccinated,2382.5,9931.0,92.5,0.0
196,50-54,old_vaccine,0.0,0.0,0.0,0.0
196,50-54,new_vaccine,0.0,0.0,0.0,0.0
196,55-59,unvaccinated,3146.0,8970.5,124.5,0.0
196,55-59,old_vaccine,0.0,0.0,0.0,0.0
196,55-59,new_vaccine,0.0,0.0,0.0,0.0
196,60-64,unvaccinated,3011.0,7267.0,290.0,0.0
196,60-64,old_vaccine,0.0,0.0,0.0,0.0
196,60-64,new_vaccine,0.0,0.0,0.0,0.0
196,65-69,unvaccinated,4816.5,4229.0,531.0,0.0
196,65-69,old_vaccine,0.0,0.0,0.0,0.0
196,65-69,new_vaccine,0.0,0.0,0.0,0.0
196,70-74,unvaccinated,5544.5,3233.0,1080.0,0.0
196,70-74,old_vaccine,0.0,0.0,0.0,0.0
196,70-74,new_vaccine,0.0,0.0,0.0,0.0
196,75+,unvaccinated,10114.5,5039.0,3468.5,0.0
196,75+,old_vaccine,0.0,0.0,0.0,0.0
196,75+,new_vaccine,0.0,0.0,0.0,0.0
197,0-4,unvaccinated,668.0,9607.0,10.5,0.0
197,0-4,old_vaccine,0.0,0.0,0.0,0.0
197,0-4,new_vaccine,0.0,0.0,0.0,0.0
197,5-9,unvaccinated,171.5,10768.0,0.0,0.0
197,5-9,old_vaccine,0.0,0.0,0.0,0.0
197,5-9,new_vaccine,0.0,0.0,0.0,0.0
197,10-14,unvaccinated,243.5,10222.5,2.0,0.0
197,10-14,old_vaccine,0.0,0.0,0.0,0.0
197,10-14,new_vaccine,0.0,0.0,0.0,0.0
197,15-19,unvaccinated,226.5,9528.5,2.0,0.0
197,15-19,old_vaccine,0.0,0.0,0.0,0.0
197,15-19,new_vaccine,0.0,0.0,0.0,0.0
197,20-24,unvaccinated,727.0,10026.0,4.5,0.0
197,20-24,old_vaccine,0.0,0.0,0.0,0.0
197,20-24,new_vaccine,0.0,0.0,0.0,0.0
197,25-29,unvaccinated,1188.5,10807.0,4.5,0.0
197,25-29,old_vaccine,0.0,0.0,0.0,0.0
197,25-29,new_vaccine,0.0,0.0,0.0,0.0
197,30-34,unvaccinated,1221.5,10941.0,7.0,0.0
197,30-34,old_vaccine,0.0,0.0,0.0,0.0
197,30-34,new_vaccine,0.0,0.0,0.0,0.0
197,35-39,unvaccinated,1128.0,10889.0,14.5,0.0
197,35-39,old_vaccine,0.0,0.0,0.0,0.0
197,35-39,new_vaccine,0.0,0.0,0.0,0.0
197,40-44,unvaccinated,1170.0,10408.5,17.5,0.0
197,40-44,old_vaccine,0.0,0.0,0.0,0.0
197,40-44,new_vaccine,0.0,0.0,0.0,0.0
197,45-49,unvaccinated,1394.5,9804.5,35.5,0.0
197,45-49,old_vaccine,0.0,0.0,0.0,0.0
197,45-49,new_vaccine,0.0,0.0,0.0,0.0
197,50-54,unvaccinated,2385.5,9913.0,91.0,0.0
197,50-54,old_vaccine,0.0,0.0,0.0,0.0
197,50-54,new_vaccine,0.0,0.0,0.0,0.0
197,55-59,unvaccinated,3127.5,8981.0,123.0,0.0
197,55-59,old_vaccine,0.0,0.0,0.0,0.0
197,55-59,new_vaccine,0.0,0.0,0.0,0.0
197,60-64,unvaccinated,3027.5,7262.0,288.5,0.0
197,60-64,old_vaccine,0.0,0.0,0.0,0.0
197,60-64,new_vaccine,0.0,0.0,0.0,0.0
197,65-69,unvaccinated,4837.0,4221.5,533.5,0.0
197,65-69,old_vaccine,0.0,0.0,0.0,0.0
197,65-69,new_vaccine,0.0,0.0,0.0,0.0
197,70-74,unvaccinated,5546.5,3231.0,1080.0,0.0
197,70-74,old_vaccine,0.0,0.0,0.0,0.0
197,70-74,new_vaccine,0.0,0.0,0.0,0.0
197,75+,unvaccinated,10091.5,5054.5,3474.0,0.0
197,75+,old_vaccine,0.0,0.0,0.0,0.0
197,75+,new_vaccine,0.0,0.0,0.0,0.0
198,0-4,unvaccinated,675.0,9602.0,10.5,0.0
198,0-4,old_vaccine,0.0,0.0,0.0,0.0
198,0-4,new_vaccine,0.0,0.0,0.0,0.0
198,5-9,unvaccinated,169.5,10791.5,0.0,0.0
198,5-9,old_vaccine,0.0,0.0,0.0,0.0
198,5-9,new_vaccine,0.0,0.0,0.0,0.0
198,10-14,unvaccinated,241.0,10221.0,2.0,0.0
198,10-14,old_vaccine,0.0,0.0,0.0,0.0
198,10-14,new_vaccine,0.0,0.0,0.0,0.0
198,15-19,unvaccinated,226.5,9561.0,2.0,0.0
198,15-19,old_vaccine,0.0,0.0,0.0,0.0
198,15-19,new_vaccine,0.0,0.0,0.0,0.0
198,20-24,unvaccinated,726.0,10008.5,4.0,0.0
198,20-24,old_vaccine,0.0,0.0,0.0,0.0
198,20-24,new_vaccine,0.0,0.0,0.0,0.0
198,25-29,unvaccinated,1191.0,10832.0,4.0,0.0
198,25-29,old_vaccine,0.0,0.0,0.0,0.0
198,25-29,new_vaccine,0.0,0.0,0.0,0.0
198,30-34,unvaccinated,1223.0,10954.0,7.0,0.0
198,30-34,old_vaccine,0.0,0.0,0.0,0.0
198,30-34,new_vaccine,0.0,0.0,0.0,0.0
198,35-39,unvaccinated,1118.5,10917.0,14.0,0.0
198,35-39,old_vaccine,0.0,0.0,0.0,0.0
198,35-39,new_vaccine,0.0,0.0,0.0,0.0
198,40-44,unvaccinated,1171.0,10396.5,16.5,0.0
198,40-44,old_vaccine,0.0,0.0,0.0,0.0
198,40-44,new_vaccine,0.0,0.0,0.0,0.0
198,45-49,unvaccinated,1399.5,9806.0,36.0,0.0
198,45-49,old_vaccine,0.0,0.0,0.0,0.0
198,45-49,new_vaccine,0.0,0.0,0.0,0.0
198,50-54,unvaccinated,2394.0,9894.5,92.0,0.0
198,50-54,old_vaccine,0.0,0.0,0.0,0.0
198,50-54,new_vaccine,0.0,0.0,0.0,0.0
198,55-59,unvaccinated,3099.0,8958.0,123.5,0.0
198,55-59,old_vaccine,0.0,0.0,0.0,0.0
198,55-59,new_vaccine,0.0,0.0,0.0,0.0
198,60-64,unvaccinated,3009.0,7289.0,287.5,0.0
198,60-64,old_vaccine,0.0,0.0,0.0,0.0
198,60-64,new_vaccine,0.0,0.0,0.0,0.0
198,65-69,unvaccinated,4865.0,4236.5,533.5,0.0
198,65-69,old_vaccine,0.0,0.0,0.0,0.0
198,65-69,new_vaccine,0.0,0.0,0.0,0.0
198,70-74,unvaccinated,5535.5,3244.0,1080.5,0.0
198,70-74,old_vaccine,0.0,0.0,0.0,0.0
198,70-74,new_vaccine,0.0,0.0,0.0,0.0
198,75+,unvaccinated,10054.0,5058.5,3477.0,0.0
198,75+,old_vaccine,0.0,0.0,0.0,0.0
198,75+,new_vaccine,0.0,0.0,0.0,0.0
199,0-4,unvaccinated,676.5,9641.0,10.5,0.0
199,0-4,old_vaccine,0.0,0.0,0.0,0.0
199,0-4,new_vaccine,0.0,0.0,0.0,0.0
199,5-9,unvaccinated,172.0,10807.5,0.0,0.0
199,5-9,old_vaccine,0.0,0.0,0.0,0.0
199,5-9,new_vaccine,0.0,0.0,0.0,0.0
199,10-14,unvaccinated,242.5,10237.0,2.5,0.0
199,10-14,old_vaccine,0.0,0.0,0.0,0.0
199,10-14,new_vaccine,0.0,0.0,0.0,0.0
199,15-19,unvaccinated,228.0,9582.5,2.0,0.0
199,15-19,old_vaccine,0.0,0.0,0.0,0.0
199,15-19,new_vaccine,0.0,0.0,0.0,0.0
199,20-24,unvaccinated,730.0,9990.0,4.0,0.0
199,20-24,old_vaccine,0.0,0.0,0.0,0.0
199,20-24,new_vaccine,0.0,0.0,0.0,0.0
199,25-29,unvaccinated,1183.0,10842.5,3.5,0.0
199,25-29,old_vaccine,0.0,0.0,0.0,0.0
199,25-29,new_vaccine,0.0,0.0,0.0,0.0
199,30-34,unvaccinated,1228.0,10940.5,7.0,0.0
199,30-34,old_vaccine,0.0,0.0,0.0,0.0
199,30-34,new_vaccine,0.0,0.0,0.0,0.0
199,35-39,unvaccinated,1108.5,10908.0,13.5,0.0
199,35-39,old_vaccine,0.0,0.0,0.0,0.0
199,35-39,new_vaccine,0.0,0.0,0.0,0.0
199,40-44,unvaccinated,1160.5,10367.0,15.5,0.0
199,40-44,old_vaccine,0.0,0.0,0.0,0.0
199,40-44,new_vaccine,0.0,0.0,0.0,0.0
199,45-49,unvaccinated,1397.0,9835.5,36.5,0.0
199,45-49,old_vaccine,0.0,0.0,0.0,0.0
199,45-49,new_vaccine,0.0,0.0,0.0,0.0
199,50-54,unvaccinated,2413.0,9922.0,93.0,0.0
199,50-54,old_vaccine,0.0,0.0,0.0,0.0
199,50-54,new_vaccine,0.0,0.0,0.0,0.0
199,55-59,unvaccinated,3076.5,8949.0,126.0,0.0
199,55-59,old_vaccine,0.0,0.0,0.0,0.0
199,55-59,new_vaccine,0.0,0.0,0.0,0.0
199,60-64,unvaccinated,3020.0,7298.5,287.5,0.0
199,60-64,old_vaccine,0.0,0.0,0.0,0.0
199,60-64,new_vaccine,0.0,0.0,0.0,0.0
199,65-69,unvaccinated,4863.5,4213.0,532.0,0.0
199,65-69,old_vaccine,0.0,0.0,0.0,0.0
199,65-69,new_vaccine,0.0,0.0,0.0,0.0
199,70-74,unvaccinated,5533.0,3222.0,1083.0,0.0
199,70-74,old_vaccine,0.0,0.0,0.0,0.0
199,70-74,new_vaccine,0.0,0.0,0.0,0.0
199,75+,unvaccinated,10073.0,5062.0,3480.5,0.0
199,75+,old_vaccine,0.0,0.0,0.0,0.0
199,75+,new_vaccine,0.0,0.0,0.0,0.0
200,0-4,unvaccinated,678.0,9608.0,11.0,0.0
200,0-4,old_vaccine,0.0,0.0,0.0,0.0
200,0-4,new_vaccine,0.0,0.0,0.0,0.0
200,5-9,unvaccinated,175.0,10808.0,0.0,0.0
200,5-9,old_vaccine,0.0,0.0,0.0,0.0
200,5-9,new_vaccine,0.0,0.0,0.0,0.0
200,10-14,unvaccinated,240.0,10209.0,2.5,0.0
200,10-14,old_vaccine,0.0,0.0,0.0,0.0
200,10-14,new_vaccine,0.0,0.0,0.0,0.0
200,15-19,unvaccinated,227.0,9580.5,2.0,0.0
200,15-19,old_vaccine,0.0,0.0,0.0,0.0
200,15-19,new_vaccine,0.0,0.0,0.0,0.0
200,20-24,unvaccinated,732.5,10003.5,4.0,0.0
200,20-24,old_vaccine,0.0,0.0,0.0,0.0
200,20-24,new_vaccine,0.0,0.0,0.0,0.0
200,25-29,unvaccinated,1175.0,10802.5,3.5,0.0
200,25-29,old_vaccine,0.0,0.0,0.0,0.0
200,25-29,new_vaccine,0.0,0.0,0.0,0.0
200,30-34,unvaccinated,1233.5,10941.0,7.0,0.0
200,30-34,old_vaccine,0.0,0.0,0.0,0.0
200,30-34,new_vaccine,0.0,0.0,0.0,0.0
200,35-39,unvaccinated,1109.0,10916.0,12.5,0.0
200,35-39,old_vaccine,0.0,0.0,0.0,0.0
200,35-39,new_vaccine,0.0,0.0,0.0,0.0
200,40-44,unvaccinated,1162.0,10340.5,15.5,0.0
200,40-44,old_vaccine,0.0,0.0,0.0,0.0
200,40-44,new_vaccine,0.0,0.0,0.0,0.0
200,45-49,unvaccinated,1397.0,9833.0,36.5,0.0
200,45-49,old_vaccine,0.0,0.0,0.0,0.0
200,45-49,new_vaccine,0.0,0.0,0.0,0.0
200,50-54,unvaccinated,2422.5,9897.5,92.5,0.0
200,50-54,old_vaccine,0.0,0.0,0.0,0.0
200,50-54,new_vaccine,0.0,0.0,0.0,0.0
200,55-59,unvaccinated,3063.5,8949.0,127.0,0.0
200,55-59,old_vaccine,0.0,0.0,0.0,0.0
200,55-59,new_vaccine,0.0,0.0,0.0,0.0
200,60-64,unvaccinated,3019.0,7276.0,287.5,0.0
200,60-64,old_vaccine,0.0,0.0,0.0,0.0
200,60-64,new_vaccine,0.0,0.0,0.0,0.0
200,65-69,unvaccinated,4881.0,4214.5,530.5,0.0
200,65-69,old_vaccine,0.0,0.0,0.0,0.0
200,65-69,new_vaccine,0.0,0.0,0.0,0.0
200,70-74,unvaccinated,5546.5,3201.5,1084.0,0.0
200,70-74,old_vaccine,0.0,0.0,0.0,0.0
200,70-74,new_vaccine,0.0,0.0,0.0,0.0
200,75+,unvaccinated,10054.0,5055.5,3489.5,0.0
200,75+,old_vaccine,0.0,0.0,0.0,0.0
200,75+,new_vaccine,0.0,0.0,0.0,0.0
201,0-4,unvaccinated,676.0,9621.0,11.0,0.0
201,0-4,old_vaccine,0.0,0.0,0.0,0.0
201,0-4,new_vaccine,0.0,0.0,0.0,0.0
201,5-9,unvaccinated,176.0,10820.0,0.5,0.0
201,5-9,old_vaccine,0.0,0.0,0.0,0.0
201,5-9,new_vaccine,0.0,0.0,0.0,0.0
201,10-14,unvaccinated,240.5,10198.5,2.5,0.0
201,10-14,old_vaccine,0.0,0.0,0.0,0.0
201,10-14,new_vaccine,0.0,0.0,0.0,0.0
201,15-19,unvaccinated,227.0,9592.5,2.0,0.0
201,15-19,old_vaccine,0.0,0.0,0.0,0.0
201,15-19,new_vaccine,0.0,0.0,0.0,0.0
201,20-24,unvaccinated,729.5,9994.5,4.5,0.0
201,20-24,old_vaccine,0.0,0.0,0.0,0.0
201,20-24,new_vaccine,0.0,0.0,0.0,0.0
201,25-29,unvaccinated,1172.5,10800.0,3.5,0.0
201,25-29,old_vaccine,0.0,0.0,0.0,0.0
201,25-29,new_vaccine,0.0,0.0,0.0,0.0
201,30-34,unvaccinated,1238.0,10978.0,7.0,0.0
201,30-34,old_vaccine,0.0,0.0,0.0,0.0
201,30-34,new_vaccine,0.0,0.0,0.0,0.0
201,35-39,unvaccinated,1093.0,10908.5,12.5,0.0
201,35-39,old_vaccine,0.0,0.0,0.0,0.0
201,35-39,new_vaccine,0.0,0.0,0.0,0.0
201,40-44,unvaccinated,1155.5,10341.0,15.5,0.0
201,40-44,old_vaccine,0.0,0.0,0.0,0.0
201,40-44,new_vaccine,0.0,0.0,0.0,0.0
201,45-49,unvaccinated,1397.5,9832.0,36.0,0.0
201,45-49,old_vaccine,0.0,0.0,0.0,0.0
201,45-49,new_vaccine,0.0,0.0,0.0,0.0
201,50-54,unvaccinated,2426.5,9918.0,92.5,0.0
201,50-54,old_vaccine,0.0,0.0,0.0,0.0
201,50-54,new_vaccine,0.0,0.0,0.0,0.0
201,55-59,unvaccinated,3082.5,8914.5,128.5,0.0
201,55-59,old_vaccine,0.0,0.0,0.0,0.0
201,55-59,new_vaccine,0.0,0.0,0.0,0.0
201,60-64,unvaccinated,3026.5,7294.0,287.0,0.0
201,60-64,old_vaccine,0.0,0.0,0.0,0.0
201,60-64,new_vaccine,0.0,0.0,0.0,0.0
201,65-69,unvaccinated,4835.5,4227.0,531.0,0.0
201,65-69,old_vaccine,0.0,0.0,0.0,0.0
201,65-69,new_vaccine,0.0,0.0,0.0,0.0
201,70-74,unvaccinated,5564.0,3186.5,1083.0,0.0
201,70-74,old_vaccine,0.0,0.0,0.0,0.0
201,70-74,new_vaccine,0.0,0.0,0.0,0.0
201,75+,unvaccinated,10071.5,5037.0,3491.5,0.0
201,75+,old_vaccine,0.0,0.0,0.0,0.0
201,75+,new_vaccine,0.0,0.0,0.0,0.0
202,0-4,unvaccinated,681.0,9590.5,10.5,0.0
202,0-4,old_vaccine,0.0,0.0,0.0,0.0
202,0-4,new_vaccine,0.0,0.0,0.0,0.0
202,5-9,unvaccinated,175.5,10814.5,0.5,0.0
202,5-9,old_vaccine,0.0,0.0,0.0,0.0
202,5-9,new_vaccine,0.0,0.0,0.0,0.0
202,10-14,unvaccinated,242.5,10197.0,2.5,0.0
202,10-14,old_vaccine,0.0,0.0,0.0,0.0
202,10-14,new_vaccine,0.0,0.0,0.0,0.0
202,15-19,unvaccinated,227.0,9553.5,2.0,0.0
202,15-19,old_vaccine,0.0,0.0,0.0,0.0
202,15-19,new_vaccine,0.0,0.0,0.0,0.0
202,20-24,unvaccinated,733.0,9976.0,4.5,0.0
202,20-24,old_vaccine,0.0,0.0,0.0,0.0
202,20-24,new_vaccine,0.0,0.0,0.0,0.0
202,25-29,unvaccinated,1171.5,10810.0,3.5,0.0
202,25-29,old_vaccine,0.0,0.0,0.0,0.0
202,25-29,new_vaccine,0.0,0.0,0.0,0.0
202,30-34,unvaccinated,1230.0,10984.5,7.0,0.0
202,30-34,old_vaccine,0.0,0.0,0.0,0.0
202,30-34,new_vaccine,0.0,0.0,0.0,0.0
202,35-39,unvaccinated,1085.0,10909.5,12.5,0.0
202,35-39,old_vaccine,0.0,0.0,0.0,0.0
202,35-39,new_vaccine,0.0,0.0,0.0,0.0
202,40-44,unvaccinated,1147.0,10343.5,16.0,0.0
202,40-44,old_vaccine,0.0,0.0,0.0,0.0
202,40-44,new_vaccine,0.0,0.0,0.0,0.0
202,45-49,unvaccinated,1418.0,9837.5,36.0,0.0
202,45-49,old_vaccine,0.0,0.0,0.0,0.0
202,45-49,new_vaccine,0.0,0.0,0.0,0.0
202,50-54,unvaccinated,2436.0,9920.5,92.5,0.0
202,50-54,old_vaccine,0.0,0.0,0.0,0.0
202,50-54,new_vaccine,0.0,0.0,0.0,0.0
202,55-59,unvaccinated,3093.0,8905.5,129.5,0.0
202,55-59,old_vaccine,0.0,0.0,0.0,0.0
202,55-59,new_vaccine,0.0,0.0,0.0,0.0
202,60-64,unvaccinated,3015.0,7309.0,288.0,0.0
202,60-64,old_vaccine,0.0,0.0,0.0,0.0
202,60-64,new_vaccine,0.0,0.0,0.0,0.0
202,65-69,unvaccinated,4815.5,4222.0,531.0,0.0
202,65-69,old_vaccine,0.0,0.0,0.0,0.0
202,65-69,new_vaccine,0.0,0.0,0.0,0.0
202,70-74,unvaccinated,5540.0,3193.5,1083.5,0.0
202,70-74,old_vaccine,0.0,0.0,0.0,0.0
202,70-74,new_vaccine,0.0,0.0,0.0,0.0
202,75+,unvaccinated,10067.5,5048.0,3497.0,0.0
202,75+,old_vaccine,0.0,0.0,0.0,0.0
202,75+,new_vaccine,0.0,0.0,0.0,0.0
203,0-4,unvaccinated,691.0,9591.5,10.5,0.0
203,0-4,old_vaccine,0.0,0.0,0.0,0.0
203,0-4,new_vaccine,0.0,0.0,0.0,0.0
203,5-9,unvaccinated,174.5,10834.5,0.5,0.0
203,5-9,old_vaccine,0.0,0.0,0.0,0.0
203,5-9,new_vaccine,0.0,0.0,0.0,0.0
203,10-14,unvaccinated,240.5,10225.5,2.0,0.0
203,10-14,old_vaccine,0.0,0.0,0.0,0.0
203,10-14,new_vaccine,0.0,0.0,0.0,0.0
203,15-19,unvaccinated,224.0,9559.0,2.0,0.0
203,15-19,old_vaccine,0.0,0.0,0.0,0.0
203,15-19,new_vaccine,0.0,0.0,0.0,0.0
203,20-24,unvaccinated,720.5,9978.0,4.5,0.0
203,20-24,old_vaccine,0.0,0.0,0.0,0.0
203,20-24,new_vaccine,0.0,0.0,0.0,0.0
203,25-29,unvaccinated,1182.0,10834.0,4.0,0.0
203,25-29,old_vaccine,0.0,0.0,0.0,0.0
203,25-29,new_vaccine,0.0,0.0,0.0,0.0
203,30-34,unvaccinated,1234.5,11013.0,6.5,0.0
203,30-34,old_vaccine,0.0,0.0,0.0,0.0
203,30-34,new_vaccine,0.0,0.0,0.0,0.0
203,35-39,unvaccinated,1092.0,10920.5,12.5,0.0
203,35-39,old_vaccine,0.0,0.0,0.0,0.0
203,35-39,new_vaccine,0.0,0.0,0.0,0.0
203,40-44,unvaccinated,1157.0,10335.5,15.5,0.0
203,40-44,old_vaccine,0.0,0.0,0.0,0.0
203,40-44,new_vaccine,0.0,0.0,0.0,0.0
203,45-49,unvaccinated,1413.5,9843.0,36.0,0.0
203,45-49,old_vaccine,0.0,0.0,0.0,0.0
203,45-49,new_vaccine,0.0,0.0,0.0,0.0
203,50-54,unvaccinated,2442.5,9930.0,91.5,0.0
203,50-54,old_vaccine,0.0,0.0,0.0,0.0
203,50-54,new_vaccine,0.0,0.0,0.0,0.0
203,55-59,unvaccinated,3093.0,8893.0,129.0,0.0
203,55-59,old_vaccine,0.0,0.0,0.0,0.0
203,55-59,new_vaccine,0.0,0.0,0.0,0.0
203,60-64,unvaccinated,2991.0,7297.0,288.5,0.0
203,60-64,old_vaccine,0.0,0.0,0.0,0.0
203,60-64,new_vaccine,0.0,0.0,0.0,0.0
203,65-69,unvaccinated,4808.5,4202.5,531.0,0.0
203,65-69,old_vaccine,0.0,0.0,0.0,0.0
203,65-69,new_vaccine,0.0,0.0,0.0,0.0
203,70-74,unvaccinated,5548.0,3205.0,1085.5,0.0
203,70-74,old_vaccine,0.0,0.0,0.0,0.0
203,70-74,new_vaccine,0.0,0.0,0.0,0.0
203,75+,unvaccinated,10084.5,5040.0,3497.5,0.0
203,75+,old_vaccine,0.0,0.0,0.0,0.0
203,75+,new_vaccine,0.0,0.0,0.0,0.0
204,0-4,unvaccinated,684.0,9593.0,11.0,0.0
204,0-4,old_vaccine,0.0,0.0,0.0,0.0
204,0-4,new_vaccine,0.0,0.0,0.0,0.0
204,5-9,unvaccinated,173.0,10854.0,0.5,0.0
204,5-9,old_vaccine,0.0,0.0,0.0,0.0
204,5-9,new_vaccine,0.0,0.0,0.0,0.0
204,10-14,unvaccinated,235.0,10221.5,2.0,0.0
204,10-14,old_vaccine,0.0,0.0,0.0,0.0
204,10-14,new_vaccine,0.0,0.0,0.0,0.0
204,15-19,unvaccinated,223.0,9578.5,2.0,0.0
204,15-19,old_vaccine,0.0,0.0,0.0,0.0
204,15-19,new_vaccine,0.0,0.0,0.0,0.0
204,20-24,unvaccinated,721.5,9971.5,4.5,0.0
204,20-24,old_vaccine,0.0,0.0,0.0,0.0
204,20-24,new_vaccine,0.0,0.0,0.0,0.0
204,25-29,unvaccinated,1179.5,10841.5,4.0,0.0
204,25-29,old_vaccine,0.0,0.0,0.0,0.0
204,25-29,new_vaccine,0.0,0.0,0.0,0.0
204,30-34,unvaccinated,1242.5,10983.5,6.5,0.0
204,30-34,old_vaccine,0.0,0.0,0.0,0.0
204,30-34,new_vaccine,0.0,0.0,0.0,0.0
204,35-39,unvaccinated,1090.5,10916.0,13.5,0.0
204,35-39,old_vaccine,0.0,0.0,0.0,0.0
204,35-39,new_vaccine,0.0,0.0,0.0,0.0
204,40-44,unvaccinated,1157.0,10328.5,15.5,0.0
204,40-44,old_vaccine,0.0,0.0,0.0,0.0
204,40-44,new_vaccine,0.0,0.0,0.0,0.0
204,45-49,unvaccinated,1410.5,9886.5,36.0,0.0
204,45-49,old_vaccine,0.0,0.0,0.0,0.0
204,45-49,new_vaccine,0.0,0.0,0.0,0.0
204,50-54,unvaccinated,2443.5,9918.0,90.0,0.0
204,50-54,old_vaccine,0.0,0.0,0.0,0.0
204,50-54,new_vaccine,0.0,0.0,0.0,0.0
204,55-59,unvaccinated,3091.0,8896.0,128.5,0.0
204,55-59,old_vaccine,0.0,0.0,0.0,0.0
204,55-59,new_vaccine,0.0,0.0,0.0,0.0
204,60-64,unvaccinated,2997.5,7274.5,290.0,0.0
204,60-64,old_vaccine,0.0,0.0,0.0,0.0
204,60-64,new_vaccine,0.0,0.0,0.0,0.0
204,65-69,unvaccinated,4824.5,4209.0,532.0,0.0
204,65-69,old_vaccine,0.0,0.0,0.0,0.0
204,65-69,new_vaccine,0.0,0.0,0.0,0.0
204,70-74,unvaccinated,5553.0,3213.5,1085.0,0.0
204,70-74,old_vaccine,0.0,0.0,0.0,0.0
204,70-74,new_vaccine,0.0,0.0,0.0,0.0
204,75+,unvaccinated,10099.5,5029.0,3502.0,0.0
204,75+,old_vaccine,0.0,0.0,0.0,0.0
204,75+,new_vaccine,0.0,0.0,0.0,0.0
205,0-4,unvaccinated,680.0,9565.0,11.0,0.0
205,0-4,old_vaccine,0.0,0.0,0.0,0.0
205,0-4,new_vaccine,0.0,0.0,0.0,0.0
205,5-9,unvaccinated,174.5,10828.5,0.5,0.0
205,5-9,old_vaccine,0.0,0.0,0.0,0.0
205,5-9,new_vaccine,0.0,0.0,0.0,0.0
205,10-14,unvaccinated,233.5,10195.0,2.0,0.0
205,10-14,old_vaccine,0.0,0.0,0.0,0.0
205,10-14,new_vaccine,0.0,0.0,0.0,0.0
205,15-19,unvaccinated,224.0,9539.5,2.0,0.0
205,15-19,old_vaccine,0.0,0.0,0.0,0.0
205,15-19,new_vaccine,0.0,0.0,0.0,0.0
205,20-24,unvaccinated,722.5,9974.0,4.5,0.0
205,20-24,old_vaccine,0.0,0.0,0.0,0.0
205,20-24,new_vaccine,0.0,0.0,0.0,0.0
205,25-29,unvaccinated,1164.0,10818.0,3.5,0.0
205,25-29,old_vaccine,0.0,0.0,0.0,0.0
205,25-29,new_vaccine,0.0,0.0,0.0,0.0
205,30-34,unvaccinated,1233.5,10985.5,7.0,0.0
205,30-34,old_vaccine,0.0,0.0,0.0,0.0
205,30-34,new_vaccine,0.0,0.0,0.0,0.0
205,35-39,unvaccinated,1097.5,10915.0,14.0,0.0
205,35-39,old_vaccine,0.0,0.0,0.0,0.0
205,35-39,new_vaccine,0.0,0.0,0.0,0.0
205,40-44,unvaccinated,1160.5,10354.5,17.0,0.0
205,40-44,old_vaccine,0.0,0.0,0.0,0.0
205,40-44,new_vaccine,0.0,0.0,0.0,0.0
205,45-49,unvaccinated,1400.5,9862.0,35.5,0.0
205,45-49,old_vaccine,0.0,0.0,0.0,0.0
205,45-49,new_vaccine,0.0,0.0,0.0,0.0
205,50-54,unvaccinated,2443.0,9891.0,89.0,0.0
205,50-54,old_vaccine,0.0,0.0,0.0,0.0
205,50-54,new_vaccine,0.0,0.0,0.0,0.0
205,55-59,unvaccinated,3097.0,8907.0,129.5,0.0
205,55-59,old_vaccine,0.0,0.0,0.0,0.0
205,55-59,new_vaccine,0.0,0.0,0.0,0.0
205,60-64,unvaccinated,3001.0,7296.5,292.0,0.0
205,60-64,old_vaccine,0.0,0.0,0.0,0.0
205,60-64,new_vaccine,0.0,0.0,0.0,0.0
205,65-69,unvaccinated,4820.0,4221.0,533.5,0.0
205,65-69,old_vaccine,0.0,0.0,0.0,0.0
205,65-69,new_vaccine,0.0,0.0,0.0,0.0
205,70-74,unvaccinated,5542.0,3218.5,1087.0,0.0
205,70-74,old_vaccine,0.0,0.0,0.0,0.0
205,70-74,new_vaccine,0.0,0.0,0.0,0.0
205,75+,unvaccinated,10109.5,5049.0,3504.5,0.0
205,75+,old_vaccine,0.0,0.0,0.0,0.0
205,75+,new_vaccine,0.0,0.0,0.0,0.0
206,0-4,unvaccinated,685.0,9588.5,11.5,0.0
206,0-4,old_vaccine,0.0,0.0,0.0,0.0
206,0-4,new_vaccine,0.0,0.0,0.0,0.0
206,5-9,unvaccinated,170.5,10838.0,1.0,0.0
206,5-9,old_vaccine,0.0,0.0,0.0,0.0
206,5-9,new_vaccine,0.0,0.0,0.0,0.0
206,10-14,unvaccinated,233.5,10221.0,2.5,0.0
206,10-14,old_vaccine,0.0,0.0,0.0,0.0
206,10-14,new_vaccine,0.0,0.0,0.0,0.0
206,15-19,unvaccinated,227.5,9544.5,2.0,0.0
206,15-19,old_vaccine,0.0,0.0,0.0,0.0
206,15-19,new_vaccine,0.0,0.0,0.0,0.0
206,20-24,unvaccinated,733.5,9986.5,4.5,0.0
206,20-24,old_vaccine,0.0,0.0,0.0,0.0
206,20-24,new_vaccine,0.0,0.0,0.0,0.0
206,25-29,unvaccinated,1173.5,10822.0,4.0,0.0
206,25-29,old_vaccine,0.0,0.0,0.0,0.0
206,25-29,new_vaccine,0.0,0.0,0.0,0.0
206,30-34,unvaccinated,1232.0,10984.0,7.0,0.0
206,30-34,old_vaccine,0.0,0.0,0.0,0.0
206,30-34,new_vaccine,0.0,0.0,0.0,0.0
206,35-39,unvaccinated,1092.0,10907.5,14.0,0.0
206,35-39,old_vaccine,0.0,0.0,0.0,0.0
206,35-39,new_vaccine,0.0,0.0,0.0,0.0
206,40-44,unvaccinated,1161.0,10347.0,17.0,0.0
206,40-44,old_vaccine,0.0,0.0,0.0,0.0
206,40-44,new_vaccine,0.0,0.0,0.0,0.0
206,45-49,unvaccinated,1392.0,9847.5,35.5,0.0
206,45-49,old_vaccine,0.0,0.0,0.0,0.0
206,45-49,new_vaccine,0.0,0.0,0.0,0.0
206,50-54,unvaccinated,2433.5,9885.5,88.5,0.0
206,50-54,old_vaccine,0.0,0.0,0.0,0.0
206,50-54,new_vaccine,0.0,0.0,0.0,0.0
206,55-59,unvaccinated,3102.5,8924.0,128.5,0.0
206,55-59,old_vaccine,0.0,0.0,0.0,0.0
206,55-59,new_vaccine,0.0,0.0,0.0,0.0
206,60-64,unvaccinated,3002.0,7306.0,293.0,0.0
206,60-64,old_vaccine,0.0,0.0,0.0,0.0
206,60-64,new_vaccine,0.0,0.0,0.0,0.0
206,65-69,unvaccinated,4826.5,4232.0,534.0,0.0
206,65-69,old_vaccine,0.0,0.0,0.0,0.0
206,65-69,new_vaccine,0.0,0.0,0.0,0.0
206,70-74,unvaccinated,5538.5,3232.0,1088.5,0.0
206,70-74,old_vaccine,0.0,0.0,0.0,0.0
206,70-74,new_vaccine,0.0,0.0,0.0,0.0
206,75+,unvaccinated,10099.5,5033.0,3508.5,0.0
206,75+,old_vaccine,0.0,0.0,0.0,0.0
206,75+,new_vaccine,0.0,0.0,0.0,0.0
207,0-4,unvaccinated,679.5,9620.0,11.5,0.0
207,0-4,old_vaccine,0.0,0.0,0.0,0.0
207,0-4,new_vaccine,0.0,0.0,0.0,0.0
207,5-9,unvaccinated,174.5,10809.0,0.5,0.0
207,5-9,old_vaccine,0.0,0.0,0.0,0.0
207,5-9,new_vaccine,0.0,0.0,0.0,0.0
207,10-14,unvaccinated,233.5,10204.5,2.5,0.0
207,10-14,old_vaccine,0.0,0.0,0.0,0.0
207,10-14,new_vaccine,0.0,0.0,0.0,0.0
207,15-19,unvaccinated,230.0,9506.0,2.0,0.0
207,15-19,old_vaccine,0.0,0.0,0.0,0.0
207,15-19,new_vaccine,0.0,0.0,0.0,0.0
207,20-24,unvaccinated,730.5,10010.0,4.5,0.0
207,20-24,old_vaccine,0.0,0.0,0.0,0.0
207,20-24,new_vaccine,0.0,0.0,0.0,0.0
207,25-29,unvaccinated,1186.0,10839.5,4.0,0.0
207,25-29,old_vaccine,0.0,0.0,0.0,0.0
207,25-29,new_vaccine,0.0,0.0,0.0,0.0
207,30-34,unvaccinated,1229.0,10967.5,7.0,0.0
207,30-34,old_vaccine,0.0,0.0,0.0,0.0
207,30-34,new_vaccine,0.0,0.0,0.0,0.0
207,35-39,unvaccinated,1101.5,10903.5,14.0,0.0
207,35-39,old_vaccine,0.0,0.0,0.0,0.0
207,35-39,new_vaccine,0.0,0.0,0.0,0.0
207,40-44,unvaccinated,1167.0,10360.0,18.0,0.0
207,40-44,old_vaccine,0.0,0.0,0.0,0.0
207,40-44,new_vaccine,0.0,0.0,0.0,0.0
207,45-49,unvaccinated,1387.5,9866.5,35.0,0.0
207,45-49,old_vaccine,0.0,0.0,0.0,0.0
207,45-49,new_vaccine,0.0,0.0,0.0,0.0
207,50-54,unvaccinated,2423.5,9875.5,87.5,0.0
207,50-54,old_vaccine,0.0,0.0,0.0,0.0
207,50-54,new_vaccine,0.0,0.0,0.0,0.0
207,55-59,unvaccinated,3108.5,8926.5,127.5,0.0
207,55-59,old_vaccine,0.0,0.0,0.0,0.0
207,55-59,new_vaccine,0.0,0.0,0.0,0.0
207,60-64,unvaccinated,2998.5,7309.0,294.0,0.0
207,60-64,old_vaccine,0.0,0.0,0.0,0.0
207,60-64,new_vaccine,0.0,0.0,0.0,0.0
207,65-69,unvaccinated,4821.5,4213.5,536.5,0.0
207,65-69,old_vaccine,0.0,0.0,0.0,0.0
207,65-69,new_vaccine,0.0,0.0,0.0,0.0
207,70-74,unvaccinated,5559.5,3242.0,1088.5,0.0
207,70-74,old_vaccine,0.0,0.0,0.0,0.0
207,70-74,new_vaccine,0.0,0.0,0.0,0.0
207,75+,unvaccinated,10120.0,5028.5,3509.0,0.0
207,75+,old_vaccine,0.0,0.0,0.0,0.0
207,75+,new_vaccine,0.0,0.0,0.0,0.0
208,0-4,unvaccinated,674.5,9610.5,12.0,0.0
208,0-4,old_vaccine,0.0,0.0,0.0,0.0
208,0-4,new_vaccine,0.0,0.0,0.0,0.0
208,5-9,unvaccinated,172.0,10770.0,0.5,0.0
208,5-9,old_vaccine,0.0,0.0,0.0,0.0
208,5-9,new_vaccine,0.0,0.0,0.0,0.0
208,10-14,unvaccinated,229.0,10228.5,2.5,0.0
208,10-14,old_vaccine,0.0,0.0,0.0,0.0
208,10-14,new_vaccine,0.0,0.0,0.0,0.0
208,15-19,unvaccinated,232.0,9496.0,2.0,0.0
208,15-19,old_vaccine,0.0,0.0,0.0,0.0
208,15-19,new_vaccine,0.0,0.0,0.0,0.0
208,20-24,unvaccinated,729.5,10038.5,4.5,0.0
208,20-24,old_vaccine,0.0,0.0,0.0,0.0
208,20-24,new_vaccine,0.0,0.0,0.0,0.0
208,25-29,unvaccinated,1194.0,10873.5,4.0,0.0
208,25-29,old_vaccine,0.0,0.0,0.0,0.0
208,25-29,new_vaccine,0.0,0.0,0.0,0.0
208,30-34,unvaccinated,1227.0,10962.0,7.0,0.0
208,30-34,old_vaccine,0.0,0.0,0.0,0.0
208,30-34,new_vaccine,0.0,0.0,0.0,0.0
208,35-39,unvaccinated,1106.5,10913.5,14.0,0.0
208,35-39,old_vaccine,0.0,0.0,0.0,0.0
208,35-39,new_vaccine,0.0,0.0,0.0,0.0
208,40-44,unvaccinated,1165.5,10367.0,18.5,0.0
208,40-44,old_vaccine,0.0,0.0,0.0,0.0
208,40-44,new_vaccine,0.0,0.0,0.0,0.0
208,45-49,unvaccinated,1382.0,9853.5,34.5,0.0
208,45-49,old_vaccine,0.0,0.0,0.0,0.0
208,45-49,new_vaccine,0.0,0.0,0.0,0.0
208,50-54,unvaccinated,2423.5,9939.5,87.5,0.0
208,50-54,old_vaccine,0.0,0.0,0.0,0.0
208,50-54,new_vaccine,0.0,0.0,0.0,0.0
208,55-59,unvaccinated,3095.5,8912.0,128.0,0.0
208,55-59,old_vaccine,0.0,0.0,0.0,0.0
208,55-59,new_vaccine,0.0,0.0,0.0,0.0
208,60-64,unvaccinated,3014.5,7289.0,293.5,0.0
208,60-64,old_vaccine,0.0,0.0,0.0,0.0
208,60-64,new_vaccine,0.0,0.0,0.0,0.0
208,65-69,unvaccinated,4822.5,4219.5,536.0,0.0
208,65-69,old_vaccine,0.0,0.0,0.0,0.0
208,65-69,new_vaccine,0.0,0.0,0.0,0.0
208,70-74,unvaccinated,5580.5,3225.0,1091.5,0.0
208,70-74,old_vaccine,0.0,0.0,0.0,0.0
208,70-74,new_vaccine,0.0,0.0,0.0,0.0
208,75+,unvaccinated,10097.0,5035.5,3510.5,0.0
208,75+,old_vaccine,0.0,0.0,0.0,0.0
208,75+,new_vaccine,0.0,0.0,0.0,0.0
209,0-4,unvaccinated,675.0,9617.0,12.0,0.0
209,0-4,old_vaccine,0.0,0.0,0.0,0.0
209,0-4,new_vaccine,0.0,0.0,0.0,0.0
209,5-9,unvaccinated,176.0,10765.0,0.5,0.0
209,5-9,old_vaccine,0.0,0.0,0.0,0.0
209,5-9,new_vaccine,0.0,0.0,0.0,0.0
209,10-14,unvaccinated,232.5,10238.0,2.0,0.0
209,10-14,old_vaccine,0.0,0.0,0.0,0.0
209,10-14,new_vaccine,0.0,0.0,0.0,0.0
209,15-19,unvaccinated,235.0,9532.0,2.0,0.0
209,15-19,old_vaccine,0.0,0.0,0.0,0.0
209,15-19,new_vaccine,0.0,0.0,0.0,0.0
209,20-24,unvaccinated,729.5,10018.0,4.5,0.0
209,20-24,old_vaccine,0.0,0.0,0.0,0.0
209,20-24,new_vaccine,0.0,0.0,0.0,0.0
209,25-29,unvaccinated,1172.5,10848.5,4.0,0.0
209,25-29,old_vaccine,0.0,0.0,0.0,0.0
209,25-29,new_vaccine,0.0,0.0,0.0,0.0
209,30-34,unvaccinated,1230.5,10990.5,6.5,0.0
209,30-34,old_vaccine,0.0,0.0,0.0,0.0
209,30-34,new_vaccine,0.0,0.0,0.0,0.0
209,35-39,unvaccinated,1104.0,10910.5,14.0,0.0
209,35-39,old_vaccine,0.0,0.0,0.0,0.0
209,35-39,new_vaccine,0.0,0.0,0.0,0.0
209,40-44,unvaccinated,1168.5,10361.0,18.5,0.0
209,40-44,old_vaccine,0.0,0.0,0.0,0.0
209,40-44,new_vaccine,0.0,0.0,0.0,0.0
209,45-49,unvaccinated,1381.5,9801.0,35.5,0.0
209,45-49,old_vaccine,0.0,0.0,0.0,0.0
209,45-49,new_vaccine,0.0,0.0,0.0,0.0
209,50-54,unvaccinated,2414.0,9927.0,88.5,0.0
209,50-54,old_vaccine,0.0,0.0,0.0,0.0
209,50-54,new_vaccine,0.0,0.0,0.0,0.0
209,55-59,unvaccinated,3101.0,8943.0,128.5,0.0
209,55-59,old_vaccine,0.0,0.0,0.0,0.0
209,55-59,new_vaccine,0.0,0.0,0.0,0.0
209,60-64,unvaccinated,3016.5,7278.5,295.5,0.0
209,60-64,old_vaccine,0.0,0.0,0.0,0.0
209,60-64,new_vaccine,0.0,0.0,0.0,0.0
209,65-69,unvaccinated,4848.0,4215.0,536.0,0.0
209,65-69,old_vaccine,0.0,0.0,0.0,0.0
209,65-69,new_vaccine,0.0,0.0,0.0,0.0
209,70-74,unvaccinated,5563.5,3221.0,1094.0,0.0
209,70-74,old_vaccine,0.0,0.0,0.0,0.0
209,70-74,new_vaccine,0.0,0.0,0.0,0.0
209,75+,unvaccinated,10106.0,5035.0,3513.0,0.0
209,75+,old_vaccine,0.0,0.0,0.0,0.0
209,75+,new_vaccine,0.0,0.0,0.0,0.0
210,0-4,unvaccinated,676.5,9617.0,11.5,0.0
210,0-4,old_vaccine,0.0,0.0,0.0,0.0
210,0-4,new_vaccine,0.0,0.0,0.0,0.0
210,5-9,unvaccinated,179.5,10768.5,1.0,0.0
210,5-9,old_vaccine,0.0,0.0,0.0,0.0
210,5-9,new_vaccine,0.0,0.0,0.0,0.0
210,10-14,unvaccinated,228.0,10215.5,2.0,0.0
210,10-14,old_vaccine,0.0,0.0,0.0,0.0
210,10-14,new_vaccine,0.0,0.0,0.0,0.0
210,15-19,unvaccinated,234.0,9491.0,2.0,0.0
210,15-19,old_vaccine,0.0,0.0,0.0,0.0
210,15-19,new_vaccine,0.0,0.0,0.0,0.0
210,20-24,unvaccinated,726.0,10003.0,4.5,0.0
210,20-24,old_vaccine,0.0,0.0,0.0,0.0
210,20-24,new_vaccine,0.0,0.0,0.0,0.0
210,25-29,unvaccinated,1165.5,10854.0,3.5,0.0
210,25-29,old_vaccine,0.0,0.0,0.0,0.0
210,25-29,new_vaccine,0.0,0.0,0.0,0.0
210,30-34,unvaccinated,1230.5,10979.5,7.0,0.0
210,30-34,old_vaccine,0.0,0.0,0.0,0.0
210,30-34,new_vaccine,0.0,0.0,0.0,0.0
210,35-39,unvaccinated,1099.0,10935.5,13.5,0.0
210,35-39,old_vaccine,0.0,0.0,0.0,0.0
210,35-39,new_vaccine,0.0,0.0,0.0,0.0
210,40-44,unvaccinated,1174.0,10371.5,18.5,0.0
210,40-44,old_vaccine,0.0,0.0,0.0,0.0
210,40-44,new_vaccine,0.0,0.0,0.0,0.0
210,45-49,unvaccinated,1383.0,9821.5,36.0,0.0
210,45-49,old_vaccine,0.0,0.0,0.0,0.0
210,45-49,new_vaccine,0.0,0.0,0.0,0.0
210,50-54,unvaccinated,2408.0,9951.5,89.0,0.0
210,50-54,old_vaccine,0.0,0.0,0.0,0.0
210,50-54,new_vaccine,0.0,0.0,0.0,0.0
210,55-59,unvaccinated,3110.5,8946.0,129.5,0.0
210,55-59,old_vaccine,0.0,0.0,0.0,0.0
210,55-59,new_vaccine,0.0,0.0,0.0,0.0
210,60-64,unvaccinated,3005.0,7266.0,297.0,0.0
210,60-64,old_vaccine,0.0,0.0,0.0,0.0
210,60-64,new_vaccine,0.0,0.0,0.0,0.0
210,65-69,unvaccinated,4850.0,4203.0,537.5,0.0
210,65-69,old_vaccine,0.0,0.0,0.0,0.0
210,65-69,new_vaccine,0.0,0.0,0.0,0.0
210,70-74,unvaccinated,5569.5,3227.0,1093.0,0.0
210,70-74,old_vaccine,0.0,0.0,0.0,0.0
210,70-74,new_vaccine,0.0,0.0,0.0,0.0
210,75+,unvaccinated,10120.5,5021.5,3516.0,0.0
210,75+,old_vaccine,0.0,0.0,0.0,0.0
210,75+,new_vaccine,0.0,0.0,0.0,0.0
211,0-4,unvaccinated,680.0,9610.0,12.0,0.0
211,0-4,old_vaccine,0.0,0.0,0.0,0.0
211,0-4,new_vaccine,0.0,0.0,0.0,0.0
211,5-9,unvaccinated,177.5,10778.5,1.0,0.0
211,5-9,old_vaccine,0.0,0.0,0.0,0.0
211,5-9,new_vaccine,0.0,0.0,0.0,0.0
211,10-14,unvaccinated,231.0,10225.5,1.5,0.0
211,10-14,old_vaccine,0.0,0.0,0.0,0.0
211,10-14,new_vaccine,0.0,0.0,0.0,0.0
211,15-19,unvaccinated,230.5,9514.0,2.0,0.0
211,15-19,old_vaccine,0.0,0.0,0.0,0.0
211,15-19,new_vaccine,0.0,0.0,0.0,0.0
211,20-24,unvaccinated,723.5,9982.0,4.5,0.0
211,20-24,old_vaccine,0.0,0.0,0.0,0.0
211,20-24,new_vaccine,0.0,0.0,0.0,0.0
211,25-29,unvaccinated,1172.5,10834.0,3.5,0.0
211,25-29,old_vaccine,0.0,0.0,0.0,0.0
211,25-29,new_vaccine,0.0,0.0,0.0,0.0
211,30-34,unvaccinated,1231.0,10970.5,7.0,0.0
211,30-34,old_vaccine,0.0,0.0,0.0,0.0
211,30-34,new_vaccine,0.0,0.0,0.0,0.0
211,35-39,unvaccinated,1097.0,10941.5,13.5,0.0
211,35-39,old_vaccine,0.0,0.0,0.0,0.0
211,35-39,new_vaccine,0.0,0.0,0.0,0.0
211,40-44,unvaccinated,1171.5,10363.0,18.5,0.0
211,40-44,old_vaccine,0.0,0.0,0.0,0.0
211,40-44,new_vaccine,0.0,0.0,0.0,0.0
211,45-49,unvaccinated,1381.0,9831.0,35.5,0.0
211,45-49,old_vaccine,0.0,0.0,0.0,0.0
211,45-49,new_vaccine,0.0,0.0,0.0,0.0
211,50-54,unvaccinated,2420.0,9984.5,91.5,0.0
211,50-54,old_vaccine,0.0,0.0,0.0,0.0
211,50-54,new_vaccine,0.0,0.0,0.0,0.0
211,55-59,unvaccinated,3115.0,8926.0,129.5,0.0
211,55-59,old_vaccine,0.0,0.0,0.0,0.0
211,55-59,new_vaccine,0.0,0.0,0.0,0.0
211,60-64,unvaccinated,3011.5,7270.5,298.5,0.0
211,60-64,old_vaccine,0.0,0.0,0.0,0.0
211,60-64,new_vaccine,0.0,0.0,0.0,0.0
211,65-69,unvaccinated,4847.0,4210.5,536.5,0.0
211,65-69,old_vaccine,0.0,0.0,0.0,0.0
211,65-69,new_vaccine,0.0,0.0,0.0,0.0
211,70-74,unvaccinated,5556.5,3235.5,1092.0,0.0
211,70-74,old_vaccine,0.0,0.0,0.0,0.0
211,70-74,new_vaccine,0.0,0.0,0.0,0.0
211,75+,unvaccinated,10124.0,5019.0,3517.0,0.0
211,75+,old_vaccine,0.0,0.0,0.0,0.0
211,75+,new_vaccine,0.0,0.0,0.0,0.0
212,0-4,unvaccinated,677.0,9615.0,11.5,0.0
212,0-4,old_vaccine,0.0,0.0,0.0,0.0
212,0-4,new_vaccine,0.0,0.0,0.0,0.0
212,5-9,unvaccinated,177.5,10798.5,1.0,0.0
212,5-9,old_vaccine,0.0,0.0,0.0,0.0
212,5-9,new_vaccine,0.0,0.0,0.0,0.0
212,10-14,unvaccinated,229.0,10232.5,1.5,0.0
212,10-14,old_vaccine,0.0,0.0,0.0,0.0
212,10-14,new_vaccine,0.0,0.0,0.0,0.0
212,15-19,unvaccinated,230.5,9543.0,2.0,0.0
212,15-19,old_vaccine,0.0,0.0,0.0,0.0
212,15-19,new_vaccine,0.0,0.0,0.0,0.0
212,20-24,unvaccinated,715.0,9986.5,4.5,0.0
212,20-24,old_vaccine,0.0,0.0,0.0,0.0
212,20-24,new_vaccine,0.0,0.0,0.0,0.0
212,25-29,unvaccinated,1182.5,10791.0,3.5,0.0
212,25-29,old_vaccine,0.0,0.0,0.0,0.0
212,25-29,new_vaccine,0.0,0.0,0.0,0.0
212,30-34,unvaccinated,1237.5,10970.0,7.0,0.0
212,30-34,old_vaccine,0.0,0.0,0.0,0.0
212,30-34,new_vaccine,0.0,0.0,0.0,0.0
212,35-39,unvaccinated,1093.5,10939.5,13.5,0.0
212,35-39,old_vaccine,0.0,0.0,0.0,0.0
212,35-39,new_vaccine,0.0,0.0,0.0,0.0
212,40-44,unvaccinated,1167.5,10366.0,18.5,0.0
212,40-44,old_vaccine,0.0,0.0,0.0,0.0
212,40-44,new_vaccine,0.0,0.0,0.0,0.0
212,45-49,unvaccinated,1370.5,9859.5,36.5,0.0
212,45-49,old_vaccine,0.0,0.0,0.0,0.0
212,45-49,new_vaccine,0.0,0.0,0.0,0.0
212,50-54,unvaccinated,2399.5,10016.0,92.5,0.0
212,50-54,old_vaccine,0.0,0.0,0.0,0.0
212,50-54,new_vaccine,0.0,0.0,0.0,0.0
212,55-59,unvaccinated,3117.0,8933.0,127.5,0.0
212,55-59,old_vaccine,0.0,0.0,0.0,0.0
212,55-59,new_vaccine,0.0,0.0,0.0,0.0
212,60-64,unvaccinated,3020.0,7275.5,296.5,0.0
212,60-64,old_vaccine,0.0,0.0,0.0,0.0
212,60-64,new_vaccine,0.0,0.0,0.0,0.0
212,65-69,unvaccinated,4852.0,4198.5,535.0,0.0
212,65-69,old_vaccine,0.0,0.0,0.0,0.0
212,65-69,new_vaccine,0.0,0.0,0.0,0.0
212,70-74,unvaccinated,5540.0,3242.0,1091.5,0.0
212,70-74,old_vaccine,0.0,0.0,0.0,0.0
212,70-74,new_vaccine,0.0,0.0,0.0,0.0
212,75+,unvaccinated,10150.0,5027.5,3521.5,0.0
212,75+,old_vaccine,0.0,0.0,0.0,0.0
212,75+,new_vaccine,0.0,0.0,0.0,0.0
213,0-4,unvaccinated,681.5,9597.0,11.5,0.0
213,0-4,old_vaccine,0.0,0.0,0.0,0.0
213,0-4,new_vaccine,0.0,0.0,0.0,0.0
213,5-9,unvaccinated,171.0,10813.0,1.0,0.0
213,5-9,old_vaccine,0.0,0.0,0.0,0.0
213,5-9,new_vaccine,0.0,0.0,0.0,0.0
213,10-14,unvaccinated,232.5,10246.0,1.5,0.0
213,10-14,old_vaccine,0.0,0.0,0.0,0.0
213,10-14,new_vaccine,0.0,0.0,0.0,0.0
213,15-19,unvaccinated,225.5,9582.0,2.0,0.0
213,15-19,old_vaccine,0.0,0.0,0.0,0.0
213,15-19,new_vaccine,0.0,0.0,0.0,0.0
213,20-24,unvaccinated,723.5,9977.0,4.5,0.0
213,20-24,old_vaccine,0.0,0.0,0.0,0.0
213,20-24,new_vaccine,0.0,0.0,0.0,0.0
213,25-29,unvaccinated,1178.0,10792.0,3.0,0.0
213,25-29,old_vaccine,0.0,0.0,0.0,0.0
213,25-29,new_vaccine,0.0,0.0,0.0,0.0
213,30-34,unvaccinated,1247.0,10980.0,7.0,0.0
213,30-34,old_vaccine,0.0,0.0,0.0,0.0
213,30-34,new_vaccine,0.0,0.0,0.0,0.0
213,35-39,unvaccinated,1091.0,10934.0,12.5,0.0
213,35-39,old_vaccine,0.0,0.0,0.0,0.0
213,35-39,new_vaccine,0.0,0.0,0.0,0.0
213,40-44,unvaccinated,1162.0,10369.5,18.5,0.0
213,40-44,old_vaccine,0.0,0.0,0.0,0.0
213,40-44,new_vaccine,0.0,0.0,0.0,0.0
213,45-49,unvaccinated,1370.0,9869.0,36.5,0.0
213,45-49,old_vaccine,0.0,0.0,0.0,0.0
213,45-49,new_vaccine,0.0,0.0,0.0,0.0
213,50-54,unvaccinated,2379.5,9995.0,94.5,0.0
213,50-54,old_vaccine,0.0,0.0,0.0,0.0
213,50-54,new_vaccine,0.0,0.0,0.0,0.0
213,55-59,unvaccinated,3084.5,8917.5,127.0,0.0
213,55-59,old_vaccine,0.0,0.0,0.0,0.0
213,55-59,new_vaccine,0.0,0.0,0.0,0.0
213,60-64,unvaccinated,3017.5,7271.5,296.5,0.0
213,60-64,old_vaccine,0.0,0.0,0.0,0.0
213,60-64,new_vaccine,0.0,0.0,0.0,0.0
213,65-69,unvaccinated,4853.5,4193.0,536.5,0.0
213,65-69,old_vaccine,0.0,0.0,0.0,0.0
213,65-69,new_vaccine,0.0,0.0,0.0,0.0
213,70-74,unvaccinated,5519.0,3225.5,1092.0,0.0
213,70-74,old_vaccine,0.0,0.0,0.0,0.0
213,70-74,new_vaccine,0.0,0.0,0.0,0.0
213,75+,unvaccinated,10159.0,5037.5,3527.0,0.0
213,75+,old_vaccine,0.0,0.0,0.0,0.0
213,75+,new_vaccine,0.0,0.0,0.0,0.0
214,0-4,unvaccinated,685.5,9618.5,11.0,0.0
214,0-4,old_vaccine,0.0,0.0,0.0,0.0
214,0-4,new_vaccine,0.0,0.0,0.0,0.0
214,5-9,unvaccinated,171.0,10818.5,1.0,0.0
214,5-9,old_vaccine,0.0,0.0,0.0,0.0
214,5-9,new_vaccine,0.0,0.0,0.0,0.0
214,10-14,unvaccinated,240.5,10216.0,2.0,0.0
214,10-14,old_vaccine,0.0,0.0,0.0,0.0
214,10-14,new_vaccine,0.0,0.0,0.0,0.0
214,15-19,unvaccinated,222.5,9575.0,2.0,0.0
214,15-19,old_vaccine,0.0,0.0,0.0,0.0
214,15-19,new_vaccine,0.0,0.0,0.0,0.0
214,20-24,unvaccinated,717.5,9995.5,4.5,0.0
214,20-24,old_vaccine,0.0,0.0,0.0,0.0
214,20-24,new_vaccine,0.0,0.0,0.0,0.0
214,25-29,unvaccinated,1177.5,10781.5,3.0,0.0
214,25-29,old_vaccine,0.0,0.0,0.0,0.0
214,25-29,new_vaccine,0.0,0.0,0.0,0.0
214,30-34,unvaccinated,1254.5,10981.0,7.0,0.0
214,30-34,old_vaccine,0.0,0.0,0.0,0.0
214,30-34,new_vaccine,0.0,0.0,0.0,0.0
214,35-39,unvaccinated,1086.0,10949.5,12.0,0.0
214,35-39,old_vaccine,0.0,0.0,0.0,0.0
214,35-39,new_vaccine,0.0,0.0,0.0,0.0
214,40-44,unvaccinated,1158.0,10381.0,17.0,0.0
214,40-44,old_vaccine,0.0,0.0,0.0,0.0
214,40-44,new_vaccine,0.0,0.0,0.0,0.0
214,45-49,unvaccinated,1366.0,9907.5,36.5,0.0
214,45-49,old_vaccine,0.0,0.0,0.0,0.0
214,45-49,new_vaccine,0.0,0.0,0.0,0.0
214,50-54,unvaccinated,2379.0,9983.0,94.5,0.0
214,50-54,old_vaccine,0.0,0.0,0.0,0.0
214,50-54,new_vaccine,0.0,0.0,0.0,0.0
214,55-59,unvaccinated,3097.0,8911.5,126.5,0.0
214,55-59,old_vaccine,0.0,0.0,0.0,0.0
214,55-59,new_vaccine,0.0,0.0,0.0,0.0
214,60-64,unvaccinated,3027.0,7287.0,296.0,0.0
214,60-64,old_vaccine,0.0,0.0,0.0,0.0
214,60-64,new_vaccine,0.0,0.0,0.0,0.0
214,65-69,unvaccinated,4856.0,4199.0,536.5,0.0
214,65-69,old_vaccine,0.0,0.0,0.0,0.0
214,65-69,new_vaccine,0.0,0.0,0.0,0.0
214,70-74,unvaccinated,5508.5,3237.0,1091.0,0.0
214,70-74,old_vaccine,0.0,0.0,0.0,0.0
214,70-74,new_vaccine,0.0,0.0,0.0,0.0
214,75+,unvaccinated,10139.0,5041.5,3530.0,0.0
214,75+,old_vaccine,0.0,0.0,0.0,0.0
214,75+,new_vaccine,0.0,0.0,0.0,0.0
215,0-4,unvaccinated,680.0,9612.0,11.5,0.0
215,0-4,old_vaccine,0.0,0.0,0.0,0.0
215,0-4,new_vaccine,0.0,0.0,0.0,0.0
215,5-9,unvaccinated,173.0,10835.5,1.0,0.0
215,5-9,old_vaccine,0.0,0.0,0.0,0.0
215,5-9,new_vaccine,0.0,0.0,0.0,0.0
215,10-14,unvaccinated,242.5,10191.5,2.0,0.0
215,10-14,old_vaccine,0.0,0.0,0.0,0.0
215,10-14,new_vaccine,0.0,0.0,0.0,0.0
215,15-19,unvaccinated,221.0,9582.0,2.0,0.0
215,15-19,old_vaccine,0.0,0.0,0.0,0.0
215,15-19,new_vaccine,0.0,0.0,0.0,0.0
215,20-24,unvaccinated,714.5,9970.5,4.5,0.0
215,20-24,old_vaccine,0.0,0.0,0.0,0.0
215,20-24,new_vaccine,0.0,0.0,0.0,0.0
215,25-29,unvaccinated,1175.5,10796.5,3.0,0.0
215,25-29,old_vaccine,0.0,0.0,0.0,0.0
215,25-29,new_vaccine,0.0,0.0,0.0,0.0
215,30-34,unvaccinated,1264.0,10970.5,8.0,0.0
215,30-34,old_vaccine,0.0,0.0,0.0,0.0
215,30-34,new_vaccine,0.0,0.0,0.0,0.0
215,35-39,unvaccinated,1092.5,10918.5,12.0,0.0
215,35-39,old_vaccine,0.0,0.0,0.0,0.0
215,35-39,new_vaccine,0.0,0.0,0.0,0.0
215,40-44,unvaccinated,1149.0,10362.5,18.5,0.0
215,40-44,old_vaccine,0.0,0.0,0.0,0.0
215,40-44,new_vaccine,0.0,0.0,0.0,0.0
215,45-49,unvaccinated,1363.5,9909.5,36.5,0.0
215,45-49,old_vaccine,0.0,0.0,0.0,0.0
215,45-49,new_vaccine,0.0,0.0,0.0,0.0
215,50-54,unvaccinated,2392.5,9977.5,94.5,0.0
215,50-54,old_vaccine,0.0,0.0,0.0,0.0
215,50-54,new_vaccine,0.0,0.0,0.0,0.0
215,55-59,unvaccinated,3104.0,8934.0,128.5,0.0
215,55-59,old_vaccine,0.0,0.0,0.0,0.0
215,55-59,new_vaccine,0.0,0.0,0.0,0.0
215,60-64,unvaccinated,3033.0,7276.0,296.0,0.0
215,60-64,old_vaccine,0.0,0.0,0.0,0.0
215,60-64,new_vaccine,0.0,0.0,0.0,0.0
215,65-69,unvaccinated,4852.5,4180.5,537.0,0.0
215,65-69,old_vaccine,0.0,0.0,0.0,0.0
215,65-69,new_vaccine,0.0,0.0,0.0,0.0
215,70-74,unvaccinated,5503.0,3231.5,1093.0,0.0
215,70-74,old_vaccine,0.0,0.0,0.0,0.0
215,70-74,new_vaccine,0.0,0.0,0.0,0.0
215,75+,unvaccinated,10146.0,5042.5,3528.5,0.0
215,75+,old_vaccine,0.0,0.0,0.0,0.0
215,75+,new_vaccine,0.0,0.0,0.0,0.0
216,0-4,unvaccinated,686.5,9622.5,12.5,0.0
216,0-4,old_vaccine,0.0,0.0,0.0,0.0
216,0-4,new_vaccine,0.0,0.0,0.0,0.0
216,5-9,unvaccinated,175.5,10821.0,1.5,0.0
216,5-9,old_vaccine,0.0,0.0,0.0,0.0
216,5-9,new_vaccine,0.0,0.0,0.0,0.0
216,10-14,unvaccinated,247.5,10203.5,2.0,0.0
216,10-14,old_vaccine,0.0,0.0,0.0,0.0
216,10-14,new_vaccine,0.0,0.0,0.0,0.0
216,15-19,unvaccinated,222.0,9597.0,2.0,0.0
216,15-19,old_vaccine,0.0,0.0,0.0,0.0
216,15-19,new_vaccine,0.0,0.0,0.0,0.0
216,20-24,unvaccinated,705.5,10009.0,5.5,0.0
216,20-24,old_vaccine,0.0,0.0,0.0,0.0
216,20-24,new_vaccine,0.0,0.0,0.0,0.0
216,25-29,unvaccinated,1173.0,10810.0,3.5,0.0
216,25-29,old_vaccine,0.0,0.0,0.0,0.0
216,25-29,new_vaccine,0.0,0.0,0.0,0.0
216,30-34,unvaccinated,1260.0,10978.0,8.5,0.0
216,30-34,old_vaccine,0.0,0.0,0.0,0.0
216,30-34,new_vaccine,0.0,0.0,0.0,0.0
216,35-39,unvaccinated,1090.5,10882.0,12.0,0.0
216,35-39,old_vaccine,0.0,0.0,0.0,0.0
216,35-39,new_vaccine,0.0,0.0,0.0,0.0
216,40-44,unvaccinated,1159.0,10371.0,18.5,0.0
216,40-44,old_vaccine,0.0,0.0,0.0,0.0
216,40-44,new_vaccine,0.0,0.0,0.0,0.0
216,45-49,unvaccinated,1367.5,9873.0,35.5,0.0
216,45-49,old_vaccine,0.0,0.0,0.0,0.0
216,45-49,new_vaccine,0.0,0.0,0.0,0.0
216,50-54,unvaccinated,2379.0,9949.0,94.0,0.0
216,50-54,old_vaccine,0.0,0.0,0.0,0.0
216,50-54,new_vaccine,0.0,0.0,0.0,0.0
216,55-59,unvaccinated,3097.5,8924.5,129.5,0.0
216,55-59,old_vaccine,0.0,0.0,0.0,0.0
216,55-59,new_vaccine,0.0,0.0,0.0,0.0
216,60-64,unvaccinated,3037.0,7271.5,294.5,0.0
216,60-64,old_vaccine,0.0,0.0,0.0,0.0
216,60-64,new_vaccine,0.0,0.0,0.0,0.0
216,65-69,unvaccinated,4845.5,4169.0,538.5,0.0
216,65-69,old_vaccine,0.0,0.0,0.0,0.0
216,65-69,new_vaccine,0.0,0.0,0.0,0.0
216,70-74,unvaccinated,5478.0,3231.0,1096.5,0.0
216,70-74,old_vaccine,0.0,0.0,0.0,0.0
216,70-74,new_vaccine,0.0,0.0,0.0,0.0
216,75+,unvaccinated,10133.5,5037.5,3537.0,0.0
216,75+,old_vaccine,0.0,0.0,0.0,0.0
216,75+,new_vaccine,0.0,0.0,0.0,0.0
217,0-4,unvaccinated,687.0,9621.0,12.0,0.0
217,0-4,old_vaccine,0.0,0.0,0.0,0.0
217,0-4,new_vaccine,0.0,0.0,0.0,0.0
217,5-9,unvaccinated,177.5,10821.5,1.0,0.0
217,5-9,old_vaccine,0.0,0.0,0.0,0.0
217,5-9,new_vaccine,0.0,0.0,0.0,0.0
217,10-14,unvaccinated,247.5,10250.5,2.5,0.0
217,10-14,old_vaccine,0.0,0.0,0.0,0.0
217,10-14,new_vaccine,0.0,0.0,0.0,0.0
217,15-19,unvaccinated,223.5,9590.5,2.5,0.0
217,15-19,old_vaccine,0.0,0.0,0.0,0.0
217,15-19,new_vaccine,0.0,0.0,0.0,0.0
217,20-24,unvaccinated,703.0,10010.0,5.5,0.0
217,20-24,old_vaccine,0.0,0.0,0.0,0.0
217,20-24,new_vaccine,0.0,0.0,0.0,0.0
217,25-29,unvaccinated,1179.0,10831.0,3.5,0.0
217,25-29,old_vaccine,0.0,0.0,0.0,0.0
217,25-29,new_vaccine,0.0,0.0,0.0,0.0
217,30-34,unvaccinated,1263.0,10982.5,8.5,0.0
217,30-34,old_vaccine,0.0,0.0,0.0,0.0
217,30-34,new_vaccine,0.0,0.0,0.0,0.0
217,35-39,unvaccinated,1086.5,10870.5,12.5,0.0
217,35-39,old_vaccine,0.0,0.0,0.0,0.0
217,35-39,new_vaccine,0.0,0.0,0.0,0.0
217,40-44,unvaccinated,1153.5,10361.5,17.5,0.0
217,40-44,old_vaccine,0.0,0.0,0.0,0.0
217,40-44,new_vaccine,0.0,0.0,0.0,0.0
217,45-49,unvaccinated,1372.0,9877.5,35.0,0.0
217,45-49,old_vaccine,0.0,0.0,0.0,0.0
217,45-49,new_vaccine,0.0,0.0,0.0,0.0
217,50-54,unvaccinated,2384.5,9938.5,94.5,0.0
217,50-54,old_vaccine,0.0,0.0,0.0,0.0
217,50-54,new_vaccine,0.0,0.0,0.0,0.0
217,55-59,unvaccinated,3122.0,8866.0,131.0,0.0
217,55-59,old_vaccine,0.0,0.0,0.0,0.0
217,55-59,new_vaccine,0.0,0.0,0.0,0.0
217,60-64,unvaccinated,3024.0,7305.5,294.5,0.0
217,60-64,old_vaccine,0.0,0.0,0.0,0.0
217,60-64,new_vaccine,0.0,0.0,0.0,0.0
217,65-69,unvaccinated,4850.0,4157.0,540.5,0.0
217,65-69,old_vaccine,0.0,0.0,0.0,0.0
217,65-69,new_vaccine,0.0,0.0,0.0,0.0
217,70-74,unvaccinated,5506.5,3228.5,1097.0,0.0
217,70-74,old_vaccine,0.0,0.0,0.0,0.0
217,70-74,new_vaccine,0.0,0.0,0.0,0.0
217,75+,unvaccinated,10104.5,5047.5,3542.5,0.0
217,75+,old_vaccine,0.0,0.0,0.0,0.0
217,75+,new_vaccine,0.0,0.0,0.0,0.0
218,0-4,unvaccinated,682.5,9590.5,11.5,0.0
218,0-4,old_vaccine,0.0,0.0,0.0,0.0
218,0-4,new_vaccine,0.0,0.0,0.0,0.0
218,5-9,unvaccinated,176.5,10807.5,1.0,0.0
218,5-9,old_vaccine,0.0,0.0,0.0,0.0
218,5-9,new_vaccine,0.0,0.0,0.0,0.0
218,10-14,unvaccinated,243.5,10249.0,2.5,0.0
218,10-14,old_vaccine,0.0,0.0,0.0,0.0
218,10-14,new_vaccine,0.0,0.0,0.0,0.0
218,15-19,unvaccinated,218.5,9578.5,2.5,0.0
218,15-19,old_vaccine,0.0,0.0,0.0,0.0
218,15-19,new_vaccine,0.0,0.0,0.0,0.0
218,20-24,unvaccinated,715.0,10011.0,5.5,0.0
218,20-24,old_vaccine,0.0,0.0,0.0,0.0
218,20-24,new_vaccine,0.0,0.0,0.0,0.0
218,25-29,unvaccinated,1187.0,10831.0,3.5,0.0
218,25-29,old_vaccine,0.0,0.0,0.0,0.0
218,25-29,new_vaccine,0.0,0.0,0.0,0.0
218,30-34,unvaccinated,1242.5,10982.5,8.5,0.0
218,30-34,old_vaccine,0.0,0.0,0.0,0.0
218,30-34,new_vaccine,0.0,0.0,0.0,0.0
218,35-39,unvaccinated,1095.0,10887.0,12.0,0.0
218,35-39,old_vaccine,0.0,0.0,0.0,0.0
218,35-39,new_vaccine,0.0,0.0,0.0,0.0
218,40-44,unvaccinated,1148.0,10357.5,18.0,0.0
218,40-44,old_vaccine,0.0,0.0,0.0,0.0
218,40-44,new_vaccine,0.0,0.0,0.0,0.0
218,45-49,unvaccinated,1367.0,9864.5,35.0,0.0
218,45-49,old_vaccine,0.0,0.0,0.0,0.0
218,45-49,new_vaccine,0.0,0.0,0.0,0.0
218,50-54,unvaccinated,2399.5,9955.0,94.0,0.0
218,50-54,old_vaccine,0.0,0.0,0.0,0.0
218,50-54,new_vaccine,0.0,0.0,0.0,0.0
218,55-59,unvaccinated,3128.5,8870.5,131.0,0.0
218,55-59,old_vaccine,0.0,0.0,0.0,0.0
218,55-59,new_vaccine,0.0,0.0,0.0,0.0
218,60-64,unvaccinated,3026.0,7278.5,296.0,0.0
218,60-64,old_vaccine,0.0,0.0,0.0,0.0
218,60-64,new_vaccine,0.0,0.0,0.0,0.0
218,65-69,unvaccinated,4835.0,4174.0,540.0,0.0
218,65-69,old_vaccine,0.0,0.0,0.0,0.0
218,65-69,new_vaccine,0.0,0.0,0.0,0.0
218,70-74,unvaccinated,5528.5,3225.0,1098.5,0.0
218,70-74,old_vaccine,0.0,0.0,0.0,0.0
218,70-74,new_vaccine,0.0,0.0,0.0,0.0
218,75+,unvaccinated,10111.0,5052.5,3547.0,0.0
218,75+,old_vaccine,0.0,0.0,0.0,0.0
218,75+,new_vaccine,0.0,0.0,0.0,0.0
219,0-4,unvaccinated,672.5,9582.0,11.5,0.0
219,0-4,old_vaccine,0.0,0.0,0.0,0.0
219,0-4,new_vaccine,0.0,0.0,0.0,0.0
219,5-9,unvaccinated,176.5,10800.5,1.0,0.0
219,5-9,old_vaccine,0.0,0.0,0.0,0.0
219,5-9,new_vaccine,0.0,0.0,0.0,0.0
219,10-14,unvaccinated,245.0,10237.0,2.5,0.0
219,10-14,old_vaccine,0.0,0.0,0.0,0.0
219,10-14,new_vaccine,0.0,0.0,0.0,0.0
219,15-19,unvaccinated,217.5,9550.5,3.0,0.0
219,15-19,old_vaccine,0.0,0.0,0.0,0.0
219,15-19,new_vaccine,0.0,0.0,0.0,0.0
219,20-24,unvaccinated,709.5,10028.5,5.5,0.0
219,20-24,old_vaccine,0.0,0.0,0.0,0.0
219,20-24,new_vaccine,0.0,0.0,0.0,0.0
219,25-29,unvaccinated,1193.0,10841.0,3.5,0.0
219,25-29,old_vaccine,0.0,0.0,0.0,0.0
219,25-29,new_vaccine,0.0,0.0,0.0,0.0
219,30-34,unvaccinated,1233.0,10978.0,8.5,0.0
219,30-34,old_vaccine,0.0,0.0,0.0,0.0
219,30-34,new_vaccine,0.0,0.0,0.0,0.0
219,35-39,unvaccinated,1092.0,10891.5,12.0,0.0
219,35-39,old_vaccine,0.0,0.0,0.0,0.0
219,35-39,new_vaccine,0.0,0.0,0.0,0.0
219,40-44,unvaccinated,1145.5,10355.0,18.0,0.0
219,40-44,old_vaccine,0.0,0.0,0.0,0.0
219,40-44,new_vaccine,0.0,0.0,0.0,0.0
219,45-49,unvaccinated,1373.0,9844.0,35.0,0.0
219,45-49,old_vaccine,0.0,0.0,0.0,0.0
219,45-49,new_vaccine,0.0,0.0,0.0,0.0
219,50-54,unvaccinated,2393.0,9925.0,93.0,0.0
219,50-54,old_vaccine,0.0,0.0,0.0,0.0
219,50-54,new_vaccine,0.0,0.0,0.0,0.0
219,55-59,unvaccinated,3125.5,8906.5,131.0,0.0
219,55-59,old_vaccine,0.0,0.0,0.0,0.0
219,55-59,new_vaccine,0.0,0.0,0.0,0.0
219,60-64,unvaccinated,3015.0,7285.0,296.5,0.0
219,60-64,old_vaccine,0.0,0.0,0.0,0.0
219,60-64,new_vaccine,0.0,0.0,0.0,0.0
219,65-69,unvaccinated,4835.5,4169.5,538.5,0.0
219,65-69,old_vaccine,0.0,0.0,0.0,0.0
219,65-69,new_vaccine,0.0,0.0,0.0,0.0
219,70-74,unvaccinated,5507.5,3234.0,1100.0,0.0
219,70-74,old_vaccine,0.0,0.0,0.0,0.0
219,70-74,new_vaccine,0.0,0.0,0.0,0.0
219,75+,unvaccinated,10083.0,5051.5,3553.0,0.0
219,75+,old_vaccine,0.0,0.0,0.0,0.0
219,75+,new_vaccine,0.0,0.0,0.0,0.0
220,0-4,unvaccinated,672.5,9564.5,11.5,0.0
220,0-4,old_vaccine,0.0,0.0,0.0,0.0
220,0-4,new_vaccine,0.0,0.0,0.0,0.0
220,5-9,unvaccinated,175.5,10797.5,1.0,0.0
220,5-9,old_vaccine,0.0,0.0,0.0,0.0
220,5-9,new_vaccine,0.0,0.0,0.0,0.0
220,10-14,unvaccinated,249.0,10238.5,3.0,0.0
220,10-14,old_vaccine,0.0,0.0,0.0,0.0
220,10-14,new_vaccine,0.0,0.0,0.0,0.0
220,15-19,unvaccinated,213.5,9546.5,3.0,0.0
220,15-19,old_vaccine,0.0,0.0,0.0,0.0
220,15-19,new_vaccine,0.0,0.0,0.0,0.0
220,20-24,unvaccinated,703.0,10039.0,5.5,0.0
220,20-24,old_vaccine,0.0,0.0,0.0,0.0
220,20-24,new_vaccine,0.0,0.0,0.0,0.0
220,25-29,unvaccinated,1200.0,10833.5,3.5,0.0
220,25-29,old_vaccine,0.0,0.0,0.0,0.0
220,25-29,new_vaccine,0.0,0.0,0.0,0.0
220,30-34,unvaccinated,1227.5,10988.0,7.5,0.0
220,30-34,old_vaccine,0.0,0.0,0.0,0.0
220,30-34,new_vaccine,0.0,0.0,0.0,0.0
220,35-39,unvaccinated,1104.5,10873.5,13.5,0.0
220,35-39,old_vaccine,0.0,0.0,0.0,0.0
220,35-39,new_vaccine,0.0,0.0,0.0,0.0
220,40-44,unvaccinated,1151.5,10366.5,18.0,0.0
220,40-44,old_vaccine,0.0,0.0,0.0,0.0
220,40-44,new_vaccine,0.0,0.0,0.0,0.0
220,45-49,unvaccinated,1377.0,9816.0,35.5,0.0
220,45-49,old_vaccine,0.0,0.0,0.0,0.0
220,45-49,new_vaccine,0.0,0.0,0.0,0.0
220,50-54,unvaccinated,2397.0,9943.5,91.0,0.0
220,50-54,old_vaccine,0.0,0.0,0.0,0.0
220,50-54,new_vaccine,0.0,0.0,0.0,0.0
220,55-59,unvaccinated,3116.0,8900.5,128.5,0.0
220,55-59,old_vaccine,0.0,0.0,0.0,0.0
220,55-59,new_vaccine,0.0,0.0,0.0,0.0
220,60-64,unvaccinated,3016.5,7267.0,297.0,0.0
220,60-64,old_vaccine,0.0,0.0,0.0,0.0
220,60-64,new_vaccine,0.0,0.0,0.0,0.0
220,65-69,unvaccinated,4842.0,4203.5,537.0,0.0
220,65-69,old_vaccine,0.0,0.0,0.0,0.0
220,65-69,new_vaccine,0.0,0.0,0.0,0.0
220,70-74,unvaccinated,5512.5,3259.0,1102.0,0.0
220,70-74,old_vaccine,0.0,0.0,0.0,0.0
220,70-74,new_vaccine,0.0,0.0,0.0,0.0
220,75+,unvaccinated,10054.0,5035.5,3554.5,0.0
220,75+,old_vaccine,0.0,0.0,0.0,0.0
220,75+,new_vaccine,0.0,0.0,0.0,0.0
221,0-4,unvaccinated,669.5,9563.0,11.5,0.0
221,0-4,old_vaccine,0.0,0.0,0.0,0.0
221,0-4,new_vaccine,0.0,0.0,0.0,0.0
221,5-9,unvaccinated,175.0,10788.5,1.0,0.0
221,5-9,old_vaccine,0.0,0.0,0.0,0.0
221,5-9,new_vaccine,0.0,0.0,0.0,0.0
221,10-14,unvaccinated,250.5,10236.0,3.0,0.0
221,10-14,old_vaccine,0.0,0.0,0.0,0.0
221,10-14,new_vaccine,0.0,0.0,0.0,0.0
221,15-19,unvaccinated,212.5,9520.0,3.0,0.0
221,15-19,old_vaccine,0.0,0.0,0.0,0.0
221,15-19,new_vaccine,0.0,0.0,0.0,0.0
221,20-24,unvaccinated,712.0,10048.5,5.0,0.0
221,20-24,old_vaccine,0.0,0.0,0.0,0.0
221,20-24,new_vaccine,0.0,0.0,0.0,0.0
221,25-29,unvaccinated,1203.5,10823.5,3.0,0.0
221,25-29,old_vaccine,0.0,0.0,0.0,0.0
221,25-29,new_vaccine,0.0,0.0,0.0,0.0
221,30-34,unvaccinated,1217.0,10985.5,7.0,0.0
221,30-34,old_vaccine,0.0,0.0,0.0,0.0
221,30-34,new_vaccine,0.0,0.0,0.0,0.0
221,35-39,unvaccinated,1098.5,10884.5,13.5,0.0
221,35-39,old_vaccine,0.0,0.0,0.0,0.0
221,35-39,new_vaccine,0.0,0.0,0.0,0.0
221,40-44,unvaccinated,1141.5,10376.0,17.5,0.0
221,40-44,old_vaccine,0.0,0.0,0.0,0.0
221,40-44,new_vaccine,0.0,0.0,0.0,0.0
221,45-49,unvaccinated,1390.5,9803.0,36.0,0.0
221,45-49,old_vaccine,0.0,0.0,0.0,0.0
221,45-49,new_vaccine,0.0,0.0,0.0,0.0
221,50-54,unvaccinated,2405.0,9952.0,91.0,0.0
221,50-54,old_vaccine,0.0,0.0,0.0,0.0
221,50-54,new_vaccine,0.0,0.0,0.0,0.0
221,55-59,unvaccinated,3116.5,8883.0,128.5,0.0
221,55-59,old_vaccine,0.0,0.0,0.0,0.0
221,55-59,new_vaccine,0.0,0.0,0.0,0.0
221,60-64,unvaccinated,3003.0,7275.0,297.0,0.0
221,60-64,old_vaccine,0.0,0.0,0.0,0.0
221,60-64,new_vaccine,0.0,0.0,0.0,0.0
221,65-69,unvaccinated,4858.5,4213.5,535.5,0.0
221,65-69,old_vaccine,0.0,0.0,0.0,0.0
221,65-69,new_vaccine,0.0,0.0,0.0,0.0
221,70-74,unvaccinated,5514.5,3243.0,1103.0,0.0
221,70-74,old_vaccine,0.0,0.0,0.0,0.0
221,70-74,new_vaccine,0.0,0.0,0.0,0.0
221,75+,unvaccinated,10049.0,5028.5,3559.5,0.0
221,75+,old_vaccine,0.0,0.0,0.0,0.0
221,75+,new_vaccine,0.0,0.0,0.0,0.0
222,0-4,unvaccinated,670.5,9586.5,10.0,0.0
222,0-4,old_vaccine,0.0,0.0,0.0,0.0
222,0-4,new_vaccine,0.0,0.0,0.0,0.0
222,5-9,unvaccinated,178.5,10782.0,0.5,0.0
222,5-9,old_vaccine,0.0,0.0,0.0,0.0
222,5-9,new_vaccine,0.0,0.0,0.0,0.0
222,10-14,unvaccinated,245.5,10220.0,3.0,0.0
222,10-14,old_vaccine,0.0,0.0,0.0,0.0
222,10-14,new_vaccine,0.0,0.0,0.0,0.0
222,15-19,unvaccinated,211.0,9513.0,3.0,0.0
222,15-19,old_vaccine,0.0,0.0,0.0,0.0
222,15-19,new_vaccine,0.0,0.0,0.0,0.0
222,20-24,unvaccinated,715.5,10063.5,5.0,0.0
222,20-24,old_vaccine,0.0,0.0,0.0,0.0
222,20-24,new_vaccine,0.0,0.0,0.0,0.0
222,25-29,unvaccinated,1197.5,10843.0,3.0,0.0
222,25-29,old_vaccine,0.0,0.0,0.0,0.0
222,25-29,new_vaccine,0.0,0.0,0.0,0.0
222,30-34,unvaccinated,1220.5,10992.0,7.0,0.0
222,30-34,old_vaccine,0.0,0.0,0.0,0.0
222,30-34,new_vaccine,0.0,0.0,0.0,0.0
222,35-39,unvaccinated,1100.0,10904.0,14.0,0.0
222,35-39,old_vaccine,0.0,0.0,0.0,0.0
222,35-39,new_vaccine,0.0,0.0,0.0,0.0
222,40-44,unvaccinated,1149.5,10372.5,17.5,0.0
222,40-44,old_vaccine,0.0,0.0,0.0,0.0
222,40-44,new_vaccine,0.0,0.0,0.0,0.0
222,45-49,unvaccinated,1387.0,9774.0,36.5,0.0
222,45-49,old_vaccine,0.0,0.0,0.0,0.0
222,45-49,new_vaccine,0.0,0.0,0.0,0.0
222,50-54,unvaccinated,2395.0,9958.5,90.0,0.0
222,50-54,old_vaccine,0.0,0.0,0.0,0.0
222,50-54,new_vaccine,0.0,0.0,0.0,0.0
222,55-59,unvaccinated,3122.5,8900.0,131.0,0.0
222,55-59,old_vaccine,0.0,0.0,0.0,0.0
222,55-59,new_vaccine,0.0,0.0,0.0,0.0
222,60-64,unvaccinated,3014.5,7270.5,298.5,0.0
222,60-64,old_vaccine,0.0,0.0,0.0,0.0
222,60-64,new_vaccine,0.0,0.0,0.0,0.0
222,65-69,unvaccinated,4863.5,4227.5,537.5,0.0
222,65-69,old_vaccine,0.0,0.0,0.0,0.0
222,65-69,new_vaccine,0.0,0.0,0.0,0.0
222,70-74,unvaccinated,5519.0,3261.5,1106.0,0.0
222,70-74,old_vaccine,0.0,0.0,0.0,0.0
222,70-74,new_vaccine,0.0,0.0,0.0,0.0
222,75+,unvaccinated,10034.5,5037.0,3563.0,0.0
222,75+,old_vaccine,0.0,0.0,0.0,0.0
222,75+,new_vaccine,0.0,0.0,0.0,0.0
223,0-4,unvaccinated,673.0,9583.5,9.5,0.0
223,0-4,old_vaccine,0.0,0.0,0.0,0.0
223,0-4,new_vaccine,0.0,0.0,0.0,0.0
223,5-9,unvaccinated,178.5,10796.0,0.5,0.0
223,5-9,old_vaccine,0.0,0.0,0.0,0.0
223,5-9,new_vaccine,0.0,0.0,0.0,0.0
223,10-14,unvaccinated,232.5,10195.5,2.5,0.0
223,10-14,old_vaccine,0.0,0.0,0.0,0.0
223,10-14,new_vaccine,0.0,0.0,0.0,0.0
223,15-19,unvaccinated,214.5,9524.0,3.0,0.0
223,15-19,old_vaccine,0.0,0.0,0.0,0.0
223,15-19,new_vaccine,0.0,0.0,0.0,0.0
223,20-24,unvaccinated,708.0,10057.5,4.5,0.0
223,20-24,old_vaccine,0.0,0.0,0.0,0.0
223,20-24,new_vaccine,0.0,0.0,0.0,0.0
223,25-29,unvaccinated,1201.5,10763.5,3.0,0.0
223,25-29,old_vaccine,0.0,0.0,0.0,0.0
223,25-29,new_vaccine,0.0,0.0,0.0,0.0
223,30-34,unvaccinated,1220.5,10970.5,6.5,0.0
223,30-34,old_vaccine,0.0,0.0,0.0,0.0
223,30-34,new_vaccine,0.0,0.0,0.0,0.0
223,35-39,unvaccinated,1094.0,10899.5,13.5,0.0
223,35-39,old_vaccine,0.0,0.0,0.0,0.0
223,35-39,new_vaccine,0.0,0.0,0.0,0.0
223,40-44,unvaccinated,1141.0,10375.5,19.0,0.0
223,40-44,old_vaccine,0.0,0.0,0.0,0.0
223,40-44,new_vaccine,0.0,0.0,0.0,0.0
223,45-49,unvaccinated,1382.0,9811.5,37.0,0.0
223,45-49,old_vaccine,0.0,0.0,0.0,0.0
223,45-49,new_vaccine,0.0,0.0,0.0,0.0
223,50-54,unvaccinated,2406.5,9971.5,91.0,0.0
223,50-54,old_vaccine,0.0,0.0,0.0,0.0
223,50-54,new_vaccine,0.0,0.0,0.0,0.0
223,55-59,unvaccinated,3127.0,8932.5,129.0,0.0
223,55-59,old_vaccine,0.0,0.0,0.0,0.0
223,55-59,new_vaccine,0.0,0.0,0.0,0.0
223,60-64,unvaccinated,3021.0,7247.5,300.5,0.0
223,60-64,old_vaccine,0.0,0.0,0.0,0.0
223,60-64,new_vaccine,0.0,0.0,0.0,0.0
223,65-69,unvaccinated,4837.5,4220.0,536.5,0.0
223,65-69,old_vaccine,0.0,0.0,0.0,0.0
223,65-69,new_vaccine,0.0,0.0,0.0,0.0
223,70-74,unvaccinated,5524.5,3266.0,1108.5,0.0
223,70-74,old_vaccine,0.0,0.0,0.0,0.0
223,70-74,new_vaccine,0.0,0.0,0.0,0.0
223,75+,unvaccinated,10070.0,5014.0,3565.5,0.0
223,75+,old_vaccine,0.0,0.0,0.0,0.0
223,75+,new_vaccine,0.0,0.0,0.0,0.0
224,0-4,unvaccinated,678.0,9573.0,10.0,0.0
224,0-4,old_vaccine,0.0,0.0,0.0,0.0
224,0-4,new_vaccine,0.0,0.0,0.0,0.0
224,5-9,unvaccinated,175.5,10809.5,1.0,0.0
224,5-9,old_vaccine,0.0,0.0,0.0,0.0
224,5-9,new_vaccine,0.0,0.0,0.0,0.0
224,10-14,unvaccinated,231.5,10226.0,2.0,0.0
224,10-14,old_vaccine,0.0,0.0,0.0,0.0
224,10-14,new_vaccine,0.0,0.0,0.0,0.0
224,15-19,unvaccinated,218.0,9525.5,2.0,0.0
224,15-19,old_vaccine,0.0,0.0,0.0,0.0
224,15-19,new_vaccine,0.0,0.0,0.0,0.0
224,20-24,unvaccinated,709.0,10007.5,4.5,0.0
224,20-24,old_vaccine,0.0,0.0,0.0,0.0
224,20-24,new_vaccine,0.0,0.0,0.0,0.0
224,25-29,unvaccinated,1220.5,10764.5,3.0,0.0
224,25-29,old_vaccine,0.0,0.0,0.0,0.0
224,25-29,new_vaccine,0.0,0.0,0.0,0.0
224,30-34,unvaccinated,1219.5,10991.0,6.5,0.0
224,30-34,old_vaccine,0.0,0.0,0.0,0.0
224,30-34,new_vaccine,0.0,0.0,0.0,0.0
224,35-39,unvaccinated,1102.0,10913.0,14.0,0.0
224,35-39,old_vaccine,0.0,0.0,0.0,0.0
224,35-39,new_vaccine,0.0,0.0,0.0,0.0
224,40-44,unvaccinated,1133.0,10363.5,19.5,0.0
224,40-44,old_vaccine,0.0,0.0,0.0,0.0
224,40-44,new_vaccine,0.0,0.0,0.0,0.0
224,45-49,unvaccinated,1379.0,9823.5,37.0,0.0
224,45-49,old_vaccine,0.0,0.0,0.0,0.0
224,45-49,new_vaccine,0.0,0.0,0.0,0.0
224,50-54,unvaccinated,2413.5,9958.0,92.0,0.0
224,50-54,old_vaccine,0.0,0.0,0.0,0.0
224,50-54,new_vaccine,0.0,0.0,0.0,0.0
224,55-59,unvaccinated,3096.0,8941.0,128.5,0.0
224,55-59,old_vaccine,0.0,0.0,0.0,0.0
224,55-59,new_vaccine,0.0,0.0,0.0,0.0
224,60-64,unvaccinated,3017.5,7257.0,301.5,0.0
224,60-64,old_vaccine,0.0,0.0,0.0,0.0
224,60-64,new_vaccine,0.0,0.0,0.0,0.0
224,65-69,unvaccinated,4827.5,4230.0,536.5,0.0
224,65-69,old_vaccine,0.0,0.0,0.0,0.0
224,65-69,new_vaccine,0.0,0.0,0.0,0.0
224,70-74,unvaccinated,5517.5,3273.0,1108.5,0.0
224,70-74,old_vaccine,0.0,0.0,0.0,0.0
224,70-74,new_vaccine,0.0,0.0,0.0,0.0
224,75+,unvaccinated,10129.0,5036.0,3566.5,0.0
224,75+,old_vaccine,0.0,0.0,0.0,0.0
224,75+,new_vaccine,0.0,0.0,0.0,0.0
225,0-4,unvaccinated,680.5,9598.5,10.0,0.0
225,0-4,old_vaccine,0.0,0.0,0.0,0.0
225,0-4,new_vaccine,0.0,0.0,0.0,0.0
225,5-9,unvaccinated,175.0,10825.5,1.0,0.0
225,5-9,old_vaccine,0.0,0.0,0.0,0.0
225,5-9,new_vaccine,0.0,0.0,0.0,0.0
225,10-14,unvaccinated,232.5,10220.5,2.0,0.0
225,10-14,old_vaccine,0.0,0.0,0.0,0.0
225,10-14,new_vaccine,0.0,0.0,0.0,0.0
225,15-19,unvaccinated,216.5,9524.0,2.0,0.0
225,15-19,old_vaccine,0.0,0.0,0.0,0.0
225,15-19,new_vaccine,0.0,0.0,0.0,0.0
225,20-24,unvaccinated,699.5,9992.0,4.0,0.0
225,20-24,old_vaccine,0.0,0.0,0.0,0.0
225,20-24,new_vaccine,0.0,0.0,0.0,0.0
225,25-29,unvaccinated,1207.0,10749.0,3.5,0.0
225,25-29,old_vaccine,0.0,0.0,0.0,0.0
225,25-29,new_vaccine,0.0,0.0,0.0,0.0
225,30-34,unvaccinated,1221.0,11008.0,7.0,0.0
225,30-34,old_vaccine,0.0,0.0,0.0,0.0
225,30-34,new_vaccine,0.0,0.0,0.0,0.0
225,35-39,unvaccinated,1096.0,10934.0,13.0,0.0
225,35-39,old_vaccine,0.0,0.0,0.0,0.0
225,35-39,new_vaccine,0.0,0.0,0.0,0.0
225,40-44,unvaccinated,1132.5,10389.5,19.0,0.0
225,40-44,old_vaccine,0.0,0.0,0.0,0.0
225,40-44,new_vaccine,0.0,0.0,0.0,0.0
225,45-49,unvaccinated,1376.5,9831.0,36.5,0.0
225,45-49,old_vaccine,0.0,0.0,0.0,0.0
225,45-49,new_vaccine,0.0,0.0,0.0,0.0
225,50-54,unvaccinated,2414.0,9969.0,91.0,0.0
225,50-54,old_vaccine,0.0,0.0,0.0,0.0
225,50-54,new_vaccine,0.0,0.0,0.0,0.0
225,55-59,unvaccinated,3087.5,8940.0,130.0,0.0
225,55-59,old_vaccine,0.0,0.0,0.0,0.0
225,55-59,new_vaccine,0.0,0.0,0.0,0.0
225,60-64,unvaccinated,3022.5,7262.0,301.0,0.0
225,60-64,old_vaccine,0.0,0.0,0.0,0.0
225,60-64,new_vaccine,0.0,0.0,0.0,0.0
225,65-69,unvaccinated,4839.5,4234.0,534.0,0.0
225,65-69,old_vaccine,0.0,0.0,0.0,0.0
225,65-69,new_vaccine,0.0,0.0,0.0,0.0
225,70-74,unvaccinated,5527.0,3272.0,1108.5,0.0
225,70-74,old_vaccine,0.0,0.0,0.0,0.0
225,70-74,new_vaccine,0.0,0.0,0.0,0.0
225,75+,unvaccinated,10109.5,5029.5,3569.0,0.0
225,75+,old_vaccine,0.0,0.0,0.0,0.0
225,75+,new_vaccine,0.0,0.0,0.0,0.0
226,0-4,unvaccinated,677.5,9633.5,11.0,0.0
226,0-4,old_vaccine,0.0,0.0,0.0,0.0
226,0-4,new_vaccine,0.0,0.0,0.0,0.0
226,5-9,unvaccinated,177.0,10842.5,1.0,0.0
226,5-9,old_vaccine,0.0,0.0,0.0,0.0
226,5-9,new_vaccine,0.0,0.0,0.0,0.0
226,10-14,unvaccinated,234.5,10203.5,2.0,0.0
226,10-14,old_vaccine,0.0,0.0,0.0,0.0
226,10-14,new_vaccine,0.0,0.0,0.0,0.0
226,15-19,unvaccinated,220.0,9564.0,2.0,0.0
226,15-19,old_vaccine,0.0,0.0,0.0,0.0
226,15-19,new_vaccine,0.0,0.0,0.0,0.0
226,20-24,unvaccinated,697.0,10013.0,4.0,0.0
226,20-24,old_vaccine,0.0,0.0,0.0,0.0
226,20-24,new_vaccine,0.0,0.0,0.0,0.0
226,25-29,unvaccinated,1189.0,10766.5,3.5,0.0
226,25-29,old_vaccine,0.0,0.0,0.0,0.0
226,25-29,new_vaccine,0.0,0.0,0.0,0.0
226,30-34,unvaccinated,1225.5,11014.0,7.0,0.0
226,30-34,old_vaccine,0.0,0.0,0.0,0.0
226,30-34,new_vaccine,0.0,0.0,0.0,0.0
226,35-39,unvaccinated,1102.5,10935.0,13.5,0.0
226,35-39,old_vaccine,0.0,0.0,0.0,0.0
226,35-39,new_vaccine,0.0,0.0,0.0,0.0
226,40-44,unvaccinated,1132.0,10394.5,17.5,0.0
226,40-44,old_vaccine,0.0,0.0,0.0,0.0
226,40-44,new_vaccine,0.0,0.0,0.0,0.0
226,45-49,unvaccinated,1378.0,9860.5,36.0,0.0
226,45-49,old_vaccine,0.0,0.0,0.0,0.0
226,45-49,new_vaccine,0.0,0.0,0.0,0.0
226,50-54,unvaccinated,2411.0,9946.0,93.0,0.0
226,50-54,old_vaccine,0.0,0.0,0.0,0.0
226,50-54,new_vaccine,0.0,0.0,0.0,0.0
226,55-59,unvaccinated,3084.0,8901.5,130.0,0.0
226,55-59,old_vaccine,0.0,0.0,0.0,0.0
226,55-59,new_vaccine,0.0,0.0,0.0,0.0
226,60-64,unvaccinated,3011.5,7245.5,302.0,0.0
226,60-64,old_vaccine,0.0,0.0,0.0,0.0
226,60-64,new_vaccine,0.0,0.0,0.0,0.0
226,65-69,unvaccinated,4824.0,4218.5,535.0,0.0
226,65-69,old_vaccine,0.0,0.0,0.0,0.0
226,65-69,new_vaccine,0.0,0.0,0.0,0.0
226,70-74,unvaccinated,5489.5,3266.5,1111.0,0.0
226,70-74,old_vaccine,0.0,0.0,0.0,0.0
226,70-74,new_vaccine,0.0,0.0,0.0,0.0
226,75+,unvaccinated,10117.5,5039.5,3574.5,0.0
226,75+,old_vaccine,0.0,0.0,0.0,0.0
226,75+,new_vaccine,0.0,0.0,0.0,0.0
227,0-4,unvaccinated,675.5,9604.0,12.0,0.0
227,0-4,old_vaccine,0.0,0.0,0.0,0.0
227,0-4,new_vaccine,0.0,0.0,0.0,0.0
227,5-9,unvaccinated,177.5,10854.5,1.5,0.0
227,5-9,old_vaccine,0.0,0.0,0.0,0.0
227,5-9,new_vaccine,0.0,0.0,0.0,0.0
227,10-14,unvaccinated,238.0,10197.5,2.0,0.0
227,10-14,old_vaccine,0.0,0.0,0.0,0.0
227,10-14,new_vaccine,0.0,0.0,0.0,0.0
227,15-19,unvaccinated,220.0,9552.0,2.0,0.0
227,15-19,old_vaccine,0.0,0.0,0.0,0.0
227,15-19,new_vaccine,0.0,0.0,0.0,0.0
227,20-24,unvaccinated,695.5,9998.0,5.0,0.0
227,20-24,old_vaccine,0.0,0.0,0.0,0.0
227,20-24,new_vaccine,0.0,0.0,0.0,0.0
227,25-29,unvaccinated,1185.0,10779.5,4.0,0.0
227,25-29,old_vaccine,0.0,0.0,0.0,0.0
227,25-29,new_vaccine,0.0,0.0,0.0,0.0
227,30-34,unvaccinated,1237.0,10988.0,7.0,0.0
227,30-34,old_vaccine,0.0,0.0,0.0,0.0
227,30-34,new_vaccine,0.0,0.0,0.0,0.0
227,35-39,unvaccinated,1111.0,10943.5,13.0,0.0
227,35-39,old_vaccine,0.0,0.0,0.0,0.0
227,35-39,new_vaccine,0.0,0.0,0.0,0.0
227,40-44,unvaccinated,1127.5,10387.0,18.0,0.0
227,40-44,old_vaccine,0.0,0.0,0.0,0.0
227,40-44,new_vaccine,0.0,0.0,0.0,0.0
227,45-49,unvaccinated,1371.5,9875.0,37.0,0.0
227,45-49,old_vaccine,0.0,0.0,0.0,0.0
227,45-49,new_vaccine,0.0,0.0,0.0,0.0
227,50-54,unvaccinated,2416.5,9943.0,93.0,0.0
227,50-54,old_vaccine,0.0,0.0,0.0,0.0
227,50-54,new_vaccine,0.0,0.0,0.0,0.0
227,55-59,unvaccinated,3084.0,8928.0,130.5,0.0
227,55-59,old_vaccine,0.0,0.0,0.0,0.0
227,55-59,new_vaccine,0.0,0.0,0.0,0.0
227,60-64,unvaccinated,3012.5,7255.0,300.0,0.0
227,60-64,old_vaccine,0.0,0.0,0.0,0.0
227,60-64,new_vaccine,0.0,0.0,0.0,0.0
227,65-69,unvaccinated,4842.0,4205.5,535.5,0.0
227,65-69,old_vaccine,0.0,0.0,0.0,0.0
227,65-69,new_vaccine,0.0,0.0,0.0,0.0
227,70-74,unvaccinated,5491.5,3260.0,1110.5,0.0
227,70-74,old_vaccine,0.0,0.0,0.0,0.0
227,70-74,new_vaccine,0.0,0.0,0.0,0.0
227,75+,unvaccinated,10111.5,5058.0,3578.0,0.0
227,75+,old_vaccine,0.0,0.0,0.0,0.0
227,75+,new_vaccine,0.0,0.0,0.0,0.0
228,0-4,unvaccinated,674.5,9599.5,12.5,0.0
228,0-4,old_vaccine,0.0,0.0,0.0,0.0
228,0-4,new_vaccine,0.0,0.0,0.0,0.0
228,5-9,unvaccinated,177.0,10884.5,2.0,0.0
228,5-9,old_vaccine,0.0,0.0,0.0,0.0
228,5-9,new_vaccine,0.0,0.0,0.0,0.0
228,10-14,unvaccinated,240.0,10180.5,2.0,0.0
228,10-14,old_vaccine,0.0,0.0,0.0,0.0
228,10-14,new_vaccine,0.0,0.0,0.0,0.0
228,15-19,unvaccinated,224.0,9598.5,2.0,0.0
228,15-19,old_vaccine,0.0,0.0,0.0,0.0
228,15-19,new_vaccine,0.0,0.0,0.0,0.0
228,20-24,unvaccinated,698.0,9981.0,5.5,0.0
228,20-24,old_vaccine,0.0,0.0,0.0,0.0
228,20-24,new_vaccine,0.0,0.0,0.0,0.0
228,25-29,unvaccinated,1190.0,10776.5,4.0,0.0
228,25-29,old_vaccine,0.0,0.0,0.0,0.0
228,25-29,new_vaccine,0.0,0.0,0.0,0.0
228,30-34,unvaccinated,1235.5,10973.5,7.5,0.0
228,30-34,old_vaccine,0.0,0.0,0.0,0.0
228,30-34,new_vaccine,0.0,0.0,0.0,0.0
228,35-39,unvaccinated,1117.0,10914.5,12.0,0.0
228,35-39,old_vaccine,0.0,0.0,0.0,0.0
228,35-39,new_vaccine,0.0,0.0,0.0,0.0
228,40-44,unvaccinated,1139.5,10401.0,18.5,0.0
228,40-44,old_vaccine,0.0,0.0,0.0,0.0
228,40-44,new_vaccine,0.0,0.0,0.0,0.0
228,45-49,unvaccinated,1372.5,9889.5,38.0,0.0
228,45-49,old_vaccine,0.0,0.0,0.0,0.0
228,45-49,new_vaccine,0.0,0.0,0.0,0.0
228,50-54,unvaccinated,2396.5,9947.0,93.5,0.0
228,50-54,old_vaccine,0.0,0.0,0.0,0.0
228,50-54,new_vaccine,0.0,0.0,0.0,0.0
228,55-59,unvaccinated,3083.0,8942.0,129.5,0.0
228,55-59,old_vaccine,0.0,0.0,0.0,0.0
228,55-59,new_vaccine,0.0,0.0,0.0,0.0
228,60-64,unvaccinated,3016.5,7262.5,302.0,0.0
228,60-64,old_vaccine,0.0,0.0,0.0,0.0
228,60-64,new_vaccine,0.0,0.0,0.0,0.0
228,65-69,unvaccinated,4846.0,4178.5,537.5,0.0
228,65-69,old_vaccine,0.0,0.0,0.0,0.0
228,65-69,new_vaccine,0.0,0.0,0.0,0.0
228,70-74,unvaccinated,5477.5,3265.5,1113.5,0.0
228,70-74,old_vaccine,0.0,0.0,0.0,0.0
228,70-74,new_vaccine,0.0,0.0,0.0,0.0
228,75+,unvaccinated,10108.0,5051.5,3578.5,0.0
228,75+,old_vaccine,0.0,0.0,0.0,0.0
228,75+,new_vaccine,0.0,0.0,0.0,0.0
229,0-4,unvaccinated,681.0,9613.5,12.5,0.0
229,0-4,old_vaccine,0.0,0.0,0.0,0.0
229,0-4,new_vaccine,0.0,0.0,0.0,0.0
229,5-9,unvaccinated,172.5,10855.5,1.5,0.0
229,5-9,old_vaccine,0.0,0.0,0.0,0.0
229,5-9,new_vaccine,0.0,0.0,0.0,0.0
229,10-14,unvaccinated,239.5,10204.0,2.0,0.0
229,10-14,old_vaccine,0.0,0.0,0.0,0.0
229,10-14,new_vaccine,0.0,0.0,0.0,0.0
229,15-19,unvaccinated,224.5,9572.5,2.0,0.0
229,15-19,old_vaccine,0.0,0.0,0.0,0.0
229,15-19,new_vaccine,0.0,0.0,0.0,0.0
229,20-24,unvaccinated,703.0,9985.0,5.5,0.0
229,20-24,old_vaccine,0.0,0.0,0.0,0.0
229,20-24,new_vaccine,0.0,0.0,0.0,0.0
229,25-29,unvaccinated,1194.0,10807.0,4.0,0.0
229,25-29,old_vaccine,0.0,0.0,0.0,0.0
229,25-29,new_vaccine,0.0,0.0,0.0,0.0
229,30-34,unvaccinated,1238.5,10995.0,7.5,0.0
229,30-34,old_vaccine,0.0,0.0,0.0,0.0
229,30-34,new_vaccine,0.0,0.0,0.0,0.0
229,35-39,unvaccinated,1109.0,10897.5,13.0,0.0
229,35-39,old_vaccine,0.0,0.0,0.0,0.0
229,35-39,new_vaccine,0.0,0.0,0.0,0.0
229,40-44,unvaccinated,1146.0,10394.0,18.5,0.0
229,40-44,old_vaccine,0.0,0.0,0.0,0.0
229,40-44,new_vaccine,0.0,0.0,0.0,0.0
229,45-49,unvaccinated,1385.0,9883.5,38.5,0.0
229,45-49,old_vaccine,0.0,0.0,0.0,0.0
229,45-49,new_vaccine,0.0,0.0,0.0,0.0
229,50-54,unvaccinated,2407.5,9950.5,93.5,0.0
229,50-54,old_vaccine,0.0,0.0,0.0,0.0
229,50-54,new_vaccine,0.0,0.0,0.0,0.0
229,55-59,unvaccinated,3073.0,8923.0,130.5,0.0
229,55-59,old_vaccine,0.0,0.0,0.0,0.0
229,55-59,new_vaccine,0.0,0.0,0.0,0.0
229,60-64,unvaccinated,3026.0,7277.0,300.5,0.0
229,60-64,old_vaccine,0.0,0.0,0.0,0.0
229,60-64,new_vaccine,0.0,0.0,0.0,0.0
229,65-69,unvaccinated,4826.5,4177.0,537.5,0.0
229,65-69,old_vaccine,0.0,0.0,0.0,0.0
229,65-69,new_vaccine,0.0,0.0,0.0,0.0
229,70-74,unvaccinated,5494.5,3243.5,1109.5,0.0
229,70-74,old_vaccine,0.0,0.0,0.0,0.0
229,70-74,new_vaccine,0.0,0.0,0.0,0.0
229,75+,unvaccinated,10101.5,5039.5,3585.5,0.0
229,75+,old_vaccine,0.0,0.0,0.0,0.0
229,75+,new_vaccine,0.0,0.0,0.0,0.0
230,0-4,unvaccinated,691.0,9580.5,13.0,0.0
230,0-4,old_vaccine,0.0,0.0,0.0,0.0
230,0-4,new_vaccine,0.0,0.0,0.0,0.0
230,5-9,unvaccinated,174.0,10836.5,1.5,0.0
230,5-9,old_vaccine,0.0,0.0,0.0,0.0
230,5-9,new_vaccine,0.0,0.0,0.0,0.0
230,10-14,unvaccinated,238.5,10202.5,2.0,0.0
230,10-14,old_vaccine,0.0,0.0,0.0,0.0
230,10-14,new_vaccine,0.0,0.0,0.0,0.0
230,15-19,unvaccinated,223.5,9559.0,2.0,0.0
230,15-19,old_vaccine,0.0,0.0,0.0,0.0
230,15-19,new_vaccine,0.0,0.0,0.0,0.0
230,20-24,unvaccinated,709.0,9984.5,5.5,0.0
230,20-24,old_vaccine,0.0,0.0,0.0,0.0
230,20-24,new_vaccine,0.0,0.0,0.0,0.0
230,25-29,unvaccinated,1185.5,10805.0,4.0,0.0
230,25-29,old_vaccine,0.0,0.0,0.0,0.0
230,25-29,new_vaccine,0.0,0.0,0.0,0.0
230,30-34,unvaccinated,1238.0,10967.0,7.0,0.0
230,30-34,old_vaccine,0.0,0.0,0.0,0.0
230,30-34,new_vaccine,0.0,0.0,0.0,0.0
230,35-39,unvaccinated,1110.0,10911.0,13.0,0.0
230,35-39,old_vaccine,0.0,0.0,0.0,0.0
230,35-39,new_vaccine,0.0,0.0,0.0,0.0
230,40-44,unvaccinated,1145.5,10382.5,18.0,0.0
230,40-44,old_vaccine,0.0,0.0,0.0,0.0
230,40-44,new_vaccine,0.0,0.0,0.0,0.0
230,45-49,unvaccinated,1388.0,9885.0,38.0,0.0
230,45-49,old_vaccine,0.0,0.0,0.0,0.0
230,45-49,new_vaccine,0.0,0.0,0.0,0.0
230,50-54,unvaccinated,2407.5,9958.0,92.0,0.0
230,50-54,old_vaccine,0.0,0.0,0.0,0.0
230,50-54,new_vaccine,0.0,0.0,0.0,0.0
230,55-59,unvaccinated,3070.5,8914.0,131.5,0.0
230,55-59,old_vaccine,0.0,0.0,0.0,0.0
230,55-59,new_vaccine,0.0,0.0,0.0,0.0
230,60-64,unvaccinated,3010.0,7289.0,299.0,0.0
230,60-64,old_vaccine,0.0,0.0,0.0,0.0
230,60-64,new_vaccine,0.0,0.0,0.0,0.0
230,65-69,unvaccinated,4834.0,4172.5,539.0,0.0
230,65-69,old_vaccine,0.0,0.0,0.0,0.0
230,65-69,new_vaccine,0.0,0.0,0.0,0.0
230,70-74,unvaccinated,5479.5,3256.5,1112.5,0.0
230,70-74,old_vaccine,0.0,0.0,0.0,0.0
230,70-74,new_vaccine,0.0,0.0,0.0,0.0
230,75+,unvaccinated,10113.5,5018.5,3589.0,0.0
230,75+,old_vaccine,0.0,0.0,0.0,0.0
230,75+,new_vaccine,0.0,0.0,0.0,0.0
231,0-4,unvaccinated,689.5,9587.5,13.0,0.0
231,0-4,old_vaccine,0.0,0.0,0.0,0.0
231,0-4,new_vaccine,0.0,0.0,0.0,0.0
231,5-9,unvaccinated,175.5,10840.0,1.0,0.0
231,5-9,old_vaccine,0.0,0.0,0.0,0.0
231,5-9,new_vaccine,0.0,0.0,0.0,0.0
231,10-14,unvaccinated,239.0,10232.5,2.0,0.0
231,10-14,old_vaccine,0.0,0.0,0.0,0.0
231,10-14,new_vaccine,0.0,0.0,0.0,0.0
231,15-19,unvaccinated,219.0,9584.0,2.0,0.0
231,15-19,old_vaccine,0.0,0.0,0.0,0.0
231,15-19,new_vaccine,0.0,0.0,0.0,0.0
231,20-24,unvaccinated,714.0,10012.0,6.5,0.0
231,20-24,old_vaccine,0.0,0.0,0.0,0.0
231,20-24,new_vaccine,0.0,0.0,0.0,0.0
231,25-29,unvaccinated,1197.5,10814.5,5.0,0.0
231,25-29,old_vaccine,0.0,0.0,0.0,0.0
231,25-29,new_vaccine,0.0,0.0,0.0,0.0
231,30-34,unvaccinated,1242.5,10980.5,7.0,0.0
231,30-34,old_vaccine,0.0,0.0,0.0,0.0
231,30-34,new_vaccine,0.0,0.0,0.0,0.0
231,35-39,unvaccinated,1112.5,10895.0,14.0,0.0
231,35-39,old_vaccine,0.0,0.0,0.0,0.0
231,35-39,new_vaccine,0.0,0.0,0.0,0.0
231,40-44,unvaccinated,1142.0,10408.5,17.5,0.0
231,40-44,old_vaccine,0.0,0.0,0.0,0.0
231,40-44,new_vaccine,0.0,0.0,0.0,0.0
231,45-49,unvaccinated,1379.5,9873.5,39.0,0.0
231,45-49,old_vaccine,0.0,0.0,0.0,0.0
231,45-49,new_vaccine,0.0,0.0,0.0,0.0
231,50-54,unvaccinated,2393.0,9942.5,92.0,0.0
231,50-54,old_vaccine,0.0,0.0,0.0,0.0
231,50-54,new_vaccine,0.0,0.0,0.0,0.0
231,55-59,unvaccinated,3073.5,8944.0,131.5,0.0
231,55-59,old_vaccine,0.0,0.0,0.0,0.0
231,55-59,new_vaccine,0.0,0.0,0.0,0.0
231,60-64,unvaccinated,3030.5,7281.5,298.0,0.0
231,60-64,old_vaccine,0.0,0.0,0.0,0.0
231,60-64,new_vaccine,0.0,0.0,0.0,0.0
231,65-69,unvaccinated,4833.0,4186.5,539.0,0.0
231,65-69,old_vaccine,0.0,0.0,0.0,0.0
231,65-69,new_vaccine,0.0,0.0,0.0,0.0
231,70-74,unvaccinated,5486.0,3245.5,1117.5,0.0
231,70-74,old_vaccine,0.0,0.0,0.0,0.0
231,70-74,new_vaccine,0.0,0.0,0.0,0.0
231,75+,unvaccinated,10094.0,5020.0,3595.5,0.0
231,75+,old_vaccine,0.0,0.0,0.0,0.0
231,75+,new_vaccine,0.0,0.0,0.0,0.0
232,0-4,unvaccinated,681.5,9550.5,13.5,0.0
232,0-4,old_vaccine,0.0,0.0,0.0,0.0
232,0-4,new_vaccine,0.0,0.0,0.0,0.0
232,5-9,unvaccinated,175.5,10816.0,1.0,0.0
232,5-9,old_vaccine,0.0,0.0,0.0,0.0
232,5-9,new_vaccine,0.0,0.0,0.0,0.0
232,10-14,unvaccinated,238.5,10254.0,2.0,0.0
232,10-14,old_vaccine,0.0,0.0,0.0,0.0
232,10-14,new_vaccine,0.0,0.0,0.0,0.0
232,15-19,unvaccinated,221.0,9569.0,2.0,0.0
232,15-19,old_vaccine,0.0,0.0,0.0,0.0
232,15-19,new_vaccine,0.0,0.0,0.0,0.0
232,20-24,unvaccinated,723.5,10019.5,6.0,0.0
232,20-24,old_vaccine,0.0,0.0,0.0,0.0
232,20-24,new_vaccine,0.0,0.0,0.0,0.0
232,25-29,unvaccinated,1210.5,10798.0,5.0,0.0
232,25-29,old_vaccine,0.0,0.0,0.0,0.0
232,25-29,new_vaccine,0.0,0.0,0.0,0.0
232,30-34,unvaccinated,1236.5,10936.5,6.5,0.0
232,30-34,old_vaccine,0.0,0.0,0.0,0.0
232,30-34,new_vaccine,0.0,0.0,0.0,0.0
232,35-39,unvaccinated,1104.5,10907.5,13.5,0.0
232,35-39,old_vaccine,0.0,0.0,0.0,0.0
232,35-39,new_vaccine,0.0,0.0,0.0,0.0
232,40-44,unvaccinated,1151.5,10388.5,18.0,0.0
232,40-44,old_vaccine,0.0,0.0,0.0,0.0
232,40-44,new_vaccine,0.0,0.0,0.0,0.0
232,45-49,unvaccinated,1369.5,9869.0,40.5,0.0
232,45-49,old_vaccine,0.0,0.0,0.0,0.0
232,45-49,new_vaccine,0.0,0.0,0.0,0.0
232,50-54,unvaccinated,2393.5,9941.5,91.5,0.0
232,50-54,old_vaccine,0.0,0.0,0.0,0.0
232,50-54,new_vaccine,0.0,0.0,0.0,0.0
232,55-59,unvaccinated,3084.0,8946.0,132.0,0.0
232,55-59,old_vaccine,0.0,0.0,0.0,0.0
232,55-59,new_vaccine,0.0,0.0,0.0,0.0
232,60-64,unvaccinated,3027.0,7301.5,301.5,0.0
232,60-64,old_vaccine,0.0,0.0,0.0,0.0
232,60-64,new_vaccine,0.0,0.0,0.0,0.0
232,65-69,unvaccinated,4826.5,4192.0,538.5,0.0
232,65-69,old_vaccine,0.0,0.0,0.0,0.0
232,65-69,new_vaccine,0.0,0.0,0.0,0.0
232,70-74,unvaccinated,5489.0,3240.5,1120.5,0.0
232,70-74,old_vaccine,0.0,0.0,0.0,0.0
232,70-74,new_vaccine,0.0,0.0,0.0,0.0
232,75+,unvaccinated,10101.0,5017.5,3597.5,0.0
232,75+,old_vaccine,0.0,0.0,0.0,0.0
232,75+,new_vaccine,0.0,0.0,0.0,0.0
233,0-4,unvaccinated,672.0,9553.5,14.0,0.0
233,0-4,old_vaccine,0.0,0.0,0.0,0.0
233,0-4,new_vaccine,0.0,0.0,0.0,0.0
233,5-9,unvaccinated,174.0,10773.0,0.5,0.0
233,5-9,old_vaccine,0.0,0.0,0.0,0.0
233,5-9,new_vaccine,0.0,0.0,0.0,0.0
233,10-14,unvaccinated,244.5,10237.5,2.0,0.0
233,10-14,old_vaccine,0.0,0.0,0.0,0.0
233,10-14,new_vaccine,0.0,0.0,0.0,0.0
233,15-19,unvaccinated,222.0,9579.0,2.5,0.0
233,15-19,old_vaccine,0.0,0.0,0.0,0.0
233,15-19,new_vaccine,0.0,0.0,0.0,0.0
233,20-24,unvaccinated,720.5,10043.5,6.0,0.0
233,20-24,old_vaccine,0.0,0.0,0.0,0.0
233,20-24,new_vaccine,0.0,0.0,0.0,0.0
233,25-29,unvaccinated,1207.0,10809.5,4.0,0.0
233,25-29,old_vaccine,0.0,0.0,0.0,0.0
233,25-29,new_vaccine,0.0,0.0,0.0,0.0
233,30-34,unvaccinated,1235.0,10978.0,6.5,0.0
233,30-34,old_vaccine,0.0,0.0,0.0,0.0
233,30-34,new_vaccine,0.0,0.0,0.0,0.0
233,35-39,unvaccinated,1103.0,10889.0,13.5,0.0
233,35-39,old_vaccine,0.0,0.0,0.0,0.0
233,35-39,new_vaccine,0.0,0.0,0.0,0.0
233,40-44,unvaccinated,1149.0,10385.5,17.5,0.0
233,40-44,old_vaccine,0.0,0.0,0.0,0.0
233,40-44,new_vaccine,0.0,0.0,0.0,0.0
233,45-49,unvaccinated,1382.0,9866.5,42.0,0.0
233,45-49,old_vaccine,0.0,0.0,0.0,0.0
233,45-49,new_vaccine,0.0,0.0,0.0,0.0
233,50-54,unvaccinated,2378.0,9973.5,92.0,0.0
233,50-54,old_vaccine,0.0,0.0,0.0,0.0
233,50-54,new_vaccine,0.0,0.0,0.0,0.0
233,55-59,unvaccinated,3102.0,8969.0,131.5,0.0
233,55-59,old_vaccine,0.0,0.0,0.0,0.0
233,55-59,new_vaccine,0.0,0.0,0.0,0.0
233,60-64,unvaccinated,3018.0,7285.5,300.5,0.0
233,60-64,old_vaccine,0.0,0.0,0.0,0.0
233,60-64,new_vaccine,0.0,0.0,0.0,0.0
233,65-69,unvaccinated,4816.5,4201.0,538.5,0.0
233,65-69,old_vaccine,0.0,0.0,0.0,0.0
233,65-69,new_vaccine,0.0,0.0,0.0,0.0
233,70-74,unvaccinated,5545.0,3230.0,1120.0,0.0
233,70-74,old_vaccine,0.0,0.0,0.0,0.0
233,70-74,new_vaccine,0.0,0.0,0.0,0.0
233,75+,unvaccinated,10091.0,5026.0,3603.5,0.0
233,75+,old_vaccine,0.0,0.0,0.0,0.0
233,75+,new_vaccine,0.0,0.0,0.0,0.0
234,0-4,unvaccinated,671.0,9579.0,13.5,0.0
234,0-4,old_vaccine,0.0,0.0,0.0,0.0
234,0-4,new_vaccine,0.0,0.0,0.0,0.0
234,5-9,unvaccinated,176.0,10769.0,0.0,0.0
234,5-9,old_vaccine,0.0,0.0,0.0,0.0
234,5-9,new_vaccine,0.0,0.0,0.0,0.0
234,10-14,unvaccinated,243.5,10245.0,2.0,0.0
234,10-14,old_vaccine,0.0,0.0,0.0,0.0
234,10-14,new_vaccine,0.0,0.0,0.0,0.0
234,15-19,unvaccinated,227.5,9537.5,3.0,0.0
234,15-19,old_vaccine,0.0,0.0,0.0,0.0
234,15-19,new_vaccine,0.0,0.0,0.0,0.0
234,20-24,unvaccinated,728.5,10050.0,5.5,0.0
234,20-24,old_vaccine,0.0,0.0,0.0,0.0
234,20-24,new_vaccine,0.0,0.0,0.0,0.0
234,25-29,unvaccinated,1200.5,10845.0,5.0,0.0
234,25-29,old_vaccine,0.0,0.0,0.0,0.0
234,25-29,new_vaccine,0.0,0.0,0.0,0.0
234,30-34,unvaccinated,1241.0,10987.0,7.0,0.0
234,30-34,old_vaccine,0.0,0.0,0.0,0.0
234,30-34,new_vaccine,0.0,0.0,0.0,0.0
234,35-39,unvaccinated,1105.5,10882.5,13.0,0.0
234,35-39,old_vaccine,0.0,0.0,0.0,0.0
234,35-39,new_vaccine,0.0,0.0,0.0,0.0
234,40-44,unvaccinated,1140.5,10389.5,17.0,0.0
234,40-44,old_vaccine,0.0,0.0,0.0,0.0
234,40-44,new_vaccine,0.0,0.0,0.0,0.0
234,45-49,unvaccinated,1381.5,9823.0,41.5,0.0
234,45-49,old_vaccine,0.0,0.0,0.0,0.0
234,45-49,new_vaccine,0.0,0.0,0.0,0.0
234,50-54,unvaccinated,2386.5,9974.0,91.5,0.0
234,50-54,old_vaccine,0.0,0.0,0.0,0.0
234,50-54,new_vaccine,0.0,0.0,0.0,0.0
234,55-59,unvaccinated,3104.5,8960.0,133.0,0.0
234,55-59,old_vaccine,0.0,0.0,0.0,0.0
234,55-59,new_vaccine,0.0,0.0,0.0,0.0
234,60-64,unvaccinated,3019.5,7287.0,301.0,0.0
234,60-64,old_vaccine,0.0,0.0,0.0,0.0
234,60-64,new_vaccine,0.0,0.0,0.0,0.0
234,65-69,unvaccinated,4852.0,4247.0,538.5,0.0
234,65-69,old_vaccine,0.0,0.0,0.0,0.0
234,65-69,new_vaccine,0.0,0.0,0.0,0.0
234,70-74,unvaccinated,5561.5,3212.5,1120.5,0.0
234,70-74,old_vaccine,0.0,0.0,0.0,0.0
234,70-74,new_vaccine,0.0,0.0,0.0,0.0
234,75+,unvaccinated,10085.5,5019.0,3603.5,0.0
234,75+,old_vaccine,0.0,0.0,0.0,0.0
234,75+,new_vaccine,0.0,0.0,0.0,0.0
235,0-4,unvaccinated,668.5,9579.0,13.0,0.0
235,0-4,old_vaccine,0.0,0.0,0.0,0.0
235,0-4,new_vaccine,0.0,0.0,0.0,0.0
235,5-9,unvaccinated,174.0,10737.0,0.0,0.0
235,5-9,old_vaccine,0.0,0.0,0.0,0.0
235,5-9,new_vaccine,0.0,0.0,0.0,0.0
235,10-14,unvaccinated,243.5,10227.5,2.0,0.0
235,10-14,old_vaccine,0.0,0.0,0.0,0.0
235,10-14,new_vaccine,0.0,0.0,0.0,0.0
235,15-19,unvaccinated,232.5,9545.0,3.0,0.0
235,15-19,old_vaccine,0.0,0.0,0.0,0.0
235,15-19,new_vaccine,0.0,0.0,0.0,0.0
235,20-24,unvaccinated,724.5,10020.0,5.5,0.0
235,20-24,old_vaccine,0.0,0.0,0.0,0.0
235,20-24,new_vaccine,0.0,0.0,0.0,0.0
235,25-29,unvaccinated,1195.5,10826.5,5.0,0.0
235,25-29,old_vaccine,0.0,0.0,0.0,0.0
235,25-29,new_vaccine,0.0,0.0,0.0,0.0
235,30-34,unvaccinated,1249.0,10993.5,7.0,0.0
235,30-34,old_vaccine,0.0,0.0,0.0,0.0
235,30-34,new_vaccine,0.0,0.0,0.0,0.0
235,35-39,unvaccinated,1103.5,10869.5,13.0,0.0
235,35-39,old_vaccine,0.0,0.0,0.0,0.0
235,35-39,new_vaccine,0.0,0.0,0.0,0.0
235,40-44,unvaccinated,1134.5,10360.0,17.0,0.0
235,40-44,old_vaccine,0.0,0.0,0.0,0.0
235,40-44,new_vaccine,0.0,0.0,0.0,0.0
235,45-49,unvaccinated,1376.0,9823.0,40.0,0.0
235,45-49,old_vaccine,0.0,0.0,0.0,0.0
235,45-49,new_vaccine,0.0,0.0,0.0,0.0
235,50-54,unvaccinated,2395.0,9963.5,92.5,0.0
235,50-54,old_vaccine,0.0,0.0,0.0,0.0
235,50-54,new_vaccine,0.0,0.0,0.0,0.0
235,55-59,unvaccinated,3120.5,8943.0,131.5,0.0
235,55-59,old_vaccine,0.0,0.0,0.0,0.0
235,55-59,new_vaccine,0.0,0.0,0.0,0.0
235,60-64,unvaccinated,3014.0,7299.5,302.0,0.0
235,60-64,old_vaccine,0.0,0.0,0.0,0.0
235,60-64,new_vaccine,0.0,0.0,0.0,0.0
235,65-69,unvaccinated,4841.0,4265.0,540.5,0.0
235,65-69,old_vaccine,0.0,0.0,0.0,0.0
235,65-69,new_vaccine,0.0,0.0,0.0,0.0
235,70-74,unvaccinated,5558.5,3207.5,1119.5,0.0
235,70-74,old_vaccine,0.0,0.0,0.0,0.0
235,70-74,new_vaccine,0.0,0.0,0.0,0.0
235,75+,unvaccinated,10069.0,5040.0,3609.0,0.0
235,75+,old_vaccine,0.0,0.0,0.0,0.0
235,75+,new_vaccine,0.0,0.0,0.0,0.0
236,0-4,unvaccinated,670.5,9592.0,12.5,0.0
236,0-4,old_vaccine,0.0,0.0,0.0,0.0
236,0-4,new_vaccine,0.0,0.0,0.0,0.0
236,5-9,unvaccinated,172.5,10739.0,0.0,0.0
236,5-9,old_vaccine,0.0,0.0,0.0,0.0
236,5-9,new_vaccine,0.0,0.0,0.0,0.0
236,10-14,unvaccinated,243.0,10258.5,2.5,0.0
236,10-14,old_vaccine,0.0,0.0,0.0,0.0
236,10-14,new_vaccine,0.0,0.0,0.0,0.0
236,15-19,unvaccinated,232.0,9541.0,3.5,0.0
236,15-19,old_vaccine,0.0,0.0,0.0,0.0
236,15-19,new_vaccine,0.0,0.0,0.0,0.0
236,20-24,unvaccinated,730.5,9987.0,5.0,0.0
236,20-24,old_vaccine,0.0,0.0,0.0,0.0
236,20-24,new_vaccine,0.0,0.0,0.0,0.0
236,25-29,unvaccinated,1193.5,10817.0,5.5,0.0
236,25-29,old_vaccine,0.0,0.0,0.0,0.0
236,25-29,new_vaccine,0.0,0.0,0.0,0.0
236,30-34,unvaccinated,1240.0,10984.0,8.0,0.0
236,30-34,old_vaccine,0.0,0.0,0.0,0.0
236,30-34,new_vaccine,0.0,0.0,0.0,0.0
236,35-39,unvaccinated,1101.0,10892.5,13.5,0.0
236,35-39,old_vaccine,0.0,0.0,0.0,0.0
236,35-39,new_vaccine,0.0,0.0,0.0,0.0
236,40-44,unvaccinated,1137.5,10353.0,17.0,0.0
236,40-44,old_vaccine,0.0,0.0,0.0,0.0
236,40-44,new_vaccine,0.0,0.0,0.0,0.0
236,45-49,unvaccinated,1375.5,9835.0,40.0,0.0
236,45-49,old_vaccine,0.0,0.0,0.0,0.0
236,45-49,new_vaccine,0.0,0.0,0.0,0.0
236,50-54,unvaccinated,2379.5,9963.5,93.5,0.0
236,50-54,old_vaccine,0.0,0.0,0.0,0.0
236,50-54,new_vaccine,0.0,0.0,0.0,0.0
236,55-59,unvaccinated,3114.0,8932.5,132.5,0.0
236,55-59,old_vaccine,0.0,0.0,0.0,0.0
236,55-59,new_vaccine,0.0,0.0,0.0,0.0
236,60-64,unvaccinated,2988.5,7287.0,303.0,0.0
236,60-64,old_vaccine,0.0,0.0,0.0,0.0
236,60-64,new_vaccine,0.0,0.0,0.0,0.0
236,65-69,unvaccinated,4837.5,4249.5,542.0,0.0
236,65-69,old_vaccine,0.0,0.0,0.0,0.0
236,65-69,new_vaccine,0.0,0.0,0.0,0.0
236,70-74,unvaccinated,5556.0,3215.0,1120.5,0.0
236,70-74,old_vaccine,0.0,0.0,0.0,0.0
236,70-74,new_vaccine,0.0,0.0,0.0,0.0
236,75+,unvaccinated,10054.5,5022.0,3611.0,0.0
236,75+,old_vaccine,0.0,0.0,0.0,0.0
236,75+,new_vaccine,0.0,0.0,0.0,0.0
237,0-4,unvaccinated,668.0,9577.0,12.5,0.0
237,0-4,old_vaccine,0.0,0.0,0.0,0.0
237,0-4,new_vaccine,0.0,0.0,0.0,0.0
237,5-9,unvaccinated,173.5,10765.5,0.5,0.0
237,5-9,old_vaccine,0.0,0.0,0.0,0.0
237,5-9,new_vaccine,0.0,0.0,0.0,0.0
237,10-14,unvaccinated,238.0,10219.5,2.5,0.0
237,10-14,old_vaccine,0.0,0.0,0.0,0.0
237,10-14,new_vaccine,0.0,0.0,0.0,0.0
237,15-19,unvaccinated,234.0,9495.0,3.5,0.0
237,15-19,old_vaccine,0.0,0.0,0.0,0.0
237,15-19,new_vaccine,0.0,0.0,0.0,0.0
237,20-24,unvaccinated,727.0,9984.5,5.0,0.0
237,20-24,old_vaccine,0.0,0.0,0.0,0.0
237,20-24,new_vaccine,0.0,0.0,0.0,0.0
237,25-29,unvaccinated,1185.5,10847.5,5.5,0.0
237,25-29,old_vaccine,0.0,0.0,0.0,0.0
237,25-29,new_vaccine,0.0,0.0,0.0,0.0
237,30-34,unvaccinated,1238.5,10982.0,7.5,0.0
237,30-34,old_vaccine,0.0,0.0,0.0,0.0
237,30-34,new_vaccine,0.0,0.0,0.0,0.0
237,35-39,unvaccinated,1107.0,10903.0,13.5,0.0
237,35-39,old_vaccine,0.0,0.0,0.0,0.0
237,35-39,new_vaccine,0.0,0.0,0.0,0.0
237,40-44,unvaccinated,1127.5,10339.5,17.0,0.0
237,40-44,old_vaccine,0.0,0.0,0.0,0.0
237,40-44,new_vaccine,0.0,0.0,0.0,0.0
237,45-49,unvaccinated,1388.5,9826.5,40.5,0.0
237,45-49,old_vaccine,0.0,0.0,0.0,0.0
237,45-49,new_vaccine,0.0,0.0,0.0,0.0
237,50-54,unvaccinated,2383.0,9971.5,93.5,0.0
237,50-54,old_vaccine,0.0,0.0,0.0,0.0
237,50-54,new_vaccine,0.0,0.0,0.0,0.0
237,55-59,unvaccinated,3111.5,8929.0,132.5,0.0
237,55-59,old_vaccine,0.0,0.0,0.0,0.0
237,55-59,new_vaccine,0.0,0.0,0.0,0.0
237,60-64,unvaccinated,2991.0,7284.5,302.0,0.0
237,60-64,old_vaccine,0.0,0.0,0.0,0.0
237,60-64,new_vaccine,0.0,0.0,0.0,0.0
237,65-69,unvaccinated,4845.5,4273.5,543.5,0.0
237,65-69,old_vaccine,0.0,0.0,0.0,0.0
237,65-69,new_vaccine,0.0,0.0,0.0,0.0
237,70-74,unvaccinated,5567.5,3226.0,1120.0,0.0
237,70-74,old_vaccine,0.0,0.0,0.0,0.0
237,70-74,new_vaccine,0.0,0.0,0.0,0.0
237,75+,unvaccinated,10058.0,5014.0,3611.5,0.0
237,75+,old_vaccine,0.0,0.0,0.0,0.0
237,75+,new_vaccine,0.0,0.0,0.0,0.0
238,0-4,unvaccinated,666.5,9577.0,12.0,0.0
238,0-4,old_vaccine,0.0,0.0,0.0,0.0
238,0-4,new_vaccine,0.0,0.0,0.0,0.0
238,5-9,unvaccinated,173.5,10783.0,1.0,0.0
238,5-9,old_vaccine,0.0,0.0,0.0,0.0
238,5-9,new_vaccine,0.0,0.0,0.0,0.0
238,10-14,unvaccinated,239.0,10203.5,2.0,0.0
238,10-14,old_vaccine,0.0,0.0,0.0,0.0
238,10-14,new_vaccine,0.0,0.0,0.0,0.0
238,15-19,unvaccinated,235.5,9490.0,3.5,0.0
238,15-19,old_vaccine,0.0,0.0,0.0,0.0
238,15-19,new_vaccine,0.0,0.0,0.0,0.0
238,20-24,unvaccinated,731.0,9976.0,5.0,0.0
238,20-24,old_vaccine,0.0,0.0,0.0,0.0
238,20-24,new_vaccine,0.0,0.0,0.0,0.0
238,25-29,unvaccinated,1183.5,10836.0,5.0,0.0
238,25-29,old_vaccine,0.0,0.0,0.0,0.0
238,25-29,new_vaccine,0.0,0.0,0.0,0.0
238,30-34,unvaccinated,1243.0,10983.0,7.5,0.0
238,30-34,old_vaccine,0.0,0.0,0.0,0.0
238,30-34,new_vaccine,0.0,0.0,0.0,0.0
238,35-39,unvaccinated,1102.0,10899.5,13.5,0.0
238,35-39,old_vaccine,0.0,0.0,0.0,0.0
238,35-39,new_vaccine,0.0,0.0,0.0,0.0
238,40-44,unvaccinated,1136.5,10339.5,17.5,0.0
238,40-44,old_vaccine,0.0,0.0,0.0,0.0
238,40-44,new_vaccine,0.0,0.0,0.0,0.0
238,45-49,unvaccinated,1392.5,9826.0,40.0,0.0
238,45-49,old_vaccine,0.0,0.0,0.0,0.0
238,45-49,new_vaccine,0.0,0.0,0.0,0.0
238,50-54,unvaccinated,2369.5,9983.5,92.5,0.0
238,50-54,old_vaccine,0.0,0.0,0.0,0.0
238,50-54,new_vaccine,0.0,0.0,0.0,0.0
238,55-59,unvaccinated,3116.5,8901.5,132.0,0.0
238,55-59,old_vaccine,0.0,0.0,0.0,0.0
238,55-59,new_vaccine,0.0,0.0,0.0,0.0
238,60-64,unvaccinated,2987.5,7280.5,305.5,0.0
238,60-64,old_vaccine,0.0,0.0,0.0,0.0
238,60-64,new_vaccine,0.0,0.0,0.0,0.0
238,65-69,unvaccinated,4833.0,4273.5,545.5,0.0
238,65-69,old_vaccine,0.0,0.0,0.0,0.0
238,65-69,new_vaccine,0.0,0.0,0.0,0.0
238,70-74,unvaccinated,5573.5,3220.5,1119.0,0.0
238,70-74,old_vaccine,0.0,0.0,0.0,0.0
238,70-74,new_vaccine,0.0,0.0,0.0,0.0
238,75+,unvaccinated,10090.0,5018.0,3613.5,0.0
238,75+,old_vaccine,0.0,0.0,0.0,0.0
238,75+,new_vaccine,0.0,0.0,0.0,0.0
239,0-4,unvaccinated,661.0,9632.5,12.0,0.0
239,0-4,old_vaccine,0.0,0.0,0.0,0.0
239,0-4,new_vaccine,0.0,0.0,0.0,0.0
239,5-9,unvaccinated,170.0,10809.0,1.5,0.0
239,5-9,old_vaccine,0.0,0.0,0.0,0.0
239,5-9,new_vaccine,0.0,0.0,0.0,0.0
239,10-14,unvaccinated,238.5,10177.0,2.0,0.0
239,10-14,old_vaccine,0.0,0.0,0.0,0.0
239,10-14,new_vaccine,0.0,0.0,0.0,0.0
239,15-19,unvaccinated,238.5,9510.5,3.5,0.0
239,15-19,old_vaccine,0.0,0.0,0.0,0.0
239,15-19,new_vaccine,0.0,0.0,0.0,0.0
239,20-24,unvaccinated,727.0,9962.5,4.5,0.0
239,20-24,old_vaccine,0.0,0.0,0.0,0.0
239,20-24,new_vaccine,0.0,0.0,0.0,0.0
239,25-29,unvaccinated,1186.0,10843.0,4.5,0.0
239,25-29,old_vaccine,0.0,0.0,0.0,0.0
239,25-29,new_vaccine,0.0,0.0,0.0,0.0
239,30-34,unvaccinated,1248.5,10976.5,8.0,0.0
239,30-34,old_vaccine,0.0,0.0,0.0,0.0
239,30-34,new_vaccine,0.0,0.0,0.0,0.0
239,35-39,unvaccinated,1107.5,10928.0,14.0,0.0
239,35-39,old_vaccine,0.0,0.0,0.0,0.0
239,35-39,new_vaccine,0.0,0.0,0.0,0.0
239,40-44,unvaccinated,1133.5,10381.0,18.0,0.0
239,40-44,old_vaccine,0.0,0.0,0.0,0.0
239,40-44,new_vaccine,0.0,0.0,0.0,0.0
239,45-49,unvaccinated,1384.0,9815.0,38.5,0.0
239,45-49,old_vaccine,0.0,0.0,0.0,0.0
239,45-49,new_vaccine,0.0,0.0,0.0,0.0
239,50-54,unvaccinated,2377.5,9978.0,94.5,0.0
239,50-54,old_vaccine,0.0,0.0,0.0,0.0
239,50-54,new_vaccine,0.0,0.0,0.0,0.0
239,55-59,unvaccinated,3115.0,8871.0,133.0,0.0
239,55-59,old_vaccine,0.0,0.0,0.0,0.0
239,55-59,new_vaccine,0.0,0.0,0.0,0.0
239,60-64,unvaccinated,2979.5,7281.5,304.5,0.0
239,60-64,old_vaccine,0.0,0.0,0.0,0.0
239,60-64,new_vaccine,0.0,0.0,0.0,0.0
239,65-69,unvaccinated,4787.5,4276.0,550.0,0.0
239,65-69,old_vaccine,0.0,0.0,0.0,0.0
239,65-69,new_vaccine,0.0,0.0,0.0,0.0
239,70-74,unvaccinated,5530.5,3236.0,1121.0,0.0
239,70-74,old_vaccine,0.0,0.0,0.0,0.0
239,70-74,new_vaccine,0.0,0.0,0.0,0.0
239,75+,unvaccinated,10103.5,5014.5,3617.0,0.0
239,75+,old_vaccine,0.0,0.0,0.0,0.0
239,75+,new_vaccine,0.0,0.0,0.0,0.0
240,0-4,unvaccinated,661.5,9623.5,11.0,0.0
240,0-4,old_vaccine,0.0,0.0,0.0,0.0
240,0-4,new_vaccine,0.0,0.0,0.0,0.0
240,5-9,unvaccinated,172.5,10808.0,2.0,0.0
240,5-9,old_vaccine,0.0,0.0,0.0,0.0
240,5-9,new_vaccine,0.0,0.0,0.0,0.0
240,10-14,unvaccinated,239.5,10165.5,2.5,0.0
240,10-14,old_vaccine,0.0,0.0,0.0,0.0
240,10-14,new_vaccine,0.0,0.0,0.0,0.0
240,15-19,unvaccinated,235.5,9540.0,3.5,0.0
240,15-19,old_vaccine,0.0,0.0,0.0,0.0
240,15-19,new_vaccine,0.0,0.0,0.0,0.0
240,20-24,unvaccinated,725.0,9953.5,4.5,0.0
240,20-24,old_vaccine,0.0,0.0,0.0,0.0
240,20-24,new_vaccine,0.0,0.0,0.0,0.0
240,25-29,unvaccinated,1183.5,10818.0,4.0,0.0
240,25-29,old_vaccine,0.0,0.0,0.0,0.0
240,25-29,new_vaccine,0.0,0.0,0.0,0.0
240,30-34,unvaccinated,1252.0,10951.5,8.5,0.0
240,30-34,old_vaccine,0.0,0.0,0.0,0.0
240,30-34,new_vaccine,0.0,0.0,0.0,0.0
240,35-39,unvaccinated,1121.5,10936.0,14.0,0.0
240,35-39,old_vaccine,0.0,0.0,0.0,0.0
240,35-39,new_vaccine,0.0,0.0,0.0,0.0
240,40-44,unvaccinated,1139.5,10398.0,18.0,0.0
240,40-44,old_vaccine,0.0,0.0,0.0,0.0
240,40-44,new_vaccine,0.0,0.0,0.0,0.0
240,45-49,unvaccinated,1393.0,9843.0,38.5,0.0
240,45-49,old_vaccine,0.0,0.0,0.0,0.0
240,45-49,new_vaccine,0.0,0.0,0.0,0.0
240,50-54,unvaccinated,2389.0,9966.5,94.0,0.0
240,50-54,old_vaccine,0.0,0.0,0.0,0.0
240,50-54,new_vaccine,0.0,0.0,0.0,0.0
240,55-59,unvaccinated,3123.5,8868.5,132.5,0.0
240,55-59,old_vaccine,0.0,0.0,0.0,0.0
240,55-59,new_vaccine,0.0,0.0,0.0,0.0
240,60-64,unvaccinated,2993.0,7282.0,303.5,0.0
240,60-64,old_vaccine,0.0,0.0,0.0,0.0
240,60-64,new_vaccine,0.0,0.0,0.0,0.0
240,65-69,unvaccinated,4806.0,4263.5,550.0,0.0
240,65-69,old_vaccine,0.0,0.0,0.0,0.0
240,65-69,new_vaccine,0.0,0.0,0.0,0.0
240,70-74,unvaccinated,5539.0,3227.0,1123.5,0.0
240,70-74,old_vaccine,0.0,0.0,0.0,0.0
240,70-74,new_vaccine,0.0,0.0,0.0,0.0
240,75+,unvaccinated,10129.0,5017.5,3624.0,0.0
240,75+,old_vaccine,0.0,0.0,0.0,0.0
240,75+,new_vaccine,0.0,0.0,0.0,0.0
241,0-4,unvaccinated,673.5,9599.0,11.0,0.0
241,0-4,old_vaccine,0.0,0.0,0.0,0.0
241,0-4,new_vaccine,0.0,0.0,0.0,0.0
241,5-9,unvaccinated,174.5,10836.0,2.0,0.0
241,5-9,old_vaccine,0.0,0.0,0.0,0.0
241,5-9,new_vaccine,0.0,0.0,0.0,0.0
241,10-14,unvaccinated,237.5,10177.5,2.5,0.0
241,10-14,old_vaccine,0.0,0.0,0.0,0.0
241,10-14,new_vaccine,0.0,0.0,0.0,0.0
241,15-19,unvaccinated,233.0,9560.0,3.5,0.0
241,15-19,old_vaccine,0.0,0.0,0.0,0.0
241,15-19,new_vaccine,0.0,0.0,0.0,0.0
241,20-24,unvaccinated,723.5,9957.0,4.5,0.0
241,20-24,old_vaccine,0.0,0.0,0.0,0.0
241,20-24,new_vaccine,0.0,0.0,0.0,0.0
241,25-29,unvaccinated,1194.5,10827.5,4.0,0.0
241,25-29,old_vaccine,0.0,0.0,0.0,0.0
241,25-29,new_vaccine,0.0,0.0,0.0,0.0
241,30-34,unvaccinated,1248.0,10974.0,8.5,0.0
241,30-34,old_vaccine,0.0,0.0,0.0,0.0
241,30-34,new_vaccine,0.0,0.0,0.0,0.0
241,35-39,unvaccinated,1126.0,10945.5,13.5,0.0
241,35-39,old_vaccine,0.0,0.0,0.0,0.0
241,35-39,new_vaccine,0.0,0.0,0.0,0.0
241,40-44,unvaccinated,1135.0,10419.5,18.5,0.0
241,40-44,old_vaccine,0.0,0.0,0.0,0.0
241,40-44,new_vaccine,0.0,0.0,0.0,0.0
241,45-49,unvaccinated,1392.5,9849.5,39.5,0.0
241,45-49,old_vaccine,0.0,0.0,0.0,0.0
241,45-49,new_vaccine,0.0,0.0,0.0,0.0
241,50-54,unvaccinated,2384.5,9971.0,94.5,0.0
241,50-54,old_vaccine,0.0,0.0,0.0,0.0
241,50-54,new_vaccine,0.0,0.0,0.0,0.0
241,55-59,unvaccinated,3114.0,8862.0,134.5,0.0
241,55-59,old_vaccine,0.0,0.0,0.0,0.0
241,55-59,new_vaccine,0.0,0.0,0.0,0.0
241,60-64,unvaccinated,2986.0,7310.5,307.5,0.0
241,60-64,old_vaccine,0.0,0.0,0.0,0.0
241,60-64,new_vaccine,0.0,0.0,0.0,0.0
241,65-69,unvaccinated,4782.0,4235.5,550.0,0.0
241,65-69,old_vaccine,0.0,0.0,0.0,0.0
241,65-69,new_vaccine,0.0,0.0,0.0,0.0
241,70-74,unvaccinated,5533.0,3226.0,1125.5,0.0
241,70-74,old_vaccine,0.0,0.0,0.0,0.0
241,70-74,new_vaccine,0.0,0.0,0.0,0.0
241,75+,unvaccinated,10141.5,5049.0,3628.0,0.0
241,75+,old_vaccine,0.0,0.0,0.0,0.0
241,75+,new_vaccine,0.0,0.0,0.0,0.0
242,0-4,unvaccinated,671.5,9601.0,10.5,0.0
242,0-4,old_vaccine,0.0,0.0,0.0,0.0
242,0-4,new_vaccine,0.0,0.0,0.0,0.0
242,5-9,unvaccinated,177.5,10829.5,2.0,0.0
242,5-9,old_vaccine,0.0,0.0,0.0,0.0
242,5-9,new_vaccine,0.0,0.0,0.0,0.0
242,10-14,unvaccinated,237.0,10165.0,2.5,0.0
242,10-14,old_vaccine,0.0,0.0,0.0,0.0
242,10-14,new_vaccine,0.0,0.0,0.0,0.0
242,15-19,unvaccinated,231.5,9577.0,3.0,0.0
242,15-19,old_vaccine,0.0,0.0,0.0,0.0
242,15-19,new_vaccine,0.0,0.0,0.0,0.0
242,20-24,unvaccinated,729.0,9978.5,4.5,0.0
242,20-24,old_vaccine,0.0,0.0,0.0,0.0
242,20-24,new_vaccine,0.0,0.0,0.0,0.0
242,25-29,unvaccinated,1196.5,10771.5,4.0,0.0
242,25-29,old_vaccine,0.0,0.0,0.0,0.0
242,25-29,new_vaccine,0.0,0.0,0.0,0.0
242,30-34,unvaccinated,1241.5,10956.5,8.5,0.0
242,30-34,old_vaccine,0.0,0.0,0.0,0.0
242,30-34,new_vaccine,0.0,0.0,0.0,0.0
242,35-39,unvaccinated,1121.5,10931.0,13.5,0.0
242,35-39,old_vaccine,0.0,0.0,0.0,0.0
242,35-39,new_vaccine,0.0,0.0,0.0,0.0
242,40-44,unvaccinated,1131.0,10420.5,18.0,0.0
242,40-44,old_vaccine,0.0,0.0,0.0,0.0
242,40-44,new_vaccine,0.0,0.0,0.0,0.0
242,45-49,unvaccinated,1390.5,9814.0,40.5,0.0
242,45-49,old_vaccine,0.0,0.0,0.0,0.0
242,45-49,new_vaccine,0.0,0.0,0.0,0.0
242,50-54,unvaccinated,2396.0,9976.5,94.5,0.0
242,50-54,old_vaccine,0.0,0.0,0.0,0.0
242,50-54,new_vaccine,0.0,0.0,0.0,0.0
242,55-59,unvaccinated,3113.0,8852.5,134.5,0.0
242,55-59,old_vaccine,0.0,0.0,0.0,0.0
242,55-59,new_vaccine,0.0,0.0,0.0,0.0
242,60-64,unvaccinated,2986.5,7280.0,306.5,0.0
242,60-64,old_vaccine,0.0,0.0,0.0,0.0
242,60-64,new_vaccine,0.0,0.0,0.0,0.0
242,65-69,unvaccinated,4797.0,4245.5,550.0,0.0
242,65-69,old_vaccine,0.0,0.0,0.0,0.0
242,65-69,new_vaccine,0.0,0.0,0.0,0.0
242,70-74,unvaccinated,5525.5,3252.0,1125.5,0.0
242,70-74,old_vaccine,0.0,0.0,0.0,0.0
242,70-74,new_vaccine,0.0,0.0,0.0,0.0
242,75+,unvaccinated,10183.5,5052.0,3631.0,0.0
242,75+,old_vaccine,0.0,0.0,0.0,0.0
242,75+,new_vaccine,0.0,0.0,0.0,0.0
243,0-4,unvaccinated,674.0,9613.5,10.5,0.0
243,0-4,old_vaccine,0.0,0.0,0.0,0.0
243,0-4,new_vaccine,0.0,0.0,0.0,0.0
243,5-9,unvaccinated,178.5,10841.0,1.5,0.0
243,5-9,old_vaccine,0.0,0.0,0.0,0.0
243,5-9,new_vaccine,0.0,0.0,0.0,0.0
243,10-14,unvaccinated,239.0,10201.0,2.0,0.0
243,10-14,old_vaccine,0.0,0.0,0.0,0.0
243,10-14,new_vaccine,0.0,0.0,0.0,0.0
243,15-19,unvaccinated,228.5,9581.5,2.0,0.0
243,15-19,old_vaccine,0.0,0.0,0.0,0.0
243,15-19,new_vaccine,0.0,0.0,0.0,0.0
243,20-24,unvaccinated,726.5,10020.5,5.0,0.0
243,20-24,old_vaccine,0.0,0.0,0.0,0.0
243,20-24,new_vaccine,0.0,0.0,0.0,0.0
243,25-29,unvaccinated,1200.0,10794.0,4.0,0.0
243,25-29,old_vaccine,0.0,0.0,0.0,0.0
243,25-29,new_vaccine,0.0,0.0,0.0,0.0
243,30-34,unvaccinated,1244.0,10944.0,7.5,0.0
243,30-34,old_vaccine,0.0,0.0,0.0,0.0
243,30-34,new_vaccine,0.0,0.0,0.0,0.0
243,35-39,unvaccinated,1120.0,10933.5,14.0,0.0
243,35-39,old_vaccine,0.0,0.0,0.0,0.0
243,35-39,new_vaccine,0.0,0.0,0.0,0.0
243,40-44,unvaccinated,1135.0,10424.5,17.5,0.0
243,40-44,old_vaccine,0.0,0.0,0.0,0.0
243,40-44,new_vaccine,0.0,0.0,0.0,0.0
243,45-49,unvaccinated,1388.5,9851.0,40.0,0.0
243,45-49,old_vaccine,0.0,0.0,0.0,0.0
243,45-49,new_vaccine,0.0,0.0,0.0,0.0
243,50-54,unvaccinated,2399.0,9961.0,96.5,0.0
243,50-54,old_vaccine,0.0,0.0,0.0,0.0
243,50-54,new_vaccine,0.0,0.0,0.0,0.0
243,55-59,unvaccinated,3124.5,8874.0,135.5,0.0
243,55-59,old_vaccine,0.0,0.0,0.0,0.0
243,55-59,new_vaccine,0.0,0.0,0.0,0.0
243,60-64,unvaccinated,2999.5,7288.0,307.5,0.0
243,60-64,old_vaccine,0.0,0.0,0.0,0.0
243,60-64,new_vaccine,0.0,0.0,0.0,0.0
243,65-69,unvaccinated,4794.0,4226.0,550.0,0.0
243,65-69,old_vaccine,0.0,0.0,0.0,0.0
243,65-69,new_vaccine,0.0,0.0,0.0,0.0
243,70-74,unvaccinated,5494.5,3248.0,1129.0,0.0
243,70-74,old_vaccine,0.0,0.0,0.0,0.0
243,70-74,new_vaccine,0.0,0.0,0.0,0.0
243,75+,unvaccinated,10155.0,5040.0,3631.5,0.0
243,75+,old_vaccine,0.0,0.0,0.0,0.0
243,75+,new_vaccine,0.0,0.0,0.0,0.0
244,0-4,unvaccinated,676.0,9605.5,11.0,0.0
244,0-4,old_vaccine,0.0,0.0,0.0,0.0
244,0-4,new_vaccine,0.0,0.0,0.0,0.0
244,5-9,unvaccinated,180.5,10849.0,1.5,0.0
244,5-9,old_vaccine,0.0,0.0,0.0,0.0
244,5-9,new_vaccine,0.0,0.0,0.0,0.0
244,10-14,unvaccinated,237.0,10217.5,2.0,0.0
244,10-14,old_vaccine,0.0,0.0,0.0,0.0
244,10-14,new_vaccine,0.0,0.0,0.0,0.0
244,15-19,unvaccinated,231.0,9550.5,2.0,0.0
244,15-19,old_vaccine,0.0,0.0,0.0,0.0
244,15-19,new_vaccine,0.0,0.0,0.0,0.0
244,20-24,unvaccinated,731.0,10025.5,6.0,0.0
244,20-24,old_vaccine,0.0,0.0,0.0,0.0
244,20-24,new_vaccine,0.0,0.0,0.0,0.0
244,25-29,unvaccinated,1188.5,10775.5,4.5,0.0
244,25-29,old_vaccine,0.0,0.0,0.0,0.0
244,25-29,new_vaccine,0.0,0.0,0.0,0.0
244,30-34,unvaccinated,1241.5,10976.5,7.0,0.0
244,30-34,old_vaccine,0.0,0.0,0.0,0.0
244,30-34,new_vaccine,0.0,0.0,0.0,0.0
244,35-39,unvaccinated,1113.0,10926.5,13.0,0.0
244,35-39,old_vaccine,0.0,0.0,0.0,0.0
244,35-39,new_vaccine,0.0,0.0,0.0,0.0
244,40-44,unvaccinated,1148.5,10431.5,18.0,0.0
244,40-44,old_vaccine,0.0,0.0,0.0,0.0
244,40-44,new_vaccine,0.0,0.0,0.0,0.0
244,45-49,unvaccinated,1394.0,9866.5,39.0,0.0
244,45-49,old_vaccine,0.0,0.0,0.0,0.0
244,45-49,new_vaccine,0.0,0.0,0.0,0.0
244,50-54,unvaccinated,2395.5,9946.0,97.0,0.0
244,50-54,old_vaccine,0.0,0.0,0.0,0.0
244,50-54,new_vaccine,0.0,0.0,0.0,0.0
244,55-59,unvaccinated,3133.5,8886.0,137.0,0.0
244,55-59,old_vaccine,0.0,0.0,0.0,0.0
244,55-59,new_vaccine,0.0,0.0,0.0,0.0
244,60-64,unvaccinated,3008.5,7315.5,307.5,0.0
244,60-64,old_vaccine,0.0,0.0,0.0,0.0
244,60-64,new_vaccine,0.0,0.0,0.0,0.0
244,65-69,unvaccinated,4802.5,4229.5,549.5,0.0
244,65-69,old_vaccine,0.0,0.0,0.0,0.0
244,65-69,new_vaccine,0.0,0.0,0.0,0.0
244,70-74,unvaccinated,5507.0,3224.0,1129.0,0.0
244,70-74,old_vaccine,0.0,0.0,0.0,0.0
244,70-74,new_vaccine,0.0,0.0,0.0,0.0
244,75+,unvaccinated,10153.0,5022.5,3635.0,0.0
244,75+,old_vaccine,0.0,0.0,0.0,0.0
244,75+,new_vaccine,0.0,0.0,0.0,0.0
245,0-4,unvaccinated,675.0,9609.0,10.5,0.0
245,0-4,old_vaccine,0.0,0.0,0.0,0.0
245,0-4,new_vaccine,0.0,0.0,0.0,0.0
245,5-9,unvaccinated,180.0,10829.0,1.0,0.0
245,5-9,old_vaccine,0.0,0.0,0.0,0.0
245,5-9,new_vaccine,0.0,0.0,0.0,0.0
245,10-14,unvaccinated,235.0,10226.0,2.5,0.0
245,10-14,old_vaccine,0.0,0.0,0.0,0.0
245,10-14,new_vaccine,0.0,0.0,0.0,0.0
245,15-19,unvaccinated,227.0,9514.5,2.0,0.0
245,15-19,old_vaccine,0.0,0.0,0.0,0.0
245,15-19,new_vaccine,0.0,0.0,0.0,0.0
245,20-24,unvaccinated,718.5,10027.0,5.5,0.0
245,20-24,old_vaccine,0.0,0.0,0.0,0.0
245,20-24,new_vaccine,0.0,0.0,0.0,0.0
245,25-29,unvaccinated,1192.5,10761.5,4.5,0.0
245,25-29,old_vaccine,0.0,0.0,0.0,0.0
245,25-29,new_vaccine,0.0,0.0,0.0,0.0
245,30-34,unvaccinated,1240.0,10937.5,7.5,0.0
245,30-34,old_vaccine,0.0,0.0,0.0,0.0
245,30-34,new_vaccine,0.0,0.0,0.0,0.0
245,35-39,unvaccinated,1114.0,10904.5,13.0,0.0
245,35-39,old_vaccine,0.0,0.0,0.0,0.0
245,35-39,new_vaccine,0.0,0.0,0.0,0.0
245,40-44,unvaccinated,1149.0,10411.5,18.0,0.0
245,40-44,old_vaccine,0.0,0.0,0.0,0.0
245,40-44,new_vaccine,0.0,0.0,0.0,0.0
245,45-49,unvaccinated,1392.0,9822.5,38.5,0.0
245,45-49,old_vaccine,0.0,0.0,0.0,0.0
245,45-49,new_vaccine,0.0,0.0,0.0,0.0
245,50-54,unvaccinated,2392.0,9942.5,96.5,0.0
245,50-54,old_vaccine,0.0,0.0,0.0,0.0
245,50-54,new_vaccine,0.0,0.0,0.0,0.0
245,55-59,unvaccinated,3127.0,8891.5,138.0,0.0
245,55-59,old_vaccine,0.0,0.0,0.0,0.0
245,55-59,new_vaccine,0.0,0.0,0.0,0.0
245,60-64,unvaccinated,2993.5,7276.0,307.5,0.0
245,60-64,old_vaccine,0.0,0.0,0.0,0.0
245,60-64,new_vaccine,0.0,0.0,0.0,0.0
245,65-69,unvaccinated,4823.0,4213.0,547.0,0.0
245,65-69,old_vaccine,0.0,0.0,0.0,0.0
245,65-69,new_vaccine,0.0,0.0,0.0,0.0
245,70-74,unvaccinated,5520.0,3208.5,1133.5,0.0
245,70-74,old_vaccine,0.0,0.0,0.0,0.0
245,70-74,new_vaccine,0.0,0.0,0.0,0.0
245,75+,unvaccinated,10122.0,5016.5,3636.5,0.0
245,75+,old_vaccine,0.0,0.0,0.0,0.0
245,75+,new_vaccine,0.0,0.0,0.0,0.0
246,0-4,unvaccinated,672.0,9601.5,10.5,0.0
246,0-4,old_vaccine,0.0,0.0,0.0,0.0
246,0-4,new_vaccine,0.0,0.0,0.0,0.0
246,5-9,unvaccinated,180.5,10803.5,1.0,0.0
246,5-9,old_vaccine,0.0,0.0,0.0,0.0
246,5-9,new_vaccine,0.0,0.0,0.0,0.0
246,10-14,unvaccinated,240.5,10214.5,2.5,0.0
246,10-14,old_vaccine,0.0,0.0,0.0,0.0
246,10-14,new_vaccine,0.0,0.0,0.0,0.0
246,15-19,unvaccinated,223.0,9512.5,2.0,0.0
246,15-19,old_vaccine,0.0,0.0,0.0,0.0
246,15-19,new_vaccine,0.0,0.0,0.0,0.0
246,20-24,unvaccinated,719.0,10032.0,5.5,0.0
246,20-24,old_vaccine,0.0,0.0,0.0,0.0
246,20-24,new_vaccine,0.0,0.0,0.0,0.0
246,25-29,unvaccinated,1190.0,10763.0,4.0,0.0
246,25-29,old_vaccine,0.0,0.0,0.0,0.0
246,25-29,new_vaccine,0.0,0.0,0.0,0.0
246,30-34,unvaccinated,1232.0,10951.5,7.5,0.0
246,30-34,old_vaccine,0.0,0.0,0.0,0.0
246,30-34,new_vaccine,0.0,0.0,0.0,0.0
246,35-39,unvaccinated,1105.0,10885.5,13.5,0.0
246,35-39,old_vaccine,0.0,0.0,0.0,0.0
246,35-39,new_vaccine,0.0,0.0,0.0,0.0
246,40-44,unvaccinated,1151.5,10392.5,18.0,0.0
246,40-44,old_vaccine,0.0,0.0,0.0,0.0
246,40-44,new_vaccine,0.0,0.0,0.0,0.0
246,45-49,unvaccinated,1400.5,9803.0,39.5,0.0
246,45-49,old_vaccine,0.0,0.0,0.0,0.0
246,45-49,new_vaccine,0.0,0.0,0.0,0.0
246,50-54,unvaccinated,2378.0,9950.5,96.0,0.0
246,50-54,old_vaccine,0.0,0.0,0.0,0.0
246,50-54,new_vaccine,0.0,0.0,0.0,0.0
246,55-59,unvaccinated,3132.5,8924.5,137.5,0.0
246,55-59,old_vaccine,0.0,0.0,0.0,0.0
246,55-59,new_vaccine,0.0,0.0,0.0,0.0
246,60-64,unvaccinated,2995.0,7277.5,306.0,0.0
246,60-64,old_vaccine,0.0,0.0,0.0,0.0
246,60-64,new_vaccine,0.0,0.0,0.0,0.0
246,65-69,unvaccinated,4831.0,4222.5,547.0,0.0
246,65-69,old_vaccine,0.0,0.0,0.0,0.0
246,65-69,new_vaccine,0.0,0.0,0.0,0.0
246,70-74,unvaccinated,5536.5,3199.0,1132.5,0.0
246,70-74,old_vaccine,0.0,0.0,0.0,0.0
246,70-74,new_vaccine,0.0,0.0,0.0,0.0
246,75+,unvaccinated,10112.5,4996.5,3639.0,0.0
246,75+,old_vaccine,0.0,0.0,0.0,0.0
246,75+,new_vaccine,0.0,0.0,0.0,0.0
247,0-4,unvaccinated,681.5,9600.0,10.5,0.0
247,0-4,old_vaccine,0.0,0.0,0.0,0.0
247,0-4,new_vaccine,0.0,0.0,0.0,0.0
247,5-9,unvaccinated,183.5,10804.5,1.5,0.0
247,5-9,old_vaccine,0.0,0.0,0.0,0.0
247,5-9,new_vaccine,0.0,0.0,0.0,0.0
247,10-14,unvaccinated,242.0,10255.5,2.5,0.0
247,10-14,old_vaccine,0.0,0.0,0.0,0.0
247,10-14,new_vaccine,0.0,0.0,0.0,0.0
247,15-19,unvaccinated,221.0,9510.0,2.5,0.0
247,15-19,old_vaccine,0.0,0.0,0.0,0.0
247,15-19,new_vaccine,0.0,0.0,0.0,0.0
247,20-24,unvaccinated,715.0,10020.0,5.5,0.0
247,20-24,old_vaccine,0.0,0.0,0.0,0.0
247,20-24,new_vaccine,0.0,0.0,0.0,0.0
247,25-29,unvaccinated,1190.5,10768.0,3.5,0.0
247,25-29,old_vaccine,0.0,0.0,0.0,0.0
247,25-29,new_vaccine,0.0,0.0,0.0,0.0
247,30-34,unvaccinated,1237.0,10971.5,6.5,0.0
247,30-34,old_vaccine,0.0,0.0,0.0,0.0
247,30-34,new_vaccine,0.0,0.0,0.0,0.0
247,35-39,unvaccinated,1093.5,10881.0,13.0,0.0
247,35-39,old_vaccine,0.0,0.0,0.0,0.0
247,35-39,new_vaccine,0.0,0.0,0.0,0.0
247,40-44,unvaccinated,1147.5,10384.0,18.5,0.0
247,40-44,old_vaccine,0.0,0.0,0.0,0.0
247,40-44,new_vaccine,0.0,0.0,0.0,0.0
247,45-49,unvaccinated,1393.5,9825.0,38.0,0.0
247,45-49,old_vaccine,0.0,0.0,0.0,0.0
247,45-49,new_vaccine,0.0,0.0,0.0,0.0
247,50-54,unvaccinated,2362.0,9941.0,96.5,0.0
247,50-54,old_vaccine,0.0,0.0,0.0,0.0
247,50-54,new_vaccine,0.0,0.0,0.0,0.0
247,55-59,unvaccinated,3118.5,8932.5,136.5,0.0
247,55-59,old_vaccine,0.0,0.0,0.0,0.0
247,55-59,new_vaccine,0.0,0.0,0.0,0.0
247,60-64,unvaccinated,2987.0,7289.5,306.5,0.0
247,60-64,old_vaccine,0.0,0.0,0.0,0.0
247,60-64,new_vaccine,0.0,0.0,0.0,0.0
247,65-69,unvaccinated,4826.5,4234.5,547.5,0.0
247,65-69,old_vaccine,0.0,0.0,0.0,0.0
247,65-69,new_vaccine,0.0,0.0,0.0,0.0
247,70-74,unvaccinated,5535.5,3183.0,1134.5,0.0
247,70-74,old_vaccine,0.0,0.0,0.0,0.0
247,70-74,new_vaccine,0.0,0.0,0.0,0.0
247,75+,unvaccinated,10096.5,4999.0,3637.0,0.0
247,75+,old_vaccine,0.0,0.0,0.0,0.0
247,75+,new_vaccine,0.0,0.0,0.0,0.0
248,0-4,unvaccinated,680.0,9620.0,11.0,0.0
248,0-4,old_vaccine,0.0,0.0,0.0,0.0
248,0-4,new_vaccine,0.0,0.0,0.0,0.0
248,5-9,unvaccinated,180.0,10808.5,1.0,0.0
248,5-9,old_vaccine,0.0,0.0,0.0,0.0
248,5-9,new_vaccine,0.0,0.0,0.0,0.0
248,10-14,unvaccinated,242.5,10247.5,2.5,0.0
248,10-14,old_vaccine,0.0,0.0,0.0,0.0
248,10-14,new_vaccine,0.0,0.0,0.0,0.0
248,15-19,unvaccinated,225.5,9493.0,2.5,0.0
248,15-19,old_vaccine,0.0,0.0,0.0,0.0
248,15-19,new_vaccine,0.0,0.0,0.0,0.0
248,20-24,unvaccinated,708.0,9991.0,5.0,0.0
248,20-24,old_vaccine,0.0,0.0,0.0,0.0
248,20-24,new_vaccine,0.0,0.0,0.0,0.0
248,25-29,unvaccinated,1183.5,10828.0,4.0,0.0
248,25-29,old_vaccine,0.0,0.0,0.0,0.0
248,25-29,new_vaccine,0.0,0.0,0.0,0.0
248,30-34,unvaccinated,1246.5,10972.5,7.0,0.0
248,30-34,old_vaccine,0.0,0.0,0.0,0.0
248,30-34,new_vaccine,0.0,0.0,0.0,0.0
248,35-39,unvaccinated,1101.0,10850.5,13.5,0.0
248,35-39,old_vaccine,0.0,0.0,0.0,0.0
248,35-39,new_vaccine,0.0,0.0,0.0,0.0
248,40-44,unvaccinated,1143.0,10379.0,19.0,0.0
248,40-44,old_vaccine,0.0,0.0,0.0,0.0
248,40-44,new_vaccine,0.0,0.0,0.0,0.0
248,45-49,unvaccinated,1395.0,9844.0,38.0,0.0
248,45-49,old_vaccine,0.0,0.0,0.0,0.0
248,45-49,new_vaccine,0.0,0.0,0.0,0.0
248,50-54,unvaccinated,2374.5,9944.5,97.5,0.0
248,50-54,old_vaccine,0.0,0.0,0.0,0.0
248,50-54,new_vaccine,0.0,0.0,0.0,0.0
248,55-59,unvaccinated,3111.0,8975.0,136.5,0.0
248,55-59,old_vaccine,0.0,0.0,0.0,0.0
248,55-59,new_vaccine,0.0,0.0,0.0,0.0
248,60-64,unvaccinated,2996.0,7287.5,308.5,0.0
248,60-64,old_vaccine,0.0,0.0,0.0,0.0
248,60-64,new_vaccine,0.0,0.0,0.0,0.0
248,65-69,unvaccinated,4848.0,4233.5,547.0,0.0
248,65-69,old_vaccine,0.0,0.0,0.0,0.0
248,65-69,new_vaccine,0.0,0.0,0.0,0.0
248,70-74,unvaccinated,5548.0,3212.0,1134.0,0.0
248,70-74,old_vaccine,0.0,0.0,0.0,0.0
248,70-74,new_vaccine,0.0,0.0,0.0,0.0
248,75+,unvaccinated,10081.5,4989.0,3641.5,0.0
248,75+,old_vaccine,0.0,0.0,0.0,0.0
248,75+,new_vaccine,0.0,0.0,0.0,0.0
249,0-4,unvaccinated,686.5,9595.5,10.5,0.0
249,0-4,old_vaccine,0.0,0.0,0.0,0.0
249,0-4,new_vaccine,0.0,0.0,0.0,0.0
249,5-9,unvaccinated,184.5,10781.5,1.0,0.0
249,5-9,old_vaccine,0.0,0.0,0.0,0.0
249,5-9,new_vaccine,0.0,0.0,0.0,0.0
249,10-14,unvaccinated,244.0,10239.0,2.5,0.0
249,10-14,old_vaccine,0.0,0.0,0.0,0.0
249,10-14,new_vaccine,0.0,0.0,0.0,0.0
249,15-19,unvaccinated,221.0,9495.5,2.5,0.0
249,15-19,old_vaccine,0.0,0.0,0.0,0.0
249,15-19,new_vaccine,0.0,0.0,0.0,0.0
249,20-24,unvaccinated,709.0,10022.0,5.0,0.0
249,20-24,old_vaccine,0.0,0.0,0.0,0.0
249,20-24,new_vaccine,0.0,0.0,0.0,0.0
249,25-29,unvaccinated,1197.5,10834.0,5.5,0.0
249,25-29,old_vaccine,0.0,0.0,0.0,0.0
249,25-29,new_vaccine,0.0,0.0,0.0,0.0
249,30-34,unvaccinated,1237.5,11000.0,7.0,0.0
249,30-34,old_vaccine,0.0,0.0,0.0,0.0
249,30-34,new_vaccine,0.0,0.0,0.0,0.0
249,35-39,unvaccinated,1100.0,10891.5,13.5,0.0
249,35-39,old_vaccine,0.0,0.0,0.0,0.0
249,35-39,new_vaccine,0.0,0.0,0.0,0.0
249,40-44,unvaccinated,1144.0,10357.5,18.0,0.0
249,40-44,old_vaccine,0.0,0.0,0.0,0.0
249,40-44,new_vaccine,0.0,0.0,0.0,0.0
249,45-49,unvaccinated,1386.5,9856.0,37.5,0.0
249,45-49,old_vaccine,0.0,0.0,0.0,0.0
249,45-49,new_vaccine,0.0,0.0,0.0,0.0
249,50-54,unvaccinated,2374.0,9947.0,95.0,0.0
249,50-54,old_vaccine,0.0,0.0,0.0,0.0
249,50-54,new_vaccine,0.0,0.0,0.0,0.0
249,55-59,unvaccinated,3123.5,8956.5,135.0,0.0
249,55-59,old_vaccine,0.0,0.0,0.0,0.0
249,55-59,new_vaccine,0.0,0.0,0.0,0.0
249,60-64,unvaccinated,2994.0,7291.0,308.0,0.0
249,60-64,old_vaccine,0.0,0.0,0.0,0.0
249,60-64,new_vaccine,0.0,0.0,0.0,0.0
249,65-69,unvaccinated,4854.5,4234.5,544.0,0.0
249,65-69,old_vaccine,0.0,0.0,0.0,0.0
249,65-69,new_vaccine,0.0,0.0,0.0,0.0
249,70-74,unvaccinated,5563.0,3232.0,1135.0,0.0
249,70-74,old_vaccine,0.0,0.0,0.0,0.0
249,70-74,new_vaccine,0.0,0.0,0.0,0.0
249,75+,unvaccinated,10090.5,5006.0,3644.5,0.0
249,75+,old_vaccine,0.0,0.0,0.0,0.0
249,75+,new_vaccine,0.0,0.0,0.0,0.0
250,0-4,unvaccinated,679.5,9584.0,10.5,0.0
250,0-4,old_vaccine,0.0,0.0,0.0,0.0
250,0-4,new_vaccine,0.0,0.0,0.0,0.0
250,5-9,unvaccinated,182.5,10811.5,1.0,0.0
250,5-9,old_vaccine,0.0,0.0,0.0,0.0
250,5-9,new_vaccine,0.0,0.0,0.0,0.0
250,10-14,unvaccinated,245.0,10229.5,2.0,0.0
250,10-14,old_vaccine,0.0,0.0,0.0,0.0
250,10-14,new_vaccine,0.0,0.0,0.0,0.0
250,15-19,unvaccinated,221.5,9499.0,2.5,0.0
250,15-19,old_vaccine,0.0,0.0,0.0,0.0
250,15-19,new_vaccine,0.0,0.0,0.0,0.0
250,20-24,unvaccinated,706.5,9997.0,4.5,0.0
250,20-24,old_vaccine,0.0,0.0,0.0,0.0
250,20-24,new_vaccine,0.0,0.0,0.0,0.0
250,25-29,unvaccinated,1196.0,10843.0,5.5,0.0
250,25-29,old_vaccine,0.0,0.0,0.0,0.0
250,25-29,new_vaccine,0.0,0.0,0.0,0.0
250,30-34,unvaccinated,1226.5,11018.5,7.0,0.0
250,30-34,old_vaccine,0.0,0.0,0.0,0.0
250,30-34,new_vaccine,0.0,0.0,0.0,0.0
250,35-39,unvaccinated,1106.0,10889.0,13.5,0.0
250,35-39,old_vaccine,0.0,0.0,0.0,0.0
250,35-39,new_vaccine,0.0,0.0,0.0,0.0
250,40-44,unvaccinated,1141.5,10343.5,18.0,0.0
250,40-44,old_vaccine,0.0,0.0,0.0,0.0
250,40-44,new_vaccine,0.0,0.0,0.0,0.0
250,45-49,unvaccinated,1386.5,9857.5,39.0,0.0
250,45-49,old_vaccine,0.0,0.0,0.0,0.0
250,45-49,new_vaccine,0.0,0.0,0.0,0.0
250,50-54,unvaccinated,2393.5,9939.0,94.0,0.0
250,50-54,old_vaccine,0.0,0.0,0.0,0.0
250,50-54,new_vaccine,0.0,0.0,0.0,0.0
250,55-59,unvaccinated,3111.0,8915.0,131.5,0.0
250,55-59,old_vaccine,0.0,0.0,0.0,0.0
250,55-59,new_vaccine,0.0,0.0,0.0,0.0
250,60-64,unvaccinated,2981.0,7283.0,307.0,0.0
250,60-64,old_vaccine,0.0,0.0,0.0,0.0
250,60-64,new_vaccine,0.0,0.0,0.0,0.0
250,65-69,unvaccinated,4840.5,4224.5,544.5,0.0
250,65-69,old_vaccine,0.0,0.0,0.0,0.0
250,65-69,new_vaccine,0.0,0.0,0.0,0.0
250,70-74,unvaccinated,5572.5,3242.0,1134.0,0.0
250,70-74,old_vaccine,0.0,0.0,0.0,0.0
250,70-74,new_vaccine,0.0,0.0,0.0,0.0
250,75+,unvaccinated,10084.0,5010.5,3652.0,0.0
250,75+,old_vaccine,0.0,0.0,0.0,0.0
250,75+,new_vaccine,0.0,0.0,0.0,0.0
251,0-4,unvaccinated,681.5,9584.5,11.0,0.0
251,0-4,old_vaccine,0.0,0.0,0.0,0.0
251,0-4,new_vaccine,0.0,0.0,0.0,0.0
251,5-9,unvaccinated,181.0,10823.5,1.0,0.0
251,5-9,old_vaccine,0.0,0.0,0.0,0.0
251,5-9,new_vaccine,0.0,0.0,0.0,0.0
251,10-14,unvaccinated,242.5,10206.5,2.0,0.0
251,10-14,old_vaccine,0.0,0.0,0.0,0.0
251,10-14,new_vaccine,0.0,0.0,0.0,0.0
251,15-19,unvaccinated,227.0,9506.0,2.5,0.0
251,15-19,old_vaccine,0.0,0.0,0.0,0.0
251,15-19,new_vaccine,0.0,0.0,0.0,0.0
251,20-24,unvaccinated,717.5,9990.0,4.0,0.0
251,20-24,old_vaccine,0.0,0.0,0.0,0.0
251,20-24,new_vaccine,0.0,0.0,0.0,0.0
251,25-29,unvaccinated,1199.5,10823.5,5.0,0.0
251,25-29,old_vaccine,0.0,0.0,0.0,0.0
251,25-29,new_vaccine,0.0,0.0,0.0,0.0
251,30-34,unvaccinated,1231.0,11042.0,7.0,0.0
251,30-34,old_vaccine,0.0,0.0,0.0,0.0
251,30-34,new_vaccine,0.0,0.0,0.0,0.0
251,35-39,unvaccinated,1109.0,10878.5,14.5,0.0
251,35-39,old_vaccine,0.0,0.0,0.0,0.0
251,35-39,new_vaccine,0.0,0.0,0.0,0.0
251,40-44,unvaccinated,1141.0,10365.0,19.0,0.0
251,40-44,old_vaccine,0.0,0.0,0.0,0.0
251,40-44,new_vaccine,0.0,0.0,0.0,0.0
251,45-49,unvaccinated,1380.0,9855.0,40.0,0.0
251,45-49,old_vaccine,0.0,0.0,0.0,0.0
251,45-49,new_vaccine,0.0,0.0,0.0,0.0
251,50-54,unvaccinated,2384.0,9968.5,93.5,0.0
251,50-54,old_vaccine,0.0,0.0,0.0,0.0
251,50-54,new_vaccine,0.0,0.0,0.0,0.0
251,55-59,unvaccinated,3123.5,8921.5,133.5,0.0
251,55-59,old_vaccine,0.0,0.0,0.0,0.0
251,55-59,new_vaccine,0.0,0.0,0.0,0.0
251,60-64,unvaccinated,3004.5,7306.5,307.0,0.0
251,60-64,old_vaccine,0.0,0.0,0.0,0.0
251,60-64,new_vaccine,0.0,0.0,0.0,0.0
251,65-69,unvaccinated,4851.0,4225.0,548.5,0.0
251,65-69,old_vaccine,0.0,0.0,0.0,0.0
251,65-69,new_vaccine,0.0,0.0,0.0,0.0
251,70-74,unvaccinated,5590.0,3231.5,1136.0,0.0
251,70-74,old_vaccine,0.0,0.0,0.0,0.0
251,70-74,new_vaccine,0.0,0.0,0.0,0.0
251,75+,unvaccinated,10133.0,5013.0,3655.5,0.0
251,75+,old_vaccine,0.0,0.0,0.0,0.0
251,75+,new_vaccine,0.0,0.0,0.0,0.0
252,0-4,unvaccinated,676.5,9593.5,11.0,0.0
252,0-4,old_vaccine,0.0,0.0,0.0,0.0
252,0-4,new_vaccine,0.0,0.0,0.0,0.0
252,5-9,unvaccinated,179.5,10825.0,1.0,0.0
252,5-9,old_vaccine,0.0,0.0,0.0,0.0
252,5-9,new_vaccine,0.0,0.0,0.0,0.0
252,10-14,unvaccinated,242.5,10195.5,1.5,0.0
252,10-14,old_vaccine,0.0,0.0,0.0,0.0
252,10-14,new_vaccine,0.0,0.0,0.0,0.0
252,15-19,unvaccinated,228.5,9523.0,2.5,0.0
252,15-19,old_vaccine,0.0,0.0,0.0,0.0
252,15-19,new_vaccine,0.0,0.0,0.0,0.0
252,20-24,unvaccinated,717.5,9995.0,4.5,0.0
252,20-24,old_vaccine,0.0,0.0,0.0,0.0
252,20-24,new_vaccine,0.0,0.0,0.0,0.0
252,25-29,unvaccinated,1200.5,10830.0,5.0,0.0
252,25-29,old_vaccine,0.0,0.0,0.0,0.0
252,25-29,new_vaccine,0.0,0.0,0.0,0.0
252,30-34,unvaccinated,1232.5,10994.0,7.0,0.0
252,30-34,old_vaccine,0.0,0.0,0.0,0.0
252,30-34,new_vaccine,0.0,0.0,0.0,0.0
252,35-39,unvaccinated,1112.5,10911.0,14.0,0.0
252,35-39,old_vaccine,0.0,0.0,0.0,0.0
252,35-39,new_vaccine,0.0,0.0,0.0,0.0
252,40-44,unvaccinated,1139.0,10371.5,17.5,0.0
252,40-44,old_vaccine,0.0,0.0,0.0,0.0
252,40-44,new_vaccine,0.0,0.0,0.0,0.0
252,45-49,unvaccinated,1365.5,9861.0,40.5,0.0
252,45-49,old_vaccine,0.0,0.0,0.0,0.0
252,45-49,new_vaccine,0.0,0.0,0.0,0.0
252,50-54,unvaccinated,2385.5,9961.0,92.5,0.0
252,50-54,old_vaccine,0.0,0.0,0.0,0.0
252,50-54,new_vaccine,0.0,0.0,0.0,0.0
252,55-59,unvaccinated,3131.0,8935.5,135.0,0.0
252,55-59,old_vaccine,0.0,0.0,0.0,0.0
252,55-59,new_vaccine,0.0,0.0,0.0,0.0
252,60-64,unvaccinated,3004.5,7305.5,308.0,0.0
252,60-64,old_vaccine,0.0,0.0,0.0,0.0
252,60-64,new_vaccine,0.0,0.0,0.0,0.0
252,65-69,unvaccinated,4846.5,4217.0,552.0,0.0
252,65-69,old_vaccine,0.0,0.0,0.0,0.0
252,65-69,new_vaccine,0.0,0.0,0.0,0.0
252,70-74,unvaccinated,5591.5,3222.0,1138.5,0.0
252,70-74,old_vaccine,0.0,0.0,0.0,0.0
252,70-74,new_vaccine,0.0,0.0,0.0,0.0
252,75+,unvaccinated,10120.5,5007.0,3659.5,0.0
252,75+,old_vaccine,0.0,0.0,0.0,0.0
252,75+,new_vaccine,0.0,0.0,0.0,0.0
253,0-4,unvaccinated,676.5,9581.5,11.0,0.0
253,0-4,old_vaccine,0.0,0.0,0.0,0.0
253,0-4,new_vaccine,0.0,0.0,0.0,0.0
253,5-9,unvaccinated,182.0,10826.5,0.5,0.0
253,5-9,old_vaccine,0.0,0.0,0.0,0.0
253,5-9,new_vaccine,0.0,0.0,0.0,0.0
253,10-14,unvaccinated,243.0,10193.5,1.5,0.0
253,10-14,old_vaccine,0.0,0.0,0.0,0.0
253,10-14,new_vaccine,0.0,0.0,0.0,0.0
253,15-19,unvaccinated,232.5,9551.0,2.5,0.0
253,15-19,old_vaccine,0.0,0.0,0.0,0.0
253,15-19,new_vaccine,0.0,0.0,0.0,0.0
253,20-24,unvaccinated,713.5,10008.5,5.0,0.0
253,20-24,old_vaccine,0.0,0.0,0.0,0.0
253,20-24,new_vaccine,0.0,0.0,0.0,0.0
253,25-29,unvaccinated,1200.0,10820.0,5.0,0.0
253,25-29,old_vaccine,0.0,0.0,0.0,0.0
253,25-29,new_vaccine,0.0,0.0,0.0,0.0
253,30-34,unvaccinated,1234.5,11020.5,7.0,0.0
253,30-34,old_vaccine,0.0,0.0,0.0,0.0
253,30-34,new_vaccine,0.0,0.0,0.0,0.0
253,35-39,unvaccinated,1120.0,10912.0,14.0,0.0
253,35-39,old_vaccine,0.0,0.0,0.0,0.0
253,35-39,new_vaccine,0.0,0.0,0.0,0.0
253,40-44,unvaccinated,1147.0,10367.0,17.0,0.0
253,40-44,old_vaccine,0.0,0.0,0.0,0.0
253,40-44,new_vaccine,0.0,0.0,0.0,0.0
253,45-49,unvaccinated,1378.5,9853.5,40.0,0.0
253,45-49,old_vaccine,0.0,0.0,0.0,0.0
253,45-49,new_vaccine,0.0,0.0,0.0,0.0
253,50-54,unvaccinated,2389.5,9989.0,92.5,0.0
253,50-54,old_vaccine,0.0,0.0,0.0,0.0
253,50-54,new_vaccine,0.0,0.0,0.0,0.0
253,55-59,unvaccinated,3140.0,8920.0,133.5,0.0
253,55-59,old_vaccine,0.0,0.0,0.0,0.0
253,55-59,new_vaccine,0.0,0.0,0.0,0.0
253,60-64,unvaccinated,3006.0,7305.5,308.0,0.0
253,60-64,old_vaccine,0.0,0.0,0.0,0.0
253,60-64,new_vaccine,0.0,0.0,0.0,0.0
253,65-69,unvaccinated,4848.0,4207.5,550.5,0.0
253,65-69,old_vaccine,0.0,0.0,0.0,0.0
253,65-69,new_vaccine,0.0,0.0,0.0,0.0
253,70-74,unvaccinated,5579.5,3237.5,1138.5,0.0
253,70-74,old_vaccine,0.0,0.0,0.0,0.0
253,70-74,new_vaccine,0.0,0.0,0.0,0.0
253,75+,unvaccinated,10128.5,5024.0,3663.5,0.0
253,75+,old_vaccine,0.0,0.0,0.0,0.0
253,75+,new_vaccine,0.0,0.0,0.0,0.0
254,0-4,unvaccinated,667.5,9584.0,10.5,0.0
254,0-4,old_vaccine,0.0,0.0,0.0,0.0
254,0-4,new_vaccine,0.0,0.0,0.0,0.0
254,5-9,unvaccinated,179.5,10784.0,0.5,0.0
254,5-9,old_vaccine,0.0,0.0,0.0,0.0
254,5-9,new_vaccine,0.0,0.0,0.0,0.0
254,10-14,unvaccinated,246.0,10227.0,1.5,0.0
254,10-14,old_vaccine,0.0,0.0,0.0,0.0
254,10-14,new_vaccine,0.0,0.0,0.0,0.0
254,15-19,unvaccinated,234.5,9574.5,2.5,0.0
254,15-19,old_vaccine,0.0,0.0,0.0,0.0
254,15-19,new_vaccine,0.0,0.0,0.0,0.0
254,20-24,unvaccinated,712.0,10021.0,5.0,0.0
254,20-24,old_vaccine,0.0,0.0,0.0,0.0
254,20-24,new_vaccine,0.0,0.0,0.0,0.0
254,25-29,unvaccinated,1193.0,10830.5,4.5,0.0
254,25-29,old_vaccine,0.0,0.0,0.0,0.0
254,25-29,new_vaccine,0.0,0.0,0.0,0.0
254,30-34,unvaccinated,1233.5,11006.5,7.0,0.0
254,30-34,old_vaccine,0.0,0.0,0.0,0.0
254,30-34,new_vaccine,0.0,0.0,0.0,0.0
254,35-39,unvaccinated,1121.0,10928.0,14.5,0.0
254,35-39,old_vaccine,0.0,0.0,0.0,0.0
254,35-39,new_vaccine,0.0,0.0,0.0,0.0
254,40-44,unvaccinated,1138.5,10363.5,16.5,0.0
254,40-44,old_vaccine,0.0,0.0,0.0,0.0
254,40-44,new_vaccine,0.0,0.0,0.0,0.0
254,45-49,unvaccinated,1394.0,9864.0,40.5,0.0
254,45-49,old_vaccine,0.0,0.0,0.0,0.0
254,45-49,new_vaccine,0.0,0.0,0.0,0.0
254,50-54,unvaccinated,2382.5,10002.5,94.0,0.0
254,50-54,old_vaccine,0.0,0.0,0.0,0.0
254,50-54,new_vaccine,0.0,0.0,0.0,0.0
254,55-59,unvaccinated,3129.5,8878.5,134.0,0.0
254,55-59,old_vaccine,0.0,0.0,0.0,0.0
254,55-59,new_vaccine,0.0,0.0,0.0,0.0
254,60-64,unvaccinated,3021.0,7303.5,307.5,0.0
254,60-64,old_vaccine,0.0,0.0,0.0,0.0
254,60-64,new_vaccine,0.0,0.0,0.0,0.0
254,65-69,unvaccinated,4841.5,4217.0,551.5,0.0
254,65-69,old_vaccine,0.0,0.0,0.0,0.0
254,65-69,new_vaccine,0.0,0.0,0.0,0.0
254,70-74,unvaccinated,5550.0,3236.5,1140.0,0.0
254,70-74,old_vaccine,0.0,0.0,0.0,0.0
254,70-74,new_vaccine,0.0,0.0,0.0,0.0
254,75+,unvaccinated,10125.0,5046.5,3663.5,0.0
254,75+,old_vaccine,0.0,0.0,0.0,0.0
254,75+,new_vaccine,0.0,0.0,0.0,0.0
255,0-4,unvaccinated,656.5,9602.5,11.0,0.0
255,0-4,old_vaccine,0.0,0.0,0.0,0.0
255,0-4,new_vaccine,0.0,0.0,0.0,0.0
255,5-9,unvaccinated,177.0,10769.0,0.5,0.0
255,5-9,old_vaccine,0.0,0.0,0.0,0.0
255,5-9,new_vaccine,0.0,0.0,0.0,0.0
255,10-14,unvaccinated,250.0,10189.5,1.5,0.0
255,10-14,old_vaccine,0.0,0.0,0.0,0.0
255,10-14,new_vaccine,0.0,0.0,0.0,0.0
255,15-19,unvaccinated,237.0,9603.5,2.0,0.0
255,15-19,old_vaccine,0.0,0.0,0.0,0.0
255,15-19,new_vaccine,0.0,0.0,0.0,0.0
255,20-24,unvaccinated,714.5,10043.0,5.0,0.0
255,20-24,old_vaccine,0.0,0.0,0.0,0.0
255,20-24,new_vaccine,0.0,0.0,0.0,0.0
255,25-29,unvaccinated,1193.0,10809.0,4.0,0.0
255,25-29,old_vaccine,0.0,0.0,0.0,0.0
255,25-29,new_vaccine,0.0,0.0,0.0,0.0
255,30-34,unvaccinated,1228.0,10965.0,6.5,0.0
255,30-34,old_vaccine,0.0,0.0,0.0,0.0
255,30-34,new_vaccine,0.0,0.0,0.0,0.0
255,35-39,unvaccinated,1121.5,10923.5,15.0,0.0
255,35-39,old_vaccine,0.0,0.0,0.0,0.0
255,35-39,new_vaccine,0.0,0.0,0.0,0.0
255,40-44,unvaccinated,1135.5,10381.0,17.0,0.0
255,40-44,old_vaccine,0.0,0.0,0.0,0.0
255,40-44,new_vaccine,0.0,0.0,0.0,0.0
255,45-49,unvaccinated,1392.0,9836.0,41.5,0.0
255,45-49,old_vaccine,0.0,0.0,0.0,0.0
255,45-49,new_vaccine,0.0,0.0,0.0,0.0
255,50-54,unvaccinated,2396.0,9985.0,93.5,0.0
255,50-54,old_vaccine,0.0,0.0,0.0,0.0
255,50-54,new_vaccine,0.0,0.0,0.0,0.0
255,55-59,unvaccinated,3113.0,8869.5,133.5,0.0
255,55-59,old_vaccine,0.0,0.0,0.0,0.0
255,55-59,new_vaccine,0.0,0.0,0.0,0.0
255,60-64,unvaccinated,3035.0,7294.0,308.5,0.0
255,60-64,old_vaccine,0.0,0.0,0.0,0.0
255,60-64,new_vaccine,0.0,0.0,0.0,0.0
255,65-69,unvaccinated,4830.0,4229.0,554.0,0.0
255,65-69,old_vaccine,0.0,0.0,0.0,0.0
255,65-69,new_vaccine,0.0,0.0,0.0,0.0
255,70-74,unvaccinated,5528.5,3230.5,1144.0,0.0
255,70-74,old_vaccine,0.0,0.0,0.0,0.0
255,70-74,new_vaccine,0.0,0.0,0.0,0.0
255,75+,unvaccinated,10128.5,5030.5,3666.0,0.0
255,75+,old_vaccine,0.0,0.0,0.0,0.0
255,75+,new_vaccine,0.0,0.0,0.0,0.0
256,0-4,unvaccinated,650.0,9600.0,11.0,0.0
256,0-4,old_vaccine,0.0,0.0,0.0,0.0
256,0-4,new_vaccine,0.0,0.0,0.0,0.0
256,5-9,unvaccinated,177.5,10790.5,0.0,0.0
256,5-9,old_vaccine,0.0,0.0,0.0,0.0
256,5-9,new_vaccine,0.0,0.0,0.0,0.0
256,10-14,unvaccinated,251.0,10197.0,1.5,0.0
256,10-14,old_vaccine,0.0,0.0,0.0,0.0
256,10-14,new_vaccine,0.0,0.0,0.0,0.0
256,15-19,unvaccinated,233.0,9605.0,2.0,0.0
256,15-19,old_vaccine,0.0,0.0,0.0,0.0
256,15-19,new_vaccine,0.0,0.0,0.0,0.0
256,20-24,unvaccinated,709.0,10025.0,5.0,0.0
256,20-24,old_vaccine,0.0,0.0,0.0,0.0
256,20-24,new_vaccine,0.0,0.0,0.0,0.0
256,25-29,unvaccinated,1192.5,10780.5,4.5,0.0
256,25-29,old_vaccine,0.0,0.0,0.0,0.0
256,25-29,new_vaccine,0.0,0.0,0.0,0.0
256,30-34,unvaccinated,1225.5,10960.0,6.5,0.0
256,30-34,old_vaccine,0.0,0.0,0.0,0.0
256,30-34,new_vaccine,0.0,0.0,0.0,0.0
256,35-39,unvaccinated,1119.0,10948.5,14.0,0.0
256,35-39,old_vaccine,0.0,0.0,0.0,0.0
256,35-39,new_vaccine,0.0,0.0,0.0,0.0
256,40-44,unvaccinated,1135.5,10406.5,17.5,0.0
256,40-44,old_vaccine,0.0,0.0,0.0,0.0
256,40-44,new_vaccine,0.0,0.0,0.0,0.0
256,45-49,unvaccinated,1394.0,9859.0,40.5,0.0
256,45-49,old_vaccine,0.0,0.0,0.0,0.0
256,45-49,new_vaccine,0.0,0.0,0.0,0.0
256,50-54,unvaccinated,2385.0,9968.5,93.0,0.0
256,50-54,old_vaccine,0.0,0.0,0.0,0.0
256,50-54,new_vaccine,0.0,0.0,0.0,0.0
256,55-59,unvaccinated,3101.5,8885.0,135.0,0.0
256,55-59,old_vaccine,0.0,0.0,0.0,0.0
256,55-59,new_vaccine,0.0,0.0,0.0,0.0
256,60-64,unvaccinated,3019.0,7282.5,311.0,0.0
256,60-64,old_vaccine,0.0,0.0,0.0,0.0
256,60-64,new_vaccine,0.0,0.0,0.0,0.0
256,65-69,unvaccinated,4820.5,4223.0,560.5,0.0
256,65-69,old_vaccine,0.0,0.0,0.0,0.0
256,65-69,new_vaccine,0.0,0.0,0.0,0.0
256,70-74,unvaccinated,5491.0,3228.0,1144.0,0.0
256,70-74,old_vaccine,0.0,0.0,0.0,0.0
256,70-74,new_vaccine,0.0,0.0,0.0,0.0
256,75+,unvaccinated,10110.5,5046.0,3669.0,0.0
256,75+,old_vaccine,0.0,0.0,0.0,0.0
256,75+,new_vaccine,0.0,0.0,0.0,0.0
257,0-4,unvaccinated,650.0,9615.0,12.0,0.0
257,0-4,old_vaccine,0.0,0.0,0.0,0.0
257,0-4,new_vaccine,0.0,0.0,0.0,0.0
257,5-9,unvaccinated,172.5,10782.5,0.0,0.0
257,5-9,old_vaccine,0.0,0.0,0.0,0.0
257,5-9,new_vaccine,0.0,0.0,0.0,0.0
257,10-14,unvaccinated,244.0,10217.0,1.5,0.0
257,10-14,old_vaccine,0.0,0.0,0.0,0.0
257,10-14,new_vaccine,0.0,0.0,0.0,0.0
257,15-19,unvaccinated,225.0,9586.5,2.0,0.0
257,15-19,old_vaccine,0.0,0.0,0.0,0.0
257,15-19,new_vaccine,0.0,0.0,0.0,0.0
257,20-24,unvaccinated,705.5,10019.0,5.0,0.0
257,20-24,old_vaccine,0.0,0.0,0.0,0.0
257,20-24,new_vaccine,0.0,0.0,0.0,0.0
257,25-29,unvaccinated,1195.0,10774.5,4.5,0.0
257,25-29,old_vaccine,0.0,0.0,0.0,0.0
257,25-29,new_vaccine,0.0,0.0,0.0,0.0
257,30-34,unvaccinated,1228.5,10976.5,6.5,0.0
257,30-34,old_vaccine,0.0,0.0,0.0,0.0
257,30-34,new_vaccine,0.0,0.0,0.0,0.0
257,35-39,unvaccinated,1109.0,10908.5,14.0,0.0
257,35-39,old_vaccine,0.0,0.0,0.0,0.0
257,35-39,new_vaccine,0.0,0.0,0.0,0.0
257,40-44,unvaccinated,1134.5,10380.5,17.5,0.0
257,40-44,old_vaccine,0.0,0.0,0.0,0.0
257,40-44,new_vaccine,0.0,0.0,0.0,0.0
257,45-49,unvaccinated,1388.0,9846.5,41.0,0.0
257,45-49,old_vaccine,0.0,0.0,0.0,0.0
257,45-49,new_vaccine,0.0,0.0,0.0,0.0
257,50-54,unvaccinated,2380.5,9981.0,92.5,0.0
257,50-54,old_vaccine,0.0,0.0,0.0,0.0
257,50-54,new_vaccine,0.0,0.0,0.0,0.0
257,55-59,unvaccinated,3092.0,8898.0,133.5,0.0
257,55-59,old_vaccine,0.0,0.0,0.0,0.0
257,55-59,new_vaccine,0.0,0.0,0.0,0.0
257,60-64,unvaccinated,3017.5,7280.0,312.0,0.0
257,60-64,old_vaccine,0.0,0.0,0.0,0.0
257,60-64,new_vaccine,0.0,0.0,0.0,0.0
257,65-69,unvaccinated,4806.0,4240.0,561.0,0.0
257,65-69,old_vaccine,0.0,0.0,0.0,0.0
257,65-69,new_vaccine,0.0,0.0,0.0,0.0
257,70-74,unvaccinated,5484.5,3221.5,1144.5,0.0
257,70-74,old_vaccine,0.0,0.0,0.0,0.0
257,70-74,new_vaccine,0.0,0.0,0.0,0.0
257,75+,unvaccinated,10100.5,5034.5,3673.5,0.0
257,75+,old_vaccine,0.0,0.0,0.0,0.0
257,75+,new_vaccine,0.0,0.0,0.0,0.0
258,0-4,unvaccinated,649.5,9629.5,12.0,0.0
258,0-4,old_vaccine,0.0,0.0,0.0,0.0
258,0-4,new_vaccine,0.0,0.0,0.0,0.0
258,5-9,unvaccinated,174.0,10787.5,0.0,0.0
258,5-9,old_vaccine,0.0,0.0,0.0,0.0
258,5-9,new_vaccine,0.0,0.0,0.0,0.0
258,10-14,unvaccinated,248.0,10223.0,1.5,0.0
258,10-14,old_vaccine,0.0,0.0,0.0,0.0
258,10-14,new_vaccine,0.0,0.0,0.0,0.0
258,15-19,unvaccinated,223.0,9555.0,2.0,0.0
258,15-19,old_vaccine,0.0,0.0,0.0,0.0
258,15-19,new_vaccine,0.0,0.0,0.0,0.0
258,20-24,unvaccinated,705.5,10044.5,5.5,0.0
258,20-24,old_vaccine,0.0,0.0,0.0,0.0
258,20-24,new_vaccine,0.0,0.0,0.0,0.0
258,25-29,unvaccinated,1182.0,10755.0,5.0,0.0
258,25-29,old_vaccine,0.0,0.0,0.0,0.0
258,25-29,new_vaccine,0.0,0.0,0.0,0.0
258,30-34,unvaccinated,1238.0,10973.0,6.5,0.0
258,30-34,old_vaccine,0.0,0.0,0.0,0.0
258,30-34,new_vaccine,0.0,0.0,0.0,0.0
258,35-39,unvaccinated,1102.5,10907.5,14.0,0.0
258,35-39,old_vaccine,0.0,0.0,0.0,0.0
258,35-39,new_vaccine,0.0,0.0,0.0,0.0
258,40-44,unvaccinated,1141.0,10379.5,17.0,0.0
258,40-44,old_vaccine,0.0,0.0,0.0,0.0
258,40-44,new_vaccine,0.0,0.0,0.0,0.0
258,45-49,unvaccinated,1386.0,9836.0,40.0,0.0
258,45-49,old_vaccine,0.0,0.0,0.0,0.0
258,45-49,new_vaccine,0.0,0.0,0.0,0.0
258,50-54,unvaccinated,2367.5,10008.0,92.5,0.0
258,50-54,old_vaccine,0.0,0.0,0.0,0.0
258,50-54,new_vaccine,0.0,0.0,0.0,0.0
258,55-59,unvaccinated,3086.5,8911.0,133.0,0.0
258,55-59,old_vaccine,0.0,0.0,0.0,0.0
258,55-59,new_vaccine,0.0,0.0,0.0,0.0
258,60-64,unvaccinated,3004.0,7263.0,312.0,0.0
258,60-64,old_vaccine,0.0,0.0,0.0,0.0
258,60-64,new_vaccine,0.0,0.0,0.0,0.0
258,65-69,unvaccinated,4798.5,4249.5,561.5,0.0
258,65-69,old_vaccine,0.0,0.0,0.0,0.0
258,65-69,new_vaccine,0.0,0.0,0.0,0.0
258,70-74,unvaccinated,5477.5,3225.0,1143.5,0.0
258,70-74,old_vaccine,0.0,0.0,0.0,0.0
258,70-74,new_vaccine,0.0,0.0,0.0,0.0
258,75+,unvaccinated,10114.5,5034.5,3676.0,0.0
258,75+,old_vaccine,0.0,0.0,0.0,0.0
258,75+,new_vaccine,0.0,0.0,0.0,0.0
259,0-4,unvaccinated,654.5,9625.5,13.0,0.0
259,0-4,old_vaccine,0.0,0.0,0.0,0.0
259,0-4,new_vaccine,0.0,0.0,0.0,0.0
259,5-9,unvaccinated,175.5,10781.5,0.0,0.0
259,5-9,old_vaccine,0.0,0.0,0.0,0.0
259,5-9,new_vaccine,0.0,0.0,0.0,0.0
259,10-14,unvaccinated,247.5,10205.0,1.5,0.0
259,10-14,old_vaccine,0.0,0.0,0.0,0.0
259,10-14,new_vaccine,0.0,0.0,0.0,0.0
259,15-19,unvaccinated,222.5,9548.5,2.0,0.0
259,15-19,old_vaccine,0.0,0.0,0.0,0.0
259,15-19,new_vaccine,0.0,0.0,0.0,0.0
259,20-24,unvaccinated,701.5,10024.0,5.5,0.0
259,20-24,old_vaccine,0.0,0.0,0.0,0.0
259,20-24,new_vaccine,0.0,0.0,0.0,0.0
259,25-29,unvaccinated,1180.5,10786.5,4.5,0.0
259,25-29,old_vaccine,0.0,0.0,0.0,0.0
259,25-29,new_vaccine,0.0,0.0,0.0,0.0
259,30-34,unvaccinated,1232.5,10947.5,7.0,0.0
259,30-34,old_vaccine,0.0,0.0,0.0,0.0
259,30-34,new_vaccine,0.0,0.0,0.0,0.0
259,35-39,unvaccinated,1104.5,10876.5,14.0,0.0
259,35-39,old_vaccine,0.0,0.0,0.0,0.0
259,35-39,new_vaccine,0.0,0.0,0.0,0.0
259,40-44,unvaccinated,1147.5,10380.0,17.0,0.0
259,40-44,old_vaccine,0.0,0.0,0.0,0.0
259,40-44,new_vaccine,0.0,0.0,0.0,0.0
259,45-49,unvaccinated,1389.0,9852.0,40.0,0.0
259,45-49,old_vaccine,0.0,0.0,0.0,0.0
259,45-49,new_vaccine,0.0,0.0,0.0,0.0
259,50-54,unvaccinated,2367.0,9995.5,92.0,0.0
259,50-54,old_vaccine,0.0,0.0,0.0,0.0
259,50-54,new_vaccine,0.0,0.0,0.0,0.0
259,55-59,unvaccinated,3085.5,8922.0,134.5,0.0
259,55-59,old_vaccine,0.0,0.0,0.0,0.0
259,55-59,new_vaccine,0.0,0.0,0.0,0.0
259,60-64,unvaccinated,3002.5,7268.0,313.5,0.0
259,60-64,old_vaccine,0.0,0.0,0.0,0.0
259,60-64,new_vaccine,0.0,0.0,0.0,0.0
259,65-69,unvaccinated,4782.5,4259.0,557.5,0.0
259,65-69,old_vaccine,0.0,0.0,0.0,0.0
259,65-69,new_vaccine,0.0,0.0,0.0,0.0
259,70-74,unvaccinated,5482.5,3225.0,1143.0,0.0
259,70-74,old_vaccine,0.0,0.0,0.0,0.0
259,70-74,new_vaccine,0.0,0.0,0.0,0.0
259,75+,unvaccinated,10117.0,5040.0,3678.0,0.0
259,75+,old_vaccine,0.0,0.0,0.0,0.0
259,75+,new_vaccine,0.0,0.0,0.0,0.0
260,0-4,unvaccinated,658.5,9611.0,11.5,0.0
260,0-4,old_vaccine,0.0,0.0,0.0,0.0
260,0-4,new_vaccine,0.0,0.0,0.0,0.0
260,5-9,unvaccinated,182.0,10798.0,0.5,0.0
260,5-9,old_vaccine,0.0,0.0,0.0,0.0
260,5-9,new_vaccine,0.0,0.0,0.0,0.0
260,10-14,unvaccinated,247.0,10216.0,1.5,0.0
260,10-14,old_vaccine,0.0,0.0,0.0,0.0
260,10-14,new_vaccine,0.0,0.0,0.0,0.0
260,15-19,unvaccinated,221.5,9527.0,2.0,0.0
260,15-19,old_vaccine,0.0,0.0,0.0,0.0
260,15-19,new_vaccine,0.0,0.0,0.0,0.0
260,20-24,unvaccinated,700.0,10047.5,5.0,0.0
260,20-24,old_vaccine,0.0,0.0,0.0,0.0
260,20-24,new_vaccine,0.0,0.0,0.0,0.0
260,25-29,unvaccinated,1187.0,10829.0,4.5,0.0
260,25-29,old_vaccine,0.0,0.0,0.0,0.0
260,25-29,new_vaccine,0.0,0.0,0.0,0.0
260,30-34,unvaccinated,1229.5,10955.0,7.5,0.0
260,30-34,old_vaccine,0.0,0.0,0.0,0.0
260,30-34,new_vaccine,0.0,0.0,0.0,0.0
260,35-39,unvaccinated,1094.0,10899.0,13.0,0.0
260,35-39,old_vaccine,0.0,0.0,0.0,0.0
260,35-39,new_vaccine,0.0,0.0,0.0,0.0
260,40-44,unvaccinated,1151.0,10375.0,17.0,0.0
260,40-44,old_vaccine,0.0,0.0,0.0,0.0
260,40-44,new_vaccine,0.0,0.0,0.0,0.0
260,45-49,unvaccinated,1377.0,9848.0,39.5,0.0
260,45-49,old_vaccine,0.0,0.0,0.0,0.0
260,45-49,new_vaccine,0.0,0.0,0.0,0.0
260,50-54,unvaccinated,2371.0,9970.5,92.5,0.0
260,50-54,old_vaccine,0.0,0.0,0.0,0.0
260,50-54,new_vaccine,0.0,0.0,0.0,0.0
260,55-59,unvaccinated,3074.5,8934.5,134.5,0.0
260,55-59,old_vaccine,0.0,0.0,0.0,0.0
260,55-59,new_vaccine,0.0,0.0,0.0,0.0
260,60-64,unvaccinated,2977.0,7271.5,315.0,0.0
260,60-64,old_vaccine,0.0,0.0,0.0,0.0
260,60-64,new_vaccine,0.0,0.0,0.0,0.0
260,65-69,unvaccinated,4775.5,4257.0,558.0,0.0
260,65-69,old_vaccine,0.0,0.0,0.0,0.0
260,65-69,new_vaccine,0.0,0.0,0.0,0.0
260,70-74,unvaccinated,5477.0,3236.0,1143.5,0.0
260,70-74,old_vaccine,0.0,0.0,0.0,0.0
260,70-74,new_vaccine,0.0,0.0,0.0,0.0
260,75+,unvaccinated,10111.5,5049.5,3682.0,0.0
260,75+,old_vaccine,0.0,0.0,0.0,0.0
260,75+,new_vaccine,0.0,0.0,0.0,0.0
261,0-4,unvaccinated,665.0,9581.0,11.5,0.0
261,0-4,old_vaccine,0.0,0.0,0.0,0.0
261,0-4,new_vaccine,0.0,0.0,0.0,0.0
261,5-9,unvaccinated,178.5,10828.5,0.5,0.0
261,5-9,old_vaccine,0.0,0.0,0.0,0.0
261,5-9,new_vaccine,0.0,0.0,0.0,0.0
261,10-14,unvaccinated,247.0,10210.5,1.5,0.0
261,10-14,old_vaccine,0.0,0.0,0.0,0.0
261,10-14,new_vaccine,0.0,0.0,0.0,0.0
261,15-19,unvaccinated,221.5,9506.5,2.0,0.0
261,15-19,old_vaccine,0.0,0.0,0.0,0.0
261,15-19,new_vaccine,0.0,0.0,0.0,0.0
261,20-24,unvaccinated,713.0,9989.5,5.5,0.0
261,20-24,old_vaccine,0.0,0.0,0.0,0.0
261,20-24,new_vaccine,0.0,0.0,0.0,0.0
261,25-29,unvaccinated,1199.5,10835.0,4.5,0.0
261,25-29,old_vaccine,0.0,0.0,0.0,0.0
261,25-29,new_vaccine,0.0,0.0,0.0,0.0
261,30-34,unvaccinated,1233.5,10990.0,8.0,0.0
261,30-34,old_vaccine,0.0,0.0,0.0,0.0
261,30-34,new_vaccine,0.0,0.0,0.0,0.0
261,35-39,unvaccinated,1089.5,10885.5,12.5,0.0
261,35-39,old_vaccine,0.0,0.0,0.0,0.0
261,35-39,new_vaccine,0.0,0.0,0.0,0.0
261,40-44,unvaccinated,1148.5,10378.5,17.5,0.0
261,40-44,old_vaccine,0.0,0.0,0.0,0.0
261,40-44,new_vaccine,0.0,0.0,0.0,0.0
261,45-49,unvaccinated,1378.0,9859.5,39.0,0.0
261,45-49,old_vaccine,0.0,0.0,0.0,0.0
261,45-49,new_vaccine,0.0,0.0,0.0,0.0
261,50-54,unvaccinated,2380.5,9959.0,92.5,0.0
261,50-54,old_vaccine,0.0,0.0,0.0,0.0
261,50-54,new_vaccine,0.0,0.0,0.0,0.0
261,55-59,unvaccinated,3087.0,8968.5,134.5,0.0
261,55-59,old_vaccine,0.0,0.0,0.0,0.0
261,55-59,new_vaccine,0.0,0.0,0.0,0.0
261,60-64,unvaccinated,2989.0,7281.5,316.5,0.0
261,60-64,old_vaccine,0.0,0.0,0.0,0.0
261,60-64,new_vaccine,0.0,0.0,0.0,0.0
261,65-69,unvaccinated,4788.0,4229.5,561.0,0.0
261,65-69,old_vaccine,0.0,0.0,0.0,0.0
261,65-69,new_vaccine,0.0,0.0,0.0,0.0
261,70-74,unvaccinated,5520.5,3252.0,1145.0,0.0
261,70-74,old_vaccine,0.0,0.0,0.0,0.0
261,70-74,new_vaccine,0.0,0.0,0.0,0.0
261,75+,unvaccinated,10101.5,5048.5,3685.5,0.0
261,75+,old_vaccine,0.0,0.0,0.0,0.0
261,75+,new_vaccine,0.0,0.0,0.0,0.0
262,0-4,unvaccinated,673.5,9561.5,12.0,0.0
262,0-4,old_vaccine,0.0,0.0,0.0,0.0
262,0-4,new_vaccine,0.0,0.0,0.0,0.0
262,5-9,unvaccinated,182.5,10808.5,0.5,0.0
262,5-9,old_vaccine,0.0,0.0,0.0,0.0
262,5-9,new_vaccine,0.0,0.0,0.0,0.0
262,10-14,unvaccinated,240.0,10229.5,1.5,0.0
262,10-14,old_vaccine,0.0,0.0,0.0,0.0
262,10-14,new_vaccine,0.0,0.0,0.0,0.0
262,15-19,unvaccinated,218.5,9507.0,2.0,0.0
262,15-19,old_vaccine,0.0,0.0,0.0,0.0
262,15-19,new_vaccine,0.0,0.0,0.0,0.0
262,20-24,unvaccinated,707.0,9992.5,5.5,0.0
262,20-24,old_vaccine,0.0,0.0,0.0,0.0
262,20-24,new_vaccine,0.0,0.0,0.0,0.0
262,25-29,unvaccinated,1198.0,10846.0,5.0,0.0
262,25-29,old_vaccine,0.0,0.0,0.0,0.0
262,25-29,new_vaccine,0.0,0.0,0.0,0.0
262,30-34,unvaccinated,1225.0,11022.0,8.0,0.0
262,30-34,old_vaccine,0.0,0.0,0.0,0.0
262,30-34,new_vaccine,0.0,0.0,0.0,0.0
262,35-39,unvaccinated,1094.5,10864.5,12.0,0.0
262,35-39,old_vaccine,0.0,0.0,0.0,0.0
262,35-39,new_vaccine,0.0,0.0,0.0,0.0
262,40-44,unvaccinated,1150.0,10372.5,17.0,0.0
262,40-44,old_vaccine,0.0,0.0,0.0,0.0
262,40-44,new_vaccine,0.0,0.0,0.0,0.0
262,45-49,unvaccinated,1361.0,9876.0,38.5,0.0
262,45-49,old_vaccine,0.0,0.0,0.0,0.0
262,45-49,new_vaccine,0.0,0.0,0.0,0.0
262,50-54,unvaccinated,2392.5,9984.5,93.0,0.0
262,50-54,old_vaccine,0.0,0.0,0.0,0.0
262,50-54,new_vaccine,0.0,0.0,0.0,0.0
262,55-59,unvaccinated,3108.0,8939.0,136.5,0.0
262,55-59,old_vaccine,0.0,0.0,0.0,0.0
262,55-59,new_vaccine,0.0,0.0,0.0,0.0
262,60-64,unvaccinated,2984.0,7305.0,317.0,0.0
262,60-64,old_vaccine,0.0,0.0,0.0,0.0
262,60-64,new_vaccine,0.0,0.0,0.0,0.0
262,65-69,unvaccinated,4798.0,4227.0,561.0,0.0
262,65-69,old_vaccine,0.0,0.0,0.0,0.0
262,65-69,new_vaccine,0.0,0.0,0.0,0.0
262,70-74,unvaccinated,5556.5,3244.0,1145.0,0.0
262,70-74,old_vaccine,0.0,0.0,0.0,0.0
262,70-74,new_vaccine,0.0,0.0,0.0,0.0
262,75+,unvaccinated,10101.5,5038.0,3687.0,0.0
262,75+,old_vaccine,0.0,0.0,0.0,0.0
262,75+,new_vaccine,0.0,0.0,0.0,0.0
263,0-4,unvaccinated,676.5,9603.0,12.0,0.0
263,0-4,old_vaccine,0.0,0.0,0.0,0.0
263,0-4,new_vaccine,0.0,0.0,0.0,0.0
263,5-9,unvaccinated,185.0,10807.0,1.0,0.0
263,5-9,old_vaccine,0.0,0.0,0.0,0.0
263,5-9,new_vaccine,0.0,0.0,0.0,0.0
263,10-14,unvaccinated,238.0,10207.5,1.5,0.0
263,10-14,old_vaccine,0.0,0.0,0.0,0.0
263,10-14,new_vaccine,0.0,0.0,0.0,0.0
263,15-19,unvaccinated,224.0,9499.0,2.0,0.0
263,15-19,old_vaccine,0.0,0.0,0.0,0.0
263,15-19,new_vaccine,0.0,0.0,0.0,0.0
263,20-24,unvaccinated,711.0,9970.0,5.5,0.0
263,20-24,old_vaccine,0.0,0.0,0.0,0.0
263,20-24,new_vaccine,0.0,0.0,0.0,0.0
263,25-29,unvaccinated,1195.0,10841.0,5.0,0.0
263,25-29,old_vaccine,0.0,0.0,0.0,0.0
263,25-29,new_vaccine,0.0,0.0,0.0,0.0
263,30-34,unvaccinated,1230.0,10985.0,8.0,0.0
263,30-34,old_vaccine,0.0,0.0,0.0,0.0
263,30-34,new_vaccine,0.0,0.0,0.0,0.0
263,35-39,unvaccinated,1100.5,10878.0,12.5,0.0
263,35-39,old_vaccine,0.0,0.0,0.0,0.0
263,35-39,new_vaccine,0.0,0.0,0.0,0.0
263,40-44,unvaccinated,1152.5,10337.5,17.5,0.0
263,40-44,old_vaccine,0.0,0.0,0.0,0.0
263,40-44,new_vaccine,0.0,0.0,0.0,0.0
263,45-49,unvaccinated,1351.5,9889.0,38.0,0.0
263,45-49,old_vaccine,0.0,0.0,0.0,0.0
263,45-49,new_vaccine,0.0,0.0,0.0,0.0
263,50-54,unvaccinated,2402.0,9958.0,93.0,0.0
263,50-54,old_vaccine,0.0,0.0,0.0,0.0
263,50-54,new_vaccine,0.0,0.0,0.0,0.0
263,55-59,unvaccinated,3095.0,8957.0,136.0,0.0
263,55-59,old_vaccine,0.0,0.0,0.0,0.0
263,55-59,new_vaccine,0.0,0.0,0.0,0.0
263,60-64,unvaccinated,2994.0,7325.0,314.5,0.0
263,60-64,old_vaccine,0.0,0.0,0.0,0.0
263,60-64,new_vaccine,0.0,0.0,0.0,0.0
263,65-69,unvaccinated,4809.5,4252.0,561.5,0.0
263,65-69,old_vaccine,0.0,0.0,0.0,0.0
263,65-69,new_vaccine,0.0,0.0,0.0,0.0
263,70-74,unvaccinated,5563.5,3259.0,1144.0,0.0
263,70-74,old_vaccine,0.0,0.0,0.0,0.0
263,70-74,new_vaccine,0.0,0.0,0.0,0.0
263,75+,unvaccinated,10094.0,5035.5,3689.5,0.0
263,75+,old_vaccine,0.0,0.0,0.0,0.0
263,75+,new_vaccine,0.0,0.0,0.0,0.0
264,0-4,unvaccinated,682.5,9564.0,12.0,0.0
264,0-4,old_vaccine,0.0,0.0,0.0,0.0
264,0-4,new_vaccine,0.0,0.0,0.0,0.0
264,5-9,unvaccinated,183.0,10836.0,1.0,0.0
264,5-9,old_vaccine,0.0,0.0,0.0,0.0
264,5-9,new_vaccine,0.0,0.0,0.0,0.0
264,10-14,unvaccinated,237.5,10217.5,1.5,0.0
264,10-14,old_vaccine,0.0,0.0,0.0,0.0
264,10-14,new_vaccine,0.0,0.0,0.0,0.0
264,15-19,unvaccinated,224.5,9515.0,2.0,0.0
264,15-19,old_vaccine,0.0,0.0,0.0,0.0
264,15-19,new_vaccine,0.0,0.0,0.0,0.0
264,20-24,unvaccinated,710.0,10004.5,5.5,0.0
264,20-24,old_vaccine,0.0,0.0,0.0,0.0
264,20-24,new_vaccine,0.0,0.0,0.0,0.0
264,25-29,unvaccinated,1202.5,10795.0,5.0,0.0
264,25-29,old_vaccine,0.0,0.0,0.0,0.0
264,25-29,new_vaccine,0.0,0.0,0.0,0.0
264,30-34,unvaccinated,1235.0,10972.5,8.0,0.0
264,30-34,old_vaccine,0.0,0.0,0.0,0.0
264,30-34,new_vaccine,0.0,0.0,0.0,0.0
264,35-39,unvaccinated,1106.0,10929.0,13.0,0.0
264,35-39,old_vaccine,0.0,0.0,0.0,0.0
264,35-39,new_vaccine,0.0,0.0,0.0,0.0
264,40-44,unvaccinated,1150.0,10346.5,17.5,0.0
264,40-44,old_vaccine,0.0,0.0,0.0,0.0
264,40-44,new_vaccine,0.0,0.0,0.0,0.0
264,45-49,unvaccinated,1352.0,9878.0,39.0,0.0
264,45-49,old_vaccine,0.0,0.0,0.0,0.0
264,45-49,new_vaccine,0.0,0.0,0.0,0.0
264,50-54,unvaccinated,2402.0,9928.0,93.5,0.0
264,50-54,old_vaccine,0.0,0.0,0.0,0.0
264,50-54,new_vaccine,0.0,0.0,0.0,0.0
264,55-59,unvaccinated,3088.5,8956.5,135.5,0.0
264,55-59,old_vaccine,0.0,0.0,0.0,0.0
264,55-59,new_vaccine,0.0,0.0,0.0,0.0
264,60-64,unvaccinated,3008.5,7302.5,316.0,0.0
264,60-64,old_vaccine,0.0,0.0,0.0,0.0
264,60-64,new_vaccine,0.0,0.0,0.0,0.0
264,65-69,unvaccinated,4804.0,4245.5,562.0,0.0
264,65-69,old_vaccine,0.0,0.0,0.0,0.0
264,65-69,new_vaccine,0.0,0.0,0.0,0.0
264,70-74,unvaccinated,5565.5,3250.5,1146.0,0.0
264,70-74,old_vaccine,0.0,0.0,0.0,0.0
264,70-74,new_vaccine,0.0,0.0,0.0,0.0
264,75+,unvaccinated,10107.0,5033.0,3691.5,0.0
264,75+,old_vaccine,0.0,0.0,0.0,0.0
264,75+,new_vaccine,0.0,0.0,0.0,0.0
265,0-4,unvaccinated,681.5,9586.5,11.0,0.0
265,0-4,old_vaccine,0.0,0.0,0.0,0.0
265,0-4,new_vaccine,0.0,0.0,0.0,0.0
265,5-9,unvaccinated,183.5,10823.5,1.5,0.0
265,5-9,old_vaccine,0.0,0.0,0.0,0.0
265,5-9,new_vaccine,0.0,0.0,0.0,0.0
265,10-14,unvaccinated,233.0,10205.0,1.5,0.0
265,10-14,old_vaccine,0.0,0.0,0.0,0.0
265,10-14,new_vaccine,0.0,0.0,0.0,0.0
265,15-19,unvaccinated,227.0,9503.5,2.0,0.0
265,15-19,old_vaccine,0.0,0.0,0.0,0.0
265,15-19,new_vaccine,0.0,0.0,0.0,0.0
265,20-24,unvaccinated,713.0,10002.0,5.0,0.0
265,20-24,old_vaccine,0.0,0.0,0.0,0.0
265,20-24,new_vaccine,0.0,0.0,0.0,0.0
265,25-29,unvaccinated,1204.5,10794.5,5.0,0.0
265,25-29,old_vaccine,0.0,0.0,0.0,0.0
265,25-29,new_vaccine,0.0,0.0,0.0,0.0
265,30-34,unvaccinated,1245.5,10978.5,7.5,0.0
265,30-34,old_vaccine,0.0,0.0,0.0,0.0
265,30-34,new_vaccine,0.0,0.0,0.0,0.0
265,35-39,unvaccinated,1098.5,10966.0,13.0,0.0
265,35-39,old_vaccine,0.0,0.0,0.0,0.0
265,35-39,new_vaccine,0.0,0.0,0.0,0.0
265,40-44,unvaccinated,1146.5,10328.0,18.0,0.0
265,40-44,old_vaccine,0.0,0.0,0.0,0.0
265,40-44,new_vaccine,0.0,0.0,0.0,0.0
265,45-49,unvaccinated,1363.5,9854.5,39.5,0.0
265,45-49,old_vaccine,0.0,0.0,0.0,0.0
265,45-49,new_vaccine,0.0,0.0,0.0,0.0
265,50-54,unvaccinated,2415.5,9921.5,92.5,0.0
265,50-54,old_vaccine,0.0,0.0,0.0,0.0
265,50-54,new_vaccine,0.0,0.0,0.0,0.0
265,55-59,unvaccinated,3089.0,8954.5,137.0,0.0
265,55-59,old_vaccine,0.0,0.0,0.0,0.0
265,55-59,new_vaccine,0.0,0.0,0.0,0.0
265,60-64,unvaccinated,3018.5,7301.5,316.0,0.0
265,60-64,old_vaccine,0.0,0.0,0.0,0.0
265,60-64,new_vaccine,0.0,0.0,0.0,0.0
265,65-69,unvaccinated,4813.5,4249.0,561.0,0.0
265,65-69,old_vaccine,0.0,0.0,0.0,0.0
265,65-69,new_vaccine,0.0,0.0,0.0,0.0
265,70-74,unvaccinated,5577.5,3219.0,1146.0,0.0
265,70-74,old_vaccine,0.0,0.0,0.0,0.0
265,70-74,new_vaccine,0.0,0.0,0.0,0.0
265,75+,unvaccinated,10114.5,5018.0,3695.5,0.0
265,75+,old_vaccine,0.0,0.0,0.0,0.0
265,75+,new_vaccine,0.0,0.0,0.0,0.0
266,0-4,unvaccinated,678.5,9614.5,12.0,0.0
266,0-4,old_vaccine,0.0,0.0,0.0,0.0
266,0-4,new_vaccine,0.0,0.0,0.0,0.0
266,5-9,unvaccinated,184.5,10832.0,1.5,0.0
266,5-9,old_vaccine,0.0,0.0,0.0,0.0
266,5-9,new_vaccine,0.0,0.0,0.0,0.0
266,10-14,unvaccinated,234.5,10210.0,1.5,0.0
266,10-14,old_vaccine,0.0,0.0,0.0,0.0
266,10-14,new_vaccine,0.0,0.0,0.0,0.0
266,15-19,unvaccinated,224.0,9545.5,2.0,0.0
266,15-19,old_vaccine,0.0,0.0,0.0,0.0
266,15-19,new_vaccine,0.0,0.0,0.0,0.0
266,20-24,unvaccinated,709.5,9971.0,5.0,0.0
266,20-24,old_vaccine,0.0,0.0,0.0,0.0
266,20-24,new_vaccine,0.0,0.0,0.0,0.0
266,25-29,unvaccinated,1201.0,10823.5,5.0,0.0
266,25-29,old_vaccine,0.0,0.0,0.0,0.0
266,25-29,new_vaccine,0.0,0.0,0.0,0.0
266,30-34,unvaccinated,1244.0,10969.5,7.0,0.0
266,30-34,old_vaccine,0.0,0.0,0.0,0.0
266,30-34,new_vaccine,0.0,0.0,0.0,0.0
266,35-39,unvaccinated,1098.0,10918.5,13.5,0.0
266,35-39,old_vaccine,0.0,0.0,0.0,0.0
266,35-39,new_vaccine,0.0,0.0,0.0,0.0
266,40-44,unvaccinated,1161.5,10352.5,18.5,0.0
266,40-44,old_vaccine,0.0,0.0,0.0,0.0
266,40-44,new_vaccine,0.0,0.0,0.0,0.0
266,45-49,unvaccinated,1355.5,9838.5,39.5,0.0
266,45-49,old_vaccine,0.0,0.0,0.0,0.0
266,45-49,new_vaccine,0.0,0.0,0.0,0.0
266,50-54,unvaccinated,2404.5,9932.5,94.0,0.0
266,50-54,old_vaccine,0.0,0.0,0.0,0.0
266,50-54,new_vaccine,0.0,0.0,0.0,0.0
266,55-59,unvaccinated,3107.0,8946.0,137.0,0.0
266,55-59,old_vaccine,0.0,0.0,0.0,0.0
266,55-59,new_vaccine,0.0,0.0,0.0,0.0
266,60-64,unvaccinated,3025.0,7297.0,315.0,0.0
266,60-64,old_vaccine,0.0,0.0,0.0,0.0
266,60-64,new_vaccine,0.0,0.0,0.0,0.0
266,65-69,unvaccinated,4809.0,4260.0,561.0,0.0
266,65-69,old_vaccine,0.0,0.0,0.0,0.0
266,65-69,new_vaccine,0.0,0.0,0.0,0.0
266,70-74,unvaccinated,5573.0,3212.5,1146.5,0.0
266,70-74,old_vaccine,0.0,0.0,0.0,0.0
266,70-74,new_vaccine,0.0,0.0,0.0,0.0
266,75+,unvaccinated,10097.0,5015.0,3698.5,0.0
266,75+,old_vaccine,0.0,0.0,0.0,0.0
266,75+,new_vaccine,0.0,0.0,0.0,0.0
267,0-4,unvaccinated,685.0,9614.0,11.5,0.0
267,0-4,old_vaccine,0.0,0.0,0.0,0.0
267,0-4,new_vaccine,0.0,0.0,0.0,0.0
267,5-9,unvaccinated,177.5,10829.0,1.5,0.0
267,5-9,old_vaccine,0.0,0.0,0.0,0.0
267,5-9,new_vaccine,0.0,0.0,0.0,0.0
267,10-14,unvaccinated,232.5,10195.5,1.5,0.0
267,10-14,old_vaccine,0.0,0.0,0.0,0.0
267,10-14,new_vaccine,0.0,0.0,0.0,0.0
267,15-19,unvaccinated,222.5,9578.0,2.5,0.0
267,15-19,old_vaccine,0.0,0.0,0.0,0.0
267,15-19,new_vaccine,0.0,0.0,0.0,0.0
267,20-24,unvaccinated,711.5,9993.5,5.0,0.0
267,20-24,old_vaccine,0.0,0.0,0.0,0.0
267,20-24,new_vaccine,0.0,0.0,0.0,0.0
267,25-29,unvaccinated,1191.0,10807.5,5.0,0.0
267,25-29,old_vaccine,0.0,0.0,0.0,0.0
267,25-29,new_vaccine,0.0,0.0,0.0,0.0
267,30-34,unvaccinated,1247.0,10958.5,6.5,0.0
267,30-34,old_vaccine,0.0,0.0,0.0,0.0
267,30-34,new_vaccine,0.0,0.0,0.0,0.0
267,35-39,unvaccinated,1097.0,10935.5,13.5,0.0
267,35-39,old_vaccine,0.0,0.0,0.0,0.0
267,35-39,new_vaccine,0.0,0.0,0.0,0.0
267,40-44,unvaccinated,1164.0,10352.0,18.5,0.0
267,40-44,old_vaccine,0.0,0.0,0.0,0.0
267,40-44,new_vaccine,0.0,0.0,0.0,0.0
267,45-49,unvaccinated,1356.5,9842.5,41.0,0.0
267,45-49,old_vaccine,0.0,0.0,0.0,0.0
267,45-49,new_vaccine,0.0,0.0,0.0,0.0
267,50-54,unvaccinated,2409.0,9930.0,97.0,0.0
267,50-54,old_vaccine,0.0,0.0,0.0,0.0
267,50-54,new_vaccine,0.0,0.0,0.0,0.0
267,55-59,unvaccinated,3096.5,8931.0,136.0,0.0
267,55-59,old_vaccine,0.0,0.0,0.0,0.0
267,55-59,new_vaccine,0.0,0.0,0.0,0.0
267,60-64,unvaccinated,3015.5,7270.0,315.0,0.0
267,60-64,old_vaccine,0.0,0.0,0.0,0.0
267,60-64,new_vaccine,0.0,0.0,0.0,0.0
267,65-69,unvaccinated,4816.0,4260.0,562.0,0.0
267,65-69,old_vaccine,0.0,0.0,0.0,0.0
267,65-69,new_vaccine,0.0,0.0,0.0,0.0
267,70-74,unvaccinated,5600.5,3203.0,1149.5,0.0
267,70-74,old_vaccine,0.0,0.0,0.0,0.0
267,70-74,new_vaccine,0.0,0.0,0.0,0.0
267,75+,unvaccinated,10101.0,5010.0,3701.5,0.0
267,75+,old_vaccine,0.0,0.0,0.0,0.0
267,75+,new_vaccine,0.0,0.0,0.0,0.0
268,0-4,unvaccinated,683.5,9618.5,11.5,0.0
268,0-4,old_vaccine,0.0,0.0,0.0,0.0
268,0-4,new_vaccine,0.0,0.0,0.0,0.0
268,5-9,unvaccinated,172.5,10814.0,1.5,0.0
268,5-9,old_vaccine,0.0,0.0,0.0,0.0
268,5-9,new_vaccine,0.0,0.0,0.0,0.0
268,10-14,unvaccinated,237.5,10215.5,1.5,0.0
268,10-14,old_vaccine,0.0,0.0,0.0,0.0
268,10-14,new_vaccine,0.0,0.0,0.0,0.0
268,15-19,unvaccinated,223.0,9591.5,2.5,0.0
268,15-19,old_vaccine,0.0,0.0,0.0,0.0
268,15-19,new_vaccine,0.0,0.0,0.0,0.0
268,20-24,unvaccinated,710.5,10021.0,4.5,0.0
268,20-24,old_vaccine,0.0,0.0,0.0,0.0
268,20-24,new_vaccine,0.0,0.0,0.0,0.0
268,25-29,unvaccinated,1181.5,10785.0,5.0,0.0
268,25-29,old_vaccine,0.0,0.0,0.0,0.0
268,25-29,new_vaccine,0.0,0.0,0.0,0.0
268,30-34,unvaccinated,1244.5,10976.5,7.0,0.0
268,30-34,old_vaccine,0.0,0.0,0.0,0.0
268,30-34,new_vaccine,0.0,0.0,0.0,0.0
268,35-39,unvaccinated,1106.0,10941.5,13.5,0.0
268,35-39,old_vaccine,0.0,0.0,0.0,0.0
268,35-39,new_vaccine,0.0,0.0,0.0,0.0
268,40-44,unvaccinated,1166.0,10379.0,18.5,0.0
268,40-44,old_vaccine,0.0,0.0,0.0,0.0
268,40-44,new_vaccine,0.0,0.0,0.0,0.0
268,45-49,unvaccinated,1363.5,9835.0,41.0,0.0
268,45-49,old_vaccine,0.0,0.0,0.0,0.0
268,45-49,new_vaccine,0.0,0.0,0.0,0.0
268,50-54,unvaccinated,2433.5,9931.5,97.5,0.0
268,50-54,old_vaccine,0.0,0.0,0.0,0.0
268,50-54,new_vaccine,0.0,0.0,0.0,0.0
268,55-59,unvaccinated,3082.5,8907.5,136.5,0.0
268,55-59,old_vaccine,0.0,0.0,0.0,0.0
268,55-59,new_vaccine,0.0,0.0,0.0,0.0
268,60-64,unvaccinated,3006.5,7267.5,315.0,0.0
268,60-64,old_vaccine,0.0,0.0,0.0,0.0
268,60-64,new_vaccine,0.0,0.0,0.0,0.0
268,65-69,unvaccinated,4811.5,4250.0,564.5,0.0
268,65-69,old_vaccine,0.0,0.0,0.0,0.0
268,65-69,new_vaccine,0.0,0.0,0.0,0.0
268,70-74,unvaccinated,5569.0,3188.0,1151.5,0.0
268,70-74,old_vaccine,0.0,0.0,0.0,0.0
268,70-74,new_vaccine,0.0,0.0,0.0,0.0
268,75+,unvaccinated,10123.5,5038.5,3704.0,0.0
268,75+,old_vaccine,0.0,0.0,0.0,0.0
268,75+,new_vaccine,0.0,0.0,0.0,0.0
269,0-4,unvaccinated,685.0,9611.0,12.5,0.0
269,0-4,old_vaccine,0.0,0.0,0.0,0.0
269,0-4,new_vaccine,0.0,0.0,0.0,0.0
269,5-9,unvaccinated,172.0,10828.0,1.5,0.0
269,5-9,old_vaccine,0.0,0.0,0.0,0.0
269,5-9,new_vaccine,0.0,0.0,0.0,0.0
269,10-14,unvaccinated,246.0,10208.5,2.0,0.0
269,10-14,old_vaccine,0.0,0.0,0.0,0.0
269,10-14,new_vaccine,0.0,0.0,0.0,0.0
269,15-19,unvaccinated,223.5,9561.5,2.5,0.0
269,15-19,old_vaccine,0.0,0.0,0.0,0.0
269,15-19,new_vaccine,0.0,0.0,0.0,0.0
269,20-24,unvaccinated,712.5,10029.5,4.5,0.0
269,20-24,old_vaccine,0.0,0.0,0.0,0.0
269,20-24,new_vaccine,0.0,0.0,0.0,0.0
269,25-29,unvaccinated,1191.5,10797.5,5.0,0.0
269,25-29,old_vaccine,0.0,0.0,0.0,0.0
269,25-29,new_vaccine,0.0,0.0,0.0,0.0
269,30-34,unvaccinated,1247.0,10986.0,7.0,0.0
269,30-34,old_vaccine,0.0,0.0,0.0,0.0
269,30-34,new_vaccine,0.0,0.0,0.0,0.0
269,35-39,unvaccinated,1113.0,10950.0,13.5,0.0
269,35-39,old_vaccine,0.0,0.0,0.0,0.0
269,35-39,new_vaccine,0.0,0.0,0.0,0.0
269,40-44,unvaccinated,1167.5,10390.0,17.5,0.0
269,40-44,old_vaccine,0.0,0.0,0.0,0.0
269,40-44,new_vaccine,0.0,0.0,0.0,0.0
269,45-49,unvaccinated,1355.0,9855.5,40.5,0.0
269,45-49,old_vaccine,0.0,0.0,0.0,0.0
269,45-49,new_vaccine,0.0,0.0,0.0,0.0
269,50-54,unvaccinated,2429.5,9940.5,96.5,0.0
269,50-54,old_vaccine,0.0,0.0,0.0,0.0
269,50-54,new_vaccine,0.0,0.0,0.0,0.0
269,55-59,unvaccinated,3086.5,8912.0,136.0,0.0
269,55-59,old_vaccine,0.0,0.0,0.0,0.0
269,55-59,new_vaccine,0.0,0.0,0.0,0.0
269,60-64,unvaccinated,3020.0,7235.5,315.5,0.0
269,60-64,old_vaccine,0.0,0.0,0.0,0.0
269,60-64,new_vaccine,0.0,0.0,0.0,0.0
269,65-69,unvaccinated,4809.5,4236.0,564.5,0.0
269,65-69,old_vaccine,0.0,0.0,0.0,0.0
269,65-69,new_vaccine,0.0,0.0,0.0,0.0
269,70-74,unvaccinated,5576.0,3193.5,1153.5,0.0
269,70-74,old_vaccine,0.0,0.0,0.0,0.0
269,70-74,new_vaccine,0.0,0.0,0.0,0.0
269,75+,unvaccinated,10143.5,5047.0,3708.5,0.0
269,75+,old_vaccine,0.0,0.0,0.0,0.0
269,75+,new_vaccine,0.0,0.0,0.0,0.0
270,0-4,unvaccinated,677.0,9597.0,11.5,0.0
270,0-4,old_vaccine,0.0,0.0,0.0,0.0
270,0-4,new_vaccine,0.0,0.0,0.0,0.0
270,5-9,unvaccinated,173.5,10791.0,1.0,0.0
270,5-9,old_vaccine,0.0,0.0,0.0,0.0
270,5-9,new_vaccine,0.0,0.0,0.0,0.0
270,10-14,unvaccinated,247.0,10179.5,2.0,0.0
270,10-14,old_vaccine,0.0,0.0,0.0,0.0
270,10-14,new_vaccine,0.0,0.0,0.0,0.0
270,15-19,unvaccinated,222.0,9542.5,3.0,0.0
270,15-19,old_vaccine,0.0,0.0,0.0,0.0
270,15-19,new_vaccine,0.0,0.0,0.0,0.0
270,20-24,unvaccinated,710.5,9999.0,5.0,0.0
270,20-24,old_vaccine,0.0,0.0,0.0,0.0
270,20-24,new_vaccine,0.0,0.0,0.0,0.0
270,25-29,unvaccinated,1194.0,10811.5,4.5,0.0
270,25-29,old_vaccine,0.0,0.0,0.0,0.0
270,25-29,new_vaccine,0.0,0.0,0.0,0.0
270,30-34,unvaccinated,1231.0,11009.0,8.0,0.0
270,30-34,old_vaccine,0.0,0.0,0.0,0.0
270,30-34,new_vaccine,0.0,0.0,0.0,0.0
270,35-39,unvaccinated,1111.0,10916.5,13.0,0.0
270,35-39,old_vaccine,0.0,0.0,0.0,0.0
270,35-39,new_vaccine,0.0,0.0,0.0,0.0
270,40-44,unvaccinated,1169.5,10396.0,18.0,0.0
270,40-44,old_vaccine,0.0,0.0,0.0,0.0
270,40-44,new_vaccine,0.0,0.0,0.0,0.0
270,45-49,unvaccinated,1359.5,9870.5,40.0,0.0
270,45-49,old_vaccine,0.0,0.0,0.0,0.0
270,45-49,new_vaccine,0.0,0.0,0.0,0.0
270,50-54,unvaccinated,2422.5,9940.0,98.5,0.0
270,50-54,old_vaccine,0.0,0.0,0.0,0.0
270,50-54,new_vaccine,0.0,0.0,0.0,0.0
270,55-59,unvaccinated,3099.5,8896.0,133.5,0.0
270,55-59,old_vaccine,0.0,0.0,0.0,0.0
270,55-59,new_vaccine,0.0,0.0,0.0,0.0
270,60-64,unvaccinated,3021.0,7251.5,315.0,0.0
270,60-64,old_vaccine,0.0,0.0,0.0,0.0
270,60-64,new_vaccine,0.0,0.0,0.0,0.0
270,65-69,unvaccinated,4823.5,4237.5,564.5,0.0
270,65-69,old_vaccine,0.0,0.0,0.0,0.0
270,65-69,new_vaccine,0.0,0.0,0.0,0.0
270,70-74,unvaccinated,5549.5,3188.5,1155.0,0.0
270,70-74,old_vaccine,0.0,0.0,0.0,0.0
270,70-74,new_vaccine,0.0,0.0,0.0,0.0
270,75+,unvaccinated,10142.0,5038.0,3712.0,0.0
270,75+,old_vaccine,0.0,0.0,0.0,0.0
270,75+,new_vaccine,0.0,0.0,0.0,0.0
271,0-4,unvaccinated,675.0,9572.0,12.5,0.0
271,0-4,old_vaccine,0.0,0.0,0.0,0.0
271,0-4,new_vaccine,0.0,0.0,0.0,0.0
271,5-9,unvaccinated,169.5,10817.5,1.0,0.0
271,5-9,old_vaccine,0.0,0.0,0.0,0.0
271,5-9,new_vaccine,0.0,0.0,0.0,0.0
271,10-14,unvaccinated,251.0,10199.5,2.0,0.0
271,10-14,old_vaccine,0.0,0.0,0.0,0.0
271,10-14,new_vaccine,0.0,0.0,0.0,0.0
271,15-19,unvaccinated,226.0,9545.0,3.5,0.0
271,15-19,old_vaccine,0.0,0.0,0.0,0.0
271,15-19,new_vaccine,0.0,0.0,0.0,0.0
271,20-24,unvaccinated,714.5,10038.5,4.5,0.0
271,20-24,old_vaccine,0.0,0.0,0.0,0.0
271,20-24,new_vaccine,0.0,0.0,0.0,0.0
271,25-29,unvaccinated,1188.5,10824.5,4.0,0.0
271,25-29,old_vaccine,0.0,0.0,0.0,0.0
271,25-29,new_vaccine,0.0,0.0,0.0,0.0
271,30-34,unvaccinated,1224.0,11019.5,8.5,0.0
271,30-34,old_vaccine,0.0,0.0,0.0,0.0
271,30-34,new_vaccine,0.0,0.0,0.0,0.0
271,35-39,unvaccinated,1114.5,10912.5,12.5,0.0
271,35-39,old_vaccine,0.0,0.0,0.0,0.0
271,35-39,new_vaccine,0.0,0.0,0.0,0.0
271,40-44,unvaccinated,1168.0,10420.0,18.0,0.0
271,40-44,old_vaccine,0.0,0.0,0.0,0.0
271,40-44,new_vaccine,0.0,0.0,0.0,0.0
271,45-49,unvaccinated,1355.5,9869.5,40.0,0.0
271,45-49,old_vaccine,0.0,0.0,0.0,0.0
271,45-49,new_vaccine,0.0,0.0,0.0,0.0
271,50-54,unvaccinated,2418.0,9956.5,98.0,0.0
271,50-54,old_vaccine,0.0,0.0,0.0,0.0
271,50-54,new_vaccine,0.0,0.0,0.0,0.0
271,55-59,unvaccinated,3114.5,8910.5,135.0,0.0
271,55-59,old_vaccine,0.0,0.0,0.0,0.0
271,55-59,new_vaccine,0.0,0.0,0.0,0.0
271,60-64,unvaccinated,3014.0,7250.5,315.0,0.0
271,60-64,old_vaccine,0.0,0.0,0.0,0.0
271,60-64,new_vaccine,0.0,0.0,0.0,0.0
271,65-69,unvaccinated,4812.5,4226.5,561.0,0.0
271,65-69,old_vaccine,0.0,0.0,0.0,0.0
271,65-69,new_vaccine,0.0,0.0,0.0,0.0
271,70-74,unvaccinated,5553.0,3203.5,1154.0,0.0
271,70-74,old_vaccine,0.0,0.0,0.0,0.0
271,70-74,new_vaccine,0.0,0.0,0.0,0.0
271,75+,unvaccinated,10136.0,5077.0,3715.5,0.0
271,75+,old_vaccine,0.0,0.0,0.0,0.0
271,75+,new_vaccine,0.0,0.0,0.0,0.0
272,0-4,unvaccinated,669.0,9562.5,12.0,0.0
272,0-4,old_vaccine,0.0,0.0,0.0,0.0
272,0-4,new_vaccine,0.0,0.0,0.0,0.0
272,5-9,unvaccinated,173.0,10819.5,1.0,0.0
272,5-9,old_vaccine,0.0,0.0,0.0,0.0
272,5-9,new_vaccine,0.0,0.0,0.0,0.0
272,10-14,unvaccinated,248.5,10211.5,2.0,0.0
272,10-14,old_vaccine,0.0,0.0,0.0,0.0
272,10-14,new_vaccine,0.0,0.0,0.0,0.0
272,15-19,unvaccinated,225.5,9523.5,3.5,0.0
272,15-19,old_vaccine,0.0,0.0,0.0,0.0
272,15-19,new_vaccine,0.0,0.0,0.0,0.0
272,20-24,unvaccinated,713.0,10045.0,4.5,0.0
272,20-24,old_vaccine,0.0,0.0,0.0,0.0
272,20-24,new_vaccine,0.0,0.0,0.0,0.0
272,25-29,unvaccinated,1190.5,10806.5,4.0,0.0
272,25-29,old_vaccine,0.0,0.0,0.0,0.0
272,25-29,new_vaccine,0.0,0.0,0.0,0.0
272,30-34,unvaccinated,1220.0,10983.5,8.5,0.0
272,30-34,old_vaccine,0.0,0.0,0.0,0.0
272,30-34,new_vaccine,0.0,0.0,0.0,0.0
272,35-39,unvaccinated,1120.5,10887.5,12.5,0.0
272,35-39,old_vaccine,0.0,0.0,0.0,0.0
272,35-39,new_vaccine,0.0,0.0,0.0,0.0
272,40-44,unvaccinated,1171.0,10406.5,17.0,0.0
272,40-44,old_vaccine,0.0,0.0,0.0,0.0
272,40-44,new_vaccine,0.0,0.0,0.0,0.0
272,45-49,unvaccinated,1360.0,9887.5,41.5,0.0
272,45-49,old_vaccine,0.0,0.0,0.0,0.0
272,45-49,new_vaccine,0.0,0.0,0.0,0.0
272,50-54,unvaccinated,2405.0,9969.5,99.0,0.0
272,50-54,old_vaccine,0.0,0.0,0.0,0.0
272,50-54,new_vaccine,0.0,0.0,0.0,0.0
272,55-59,unvaccinated,3115.5,8913.0,136.0,0.0
272,55-59,old_vaccine,0.0,0.0,0.0,0.0
272,55-59,new_vaccine,0.0,0.0,0.0,0.0
272,60-64,unvaccinated,3009.0,7244.5,315.0,0.0
272,60-64,old_vaccine,0.0,0.0,0.0,0.0
272,60-64,new_vaccine,0.0,0.0,0.0,0.0
272,65-69,unvaccinated,4818.5,4217.5,559.0,0.0
272,65-69,old_vaccine,0.0,0.0,0.0,0.0
272,65-69,new_vaccine,0.0,0.0,0.0,0.0
272,70-74,unvaccinated,5560.5,3198.5,1154.0,0.0
272,70-74,old_vaccine,0.0,0.0,0.0,0.0
272,70-74,new_vaccine,0.0,0.0,0.0,0.0
272,75+,unvaccinated,10098.5,5070.0,3720.5,0.0
272,75+,old_vaccine,0.0,0.0,0.0,0.0
272,75+,new_vaccine,0.0,0.0,0.0,0.0
273,0-4,unvaccinated,660.5,9585.5,12.5,0.0
273,0-4,old_vaccine,0.0,0.0,0.0,0.0
273,0-4,new_vaccine,0.0,0.0,0.0,0.0
273,5-9,unvaccinated,173.5,10808.0,0.5,0.0
273,5-9,old_vaccine,0.0,0.0,0.0,0.0
273,5-9,new_vaccine,0.0,0.0,0.0,0.0
273,10-14,unvaccinated,251.0,10210.0,2.0,0.0
273,10-14,old_vaccine,0.0,0.0,0.0,0.0
273,10-14,new_vaccine,0.0,0.0,0.0,0.0
273,15-19,unvaccinated,226.5,9510.5,3.0,0.0
273,15-19,old_vaccine,0.0,0.0,0.0,0.0
273,15-19,new_vaccine,0.0,0.0,0.0,0.0
273,20-24,unvaccinated,714.5,10015.5,4.5,0.0
273,20-24,old_vaccine,0.0,0.0,0.0,0.0
273,20-24,new_vaccine,0.0,0.0,0.0,0.0
273,25-29,unvaccinated,1189.0,10798.5,4.0,0.0
273,25-29,old_vaccine,0.0,0.0,0.0,0.0
273,25-29,new_vaccine,0.0,0.0,0.0,0.0
273,30-34,unvaccinated,1225.5,10999.5,8.0,0.0
273,30-34,old_vaccine,0.0,0.0,0.0,0.0
273,30-34,new_vaccine,0.0,0.0,0.0,0.0
273,35-39,unvaccinated,1113.5,10887.0,13.0,0.0
273,35-39,old_vaccine,0.0,0.0,0.0,0.0
273,35-39,new_vaccine,0.0,0.0,0.0,0.0
273,40-44,unvaccinated,1164.0,10402.0,17.0,0.0
273,40-44,old_vaccine,0.0,0.0,0.0,0.0
273,40-44,new_vaccine,0.0,0.0,0.0,0.0
273,45-49,unvaccinated,1366.0,9852.5,40.5,0.0
273,45-49,old_vaccine,0.0,0.0,0.0,0.0
273,45-49,new_vaccine,0.0,0.0,0.0,0.0
273,50-54,unvaccinated,2385.0,9982.5,98.0,0.0
273,50-54,old_vaccine,0.0,0.0,0.0,0.0
273,50-54,new_vaccine,0.0,0.0,0.0,0.0
273,55-59,unvaccinated,3102.5,8943.5,135.5,0.0
273,55-59,old_vaccine,0.0,0.0,0.0,0.0
273,55-59,new_vaccine,0.0,0.0,0.0,0.0
273,60-64,unvaccinated,3021.5,7270.5,314.0,0.0
273,60-64,old_vaccine,0.0,0.0,0.0,0.0
273,60-64,new_vaccine,0.0,0.0,0.0,0.0
273,65-69,unvaccinated,4804.5,4223.5,561.0,0.0
273,65-69,old_vaccine,0.0,0.0,0.0,0.0
273,65-69,new_vaccine,0.0,0.0,0.0,0.0
273,70-74,unvaccinated,5552.0,3211.0,1156.0,0.0
273,70-74,old_vaccine,0.0,0.0,0.0,0.0
273,70-74,new_vaccine,0.0,0.0,0.0,0.0
273,75+,unvaccinated,10106.0,5077.5,3722.5,0.0
273,75+,old_vaccine,0.0,0.0,0.0,0.0
273,75+,new_vaccine,0.0,0.0,0.0,0.0
274,0-4,unvaccinated,662.5,9581.5,12.5,0.0
274,0-4,old_vaccine,0.0,0.0,0.0,0.0
274,0-4,new_vaccine,0.0,0.0,0.0,0.0
274,5-9,unvaccinated,171.0,10791.5,0.5,0.0
274,5-9,old_vaccine,0.0,0.0,0.0,0.0
274,5-9,new_vaccine,0.0,0.0,0.0,0.0
274,10-14,unvaccinated,245.0,10230.5,2.0,0.0
274,10-14,old_vaccine,0.0,0.0,0.0,0.0
274,10-14,new_vaccine,0.0,0.0,0.0,0.0
274,15-19,unvaccinated,229.5,9520.0,3.0,0.0
274,15-19,old_vaccine,0.0,0.0,0.0,0.0
274,15-19,new_vaccine,0.0,0.0,0.0,0.0
274,20-24,unvaccinated,707.5,10019.5,4.5,0.0
274,20-24,old_vaccine,0.0,0.0,0.0,0.0
274,20-24,new_vaccine,0.0,0.0,0.0,0.0
274,25-29,unvaccinated,1190.0,10801.5,4.5,0.0
274,25-29,old_vaccine,0.0,0.0,0.0,0.0
274,25-29,new_vaccine,0.0,0.0,0.0,0.0
274,30-34,unvaccinated,1216.5,11001.5,7.5,0.0
274,30-34,old_vaccine,0.0,0.0,0.0,0.0
274,30-34,new_vaccine,0.0,0.0,0.0,0.0
274,35-39,unvaccinated,1106.5,10868.5,12.5,0.0
274,35-39,old_vaccine,0.0,0.0,0.0,0.0
274,35-39,new_vaccine,0.0,0.0,0.0,0.0
274,40-44,unvaccinated,1152.0,10350.0,17.0,0.0
274,40-44,old_vaccine,0.0,0.0,0.0,0.0
274,40-44,new_vaccine,0.0,0.0,0.0,0.0
274,45-49,unvaccinated,1366.5,9869.5,40.5,0.0
274,45-49,old_vaccine,0.0,0.0,0.0,0.0
274,45-49,new_vaccine,0.0,0.0,0.0,0.0
274,50-54,unvaccinated,2363.0,9972.0,99.0,0.0
274,50-54,old_vaccine,0.0,0.0,0.0,0.0
274,50-54,new_vaccine,0.0,0.0,0.0,0.0
274,55-59,unvaccinated,3108.5,8943.5,135.5,0.0
274,55-59,old_vaccine,0.0,0.0,0.0,0.0
274,55-59,new_vaccine,0.0,0.0,0.0,0.0
274,60-64,unvaccinated,3019.0,7279.0,315.0,0.0
274,60-64,old_vaccine,0.0,0.0,0.0,0.0
274,60-64,new_vaccine,0.0,0.0,0.0,0.0
274,65-69,unvaccinated,4827.5,4235.0,563.0,0.0
274,65-69,old_vaccine,0.0,0.0,0.0,0.0
274,65-69,new_vaccine,0.0,0.0,0.0,0.0
274,70-74,unvaccinated,5562.0,3222.5,1156.5,0.0
274,70-74,old_vaccine,0.0,0.0,0.0,0.0
274,70-74,new_vaccine,0.0,0.0,0.0,0.0
274,75+,unvaccinated,10092.5,5034.5,3726.5,0.0
274,75+,old_vaccine,0.0,0.0,0.0,0.0
274,75+,new_vaccine,0.0,0.0,0.0,0.0
275,0-4,unvaccinated,669.5,9583.5,12.0,0.0
275,0-4,old_vaccine,0.0,0.0,0.0,0.0
275,0-4,new_vaccine,0.0,0.0,0.0,0.0
275,5-9,unvaccinated,175.0,10810.0,0.5,0.0
275,5-9,old_vaccine,0.0,0.0,0.0,0.0
275,5-9,new_vaccine,0.0,0.0,0.0,0.0
275,10-14,unvaccinated,240.5,10263.0,1.5,0.0
275,10-14,old_vaccine,0.0,0.0,0.0,0.0
275,10-14,new_vaccine,0.0,0.0,0.0,0.0
275,15-19,unvaccinated,232.0,9525.5,3.0,0.0
275,15-19,old_vaccine,0.0,0.0,0.0,0.0
275,15-19,new_vaccine,0.0,0.0,0.0,0.0
275,20-24,unvaccinated,706.5,10044.0,4.5,0.0
275,20-24,old_vaccine,0.0,0.0,0.0,0.0
275,20-24,new_vaccine,0.0,0.0,0.0,0.0
275,25-29,unvaccinated,1180.5,10821.5,4.5,0.0
275,25-29,old_vaccine,0.0,0.0,0.0,0.0
275,25-29,new_vaccine,0.0,0.0,0.0,0.0
275,30-34,unvaccinated,1219.5,10987.5,7.5,0.0
275,30-34,old_vaccine,0.0,0.0,0.0,0.0
275,30-34,new_vaccine,0.0,0.0,0.0,0.0
275,35-39,unvaccinated,1098.5,10872.0,13.0,0.0
275,35-39,old_vaccine,0.0,0.0,0.0,0.0
275,35-39,new_vaccine,0.0,0.0,0.0,0.0
275,40-44,unvaccinated,1148.0,10342.5,17.5,0.0
275,40-44,old_vaccine,0.0,0.0,0.0,0.0
275,40-44,new_vaccine,0.0,0.0,0.0,0.0
275,45-49,unvaccinated,1366.0,9886.5,40.0,0.0
275,45-49,old_vaccine,0.0,0.0,0.0,0.0
275,45-49,new_vaccine,0.0,0.0,0.0,0.0
275,50-54,unvaccinated,2358.0,9970.0,98.5,0.0
275,50-54,old_vaccine,0.0,0.0,0.0,0.0
275,50-54,new_vaccine,0.0,0.0,0.0,0.0
275,55-59,unvaccinated,3104.0,8962.0,137.5,0.0
275,55-59,old_vaccine,0.0,0.0,0.0,0.0
275,55-59,new_vaccine,0.0,0.0,0.0,0.0
275,60-64,unvaccinated,3017.5,7289.5,314.5,0.0
275,60-64,old_vaccine,0.0,0.0,0.0,0.0
275,60-64,new_vaccine,0.0,0.0,0.0,0.0
275,65-69,unvaccinated,4837.0,4208.5,566.5,0.0
275,65-69,old_vaccine,0.0,0.0,0.0,0.0
275,65-69,new_vaccine,0.0,0.0,0.0,0.0
275,70-74,unvaccinated,5555.5,3219.0,1156.0,0.0
275,70-74,old_vaccine,0.0,0.0,0.0,0.0
275,70-74,new_vaccine,0.0,0.0,0.0,0.0
275,75+,unvaccinated,10068.0,5016.0,3731.0,0.0
275,75+,old_vaccine,0.0,0.0,0.0,0.0
275,75+,new_vaccine,0.0,0.0,0.0,0.0
276,0-4,unvaccinated,676.5,9611.0,12.0,0.0
276,0-4,old_vaccine,0.0,0.0,0.0,0.0
276,0-4,new_vaccine,0.0,0.0,0.0,0.0
276,5-9,unvaccinated,173.5,10806.0,0.5,0.0
276,5-9,old_vaccine,0.0,0.0,0.0,0.0
276,5-9,new_vaccine,0.0,0.0,0.0,0.0
276,10-14,unvaccinated,240.0,10230.5,2.0,0.0
276,10-14,old_vaccine,0.0,0.0,0.0,0.0
276,10-14,new_vaccine,0.0,0.0,0.0,0.0
276,15-19,unvaccinated,233.0,9526.5,2.5,0.0
276,15-19,old_vaccine,0.0,0.0,0.0,0.0
276,15-19,new_vaccine,0.0,0.0,0.0,0.0
276,20-24,unvaccinated,710.5,10012.0,4.0,0.0
276,20-24,old_vaccine,0.0,0.0,0.0,0.0
276,20-24,new_vaccine,0.0,0.0,0.0,0.0
276,25-29,unvaccinated,1198.0,10808.5,4.5,0.0
276,25-29,old_vaccine,0.0,0.0,0.0,0.0
276,25-29,new_vaccine,0.0,0.0,0.0,0.0
276,30-34,unvaccinated,1221.0,10982.5,7.5,0.0
276,30-34,old_vaccine,0.0,0.0,0.0,0.0
276,30-34,new_vaccine,0.0,0.0,0.0,0.0
276,35-39,unvaccinated,1098.0,10895.5,13.5,0.0
276,35-39,old_vaccine,0.0,0.0,0.0,0.0
276,35-39,new_vaccine,0.0,0.0,0.0,0.0
276,40-44,unvaccinated,1144.5,10306.5,18.5,0.0
276,40-44,old_vaccine,0.0,0.0,0.0,0.0
276,40-44,new_vaccine,0.0,0.0,0.0,0.0
276,45-49,unvaccinated,1375.0,9875.5,39.5,0.0
276,45-49,old_vaccine,0.0,0.0,0.0,0.0
276,45-49,new_vaccine,0.0,0.0,0.0,0.0
276,50-54,unvaccinated,2366.5,9949.0,96.5,0.0
276,50-54,old_vaccine,0.0,0.0,0.0,0.0
276,50-54,new_vaccine,0.0,0.0,0.0,0.0
276,55-59,unvaccinated,3111.0,8961.5,140.0,0.0
276,55-59,old_vaccine,0.0,0.0,0.0,0.0
276,55-59,new_vaccine,0.0,0.0,0.0,0.0
276,60-64,unvaccinated,3021.5,7298.5,314.5,0.0
276,60-64,old_vaccine,0.0,0.0,0.0,0.0
276,60-64,new_vaccine,0.0,0.0,0.0,0.0
276,65-69,unvaccinated,4817.5,4230.5,569.5,0.0
276,65-69,old_vaccine,0.0,0.0,0.0,0.0
276,65-69,new_vaccine,0.0,0.0,0.0,0.0
276,70-74,unvaccinated,5560.5,3220.0,1156.0,0.0
276,70-74,old_vaccine,0.0,0.0,0.0,0.0
276,70-74,new_vaccine,0.0,0.0,0.0,0.0
276,75+,unvaccinated,10066.5,4995.0,3734.0,0.0
276,75+,old_vaccine,0.0,0.0,0.0,0.0
276,75+,new_vaccine,0.0,0.0,0.0,0.0
277,0-4,unvaccinated,673.5,9630.5,13.0,0.0
277,0-4,old_vaccine,0.0,0.0,0.0,0.0
277,0-4,new_vaccine,0.0,0.0,0.0,0.0
277,5-9,unvaccinated,172.0,10790.5,0.5,0.0
277,5-9,old_vaccine,0.0,0.0,0.0,0.0
277,5-9,new_vaccine,0.0,0.0,0.0,0.0
277,10-14,unvaccinated,240.0,10205.0,2.0,0.0
277,10-14,old_vaccine,0.0,0.0,0.0,0.0
277,10-14,new_vaccine,0.0,0.0,0.0,0.0
277,15-19,unvaccinated,236.0,9539.0,2.5,0.0
277,15-19,old_vaccine,0.0,0.0,0.0,0.0
277,15-19,new_vaccine,0.0,0.0,0.0,0.0
277,20-24,unvaccinated,705.0,9988.0,4.0,0.0
277,20-24,old_vaccine,0.0,0.0,0.0,0.0
277,20-24,new_vaccine,0.0,0.0,0.0,0.0
277,25-29,unvaccinated,1197.5,10821.0,4.5,0.0
277,25-29,old_vaccine,0.0,0.0,0.0,0.0
277,25-29,new_vaccine,0.0,0.0,0.0,0.0
277,30-34,unvaccinated,1226.5,10976.5,7.0,0.0
277,30-34,old_vaccine,0.0,0.0,0.0,0.0
277,30-34,new_vaccine,0.0,0.0,0.0,0.0
277,35-39,unvaccinated,1104.0,10920.0,13.5,0.0
277,35-39,old_vaccine,0.0,0.0,0.0,0.0
277,35-39,new_vaccine,0.0,0.0,0.0,0.0
277,40-44,unvaccinated,1138.0,10319.5,18.5,0.0
277,40-44,old_vaccine,0.0,0.0,0.0,0.0
277,40-44,new_vaccine,0.0,0.0,0.0,0.0
277,45-49,unvaccinated,1370.0,9876.0,38.5,0.0
277,45-49,old_vaccine,0.0,0.0,0.0,0.0
277,45-49,new_vaccine,0.0,0.0,0.0,0.0
277,50-54,unvaccinated,2388.5,9970.0,97.5,0.0
277,50-54,old_vaccine,0.0,0.0,0.0,0.0
277,50-54,new_vaccine,0.0,0.0,0.0,0.0
277,55-59,unvaccinated,3103.0,8931.5,140.5,0.0
277,55-59,old_vaccine,0.0,0.0,0.0,0.0
277,55-59,new_vaccine,0.0,0.0,0.0,0.0
277,60-64,unvaccinated,3015.0,7305.5,316.5,0.0
277,60-64,old_vaccine,0.0,0.0,0.0,0.0
277,60-64,new_vaccine,0.0,0.0,0.0,0.0
277,65-69,unvaccinated,4828.5,4216.0,571.5,0.0
277,65-69,old_vaccine,0.0,0.0,0.0,0.0
277,65-69,new_vaccine,0.0,0.0,0.0,0.0
277,70-74,unvaccinated,5540.0,3219.5,1157.5,0.0
277,70-74,old_vaccine,0.0,0.0,0.0,0.0
277,70-74,new_vaccine,0.0,0.0,0.0,0.0
277,75+,unvaccinated,10063.5,4987.5,3738.0,0.0
277,75+,old_vaccine,0.0,0.0,0.0,0.0
277,75+,new_vaccine,0.0,0.0,0.0,0.0
278,0-4,unvaccinated,677.5,9612.0,12.0,0.0
278,0-4,old_vaccine,0.0,0.0,0.0,0.0
278,0-4,new_vaccine,0.0,0.0,0.0,0.0
278,5-9,unvaccinated,169.0,10804.5,0.5,0.0
278,5-9,old_vaccine,0.0,0.0,0.0,0.0
278,5-9,new_vaccine,0.0,0.0,0.0,0.0
278,10-14,unvaccinated,235.5,10223.5,2.0,0.0
278,10-14,old_vaccine,0.0,0.0,0.0,0.0
278,10-14,new_vaccine,0.0,0.0,0.0,0.0
278,15-19,unvaccinated,237.0,9546.5,2.0,0.0
278,15-19,old_vaccine,0.0,0.0,0.0,0.0
278,15-19,new_vaccine,0.0,0.0,0.0,0.0
278,20-24,unvaccinated,704.0,10014.0,4.0,0.0
278,20-24,old_vaccine,0.0,0.0,0.0,0.0
278,20-24,new_vaccine,0.0,0.0,0.0,0.0
278,25-29,unvaccinated,1187.5,10817.0,5.0,0.0
278,25-29,old_vaccine,0.0,0.0,0.0,0.0
278,25-29,new_vaccine,0.0,0.0,0.0,0.0
278,30-34,unvaccinated,1221.5,11000.0,7.0,0.0
278,30-34,old_vaccine,0.0,0.0,0.0,0.0
278,30-34,new_vaccine,0.0,0.0,0.0,0.0
278,35-39,unvaccinated,1088.5,10952.0,13.5,0.0
278,35-39,old_vaccine,0.0,0.0,0.0,0.0
278,35-39,new_vaccine,0.0,0.0,0.0,0.0
278,40-44,unvaccinated,1150.5,10340.5,19.0,0.0
278,40-44,old_vaccine,0.0,0.0,0.0,0.0
278,40-44,new_vaccine,0.0,0.0,0.0,0.0
278,45-49,unvaccinated,1369.0,9867.5,38.0,0.0
278,45-49,old_vaccine,0.0,0.0,0.0,0.0
278,45-49,new_vaccine,0.0,0.0,0.0,0.0
278,50-54,unvaccinated,2401.5,9969.0,97.0,0.0
278,50-54,old_vaccine,0.0,0.0,0.0,0.0
278,50-54,new_vaccine,0.0,0.0,0.0,0.0
278,55-59,unvaccinated,3126.5,8899.0,141.0,0.0
278,55-59,old_vaccine,0.0,0.0,0.0,0.0
278,55-59,new_vaccine,0.0,0.0,0.0,0.0
278,60-64,unvaccinated,3009.0,7303.5,318.0,0.0
278,60-64,old_vaccine,0.0,0.0,0.0,0.0
278,60-64,new_vaccine,0.0,0.0,0.0,0.0
278,65-69,unvaccinated,4815.0,4222.0,572.0,0.0
278,65-69,old_vaccine,0.0,0.0,0.0,0.0
278,65-69,new_vaccine,0.0,0.0,0.0,0.0
278,70-74,unvaccinated,5520.0,3221.5,1161.0,0.0
278,70-74,old_vaccine,0.0,0.0,0.0,0.0
278,70-74,new_vaccine,0.0,0.0,0.0,0.0
278,75+,unvaccinated,10058.0,4984.0,3739.0,0.0
278,75+,old_vaccine,0.0,0.0,0.0,0.0
278,75+,new_vaccine,0.0,0.0,0.0,0.0
279,0-4,unvaccinated,680.0,9617.0,12.5,0.0
279,0-4,old_vaccine,0.0,0.0,0.0,0.0
279,0-4,new_vaccine,0.0,0.0,0.0,0.0
279,5-9,unvaccinated,171.0,10822.5,0.5,0.0
279,5-9,old_vaccine,0.0,0.0,0.0,0.0
279,5-9,new_vaccine,0.0,0.0,0.0,0.0
279,10-14,unvaccinated,233.5,10210.0,2.0,0.0
279,10-14,old_vaccine,0.0,0.0,0.0,0.0
279,10-14,new_vaccine,0.0,0.0,0.0,0.0
279,15-19,unvaccinated,237.0,9533.5,2.5,0.0
279,15-19,old_vaccine,0.0,0.0,0.0,0.0
279,15-19,new_vaccine,0.0,0.0,0.0,0.0
279,20-24,unvaccinated,699.0,10012.5,4.5,0.0
279,20-24,old_vaccine,0.0,0.0,0.0,0.0
279,20-24,new_vaccine,0.0,0.0,0.0,0.0
279,25-29,unvaccinated,1186.5,10839.0,5.0,0.0
279,25-29,old_vaccine,0.0,0.0,0.0,0.0
279,25-29,new_vaccine,0.0,0.0,0.0,0.0
279,30-34,unvaccinated,1215.0,11008.0,6.5,0.0
279,30-34,old_vaccine,0.0,0.0,0.0,0.0
279,30-34,new_vaccine,0.0,0.0,0.0,0.0
279,35-39,unvaccinated,1082.5,10955.0,14.5,0.0
279,35-39,old_vaccine,0.0,0.0,0.0,0.0
279,35-39,new_vaccine,0.0,0.0,0.0,0.0
279,40-44,unvaccinated,1142.5,10352.0,19.5,0.0
279,40-44,old_vaccine,0.0,0.0,0.0,0.0
279,40-44,new_vaccine,0.0,0.0,0.0,0.0
279,45-49,unvaccinated,1391.0,9892.5,37.5,0.0
279,45-49,old_vaccine,0.0,0.0,0.0,0.0
279,45-49,new_vaccine,0.0,0.0,0.0,0.0
279,50-54,unvaccinated,2422.0,9946.5,96.0,0.0
279,50-54,old_vaccine,0.0,0.0,0.0,0.0
279,50-54,new_vaccine,0.0,0.0,0.0,0.0
279,55-59,unvaccinated,3112.5,8893.5,141.0,0.0
279,55-59,old_vaccine,0.0,0.0,0.0,0.0
279,55-59,new_vaccine,0.0,0.0,0.0,0.0
279,60-64,unvaccinated,3011.5,7286.0,318.0,0.0
279,60-64,old_vaccine,0.0,0.0,0.0,0.0
279,60-64,new_vaccine,0.0,0.0,0.0,0.0
279,65-69,unvaccinated,4806.0,4220.0,573.0,0.0
279,65-69,old_vaccine,0.0,0.0,0.0,0.0
279,65-69,new_vaccine,0.0,0.0,0.0,0.0
279,70-74,unvaccinated,5524.5,3222.5,1163.5,0.0
279,70-74,old_vaccine,0.0,0.0,0.0,0.0
279,70-74,new_vaccine,0.0,0.0,0.0,0.0
279,75+,unvaccinated,10049.5,4988.5,3743.5,0.0
279,75+,old_vaccine,0.0,0.0,0.0,0.0
279,75+,new_vaccine,0.0,0.0,0.0,0.0
280,0-4,unvaccinated,680.5,9601.5,13.0,0.0
280,0-4,old_vaccine,0.0,0.0,0.0,0.0
280,0-4,new_vaccine,0.0,0.0,0.0,0.0
280,5-9,unvaccinated,170.5,10819.0,1.5,0.0
280,5-9,old_vaccine,0.0,0.0,0.0,0.0
280,5-9,new_vaccine,0.0,0.0,0.0,0.0
280,10-14,unvaccinated,234.0,10212.5,2.0,0.0
280,10-14,old_vaccine,0.0,0.0,0.0,0.0
280,10-14,new_vaccine,0.0,0.0,0.0,0.0
280,15-19,unvaccinated,235.5,9561.5,2.5,0.0
280,15-19,old_vaccine,0.0,0.0,0.0,0.0
280,15-19,new_vaccine,0.0,0.0,0.0,0.0
280,20-24,unvaccinated,707.0,10023.0,4.5,0.0
280,20-24,old_vaccine,0.0,0.0,0.0,0.0
280,20-24,new_vaccine,0.0,0.0,0.0,0.0
280,25-29,unvaccinated,1188.0,10812.0,4.5,0.0
280,25-29,old_vaccine,0.0,0.0,0.0,0.0
280,25-29,new_vaccine,0.0,0.0,0.0,0.0
280,30-34,unvaccinated,1222.0,10991.0,6.5,0.0
280,30-34,old_vaccine,0.0,0.0,0.0,0.0
280,30-34,new_vaccine,0.0,0.0,0.0,0.0
280,35-39,unvaccinated,1077.5,10949.5,14.5,0.0
280,35-39,old_vaccine,0.0,0.0,0.0,0.0
280,35-39,new_vaccine,0.0,0.0,0.0,0.0
280,40-44,unvaccinated,1142.5,10373.5,20.5,0.0
280,40-44,old_vaccine,0.0,0.0,0.0,0.0
280,40-44,new_vaccine,0.0,0.0,0.0,0.0
280,45-49,unvaccinated,1390.5,9864.0,37.0,0.0
280,45-49,old_vaccine,0.0,0.0,0.0,0.0
280,45-49,new_vaccine,0.0,0.0,0.0,0.0
280,50-54,unvaccinated,2423.5,9942.0,97.0,0.0
280,50-54,old_vaccine,0.0,0.0,0.0,0.0
280,50-54,new_vaccine,0.0,0.0,0.0,0.0
280,55-59,unvaccinated,3123.0,8883.0,142.5,0.0
280,55-59,old_vaccine,0.0,0.0,0.0,0.0
280,55-59,new_vaccine,0.0,0.0,0.0,0.0
280,60-64,unvaccinated,2994.0,7269.5,322.0,0.0
280,60-64,old_vaccine,0.0,0.0,0.0,0.0
280,60-64,new_vaccine,0.0,0.0,0.0,0.0
280,65-69,unvaccinated,4802.5,4227.5,571.0,0.0
280,65-69,old_vaccine,0.0,0.0,0.0,0.0
280,65-69,new_vaccine,0.0,0.0,0.0,0.0
280,70-74,unvaccinated,5524.0,3225.5,1160.0,0.0
280,70-74,old_vaccine,0.0,0.0,0.0,0.0
280,70-74,new_vaccine,0.0,0.0,0.0,0.0
280,75+,unvaccinated,10074.5,5002.0,3749.0,0.0
280,75+,old_vaccine,0.0,0.0,0.0,0.0
280,75+,new_vaccine,0.0,0.0,0.0,0.0
281,0-4,unvaccinated,680.5,9630.5,12.5,0.0
281,0-4,old_vaccine,0.0,0.0,0.0,0.0
281,0-4,new_vaccine,0.0,0.0,0.0,0.0
281,5-9,unvaccinated,172.0,10823.0,1.0,0.0
281,5-9,old_vaccine,0.0,0.0,0.0,0.0
281,5-9,new_vaccine,0.0,0.0,0.0,0.0
281,10-14,unvaccinated,233.0,10192.0,2.0,0.0
281,10-14,old_vaccine,0.0,0.0,0.0,0.0
281,10-14,new_vaccine,0.0,0.0,0.0,0.0
281,15-19,unvaccinated,233.0,9545.5,2.5,0.0
281,15-19,old_vaccine,0.0,0.0,0.0,0.0
281,15-19,new_vaccine,0.0,0.0,0.0,0.0
281,20-24,unvaccinated,711.5,10035.5,4.5,0.0
281,20-24,old_vaccine,0.0,0.0,0.0,0.0
281,20-24,new_vaccine,0.0,0.0,0.0,0.0
281,25-29,unvaccinated,1190.5,10807.0,4.5,0.0
281,25-29,old_vaccine,0.0,0.0,0.0,0.0
281,25-29,new_vaccine,0.0,0.0,0.0,0.0
281,30-34,unvaccinated,1232.5,10980.5,6.5,0.0
281,30-34,old_vaccine,0.0,0.0,0.0,0.0
281,30-34,new_vaccine,0.0,0.0,0.0,0.0
281,35-39,unvaccinated,1085.0,10963.5,14.5,0.0
281,35-39,old_vaccine,0.0,0.0,0.0,0.0
281,35-39,new_vaccine,0.0,0.0,0.0,0.0
281,40-44,unvaccinated,1146.5,10392.0,21.0,0.0
281,40-44,old_vaccine,0.0,0.0,0.0,0.0
281,40-44,new_vaccine,0.0,0.0,0.0,0.0
281,45-49,unvaccinated,1383.5,9856.5,36.5,0.0
281,45-49,old_vaccine,0.0,0.0,0.0,0.0
281,45-49,new_vaccine,0.0,0.0,0.0,0.0
281,50-54,unvaccinated,2430.0,9922.5,96.5,0.0
281,50-54,old_vaccine,0.0,0.0,0.0,0.0
281,50-54,new_vaccine,0.0,0.0,0.0,0.0
281,55-59,unvaccinated,3133.5,8888.0,143.5,0.0
281,55-59,old_vaccine,0.0,0.0,0.0,0.0
281,55-59,new_vaccine,0.0,0.0,0.0,0.0
281,60-64,unvaccinated,2986.5,7278.5,320.0,0.0
281,60-64,old_vaccine,0.0,0.0,0.0,0.0
281,60-64,new_vaccine,0.0,0.0,0.0,0.0
281,65-69,unvaccinated,4807.0,4233.5,570.5,0.0
281,65-69,old_vaccine,0.0,0.0,0.0,0.0
281,65-69,new_vaccine,0.0,0.0,0.0,0.0
281,70-74,unvaccinated,5519.5,3220.0,1159.5,0.0
281,70-74,old_vaccine,0.0,0.0,0.0,0.0
281,70-74,new_vaccine,0.0,0.0,0.0,0.0
281,75+,unvaccinated,10099.5,5029.5,3751.0,0.0
281,75+,old_vaccine,0.0,0.0,0.0,0.0
281,75+,new_vaccine,0.0,0.0,0.0,0.0
282,0-4,unvaccinated,677.5,9596.0,12.5,0.0
282,0-4,old_vaccine,0.0,0.0,0.0,0.0
282,0-4,new_vaccine,0.0,0.0,0.0,0.0
282,5-9,unvaccinated,170.5,10821.5,1.0,0.0
282,5-9,old_vaccine,0.0,0.0,0.0,0.0
282,5-9,new_vaccine,0.0,0.0,0.0,0.0
282,10-14,unvaccinated,233.5,10218.5,2.0,0.0
282,10-14,old_vaccine,0.0,0.0,0.0,0.0
282,10-14,new_vaccine,0.0,0.0,0.0,0.0
282,15-19,unvaccinated,228.5,9565.5,2.5,0.0
282,15-19,old_vaccine,0.0,0.0,0.0,0.0
282,15-19,new_vaccine,0.0,0.0,0.0,0.0
282,20-24,unvaccinated,712.0,10036.5,4.5,0.0
282,20-24,old_vaccine,0.0,0.0,0.0,0.0
282,20-24,new_vaccine,0.0,0.0,0.0,0.0
282,25-29,unvaccinated,1189.5,10820.5,4.0,0.0
282,25-29,old_vaccine,0.0,0.0,0.0,0.0
282,25-29,new_vaccine,0.0,0.0,0.0,0.0
282,30-34,unvaccinated,1237.0,10965.5,6.5,0.0
282,30-34,old_vaccine,0.0,0.0,0.0,0.0
282,30-34,new_vaccine,0.0,0.0,0.0,0.0
282,35-39,unvaccinated,1090.5,10941.0,13.5,0.0
282,35-39,old_vaccine,0.0,0.0,0.0,0.0
282,35-39,new_vaccine,0.0,0.0,0.0,0.0
282,40-44,unvaccinated,1139.5,10406.5,19.0,0.0
282,40-44,old_vaccine,0.0,0.0,0.0,0.0
282,40-44,new_vaccine,0.0,0.0,0.0,0.0
282,45-49,unvaccinated,1376.5,9829.0,37.0,0.0
282,45-49,old_vaccine,0.0,0.0,0.0,0.0
282,45-49,new_vaccine,0.0,0.0,0.0,0.0
282,50-54,unvaccinated,2426.0,9922.5,97.0,0.0
282,50-54,old_vaccine,0.0,0.0,0.0,0.0
282,50-54,new_vaccine,0.0,0.0,0.0,0.0
282,55-59,unvaccinated,3127.0,8887.0,143.5,0.0
282,55-59,old_vaccine,0.0,0.0,0.0,0.0
282,55-59,new_vaccine,0.0,0.0,0.0,0.0
282,60-64,unvaccinated,2983.5,7294.0,319.5,0.0
282,60-64,old_vaccine,0.0,0.0,0.0,0.0
282,60-64,new_vaccine,0.0,0.0,0.0,0.0
282,65-69,unvaccinated,4823.5,4208.5,571.0,0.0
282,65-69,old_vaccine,0.0,0.0,0.0,0.0
282,65-69,new_vaccine,0.0,0.0,0.0,0.0
282,70-74,unvaccinated,5515.5,3217.0,1163.5,0.0
282,70-74,old_vaccine,0.0,0.0,0.0,0.0
282,70-74,new_vaccine,0.0,0.0,0.0,0.0
282,75+,unvaccinated,10114.5,5049.5,3752.5,0.0
282,75+,old_vaccine,0.0,0.0,0.0,0.0
282,75+,new_vaccine,0.0,0.0,0.0,0.0
283,0-4,unvaccinated,678.0,9597.5,11.5,0.0
283,0-4,old_vaccine,0.0,0.0,0.0,0.0
283,0-4,new_vaccine,0.0,0.0,0.0,0.0
283,5-9,unvaccinated,171.5,10825.5,1.0,0.0
283,5-9,old_vaccine,0.0,0.0,0.0,0.0
283,5-9,new_vaccine,0.0,0.0,0.0,0.0
283,10-14,unvaccinated,234.0,10212.5,2.0,0.0
283,10-14,old_vaccine,0.0,0.0,0.0,0.0
283,10-14,new_vaccine,0.0,0.0,0.0,0.0
283,15-19,unvaccinated,225.5,9560.0,2.5,0.0
283,15-19,old_vaccine,0.0,0.0,0.0,0.0
283,15-19,new_vaccine,0.0,0.0,0.0,0.0
283,20-24,unvaccinated,716.0,10049.5,4.5,0.0
283,20-24,old_vaccine,0.0,0.0,0.0,0.0
283,20-24,new_vaccine,0.0,0.0,0.0,0.0
283,25-29,unvaccinated,1193.5,10790.0,3.5,0.0
283,25-29,old_vaccine,0.0,0.0,0.0,0.0
283,25-29,new_vaccine,0.0,0.0,0.0,0.0
283,30-34,unvaccinated,1233.0,10990.5,6.5,0.0
283,30-34,old_vaccine,0.0,0.0,0.0,0.0
283,30-34,new_vaccine,0.0,0.0,0.0,0.0
283,35-39,unvaccinated,1097.0,10926.5,13.5,0.0
283,35-39,old_vaccine,0.0,0.0,0.0,0.0
283,35-39,new_vaccine,0.0,0.0,0.0,0.0
283,40-44,unvaccinated,1131.0,10405.0,19.0,0.0
283,40-44,old_vaccine,0.0,0.0,0.0,0.0
283,40-44,new_vaccine,0.0,0.0,0.0,0.0
283,45-49,unvaccinated,1381.0,9850.5,38.0,0.0
283,45-49,old_vaccine,0.0,0.0,0.0,0.0
283,45-49,new_vaccine,0.0,0.0,0.0,0.0
283,50-54,unvaccinated,2429.5,9903.0,96.0,0.0
283,50-54,old_vaccine,0.0,0.0,0.0,0.0
283,50-54,new_vaccine,0.0,0.0,0.0,0.0
283,55-59,unvaccinated,3133.0,8887.0,144.0,0.0
283,55-59,old_vaccine,0.0,0.0,0.0,0.0
283,55-59,new_vaccine,0.0,0.0,0.0,0.0
283,60-64,unvaccinated,2960.5,7294.0,317.5,0.0
283,60-64,old_vaccine,0.0,0.0,0.0,0.0
283,60-64,new_vaccine,0.0,0.0,0.0,0.0
283,65-69,unvaccinated,4822.5,4215.5,566.5,0.0
283,65-69,old_vaccine,0.0,0.0,0.0,0.0
283,65-69,new_vaccine,0.0,0.0,0.0,0.0
283,70-74,unvaccinated,5531.0,3223.5,1164.0,0.0
283,70-74,old_vaccine,0.0,0.0,0.0,0.0
283,70-74,new_vaccine,0.0,0.0,0.0,0.0
283,75+,unvaccinated,10140.5,5071.5,3752.5,0.0
283,75+,old_vaccine,0.0,0.0,0.0,0.0
283,75+,new_vaccine,0.0,0.0,0.0,0.0
284,0-4,unvaccinated,670.0,9590.0,12.5,0.0
284,0-4,old_vaccine,0.0,0.0,0.0,0.0
284,0-4,new_vaccine,0.0,0.0,0.0,0.0
284,5-9,unvaccinated,171.0,10818.0,1.0,0.0
284,5-9,old_vaccine,0.0,0.0,0.0,0.0
284,5-9,new_vaccine,0.0,0.0,0.0,0.0
284,10-14,unvaccinated,233.5,10223.0,2.0,0.0
284,10-14,old_vaccine,0.0,0.0,0.0,0.0
284,10-14,new_vaccine,0.0,0.0,0.0,0.0
284,15-19,unvaccinated,227.0,9530.5,2.5,0.0
284,15-19,old_vaccine,0.0,0.0,0.0,0.0
284,15-19,new_vaccine,0.0,0.0,0.0,0.0
284,20-24,unvaccinated,716.5,10031.5,5.0,0.0
284,20-24,old_vaccine,0.0,0.0,0.0,0.0
284,20-24,new_vaccine,0.0,0.0,0.0,0.0
284,25-29,unvaccinated,1200.0,10792.0,4.0,0.0
284,25-29,old_vaccine,0.0,0.0,0.0,0.0
284,25-29,new_vaccine,0.0,0.0,0.0,0.0
284,30-34,unvaccinated,1221.5,10995.5,6.5,0.0
284,30-34,old_vaccine,0.0,0.0,0.0,0.0
284,30-34,new_vaccine,0.0,0.0,0.0,0.0
284,35-39,unvaccinated,1096.0,10919.0,12.5,0.0
284,35-39,old_vaccine,0.0,0.0,0.0,0.0
284,35-39,new_vaccine,0.0,0.0,0.0,0.0
284,40-44,unvaccinated,1133.5,10417.5,19.5,0.0
284,40-44,old_vaccine,0.0,0.0,0.0,0.0
284,40-44,new_vaccine,0.0,0.0,0.0,0.0
284,45-49,unvaccinated,1373.0,9820.0,37.0,0.0
284,45-49,old_vaccine,0.0,0.0,0.0,0.0
284,45-49,new_vaccine,0.0,0.0,0.0,0.0
284,50-54,unvaccinated,2427.5,9896.5,95.0,0.0
284,50-54,old_vaccine,0.0,0.0,0.0,0.0
284,50-54,new_vaccine,0.0,0.0,0.0,0.0
284,55-59,unvaccinated,3127.5,8915.5,143.5,0.0
284,55-59,old_vaccine,0.0,0.0,0.0,0.0
284,55-59,new_vaccine,0.0,0.0,0.0,0.0
284,60-64,unvaccinated,2970.5,7299.5,320.0,0.0
284,60-64,old_vaccine,0.0,0.0,0.0,0.0
284,60-64,new_vaccine,0.0,0.0,0.0,0.0
284,65-69,unvaccinated,4822.5,4222.0,569.0,0.0
284,65-69,old_vaccine,0.0,0.0,0.0,0.0
284,65-69,new_vaccine,0.0,0.0,0.0,0.0
284,70-74,unvaccinated,5541.5,3234.5,1163.5,0.0
284,70-74,old_vaccine,0.0,0.0,0.0,0.0
284,70-74,new_vaccine,0.0,0.0,0.0,0.0
284,75+,unvaccinated,10156.0,5077.5,3754.5,0.0
284,75+,old_vaccine,0.0,0.0,0.0,0.0
284,75+,new_vaccine,0.0,0.0,0.0,0.0
285,0-4,unvaccinated,668.5,9562.0,12.5,0.0
285,0-4,old_vaccine,0.0,0.0,0.0,0.0
285,0-4,new_vaccine,0.0,0.0,0.0,0.0
285,5-9,unvaccinated,174.5,10818.5,0.0,0.0
285,5-9,old_vaccine,0.0,0.0,0.0,0.0
285,5-9,new_vaccine,0.0,0.0,0.0,0.0
285,10-14,unvaccinated,232.5,10242.0,2.0,0.0
285,10-14,old_vaccine,0.0,0.0,0.0,0.0
285,10-14,new_vaccine,0.0,0.0,0.0,0.0
285,15-19,unvaccinated,219.5,9506.0,2.5,0.0
285,15-19,old_vaccine,0.0,0.0,0.0,0.0
285,15-19,new_vaccine,0.0,0.0,0.0,0.0
285,20-24,unvaccinated,713.0,10028.0,5.0,0.0
285,20-24,old_vaccine,0.0,0.0,0.0,0.0
285,20-24,new_vaccine,0.0,0.0,0.0,0.0
285,25-29,unvaccinated,1201.5,10799.0,4.0,0.0
285,25-29,old_vaccine,0.0,0.0,0.0,0.0
285,25-29,new_vaccine,0.0,0.0,0.0,0.0
285,30-34,unvaccinated,1238.5,10970.5,6.5,0.0
285,30-34,old_vaccine,0.0,0.0,0.0,0.0
285,30-34,new_vaccine,0.0,0.0,0.0,0.0
285,35-39,unvaccinated,1096.0,10883.0,12.5,0.0
285,35-39,old_vaccine,0.0,0.0,0.0,0.0
285,35-39,new_vaccine,0.0,0.0,0.0,0.0
285,40-44,unvaccinated,1127.5,10376.0,19.0,0.0
285,40-44,old_vaccine,0.0,0.0,0.0,0.0
285,40-44,new_vaccine,0.0,0.0,0.0,0.0
285,45-49,unvaccinated,1375.5,9801.5,37.0,0.0
285,45-49,old_vaccine,0.0,0.0,0.0,0.0
285,45-49,new_vaccine,0.0,0.0,0.0,0.0
285,50-54,unvaccinated,2421.0,9898.5,95.0,0.0
285,50-54,old_vaccine,0.0,0.0,0.0,0.0
285,50-54,new_vaccine,0.0,0.0,0.0,0.0
285,55-59,unvaccinated,3126.5,8929.0,141.5,0.0
285,55-59,old_vaccine,0.0,0.0,0.0,0.0
285,55-59,new_vaccine,0.0,0.0,0.0,0.0
285,60-64,unvaccinated,2966.5,7311.5,322.5,0.0
285,60-64,old_vaccine,0.0,0.0,0.0,0.0
285,60-64,new_vaccine,0.0,0.0,0.0,0.0
285,65-69,unvaccinated,4831.5,4231.0,572.0,0.0
285,65-69,old_vaccine,0.0,0.0,0.0,0.0
285,65-69,new_vaccine,0.0,0.0,0.0,0.0
285,70-74,unvaccinated,5544.5,3239.0,1164.5,0.0
285,70-74,old_vaccine,0.0,0.0,0.0,0.0
285,70-74,new_vaccine,0.0,0.0,0.0,0.0
285,75+,unvaccinated,10124.0,5085.5,3757.0,0.0
285,75+,old_vaccine,0.0,0.0,0.0,0.0
285,75+,new_vaccine,0.0,0.0,0.0,0.0
286,0-4,unvaccinated,671.5,9582.0,11.5,0.0
286,0-4,old_vaccine,0.0,0.0,0.0,0.0
286,0-4,new_vaccine,0.0,0.0,0.0,0.0
286,5-9,unvaccinated,177.0,10826.5,0.0,0.0
286,5-9,old_vaccine,0.0,0.0,0.0,0.0
286,5-9,new_vaccine,0.0,0.0,0.0,0.0
286,10-14,unvaccinated,231.5,10214.0,2.0,0.0
286,10-14,old_vaccine,0.0,0.0,0.0,0.0
286,10-14,new_vaccine,0.0,0.0,0.0,0.0
286,15-19,unvaccinated,218.0,9509.0,2.5,0.0
286,15-19,old_vaccine,0.0,0.0,0.0,0.0
286,15-19,new_vaccine,0.0,0.0,0.0,0.0
286,20-24,unvaccinated,722.0,10023.0,5.0,0.0
286,20-24,old_vaccine,0.0,0.0,0.0,0.0
286,20-24,new_vaccine,0.0,0.0,0.0,0.0
286,25-29,unvaccinated,1184.5,10812.5,4.0,0.0
286,25-29,old_vaccine,0.0,0.0,0.0,0.0
286,25-29,new_vaccine,0.0,0.0,0.0,0.0
286,30-34,unvaccinated,1236.0,10972.0,6.5,0.0
286,30-34,old_vaccine,0.0,0.0,0.0,0.0
286,30-34,new_vaccine,0.0,0.0,0.0,0.0
286,35-39,unvaccinated,1097.5,10893.0,12.5,0.0
286,35-39,old_vaccine,0.0,0.0,0.0,0.0
286,35-39,new_vaccine,0.0,0.0,0.0,0.0
286,40-44,unvaccinated,1127.5,10422.0,18.5,0.0
286,40-44,old_vaccine,0.0,0.0,0.0,0.0
286,40-44,new_vaccine,0.0,0.0,0.0,0.0
286,45-49,unvaccinated,1378.5,9831.0,37.5,0.0
286,45-49,old_vaccine,0.0,0.0,0.0,0.0
286,45-49,new_vaccine,0.0,0.0,0.0,0.0
286,50-54,unvaccinated,2416.0,9899.5,94.0,0.0
286,50-54,old_vaccine,0.0,0.0,0.0,0.0
286,50-54,new_vaccine,0.0,0.0,0.0,0.0
286,55-59,unvaccinated,3111.0,8944.5,141.5,0.0
286,55-59,old_vaccine,0.0,0.0,0.0,0.0
286,55-59,new_vaccine,0.0,0.0,0.0,0.0
286,60-64,unvaccinated,2973.5,7321.0,323.5,0.0
286,60-64,old_vaccine,0.0,0.0,0.0,0.0
286,60-64,new_vaccine,0.0,0.0,0.0,0.0
286,65-69,unvaccinated,4837.0,4217.0,573.5,0.0
286,65-69,old_vaccine,0.0,0.0,0.0,0.0
286,65-69,new_vaccine,0.0,0.0,0.0,0.0
286,70-74,unvaccinated,5554.0,3251.0,1168.0,0.0
286,70-74,old_vaccine,0.0,0.0,0.0,0.0
286,70-74,new_vaccine,0.0,0.0,0.0,0.0
286,75+,unvaccinated,10114.0,5065.5,3762.0,0.0
286,75+,old_vaccine,0.0,0.0,0.0,0.0
286,75+,new_vaccine,0.0,0.0,0.0,0.0
287,0-4,unvaccinated,676.0,9583.5,11.0,0.0
287,0-4,old_vaccine,0.0,0.0,0.0,0.0
287,0-4,new_vaccine,0.0,0.0,0.0,0.0
287,5-9,unvaccinated,177.0,10827.5,0.5,0.0
287,5-9,old_vaccine,0.0,0.0,0.0,0.0
287,5-9,new_vaccine,0.0,0.0,0.0,0.0
287,10-14,unvaccinated,234.0,10228.0,2.0,0.0
287,10-14,old_vaccine,0.0,0.0,0.0,0.0
287,10-14,new_vaccine,0.0,0.0,0.0,0.0
287,15-19,unvaccinated,227.0,9505.5,2.0,0.0
287,15-19,old_vaccine,0.0,0.0,0.0,0.0
287,15-19,new_vaccine,0.0,0.0,0.0,0.0
287,20-24,unvaccinated,718.5,10003.5,5.0,0.0
287,20-24,old_vaccine,0.0,0.0,0.0,0.0
287,20-24,new_vaccine,0.0,0.0,0.0,0.0
287,25-29,unvaccinated,1178.5,10799.5,4.0,0.0
287,25-29,old_vaccine,0.0,0.0,0.0,0.0
287,25-29,new_vaccine,0.0,0.0,0.0,0.0
287,30-34,unvaccinated,1235.5,10957.5,6.5,0.0
287,30-34,old_vaccine,0.0,0.0,0.0,0.0
287,30-34,new_vaccine,0.0,0.0,0.0,0.0
287,35-39,unvaccinated,1096.5,10925.0,12.0,0.0
287,35-39,old_vaccine,0.0,0.0,0.0,0.0
287,35-39,new_vaccine,0.0,0.0,0.0,0.0
287,40-44,unvaccinated,1125.0,10416.5,18.0,0.0
287,40-44,old_vaccine,0.0,0.0,0.0,0.0
287,40-44,new_vaccine,0.0,0.0,0.0,0.0
287,45-49,unvaccinated,1397.0,9858.0,38.0,0.0
287,45-49,old_vaccine,0.0,0.0,0.0,0.0
287,45-49,new_vaccine,0.0,0.0,0.0,0.0
287,50-54,unvaccinated,2408.5,9886.5,95.5,0.0
287,50-54,old_vaccine,0.0,0.0,0.0,0.0
287,50-54,new_vaccine,0.0,0.0,0.0,0.0
287,55-59,unvaccinated,3112.5,8956.5,141.0,0.0
287,55-59,old_vaccine,0.0,0.0,0.0,0.0
287,55-59,new_vaccine,0.0,0.0,0.0,0.0
287,60-64,unvaccinated,2975.5,7305.5,322.5,0.0
287,60-64,old_vaccine,0.0,0.0,0.0,0.0
287,60-64,new_vaccine,0.0,0.0,0.0,0.0
287,65-69,unvaccinated,4841.5,4210.0,574.0,0.0
287,65-69,old_vaccine,0.0,0.0,0.0,0.0
287,65-69,new_vaccine,0.0,0.0,0.0,0.0
287,70-74,unvaccinated,5572.5,3234.5,1168.0,0.0
287,70-74,old_vaccine,0.0,0.0,0.0,0.0
287,70-74,new_vaccine,0.0,0.0,0.0,0.0
287,75+,unvaccinated,10099.0,5031.5,3765.0,0.0
287,75+,old_vaccine,0.0,0.0,0.0,0.0
287,75+,new_vaccine,0.0,0.0,0.0,0.0
288,0-4,unvaccinated,671.5,9587.5,11.0,0.0
288,0-4,old_vaccine,0.0,0.0,0.0,0.0
288,0-4,new_vaccine,0.0,0.0,0.0,0.0
288,5-9,unvaccinated,177.0,10821.5,1.0,0.0
288,5-9,old_vaccine,0.0,0.0,0.0,0.0
288,5-9,new_vaccine,0.0,0.0,0.0,0.0
288,10-14,unvaccinated,234.0,10247.0,2.0,0.0
288,10-14,old_vaccine,0.0,0.0,0.0,0.0
288,10-14,new_vaccine,0.0,0.0,0.0,0.0
288,15-19,unvaccinated,228.5,9513.5,2.0,0.0
288,15-19,old_vaccine,0.0,0.0,0.0,0.0
288,15-19,new_vaccine,0.0,0.0,0.0,0.0
288,20-24,unvaccinated,721.5,10017.0,4.5,0.0
288,20-24,old_vaccine,0.0,0.0,0.0,0.0
288,20-24,new_vaccine,0.0,0.0,0.0,0.0
288,25-29,unvaccinated,1176.0,10780.0,4.5,0.0
288,25-29,old_vaccine,0.0,0.0,0.0,0.0
288,25-29,new_vaccine,0.0,0.0,0.0,0.0
288,30-34,unvaccinated,1236.0,10955.5,7.0,0.0
288,30-34,old_vaccine,0.0,0.0,0.0,0.0
288,30-34,new_vaccine,0.0,0.0,0.0,0.0
288,35-39,unvaccinated,1095.5,10927.5,13.0,0.0
288,35-39,old_vaccine,0.0,0.0,0.0,0.0
288,35-39,new_vaccine,0.0,0.0,0.0,0.0
288,40-44,unvaccinated,1129.0,10397.0,17.5,0.0
288,40-44,old_vaccine,0.0,0.0,0.0,0.0
288,40-44,new_vaccine,0.0,0.0,0.0,0.0
288,45-49,unvaccinated,1385.0,9864.0,38.0,0.0
288,45-49,old_vaccine,0.0,0.0,0.0,0.0
288,45-49,new_vaccine,0.0,0.0,0.0,0.0
288,50-54,unvaccinated,2406.0,9930.5,95.0,0.0
288,50-54,old_vaccine,0.0,0.0,0.0,0.0
288,50-54,new_vaccine,0.0,0.0,0.0,0.0
288,55-59,unvaccinated,3104.0,8960.5,141.5,0.0
288,55-59,old_vaccine,0.0,0.0,0.0,0.0
288,55-59,new_vaccine,0.0,0.0,0.0,0.0
288,60-64,unvaccinated,2989.5,7278.5,321.0,0.0
288,60-64,old_vaccine,0.0,0.0,0.0,0.0
288,60-64,new_vaccine,0.0,0.0,0.0,0.0
288,65-69,unvaccinated,4847.0,4207.0,573.5,0.0
288,65-69,old_vaccine,0.0,0.0,0.0,0.0
288,65-69,new_vaccine,0.0,0.0,0.0,0.0
288,70-74,unvaccinated,5574.0,3234.5,1168.0,0.0
288,70-74,old_vaccine,0.0,0.0,0.0,0.0
288,70-74,new_vaccine,0.0,0.0,0.0,0.0
288,75+,unvaccinated,10074.5,5025.5,3767.0,0.0
288,75+,old_vaccine,0.0,0.0,0.0,0.0
288,75+,new_vaccine,0.0,0.0,0.0,0.0
289,0-4,unvaccinated,671.0,9581.5,11.0,0.0
289,0-4,old_vaccine,0.0,0.0,0.0,0.0
289,0-4,new_vaccine,0.0,0.0,0.0,0.0
289,5-9,unvaccinated,174.5,10824.0,1.0,0.0
289,5-9,old_vaccine,0.0,0.0,0.0,0.0
289,5-9,new_vaccine,0.0,0.0,0.0,0.0
289,10-14,unvaccinated,237.5,10248.5,2.0,0.0
289,10-14,old_vaccine,0.0,0.0,0.0,0.0
289,10-14,new_vaccine,0.0,0.0,0.0,0.0
289,15-19,unvaccinated,232.0,9491.5,2.0,0.0
289,15-19,old_vaccine,0.0,0.0,0.0,0.0
289,15-19,new_vaccine,0.0,0.0,0.0,0.0
289,20-24,unvaccinated,729.0,9984.5,5.0,0.0
289,20-24,old_vaccine,0.0,0.0,0.0,0.0
289,20-24,new_vaccine,0.0,0.0,0.0,0.0
289,25-29,unvaccinated,1180.0,10815.5,5.5,0.0
289,25-29,old_vaccine,0.0,0.0,0.0,0.0
289,25-29,new_vaccine,0.0,0.0,0.0,0.0
289,30-34,unvaccinated,1227.0,10959.0,7.0,0.0
289,30-34,old_vaccine,0.0,0.0,0.0,0.0
289,30-34,new_vaccine,0.0,0.0,0.0,0.0
289,35-39,unvaccinated,1094.5,10914.5,13.0,0.0
289,35-39,old_vaccine,0.0,0.0,0.0,0.0
289,35-39,new_vaccine,0.0,0.0,0.0,0.0
289,40-44,unvaccinated,1133.0,10378.5,17.0,0.0
289,40-44,old_vaccine,0.0,0.0,0.0,0.0
289,40-44,new_vaccine,0.0,0.0,0.0,0.0
289,45-49,unvaccinated,1383.0,9864.0,38.5,0.0
289,45-49,old_vaccine,0.0,0.0,0.0,0.0
289,45-49,new_vaccine,0.0,0.0,0.0,0.0
289,50-54,unvaccinated,2419.5,9936.0,95.5,0.0
289,50-54,old_vaccine,0.0,0.0,0.0,0.0
289,50-54,new_vaccine,0.0,0.0,0.0,0.0
289,55-59,unvaccinated,3089.0,8944.0,141.0,0.0
289,55-59,old_vaccine,0.0,0.0,0.0,0.0
289,55-59,new_vaccine,0.0,0.0,0.0,0.0
289,60-64,unvaccinated,3006.5,7287.5,322.5,0.0
289,60-64,old_vaccine,0.0,0.0,0.0,0.0
289,60-64,new_vaccine,0.0,0.0,0.0,0.0
289,65-69,unvaccinated,4852.5,4221.5,573.5,0.0
289,65-69,old_vaccine,0.0,0.0,0.0,0.0
289,65-69,new_vaccine,0.0,0.0,0.0,0.0
289,70-74,unvaccinated,5567.5,3220.5,1170.0,0.0
289,70-74,old_vaccine,0.0,0.0,0.0,0.0
289,70-74,new_vaccine,0.0,0.0,0.0,0.0
289,75+,unvaccinated,10053.5,5017.5,3772.5,0.0
289,75+,old_vaccine,0.0,0.0,0.0,0.0
289,75+,new_vaccine,0.0,0.0,0.0,0.0
290,0-4,unvaccinated,673.0,9601.5,10.5,0.0
290,0-4,old_vaccine,0.0,0.0,0.0,0.0
290,0-4,new_vaccine,0.0,0.0,0.0,0.0
290,5-9,unvaccinated,174.0,10840.0,1.0,0.0
290,5-9,old_vaccine,0.0,0.0,0.0,0.0
290,5-9,new_vaccine,0.0,0.0,0.0,0.0
290,10-14,unvaccinated,241.0,10222.5,2.0,0.0
290,10-14,old_vaccine,0.0,0.0,0.0,0.0
290,10-14,new_vaccine,0.0,0.0,0.0,0.0
290,15-19,unvaccinated,235.0,9512.0,2.0,0.0
290,15-19,old_vaccine,0.0,0.0,0.0,0.0
290,15-19,new_vaccine,0.0,0.0,0.0,0.0
290,20-24,unvaccinated,726.5,9982.5,5.0,0.0
290,20-24,old_vaccine,0.0,0.0,0.0,0.0
290,20-24,new_vaccine,0.0,0.0,0.0,0.0
290,25-29,unvaccinated,1174.5,10827.5,5.0,0.0
290,25-29,old_vaccine,0.0,0.0,0.0,0.0
290,25-29,new_vaccine,0.0,0.0,0.0,0.0
290,30-34,unvaccinated,1239.0,10979.5,7.0,0.0
290,30-34,old_vaccine,0.0,0.0,0.0,0.0
290,30-34,new_vaccine,0.0,0.0,0.0,0.0
290,35-39,unvaccinated,1101.0,10925.0,13.5,0.0
290,35-39,old_vaccine,0.0,0.0,0.0,0.0
290,35-39,new_vaccine,0.0,0.0,0.0,0.0
290,40-44,unvaccinated,1132.0,10352.5,17.5,0.0
290,40-44,old_vaccine,0.0,0.0,0.0,0.0
290,40-44,new_vaccine,0.0,0.0,0.0,0.0
290,45-49,unvaccinated,1386.0,9891.0,39.0,0.0
290,45-49,old_vaccine,0.0,0.0,0.0,0.0
290,45-49,new_vaccine,0.0,0.0,0.0,0.0
290,50-54,unvaccinated,2415.0,9947.5,96.0,0.0
290,50-54,old_vaccine,0.0,0.0,0.0,0.0
290,50-54,new_vaccine,0.0,0.0,0.0,0.0
290,55-59,unvaccinated,3080.5,8931.0,139.0,0.0
290,55-59,old_vaccine,0.0,0.0,0.0,0.0
290,55-59,new_vaccine,0.0,0.0,0.0,0.0
290,60-64,unvaccinated,3028.0,7311.5,322.0,0.0
290,60-64,old_vaccine,0.0,0.0,0.0,0.0
290,60-64,new_vaccine,0.0,0.0,0.0,0.0
290,65-69,unvaccinated,4828.0,4215.0,574.5,0.0
290,65-69,old_vaccine,0.0,0.0,0.0,0.0
290,65-69,new_vaccine,0.0,0.0,0.0,0.0
290,70-74,unvaccinated,5561.5,3204.5,1172.0,0.0
290,70-74,old_vaccine,0.0,0.0,0.0,0.0
290,70-74,new_vaccine,0.0,0.0,0.0,0.0
290,75+,unvaccinated,10056.0,5012.0,3775.0,0.0
290,75+,old_vaccine,0.0,0.0,0.0,0.0
290,75+,new_vaccine,0.0,0.0,0.0,0.0
291,0-4,unvaccinated,673.5,9605.5,10.5,0.0
291,0-4,old_vaccine,0.0,0.0,0.0,0.0
291,0-4,new_vaccine,0.0,0.0,0.0,0.0
291,5-9,unvaccinated,176.0,10801.0,1.0,0.0
291,5-9,old_vaccine,0.0,0.0,0.0,0.0
291,5-9,new_vaccine,0.0,0.0,0.0,0.0
291,10-14,unvaccinated,244.0,10215.0,2.0,0.0
291,10-14,old_vaccine,0.0,0.0,0.0,0.0
291,10-14,new_vaccine,0.0,0.0,0.0,0.0
291,15-19,unvaccinated,240.0,9508.0,2.0,0.0
291,15-19,old_vaccine,0.0,0.0,0.0,0.0
291,15-19,new_vaccine,0.0,0.0,0.0,0.0
291,20-24,unvaccinated,727.5,9969.0,4.5,0.0
291,20-24,old_vaccine,0.0,0.0,0.0,0.0
291,20-24,new_vaccine,0.0,0.0,0.0,0.0
291,25-29,unvaccinated,1184.0,10824.5,5.0,0.0
291,25-29,old_vaccine,0.0,0.0,0.0,0.0
291,25-29,new_vaccine,0.0,0.0,0.0,0.0
291,30-34,unvaccinated,1245.0,10993.0,7.0,0.0
291,30-34,old_vaccine,0.0,0.0,0.0,0.0
291,30-34,new_vaccine,0.0,0.0,0.0,0.0
291,35-39,unvaccinated,1101.0,10928.5,13.5,0.0
291,35-39,old_vaccine,0.0,0.0,0.0,0.0
291,35-39,new_vaccine,0.0,0.0,0.0,0.0
291,40-44,unvaccinated,1133.0,10381.5,17.5,0.0
291,40-44,old_vaccine,0.0,0.0,0.0,0.0
291,40-44,new_vaccine,0.0,0.0,0.0,0.0
291,45-49,unvaccinated,1387.5,9857.5,39.5,0.0
291,45-49,old_vaccine,0.0,0.0,0.0,0.0
291,45-49,new_vaccine,0.0,0.0,0.0,0.0
291,50-54,unvaccinated,2407.5,9968.5,96.0,0.0
291,50-54,old_vaccine,0.0,0.0,0.0,0.0
291,50-54,new_vaccine,0.0,0.0,0.0,0.0
291,55-59,unvaccinated,3058.0,8924.0,139.5,0.0
291,55-59,old_vaccine,0.0,0.0,0.0,0.0
291,55-59,new_vaccine,0.0,0.0,0.0,0.0
291,60-64,unvaccinated,3027.0,7311.5,321.5,0.0
291,60-64,old_vaccine,0.0,0.0,0.0,0.0
291,60-64,new_vaccine,0.0,0.0,0.0,0.0
291,65-69,unvaccinated,4836.0,4205.0,574.0,0.0
291,65-69,old_vaccine,0.0,0.0,0.0,0.0
291,65-69,new_vaccine,0.0,0.0,0.0,0.0
291,70-74,unvaccinated,5552.0,3200.5,1171.5,0.0
291,70-74,old_vaccine,0.0,0.0,0.0,0.0
291,70-74,new_vaccine,0.0,0.0,0.0,0.0
291,75+,unvaccinated,10070.0,4981.5,3776.5,0.0
291,75+,old_vaccine,0.0,0.0,0.0,0.0
291,75+,new_vaccine,0.0,0.0,0.0,0.0
292,0-4,unvaccinated,670.5,9604.0,10.5,0.0
292,0-4,old_vaccine,0.0,0.0,0.0,0.0
292,0-4,new_vaccine,0.0,0.0,0.0,0.0
292,5-9,unvaccinated,174.0,10805.5,1.0,0.0
292,5-9,old_vaccine,0.0,0.0,0.0,0.0
292,5-9,new_vaccine,0.0,0.0,0.0,0.0
292,10-14,unvaccinated,245.5,10231.0,2.0,0.0
292,10-14,old_vaccine,0.0,0.0,0.0,0.0
292,10-14,new_vaccine,0.0,0.0,0.0,0.0
292,15-19,unvaccinated,240.5,9524.0,2.0,0.0
292,15-19,old_vaccine,0.0,0.0,0.0,0.0
292,15-19,new_vaccine,0.0,0.0,0.0,0.0
292,20-24,unvaccinated,726.5,9953.5,4.5,0.0
292,20-24,old_vaccine,0.0,0.0,0.0,0.0
292,20-24,new_vaccine,0.0,0.0,0.0,0.0
292,25-29,unvaccinated,1184.5,10841.5,5.5,0.0
292,25-29,old_vaccine,0.0,0.0,0.0,0.0
292,25-29,new_vaccine,0.0,0.0,0.0,0.0
292,30-34,unvaccinated,1239.5,11024.5,6.5,0.0
292,30-34,old_vaccine,0.0,0.0,0.0,0.0
292,30-34,new_vaccine,0.0,0.0,0.0,0.0
292,35-39,unvaccinated,1109.5,10905.0,13.0,0.0
292,35-39,old_vaccine,0.0,0.0,0.0,0.0
292,35-39,new_vaccine,0.0,0.0,0.0,0.0
292,40-44,unvaccinated,1132.5,10373.5,17.0,0.0
292,40-44,old_vaccine,0.0,0.0,0.0,0.0
292,40-44,new_vaccine,0.0,0.0,0.0,0.0
292,45-49,unvaccinated,1395.5,9827.0,40.0,0.0
292,45-49,old_vaccine,0.0,0.0,0.0,0.0
292,45-49,new_vaccine,0.0,0.0,0.0,0.0
292,50-54,unvaccinated,2422.5,9988.0,95.5,0.0
292,50-54,old_vaccine,0.0,0.0,0.0,0.0
292,50-54,new_vaccine,0.0,0.0,0.0,0.0
292,55-59,unvaccinated,3059.5,8918.0,138.0,0.0
292,55-59,old_vaccine,0.0,0.0,0.0,0.0
292,55-59,new_vaccine,0.0,0.0,0.0,0.0
292,60-64,unvaccinated,3005.0,7313.5,321.5,0.0
292,60-64,old_vaccine,0.0,0.0,0.0,0.0
292,60-64,new_vaccine,0.0,0.0,0.0,0.0
292,65-69,unvaccinated,4824.0,4218.0,576.5,0.0
292,65-69,old_vaccine,0.0,0.0,0.0,0.0
292,65-69,new_vaccine,0.0,0.0,0.0,0.0
292,70-74,unvaccinated,5547.0,3184.5,1171.5,0.0
292,70-74,old_vaccine,0.0,0.0,0.0,0.0
292,70-74,new_vaccine,0.0,0.0,0.0,0.0
292,75+,unvaccinated,10085.5,4986.5,3777.0,0.0
292,75+,old_vaccine,0.0,0.0,0.0,0.0
292,75+,new_vaccine,0.0,0.0,0.0,0.0
293,0-4,unvaccinated,663.0,9619.0,10.5,0.0
293,0-4,old_vaccine,0.0,0.0,0.0,0.0
293,0-4,new_vaccine,0.0,0.0,0.0,0.0
293,5-9,unvaccinated,174.0,10786.5,1.0,0.0
293,5-9,old_vaccine,0.0,0.0,0.0,0.0
293,5-9,new_vaccine,0.0,0.0,0.0,0.0
293,10-14,unvaccinated,244.5,10244.0,2.0,0.0
293,10-14,old_vaccine,0.0,0.0,0.0,0.0
293,10-14,new_vaccine,0.0,0.0,0.0,0.0
293,15-19,unvaccinated,244.0,9528.0,2.0,0.0
293,15-19,old_vaccine,0.0,0.0,0.0,0.0
293,15-19,new_vaccine,0.0,0.0,0.0,0.0
293,20-24,unvaccinated,732.0,9966.0,4.5,0.0
293,20-24,old_vaccine,0.0,0.0,0.0,0.0
293,20-24,new_vaccine,0.0,0.0,0.0,0.0
293,25-29,unvaccinated,1174.0,10847.0,6.0,0.0
293,25-29,old_vaccine,0.0,0.0,0.0,0.0
293,25-29,new_vaccine,0.0,0.0,0.0,0.0
293,30-34,unvaccinated,1237.0,10973.5,6.5,0.0
293,30-34,old_vaccine,0.0,0.0,0.0,0.0
293,30-34,new_vaccine,0.0,0.0,0.0,0.0
293,35-39,unvaccinated,1116.0,10903.0,13.0,0.0
293,35-39,old_vaccine,0.0,0.0,0.0,0.0
293,35-39,new_vaccine,0.0,0.0,0.0,0.0
293,40-44,unvaccinated,1139.0,10393.5,17.5,0.0
293,40-44,old_vaccine,0.0,0.0,0.0,0.0
293,40-44,new_vaccine,0.0,0.0,0.0,0.0
293,45-49,unvaccinated,1396.0,9857.5,39.5,0.0
293,45-49,old_vaccine,0.0,0.0,0.0,0.0
293,45-49,new_vaccine,0.0,0.0,0.0,0.0
293,50-54,unvaccinated,2415.0,9979.0,95.5,0.0
293,50-54,old_vaccine,0.0,0.0,0.0,0.0
293,50-54,new_vaccine,0.0,0.0,0.0,0.0
293,55-59,unvaccinated,3056.0,8904.5,139.0,0.0
293,55-59,old_vaccine,0.0,0.0,0.0,0.0
293,55-59,new_vaccine,0.0,0.0,0.0,0.0
293,60-64,unvaccinated,3004.0,7303.0,320.0,0.0
293,60-64,old_vaccine,0.0,0.0,0.0,0.0
293,60-64,new_vaccine,0.0,0.0,0.0,0.0
293,65-69,unvaccinated,4829.5,4213.0,575.5,0.0
293,65-69,old_vaccine,0.0,0.0,0.0,0.0
293,65-69,new_vaccine,0.0,0.0,0.0,0.0
293,70-74,unvaccinated,5549.5,3201.0,1173.0,0.0
293,70-74,old_vaccine,0.0,0.0,0.0,0.0
293,70-74,new_vaccine,0.0,0.0,0.0,0.0
293,75+,unvaccinated,10114.0,5009.5,3782.5,0.0
293,75+,old_vaccine,0.0,0.0,0.0,0.0
293,75+,new_vaccine,0.0,0.0,0.0,0.0
294,0-4,unvaccinated,665.0,9602.5,11.5,0.0
294,0-4,old_vaccine,0.0,0.0,0.0,0.0
294,0-4,new_vaccine,0.0,0.0,0.0,0.0
294,5-9,unvaccinated,170.5,10825.5,1.0,0.0
294,5-9,old_vaccine,0.0,0.0,0.0,0.0
294,5-9,new_vaccine,0.0,0.0,0.0,0.0
294,10-14,unvaccinated,251.5,10220.0,2.0,0.0
294,10-14,old_vaccine,0.0,0.0,0.0,0.0
294,10-14,new_vaccine,0.0,0.0,0.0,0.0
294,15-19,unvaccinated,243.0,9520.5,2.0,0.0
294,15-19,old_vaccine,0.0,0.0,0.0,0.0
294,15-19,new_vaccine,0.0,0.0,0.0,0.0
294,20-24,unvaccinated,733.0,9982.5,4.5,0.0
294,20-24,old_vaccine,0.0,0.0,0.0,0.0
294,20-24,new_vaccine,0.0,0.0,0.0,0.0
294,25-29,unvaccinated,1174.0,10831.5,6.5,0.0
294,25-29,old_vaccine,0.0,0.0,0.0,0.0
294,25-29,new_vaccine,0.0,0.0,0.0,0.0
294,30-34,unvaccinated,1234.0,10971.0,6.5,0.0
294,30-34,old_vaccine,0.0,0.0,0.0,0.0
294,30-34,new_vaccine,0.0,0.0,0.0,0.0
294,35-39,unvaccinated,1124.5,10894.5,13.0,0.0
294,35-39,old_vaccine,0.0,0.0,0.0,0.0
294,35-39,new_vaccine,0.0,0.0,0.0,0.0
294,40-44,unvaccinated,1138.5,10416.5,17.5,0.0
294,40-44,old_vaccine,0.0,0.0,0.0,0.0
294,40-44,new_vaccine,0.0,0.0,0.0,0.0
294,45-49,unvaccinated,1392.5,9855.0,39.0,0.0
294,45-49,old_vaccine,0.0,0.0,0.0,0.0
294,45-49,new_vaccine,0.0,0.0,0.0,0.0
294,50-54,unvaccinated,2431.5,9934.0,96.0,0.0
294,50-54,old_vaccine,0.0,0.0,0.0,0.0
294,50-54,new_vaccine,0.0,0.0,0.0,0.0
294,55-59,unvaccinated,3075.5,8899.0,139.5,0.0
294,55-59,old_vaccine,0.0,0.0,0.0,0.0
294,55-59,new_vaccine,0.0,0.0,0.0,0.0
294,60-64,unvaccinated,2990.5,7289.0,322.5,0.0
294,60-64,old_vaccine,0.0,0.0,0.0,0.0
294,60-64,new_vaccine,0.0,0.0,0.0,0.0
294,65-69,unvaccinated,4820.5,4235.0,575.0,0.0
294,65-69,old_vaccine,0.0,0.0,0.0,0.0
294,65-69,new_vaccine,0.0,0.0,0.0,0.0
294,70-74,unvaccinated,5513.5,3202.0,1173.0,0.0
294,70-74,old_vaccine,0.0,0.0,0.0,0.0
294,70-74,new_vaccine,0.0,0.0,0.0,0.0
294,75+,unvaccinated,10131.5,5020.0,3787.0,0.0
294,75+,old_vaccine,0.0,0.0,0.0,0.0
294,75+,new_vaccine,0.0,0.0,0.0,0.0
295,0-4,unvaccinated,672.0,9595.5,11.5,0.0
295,0-4,old_vaccine,0.0,0.0,0.0,0.0
295,0-4,new_vaccine,0.0,0.0,0.0,0.0
295,5-9,unvaccinated,173.5,10814.5,1.0,0.0
295,5-9,old_vaccine,0.0,0.0,0.0,0.0
295,5-9,new_vaccine,0.0,0.0,0.0,0.0
295,10-14,unvaccinated,250.0,10206.5,2.0,0.0
295,10-14,old_vaccine,0.0,0.0,0.0,0.0
295,10-14,new_vaccine,0.0,0.0,0.0,0.0
295,15-19,unvaccinated,242.5,9520.0,2.0,0.0
295,15-19,old_vaccine,0.0,0.0,0.0,0.0
295,15-19,new_vaccine,0.0,0.0,0.0,0.0
295,20-24,unvaccinated,725.5,9996.5,4.0,0.0
295,20-24,old_vaccine,0.0,0.0,0.0,0.0
295,20-24,new_vaccine,0.0,0.0,0.0,0.0
295,25-29,unvaccinated,1178.5,10833.0,6.5,0.0
295,25-29,old_vaccine,0.0,0.0,0.0,0.0
295,25-29,new_vaccine,0.0,0.0,0.0,0.0
295,30-34,unvaccinated,1234.5,10964.5,7.0,0.0
295,30-34,old_vaccine,0.0,0.0,0.0,0.0
295,30-34,new_vaccine,0.0,0.0,0.0,0.0
295,35-39,unvaccinated,1120.5,10868.5,13.5,0.0
295,35-39,old_vaccine,0.0,0.0,0.0,0.0
295,35-39,new_vaccine,0.0,0.0,0.0,0.0
295,40-44,unvaccinated,1137.5,10383.5,18.0,0.0
295,40-44,old_vaccine,0.0,0.0,0.0,0.0
295,40-44,new_vaccine,0.0,0.0,0.0,0.0
295,45-49,unvaccinated,1385.5,9820.0,39.0,0.0
295,45-49,old_vaccine,0.0,0.0,0.0,0.0
295,45-49,new_vaccine,0.0,0.0,0.0,0.0
295,50-54,unvaccinated,2425.5,9913.5,95.5,0.0
295,50-54,old_vaccine,0.0,0.0,0.0,0.0
295,50-54,new_vaccine,0.0,0.0,0.0,0.0
295,55-59,unvaccinated,3081.5,8888.5,140.0,0.0
295,55-59,old_vaccine,0.0,0.0,0.0,0.0
295,55-59,new_vaccine,0.0,0.0,0.0,0.0
295,60-64,unvaccinated,2971.5,7293.0,323.0,0.0
295,60-64,old_vaccine,0.0,0.0,0.0,0.0
295,60-64,new_vaccine,0.0,0.0,0.0,0.0
295,65-69,unvaccinated,4806.5,4217.0,575.0,0.0
295,65-69,old_vaccine,0.0,0.0,0.0,0.0
295,65-69,new_vaccine,0.0,0.0,0.0,0.0
295,70-74,unvaccinated,5503.5,3217.5,1173.0,0.0
295,70-74,old_vaccine,0.0,0.0,0.0,0.0
295,70-74,new_vaccine,0.0,0.0,0.0,0.0
295,75+,unvaccinated,10155.5,5019.5,3792.5,0.0
295,75+,old_vaccine,0.0,0.0,0.0,0.0
295,75+,new_vaccine,0.0,0.0,0.0,0.0
296,0-4,unvaccinated,678.5,9597.5,12.0,0.0
296,0-4,old_vaccine,0.0,0.0,0.0,0.0
296,0-4,new_vaccine,0.0,0.0,0.0,0.0
296,5-9,unvaccinated,174.0,10815.5,1.5,0.0
296,5-9,old_vaccine,0.0,0.0,0.0,0.0
296,5-9,new_vaccine,0.0,0.0,0.0,0.0
296,10-14,unvaccinated,246.5,10180.0,2.0,0.0
296,10-14,old_vaccine,0.0,0.0,0.0,0.0
296,10-14,new_vaccine,0.0,0.0,0.0,0.0
296,15-19,unvaccinated,237.5,9552.5,2.0,0.0
296,15-19,old_vaccine,0.0,0.0,0.0,0.0
296,15-19,new_vaccine,0.0,0.0,0.0,0.0
296,20-24,unvaccinated,721.0,10016.5,4.0,0.0
296,20-24,old_vaccine,0.0,0.0,0.0,0.0
296,20-24,new_vaccine,0.0,0.0,0.0,0.0
296,25-29,unvaccinated,1176.0,10841.0,6.5,0.0
296,25-29,old_vaccine,0.0,0.0,0.0,0.0
296,25-29,new_vaccine,0.0,0.0,0.0,0.0
296,30-34,unvaccinated,1233.5,10952.0,8.0,0.0
296,30-34,old_vaccine,0.0,0.0,0.0,0.0
296,30-34,new_vaccine,0.0,0.0,0.0,0.0
296,35-39,unvaccinated,1123.5,10857.5,13.5,0.0
296,35-39,old_vaccine,0.0,0.0,0.0,0.0
296,35-39,new_vaccine,0.0,0.0,0.0,0.0
296,40-44,unvaccinated,1135.5,10432.0,17.5,0.0
296,40-44,old_vaccine,0.0,0.0,0.0,0.0
296,40-44,new_vaccine,0.0,0.0,0.0,0.0
296,45-49,unvaccinated,1388.0,9832.0,39.0,0.0
296,45-49,old_vaccine,0.0,0.0,0.0,0.0
296,45-49,new_vaccine,0.0,0.0,0.0,0.0
296,50-54,unvaccinated,2429.0,9902.5,95.0,0.0
296,50-54,old_vaccine,0.0,0.0,0.0,0.0
296,50-54,new_vaccine,0.0,0.0,0.0,0.0
296,55-59,unvaccinated,3102.5,8928.0,139.0,0.0
296,55-59,old_vaccine,0.0,0.0,0.0,0.0
296,55-59,new_vaccine,0.0,0.0,0.0,0.0
296,60-64,unvaccinated,2960.5,7274.5,323.0,0.0
296,60-64,old_vaccine,0.0,0.0,0.0,0.0
296,60-64,new_vaccine,0.0,0.0,0.0,0.0
296,65-69,unvaccinated,4805.0,4209.0,577.0,0.0
296,65-69,old_vaccine,0.0,0.0,0.0,0.0
296,65-69,new_vaccine,0.0,0.0,0.0,0.0
296,70-74,unvaccinated,5516.0,3249.0,1173.0,0.0
296,70-74,old_vaccine,0.0,0.0,0.0,0.0
296,70-74,new_vaccine,0.0,0.0,0.0,0.0
296,75+,unvaccinated,10130.0,5028.5,3797.0,0.0
296,75+,old_vaccine,0.0,0.0,0.0,0.0
296,75+,new_vaccine,0.0,0.0,0.0,0.0
297,0-4,unvaccinated,684.5,9576.0,13.0,0.0
297,0-4,old_vaccine,0.0,0.0,0.0,0.0
297,0-4,new_vaccine,0.0,0.0,0.0,0.0
297,5-9,unvaccinated,175.0,10817.5,1.5,0.0
297,5-9,old_vaccine,0.0,0.0,0.0,0.0
297,5-9,new_vaccine,0.0,0.0,0.0,0.0
297,10-14,unvaccinated,243.0,10147.0,2.0,0.0
297,10-14,old_vaccine,0.0,0.0,0.0,0.0
297,10-14,new_vaccine,0.0,0.0,0.0,0.0
297,15-19,unvaccinated,238.5,9557.0,2.0,0.0
297,15-19,old_vaccine,0.0,0.0,0.0,0.0
297,15-19,new_vaccine,0.0,0.0,0.0,0.0
297,20-24,unvaccinated,713.5,10036.0,4.0,0.0
297,20-24,old_vaccine,0.0,0.0,0.0,0.0
297,20-24,new_vaccine,0.0,0.0,0.0,0.0
297,25-29,unvaccinated,1178.5,10832.5,6.5,0.0
297,25-29,old_vaccine,0.0,0.0,0.0,0.0
297,25-29,new_vaccine,0.0,0.0,0.0,0.0
297,30-34,unvaccinated,1239.5,10928.0,7.5,0.0
297,30-34,old_vaccine,0.0,0.0,0.0,0.0
297,30-34,new_vaccine,0.0,0.0,0.0,0.0
297,35-39,unvaccinated,1122.5,10846.5,13.0,0.0
297,35-39,old_vaccine,0.0,0.0,0.0,0.0
297,35-39,new_vaccine,0.0,0.0,0.0,0.0
297,40-44,unvaccinated,1134.5,10451.0,18.0,0.0
297,40-44,old_vaccine,0.0,0.0,0.0,0.0
297,40-44,new_vaccine,0.0,0.0,0.0,0.0
297,45-49,unvaccinated,1386.0,9837.0,38.0,0.0
297,45-49,old_vaccine,0.0,0.0,0.0,0.0
297,45-49,new_vaccine,0.0,0.0,0.0,0.0
297,50-54,unvaccinated,2433.0,9880.5,96.0,0.0
297,50-54,old_vaccine,0.0,0.0,0.0,0.0
297,50-54,new_vaccine,0.0,0.0,0.0,0.0
297,55-59,unvaccinated,3098.0,8916.5,139.0,0.0
297,55-59,old_vaccine,0.0,0.0,0.0,0.0
297,55-59,new_vaccine,0.0,0.0,0.0,0.0
297,60-64,unvaccinated,2972.5,7289.5,322.5,0.0
297,60-64,old_vaccine,0.0,0.0,0.0,0.0
297,60-64,new_vaccine,0.0,0.0,0.0,0.0
297,65-69,unvaccinated,4800.5,4203.5,574.5,0.0
297,65-69,old_vaccine,0.0,0.0,0.0,0.0
297,65-69,new_vaccine,0.0,0.0,0.0,0.0
297,70-74,unvaccinated,5538.0,3255.0,1174.0,0.0
297,70-74,old_vaccine,0.0,0.0,0.0,0.0
297,70-74,new_vaccine,0.0,0.0,0.0,0.0
297,75+,unvaccinated,10136.0,5022.5,3796.5,0.0
297,75+,old_vaccine,0.0,0.0,0.0,0.0
297,75+,new_vaccine,0.0,0.0,0.0,0.0
298,0-4,unvaccinated,682.0,9577.0,13.0,0.0
298,0-4,old_vaccine,0.0,0.0,0.0,0.0
298,0-4,new_vaccine,0.0,0.0,0.0,0.0
298,5-9,unvaccinated,177.5,10819.5,1.0,0.0
298,5-9,old_vaccine,0.0,0.0,0.0,0.0
298,5-9,new_vaccine,0.0,0.0,0.0,0.0
298,10-14,unvaccinated,242.0,10162.0,1.5,0.0
298,10-14,old_vaccine,0.0,0.0,0.0,0.0
298,10-14,new_vaccine,0.0,0.0,0.0,0.0
298,15-19,unvaccinated,235.5,9539.0,2.0,0.0
298,15-19,old_vaccine,0.0,0.0,0.0,0.0
298,15-19,new_vaccine,0.0,0.0,0.0,0.0
298,20-24,unvaccinated,722.5,10048.5,4.0,0.0
298,20-24,old_vaccine,0.0,0.0,0.0,0.0
298,20-24,new_vaccine,0.0,0.0,0.0,0.0
298,25-29,unvaccinated,1187.0,10836.0,5.0,0.0
298,25-29,old_vaccine,0.0,0.0,0.0,0.0
298,25-29,new_vaccine,0.0,0.0,0.0,0.0
298,30-34,unvaccinated,1250.5,10924.0,7.5,0.0
298,30-34,old_vaccine,0.0,0.0,0.0,0.0
298,30-34,new_vaccine,0.0,0.0,0.0,0.0
298,35-39,unvaccinated,1121.5,10842.5,13.5,0.0
298,35-39,old_vaccine,0.0,0.0,0.0,0.0
298,35-39,new_vaccine,0.0,0.0,0.0,0.0
298,40-44,unvaccinated,1139.5,10444.0,18.0,0.0
298,40-44,old_vaccine,0.0,0.0,0.0,0.0
298,40-44,new_vaccine,0.0,0.0,0.0,0.0
298,45-49,unvaccinated,1381.5,9836.0,37.5,0.0
298,45-49,old_vaccine,0.0,0.0,0.0,0.0
298,45-49,new_vaccine,0.0,0.0,0.0,0.0
298,50-54,unvaccinated,2427.5,9889.0,96.0,0.0
298,50-54,old_vaccine,0.0,0.0,0.0,0.0
298,50-54,new_vaccine,0.0,0.0,0.0,0.0
298,55-59,unvaccinated,3096.0,8956.5,139.0,0.0
298,55-59,old_vaccine,0.0,0.0,0.0,0.0
298,55-59,new_vaccine,0.0,0.0,0.0,0.0
298,60-64,unvaccinated,2988.5,7277.5,325.0,0.0
298,60-64,old_vaccine,0.0,0.0,0.0,0.0
298,60-64,new_vaccine,0.0,0.0,0.0,0.0
298,65-69,unvaccinated,4801.0,4205.5,575.0,0.0
298,65-69,old_vaccine,0.0,0.0,0.0,0.0
298,65-69,new_vaccine,0.0,0.0,0.0,0.0
298,70-74,unvaccinated,5536.5,3261.0,1177.0,0.0
298,70-74,old_vaccine,0.0,0.0,0.0,0.0
298,70-74,new_vaccine,0.0,0.0,0.0,0.0
298,75+,unvaccinated,10115.5,5043.5,3804.5,0.0
298,75+,old_vaccine,0.0,0.0,0.0,0.0
298,75+,new_vaccine,0.0,0.0,0.0,0.0
299,0-4,unvaccinated,673.0,9576.5,14.0,0.0
299,0-4,old_vaccine,0.0,0.0,0.0,0.0
299,0-4,new_vaccine,0.0,0.0,0.0,0.0
299,5-9,unvaccinated,177.5,10821.0,0.5,0.0
299,5-9,old_vaccine,0.0,0.0,0.0,0.0
299,5-9,new_vaccine,0.0,0.0,0.0,0.0
299,10-14,unvaccinated,240.5,10184.5,1.5,0.0
299,10-14,old_vaccine,0.0,0.0,0.0,0.0
299,10-14,new_vaccine,0.0,0.0,0.0,0.0
299,15-19,unvaccinated,232.0,9543.0,2.5,0.0
299,15-19,old_vaccine,0.0,0.0,0.0,0.0
299,15-19,new_vaccine,0.0,0.0,0.0,0.0
299,20-24,unvaccinated,723.5,10034.5,4.0,0.0
299,20-24,old_vaccine,0.0,0.0,0.0,0.0
299,20-24,new_vaccine,0.0,0.0,0.0,0.0
299,25-29,unvaccinated,1192.5,10816.5,4.5,0.0
299,25-29,old_vaccine,0.0,0.0,0.0,0.0
299,25-29,new_vaccine,0.0,0.0,0.0,0.0
299,30-34,unvaccinated,1255.5,10928.0,7.5,0.0
299,30-34,old_vaccine,0.0,0.0,0.0,0.0
299,30-34,new_vaccine,0.0,0.0,0.0,0.0
299,35-39,unvaccinated,1125.0,10874.5,13.5,0.0
299,35-39,old_vaccine,0.0,0.0,0.0,0.0
299,35-39,new_vaccine,0.0,0.0,0.0,0.0
299,40-44,unvaccinated,1144.0,10478.5,18.5,0.0
299,40-44,old_vaccine,0.0,0.0,0.0,0.0
299,40-44,new_vaccine,0.0,0.0,0.0,0.0
299,45-49,unvaccinated,1389.0,9832.0,37.0,0.0
299,45-49,old_vaccine,0.0,0.0,0.0,0.0
299,45-49,new_vaccine,0.0,0.0,0.0,0.0
299,50-54,unvaccinated,2415.5,9884.5,96.0,0.0
299,50-54,old_vaccine,0.0,0.0,0.0,0.0
299,50-54,new_vaccine,0.0,0.0,0.0,0.0
299,55-59,unvaccinated,3108.5,8970.0,139.0,0.0
299,55-59,old_vaccine,0.0,0.0,0.0,0.0
299,55-59,new_vaccine,0.0,0.0,0.0,0.0
299,60-64,unvaccinated,2994.5,7266.0,325.5,0.0
299,60-64,old_vaccine,0.0,0.0,0.0,0.0
299,60-64,new_vaccine,0.0,0.0,0.0,0.0
299,65-69,unvaccinated,4810.0,4214.5,574.5,0.0
299,65-69,old_vaccine,0.0,0.0,0.0,0.0
299,65-69,new_vaccine,0.0,0.0,0.0,0.0
299,70-74,unvaccinated,5519.0,3264.5,1176.0,0.0
299,70-74,old_vaccine,0.0,0.0,0.0,0.0
299,70-74,new_vaccine,0.0,0.0,0.0,0.0
299,75+,unvaccinated,10085.5,5030.0,3806.5,0.0
299,75+,old_vaccine,0.0,0.0,0.0,0.0
299,75+,new_vaccine,0.0,0.0,0.0,0.0
300,0-4,unvaccinated,677.0,9590.0,14.0,0.0
300,0-4,old_vaccine,0.0,0.0,0.0,0.0
300,0-4,new_vaccine,0.0,0.0,0.0,0.0
300,5-9,unvaccinated,179.5,10826.0,0.5,0.0
300,5-9,old_vaccine,0.0,0.0,0.0,0.0
300,5-9,new_vaccine,0.0,0.0,0.0,0.0
300,10-14,unvaccinated,240.0,10172.0,1.5,0.0
300,10-14,old_vaccine,0.0,0.0,0.0,0.0
300,10-14,new_vaccine,0.0,0.0,0.0,0.0
300,15-19,unvaccinated,232.0,9527.5,2.5,0.0
300,15-19,old_vaccine,0.0,0.0,0.0,0.0
300,15-19,new_vaccine,0.0,0.0,0.0,0.0
300,20-24,unvaccinated,724.5,10024.5,4.0,0.0
300,20-24,old_vaccine,0.0,0.0,0.0,0.0
300,20-24,new_vaccine,0.0,0.0,0.0,0.0
300,25-29,unvaccinated,1203.0,10809.5,4.5,0.0
300,25-29,old_vaccine,0.0,0.0,0.0,0.0
300,25-29,new_vaccine,0.0,0.0,0.0,0.0
300,30-34,unvaccinated,1251.5,10921.5,8.5,0.0
300,30-34,old_vaccine,0.0,0.0,0.0,0.0
300,30-34,new_vaccine,0.0,0.0,0.0,0.0
300,35-39,unvaccinated,1130.5,10869.5,13.0,0.0
300,35-39,old_vaccine,0.0,0.0,0.0,0.0
300,35-39,new_vaccine,0.0,0.0,0.0,0.0
300,40-44,unvaccinated,1147.0,10422.0,18.0,0.0
300,40-44,old_vaccine,0.0,0.0,0.0,0.0
300,40-44,new_vaccine,0.0,0.0,0.0,0.0
300,45-49,unvaccinated,1378.5,9843.0,37.5,0.0
300,45-49,old_vaccine,0.0,0.0,0.0,0.0
300,45-49,new_vaccine,0.0,0.0,0.0,0.0
300,50-54,unvaccinated,2407.5,9887.0,94.5,0.0
300,50-54,old_vaccine,0.0,0.0,0.0,0.0
300,50-54,new_vaccine,0.0,0.0,0.0,0.0
300,55-59,unvaccinated,3098.0,8988.0,138.0,0.0
300,55-59,old_vaccine,0.0,0.0,0.0,0.0
300,55-59,new_vaccine,0.0,0.0,0.0,0.0
300,60-64,unvaccinated,3016.0,7284.5,325.0,0.0
300,60-64,old_vaccine,0.0,0.0,0.0,0.0
300,60-64,new_vaccine,0.0,0.0,0.0,0.0
300,65-69,unvaccinated,4813.0,4231.0,577.0,0.0
300,65-69,old_vaccine,0.0,0.0,0.0,0.0
300,65-69,new_vaccine,0.0,0.0,0.0,0.0
300,70-74,unvaccinated,5535.5,3265.0,1178.5,0.0
300,70-74,old_vaccine,0.0,0.0,0.0,0.0
300,70-74,new_vaccine,0.0,0.0,0.0,0.0
300,75+,unvaccinated,10069.5,5028.0,3810.0,0.0
300,75+,old_vaccine,0.0,0.0,0.0,0.0
300,75+,new_vaccine,0.0,0.0,0.0,0.0
301,0-4,unvaccinated,674.5,9584.0,14.0,0.0
301,0-4,old_vaccine,0.0,0.0,0.0,0.0
301,0-4,new_vaccine,0.0,0.0,0.0,0.0
301,5-9,unvaccinated,178.5,10788.5,0.5,0.0
301,5-9,old_vaccine,0.0,0.0,0.0,0.0
301,5-9,new_vaccine,0.0,0.0,0.0,0.0
301,10-14,unvaccinated,242.0,10171.5,1.5,0.0
301,10-14,old_vaccine,0.0,0.0,0.0,0.0
301,10-14,new_vaccine,0.0,0.0,0.0,0.0
301,15-19,unvaccinated,229.0,9529.0,2.5,0.0
301,15-19,old_vaccine,0.0,0.0,0.0,0.0
301,15-19,new_vaccine,0.0,0.0,0.0,0.0
301,20-24,unvaccinated,729.0,10008.0,4.0,0.0
301,20-24,old_vaccine,0.0,0.0,0.0,0.0
301,20-24,new_vaccine,0.0,0.0,0.0,0.0
301,25-29,unvaccinated,1205.5,10791.5,4.5,0.0
301,25-29,old_vaccine,0.0,0.0,0.0,0.0
301,25-29,new_vaccine,0.0,0.0,0.0,0.0
301,30-34,unvaccinated,1256.0,10956.0,8.0,0.0
301,30-34,old_vaccine,0.0,0.0,0.0,0.0
301,30-34,new_vaccine,0.0,0.0,0.0,0.0
301,35-39,unvaccinated,1125.5,10875.5,12.5,0.0
301,35-39,old_vaccine,0.0,0.0,0.0,0.0
301,35-39,new_vaccine,0.0,0.0,0.0,0.0
301,40-44,unvaccinated,1146.5,10381.5,18.0,0.0
301,40-44,old_vaccine,0.0,0.0,0.0,0.0
301,40-44,new_vaccine,0.0,0.0,0.0,0.0
301,45-49,unvaccinated,1379.0,9821.5,37.0,0.0
301,45-49,old_vaccine,0.0,0.0,0.0,0.0
301,45-49,new_vaccine,0.0,0.0,0.0,0.0
301,50-54,unvaccinated,2415.5,9919.0,97.0,0.0
301,50-54,old_vaccine,0.0,0.0,0.0,0.0
301,50-54,new_vaccine,0.0,0.0,0.0,0.0
301,55-59,unvaccinated,3096.0,8978.0,138.0,0.0
301,55-59,old_vaccine,0.0,0.0,0.0,0.0
301,55-59,new_vaccine,0.0,0.0,0.0,0.0
301,60-64,unvaccinated,3039.5,7260.5,323.5,0.0
301,60-64,old_vaccine,0.0,0.0,0.0,0.0
301,60-64,new_vaccine,0.0,0.0,0.0,0.0
301,65-69,unvaccinated,4840.0,4232.5,579.5,0.0
301,65-69,old_vaccine,0.0,0.0,0.0,0.0
301,65-69,new_vaccine,0.0,0.0,0.0,0.0
301,70-74,unvaccinated,5521.5,3250.5,1177.0,0.0
301,70-74,old_vaccine,0.0,0.0,0.0,0.0
301,70-74,new_vaccine,0.0,0.0,0.0,0.0
301,75+,unvaccinated,10063.0,5030.0,3809.5,0.0
301,75+,old_vaccine,0.0,0.0,0.0,0.0
301,75+,new_vaccine,0.0,0.0,0.0,0.0
302,0-4,unvaccinated,679.5,9596.5,14.5,0.0
302,0-4,old_vaccine,0.0,0.0,0.0,0.0
302,0-4,new_vaccine,0.0,0.0,0.0,0.0
302,5-9,unvaccinated,179.0,10771.0,0.5,0.0
302,5-9,old_vaccine,0.0,0.0,0.0,0.0
302,5-9,new_vaccine,0.0,0.0,0.0,0.0
302,10-14,unvaccinated,244.0,10215.5,1.5,0.0
302,10-14,old_vaccine,0.0,0.0,0.0,0.0
302,10-14,new_vaccine,0.0,0.0,0.0,0.0
302,15-19,unvaccinated,229.5,9535.5,2.5,0.0
302,15-19,old_vaccine,0.0,0.0,0.0,0.0
302,15-19,new_vaccine,0.0,0.0,0.0,0.0
302,20-24,unvaccinated,731.5,9977.0,4.0,0.0
302,20-24,old_vaccine,0.0,0.0,0.0,0.0
302,20-24,new_vaccine,0.0,0.0,0.0,0.0
302,25-29,unvaccinated,1207.5,10783.5,4.5,0.0
302,25-29,old_vaccine,0.0,0.0,0.0,0.0
302,25-29,new_vaccine,0.0,0.0,0.0,0.0
302,30-34,unvaccinated,1257.5,10994.5,7.0,0.0
302,30-34,old_vaccine,0.0,0.0,0.0,0.0
302,30-34,new_vaccine,0.0,0.0,0.0,0.0
302,35-39,unvaccinated,1136.0,10884.5,13.0,0.0
302,35-39,old_vaccine,0.0,0.0,0.0,0.0
302,35-39,new_vaccine,0.0,0.0,0.0,0.0
302,40-44,unvaccinated,1148.5,10350.0,18.0,0.0
302,40-44,old_vaccine,0.0,0.0,0.0,0.0
302,40-44,new_vaccine,0.0,0.0,0.0,0.0
302,45-49,unvaccinated,1394.5,9839.0,37.5,0.0
302,45-49,old_vaccine,0.0,0.0,0.0,0.0
302,45-49,new_vaccine,0.0,0.0,0.0,0.0
302,50-54,unvaccinated,2401.5,9920.5,99.0,0.0
302,50-54,old_vaccine,0.0,0.0,0.0,0.0
302,50-54,new_vaccine,0.0,0.0,0.0,0.0
302,55-59,unvaccinated,3087.0,8984.0,138.0,0.0
302,55-59,old_vaccine,0.0,0.0,0.0,0.0
302,55-59,new_vaccine,0.0,0.0,0.0,0.0
302,60-64,unvaccinated,3048.5,7229.5,323.0,0.0
302,60-64,old_vaccine,0.0,0.0,0.0,0.0
302,60-64,new_vaccine,0.0,0.0,0.0,0.0
302,65-69,unvaccinated,4822.0,4233.5,581.0,0.0
302,65-69,old_vaccine,0.0,0.0,0.0,0.0
302,65-69,new_vaccine,0.0,0.0,0.0,0.0
302,70-74,unvaccinated,5506.5,3251.5,1175.5,0.0
302,70-74,old_vaccine,0.0,0.0,0.0,0.0
302,70-74,new_vaccine,0.0,0.0,0.0,0.0
302,75+,unvaccinated,10024.0,5043.5,3810.5,0.0
302,75+,old_vaccine,0.0,0.0,0.0,0.0
302,75+,new_vaccine,0.0,0.0,0.0,0.0
303,0-4,unvaccinated,685.5,9603.5,14.5,0.0
303,0-4,old_vaccine,0.0,0.0,0.0,0.0
303,0-4,new_vaccine,0.0,0.0,0.0,0.0
303,5-9,unvaccinated,179.5,10786.0,0.5,0.0
303,5-9,old_vaccine,0.0,0.0,0.0,0.0
303,5-9,new_vaccine,0.0,0.0,0.0,0.0
303,10-14,unvaccinated,242.0,10241.0,2.0,0.0
303,10-14,old_vaccine,0.0,0.0,0.0,0.0
303,10-14,new_vaccine,0.0,0.0,0.0,0.0
303,15-19,unvaccinated,234.5,9519.5,2.5,0.0
303,15-19,old_vaccine,0.0,0.0,0.0,0.0
303,15-19,new_vaccine,0.0,0.0,0.0,0.0
303,20-24,unvaccinated,722.0,9985.0,4.5,0.0
303,20-24,old_vaccine,0.0,0.0,0.0,0.0
303,20-24,new_vaccine,0.0,0.0,0.0,0.0
303,25-29,unvaccinated,1201.0,10786.5,4.5,0.0
303,25-29,old_vaccine,0.0,0.0,0.0,0.0
303,25-29,new_vaccine,0.0,0.0,0.0,0.0
303,30-34,unvaccinated,1256.5,10976.5,7.5,0.0
303,30-34,old_vaccine,0.0,0.0,0.0,0.0
303,30-34,new_vaccine,0.0,0.0,0.0,0.0
303,35-39,unvaccinated,1130.0,10900.0,13.5,0.0
303,35-39,old_vaccine,0.0,0.0,0.0,0.0
303,35-39,new_vaccine,0.0,0.0,0.0,0.0
303,40-44,unvaccinated,1143.5,10357.5,17.0,0.0
303,40-44,old_vaccine,0.0,0.0,0.0,0.0
303,40-44,new_vaccine,0.0,0.0,0.0,0.0
303,45-49,unvaccinated,1392.0,9821.5,38.0,0.0
303,45-49,old_vaccine,0.0,0.0,0.0,0.0
303,45-49,new_vaccine,0.0,0.0,0.0,0.0
303,50-54,unvaccinated,2411.0,9958.0,100.0,0.0
303,50-54,old_vaccine,0.0,0.0,0.0,0.0
303,50-54,new_vaccine,0.0,0.0,0.0,0.0
303,55-59,unvaccinated,3079.0,8950.5,138.0,0.0
303,55-59,old_vaccine,0.0,0.0,0.0,0.0
303,55-59,new_vaccine,0.0,0.0,0.0,0.0
303,60-64,unvaccinated,3052.5,7238.5,323.0,0.0
303,60-64,old_vaccine,0.0,0.0,0.0,0.0
303,60-64,new_vaccine,0.0,0.0,0.0,0.0
303,65-69,unvaccinated,4831.5,4247.5,584.5,0.0
303,65-69,old_vaccine,0.0,0.0,0.0,0.0
303,65-69,new_vaccine,0.0,0.0,0.0,0.0
303,70-74,unvaccinated,5510.5,3241.5,1175.5,0.0
303,70-74,old_vaccine,0.0,0.0,0.0,0.0
303,70-74,new_vaccine,0.0,0.0,0.0,0.0
303,75+,unvaccinated,10018.0,5054.5,3812.0,0.0
303,75+,old_vaccine,0.0,0.0,0.0,0.0
303,75+,new_vaccine,0.0,0.0,0.0,0.0
304,0-4,unvaccinated,678.5,9586.5,15.0,0.0
304,0-4,old_vaccine,0.0,0.0,0.0,0.0
304,0-4,new_vaccine,0.0,0.0,0.0,0.0
304,5-9,unvaccinated,183.0,10758.0,0.5,0.0
304,5-9,old_vaccine,0.0,0.0,0.0,0.0
304,5-9,new_vaccine,0.0,0.0,0.0,0.0
304,10-14,unvaccinated,241.0,10260.0,2.0,0.0
304,10-14,old_vaccine,0.0,0.0,0.0,0.0
304,10-14,new_vaccine,0.0,0.0,0.0,0.0
304,15-19,unvaccinated,229.0,9534.0,2.5,0.0
304,15-19,old_vaccine,0.0,0.0,0.0,0.0
304,15-19,new_vaccine,0.0,0.0,0.0,0.0
304,20-24,unvaccinated,716.5,9953.5,5.0,0.0
304,20-24,old_vaccine,0.0,0.0,0.0,0.0
304,20-24,new_vaccine,0.0,0.0,0.0,0.0
304,25-29,unvaccinated,1199.0,10814.0,4.5,0.0
304,25-29,old_vaccine,0.0,0.0,0.0,0.0
304,25-29,new_vaccine,0.0,0.0,0.0,0.0
304,30-34,unvaccinated,1234.5,10975.0,7.5,0.0
304,30-34,old_vaccine,0.0,0.0,0.0,0.0
304,30-34,new_vaccine,0.0,0.0,0.0,0.0
304,35-39,unvaccinated,1130.0,10903.5,13.0,0.0
304,35-39,old_vaccine,0.0,0.0,0.0,0.0
304,35-39,new_vaccine,0.0,0.0,0.0,0.0
304,40-44,unvaccinated,1141.5,10329.5,17.0,0.0
304,40-44,old_vaccine,0.0,0.0,0.0,0.0
304,40-44,new_vaccine,0.0,0.0,0.0,0.0
304,45-49,unvaccinated,1392.0,9832.0,38.0,0.0
304,45-49,old_vaccine,0.0,0.0,0.0,0.0
304,45-49,new_vaccine,0.0,0.0,0.0,0.0
304,50-54,unvaccinated,2410.0,9973.5,100.0,0.0
304,50-54,old_vaccine,0.0,0.0,0.0,0.0
304,50-54,new_vaccine,0.0,0.0,0.0,0.0
304,55-59,unvaccinated,3064.5,8933.5,140.0,0.0
304,55-59,old_vaccine,0.0,0.0,0.0,0.0
304,55-59,new_vaccine,0.0,0.0,0.0,0.0
304,60-64,unvaccinated,3058.5,7268.5,323.0,0.0
304,60-64,old_vaccine,0.0,0.0,0.0,0.0
304,60-64,new_vaccine,0.0,0.0,0.0,0.0
304,65-69,unvaccinated,4831.5,4248.0,581.0,0.0
304,65-69,old_vaccine,0.0,0.0,0.0,0.0
304,65-69,new_vaccine,0.0,0.0,0.0,0.0
304,70-74,unvaccinated,5515.0,3243.0,1176.5,0.0
304,70-74,old_vaccine,0.0,0.0,0.0,0.0
304,70-74,new_vaccine,0.0,0.0,0.0,0.0
304,75+,unvaccinated,10022.5,5075.0,3814.0,0.0
304,75+,old_vaccine,0.0,0.0,0.0,0.0
304,75+,new_vaccine,0.0,0.0,0.0,0.0
305,0-4,unvaccinated,676.5,9597.0,14.0,0.0
305,0-4,old_vaccine,0.0,0.0,0.0,0.0
305,0-4,new_vaccine,0.0,0.0,0.0,0.0
305,5-9,unvaccinated,178.5,10778.5,0.0,0.0
305,5-9,old_vaccine,0.0,0.0,0.0,0.0
305,5-9,new_vaccine,0.0,0.0,0.0,0.0
305,10-14,unvaccinated,231.5,10288.5,2.0,0.0
305,10-14,old_vaccine,0.0,0.0,0.0,0.0
305,10-14,new_vaccine,0.0,0.0,0.0,0.0
305,15-19,unvaccinated,229.0,9531.0,2.5,0.0
305,15-19,old_vaccine,0.0,0.0,0.0,0.0
305,15-19,new_vaccine,0.0,0.0,0.0,0.0
305,20-24,unvaccinated,713.0,9953.0,5.0,0.0
305,20-24,old_vaccine,0.0,0.0,0.0,0.0
305,20-24,new_vaccine,0.0,0.0,0.0,0.0
305,25-29,unvaccinated,1198.5,10829.0,4.0,0.0
305,25-29,old_vaccine,0.0,0.0,0.0,0.0
305,25-29,new_vaccine,0.0,0.0,0.0,0.0
305,30-34,unvaccinated,1233.5,11011.0,8.0,0.0
305,30-34,old_vaccine,0.0,0.0,0.0,0.0
305,30-34,new_vaccine,0.0,0.0,0.0,0.0
305,35-39,unvaccinated,1122.5,10902.5,13.0,0.0
305,35-39,old_vaccine,0.0,0.0,0.0,0.0
305,35-39,new_vaccine,0.0,0.0,0.0,0.0
305,40-44,unvaccinated,1137.0,10358.5,17.0,0.0
305,40-44,old_vaccine,0.0,0.0,0.0,0.0
305,40-44,new_vaccine,0.0,0.0,0.0,0.0
305,45-49,unvaccinated,1379.5,9841.5,38.5,0.0
305,45-49,old_vaccine,0.0,0.0,0.0,0.0
305,45-49,new_vaccine,0.0,0.0,0.0,0.0
305,50-54,unvaccinated,2422.5,9977.0,99.5,0.0
305,50-54,old_vaccine,0.0,0.0,0.0,0.0
305,50-54,new_vaccine,0.0,0.0,0.0,0.0
305,55-59,unvaccinated,3081.5,8914.5,140.0,0.0
305,55-59,old_vaccine,0.0,0.0,0.0,0.0
305,55-59,new_vaccine,0.0,0.0,0.0,0.0
305,60-64,unvaccinated,3045.5,7273.0,325.0,0.0
305,60-64,old_vaccine,0.0,0.0,0.0,0.0
305,60-64,new_vaccine,0.0,0.0,0.0,0.0
305,65-69,unvaccinated,4845.5,4238.0,584.5,0.0
305,65-69,old_vaccine,0.0,0.0,0.0,0.0
305,65-69,new_vaccine,0.0,0.0,0.0,0.0
305,70-74,unvaccinated,5527.5,3223.5,1180.5,0.0
305,70-74,old_vaccine,0.0,0.0,0.0,0.0
305,70-74,new_vaccine,0.0,0.0,0.0,0.0
305,75+,unvaccinated,10051.5,5079.5,3821.0,0.0
305,75+,old_vaccine,0.0,0.0,0.0,0.0
305,75+,new_vaccine,0.0,0.0,0.0,0.0
306,0-4,unvaccinated,680.5,9599.0,14.5,0.0
306,0-4,old_vaccine,0.0,0.0,0.0,0.0
306,0-4,new_vaccine,0.0,0.0,0.0,0.0
306,5-9,unvaccinated,179.5,10799.5,0.0,0.0
306,5-9,old_vaccine,0.0,0.0,0.0,0.0
306,5-9,new_vaccine,0.0,0.0,0.0,0.0
306,10-14,unvaccinated,235.5,10263.0,2.0,0.0
306,10-14,old_vaccine,0.0,0.0,0.0,0.0
306,10-14,new_vaccine,0.0,0.0,0.0,0.0
306,15-19,unvaccinated,230.5,9523.5,2.0,0.0
306,15-19,old_vaccine,0.0,0.0,0.0,0.0
306,15-19,new_vaccine,0.0,0.0,0.0,0.0
306,20-24,unvaccinated,709.5,9999.5,5.5,0.0
306,20-24,old_vaccine,0.0,0.0,0.0,0.0
306,20-24,new_vaccine,0.0,0.0,0.0,0.0
306,25-29,unvaccinated,1196.0,10845.0,4.0,0.0
306,25-29,old_vaccine,0.0,0.0,0.0,0.0
306,25-29,new_vaccine,0.0,0.0,0.0,0.0
306,30-34,unvaccinated,1239.0,11017.5,8.0,0.0
306,30-34,old_vaccine,0.0,0.0,0.0,0.0
306,30-34,new_vaccine,0.0,0.0,0.0,0.0
306,35-39,unvaccinated,1118.0,10921.5,14.0,0.0
306,35-39,old_vaccine,0.0,0.0,0.0,0.0
306,35-39,new_vaccine,0.0,0.0,0.0,0.0
306,40-44,unvaccinated,1140.5,10350.5,16.5,0.0
306,40-44,old_vaccine,0.0,0.0,0.0,0.0
306,40-44,new_vaccine,0.0,0.0,0.0,0.0
306,45-49,unvaccinated,1384.0,9867.0,38.5,0.0
306,45-49,old_vaccine,0.0,0.0,0.0,0.0
306,45-49,new_vaccine,0.0,0.0,0.0,0.0
306,50-54,unvaccinated,2411.0,9975.5,99.5,0.0
306,50-54,old_vaccine,0.0,0.0,0.0,0.0
306,50-54,new_vaccine,0.0,0.0,0.0,0.0
306,55-59,unvaccinated,3094.0,8900.0,140.5,0.0
306,55-59,old_vaccine,0.0,0.0,0.0,0.0
306,55-59,new_vaccine,0.0,0.0,0.0,0.0
306,60-64,unvaccinated,3032.0,7290.5,322.5,0.0
306,60-64,old_vaccine,0.0,0.0,0.0,0.0
306,60-64,new_vaccine,0.0,0.0,0.0,0.0
306,65-69,unvaccinated,4851.5,4248.0,585.0,0.0
306,65-69,old_vaccine,0.0,0.0,0.0,0.0
306,65-69,new_vaccine,0.0,0.0,0.0,0.0
306,70-74,unvaccinated,5510.5,3227.5,1181.0,0.0
306,70-74,old_vaccine,0.0,0.0,0.0,0.0
306,70-74,new_vaccine,0.0,0.0,0.0,0.0
306,75+,unvaccinated,10078.5,5075.0,3825.0,0.0
306,75+,old_vaccine,0.0,0.0,0.0,0.0
306,75+,new_vaccine,0.0,0.0,0.0,0.0
307,0-4,unvaccinated,683.0,9578.5,12.5,0.0
307,0-4,old_vaccine,0.0,0.0,0.0,0.0
307,0-4,new_vaccine,0.0,0.0,0.0,0.0
307,5-9,unvaccinated,181.0,10809.0,0.0,0.0
307,5-9,old_vaccine,0.0,0.0,0.0,0.0
307,5-9,new_vaccine,0.0,0.0,0.0,0.0
307,10-14,unvaccinated,237.5,10254.5,2.0,0.0
307,10-14,old_vaccine,0.0,0.0,0.0,0.0
307,10-14,new_vaccine,0.0,0.0,0.0,0.0
307,15-19,unvaccinated,236.0,9550.5,2.5,0.0
307,15-19,old_vaccine,0.0,0.0,0.0,0.0
307,15-19,new_vaccine,0.0,0.0,0.0,0.0
307,20-24,unvaccinated,722.0,10015.0,5.5,0.0
307,20-24,old_vaccine,0.0,0.0,0.0,0.0
307,20-24,new_vaccine,0.0,0.0,0.0,0.0
307,25-29,unvaccinated,1190.5,10810.0,4.0,0.0
307,25-29,old_vaccine,0.0,0.0,0.0,0.0
307,25-29,new_vaccine,0.0,0.0,0.0,0.0
307,30-34,unvaccinated,1232.5,11002.5,7.5,0.0
307,30-34,old_vaccine,0.0,0.0,0.0,0.0
307,30-34,new_vaccine,0.0,0.0,0.0,0.0
307,35-39,unvaccinated,1114.5,10927.5,14.0,0.0
307,35-39,old_vaccine,0.0,0.0,0.0,0.0
307,35-39,new_vaccine,0.0,0.0,0.0,0.0
307,40-44,unvaccinated,1138.5,10373.0,17.5,0.0
307,40-44,old_vaccine,0.0,0.0,0.0,0.0
307,40-44,new_vaccine,0.0,0.0,0.0,0.0
307,45-49,unvaccinated,1406.0,9863.5,37.5,0.0
307,45-49,old_vaccine,0.0,0.0,0.0,0.0
307,45-49,new_vaccine,0.0,0.0,0.0,0.0
307,50-54,unvaccinated,2406.0,9990.0,99.5,0.0
307,50-54,old_vaccine,0.0,0.0,0.0,0.0
307,50-54,new_vaccine,0.0,0.0,0.0,0.0
307,55-59,unvaccinated,3081.0,8874.0,143.0,0.0
307,55-59,old_vaccine,0.0,0.0,0.0,0.0
307,55-59,new_vaccine,0.0,0.0,0.0,0.0
307,60-64,unvaccinated,3020.0,7300.0,324.5,0.0
307,60-64,old_vaccine,0.0,0.0,0.0,0.0
307,60-64,new_vaccine,0.0,0.0,0.0,0.0
307,65-69,unvaccinated,4822.5,4237.5,586.5,0.0
307,65-69,old_vaccine,0.0,0.0,0.0,0.0
307,65-69,new_vaccine,0.0,0.0,0.0,0.0
307,70-74,unvaccinated,5510.5,3235.5,1184.5,0.0
307,70-74,old_vaccine,0.0,0.0,0.0,0.0
307,70-74,new_vaccine,0.0,0.0,0.0,0.0
307,75+,unvaccinated,10109.0,5071.5,3827.5,0.0
307,75+,old_vaccine,0.0,0.0,0.0,0.0
307,75+,new_vaccine,0.0,0.0,0.0,0.0
308,0-4,unvaccinated,692.0,9590.5,12.5,0.0
308,0-4,old_vaccine,0.0,0.0,0.0,0.0
308,0-4,new_vaccine,0.0,0.0,0.0,0.0
308,5-9,unvaccinated,176.5,10795.0,0.0,0.0
308,5-9,old_vaccine,0.0,0.0,0.0,0.0
308,5-9,new_vaccine,0.0,0.0,0.0,0.0
308,10-14,unvaccinated,240.0,10220.5,2.0,0.0
308,10-14,old_vaccine,0.0,0.0,0.0,0.0
308,10-14,new_vaccine,0.0,0.0,0.0,0.0
308,15-19,unvaccinated,233.5,9556.5,2.5,0.0
308,15-19,old_vaccine,0.0,0.0,0.0,0.0
308,15-19,new_vaccine,0.0,0.0,0.0,0.0
308,20-24,unvaccinated,722.0,10017.5,5.5,0.0
308,20-24,old_vaccine,0.0,0.0,0.0,0.0
308,20-24,new_vaccine,0.0,0.0,0.0,0.0
308,25-29,unvaccinated,1196.5,10817.0,4.0,0.0
308,25-29,old_vaccine,0.0,0.0,0.0,0.0
308,25-29,new_vaccine,0.0,0.0,0.0,0.0
308,30-34,unvaccinated,1227.0,10990.0,7.0,0.0
308,30-34,old_vaccine,0.0,0.0,0.0,0.0
308,30-34,new_vaccine,0.0,0.0,0.0,0.0
308,35-39,unvaccinated,1111.5,10918.0,13.5,0.0
308,35-39,old_vaccine,0.0,0.0,0.0,0.0
308,35-39,new_vaccine,0.0,0.0,0.0,0.0
308,40-44,unvaccinated,1140.0,10389.5,18.0,0.0
308,40-44,old_vaccine,0.0,0.0,0.0,0.0
308,40-44,new_vaccine,0.0,0.0,0.0,0.0
308,45-49,unvaccinated,1397.0,9835.0,37.5,0.0
308,45-49,old_vaccine,0.0,0.0,0.0,0.0
308,45-49,new_vaccine,0.0,0.0,0.0,0.0
308,50-54,unvaccinated,2395.5,9983.5,100.5,0.0
308,50-54,old_vaccine,0.0,0.0,0.0,0.0
308,50-54,new_vaccine,0.0,0.0,0.0,0.0
308,55-59,unvaccinated,3085.0,8873.5,143.0,0.0
308,55-59,old_vaccine,0.0,0.0,0.0,0.0
308,55-59,new_vaccine,0.0,0.0,0.0,0.0
308,60-64,unvaccinated,3004.0,7296.0,325.5,0.0
308,60-64,old_vaccine,0.0,0.0,0.0,0.0
308,60-64,new_vaccine,0.0,0.0,0.0,0.0
308,65-69,unvaccinated,4817.5,4213.0,585.0,0.0
308,65-69,old_vaccine,0.0,0.0,0.0,0.0
308,65-69,new_vaccine,0.0,0.0,0.0,0.0
308,70-74,unvaccinated,5522.5,3228.0,1185.0,0.0
308,70-74,old_vaccine,0.0,0.0,0.0,0.0
308,70-74,new_vaccine,0.0,0.0,0.0,0.0
308,75+,unvaccinated,10128.5,5074.0,3829.5,0.0
308,75+,old_vaccine,0.0,0.0,0.0,0.0
308,75+,new_vaccine,0.0,0.0,0.0,0.0
309,0-4,unvaccinated,693.0,9581.0,12.0,0.0
309,0-4,old_vaccine,0.0,0.0,0.0,0.0
309,0-4,new_vaccine,0.0,0.0,0.0,0.0
309,5-9,unvaccinated,175.5,10799.5,0.0,0.0
309,5-9,old_vaccine,0.0,0.0,0.0,0.0
309,5-9,new_vaccine,0.0,0.0,0.0,0.0
309,10-14,unvaccinated,237.5,10217.0,2.0,0.0
309,10-14,old_vaccine,0.0,0.0,0.0,0.0
309,10-14,new_vaccine,0.0,0.0,0.0,0.0
309,15-19,unvaccinated,227.5,9541.0,2.5,0.0
309,15-19,old_vaccine,0.0,0.0,0.0,0.0
309,15-19,new_vaccine,0.0,0.0,0.0,0.0
309,20-24,unvaccinated,718.5,10022.5,5.0,0.0
309,20-24,old_vaccine,0.0,0.0,0.0,0.0
309,20-24,new_vaccine,0.0,0.0,0.0,0.0
309,25-29,unvaccinated,1203.0,10808.0,4.5,0.0
309,25-29,old_vaccine,0.0,0.0,0.0,0.0
309,25-29,new_vaccine,0.0,0.0,0.0,0.0
309,30-34,unvaccinated,1227.0,10966.5,7.0,0.0
309,30-34,old_vaccine,0.0,0.0,0.0,0.0
309,30-34,new_vaccine,0.0,0.0,0.0,0.0
309,35-39,unvaccinated,1093.5,10899.5,13.5,0.0
309,35-39,old_vaccine,0.0,0.0,0.0,0.0
309,35-39,new_vaccine,0.0,0.0,0.0,0.0
309,40-44,unvaccinated,1145.5,10397.5,18.5,0.0
309,40-44,old_vaccine,0.0,0.0,0.0,0.0
309,40-44,new_vaccine,0.0,0.0,0.0,0.0
309,45-49,unvaccinated,1389.5,9823.5,39.0,0.0
309,45-49,old_vaccine,0.0,0.0,0.0,0.0
309,45-49,new_vaccine,0.0,0.0,0.0,0.0
309,50-54,unvaccinated,2405.5,9980.0,99.5,0.0
309,50-54,old_vaccine,0.0,0.0,0.0,0.0
309,50-54,new_vaccine,0.0,0.0,0.0,0.0
309,55-59,unvaccinated,3083.0,8904.0,142.0,0.0
309,55-59,old_vaccine,0.0,0.0,0.0,0.0
309,55-59,new_vaccine,0.0,0.0,0.0,0.0
309,60-64,unvaccinated,3001.5,7284.5,325.5,0.0
309,60-64,old_vaccine,0.0,0.0,0.0,0.0
309,60-64,new_vaccine,0.0,0.0,0.0,0.0
309,65-69,unvaccinated,4821.0,4215.5,586.0,0.0
309,65-69,old_vaccine,0.0,0.0,0.0,0.0
309,65-69,new_vaccine,0.0,0.0,0.0,0.0
309,70-74,unvaccinated,5555.0,3242.5,1184.5,0.0
309,70-74,old_vaccine,0.0,0.0,0.0,0.0
309,70-74,new_vaccine,0.0,0.0,0.0,0.0
309,75+,unvaccinated,10127.0,5060.0,3833.0,0.0
309,75+,old_vaccine,0.0,0.0,0.0,0.0
309,75+,new_vaccine,0.0,0.0,0.0,0.0
310,0-4,unvaccinated,688.5,9595.5,11.0,0.0
310,0-4,old_vaccine,0.0,0.0,0.0,0.0
310,0-4,new_vaccine,0.0,0.0,0.0,0.0
310,5-9,unvaccinated,172.5,10800.5,0.0,0.0
310,5-9,old_vaccine,0.0,0.0,0.0,0.0
310,5-9,new_vaccine,0.0,0.0,0.0,0.0
310,10-14,unvaccinated,239.5,10206.0,1.5,0.0
310,10-14,old_vaccine,0.0,0.0,0.0,0.0
310,10-14,new_vaccine,0.0,0.0,0.0,0.0
310,15-19,unvaccinated,222.0,9540.5,2.5,0.0
310,15-19,old_vaccine,0.0,0.0,0.0,0.0
310,15-19,new_vaccine,0.0,0.0,0.0,0.0
310,20-24,unvaccinated,723.5,10059.0,5.0,0.0
310,20-24,old_vaccine,0.0,0.0,0.0,0.0
310,20-24,new_vaccine,0.0,0.0,0.0,0.0
310,25-29,unvaccinated,1199.0,10792.0,5.0,0.0
310,25-29,old_vaccine,0.0,0.0,0.0,0.0
310,25-29,new_vaccine,0.0,0.0,0.0,0.0
310,30-34,unvaccinated,1216.0,10974.0,7.0,0.0
310,30-34,old_vaccine,0.0,0.0,0.0,0.0
310,30-34,new_vaccine,0.0,0.0,0.0,0.0
310,35-39,unvaccinated,1097.0,10881.5,13.5,0.0
310,35-39,old_vaccine,0.0,0.0,0.0,0.0
310,35-39,new_vaccine,0.0,0.0,0.0,0.0
310,40-44,unvaccinated,1149.5,10414.5,18.5,0.0
310,40-44,old_vaccine,0.0,0.0,0.0,0.0
310,40-44,new_vaccine,0.0,0.0,0.0,0.0
310,45-49,unvaccinated,1380.5,9840.0,38.5,0.0
310,45-49,old_vaccine,0.0,0.0,0.0,0.0
310,45-49,new_vaccine,0.0,0.0,0.0,0.0
310,50-54,unvaccinated,2398.5,9978.5,99.5,0.0
310,50-54,old_vaccine,0.0,0.0,0.0,0.0
310,50-54,new_vaccine,0.0,0.0,0.0,0.0
310,55-59,unvaccinated,3103.5,8915.0,140.5,0.0
310,55-59,old_vaccine,0.0,0.0,0.0,0.0
310,55-59,new_vaccine,0.0,0.0,0.0,0.0
310,60-64,unvaccinated,2981.5,7284.0,327.0,0.0
310,60-64,old_vaccine,0.0,0.0,0.0,0.0
310,60-64,new_vaccine,0.0,0.0,0.0,0.0
310,65-69,unvaccinated,4807.5,4235.5,583.5,0.0
310,65-69,old_vaccine,0.0,0.0,0.0,0.0
310,65-69,new_vaccine,0.0,0.0,0.0,0.0
310,70-74,unvaccinated,5550.0,3244.5,1185.0,0.0
310,70-74,old_vaccine,0.0,0.0,0.0,0.0
310,70-74,new_vaccine,0.0,0.0,0.0,0.0
310,75+,unvaccinated,10091.5,5045.5,3838.0,0.0
310,75+,old_vaccine,0.0,0.0,0.0,0.0
310,75+,new_vaccine,0.0,0.0,0.0,0.0
311,0-4,unvaccinated,689.5,9581.0,10.5,0.0
311,0-4,old_vaccine,0.0,0.0,0.0,0.0
311,0-4,new_vaccine,0.0,0.0,0.0,0.0
311,5-9,unvaccinated,172.0,10818.5,0.0,0.0
311,5-9,old_vaccine,0.0,0.0,0.0,0.0
311,5-9,new_vaccine,0.0,0.0,0.0,0.0
311,10-14,unvaccinated,238.5,10195.5,1.5,0.0
311,10-14,old_vaccine,0.0,0.0,0.0,0.0
311,10-14,new_vaccine,0.0,0.0,0.0,0.0
311,15-19,unvaccinated,223.5,9559.0,2.5,0.0
311,15-19,old_vaccine,0.0,0.0,0.0,0.0
311,15-19,new_vaccine,0.0,0.0,0.0,0.0
311,20-24,unvaccinated,725.5,10033.0,5.0,0.0
311,20-24,old_vaccine,0.0,0.0,0.0,0.0
311,20-24,new_vaccine,0.0,0.0,0.0,0.0
311,25-29,unvaccinated,1194.5,10762.0,5.0,0.0
311,25-29,old_vaccine,0.0,0.0,0.0,0.0
311,25-29,new_vaccine,0.0,0.0,0.0,0.0
311,30-34,unvaccinated,1221.0,10990.5,6.5,0.0
311,30-34,old_vaccine,0.0,0.0,0.0,0.0
311,30-34,new_vaccine,0.0,0.0,0.0,0.0
311,35-39,unvaccinated,1101.5,10900.0,14.0,0.0
311,35-39,old_vaccine,0.0,0.0,0.0,0.0
311,35-39,new_vaccine,0.0,0.0,0.0,0.0
311,40-44,unvaccinated,1149.5,10422.0,18.0,0.0
311,40-44,old_vaccine,0.0,0.0,0.0,0.0
311,40-44,new_vaccine,0.0,0.0,0.0,0.0
311,45-49,unvaccinated,1390.0,9861.0,38.5,0.0
311,45-49,old_vaccine,0.0,0.0,0.0,0.0
311,45-49,new_vaccine,0.0,0.0,0.0,0.0
311,50-54,unvaccinated,2393.5,9951.0,98.0,0.0
311,50-54,old_vaccine,0.0,0.0,0.0,0.0
311,50-54,new_vaccine,0.0,0.0,0.0,0.0
311,55-59,unvaccinated,3119.5,8927.0,140.5,0.0
311,55-59,old_vaccine,0.0,0.0,0.0,0.0
311,55-59,new_vaccine,0.0,0.0,0.0,0.0
311,60-64,unvaccinated,2986.0,7278.5,326.0,0.0
311,60-64,old_vaccine,0.0,0.0,0.0,0.0
311,60-64,new_vaccine,0.0,0.0,0.0,0.0
311,65-69,unvaccinated,4801.5,4220.0,580.5,0.0
311,65-69,old_vaccine,0.0,0.0,0.0,0.0
311,65-69,new_vaccine,0.0,0.0,0.0,0.0
311,70-74,unvaccinated,5543.5,3220.0,1187.0,0.0
311,70-74,old_vaccine,0.0,0.0,0.0,0.0
311,70-74,new_vaccine,0.0,0.0,0.0,0.0
311,75+,unvaccinated,10084.5,5052.0,3841.0,0.0
311,75+,old_vaccine,0.0,0.0,0.0,0.0
311,75+,new_vaccine,0.0,0.0,0.0,0.0
312,0-4,unvaccinated,697.5,9573.5,10.5,0.0
312,0-4,old_vaccine,0.0,0.0,0.0,0.0
312,0-4,new_vaccine,0.0,0.0,0.0,0.0
312,5-9,unvaccinated,169.5,10821.0,0.0,0.0
312,5-9,old_vaccine,0.0,0.0,0.0,0.0
312,5-9,new_vaccine,0.0,0.0,0.0,0.0
312,10-14,unvaccinated,240.5,10192.0,1.5,0.0
312,10-14,old_vaccine,0.0,0.0,0.0,0.0
312,10-14,new_vaccine,0.0,0.0,0.0,0.0
312,15-19,unvaccinated,220.5,9547.0,2.5,0.0
312,15-19,old_vaccine,0.0,0.0,0.0,0.0
312,15-19,new_vaccine,0.0,0.0,0.0,0.0
312,20-24,unvaccinated,721.0,10028.0,4.0,0.0
312,20-24,old_vaccine,0.0,0.0,0.0,0.0
312,20-24,new_vaccine,0.0,0.0,0.0,0.0
312,25-29,unvaccinated,1188.0,10799.5,6.0,0.0
312,25-29,old_vaccine,0.0,0.0,0.0,0.0
312,25-29,new_vaccine,0.0,0.0,0.0,0.0
312,30-34,unvaccinated,1228.0,10968.5,6.5,0.0
312,30-34,old_vaccine,0.0,0.0,0.0,0.0
312,30-34,new_vaccine,0.0,0.0,0.0,0.0
312,35-39,unvaccinated,1101.5,10903.0,14.0,0.0
312,35-39,old_vaccine,0.0,0.0,0.0,0.0
312,35-39,new_vaccine,0.0,0.0,0.0,0.0
312,40-44,unvaccinated,1153.0,10442.0,18.0,0.0
312,40-44,old_vaccine,0.0,0.0,0.0,0.0
312,40-44,new_vaccine,0.0,0.0,0.0,0.0
312,45-49,unvaccinated,1386.0,9862.0,39.5,0.0
312,45-49,old_vaccine,0.0,0.0,0.0,0.0
312,45-49,new_vaccine,0.0,0.0,0.0,0.0
312,50-54,unvaccinated,2398.0,9958.0,99.0,0.0
312,50-54,old_vaccine,0.0,0.0,0.0,0.0
312,50-54,new_vaccine,0.0,0.0,0.0,0.0
312,55-59,unvaccinated,3126.5,8927.0,140.0,0.0
312,55-59,old_vaccine,0.0,0.0,0.0,0.0
312,55-59,new_vaccine,0.0,0.0,0.0,0.0
312,60-64,unvaccinated,2990.5,7276.5,324.0,0.0
312,60-64,old_vaccine,0.0,0.0,0.0,0.0
312,60-64,new_vaccine,0.0,0.0,0.0,0.0
312,65-69,unvaccinated,4807.0,4238.0,580.5,0.0
312,65-69,old_vaccine,0.0,0.0,0.0,0.0
312,65-69,new_vaccine,0.0,0.0,0.0,0.0
312,70-74,unvaccinated,5537.5,3215.0,1192.5,0.0
312,70-74,old_vaccine,0.0,0.0,0.0,0.0
312,70-74,new_vaccine,0.0,0.0,0.0,0.0
312,75+,unvaccinated,10068.0,5050.5,3845.5,0.0
312,75+,old_vaccine,0.0,0.0,0.0,0.0
312,75+,new_vaccine,0.0,0.0,0.0,0.0
313,0-4,unvaccinated,694.0,9558.0,11.0,0.0
313,0-4,old_vaccine,0.0,0.0,0.0,0.0
313,0-4,new_vaccine,0.0,0.0,0.0,0.0
313,5-9,unvaccinated,169.5,10832.0,0.0,0.0
313,5-9,old_vaccine,0.0,0.0,0.0,0.0
313,5-9,new_vaccine,0.0,0.0,0.0,0.0
313,10-14,unvaccinated,237.0,10211.5,1.5,0.0
313,10-14,old_vaccine,0.0,0.0,0.0,0.0
313,10-14,new_vaccine,0.0,0.0,0.0,0.0
313,15-19,unvaccinated,216.5,9514.0,2.5,0.0
313,15-19,old_vaccine,0.0,0.0,0.0,0.0
313,15-19,new_vaccine,0.0,0.0,0.0,0.0
313,20-24,unvaccinated,730.0,9991.5,4.0,0.0
313,20-24,old_vaccine,0.0,0.0,0.0,0.0
313,20-24,new_vaccine,0.0,0.0,0.0,0.0
313,25-29,unvaccinated,1185.5,10822.0,6.0,0.0
313,25-29,old_vaccine,0.0,0.0,0.0,0.0
313,25-29,new_vaccine,0.0,0.0,0.0,0.0
313,30-34,unvaccinated,1231.0,10977.5,6.5,0.0
313,30-34,old_vaccine,0.0,0.0,0.0,0.0
313,30-34,new_vaccine,0.0,0.0,0.0,0.0
313,35-39,unvaccinated,1108.5,10912.0,14.0,0.0
313,35-39,old_vaccine,0.0,0.0,0.0,0.0
313,35-39,new_vaccine,0.0,0.0,0.0,0.0
313,40-44,unvaccinated,1151.0,10418.0,19.5,0.0
313,40-44,old_vaccine,0.0,0.0,0.0,0.0
313,40-44,new_vaccine,0.0,0.0,0.0,0.0
313,45-49,unvaccinated,1380.5,9887.0,39.5,0.0
313,45-49,old_vaccine,0.0,0.0,0.0,0.0
313,45-49,new_vaccine,0.0,0.0,0.0,0.0
313,50-54,unvaccinated,2394.0,9972.5,99.0,0.0
313,50-54,old_vaccine,0.0,0.0,0.0,0.0
313,50-54,new_vaccine,0.0,0.0,0.0,0.0
313,55-59,unvaccinated,3129.0,8947.0,141.5,0.0
313,55-59,old_vaccine,0.0,0.0,0.0,0.0
313,55-59,new_vaccine,0.0,0.0,0.0,0.0
313,60-64,unvaccinated,3007.0,7283.0,324.5,0.0
313,60-64,old_vaccine,0.0,0.0,0.0,0.0
313,60-64,new_vaccine,0.0,0.0,0.0,0.0
313,65-69,unvaccinated,4797.5,4247.5,578.0,0.0
313,65-69,old_vaccine,0.0,0.0,0.0,0.0
313,65-69,new_vaccine,0.0,0.0,0.0,0.0
313,70-74,unvaccinated,5545.5,3210.5,1192.0,0.0
313,70-74,old_vaccine,0.0,0.0,0.0,0.0
313,70-74,new_vaccine,0.0,0.0,0.0,0.0
313,75+,unvaccinated,10070.5,5042.0,3844.0,0.0
313,75+,old_vaccine,0.0,0.0,0.0,0.0
313,75+,new_vaccine,0.0,0.0,0.0,0.0
314,0-4,unvaccinated,689.0,9592.0,10.5,0.0
314,0-4,old_vaccine,0.0,0.0,0.0,0.0
314,0-4,new_vaccine,0.0,0.0,0.0,0.0
314,5-9,unvaccinated,170.5,10820.5,0.5,0.0
314,5-9,old_vaccine,0.0,0.0,0.0,0.0
314,5-9,new_vaccine,0.0,0.0,0.0,0.0
314,10-14,unvaccinated,233.0,10218.0,1.5,0.0
314,10-14,old_vaccine,0.0,0.0,0.0,0.0
314,10-14,new_vaccine,0.0,0.0,0.0,0.0
314,15-19,unvaccinated,218.5,9531.0,3.0,0.0
314,15-19,old_vaccine,0.0,0.0,0.0,0.0
314,15-19,new_vaccine,0.0,0.0,0.0,0.0
314,20-24,unvaccinated,726.5,9994.5,4.5,0.0
314,20-24,old_vaccine,0.0,0.0,0.0,0.0
314,20-24,new_vaccine,0.0,0.0,0.0,0.0
314,25-29,unvaccinated,1195.0,10800.0,6.5,0.0
314,25-29,old_vaccine,0.0,0.0,0.0,0.0
314,25-29,new_vaccine,0.0,0.0,0.0,0.0
314,30-34,unvaccinated,1225.0,10974.0,6.5,0.0
314,30-34,old_vaccine,0.0,0.0,0.0,0.0
314,30-34,new_vaccine,0.0,0.0,0.0,0.0
314,35-39,unvaccinated,1110.0,10927.5,16.0,0.0
314,35-39,old_vaccine,0.0,0.0,0.0,0.0
314,35-39,new_vaccine,0.0,0.0,0.0,0.0
314,40-44,unvaccinated,1141.0,10395.0,19.5,0.0
314,40-44,old_vaccine,0.0,0.0,0.0,0.0
314,40-44,new_vaccine,0.0,0.0,0.0,0.0
314,45-49,unvaccinated,1376.5,9843.0,39.0,0.0
314,45-49,old_vaccine,0.0,0.0,0.0,0.0
314,45-49,new_vaccine,0.0,0.0,0.0,0.0
314,50-54,unvaccinated,2395.5,9942.0,98.5,0.0
314,50-54,old_vaccine,0.0,0.0,0.0,0.0
314,50-54,new_vaccine,0.0,0.0,0.0,0.0
314,55-59,unvaccinated,3131.5,8971.0,141.0,0.0
314,55-59,old_vaccine,0.0,0.0,0.0,0.0
314,55-59,new_vaccine,0.0,0.0,0.0,0.0
314,60-64,unvaccinated,3004.5,7274.5,325.0,0.0
314,60-64,old_vaccine,0.0,0.0,0.0,0.0
314,60-64,new_vaccine,0.0,0.0,0.0,0.0
314,65-69,unvaccinated,4810.0,4249.5,579.5,0.0
314,65-69,old_vaccine,0.0,0.0,0.0,0.0
314,65-69,new_vaccine,0.0,0.0,0.0,0.0
314,70-74,unvaccinated,5554.5,3198.0,1194.0,0.0
314,70-74,old_vaccine,0.0,0.0,0.0,0.0
314,70-74,new_vaccine,0.0,0.0,0.0,0.0
314,75+,unvaccinated,10059.5,5048.0,3847.5,0.0
314,75+,old_vaccine,0.0,0.0,0.0,0.0
314,75+,new_vaccine,0.0,0.0,0.0,0.0
315,0-4,unvaccinated,684.5,9573.0,10.5,0.0
315,0-4,old_vaccine,0.0,0.0,0.0,0.0
315,0-4,new_vaccine,0.0,0.0,0.0,0.0
315,5-9,unvaccinated,171.5,10803.5,0.5,0.0
315,5-9,old_vaccine,0.0,0.0,0.0,0.0
315,5-9,new_vaccine,0.0,0.0,0.0,0.0
315,10-14,unvaccinated,232.5,10236.0,2.0,0.0
315,10-14,old_vaccine,0.0,0.0,0.0,0.0
315,10-14,new_vaccine,0.0,0.0,0.0,0.0
315,15-19,unvaccinated,218.5,9525.5,3.0,0.0
315,15-19,old_vaccine,0.0,0.0,0.0,0.0
315,15-19,new_vaccine,0.0,0.0,0.0,0.0
315,20-24,unvaccinated,722.0,9969.5,4.5,0.0
315,20-24,old_vaccine,0.0,0.0,0.0,0.0
315,20-24,new_vaccine,0.0,0.0,0.0,0.0
315,25-29,unvaccinated,1196.5,10792.0,6.5,0.0
315,25-29,old_vaccine,0.0,0.0,0.0,0.0
315,25-29,new_vaccine,0.0,0.0,0.0,0.0
315,30-34,unvaccinated,1226.5,10984.0,6.5,0.0
315,30-34,old_vaccine,0.0,0.0,0.0,0.0
315,30-34,new_vaccine,0.0,0.0,0.0,0.0
315,35-39,unvaccinated,1111.0,10941.0,15.5,0.0
315,35-39,old_vaccine,0.0,0.0,0.0,0.0
315,35-39,new_vaccine,0.0,0.0,0.0,0.0
315,40-44,unvaccinated,1147.0,10392.0,19.5,0.0
315,40-44,old_vaccine,0.0,0.0,0.0,0.0
315,40-44,new_vaccine,0.0,0.0,0.0,0.0
315,45-49,unvaccinated,1391.5,9844.0,39.0,0.0
315,45-49,old_vaccine,0.0,0.0,0.0,0.0
315,45-49,new_vaccine,0.0,0.0,0.0,0.0
315,50-54,unvaccinated,2413.0,9940.5,99.5,0.0
315,50-54,old_vaccine,0.0,0.0,0.0,0.0
315,50-54,new_vaccine,0.0,0.0,0.0,0.0
315,55-59,unvaccinated,3138.5,8997.0,142.5,0.0
315,55-59,old_vaccine,0.0,0.0,0.0,0.0
315,55-59,new_vaccine,0.0,0.0,0.0,0.0
315,60-64,unvaccinated,3015.0,7312.0,325.5,0.0
315,60-64,old_vaccine,0.0,0.0,0.0,0.0
315,60-64,new_vaccine,0.0,0.0,0.0,0.0
315,65-69,unvaccinated,4814.5,4242.5,580.5,0.0
315,65-69,old_vaccine,0.0,0.0,0.0,0.0
315,65-69,new_vaccine,0.0,0.0,0.0,0.0
315,70-74,unvaccinated,5565.5,3194.5,1193.0,0.0
315,70-74,old_vaccine,0.0,0.0,0.0,0.0
315,70-74,new_vaccine,0.0,0.0,0.0,0.0
315,75+,unvaccinated,10052.0,5041.5,3847.0,0.0
315,75+,old_vaccine,0.0,0.0,0.0,0.0
315,75+,new_vaccine,0.0,0.0,0.0,0.0
316,0-4,unvaccinated,679.5,9568.0,10.5,0.0
316,0-4,old_vaccine,0.0,0.0,0.0,0.0
316,0-4,new_vaccine,0.0,0.0,0.0,0.0
316,5-9,unvaccinated,171.0,10802.0,0.5,0.0
316,5-9,old_vaccine,0.0,0.0,0.0,0.0
316,5-9,new_vaccine,0.0,0.0,0.0,0.0
316,10-14,unvaccinated,231.5,10202.5,2.0,0.0
316,10-14,old_vaccine,0.0,0.0,0.0,0.0
316,10-14,new_vaccine,0.0,0.0,0.0,0.0
316,15-19,unvaccinated,218.0,9534.5,2.5,0.0
316,15-19,old_vaccine,0.0,0.0,0.0,0.0
316,15-19,new_vaccine,0.0,0.0,0.0,0.0
316,20-24,unvaccinated,726.5,9964.0,5.5,0.0
316,20-24,old_vaccine,0.0,0.0,0.0,0.0
316,20-24,new_vaccine,0.0,0.0,0.0,0.0
316,25-29,unvaccinated,1201.0,10810.0,6.0,0.0
316,25-29,old_vaccine,0.0,0.0,0.0,0.0
316,25-29,new_vaccine,0.0,0.0,0.0,0.0
316,30-34,unvaccinated,1226.5,10983.5,6.5,0.0
316,30-34,old_vaccine,0.0,0.0,0.0,0.0
316,30-34,new_vaccine,0.0,0.0,0.0,0.0
316,35-39,unvaccinated,1102.5,10906.0,15.0,0.0
316,35-39,old_vaccine,0.0,0.0,0.0,0.0
316,35-39,new_vaccine,0.0,0.0,0.0,0.0
316,40-44,unvaccinated,1140.5,10362.5,20.0,0.0
316,40-44,old_vaccine,0.0,0.0,0.0,0.0
316,40-44,new_vaccine,0.0,0.0,0.0,0.0
316,45-49,unvaccinated,1390.5,9847.5,38.0,0.0
316,45-49,old_vaccine,0.0,0.0,0.0,0.0
316,45-49,new_vaccine,0.0,0.0,0.0,0.0
316,50-54,unvaccinated,2422.0,9944.5,99.5,0.0
316,50-54,old_vaccine,0.0,0.0,0.0,0.0
316,50-54,new_vaccine,0.0,0.0,0.0,0.0
316,55-59,unvaccinated,3126.5,8981.0,142.5,0.0
316,55-59,old_vaccine,0.0,0.0,0.0,0.0
316,55-59,new_vaccine,0.0,0.0,0.0,0.0
316,60-64,unvaccinated,3009.5,7300.5,325.5,0.0
316,60-64,old_vaccine,0.0,0.0,0.0,0.0
316,60-64,new_vaccine,0.0,0.0,0.0,0.0
316,65-69,unvaccinated,4832.5,4236.0,581.0,0.0
316,65-69,old_vaccine,0.0,0.0,0.0,0.0
316,65-69,new_vaccine,0.0,0.0,0.0,0.0
316,70-74,unvaccinated,5586.0,3197.0,1191.0,0.0
316,70-74,old_vaccine,0.0,0.0,0.0,0.0
316,70-74,new_vaccine,0.0,0.0,0.0,0.0
316,75+,unvaccinated,10045.0,5041.5,3849.0,0.0
316,75+,old_vaccine,0.0,0.0,0.0,0.0
316,75+,new_vaccine,0.0,0.0,0.0,0.0
317,0-4,unvaccinated,678.0,9568.5,11.0,0.0
317,0-4,old_vaccine,0.0,0.0,0.0,0.0
317,0-4,new_vaccine,0.0,0.0,0.0,0.0
317,5-9,unvaccinated,174.5,10774.0,0.5,0.0
317,5-9,old_vaccine,0.0,0.0,0.0,0.0
317,5-9,new_vaccine,0.0,0.0,0.0,0.0
317,10-14,unvaccinated,234.0,10215.5,2.0,0.0
317,10-14,old_vaccine,0.0,0.0,0.0,0.0
317,10-14,new_vaccine,0.0,0.0,0.0,0.0
317,15-19,unvaccinated,226.0,9540.5,2.5,0.0
317,15-19,old_vaccine,0.0,0.0,0.0,0.0
317,15-19,new_vaccine,0.0,0.0,0.0,0.0
317,20-24,unvaccinated,723.0,9968.0,6.0,0.0
317,20-24,old_vaccine,0.0,0.0,0.0,0.0
317,20-24,new_vaccine,0.0,0.0,0.0,0.0
317,25-29,unvaccinated,1195.0,10852.5,6.5,0.0
317,25-29,old_vaccine,0.0,0.0,0.0,0.0
317,25-29,new_vaccine,0.0,0.0,0.0,0.0
317,30-34,unvaccinated,1232.0,10978.5,6.5,0.0
317,30-34,old_vaccine,0.0,0.0,0.0,0.0
317,30-34,new_vaccine,0.0,0.0,0.0,0.0
317,35-39,unvaccinated,1113.0,10899.5,14.5,0.0
317,35-39,old_vaccine,0.0,0.0,0.0,0.0
317,35-39,new_vaccine,0.0,0.0,0.0,0.0
317,40-44,unvaccinated,1142.5,10359.5,21.5,0.0
317,40-44,old_vaccine,0.0,0.0,0.0,0.0
317,40-44,new_vaccine,0.0,0.0,0.0,0.0
317,45-49,unvaccinated,1389.0,9829.0,38.5,0.0
317,45-49,old_vaccine,0.0,0.0,0.0,0.0
317,45-49,new_vaccine,0.0,0.0,0.0,0.0
317,50-54,unvaccinated,2417.5,9957.5,98.0,0.0
317,50-54,old_vaccine,0.0,0.0,0.0,0.0
317,50-54,new_vaccine,0.0,0.0,0.0,0.0
317,55-59,unvaccinated,3113.5,8948.0,143.0,0.0
317,55-59,old_vaccine,0.0,0.0,0.0,0.0
317,55-59,new_vaccine,0.0,0.0,0.0,0.0
317,60-64,unvaccinated,3014.0,7326.5,324.5,0.0
317,60-64,old_vaccine,0.0,0.0,0.0,0.0
317,60-64,new_vaccine,0.0,0.0,0.0,0.0
317,65-69,unvaccinated,4855.0,4234.0,581.5,0.0
317,65-69,old_vaccine,0.0,0.0,0.0,0.0
317,65-69,new_vaccine,0.0,0.0,0.0,0.0
317,70-74,unvaccinated,5574.5,3196.5,1191.5,0.0
317,70-74,old_vaccine,0.0,0.0,0.0,0.0
317,70-74,new_vaccine,0.0,0.0,0.0,0.0
317,75+,unvaccinated,10071.0,5047.0,3852.0,0.0
317,75+,old_vaccine,0.0,0.0,0.0,0.0
317,75+,new_vaccine,0.0,0.0,0.0,0.0
318,0-4,unvaccinated,671.5,9598.0,11.0,0.0
318,0-4,old_vaccine,0.0,0.0,0.0,0.0
318,0-4,new_vaccine,0.0,0.0,0.0,0.0
318,5-9,unvaccinated,172.5,10784.0,0.5,0.0
318,5-9,old_vaccine,0.0,0.0,0.0,0.0
318,5-9,new_vaccine,0.0,0.0,0.0,0.0
318,10-14,unvaccinated,235.0,10254.0,2.0,0.0
318,10-14,old_vaccine,0.0,0.0,0.0,0.0
318,10-14,new_vaccine,0.0,0.0,0.0,0.0
318,15-19,unvaccinated,233.0,9547.5,2.5,0.0
318,15-19,old_vaccine,0.0,0.0,0.0,0.0
318,15-19,new_vaccine,0.0,0.0,0.0,0.0
318,20-24,unvaccinated,711.0,9986.5,6.0,0.0
318,20-24,old_vaccine,0.0,0.0,0.0,0.0
318,20-24,new_vaccine,0.0,0.0,0.0,0.0
318,25-29,unvaccinated,1191.0,10828.5,6.0,0.0
318,25-29,old_vaccine,0.0,0.0,0.0,0.0
318,25-29,new_vaccine,0.0,0.0,0.0,0.0
318,30-34,unvaccinated,1239.0,10969.0,7.0,0.0
318,30-34,old_vaccine,0.0,0.0,0.0,0.0
318,30-34,new_vaccine,0.0,0.0,0.0,0.0
318,35-39,unvaccinated,1110.5,10900.0,13.5,0.0
318,35-39,old_vaccine,0.0,0.0,0.0,0.0
318,35-39,new_vaccine,0.0,0.0,0.0,0.0
318,40-44,unvaccinated,1147.0,10332.0,22.0,0.0
318,40-44,old_vaccine,0.0,0.0,0.0,0.0
318,40-44,new_vaccine,0.0,0.0,0.0,0.0
318,45-49,unvaccinated,1387.0,9825.5,38.5,0.0
318,45-49,old_vaccine,0.0,0.0,0.0,0.0
318,45-49,new_vaccine,0.0,0.0,0.0,0.0
318,50-54,unvaccinated,2408.0,9953.0,99.0,0.0
318,50-54,old_vaccine,0.0,0.0,0.0,0.0
318,50-54,new_vaccine,0.0,0.0,0.0,0.0
318,55-59,unvaccinated,3106.5,8910.5,144.0,0.0
318,55-59,old_vaccine,0.0,0.0,0.0,0.0
318,55-59,new_vaccine,0.0,0.0,0.0,0.0
318,60-64,unvaccinated,3012.5,7328.5,325.5,0.0
318,60-64,old_vaccine,0.0,0.0,0.0,0.0
318,60-64,new_vaccine,0.0,0.0,0.0,0.0
318,65-69,unvaccinated,4853.5,4225.0,582.5,0.0
318,65-69,old_vaccine,0.0,0.0,0.0,0.0
318,65-69,new_vaccine,0.0,0.0,0.0,0.0
318,70-74,unvaccinated,5571.0,3205.5,1194.5,0.0
318,70-74,old_vaccine,0.0,0.0,0.0,0.0
318,70-74,new_vaccine,0.0,0.0,0.0,0.0
318,75+,unvaccinated,10103.0,5043.0,3858.5,0.0
318,75+,old_vaccine,0.0,0.0,0.0,0.0
318,75+,new_vaccine,0.0,0.0,0.0,0.0
319,0-4,unvaccinated,666.0,9603.0,11.0,0.0
319,0-4,old_vaccine,0.0,0.0,0.0,0.0
319,0-4,new_vaccine,0.0,0.0,0.0,0.0
319,5-9,unvaccinated,167.5,10823.0,0.0,0.0
319,5-9,old_vaccine,0.0,0.0,0.0,0.0
319,5-9,new_vaccine,0.0,0.0,0.0,0.0
319,10-14,unvaccinated,235.5,10241.5,2.0,0.0
319,10-14,old_vaccine,0.0,0.0,0.0,0.0
319,10-14,new_vaccine,0.0,0.0,0.0,0.0
319,15-19,unvaccinated,233.0,9541.0,2.5,0.0
319,15-19,old_vaccine,0.0,0.0,0.0,0.0
319,15-19,new_vaccine,0.0,0.0,0.0,0.0
319,20-24,unvaccinated,700.5,9984.5,6.0,0.0
319,20-24,old_vaccine,0.0,0.0,0.0,0.0
319,20-24,new_vaccine,0.0,0.0,0.0,0.0
319,25-29,unvaccinated,1201.5,10815.0,5.5,0.0
319,25-29,old_vaccine,0.0,0.0,0.0,0.0
319,25-29,new_vaccine,0.0,0.0,0.0,0.0
319,30-34,unvaccinated,1248.5,10993.0,7.0,0.0
319,30-34,old_vaccine,0.0,0.0,0.0,0.0
319,30-34,new_vaccine,0.0,0.0,0.0,0.0
319,35-39,unvaccinated,1104.0,10880.5,13.0,0.0
319,35-39,old_vaccine,0.0,0.0,0.0,0.0
319,35-39,new_vaccine,0.0,0.0,0.0,0.0
319,40-44,unvaccinated,1145.0,10363.5,21.0,0.0
319,40-44,old_vaccine,0.0,0.0,0.0,0.0
319,40-44,new_vaccine,0.0,0.0,0.0,0.0
319,45-49,unvaccinated,1386.0,9844.0,37.5,0.0
319,45-49,old_vaccine,0.0,0.0,0.0,0.0
319,45-49,new_vaccine,0.0,0.0,0.0,0.0
319,50-54,unvaccinated,2411.0,9985.5,100.0,0.0
319,50-54,old_vaccine,0.0,0.0,0.0,0.0
319,50-54,new_vaccine,0.0,0.0,0.0,0.0
319,55-59,unvaccinated,3093.5,8897.0,145.0,0.0
319,55-59,old_vaccine,0.0,0.0,0.0,0.0
319,55-59,new_vaccine,0.0,0.0,0.0,0.0
319,60-64,unvaccinated,3008.5,7295.5,327.5,0.0
319,60-64,old_vaccine,0.0,0.0,0.0,0.0
319,60-64,new_vaccine,0.0,0.0,0.0,0.0
319,65-69,unvaccinated,4858.0,4226.0,582.5,0.0
319,65-69,old_vaccine,0.0,0.0,0.0,0.0
319,65-69,new_vaccine,0.0,0.0,0.0,0.0
319,70-74,unvaccinated,5588.5,3187.0,1193.0,0.0
319,70-74,old_vaccine,0.0,0.0,0.0,0.0
319,70-74,new_vaccine,0.0,0.0,0.0,0.0
319,75+,unvaccinated,10115.0,5044.0,3862.0,0.0
319,75+,old_vaccine,0.0,0.0,0.0,0.0
319,75+,new_vaccine,0.0,0.0,0.0,0.0
320,0-4,unvaccinated,661.5,9613.0,10.5,0.0
320,0-4,old_vaccine,0.0,0.0,0.0,0.0
320,0-4,new_vaccine,0.0,0.0,0.0,0.0
320,5-9,unvaccinated,171.5,10804.0,0.0,0.0
320,5-9,old_vaccine,0.0,0.0,0.0,0.0
320,5-9,new_vaccine,0.0,0.0,0.0,0.0
320,10-14,unvaccinated,231.0,10223.5,2.0,0.0
320,10-14,old_vaccine,0.0,0.0,0.0,0.0
320,10-14,new_vaccine,0.0,0.0,0.0,0.0
320,15-19,unvaccinated,229.5,9565.5,2.0,0.0
320,15-19,old_vaccine,0.0,0.0,0.0,0.0
320,15-19,new_vaccine,0.0,0.0,0.0,0.0
320,20-24,unvaccinated,704.0,10032.0,6.0,0.0
320,20-24,old_vaccine,0.0,0.0,0.0,0.0
320,20-24,new_vaccine,0.0,0.0,0.0,0.0
320,25-29,unvaccinated,1193.0,10816.0,4.5,0.0
320,25-29,old_vaccine,0.0,0.0,0.0,0.0
320,25-29,new_vaccine,0.0,0.0,0.0,0.0
320,30-34,unvaccinated,1240.0,11003.5,7.0,0.0
320,30-34,old_vaccine,0.0,0.0,0.0,0.0
320,30-34,new_vaccine,0.0,0.0,0.0,0.0
320,35-39,unvaccinated,1095.0,10885.0,13.0,0.0
320,35-39,old_vaccine,0.0,0.0,0.0,0.0
320,35-39,new_vaccine,0.0,0.0,0.0,0.0
320,40-44,unvaccinated,1133.0,10360.0,20.5,0.0
320,40-44,old_vaccine,0.0,0.0,0.0,0.0
320,40-44,new_vaccine,0.0,0.0,0.0,0.0
320,45-49,unvaccinated,1377.5,9843.0,38.0,0.0
320,45-49,old_vaccine,0.0,0.0,0.0,0.0
320,45-49,new_vaccine,0.0,0.0,0.0,0.0
320,50-54,unvaccinated,2409.0,9994.5,101.0,0.0
320,50-54,old_vaccine,0.0,0.0,0.0,0.0
320,50-54,new_vaccine,0.0,0.0,0.0,0.0
320,55-59,unvaccinated,3094.5,8883.0,145.5,0.0
320,55-59,old_vaccine,0.0,0.0,0.0,0.0
320,55-59,new_vaccine,0.0,0.0,0.0,0.0
320,60-64,unvaccinated,3003.0,7270.0,327.5,0.0
320,60-64,old_vaccine,0.0,0.0,0.0,0.0
320,60-64,new_vaccine,0.0,0.0,0.0,0.0
320,65-69,unvaccinated,4870.5,4225.5,584.5,0.0
320,65-69,old_vaccine,0.0,0.0,0.0,0.0
320,65-69,new_vaccine,0.0,0.0,0.0,0.0
320,70-74,unvaccinated,5558.0,3197.5,1191.0,0.0
320,70-74,old_vaccine,0.0,0.0,0.0,0.0
320,70-74,new_vaccine,0.0,0.0,0.0,0.0
320,75+,unvaccinated,10134.0,5031.5,3864.0,0.0
320,75+,old_vaccine,0.0,0.0,0.0,0.0
320,75+,new_vaccine,0.0,0.0,0.0,0.0
321,0-4,unvaccinated,662.5,9649.0,11.0,0.0
321,0-4,old_vaccine,0.0,0.0,0.0,0.0
321,0-4,new_vaccine,0.0,0.0,0.0,0.0
321,5-9,unvaccinated,173.0,10823.5,0.0,0.0
321,5-9,old_vaccine,0.0,0.0,0.0,0.0
321,5-9,new_vaccine,0.0,0.0,0.0,0.0
321,10-14,unvaccinated,234.0,10224.5,2.0,0.0
321,10-14,old_vaccine,0.0,0.0,0.0,0.0
321,10-14,new_vaccine,0.0,0.0,0.0,0.0
321,15-19,unvaccinated,233.5,9528.0,2.0,0.0
321,15-19,old_vaccine,0.0,0.0,0.0,0.0
321,15-19,new_vaccine,0.0,0.0,0.0,0.0
321,20-24,unvaccinated,716.5,10018.5,6.0,0.0
321,20-24,old_vaccine,0.0,0.0,0.0,0.0
321,20-24,new_vaccine,0.0,0.0,0.0,0.0
321,25-29,unvaccinated,1197.0,10823.5,4.5,0.0
321,25-29,old_vaccine,0.0,0.0,0.0,0.0
321,25-29,new_vaccine,0.0,0.0,0.0,0.0
321,30-34,unvaccinated,1235.0,10980.0,7.5,0.0
321,30-34,old_vaccine,0.0,0.0,0.0,0.0
321,30-34,new_vaccine,0.0,0.0,0.0,0.0
321,35-39,unvaccinated,1105.5,10898.0,13.5,0.0
321,35-39,old_vaccine,0.0,0.0,0.0,0.0
321,35-39,new_vaccine,0.0,0.0,0.0,0.0
321,40-44,unvaccinated,1140.0,10369.5,20.0,0.0
321,40-44,old_vaccine,0.0,0.0,0.0,0.0
321,40-44,new_vaccine,0.0,0.0,0.0,0.0
321,45-49,unvaccinated,1372.5,9860.0,39.0,0.0
321,45-49,old_vaccine,0.0,0.0,0.0,0.0
321,45-49,new_vaccine,0.0,0.0,0.0,0.0
321,50-54,unvaccinated,2395.0,9970.5,101.5,0.0
321,50-54,old_vaccine,0.0,0.0,0.0,0.0
321,50-54,new_vaccine,0.0,0.0,0.0,0.0
321,55-59,unvaccinated,3084.0,8877.0,145.5,0.0
321,55-59,old_vaccine,0.0,0.0,0.0,0.0
321,55-59,new_vaccine,0.0,0.0,0.0,0.0
321,60-64,unvaccinated,3017.5,7270.5,328.0,0.0
321,60-64,old_vaccine,0.0,0.0,0.0,0.0
321,60-64,new_vaccine,0.0,0.0,0.0,0.0
321,65-69,unvaccinated,4859.0,4211.0,583.5,0.0
321,65-69,old_vaccine,0.0,0.0,0.0,0.0
321,65-69,new_vaccine,0.0,0.0,0.0,0.0
321,70-74,unvaccinated,5579.5,3206.5,1193.0,0.0
321,70-74,old_vaccine,0.0,0.0,0.0,0.0
321,70-74,new_vaccine,0.0,0.0,0.0,0.0
321,75+,unvaccinated,10118.0,5038.5,3864.0,0.0
321,75+,old_vaccine,0.0,0.0,0.0,0.0
321,75+,new_vaccine,0.0,0.0,0.0,0.0
322,0-4,unvaccinated,666.0,9635.0,10.5,0.0
322,0-4,old_vaccine,0.0,0.0,0.0,0.0
322,0-4,new_vaccine,0.0,0.0,0.0,0.0
322,5-9,unvaccinated,167.5,10838.5,0.0,0.0
322,5-9,old_vaccine,0.0,0.0,0.0,0.0
322,5-9,new_vaccine,0.0,0.0,0.0,0.0
322,10-14,unvaccinated,233.5,10206.5,2.0,0.0
322,10-14,old_vaccine,0.0,0.0,0.0,0.0
322,10-14,new_vaccine,0.0,0.0,0.0,0.0
322,15-19,unvaccinated,235.0,9555.5,2.0,0.0
322,15-19,old_vaccine,0.0,0.0,0.0,0.0
322,15-19,new_vaccine,0.0,0.0,0.0,0.0
322,20-24,unvaccinated,721.0,9999.5,4.5,0.0
322,20-24,old_vaccine,0.0,0.0,0.0,0.0
322,20-24,new_vaccine,0.0,0.0,0.0,0.0
322,25-29,unvaccinated,1189.5,10812.0,5.0,0.0
322,25-29,old_vaccine,0.0,0.0,0.0,0.0
322,25-29,new_vaccine,0.0,0.0,0.0,0.0
322,30-34,unvaccinated,1244.5,10967.0,7.5,0.0
322,30-34,old_vaccine,0.0,0.0,0.0,0.0
322,30-34,new_vaccine,0.0,0.0,0.0,0.0
322,35-39,unvaccinated,1106.0,10915.0,14.5,0.0
322,35-39,old_vaccine,0.0,0.0,0.0,0.0
322,35-39,new_vaccine,0.0,0.0,0.0,0.0
322,40-44,unvaccinated,1140.0,10356.0,19.0,0.0
322,40-44,old_vaccine,0.0,0.0,0.0,0.0
322,40-44,new_vaccine,0.0,0.0,0.0,0.0
322,45-49,unvaccinated,1369.0,9892.0,40.0,0.0
322,45-49,old_vaccine,0.0,0.0,0.0,0.0
322,45-49,new_vaccine,0.0,0.0,0.0,0.0
322,50-54,unvaccinated,2381.5,9972.5,101.0,0.0
322,50-54,old_vaccine,0.0,0.0,0.0,0.0
322,50-54,new_vaccine,0.0,0.0,0.0,0.0
322,55-59,unvaccinated,3087.0,8867.5,145.5,0.0
322,55-59,old_vaccine,0.0,0.0,0.0,0.0
322,55-59,new_vaccine,0.0,0.0,0.0,0.0
322,60-64,unvaccinated,3008.0,7272.5,325.5,0.0
322,60-64,old_vaccine,0.0,0.0,0.0,0.0
322,60-64,new_vaccine,0.0,0.0,0.0,0.0
322,65-69,unvaccinated,4839.5,4212.5,581.5,0.0
322,65-69,old_vaccine,0.0,0.0,0.0,0.0
322,65-69,new_vaccine,0.0,0.0,0.0,0.0
322,70-74,unvaccinated,5553.0,3207.5,1196.5,0.0
322,70-74,old_vaccine,0.0,0.0,0.0,0.0
322,70-74,new_vaccine,0.0,0.0,0.0,0.0
322,75+,unvaccinated,10107.5,5048.0,3866.5,0.0
322,75+,old_vaccine,0.0,0.0,0.0,0.0
322,75+,new_vaccine,0.0,0.0,0.0,0.0
323,0-4,unvaccinated,663.0,9639.5,10.5,0.0
323,0-4,old_vaccine,0.0,0.0,0.0,0.0
323,0-4,new_vaccine,0.0,0.0,0.0,0.0
323,5-9,unvaccinated,163.0,10856.0,0.0,0.0
323,5-9,old_vaccine,0.0,0.0,0.0,0.0
323,5-9,new_vaccine,0.0,0.0,0.0,0.0
323,10-14,unvaccinated,239.5,10225.0,2.0,0.0
323,10-14,old_vaccine,0.0,0.0,0.0,0.0
323,10-14,new_vaccine,0.0,0.0,0.0,0.0
323,15-19,unvaccinated,231.0,9534.5,2.0,0.0
323,15-19,old_vaccine,0.0,0.0,0.0,0.0
323,15-19,new_vaccine,0.0,0.0,0.0,0.0
323,20-24,unvaccinated,722.0,9981.5,4.5,0.0
323,20-24,old_vaccine,0.0,0.0,0.0,0.0
323,20-24,new_vaccine,0.0,0.0,0.0,0.0
323,25-29,unvaccinated,1192.5,10784.5,5.0,0.0
323,25-29,old_vaccine,0.0,0.0,0.0,0.0
323,25-29,new_vaccine,0.0,0.0,0.0,0.0
323,30-34,unvaccinated,1243.0,10977.0,8.0,0.0
323,30-34,old_vaccine,0.0,0.0,0.0,0.0
323,30-34,new_vaccine,0.0,0.0,0.0,0.0
323,35-39,unvaccinated,1105.0,10928.5,14.5,0.0
323,35-39,old_vaccine,0.0,0.0,0.0,0.0
323,35-39,new_vaccine,0.0,0.0,0.0,0.0
323,40-44,unvaccinated,1144.0,10379.5,19.5,0.0
323,40-44,old_vaccine,0.0,0.0,0.0,0.0
323,40-44,new_vaccine,0.0,0.0,0.0,0.0
323,45-49,unvaccinated,1357.5,9860.0,41.0,0.0
323,45-49,old_vaccine,0.0,0.0,0.0,0.0
323,45-49,new_vaccine,0.0,0.0,0.0,0.0
323,50-54,unvaccinated,2384.5,9968.0,101.0,0.0
323,50-54,old_vaccine,0.0,0.0,0.0,0.0
323,50-54,new_vaccine,0.0,0.0,0.0,0.0
323,55-59,unvaccinated,3100.0,8890.5,146.0,0.0
323,55-59,old_vaccine,0.0,0.0,0.0,0.0
323,55-59,new_vaccine,0.0,0.0,0.0,0.0
323,60-64,unvaccinated,3015.5,7279.5,326.5,0.0
323,60-64,old_vaccine,0.0,0.0,0.0,0.0
323,60-64,new_vaccine,0.0,0.0,0.0,0.0
323,65-69,unvaccinated,4834.0,4226.0,580.5,0.0
323,65-69,old_vaccine,0.0,0.0,0.0,0.0
323,65-69,new_vaccine,0.0,0.0,0.0,0.0
323,70-74,unvaccinated,5534.5,3211.0,1194.5,0.0
323,70-74,old_vaccine,0.0,0.0,0.0,0.0
323,70-74,new_vaccine,0.0,0.0,0.0,0.0
323,75+,unvaccinated,10090.5,5066.5,3867.5,0.0
323,75+,old_vaccine,0.0,0.0,0.0,0.0
323,75+,new_vaccine,0.0,0.0,0.0,0.0
324,0-4,unvaccinated,667.0,9633.5,11.0,0.0
324,0-4,old_vaccine,0.0,0.0,0.0,0.0
324,0-4,new_vaccine,0.0,0.0,0.0,0.0
324,5-9,unvaccinated,164.0,10822.5,0.0,0.0
324,5-9,old_vaccine,0.0,0.0,0.0,0.0
324,5-9,new_vaccine,0.0,0.0,0.0,0.0
324,10-14,unvaccinated,239.5,10198.0,2.5,0.0
324,10-14,old_vaccine,0.0,0.0,0.0,0.0
324,10-14,new_vaccine,0.0,0.0,0.0,0.0
324,15-19,unvaccinated,227.0,9554.0,2.0,0.0
324,15-19,old_vaccine,0.0,0.0,0.0,0.0
324,15-19,new_vaccine,0.0,0.0,0.0,0.0
324,20-24,unvaccinated,727.0,10003.5,4.5,0.0
324,20-24,old_vaccine,0.0,0.0,0.0,0.0
324,20-24,new_vaccine,0.0,0.0,0.0,0.0
324,25-29,unvaccinated,1204.5,10795.5,5.0,0.0
324,25-29,old_vaccine,0.0,0.0,0.0,0.0
324,25-29,new_vaccine,0.0,0.0,0.0,0.0
324,30-34,unvaccinated,1240.5,10956.5,7.5,0.0
324,30-34,old_vaccine,0.0,0.0,0.0,0.0
324,30-34,new_vaccine,0.0,0.0,0.0,0.0
324,35-39,unvaccinated,1110.5,10938.0,14.5,0.0
324,35-39,old_vaccine,0.0,0.0,0.0,0.0
324,35-39,new_vaccine,0.0,0.0,0.0,0.0
324,40-44,unvaccinated,1136.5,10397.0,19.0,0.0
324,40-44,old_vaccine,0.0,0.0,0.0,0.0
324,40-44,new_vaccine,0.0,0.0,0.0,0.0
324,45-49,unvaccinated,1357.5,9839.0,40.0,0.0
324,45-49,old_vaccine,0.0,0.0,0.0,0.0
324,45-49,new_vaccine,0.0,0.0,0.0,0.0
324,50-54,unvaccinated,2372.0,9970.5,99.5,0.0
324,50-54,old_vaccine,0.0,0.0,0.0,0.0
324,50-54,new_vaccine,0.0,0.0,0.0,0.0
324,55-59,unvaccinated,3113.5,8910.5,145.0,0.0
324,55-59,old_vaccine,0.0,0.0,0.0,0.0
324,55-59,new_vaccine,0.0,0.0,0.0,0.0
324,60-64,unvaccinated,3010.0,7253.0,326.0,0.0
324,60-64,old_vaccine,0.0,0.0,0.0,0.0
324,60-64,new_vaccine,0.0,0.0,0.0,0.0
324,65-69,unvaccinated,4833.5,4190.5,582.5,0.0
324,65-69,old_vaccine,0.0,0.0,0.0,0.0
324,65-69,new_vaccine,0.0,0.0,0.0,0.0
324,70-74,unvaccinated,5535.5,3223.0,1197.5,0.0
324,70-74,old_vaccine,0.0,0.0,0.0,0.0
324,70-74,new_vaccine,0.0,0.0,0.0,0.0
324,75+,unvaccinated,10094.0,5043.5,3874.0,0.0
324,75+,old_vaccine,0.0,0.0,0.0,0.0
324,75+,new_vaccine,0.0,0.0,0.0,0.0
325,0-4,unvaccinated,669.5,9607.5,11.0,0.0
325,0-4,old_vaccine,0.0,0.0,0.0,0.0
325,0-4,new_vaccine,0.0,0.0,0.0,0.0
325,5-9,unvaccinated,164.5,10835.5,0.0,0.0
325,5-9,old_vaccine,0.0,0.0,0.0,0.0
325,5-9,new_vaccine,0.0,0.0,0.0,0.0
325,10-14,unvaccinated,239.0,10208.0,3.0,0.0
325,10-14,old_vaccine,0.0,0.0,0.0,0.0
325,10-14,new_vaccine,0.0,0.0,0.0,0.0
325,15-19,unvaccinated,226.5,9554.5,2.0,0.0
325,15-19,old_vaccine,0.0,0.0,0.0,0.0
325,15-19,new_vaccine,0.0,0.0,0.0,0.0
325,20-24,unvaccinated,731.0,10010.0,4.5,0.0
325,20-24,old_vaccine,0.0,0.0,0.0,0.0
325,20-24,new_vaccine,0.0,0.0,0.0,0.0
325,25-29,unvaccinated,1202.0,10795.5,5.0,0.0
325,25-29,old_vaccine,0.0,0.0,0.0,0.0
325,25-29,new_vaccine,0.0,0.0,0.0,0.0
325,30-34,unvaccinated,1232.0,10964.5,8.5,0.0
325,30-34,old_vaccine,0.0,0.0,0.0,0.0
325,30-34,new_vaccine,0.0,0.0,0.0,0.0
325,35-39,unvaccinated,1106.5,10929.5,14.0,0.0
325,35-39,old_vaccine,0.0,0.0,0.0,0.0
325,35-39,new_vaccine,0.0,0.0,0.0,0.0
325,40-44,unvaccinated,1147.5,10396.0,18.5,0.0
325,40-44,old_vaccine,0.0,0.0,0.0,0.0
325,40-44,new_vaccine,0.0,0.0,0.0,0.0
325,45-49,unvaccinated,1365.5,9856.0,39.5,0.0
325,45-49,old_vaccine,0.0,0.0,0.0,0.0
325,45-49,new_vaccine,0.0,0.0,0.0,0.0
325,50-54,unvaccinated,2383.0,9931.0,99.5,0.0
325,50-54,old_vaccine,0.0,0.0,0.0,0.0
325,50-54,new_vaccine,0.0,0.0,0.0,0.0
325,55-59,unvaccinated,3114.5,8911.0,146.0,0.0
325,55-59,old_vaccine,0.0,0.0,0.0,0.0
325,55-59,new_vaccine,0.0,0.0,0.0,0.0
325,60-64,unvaccinated,3008.5,7277.0,327.5,0.0
325,60-64,old_vaccine,0.0,0.0,0.0,0.0
325,60-64,new_vaccine,0.0,0.0,0.0,0.0
325,65-69,unvaccinated,4848.5,4191.0,582.5,0.0
325,65-69,old_vaccine,0.0,0.0,0.0,0.0
325,65-69,new_vaccine,0.0,0.0,0.0,0.0
325,70-74,unvaccinated,5523.5,3219.0,1200.0,0.0
325,70-74,old_vaccine,0.0,0.0,0.0,0.0
325,70-74,new_vaccine,0.0,0.0,0.0,0.0
325,75+,unvaccinated,10084.5,5048.0,3878.0,0.0
325,75+,old_vaccine,0.0,0.0,0.0,0.0
325,75+,new_vaccine,0.0,0.0,0.0,0.0
326,0-4,unvaccinated,669.0,9583.0,11.0,0.0
326,0-4,old_vaccine,0.0,0.0,0.0,0.0
326,0-4,new_vaccine,0.0,0.0,0.0,0.0
326,5-9,unvaccinated,163.0,10832.5,0.0,0.0
326,5-9,old_vaccine,0.0,0.0,0.0,0.0
326,5-9,new_vaccine,0.0,0.0,0.0,0.0
326,10-14,unvaccinated,240.0,10194.5,3.0,0.0
326,10-14,old_vaccine,0.0,0.0,0.0,0.0
326,10-14,new_vaccine,0.0,0.0,0.0,0.0
326,15-19,unvaccinated,232.0,9544.0,2.5,0.0
326,15-19,old_vaccine,0.0,0.0,0.0,0.0
326,15-19,new_vaccine,0.0,0.0,0.0,0.0
326,20-24,unvaccinated,727.5,10033.5,5.5,0.0
326,20-24,old_vaccine,0.0,0.0,0.0,0.0
326,20-24,new_vaccine,0.0,0.0,0.0,0.0
326,25-29,unvaccinated,1207.0,10803.5,5.0,0.0
326,25-29,old_vaccine,0.0,0.0,0.0,0.0
326,25-29,new_vaccine,0.0,0.0,0.0,0.0
326,30-34,unvaccinated,1232.0,10977.0,8.5,0.0
326,30-34,old_vaccine,0.0,0.0,0.0,0.0
326,30-34,new_vaccine,0.0,0.0,0.0,0.0
326,35-39,unvaccinated,1106.5,10938.5,13.5,0.0
326,35-39,old_vaccine,0.0,0.0,0.0,0.0
326,35-39,new_vaccine,0.0,0.0,0.0,0.0
326,40-44,unvaccinated,1146.5,10389.0,18.0,0.0
326,40-44,old_vaccine,0.0,0.0,0.0,0.0
326,40-44,new_vaccine,0.0,0.0,0.0,0.0
326,45-49,unvaccinated,1360.0,9854.0,40.5,0.0
326,45-49,old_vaccine,0.0,0.0,0.0,0.0
326,45-49,new_vaccine,0.0,0.0,0.0,0.0
326,50-54,unvaccinated,2374.5,9916.5,97.5,0.0
326,50-54,old_vaccine,0.0,0.0,0.0,0.0
326,50-54,new_vaccine,0.0,0.0,0.0,0.0
326,55-59,unvaccinated,3115.0,8932.5,146.0,0.0
326,55-59,old_vaccine,0.0,0.0,0.0,0.0
326,55-59,new_vaccine,0.0,0.0,0.0,0.0
326,60-64,unvaccinated,3004.0,7284.5,327.0,0.0
326,60-64,old_vaccine,0.0,0.0,0.0,0.0
326,60-64,new_vaccine,0.0,0.0,0.0,0.0
326,65-69,unvaccinated,4846.0,4190.5,584.5,0.0
326,65-69,old_vaccine,0.0,0.0,0.0,0.0
326,65-69,new_vaccine,0.0,0.0,0.0,0.0
326,70-74,unvaccinated,5538.0,3221.0,1203.0,0.0
326,70-74,old_vaccine,0.0,0.0,0.0,0.0
326,70-74,new_vaccine,0.0,0.0,0.0,0.0
326,75+,unvaccinated,10082.0,5042.0,3880.5,0.0
326,75+,old_vaccine,0.0,0.0,0.0,0.0
326,75+,new_vaccine,0.0,0.0,0.0,0.0
327,0-4,unvaccinated,675.0,9559.5,11.5,0.0
327,0-4,old_vaccine,0.0,0.0,0.0,0.0
327,0-4,new_vaccine,0.0,0.0,0.0,0.0
327,5-9,unvaccinated,169.0,10822.5,0.0,0.0
327,5-9,old_vaccine,0.0,0.0,0.0,0.0
327,5-9,new_vaccine,0.0,0.0,0.0,0.0
327,10-14,unvaccinated,240.0,10199.5,3.0,0.0
327,10-14,old_vaccine,0.0,0.0,0.0,0.0
327,10-14,new_vaccine,0.0,0.0,0.0,0.0
327,15-19,unvaccinated,230.5,9527.5,2.5,0.0
327,15-19,old_vaccine,0.0,0.0,0.0,0.0
327,15-19,new_vaccine,0.0,0.0,0.0,0.0
327,20-24,unvaccinated,725.0,10036.0,5.5,0.0
327,20-24,old_vaccine,0.0,0.0,0.0,0.0
327,20-24,new_vaccine,0.0,0.0,0.0,0.0
327,25-29,unvaccinated,1202.5,10792.5,5.0,0.0
327,25-29,old_vaccine,0.0,0.0,0.0,0.0
327,25-29,new_vaccine,0.0,0.0,0.0,0.0
327,30-34,unvaccinated,1229.0,10986.0,8.0,0.0
327,30-34,old_vaccine,0.0,0.0,0.0,0.0
327,30-34,new_vaccine,0.0,0.0,0.0,0.0
327,35-39,unvaccinated,1111.0,10922.0,13.5,0.0
327,35-39,old_vaccine,0.0,0.0,0.0,0.0
327,35-39,new_vaccine,0.0,0.0,0.0,0.0
327,40-44,unvaccinated,1152.5,10429.5,18.0,0.0
327,40-44,old_vaccine,0.0,0.0,0.0,0.0
327,40-44,new_vaccine,0.0,0.0,0.0,0.0
327,45-49,unvaccinated,1363.5,9815.5,40.0,0.0
327,45-49,old_vaccine,0.0,0.0,0.0,0.0
327,45-49,new_vaccine,0.0,0.0,0.0,0.0
327,50-54,unvaccinated,2382.0,9929.5,97.5,0.0
327,50-54,old_vaccine,0.0,0.0,0.0,0.0
327,50-54,new_vaccine,0.0,0.0,0.0,0.0
327,55-59,unvaccinated,3115.0,8973.5,147.0,0.0
327,55-59,old_vaccine,0.0,0.0,0.0,0.0
327,55-59,new_vaccine,0.0,0.0,0.0,0.0
327,60-64,unvaccinated,2999.0,7298.0,329.0,0.0
327,60-64,old_vaccine,0.0,0.0,0.0,0.0
327,60-64,new_vaccine,0.0,0.0,0.0,0.0
327,65-69,unvaccinated,4869.0,4184.0,587.0,0.0
327,65-69,old_vaccine,0.0,0.0,0.0,0.0
327,65-69,new_vaccine,0.0,0.0,0.0,0.0
327,70-74,unvaccinated,5540.5,3229.0,1204.5,0.0
327,70-74,old_vaccine,0.0,0.0,0.0,0.0
327,70-74,new_vaccine,0.0,0.0,0.0,0.0
327,75+,unvaccinated,10086.5,5045.5,3883.0,0.0
327,75+,old_vaccine,0.0,0.0,0.0,0.0
327,75+,new_vaccine,0.0,0.0,0.0,0.0
328,0-4,unvaccinated,674.0,9567.5,11.5,0.0
328,0-4,old_vaccine,0.0,0.0,0.0,0.0
328,0-4,new_vaccine,0.0,0.0,0.0,0.0
328,5-9,unvaccinated,170.5,10838.5,0.0,0.0
328,5-9,old_vaccine,0.0,0.0,0.0,0.0
328,5-9,new_vaccine,0.0,0.0,0.0,0.0
328,10-14,unvaccinated,238.0,10198.5,3.0,0.0
328,10-14,old_vaccine,0.0,0.0,0.0,0.0
328,10-14,new_vaccine,0.0,0.0,0.0,0.0
328,15-19,unvaccinated,230.0,9534.0,2.5,0.0
328,15-19,old_vaccine,0.0,0.0,0.0,0.0
328,15-19,new_vaccine,0.0,0.0,0.0,0.0
328,20-24,unvaccinated,723.5,10044.0,5.0,0.0
328,20-24,old_vaccine,0.0,0.0,0.0,0.0
328,20-24,new_vaccine,0.0,0.0,0.0,0.0
328,25-29,unvaccinated,1202.0,10809.0,5.0,0.0
328,25-29,old_vaccine,0.0,0.0,0.0,0.0
328,25-29,new_vaccine,0.0,0.0,0.0,0.0
328,30-34,unvaccinated,1233.0,11001.0,7.5,0.0
328,30-34,old_vaccine,0.0,0.0,0.0,0.0
328,30-34,new_vaccine,0.0,0.0,0.0,0.0
328,35-39,unvaccinated,1108.0,10882.0,13.5,0.0
328,35-39,old_vaccine,0.0,0.0,0.0,0.0
328,35-39,new_vaccine,0.0,0.0,0.0,0.0
328,40-44,unvaccinated,1157.5,10431.0,17.5,0.0
328,40-44,old_vaccine,0.0,0.0,0.0,0.0
328,40-44,new_vaccine,0.0,0.0,0.0,0.0
328,45-49,unvaccinated,1369.0,9841.0,39.5,0.0
328,45-49,old_vaccine,0.0,0.0,0.0,0.0
328,45-49,new_vaccine,0.0,0.0,0.0,0.0
328,50-54,unvaccinated,2376.0,9948.0,96.5,0.0
328,50-54,old_vaccine,0.0,0.0,0.0,0.0
328,50-54,new_vaccine,0.0,0.0,0.0,0.0
328,55-59,unvaccinated,3116.5,8962.5,146.5,0.0
328,55-59,old_vaccine,0.0,0.0,0.0,0.0
328,55-59,new_vaccine,0.0,0.0,0.0,0.0
328,60-64,unvaccinated,2990.5,7307.5,328.0,0.0
328,60-64,old_vaccine,0.0,0.0,0.0,0.0
328,60-64,new_vaccine,0.0,0.0,0.0,0.0
328,65-69,unvaccinated,4867.0,4160.0,589.0,0.0
328,65-69,old_vaccine,0.0,0.0,0.0,0.0
328,65-69,new_vaccine,0.0,0.0,0.0,0.0
328,70-74,unvaccinated,5540.0,3223.0,1208.0,0.0
328,70-74,old_vaccine,0.0,0.0,0.0,0.0
328,70-74,new_vaccine,0.0,0.0,0.0,0.0
328,75+,unvaccinated,10083.0,5049.5,3890.0,0.0
328,75+,old_vaccine,0.0,0.0,0.0,0.0
328,75+,new_vaccine,0.0,0.0,0.0,0.0
329,0-4,unvaccinated,675.5,9570.5,12.0,0.0
329,0-4,old_vaccine,0.0,0.0,0.0,0.0
329,0-4,new_vaccine,0.0,0.0,0.0,0.0
329,5-9,unvaccinated,172.5,10806.0,0.0,0.0
329,5-9,old_vaccine,0.0,0.0,0.0,0.0
329,5-9,new_vaccine,0.0,0.0,0.0,0.0
329,10-14,unvaccinated,235.5,10191.5,3.0,0.0
329,10-14,old_vaccine,0.0,0.0,0.0,0.0
329,10-14,new_vaccine,0.0,0.0,0.0,0.0
329,15-19,unvaccinated,234.0,9560.0,2.5,0.0
329,15-19,old_vaccine,0.0,0.0,0.0,0.0
329,15-19,new_vaccine,0.0,0.0,0.0,0.0
329,20-24,unvaccinated,723.5,10028.5,5.0,0.0
329,20-24,old_vaccine,0.0,0.0,0.0,0.0
329,20-24,new_vaccine,0.0,0.0,0.0,0.0
329,25-29,unvaccinated,1202.0,10822.0,5.5,0.0
329,25-29,old_vaccine,0.0,0.0,0.0,0.0
329,25-29,new_vaccine,0.0,0.0,0.0,0.0
329,30-34,unvaccinated,1231.0,10977.5,7.5,0.0
329,30-34,old_vaccine,0.0,0.0,0.0,0.0
329,30-34,new_vaccine,0.0,0.0,0.0,0.0
329,35-39,unvaccinated,1099.5,10876.0,13.0,0.0
329,35-39,old_vaccine,0.0,0.0,0.0,0.0
329,35-39,new_vaccine,0.0,0.0,0.0,0.0
329,40-44,unvaccinated,1152.0,10411.0,17.0,0.0
329,40-44,old_vaccine,0.0,0.0,0.0,0.0
329,40-44,new_vaccine,0.0,0.0,0.0,0.0
329,45-49,unvaccinated,1379.0,9853.5,39.0,0.0
329,45-49,old_vaccine,0.0,0.0,0.0,0.0
329,45-49,new_vaccine,0.0,0.0,0.0,0.0
329,50-54,unvaccinated,2387.0,9977.5,96.5,0.0
329,50-54,old_vaccine,0.0,0.0,0.0,0.0
329,50-54,new_vaccine,0.0,0.0,0.0,0.0
329,55-59,unvaccinated,3117.5,8927.0,144.0,0.0
329,55-59,old_vaccine,0.0,0.0,0.0,0.0
329,55-59,new_vaccine,0.0,0.0,0.0,0.0
329,60-64,unvaccinated,2998.5,7311.5,330.0,0.0
329,60-64,old_vaccine,0.0,0.0,0.0,0.0
329,60-64,new_vaccine,0.0,0.0,0.0,0.0
329,65-69,unvaccinated,4850.5,4163.5,591.0,0.0
329,65-69,old_vaccine,0.0,0.0,0.0,0.0
329,65-69,new_vaccine,0.0,0.0,0.0,0.0
329,70-74,unvaccinated,5514.5,3233.0,1211.0,0.0
329,70-74,old_vaccine,0.0,0.0,0.0,0.0
329,70-74,new_vaccine,0.0,0.0,0.0,0.0
329,75+,unvaccinated,10098.0,5016.0,3894.5,0.0
329,75+,old_vaccine,0.0,0.0,0.0,0.0
329,75+,new_vaccine,0.0,0.0,0.0,0.0
330,0-4,unvaccinated,673.0,9575.0,13.5,0.0
330,0-4,old_vaccine,0.0,0.0,0.0,0.0
330,0-4,new_vaccine,0.0,0.0,0.0,0.0
330,5-9,unvaccinated,176.5,10813.0,0.0,0.0
330,5-9,old_vaccine,0.0,0.0,0.0,0.0
330,5-9,new_vaccine,0.0,0.0,0.0,0.0
330,10-14,unvaccinated,240.0,10208.0,3.0,0.0
330,10-14,old_vaccine,0.0,0.0,0.0,0.0
330,10-14,new_vaccine,0.0,0.0,0.0,0.0
330,15-19,unvaccinated,233.5,9549.0,2.5,0.0
330,15-19,old_vaccine,0.0,0.0,0.0,0.0
330,15-19,new_vaccine,0.0,0.0,0.0,0.0
330,20-24,unvaccinated,715.5,10013.0,5.0,0.0
330,20-24,old_vaccine,0.0,0.0,0.0,0.0
330,20-24,new_vaccine,0.0,0.0,0.0,0.0
330,25-29,unvaccinated,1201.0,10822.0,5.0,0.0
330,25-29,old_vaccine,0.0,0.0,0.0,0.0
330,25-29,new_vaccine,0.0,0.0,0.0,0.0
330,30-34,unvaccinated,1231.5,10982.5,8.0,0.0
330,30-34,old_vaccine,0.0,0.0,0.0,0.0
330,30-34,new_vaccine,0.0,0.0,0.0,0.0
330,35-39,unvaccinated,1098.5,10867.5,13.5,0.0
330,35-39,old_vaccine,0.0,0.0,0.0,0.0
330,35-39,new_vaccine,0.0,0.0,0.0,0.0
330,40-44,unvaccinated,1144.5,10421.5,16.0,0.0
330,40-44,old_vaccine,0.0,0.0,0.0,0.0
330,40-44,new_vaccine,0.0,0.0,0.0,0.0
330,45-49,unvaccinated,1381.0,9861.0,38.5,0.0
330,45-49,old_vaccine,0.0,0.0,0.0,0.0
330,45-49,new_vaccine,0.0,0.0,0.0,0.0
330,50-54,unvaccinated,2381.0,10003.0,97.0,0.0
330,50-54,old_vaccine,0.0,0.0,0.0,0.0
330,50-54,new_vaccine,0.0,0.0,0.0,0.0
330,55-59,unvaccinated,3093.0,8927.0,143.5,0.0
330,55-59,old_vaccine,0.0,0.0,0.0,0.0
330,55-59,new_vaccine,0.0,0.0,0.0,0.0
330,60-64,unvaccinated,2991.0,7306.5,329.5,0.0
330,60-64,old_vaccine,0.0,0.0,0.0,0.0
330,60-64,new_vaccine,0.0,0.0,0.0,0.0
330,65-69,unvaccinated,4852.5,4158.0,593.5,0.0
330,65-69,old_vaccine,0.0,0.0,0.0,0.0
330,65-69,new_vaccine,0.0,0.0,0.0,0.0
330,70-74,unvaccinated,5543.0,3238.5,1209.5,0.0
330,70-74,old_vaccine,0.0,0.0,0.0,0.0
330,70-74,new_vaccine,0.0,0.0,0.0,0.0
330,75+,unvaccinated,10119.5,5026.0,3895.5,0.0
330,75+,old_vaccine,0.0,0.0,0.0,0.0
330,75+,new_vaccine,0.0,0.0,0.0,0.0
331,0-4,unvaccinated,673.5,9615.5,13.5,0.0
331,0-4,old_vaccine,0.0,0.0,0.0,0.0
331,0-4,new_vaccine,0.0,0.0,0.0,0.0
331,5-9,unvaccinated,174.5,10796.5,0.0,0.0
331,5-9,old_vaccine,0.0,0.0,0.0,0.0
331,5-9,new_vaccine,0.0,0.0,0.0,0.0
331,10-14,unvaccinated,241.0,10227.0,3.0,0.0
331,10-14,old_vaccine,0.0,0.0,0.0,0.0
331,10-14,new_vaccine,0.0,0.0,0.0,0.0
331,15-19,unvaccinated,234.5,9538.0,2.5,0.0
331,15-19,old_vaccine,0.0,0.0,0.0,0.0
331,15-19,new_vaccine,0.0,0.0,0.0,0.0
331,20-24,unvaccinated,716.0,10004.5,5.5,0.0
331,20-24,old_vaccine,0.0,0.0,0.0,0.0
331,20-24,new_vaccine,0.0,0.0,0.0,0.0
331,25-29,unvaccinated,1198.0,10805.5,5.0,0.0
331,25-29,old_vaccine,0.0,0.0,0.0,0.0
331,25-29,new_vaccine,0.0,0.0,0.0,0.0
331,30-34,unvaccinated,1231.0,10994.5,7.5,0.0
331,30-34,old_vaccine,0.0,0.0,0.0,0.0
331,30-34,new_vaccine,0.0,0.0,0.0,0.0
331,35-39,unvaccinated,1102.0,10881.5,13.5,0.0
331,35-39,old_vaccine,0.0,0.0,0.0,0.0
331,35-39,new_vaccine,0.0,0.0,0.0,0.0
331,40-44,unvaccinated,1143.5,10419.0,16.0,0.0
331,40-44,old_vaccine,0.0,0.0,0.0,0.0
331,40-44,new_vaccine,0.0,0.0,0.0,0.0
331,45-49,unvaccinated,1392.5,9842.5,39.0,0.0
331,45-49,old_vaccine,0.0,0.0,0.0,0.0
331,45-49,new_vaccine,0.0,0.0,0.0,0.0
331,50-54,unvaccinated,2379.5,9955.5,97.5,0.0
331,50-54,old_vaccine,0.0,0.0,0.0,0.0
331,50-54,new_vaccine,0.0,0.0,0.0,0.0
331,55-59,unvaccinated,3105.0,8882.0,144.5,0.0
331,55-59,old_vaccine,0.0,0.0,0.0,0.0
331,55-59,new_vaccine,0.0,0.0,0.0,0.0
331,60-64,unvaccinated,2992.0,7317.5,330.0,0.0
331,60-64,old_vaccine,0.0,0.0,0.0,0.0
331,60-64,new_vaccine,0.0,0.0,0.0,0.0
331,65-69,unvaccinated,4861.0,4162.0,594.5,0.0
331,65-69,old_vaccine,0.0,0.0,0.0,0.0
331,65-69,new_vaccine,0.0,0.0,0.0,0.0
331,70-74,unvaccinated,5519.5,3261.0,1210.0,0.0
331,70-74,old_vaccine,0.0,0.0,0.0,0.0
331,70-74,new_vaccine,0.0,0.0,0.0,0.0
331,75+,unvaccinated,10116.5,5014.0,3895.5,0.0
331,75+,old_vaccine,0.0,0.0,0.0,0.0
331,75+,new_vaccine,0.0,0.0,0.0,0.0
332,0-4,unvaccinated,674.0,9613.5,12.5,0.0
332,0-4,old_vaccine,0.0,0.0,0.0,0.0
332,0-4,new_vaccine,0.0,0.0,0.0,0.0
332,5-9,unvaccinated,179.5,10795.0,0.0,0.0
332,5-9,old_vaccine,0.0,0.0,0.0,0.0
332,5-9,new_vaccine,0.0,0.0,0.0,0.0
332,10-14,unvaccinated,240.0,10241.0,2.5,0.0
332,10-14,old_vaccine,0.0,0.0,0.0,0.0
332,10-14,new_vaccine,0.0,0.0,0.0,0.0
332,15-19,unvaccinated,233.0,9556.0,2.5,0.0
332,15-19,old_vaccine,0.0,0.0,0.0,0.0
332,15-19,new_vaccine,0.0,0.0,0.0,0.0
332,20-24,unvaccinated,722.5,9953.5,5.0,0.0
332,20-24,old_vaccine,0.0,0.0,0.0,0.0
332,20-24,new_vaccine,0.0,0.0,0.0,0.0
332,25-29,unvaccinated,1200.5,10815.0,5.0,0.0
332,25-29,old_vaccine,0.0,0.0,0.0,0.0
332,25-29,new_vaccine,0.0,0.0,0.0,0.0
332,30-34,unvaccinated,1231.0,10983.0,7.0,0.0
332,30-34,old_vaccine,0.0,0.0,0.0,0.0
332,30-34,new_vaccine,0.0,0.0,0.0,0.0
332,35-39,unvaccinated,1095.0,10920.0,13.5,0.0
332,35-39,old_vaccine,0.0,0.0,0.0,0.0
332,35-39,new_vaccine,0.0,0.0,0.0,0.0
332,40-44,unvaccinated,1137.5,10397.0,16.0,0.0
332,40-44,old_vaccine,0.0,0.0,0.0,0.0
332,40-44,new_vaccine,0.0,0.0,0.0,0.0
332,45-49,unvaccinated,1408.0,9859.0,38.5,0.0
332,45-49,old_vaccine,0.0,0.0,0.0,0.0
332,45-49,new_vaccine,0.0,0.0,0.0,0.0
332,50-54,unvaccinated,2390.0,9962.5,96.0,0.0
332,50-54,old_vaccine,0.0,0.0,0.0,0.0
332,50-54,new_vaccine,0.0,0.0,0.0,0.0
332,55-59,unvaccinated,3098.5,8890.5,143.0,0.0
332,55-59,old_vaccine,0.0,0.0,0.0,0.0
332,55-59,new_vaccine,0.0,0.0,0.0,0.0
332,60-64,unvaccinated,3000.5,7308.0,331.0,0.0
332,60-64,old_vaccine,0.0,0.0,0.0,0.0
332,60-64,new_vaccine,0.0,0.0,0.0,0.0
332,65-69,unvaccinated,4877.0,4185.0,596.0,0.0
332,65-69,old_vaccine,0.0,0.0,0.0,0.0
332,65-69,new_vaccine,0.0,0.0,0.0,0.0
332,70-74,unvaccinated,5516.5,3252.0,1208.0,0.0
332,70-74,old_vaccine,0.0,0.0,0.0,0.0
332,70-74,new_vaccine,0.0,0.0,0.0,0.0
332,75+,unvaccinated,10109.0,5023.5,3898.0,0.0
332,75+,old_vaccine,0.0,0.0,0.0,0.0
332,75+,new_vaccine,0.0,0.0,0.0,0.0
333,0-4,unvaccinated,671.0,9603.5,12.5,0.0
333,0-4,old_vaccine,0.0,0.0,0.0,0.0
333,0-4,new_vaccine,0.0,0.0,0.0,0.0
333,5-9,unvaccinated,176.5,10793.5,0.0,0.0
333,5-9,old_vaccine,0.0,0.0,0.0,0.0
333,5-9,new_vaccine,0.0,0.0,0.0,0.0
333,10-14,unvaccinated,239.0,10232.0,2.5,0.0
333,10-14,old_vaccine,0.0,0.0,0.0,0.0
333,10-14,new_vaccine,0.0,0.0,0.0,0.0
333,15-19,unvaccinated,234.0,9555.0,2.5,0.0
333,15-19,old_vaccine,0.0,0.0,0.0,0.0
333,15-19,new_vaccine,0.0,0.0,0.0,0.0
333,20-24,unvaccinated,732.0,9955.5,4.5,0.0
333,20-24,old_vaccine,0.0,0.0,0.0,0.0
333,20-24,new_vaccine,0.0,0.0,0.0,0.0
333,25-29,unvaccinated,1189.0,10815.5,5.0,0.0
333,25-29,old_vaccine,0.0,0.0,0.0,0.0
333,25-29,new_vaccine,0.0,0.0,0.0,0.0
333,30-34,unvaccinated,1225.5,10986.0,8.0,0.0
333,30-34,old_vaccine,0.0,0.0,0.0,0.0
333,30-34,new_vaccine,0.0,0.0,0.0,0.0
333,35-39,unvaccinated,1093.0,10913.5,14.0,0.0
333,35-39,old_vaccine,0.0,0.0,0.0,0.0
333,35-39,new_vaccine,0.0,0.0,0.0,0.0
333,40-44,unvaccinated,1132.0,10383.5,16.0,0.0
333,40-44,old_vaccine,0.0,0.0,0.0,0.0
333,40-44,new_vaccine,0.0,0.0,0.0,0.0
333,45-49,unvaccinated,1405.5,9862.0,38.0,0.0
333,45-49,old_vaccine,0.0,0.0,0.0,0.0
333,45-49,new_vaccine,0.0,0.0,0.0,0.0
333,50-54,unvaccinated,2389.5,9981.0,99.0,0.0
333,50-54,old_vaccine,0.0,0.0,0.0,0.0
333,50-54,new_vaccine,0.0,0.0,0.0,0.0
333,55-59,unvaccinated,3094.5,8874.0,142.5,0.0
333,55-59,old_vaccine,0.0,0.0,0.0,0.0
333,55-59,new_vaccine,0.0,0.0,0.0,0.0
333,60-64,unvaccinated,2990.0,7314.0,331.0,0.0
333,60-64,old_vaccine,0.0,0.0,0.0,0.0
333,60-64,new_vaccine,0.0,0.0,0.0,0.0
333,65-69,unvaccinated,4869.5,4177.5,596.5,0.0
333,65-69,old_vaccine,0.0,0.0,0.0,0.0
333,65-69,new_vaccine,0.0,0.0,0.0,0.0
333,70-74,unvaccinated,5520.0,3249.5,1208.5,0.0
333,70-74,old_vaccine,0.0,0.0,0.0,0.0
333,70-74,new_vaccine,0.0,0.0,0.0,0.0
333,75+,unvaccinated,10127.0,5011.5,3898.5,0.0
333,75+,old_vaccine,0.0,0.0,0.0,0.0
333,75+,new_vaccine,0.0,0.0,0.0,0.0
334,0-4,unvaccinated,669.5,9612.0,11.5,0.0
334,0-4,old_vaccine,0.0,0.0,0.0,0.0
334,0-4,new_vaccine,0.0,0.0,0.0,0.0
334,5-9,unvaccinated,173.0,10783.5,0.0,0.0
334,5-9,old_vaccine,0.0,0.0,0.0,0.0
334,5-9,new_vaccine,0.0,0.0,0.0,0.0
334,10-14,unvaccinated,242.5,10236.0,2.5,0.0
334,10-14,old_vaccine,0.0,0.0,0.0,0.0
334,10-14,new_vaccine,0.0,0.0,0.0,0.0
334,15-19,unvaccinated,230.5,9548.0,2.0,0.0
334,15-19,old_vaccine,0.0,0.0,0.0,0.0
334,15-19,new_vaccine,0.0,0.0,0.0,0.0
334,20-24,unvaccinated,724.5,9951.5,4.5,0.0
334,20-24,old_vaccine,0.0,0.0,0.0,0.0
334,20-24,new_vaccine,0.0,0.0,0.0,0.0
334,25-29,unvaccinated,1186.5,10803.0,5.0,0.0
334,25-29,old_vaccine,0.0,0.0,0.0,0.0
334,25-29,new_vaccine,0.0,0.0,0.0,0.0
334,30-34,unvaccinated,1232.0,10975.0,8.0,0.0
334,30-34,old_vaccine,0.0,0.0,0.0,0.0
334,30-34,new_vaccine,0.0,0.0,0.0,0.0
334,35-39,unvaccinated,1099.5,10916.0,14.0,0.0
334,35-39,old_vaccine,0.0,0.0,0.0,0.0
334,35-39,new_vaccine,0.0,0.0,0.0,0.0
334,40-44,unvaccinated,1130.0,10338.5,16.5,0.0
334,40-44,old_vaccine,0.0,0.0,0.0,0.0
334,40-44,new_vaccine,0.0,0.0,0.0,0.0
334,45-49,unvaccinated,1397.5,9852.5,38.0,0.0
334,45-49,old_vaccine,0.0,0.0,0.0,0.0
334,45-49,new_vaccine,0.0,0.0,0.0,0.0
334,50-54,unvaccinated,2386.0,9979.0,99.0,0.0
334,50-54,old_vaccine,0.0,0.0,0.0,0.0
334,50-54,new_vaccine,0.0,0.0,0.0,0.0
334,55-59,unvaccinated,3098.0,8887.5,143.5,0.0
334,55-59,old_vaccine,0.0,0.0,0.0,0.0
334,55-59,new_vaccine,0.0,0.0,0.0,0.0
334,60-64,unvaccinated,2969.0,7345.0,333.0,0.0
334,60-64,old_vaccine,0.0,0.0,0.0,0.0
334,60-64,new_vaccine,0.0,0.0,0.0,0.0
334,65-69,unvaccinated,4864.0,4198.5,598.0,0.0
334,65-69,old_vaccine,0.0,0.0,0.0,0.0
334,65-69,new_vaccine,0.0,0.0,0.0,0.0
334,70-74,unvaccinated,5516.0,3251.5,1211.0,0.0
334,70-74,old_vaccine,0.0,0.0,0.0,0.0
334,70-74,new_vaccine,0.0,0.0,0.0,0.0
334,75+,unvaccinated,10107.0,5036.0,3902.5,0.0
334,75+,old_vaccine,0.0,0.0,0.0,0.0
334,75+,new_vaccine,0.0,0.0,0.0,0.0
335,0-4,unvaccinated,667.0,9603.0,12.0,0.0
335,0-4,old_vaccine,0.0,0.0,0.0,0.0
335,0-4,new_vaccine,0.0,0.0,0.0,0.0
335,5-9,unvaccinated,172.0,10810.0,0.0,0.0
335,5-9,old_vaccine,0.0,0.0,0.0,0.0
335,5-9,new_vaccine,0.0,0.0,0.0,0.0
335,10-14,unvaccinated,243.0,10251.0,2.0,0.0
335,10-14,old_vaccine,0.0,0.0,0.0,0.0
335,10-14,new_vaccine,0.0,0.0,0.0,0.0
335,15-19,unvaccinated,229.0,9505.0,2.0,0.0
335,15-19,old_vaccine,0.0,0.0,0.0,0.0
335,15-19,new_vaccine,0.0,0.0,0.0,0.0
335,20-24,unvaccinated,729.5,9933.0,4.5,0.0
335,20-24,old_vaccine,0.0,0.0,0.0,0.0
335,20-24,new_vaccine,0.0,0.0,0.0,0.0
335,25-29,unvaccinated,1189.0,10798.0,5.0,0.0
335,25-29,old_vaccine,0.0,0.0,0.0,0.0
335,25-29,new_vaccine,0.0,0.0,0.0,0.0
335,30-34,unvaccinated,1226.0,10999.0,8.0,0.0
335,30-34,old_vaccine,0.0,0.0,0.0,0.0
335,30-34,new_vaccine,0.0,0.0,0.0,0.0
335,35-39,unvaccinated,1107.0,10921.0,13.5,0.0
335,35-39,old_vaccine,0.0,0.0,0.0,0.0
335,35-39,new_vaccine,0.0,0.0,0.0,0.0
335,40-44,unvaccinated,1129.5,10386.0,17.5,0.0
335,40-44,old_vaccine,0.0,0.0,0.0,0.0
335,40-44,new_vaccine,0.0,0.0,0.0,0.0
335,45-49,unvaccinated,1392.0,9857.0,37.5,0.0
335,45-49,old_vaccine,0.0,0.0,0.0,0.0
335,45-49,new_vaccine,0.0,0.0,0.0,0.0
335,50-54,unvaccinated,2380.5,9957.0,101.0,0.0
335,50-54,old_vaccine,0.0,0.0,0.0,0.0
335,50-54,new_vaccine,0.0,0.0,0.0,0.0
335,55-59,unvaccinated,3119.5,8902.5,144.0,0.0
335,55-59,old_vaccine,0.0,0.0,0.0,0.0
335,55-59,new_vaccine,0.0,0.0,0.0,0.0
335,60-64,unvaccinated,2973.0,7308.5,332.5,0.0
335,60-64,old_vaccine,0.0,0.0,0.0,0.0
335,60-64,new_vaccine,0.0,0.0,0.0,0.0
335,65-69,unvaccinated,4853.5,4232.0,599.5,0.0
335,65-69,old_vaccine,0.0,0.0,0.0,0.0
335,65-69,new_vaccine,0.0,0.0,0.0,0.0
335,70-74,unvaccinated,5520.0,3254.5,1211.0,0.0
335,70-74,old_vaccine,0.0,0.0,0.0,0.0
335,70-74,new_vaccine,0.0,0.0,0.0,0.0
335,75+,unvaccinated,10115.0,5027.5,3907.0,0.0
335,75+,old_vaccine,0.0,0.0,0.0,0.0
335,75+,new_vaccine,0.0,0.0,0.0,0.0
336,0-4,unvaccinated,671.5,9603.0,11.5,0.0
336,0-4,old_vaccine,0.0,0.0,0.0,0.0
336,0-4,new_vaccine,0.0,0.0,0.0,0.0
336,5-9,unvaccinated,173.0,10824.5,0.0,0.0
336,5-9,old_vaccine,0.0,0.0,0.0,0.0
336,5-9,new_vaccine,0.0,0.0,0.0,0.0
336,10-14,unvaccinated,240.5,10263.5,2.0,0.0
336,10-14,old_vaccine,0.0,0.0,0.0,0.0
336,10-14,new_vaccine,0.0,0.0,0.0,0.0
336,15-19,unvaccinated,229.0,9484.0,2.0,0.0
336,15-19,old_vaccine,0.0,0.0,0.0,0.0
336,15-19,new_vaccine,0.0,0.0,0.0,0.0
336,20-24,unvaccinated,728.5,9953.5,4.5,0.0
336,20-24,old_vaccine,0.0,0.0,0.0,0.0
336,20-24,new_vaccine,0.0,0.0,0.0,0.0
336,25-29,unvaccinated,1187.0,10823.0,4.5,0.0
336,25-29,old_vaccine,0.0,0.0,0.0,0.0
336,25-29,new_vaccine,0.0,0.0,0.0,0.0
336,30-34,unvaccinated,1233.5,11012.0,8.0,0.0
336,30-34,old_vaccine,0.0,0.0,0.0,0.0
336,30-34,new_vaccine,0.0,0.0,0.0,0.0
336,35-39,unvaccinated,1110.0,10928.5,14.5,0.0
336,35-39,old_vaccine,0.0,0.0,0.0,0.0
336,35-39,new_vaccine,0.0,0.0,0.0,0.0
336,40-44,unvaccinated,1134.0,10360.5,17.0,0.0
336,40-44,old_vaccine,0.0,0.0,0.0,0.0
336,40-44,new_vaccine,0.0,0.0,0.0,0.0
336,45-49,unvaccinated,1394.5,9848.0,37.5,0.0
336,45-49,old_vaccine,0.0,0.0,0.0,0.0
336,45-49,new_vaccine,0.0,0.0,0.0,0.0
336,50-54,unvaccinated,2391.5,9944.0,100.5,0.0
336,50-54,old_vaccine,0.0,0.0,0.0,0.0
336,50-54,new_vaccine,0.0,0.0,0.0,0.0
336,55-59,unvaccinated,3126.5,8897.5,144.0,0.0
336,55-59,old_vaccine,0.0,0.0,0.0,0.0
336,55-59,new_vaccine,0.0,0.0,0.0,0.0
336,60-64,unvaccinated,2972.0,7289.5,333.0,0.0
336,60-64,old_vaccine,0.0,0.0,0.0,0.0
336,60-64,new_vaccine,0.0,0.0,0.0,0.0
336,65-69,unvaccinated,4842.5,4257.0,601.5,0.0
336,65-69,old_vaccine,0.0,0.0,0.0,0.0
336,65-69,new_vaccine,0.0,0.0,0.0,0.0
336,70-74,unvaccinated,5531.5,3246.0,1212.5,0.0
336,70-74,old_vaccine,0.0,0.0,0.0,0.0
336,70-74,new_vaccine,0.0,0.0,0.0,0.0
336,75+,unvaccinated,10103.5,5039.5,3913.0,0.0
336,75+,old_vaccine,0.0,0.0,0.0,0.0
336,75+,new_vaccine,0.0,0.0,0.0,0.0
337,0-4,unvaccinated,661.0,9589.0,12.0,0.0
337,0-4,old_vaccine,0.0,0.0,0.0,0.0
337,0-4,new_vaccine,0.0,0.0,0.0,0.0
337,5-9,unvaccinated,169.5,10810.5,0.0,0.0
337,5-9,old_vaccine,0.0,0.0,0.0,0.0
337,5-9,new_vaccine,0.0,0.0,0.0,0.0
337,10-14,unvaccinated,237.5,10220.0,2.0,0.0
337,10-14,old_vaccine,0.0,0.0,0.0,0.0
337,10-14,new_vaccine,0.0,0.0,0.0,0.0
337,15-19,unvaccinated,228.5,9483.0,2.5,0.0
337,15-19,old_vaccine,0.0,0.0,0.0,0.0
337,15-19,new_vaccine,0.0,0.0,0.0,0.0
337,20-24,unvaccinated,717.0,9997.0,4.5,0.0
337,20-24,old_vaccine,0.0,0.0,0.0,0.0
337,20-24,new_vaccine,0.0,0.0,0.0,0.0
337,25-29,unvaccinated,1190.0,10834.5,4.5,0.0
337,25-29,old_vaccine,0.0,0.0,0.0,0.0
337,25-29,new_vaccine,0.0,0.0,0.0,0.0
337,30-34,unvaccinated,1232.5,10992.0,7.5,0.0
337,30-34,old_vaccine,0.0,0.0,0.0,0.0
337,30-34,new_vaccine,0.0,0.0,0.0,0.0
337,35-39,unvaccinated,1115.0,10917.5,14.0,0.0
337,35-39,old_vaccine,0.0,0.0,0.0,0.0
337,35-39,new_vaccine,0.0,0.0,0.0,0.0
337,40-44,unvaccinated,1140.0,10347.0,17.0,0.0
337,40-44,old_vaccine,0.0,0.0,0.0,0.0
337,40-44,new_vaccine,0.0,0.0,0.0,0.0
337,45-49,unvaccinated,1386.0,9820.5,38.5,0.0
337,45-49,old_vaccine,0.0,0.0,0.0,0.0
337,45-49,new_vaccine,0.0,0.0,0.0,0.0
337,50-54,unvaccinated,2383.5,9941.0,101.0,0.0
337,50-54,old_vaccine,0.0,0.0,0.0,0.0
337,50-54,new_vaccine,0.0,0.0,0.0,0.0
337,55-59,unvaccinated,3135.5,8898.5,144.0,0.0
337,55-59,old_vaccine,0.0,0.0,0.0,0.0
337,55-59,new_vaccine,0.0,0.0,0.0,0.0
337,60-64,unvaccinated,2973.0,7310.5,331.5,0.0
337,60-64,old_vaccine,0.0,0.0,0.0,0.0
337,60-64,new_vaccine,0.0,0.0,0.0,0.0
337,65-69,unvaccinated,4828.5,4227.0,602.0,0.0
337,65-69,old_vaccine,0.0,0.0,0.0,0.0
337,65-69,new_vaccine,0.0,0.0,0.0,0.0
337,70-74,unvaccinated,5510.0,3235.0,1214.0,0.0
337,70-74,old_vaccine,0.0,0.0,0.0,0.0
337,70-74,new_vaccine,0.0,0.0,0.0,0.0
337,75+,unvaccinated,10114.0,5028.5,3917.0,0.0
337,75+,old_vaccine,0.0,0.0,0.0,0.0
337,75+,new_vaccine,0.0,0.0,0.0,0.0
338,0-4,unvaccinated,661.5,9601.5,12.5,0.0
338,0-4,old_vaccine,0.0,0.0,0.0,0.0
338,0-4,new_vaccine,0.0,0.0,0.0,0.0
338,5-9,unvaccinated,168.0,10821.5,0.0,0.0
338,5-9,old_vaccine,0.0,0.0,0.0,0.0
338,5-9,new_vaccine,0.0,0.0,0.0,0.0
338,10-14,unvaccinated,234.0,10227.0,2.5,0.0
338,10-14,old_vaccine,0.0,0.0,0.0,0.0
338,10-14,new_vaccine,0.0,0.0,0.0,0.0
338,15-19,unvaccinated,229.0,9483.5,2.5,0.0
338,15-19,old_vaccine,0.0,0.0,0.0,0.0
338,15-19,new_vaccine,0.0,0.0,0.0,0.0
338,20-24,unvaccinated,714.5,10038.5,4.5,0.0
338,20-24,old_vaccine,0.0,0.0,0.0,0.0
338,20-24,new_vaccine,0.0,0.0,0.0,0.0
338,25-29,unvaccinated,1187.0,10818.5,5.0,0.0
338,25-29,old_vaccine,0.0,0.0,0.0,0.0
338,25-29,new_vaccine,0.0,0.0,0.0,0.0
338,30-34,unvaccinated,1236.0,11007.5,8.0,0.0
338,30-34,old_vaccine,0.0,0.0,0.0,0.0
338,30-34,new_vaccine,0.0,0.0,0.0,0.0
338,35-39,unvaccinated,1115.0,10891.0,14.5,0.0
338,35-39,old_vaccine,0.0,0.0,0.0,0.0
338,35-39,new_vaccine,0.0,0.0,0.0,0.0
338,40-44,unvaccinated,1136.5,10368.5,17.0,0.0
338,40-44,old_vaccine,0.0,0.0,0.0,0.0
338,40-44,new_vaccine,0.0,0.0,0.0,0.0
338,45-49,unvaccinated,1376.0,9820.5,39.0,0.0
338,45-49,old_vaccine,0.0,0.0,0.0,0.0
338,45-49,new_vaccine,0.0,0.0,0.0,0.0
338,50-54,unvaccinated,2393.0,9946.5,102.5,0.0
338,50-54,old_vaccine,0.0,0.0,0.0,0.0
338,50-54,new_vaccine,0.0,0.0,0.0,0.0
338,55-59,unvaccinated,3132.5,8936.0,144.0,0.0
338,55-59,old_vaccine,0.0,0.0,0.0,0.0
338,55-59,new_vaccine,0.0,0.0,0.0,0.0
338,60-64,unvaccinated,2986.5,7285.5,330.5,0.0
338,60-64,old_vaccine,0.0,0.0,0.0,0.0
338,60-64,new_vaccine,0.0,0.0,0.0,0.0
338,65-69,unvaccinated,4824.5,4217.0,603.5,0.0
338,65-69,old_vaccine,0.0,0.0,0.0,0.0
338,65-69,new_vaccine,0.0,0.0,0.0,0.0
338,70-74,unvaccinated,5509.0,3208.5,1213.5,0.0
338,70-74,old_vaccine,0.0,0.0,0.0,0.0
338,70-74,new_vaccine,0.0,0.0,0.0,0.0
338,75+,unvaccinated,10105.5,5020.5,3924.5,0.0
338,75+,old_vaccine,0.0,0.0,0.0,0.0
338,75+,new_vaccine,0.0,0.0,0.0,0.0
339,0-4,unvaccinated,662.0,9616.0,12.5,0.0
339,0-4,old_vaccine,0.0,0.0,0.0,0.0
339,0-4,new_vaccine,0.0,0.0,0.0,0.0
339,5-9,unvaccinated,170.0,10840.0,0.0,0.0
339,5-9,old_vaccine,0.0,0.0,0.0,0.0
339,5-9,new_vaccine,0.0,0.0,0.0,0.0
339,10-14,unvaccinated,233.5,10181.0,2.5,0.0
339,10-14,old_vaccine,0.0,0.0,0.0,0.0
339,10-14,new_vaccine,0.0,0.0,0.0,0.0
339,15-19,unvaccinated,231.0,9513.0,2.5,0.0
339,15-19,old_vaccine,0.0,0.0,0.0,0.0
339,15-19,new_vaccine,0.0,0.0,0.0,0.0
339,20-24,unvaccinated,715.5,10036.5,4.5,0.0
339,20-24,old_vaccine,0.0,0.0,0.0,0.0
339,20-24,new_vaccine,0.0,0.0,0.0,0.0
339,25-29,unvaccinated,1193.0,10819.0,5.0,0.0
339,25-29,old_vaccine,0.0,0.0,0.0,0.0
339,25-29,new_vaccine,0.0,0.0,0.0,0.0
339,30-34,unvaccinated,1238.0,10999.5,8.0,0.0
339,30-34,old_vaccine,0.0,0.0,0.0,0.0
339,30-34,new_vaccine,0.0,0.0,0.0,0.0
339,35-39,unvaccinated,1125.0,10901.0,14.5,0.0
339,35-39,old_vaccine,0.0,0.0,0.0,0.0
339,35-39,new_vaccine,0.0,0.0,0.0,0.0
339,40-44,unvaccinated,1140.0,10375.5,17.0,0.0
339,40-44,old_vaccine,0.0,0.0,0.0,0.0
339,40-44,new_vaccine,0.0,0.0,0.0,0.0
339,45-49,unvaccinated,1371.0,9847.5,39.5,0.0
339,45-49,old_vaccine,0.0,0.0,0.0,0.0
339,45-49,new_vaccine,0.0,0.0,0.0,0.0
339,50-54,unvaccinated,2392.0,9952.0,102.5,0.0
339,50-54,old_vaccine,0.0,0.0,0.0,0.0
339,50-54,new_vaccine,0.0,0.0,0.0,0.0
339,55-59,unvaccinated,3126.0,8932.5,145.0,0.0
339,55-59,old_vaccine,0.0,0.0,0.0,0.0
339,55-59,new_vaccine,0.0,0.0,0.0,0.0
339,60-64,unvaccinated,2985.0,7297.0,328.0,0.0
339,60-64,old_vaccine,0.0,0.0,0.0,0.0
339,60-64,new_vaccine,0.0,0.0,0.0,0.0
339,65-69,unvaccinated,4837.5,4232.5,600.5,0.0
339,65-69,old_vaccine,0.0,0.0,0.0,0.0
339,65-69,new_vaccine,0.0,0.0,0.0,0.0
339,70-74,unvaccinated,5496.5,3220.5,1215.0,0.0
339,70-74,old_vaccine,0.0,0.0,0.0,0.0
339,70-74,new_vaccine,0.0,0.0,0.0,0.0
339,75+,unvaccinated,10072.5,5014.5,3927.5,0.0
339,75+,old_vaccine,0.0,0.0,0.0,0.0
339,75+,new_vaccine,0.0,0.0,0.0,0.0
340,0-4,unvaccinated,666.0,9609.0,12.5,0.0
340,0-4,old_vaccine,0.0,0.0,0.0,0.0
340,0-4,new_vaccine,0.0,0.0,0.0,0.0
340,5-9,unvaccinated,171.5,10828.5,0.0,0.0
340,5-9,old_vaccine,0.0,0.0,0.0,0.0
340,5-9,new_vaccine,0.0,0.0,0.0,0.0
340,10-14,unvaccinated,234.0,10186.5,2.5,0.0
340,10-14,old_vaccine,0.0,0.0,0.0,0.0
340,10-14,new_vaccine,0.0,0.0,0.0,0.0
340,15-19,unvaccinated,228.0,9546.0,2.5,0.0
340,15-19,old_vaccine,0.0,0.0,0.0,0.0
340,15-19,new_vaccine,0.0,0.0,0.0,0.0
340,20-24,unvaccinated,714.0,10009.0,4.0,0.0
340,20-24,old_vaccine,0.0,0.0,0.0,0.0
340,20-24,new_vaccine,0.0,0.0,0.0,0.0
340,25-29,unvaccinated,1186.5,10794.5,4.5,0.0
340,25-29,old_vaccine,0.0,0.0,0.0,0.0
340,25-29,new_vaccine,0.0,0.0,0.0,0.0
340,30-34,unvaccinated,1239.0,10972.0,7.5,0.0
340,30-34,old_vaccine,0.0,0.0,0.0,0.0
340,30-34,new_vaccine,0.0,0.0,0.0,0.0
340,35-39,unvaccinated,1122.0,10911.5,14.5,0.0
340,35-39,old_vaccine,0.0,0.0,0.0,0.0
340,35-39,new_vaccine,0.0,0.0,0.0,0.0
340,40-44,unvaccinated,1147.0,10402.5,16.5,0.0
340,40-44,old_vaccine,0.0,0.0,0.0,0.0
340,40-44,new_vaccine,0.0,0.0,0.0,0.0
340,45-49,unvaccinated,1364.0,9854.0,39.0,0.0
340,45-49,old_vaccine,0.0,0.0,0.0,0.0
340,45-49,new_vaccine,0.0,0.0,0.0,0.0
340,50-54,unvaccinated,2398.5,9981.0,101.5,0.0
340,50-54,old_vaccine,0.0,0.0,0.0,0.0
340,50-54,new_vaccine,0.0,0.0,0.0,0.0
340,55-59,unvaccinated,3119.0,8926.5,144.5,0.0
340,55-59,old_vaccine,0.0,0.0,0.0,0.0
340,55-59,new_vaccine,0.0,0.0,0.0,0.0
340,60-64,unvaccinated,2992.0,7318.5,328.5,0.0
340,60-64,old_vaccine,0.0,0.0,0.0,0.0
340,60-64,new_vaccine,0.0,0.0,0.0,0.0
340,65-69,unvaccinated,4841.0,4216.0,600.0,0.0
340,65-69,old_vaccine,0.0,0.0,0.0,0.0
340,65-69,new_vaccine,0.0,0.0,0.0,0.0
340,70-74,unvaccinated,5508.0,3216.0,1216.0,0.0
340,70-74,old_vaccine,0.0,0.0,0.0,0.0
340,70-74,new_vaccine,0.0,0.0,0.0,0.0
340,75+,unvaccinated,10061.0,5036.5,3931.0,0.0
340,75+,old_vaccine,0.0,0.0,0.0,0.0
340,75+,new_vaccine,0.0,0.0,0.0,0.0
341,0-4,unvaccinated,668.5,9617.0,12.0,0.0
341,0-4,old_vaccine,0.0,0.0,0.0,0.0
341,0-4,new_vaccine,0.0,0.0,0.0,0.0
341,5-9,unvaccinated,171.5,10841.5,0.0,0.0
341,5-9,old_vaccine,0.0,0.0,0.0,0.0
341,5-9,new_vaccine,0.0,0.0,0.0,0.0
341,10-14,unvaccinated,229.5,10170.0,2.5,0.0
341,10-14,old_vaccine,0.0,0.0,0.0,0.0
341,10-14,new_vaccine,0.0,0.0,0.0,0.0
341,15-19,unvaccinated,222.0,9554.0,3.0,0.0
341,15-19,old_vaccine,0.0,0.0,0.0,0.0
341,15-19,new_vaccine,0.0,0.0,0.0,0.0
341,20-24,unvaccinated,723.0,10036.5,4.0,0.0
341,20-24,old_vaccine,0.0,0.0,0.0,0.0
341,20-24,new_vaccine,0.0,0.0,0.0,0.0
341,25-29,unvaccinated,1204.0,10803.5,4.5,0.0
341,25-29,old_vaccine,0.0,0.0,0.0,0.0
341,25-29,new_vaccine,0.0,0.0,0.0,0.0
341,30-34,unvaccinated,1236.0,10951.0,7.5,0.0
341,30-34,old_vaccine,0.0,0.0,0.0,0.0
341,30-34,new_vaccine,0.0,0.0,0.0,0.0
341,35-39,unvaccinated,1125.5,10890.5,15.0,0.0
341,35-39,old_vaccine,0.0,0.0,0.0,0.0
341,35-39,new_vaccine,0.0,0.0,0.0,0.0
341,40-44,unvaccinated,1140.0,10416.5,15.5,0.0
341,40-44,old_vaccine,0.0,0.0,0.0,0.0
341,40-44,new_vaccine,0.0,0.0,0.0,0.0
341,45-49,unvaccinated,1371.0,9841.0,39.5,0.0
341,45-49,old_vaccine,0.0,0.0,0.0,0.0
341,45-49,new_vaccine,0.0,0.0,0.0,0.0
341,50-54,unvaccinated,2399.5,9934.0,102.0,0.0
341,50-54,old_vaccine,0.0,0.0,0.0,0.0
341,50-54,new_vaccine,0.0,0.0,0.0,0.0
341,55-59,unvaccinated,3109.0,8931.5,145.5,0.0
341,55-59,old_vaccine,0.0,0.0,0.0,0.0
341,55-59,new_vaccine,0.0,0.0,0.0,0.0
341,60-64,unvaccinated,2993.0,7305.0,329.5,0.0
341,60-64,old_vaccine,0.0,0.0,0.0,0.0
341,60-64,new_vaccine,0.0,0.0,0.0,0.0
341,65-69,unvaccinated,4847.5,4191.0,599.0,0.0
341,65-69,old_vaccine,0.0,0.0,0.0,0.0
341,65-69,new_vaccine,0.0,0.0,0.0,0.0
341,70-74,unvaccinated,5518.5,3204.0,1219.0,0.0
341,70-74,old_vaccine,0.0,0.0,0.0,0.0
341,70-74,new_vaccine,0.0,0.0,0.0,0.0
341,75+,unvaccinated,10068.0,5037.0,3931.0,0.0
341,75+,old_vaccine,0.0,0.0,0.0,0.0
341,75+,new_vaccine,0.0,0.0,0.0,0.0
342,0-4,unvaccinated,677.0,9611.0,11.5,0.0
342,0-4,old_vaccine,0.0,0.0,0.0,0.0
342,0-4,new_vaccine,0.0,0.0,0.0,0.0
342,5-9,unvaccinated,173.5,10807.0,0.0,0.0
342,5-9,old_vaccine,0.0,0.0,0.0,0.0
342,5-9,new_vaccine,0.0,0.0,0.0,0.0
342,10-14,unvaccinated,232.0,10193.5,2.0,0.0
342,10-14,old_vaccine,0.0,0.0,0.0,0.0
342,10-14,new_vaccine,0.0,0.0,0.0,0.0
342,15-19,unvaccinated,218.0,9582.5,3.0,0.0
342,15-19,old_vaccine,0.0,0.0,0.0,0.0
342,15-19,new_vaccine,0.0,0.0,0.0,0.0
342,20-24,unvaccinated,724.0,10048.5,4.5,0.0
342,20-24,old_vaccine,0.0,0.0,0.0,0.0
342,20-24,new_vaccine,0.0,0.0,0.0,0.0
342,25-29,unvaccinated,1211.0,10787.0,5.0,0.0
342,25-29,old_vaccine,0.0,0.0,0.0,0.0
342,25-29,new_vaccine,0.0,0.0,0.0,0.0
342,30-34,unvaccinated,1230.0,10948.0,7.0,0.0
342,30-34,old_vaccine,0.0,0.0,0.0,0.0
342,30-34,new_vaccine,0.0,0.0,0.0,0.0
342,35-39,unvaccinated,1119.5,10867.5,14.5,0.0
342,35-39,old_vaccine,0.0,0.0,0.0,0.0
342,35-39,new_vaccine,0.0,0.0,0.0,0.0
342,40-44,unvaccinated,1143.5,10408.0,15.5,0.0
342,40-44,old_vaccine,0.0,0.0,0.0,0.0
342,40-44,new_vaccine,0.0,0.0,0.0,0.0
342,45-49,unvaccinated,1376.0,9852.0,41.0,0.0
342,45-49,old_vaccine,0.0,0.0,0.0,0.0
342,45-49,new_vaccine,0.0,0.0,0.0,0.0
342,50-54,unvaccinated,2396.5,9947.5,101.5,0.0
342,50-54,old_vaccine,0.0,0.0,0.0,0.0
342,50-54,new_vaccine,0.0,0.0,0.0,0.0
342,55-59,unvaccinated,3107.5,8948.5,146.5,0.0
342,55-59,old_vaccine,0.0,0.0,0.0,0.0
342,55-59,new_vaccine,0.0,0.0,0.0,0.0
342,60-64,unvaccinated,3007.0,7317.5,331.0,0.0
342,60-64,old_vaccine,0.0,0.0,0.0,0.0
342,60-64,new_vaccine,0.0,0.0,0.0,0.0
342,65-69,unvaccinated,4840.0,4182.0,597.5,0.0
342,65-69,old_vaccine,0.0,0.0,0.0,0.0
342,65-69,new_vaccine,0.0,0.0,0.0,0.0
342,70-74,unvaccinated,5521.5,3226.0,1220.5,0.0
342,70-74,old_vaccine,0.0,0.0,0.0,0.0
342,70-74,new_vaccine,0.0,0.0,0.0,0.0
342,75+,unvaccinated,10042.0,5037.5,3937.0,0.0
342,75+,old_vaccine,0.0,0.0,0.0,0.0
342,75+,new_vaccine,0.0,0.0,0.0,0.0
343,0-4,unvaccinated,675.5,9603.5,11.5,0.0
343,0-4,old_vaccine,0.0,0.0,0.0,0.0
343,0-4,new_vaccine,0.0,0.0,0.0,0.0
343,5-9,unvaccinated,172.0,10818.5,0.0,0.0
343,5-9,old_vaccine,0.0,0.0,0.0,0.0
343,5-9,new_vaccine,0.0,0.0,0.0,0.0
343,10-14,unvaccinated,232.0,10191.0,2.0,0.0
343,10-14,old_vaccine,0.0,0.0,0.0,0.0
343,10-14,new_vaccine,0.0,0.0,0.0,0.0
343,15-19,unvaccinated,221.0,9589.5,2.5,0.0
343,15-19,old_vaccine,0.0,0.0,0.0,0.0
343,15-19,new_vaccine,0.0,0.0,0.0,0.0
343,20-24,unvaccinated,713.5,10014.5,4.5,0.0
343,20-24,old_vaccine,0.0,0.0,0.0,0.0
343,20-24,new_vaccine,0.0,0.0,0.0,0.0
343,25-29,unvaccinated,1200.5,10792.5,5.0,0.0
343,25-29,old_vaccine,0.0,0.0,0.0,0.0
343,25-29,new_vaccine,0.0,0.0,0.0,0.0
343,30-34,unvaccinated,1237.5,10945.0,6.5,0.0
343,30-34,old_vaccine,0.0,0.0,0.0,0.0
343,30-34,new_vaccine,0.0,0.0,0.0,0.0
343,35-39,unvaccinated,1125.5,10846.0,14.5,0.0
343,35-39,old_vaccine,0.0,0.0,0.0,0.0
343,35-39,new_vaccine,0.0,0.0,0.0,0.0
343,40-44,unvaccinated,1150.0,10436.5,16.0,0.0
343,40-44,old_vaccine,0.0,0.0,0.0,0.0
343,40-44,new_vaccine,0.0,0.0,0.0,0.0
343,45-49,unvaccinated,1383.5,9857.0,41.5,0.0
343,45-49,old_vaccine,0.0,0.0,0.0,0.0
343,45-49,new_vaccine,0.0,0.0,0.0,0.0
343,50-54,unvaccinated,2391.0,9936.5,102.5,0.0
343,50-54,old_vaccine,0.0,0.0,0.0,0.0
343,50-54,new_vaccine,0.0,0.0,0.0,0.0
343,55-59,unvaccinated,3092.5,8949.5,147.0,0.0
343,55-59,old_vaccine,0.0,0.0,0.0,0.0
343,55-59,new_vaccine,0.0,0.0,0.0,0.0
343,60-64,unvaccinated,3003.5,7303.0,333.0,0.0
343,60-64,old_vaccine,0.0,0.0,0.0,0.0
343,60-64,new_vaccine,0.0,0.0,0.0,0.0
343,65-69,unvaccinated,4850.0,4193.5,595.5,0.0
343,65-69,old_vaccine,0.0,0.0,0.0,0.0
343,65-69,new_vaccine,0.0,0.0,0.0,0.0
343,70-74,unvaccinated,5534.5,3222.5,1220.0,0.0
343,70-74,old_vaccine,0.0,0.0,0.0,0.0
343,70-74,new_vaccine,0.0,0.0,0.0,0.0
343,75+,unvaccinated,10080.0,5054.5,3939.0,0.0
343,75+,old_vaccine,0.0,0.0,0.0,0.0
343,75+,new_vaccine,0.0,0.0,0.0,0.0
344,0-4,unvaccinated,683.0,9614.5,11.5,0.0
344,0-4,old_vaccine,0.0,0.0,0.0,0.0
344,0-4,new_vaccine,0.0,0.0,0.0,0.0
344,5-9,unvaccinated,172.5,10819.0,0.5,0.0
344,5-9,old_vaccine,0.0,0.0,0.0,0.0
344,5-9,new_vaccine,0.0,0.0,0.0,0.0
344,10-14,unvaccinated,234.5,10225.0,2.0,0.0
344,10-14,old_vaccine,0.0,0.0,0.0,0.0
344,10-14,new_vaccine,0.0,0.0,0.0,0.0
344,15-19,unvaccinated,228.0,9562.0,2.5,0.0
344,15-19,old_vaccine,0.0,0.0,0.0,0.0
344,15-19,new_vaccine,0.0,0.0,0.0,0.0
344,20-24,unvaccinated,714.5,10002.5,4.5,0.0
344,20-24,old_vaccine,0.0,0.0,0.0,0.0
344,20-24,new_vaccine,0.0,0.0,0.0,0.0
344,25-29,unvaccinated,1188.5,10789.5,5.0,0.0
344,25-29,old_vaccine,0.0,0.0,0.0,0.0
344,25-29,new_vaccine,0.0,0.0,0.0,0.0
344,30-34,unvaccinated,1229.5,10960.0,6.0,0.0
344,30-34,old_vaccine,0.0,0.0,0.0,0.0
344,30-34,new_vaccine,0.0,0.0,0.0,0.0
344,35-39,unvaccinated,1120.5,10892.0,14.0,0.0
344,35-39,old_vaccine,0.0,0.0,0.0,0.0
344,35-39,new_vaccine,0.0,0.0,0.0,0.0
344,40-44,unvaccinated,1153.0,10431.5,17.5,0.0
344,40-44,old_vaccine,0.0,0.0,0.0,0.0
344,40-44,new_vaccine,0.0,0.0,0.0,0.0
344,45-49,unvaccinated,1384.0,9862.0,41.5,0.0
344,45-49,old_vaccine,0.0,0.0,0.0,0.0
344,45-49,new_vaccine,0.0,0.0,0.0,0.0
344,50-54,unvaccinated,2391.5,9954.0,102.0,0.0
344,50-54,old_vaccine,0.0,0.0,0.0,0.0
344,50-54,new_vaccine,0.0,0.0,0.0,0.0
344,55-59,unvaccinated,3087.5,8926.5,148.0,0.0
344,55-59,old_vaccine,0.0,0.0,0.0,0.0
344,55-59,new_vaccine,0.0,0.0,0.0,0.0
344,60-64,unvaccinated,3012.5,7295.5,336.5,0.0
344,60-64,old_vaccine,0.0,0.0,0.0,0.0
344,60-64,new_vaccine,0.0,0.0,0.0,0.0
344,65-69,unvaccinated,4842.5,4203.5,595.5,0.0
344,65-69,old_vaccine,0.0,0.0,0.0,0.0
344,65-69,new_vaccine,0.0,0.0,0.0,0.0
344,70-74,unvaccinated,5561.0,3239.5,1223.0,0.0
344,70-74,old_vaccine,0.0,0.0,0.0,0.0
344,70-74,new_vaccine,0.0,0.0,0.0,0.0
344,75+,unvaccinated,10088.5,5059.0,3940.5,0.0
344,75+,old_vaccine,0.0,0.0,0.0,0.0
344,75+,new_vaccine,0.0,0.0,0.0,0.0
345,0-4,unvaccinated,692.5,9583.5,11.5,0.0
345,0-4,old_vaccine,0.0,0.0,0.0,0.0
345,0-4,new_vaccine,0.0,0.0,0.0,0.0
345,5-9,unvaccinated,171.0,10816.5,0.5,0.0
345,5-9,old_vaccine,0.0,0.0,0.0,0.0
345,5-9,new_vaccine,0.0,0.0,0.0,0.0
345,10-14,unvaccinated,237.0,10220.5,2.0,0.0
345,10-14,old_vaccine,0.0,0.0,0.0,0.0
345,10-14,new_vaccine,0.0,0.0,0.0,0.0
345,15-19,unvaccinated,227.5,9561.0,2.5,0.0
345,15-19,old_vaccine,0.0,0.0,0.0,0.0
345,15-19,new_vaccine,0.0,0.0,0.0,0.0
345,20-24,unvaccinated,711.0,10029.5,4.5,0.0
345,20-24,old_vaccine,0.0,0.0,0.0,0.0
345,20-24,new_vaccine,0.0,0.0,0.0,0.0
345,25-29,unvaccinated,1186.5,10798.5,4.5,0.0
345,25-29,old_vaccine,0.0,0.0,0.0,0.0
345,25-29,new_vaccine,0.0,0.0,0.0,0.0
345,30-34,unvaccinated,1230.5,10944.5,6.0,0.0
345,30-34,old_vaccine,0.0,0.0,0.0,0.0
345,30-34,new_vaccine,0.0,0.0,0.0,0.0
345,35-39,unvaccinated,1126.5,10875.5,14.0,0.0
345,35-39,old_vaccine,0.0,0.0,0.0,0.0
345,35-39,new_vaccine,0.0,0.0,0.0,0.0
345,40-44,unvaccinated,1146.5,10374.5,18.0,0.0
345,40-44,old_vaccine,0.0,0.0,0.0,0.0
345,40-44,new_vaccine,0.0,0.0,0.0,0.0
345,45-49,unvaccinated,1390.0,9845.5,41.0,0.0
345,45-49,old_vaccine,0.0,0.0,0.0,0.0
345,45-49,new_vaccine,0.0,0.0,0.0,0.0
345,50-54,unvaccinated,2400.5,9963.5,99.5,0.0
345,50-54,old_vaccine,0.0,0.0,0.0,0.0
345,50-54,new_vaccine,0.0,0.0,0.0,0.0
345,55-59,unvaccinated,3100.5,8915.0,150.5,0.0
345,55-59,old_vaccine,0.0,0.0,0.0,0.0
345,55-59,new_vaccine,0.0,0.0,0.0,0.0
345,60-64,unvaccinated,2997.0,7312.0,337.0,0.0
345,60-64,old_vaccine,0.0,0.0,0.0,0.0
345,60-64,new_vaccine,0.0,0.0,0.0,0.0
345,65-69,unvaccinated,4832.5,4187.5,596.5,0.0
345,65-69,old_vaccine,0.0,0.0,0.0,0.0
345,65-69,new_vaccine,0.0,0.0,0.0,0.0
345,70-74,unvaccinated,5569.5,3258.5,1220.5,0.0
345,70-74,old_vaccine,0.0,0.0,0.0,0.0
345,70-74,new_vaccine,0.0,0.0,0.0,0.0
345,75+,unvaccinated,10094.5,5051.5,3941.5,0.0
345,75+,old_vaccine,0.0,0.0,0.0,0.0
345,75+,new_vaccine,0.0,0.0,0.0,0.0
346,0-4,unvaccinated,691.0,9621.5,11.5,0.0
346,0-4,old_vaccine,0.0,0.0,0.0,0.0
346,0-4,new_vaccine,0.0,0.0,0.0,0.0
346,5-9,unvaccinated,179.5,10817.5,0.5,0.0
346,5-9,old_vaccine,0.0,0.0,0.0,0.0
346,5-9,new_vaccine,0.0,0.0,0.0,0.0
346,10-14,unvaccinated,241.0,10247.5,2.0,0.0
346,10-14,old_vaccine,0.0,0.0,0.0,0.0
346,10-14,new_vaccine,0.0,0.0,0.0,0.0
346,15-19,unvaccinated,224.5,9558.0,2.5,0.0
346,15-19,old_vaccine,0.0,0.0,0.0,0.0
346,15-19,new_vaccine,0.0,0.0,0.0,0.0
346,20-24,unvaccinated,705.5,10036.0,4.5,0.0
346,20-24,old_vaccine,0.0,0.0,0.0,0.0
346,20-24,new_vaccine,0.0,0.0,0.0,0.0
346,25-29,unvaccinated,1189.0,10809.0,4.5,0.0
346,25-29,old_vaccine,0.0,0.0,0.0,0.0
346,25-29,new_vaccine,0.0,0.0,0.0,0.0
346,30-34,unvaccinated,1239.5,10937.0,7.0,0.0
346,30-34,old_vaccine,0.0,0.0,0.0,0.0
346,30-34,new_vaccine,0.0,0.0,0.0,0.0
346,35-39,unvaccinated,1130.0,10837.5,13.5,0.0
346,35-39,old_vaccine,0.0,0.0,0.0,0.0
346,35-39,new_vaccine,0.0,0.0,0.0,0.0
346,40-44,unvaccinated,1139.0,10343.0,20.0,0.0
346,40-44,old_vaccine,0.0,0.0,0.0,0.0
346,40-44,new_vaccine,0.0,0.0,0.0,0.0
346,45-49,unvaccinated,1382.0,9851.0,40.5,0.0
346,45-49,old_vaccine,0.0,0.0,0.0,0.0
346,45-49,new_vaccine,0.0,0.0,0.0,0.0
346,50-54,unvaccinated,2401.5,9943.5,101.0,0.0
346,50-54,old_vaccine,0.0,0.0,0.0,0.0
346,50-54,new_vaccine,0.0,0.0,0.0,0.0
346,55-59,unvaccinated,3095.0,8919.0,151.0,0.0
346,55-59,old_vaccine,0.0,0.0,0.0,0.0
346,55-59,new_vaccine,0.0,0.0,0.0,0.0
346,60-64,unvaccinated,2977.0,7314.5,336.5,0.0
346,60-64,old_vaccine,0.0,0.0,0.0,0.0
346,60-64,new_vaccine,0.0,0.0,0.0,0.0
346,65-69,unvaccinated,4836.5,4211.0,597.0,0.0
346,65-69,old_vaccine,0.0,0.0,0.0,0.0
346,65-69,new_vaccine,0.0,0.0,0.0,0.0
346,70-74,unvaccinated,5566.5,3285.0,1219.0,0.0
346,70-74,old_vaccine,0.0,0.0,0.0,0.0
346,70-74,new_vaccine,0.0,0.0,0.0,0.0
346,75+,unvaccinated,10131.5,5049.5,3944.5,0.0
346,75+,old_vaccine,0.0,0.0,0.0,0.0
346,75+,new_vaccine,0.0,0.0,0.0,0.0
347,0-4,unvaccinated,688.0,9587.5,12.5,0.0
347,0-4,old_vaccine,0.0,0.0,0.0,0.0
347,0-4,new_vaccine,0.0,0.0,0.0,0.0
347,5-9,unvaccinated,176.5,10813.0,0.5,0.0
347,5-9,old_vaccine,0.0,0.0,0.0,0.0
347,5-9,new_vaccine,0.0,0.0,0.0,0.0
347,10-14,unvaccinated,240.0,10245.5,2.0,0.0
347,10-14,old_vaccine,0.0,0.0,0.0,0.0
347,10-14,new_vaccine,0.0,0.0,0.0,0.0
347,15-19,unvaccinated,226.0,9527.5,2.0,0.0
347,15-19,old_vaccine,0.0,0.0,0.0,0.0
347,15-19,new_vaccine,0.0,0.0,0.0,0.0
347,20-24,unvaccinated,702.0,10008.5,4.5,0.0
347,20-24,old_vaccine,0.0,0.0,0.0,0.0
347,20-24,new_vaccine,0.0,0.0,0.0,0.0
347,25-29,unvaccinated,1186.0,10814.0,4.5,0.0
347,25-29,old_vaccine,0.0,0.0,0.0,0.0
347,25-29,new_vaccine,0.0,0.0,0.0,0.0
347,30-34,unvaccinated,1231.5,10959.0,7.0,0.0
347,30-34,old_vaccine,0.0,0.0,0.0,0.0
347,30-34,new_vaccine,0.0,0.0,0.0,0.0
347,35-39,unvaccinated,1139.5,10843.0,14.0,0.0
347,35-39,old_vaccine,0.0,0.0,0.0,0.0
347,35-39,new_vaccine,0.0,0.0,0.0,0.0
347,40-44,unvaccinated,1133.0,10357.5,20.0,0.0
347,40-44,old_vaccine,0.0,0.0,0.0,0.0
347,40-44,new_vaccine,0.0,0.0,0.0,0.0
347,45-49,unvaccinated,1395.5,9833.5,40.0,0.0
347,45-49,old_vaccine,0.0,0.0,0.0,0.0
347,45-49,new_vaccine,0.0,0.0,0.0,0.0
347,50-54,unvaccinated,2397.0,9945.5,103.0,0.0
347,50-54,old_vaccine,0.0,0.0,0.0,0.0
347,50-54,new_vaccine,0.0,0.0,0.0,0.0
347,55-59,unvaccinated,3100.0,8931.5,152.5,0.0
347,55-59,old_vaccine,0.0,0.0,0.0,0.0
347,55-59,new_vaccine,0.0,0.0,0.0,0.0
347,60-64,unvaccinated,2981.0,7286.5,337.0,0.0
347,60-64,old_vaccine,0.0,0.0,0.0,0.0
347,60-64,new_vaccine,0.0,0.0,0.0,0.0
347,65-69,unvaccinated,4852.5,4233.5,597.5,0.0
347,65-69,old_vaccine,0.0,0.0,0.0,0.0
347,65-69,new_vaccine,0.0,0.0,0.0,0.0
347,70-74,unvaccinated,5541.5,3266.5,1220.0,0.0
347,70-74,old_vaccine,0.0,0.0,0.0,0.0
347,70-74,new_vaccine,0.0,0.0,0.0,0.0
347,75+,unvaccinated,10144.0,5040.0,3946.0,0.0
347,75+,old_vaccine,0.0,0.0,0.0,0.0
347,75+,new_vaccine,0.0,0.0,0.0,0.0
348,0-4,unvaccinated,682.5,9602.5,13.0,0.0
348,0-4,old_vaccine,0.0,0.0,0.0,0.0
348,0-4,new_vaccine,0.0,0.0,0.0,0.0
348,5-9,unvaccinated,175.0,10800.5,1.0,0.0
348,5-9,old_vaccine,0.0,0.0,0.0,0.0
348,5-9,new_vaccine,0.0,0.0,0.0,0.0
348,10-14,unvaccinated,245.0,10241.5,2.0,0.0
348,10-14,old_vaccine,0.0,0.0,0.0,0.0
348,10-14,new_vaccine,0.0,0.0,0.0,0.0
348,15-19,unvaccinated,232.0,9509.5,2.0,0.0
348,15-19,old_vaccine,0.0,0.0,0.0,0.0
348,15-19,new_vaccine,0.0,0.0,0.0,0.0
348,20-24,unvaccinated,700.0,10013.5,4.0,0.0
348,20-24,old_vaccine,0.0,0.0,0.0,0.0
348,20-24,new_vaccine,0.0,0.0,0.0,0.0
348,25-29,unvaccinated,1187.5,10798.0,4.0,0.0
348,25-29,old_vaccine,0.0,0.0,0.0,0.0
348,25-29,new_vaccine,0.0,0.0,0.0,0.0
348,30-34,unvaccinated,1243.0,11005.5,7.0,0.0
348,30-34,old_vaccine,0.0,0.0,0.0,0.0
348,30-34,new_vaccine,0.0,0.0,0.0,0.0
348,35-39,unvaccinated,1147.5,10887.5,14.0,0.0
348,35-39,old_vaccine,0.0,0.0,0.0,0.0
348,35-39,new_vaccine,0.0,0.0,0.0,0.0
348,40-44,unvaccinated,1128.5,10328.0,19.5,0.0
348,40-44,old_vaccine,0.0,0.0,0.0,0.0
348,40-44,new_vaccine,0.0,0.0,0.0,0.0
348,45-49,unvaccinated,1389.5,9846.0,40.5,0.0
348,45-49,old_vaccine,0.0,0.0,0.0,0.0
348,45-49,new_vaccine,0.0,0.0,0.0,0.0
348,50-54,unvaccinated,2395.5,9967.5,104.0,0.0
348,50-54,old_vaccine,0.0,0.0,0.0,0.0
348,50-54,new_vaccine,0.0,0.0,0.0,0.0
348,55-59,unvaccinated,3108.0,8927.5,149.5,0.0
348,55-59,old_vaccine,0.0,0.0,0.0,0.0
348,55-59,new_vaccine,0.0,0.0,0.0,0.0
348,60-64,unvaccinated,2968.0,7280.0,335.0,0.0
348,60-64,old_vaccine,0.0,0.0,0.0,0.0
348,60-64,new_vaccine,0.0,0.0,0.0,0.0
348,65-69,unvaccinated,4849.0,4228.0,597.0,0.0
348,65-69,old_vaccine,0.0,0.0,0.0,0.0
348,65-69,new_vaccine,0.0,0.0,0.0,0.0
348,70-74,unvaccinated,5547.0,3259.5,1220.5,0.0
348,70-74,old_vaccine,0.0,0.0,0.0,0.0
348,70-74,new_vaccine,0.0,0.0,0.0,0.0
348,75+,unvaccinated,10142.5,5036.0,3944.0,0.0
348,75+,old_vaccine,0.0,0.0,0.0,0.0
348,75+,new_vaccine,0.0,0.0,0.0,0.0
349,0-4,unvaccinated,688.5,9586.5,12.5,0.0
349,0-4,old_vaccine,0.0,0.0,0.0,0.0
349,0-4,new_vaccine,0.0,0.0,0.0,0.0
349,5-9,unvaccinated,176.0,10813.5,1.0,0.0
349,5-9,old_vaccine,0.0,0.0,0.0,0.0
349,5-9,new_vaccine,0.0,0.0,0.0,0.0
349,10-14,unvaccinated,245.5,10250.0,2.0,0.0
349,10-14,old_vaccine,0.0,0.0,0.0,0.0
349,10-14,new_vaccine,0.0,0.0,0.0,0.0
349,15-19,unvaccinated,229.5,9510.5,2.0,0.0
349,15-19,old_vaccine,0.0,0.0,0.0,0.0
349,15-19,new_vaccine,0.0,0.0,0.0,0.0
349,20-24,unvaccinated,707.0,10031.0,4.0,0.0
349,20-24,old_vaccine,0.0,0.0,0.0,0.0
349,20-24,new_vaccine,0.0,0.0,0.0,0.0
349,25-29,unvaccinated,1192.5,10790.5,4.0,0.0
349,25-29,old_vaccine,0.0,0.0,0.0,0.0
349,25-29,new_vaccine,0.0,0.0,0.0,0.0
349,30-34,unvaccinated,1249.0,10986.5,7.0,0.0
349,30-34,old_vaccine,0.0,0.0,0.0,0.0
349,30-34,new_vaccine,0.0,0.0,0.0,0.0
349,35-39,unvaccinated,1138.5,10882.0,14.5,0.0
349,35-39,old_vaccine,0.0,0.0,0.0,0.0
349,35-39,new_vaccine,0.0,0.0,0.0,0.0
349,40-44,unvaccinated,1125.5,10354.5,20.0,0.0
349,40-44,old_vaccine,0.0,0.0,0.0,0.0
349,40-44,new_vaccine,0.0,0.0,0.0,0.0
349,45-49,unvaccinated,1382.0,9857.0,41.0,0.0
349,45-49,old_vaccine,0.0,0.0,0.0,0.0
349,45-49,new_vaccine,0.0,0.0,0.0,0.0
349,50-54,unvaccinated,2393.5,9951.5,104.0,0.0
349,50-54,old_vaccine,0.0,0.0,0.0,0.0
349,50-54,new_vaccine,0.0,0.0,0.0,0.0
349,55-59,unvaccinated,3119.5,8922.0,149.0,0.0
349,55-59,old_vaccine,0.0,0.0,0.0,0.0
349,55-59,new_vaccine,0.0,0.0,0.0,0.0
349,60-64,unvaccinated,2975.0,7253.5,333.5,0.0
349,60-64,old_vaccine,0.0,0.0,0.0,0.0
349,60-64,new_vaccine,0.0,0.0,0.0,0.0
349,65-69,unvaccinated,4824.5,4245.0,601.5,0.0
349,65-69,old_vaccine,0.0,0.0,0.0,0.0
349,65-69,new_vaccine,0.0,0.0,0.0,0.0
349,70-74,unvaccinated,5527.5,3253.0,1220.0,0.0
349,70-74,old_vaccine,0.0,0.0,0.0,0.0
349,70-74,new_vaccine,0.0,0.0,0.0,0.0
349,75+,unvaccinated,10125.0,5021.5,3949.5,0.0
349,75+,old_vaccine,0.0,0.0,0.0,0.0
349,75+,new_vaccine,0.0,0.0,0.0,0.0
350,0-4,unvaccinated,685.5,9587.5,12.5,0.0
350,0-4,old_vaccine,0.0,0.0,0.0,0.0
350,0-4,new_vaccine,0.0,0.0,0.0,0.0
350,5-9,unvaccinated,176.5,10819.5,1.0,0.0
350,5-9,old_vaccine,0.0,0.0,0.0,0.0
350,5-9,new_vaccine,0.0,0.0,0.0,0.0
350,10-14,unvaccinated,241.0,10240.5,2.0,0.0
350,10-14,old_vaccine,0.0,0.0,0.0,0.0
350,10-14,new_vaccine,0.0,0.0,0.0,0.0
350,15-19,unvaccinated,229.5,9533.5,2.0,0.0
350,15-19,old_vaccine,0.0,0.0,0.0,0.0
350,15-19,new_vaccine,0.0,0.0,0.0,0.0
350,20-24,unvaccinated,707.5,10040.0,4.0,0.0
350,20-24,old_vaccine,0.0,0.0,0.0,0.0
350,20-24,new_vaccine,0.0,0.0,0.0,0.0
350,25-29,unvaccinated,1188.0,10813.5,4.5,0.0
350,25-29,old_vaccine,0.0,0.0,0.0,0.0
350,25-29,new_vaccine,0.0,0.0,0.0,0.0
350,30-34,unvaccinated,1250.0,10985.0,8.0,0.0
350,30-34,old_vaccine,0.0,0.0,0.0,0.0
350,30-34,new_vaccine,0.0,0.0,0.0,0.0
350,35-39,unvaccinated,1136.5,10922.5,15.0,0.0
350,35-39,old_vaccine,0.0,0.0,0.0,0.0
350,35-39,new_vaccine,0.0,0.0,0.0,0.0
350,40-44,unvaccinated,1129.0,10347.0,20.5,0.0
350,40-44,old_vaccine,0.0,0.0,0.0,0.0
350,40-44,new_vaccine,0.0,0.0,0.0,0.0
350,45-49,unvaccinated,1388.0,9839.0,39.5,0.0
350,45-49,old_vaccine,0.0,0.0,0.0,0.0
350,45-49,new_vaccine,0.0,0.0,0.0,0.0
350,50-54,unvaccinated,2394.0,9958.0,103.5,0.0
350,50-54,old_vaccine,0.0,0.0,0.0,0.0
350,50-54,new_vaccine,0.0,0.0,0.0,0.0
350,55-59,unvaccinated,3133.0,8882.5,147.5,0.0
350,55-59,old_vaccine,0.0,0.0,0.0,0.0
350,55-59,new_vaccine,0.0,0.0,0.0,0.0
350,60-64,unvaccinated,2971.0,7275.0,331.5,0.0
350,60-64,old_vaccine,0.0,0.0,0.0,0.0
350,60-64,new_vaccine,0.0,0.0,0.0,0.0
350,65-69,unvaccinated,4820.5,4251.0,601.0,0.0
350,65-69,old_vaccine,0.0,0.0,0.0,0.0
350,65-69,new_vaccine,0.0,0.0,0.0,0.0
350,70-74,unvaccinated,5492.0,3238.0,1221.0,0.0
350,70-74,old_vaccine,0.0,0.0,0.0,0.0
350,70-74,new_vaccine,0.0,0.0,0.0,0.0
350,75+,unvaccinated,10120.5,5018.0,3947.0,0.0
350,75+,old_vaccine,0.0,0.0,0.0,0.0
350,75+,new_vaccine,0.0,0.0,0.0,0.0
351,0-4,unvaccinated,683.0,9576.5,12.0,0.0
351,0-4,old_vaccine,0.0,0.0,0.0,0.0
351,0-4,new_vaccine,0.0,0.0,0.0,0.0
351,5-9,unvaccinated,179.5,10812.0,1.0,0.0
351,5-9,old_vaccine,0.0,0.0,0.0,0.0
351,5-9,new_vaccine,0.0,0.0,0.0,0.0
351,10-14,unvaccinated,238.0,10214.0,2.0,0.0
351,10-14,old_vaccine,0.0,0.0,0.0,0.0
351,10-14,new_vaccine,0.0,0.0,0.0,0.0
351,15-19,unvaccinated,233.0,9538.0,2.0,0.0
351,15-19,old_vaccine,0.0,0.0,0.0,0.0
351,15-19,new_vaccine,0.0,0.0,0.0,0.0
351,20-24,unvaccinated,702.5,10026.5,4.5,0.0
351,20-24,old_vaccine,0.0,0.0,0.0,0.0
351,20-24,new_vaccine,0.0,0.0,0.0,0.0
351,25-29,unvaccinated,1178.5,10831.5,5.0,0.0
351,25-29,old_vaccine,0.0,0.0,0.0,0.0
351,25-29,new_vaccine,0.0,0.0,0.0,0.0
351,30-34,unvaccinated,1252.5,10995.5,7.5,0.0
351,30-34,old_vaccine,0.0,0.0,0.0,0.0
351,30-34,new_vaccine,0.0,0.0,0.0,0.0
351,35-39,unvaccinated,1142.5,10946.5,15.0,0.0
351,35-39,old_vaccine,0.0,0.0,0.0,0.0
351,35-39,new_vaccine,0.0,0.0,0.0,0.0
351,40-44,unvaccinated,1140.5,10387.0,19.0,0.0
351,40-44,old_vaccine,0.0,0.0,0.0,0.0
351,40-44,new_vaccine,0.0,0.0,0.0,0.0
351,45-49,unvaccinated,1386.0,9809.5,39.5,0.0
351,45-49,old_vaccine,0.0,0.0,0.0,0.0
351,45-49,new_vaccine,0.0,0.0,0.0,0.0
351,50-54,unvaccinated,2389.0,9973.0,103.5,0.0
351,50-54,old_vaccine,0.0,0.0,0.0,0.0
351,50-54,new_vaccine,0.0,0.0,0.0,0.0
351,55-59,unvaccinated,3130.0,8896.5,148.0,0.0
351,55-59,old_vaccine,0.0,0.0,0.0,0.0
351,55-59,new_vaccine,0.0,0.0,0.0,0.0
351,60-64,unvaccinated,2960.5,7322.0,331.5,0.0
351,60-64,old_vaccine,0.0,0.0,0.0,0.0
351,60-64,new_vaccine,0.0,0.0,0.0,0.0
351,65-69,unvaccinated,4822.0,4247.5,604.0,0.0
351,65-69,old_vaccine,0.0,0.0,0.0,0.0
351,65-69,new_vaccine,0.0,0.0,0.0,0.0
351,70-74,unvaccinated,5489.5,3236.0,1223.5,0.0
351,70-74,old_vaccine,0.0,0.0,0.0,0.0
351,70-74,new_vaccine,0.0,0.0,0.0,0.0
351,75+,unvaccinated,10089.0,5016.0,3947.0,0.0
351,75+,old_vaccine,0.0,0.0,0.0,0.0
351,75+,new_vaccine,0.0,0.0,0.0,0.0
352,0-4,unvaccinated,676.0,9545.5,12.0,0.0
352,0-4,old_vaccine,0.0,0.0,0.0,0.0
352,0-4,new_vaccine,0.0,0.0,0.0,0.0
352,5-9,unvaccinated,180.5,10827.5,0.5,0.0
352,5-9,old_vaccine,0.0,0.0,0.0,0.0
352,5-9,new_vaccine,0.0,0.0,0.0,0.0
352,10-14,unvaccinated,235.0,10196.5,2.0,0.0
352,10-14,old_vaccine,0.0,0.0,0.0,0.0
352,10-14,new_vaccine,0.0,0.0,0.0,0.0
352,15-19,unvaccinated,230.5,9576.5,2.0,0.0
352,15-19,old_vaccine,0.0,0.0,0.0,0.0
352,15-19,new_vaccine,0.0,0.0,0.0,0.0
352,20-24,unvaccinated,702.5,10049.0,5.0,0.0
352,20-24,old_vaccine,0.0,0.0,0.0,0.0
352,20-24,new_vaccine,0.0,0.0,0.0,0.0
352,25-29,unvaccinated,1167.5,10824.5,5.0,0.0
352,25-29,old_vaccine,0.0,0.0,0.0,0.0
352,25-29,new_vaccine,0.0,0.0,0.0,0.0
352,30-34,unvaccinated,1255.5,10989.0,7.5,0.0
352,30-34,old_vaccine,0.0,0.0,0.0,0.0
352,30-34,new_vaccine,0.0,0.0,0.0,0.0
352,35-39,unvaccinated,1117.5,10948.0,14.5,0.0
352,35-39,old_vaccine,0.0,0.0,0.0,0.0
352,35-39,new_vaccine,0.0,0.0,0.0,0.0
352,40-44,unvaccinated,1133.5,10397.5,19.5,0.0
352,40-44,old_vaccine,0.0,0.0,0.0,0.0
352,40-44,new_vaccine,0.0,0.0,0.0,0.0
352,45-49,unvaccinated,1372.0,9820.5,39.0,0.0
352,45-49,old_vaccine,0.0,0.0,0.0,0.0
352,45-49,new_vaccine,0.0,0.0,0.0,0.0
352,50-54,unvaccinated,2379.5,9961.5,103.0,0.0
352,50-54,old_vaccine,0.0,0.0,0.0,0.0
352,50-54,new_vaccine,0.0,0.0,0.0,0.0
352,55-59,unvaccinated,3139.0,8910.0,149.0,0.0
352,55-59,old_vaccine,0.0,0.0,0.0,0.0
352,55-59,new_vaccine,0.0,0.0,0.0,0.0
352,60-64,unvaccinated,2957.0,7315.0,331.0,0.0
352,60-64,old_vaccine,0.0,0.0,0.0,0.0
352,60-64,new_vaccine,0.0,0.0,0.0,0.0
352,65-69,unvaccinated,4837.5,4225.0,605.0,0.0
352,65-69,old_vaccine,0.0,0.0,0.0,0.0
352,65-69,new_vaccine,0.0,0.0,0.0,0.0
352,70-74,unvaccinated,5501.0,3236.0,1226.0,0.0
352,70-74,old_vaccine,0.0,0.0,0.0,0.0
352,70-74,new_vaccine,0.0,0.0,0.0,0.0
352,75+,unvaccinated,10058.0,4986.5,3950.5,0.0
352,75+,old_vaccine,0.0,0.0,0.0,0.0
352,75+,new_vaccine,0.0,0.0,0.0,0.0
353,0-4,unvaccinated,668.5,9569.5,11.5,0.0
353,0-4,old_vaccine,0.0,0.0,0.0,0.0
353,0-4,new_vaccine,0.0,0.0,0.0,0.0
353,5-9,unvaccinated,176.5,10857.0,0.5,0.0
353,5-9,old_vaccine,0.0,0.0,0.0,0.0
353,5-9,new_vaccine,0.0,0.0,0.0,0.0
353,10-14,unvaccinated,234.5,10188.0,2.0,0.0
353,10-14,old_vaccine,0.0,0.0,0.0,0.0
353,10-14,new_vaccine,0.0,0.0,0.0,0.0
353,15-19,unvaccinated,231.0,9561.5,2.0,0.0
353,15-19,old_vaccine,0.0,0.0,0.0,0.0
353,15-19,new_vaccine,0.0,0.0,0.0,0.0
353,20-24,unvaccinated,705.5,10043.0,5.5,0.0
353,20-24,old_vaccine,0.0,0.0,0.0,0.0
353,20-24,new_vaccine,0.0,0.0,0.0,0.0
353,25-29,unvaccinated,1181.0,10816.0,5.5,0.0
353,25-29,old_vaccine,0.0,0.0,0.0,0.0
353,25-29,new_vaccine,0.0,0.0,0.0,0.0
353,30-34,unvaccinated,1252.0,10985.5,7.5,0.0
353,30-34,old_vaccine,0.0,0.0,0.0,0.0
353,30-34,new_vaccine,0.0,0.0,0.0,0.0
353,35-39,unvaccinated,1117.5,10921.5,14.0,0.0
353,35-39,old_vaccine,0.0,0.0,0.0,0.0
353,35-39,new_vaccine,0.0,0.0,0.0,0.0
353,40-44,unvaccinated,1133.5,10439.0,19.0,0.0
353,40-44,old_vaccine,0.0,0.0,0.0,0.0
353,40-44,new_vaccine,0.0,0.0,0.0,0.0
353,45-49,unvaccinated,1390.5,9804.0,40.0,0.0
353,45-49,old_vaccine,0.0,0.0,0.0,0.0
353,45-49,new_vaccine,0.0,0.0,0.0,0.0
353,50-54,unvaccinated,2400.0,9924.5,104.5,0.0
353,50-54,old_vaccine,0.0,0.0,0.0,0.0
353,50-54,new_vaccine,0.0,0.0,0.0,0.0
353,55-59,unvaccinated,3115.5,8903.0,148.0,0.0
353,55-59,old_vaccine,0.0,0.0,0.0,0.0
353,55-59,new_vaccine,0.0,0.0,0.0,0.0
353,60-64,unvaccinated,2965.0,7336.0,331.0,0.0
353,60-64,old_vaccine,0.0,0.0,0.0,0.0
353,60-64,new_vaccine,0.0,0.0,0.0,0.0
353,65-69,unvaccinated,4840.0,4217.5,603.0,0.0
353,65-69,old_vaccine,0.0,0.0,0.0,0.0
353,65-69,new_vaccine,0.0,0.0,0.0,0.0
353,70-74,unvaccinated,5507.5,3229.0,1226.5,0.0
353,70-74,old_vaccine,0.0,0.0,0.0,0.0
353,70-74,new_vaccine,0.0,0.0,0.0,0.0
353,75+,unvaccinated,10078.0,4981.5,3957.0,0.0
353,75+,old_vaccine,0.0,0.0,0.0,0.0
353,75+,new_vaccine,0.0,0.0,0.0,0.0
354,0-4,unvaccinated,670.5,9586.5,11.5,0.0
354,0-4,old_vaccine,0.0,0.0,0.0,0.0
354,0-4,new_vaccine,0.0,0.0,0.0,0.0
354,5-9,unvaccinated,178.5,10855.0,0.0,0.0
354,5-9,old_vaccine,0.0,0.0,0.0,0.0
354,5-9,new_vaccine,0.0,0.0,0.0,0.0
354,10-14,unvaccinated,236.0,10199.0,2.5,0.0
354,10-14,old_vaccine,0.0,0.0,0.0,0.0
354,10-14,new_vaccine,0.0,0.0,0.0,0.0
354,15-19,unvaccinated,229.0,9565.5,2.0,0.0
354,15-19,old_vaccine,0.0,0.0,0.0,0.0
354,15-19,new_vaccine,0.0,0.0,0.0,0.0
354,20-24,unvaccinated,703.5,10012.5,5.5,0.0
354,20-24,old_vaccine,0.0,0.0,0.0,0.0
354,20-24,new_vaccine,0.0,0.0,0.0,0.0
354,25-29,unvaccinated,1186.5,10819.0,5.5,0.0
354,25-29,old_vaccine,0.0,0.0,0.0,0.0
354,25-29,new_vaccine,0.0,0.0,0.0,0.0
354,30-34,unvaccinated,1260.0,10962.5,7.5,0.0
354,30-34,old_vaccine,0.0,0.0,0.0,0.0
354,30-34,new_vaccine,0.0,0.0,0.0,0.0
354,35-39,unvaccinated,1123.0,10925.5,14.0,0.0
354,35-39,old_vaccine,0.0,0.0,0.0,0.0
354,35-39,new_vaccine,0.0,0.0,0.0,0.0
354,40-44,unvaccinated,1137.0,10457.5,17.5,0.0
354,40-44,old_vaccine,0.0,0.0,0.0,0.0
354,40-44,new_vaccine,0.0,0.0,0.0,0.0
354,45-49,unvaccinated,1387.5,9809.5,42.5,0.0
354,45-49,old_vaccine,0.0,0.0,0.0,0.0
354,45-49,new_vaccine,0.0,0.0,0.0,0.0
354,50-54,unvaccinated,2408.5,9945.0,103.0,0.0
354,50-54,old_vaccine,0.0,0.0,0.0,0.0
354,50-54,new_vaccine,0.0,0.0,0.0,0.0
354,55-59,unvaccinated,3109.5,8910.0,150.0,0.0
354,55-59,old_vaccine,0.0,0.0,0.0,0.0
354,55-59,new_vaccine,0.0,0.0,0.0,0.0
354,60-64,unvaccinated,2978.0,7329.0,333.0,0.0
354,60-64,old_vaccine,0.0,0.0,0.0,0.0
354,60-64,new_vaccine,0.0,0.0,0.0,0.0
354,65-69,unvaccinated,4839.5,4212.0,604.5,0.0
354,65-69,old_vaccine,0.0,0.0,0.0,0.0
354,65-69,new_vaccine,0.0,0.0,0.0,0.0
354,70-74,unvaccinated,5510.5,3254.0,1228.5,0.0
354,70-74,old_vaccine,0.0,0.0,0.0,0.0
354,70-74,new_vaccine,0.0,0.0,0.0,0.0
354,75+,unvaccinated,10091.5,4998.5,3961.0,0.0
354,75+,old_vaccine,0.0,0.0,0.0,0.0
354,75+,new_vaccine,0.0,0.0,0.0,0.0
355,0-4,unvaccinated,672.0,9618.0,12.5,0.0
355,0-4,old_vaccine,0.0,0.0,0.0,0.0
355,0-4,new_vaccine,0.0,0.0,0.0,0.0
355,5-9,unvaccinated,176.0,10838.0,0.0,0.0
355,5-9,old_vaccine,0.0,0.0,0.0,0.0
355,5-9,new_vaccine,0.0,0.0,0.0,0.0
355,10-14,unvaccinated,235.5,10224.5,2.5,0.0
355,10-14,old_vaccine,0.0,0.0,0.0,0.0
355,10-14,new_vaccine,0.0,0.0,0.0,0.0
355,15-19,unvaccinated,225.5,9603.0,2.0,0.0
355,15-19,old_vaccine,0.0,0.0,0.0,0.0
355,15-19,new_vaccine,0.0,0.0,0.0,0.0
355,20-24,unvaccinated,708.5,10007.5,5.5,0.0
355,20-24,old_vaccine,0.0,0.0,0.0,0.0
355,20-24,new_vaccine,0.0,0.0,0.0,0.0
355,25-29,unvaccinated,1197.0,10813.5,5.5,0.0
355,25-29,old_vaccine,0.0,0.0,0.0,0.0
355,25-29,new_vaccine,0.0,0.0,0.0,0.0
355,30-34,unvaccinated,1255.5,10939.5,7.5,0.0
355,30-34,old_vaccine,0.0,0.0,0.0,0.0
355,30-34,new_vaccine,0.0,0.0,0.0,0.0
355,35-39,unvaccinated,1105.0,10888.0,13.5,0.0
355,35-39,old_vaccine,0.0,0.0,0.0,0.0
355,35-39,new_vaccine,0.0,0.0,0.0,0.0
355,40-44,unvaccinated,1137.5,10436.0,19.0,0.0
355,40-44,old_vaccine,0.0,0.0,0.0,0.0
355,40-44,new_vaccine,0.0,0.0,0.0,0.0
355,45-49,unvaccinated,1384.5,9834.0,41.5,0.0
355,45-49,old_vaccine,0.0,0.0,0.0,0.0
355,45-49,new_vaccine,0.0,0.0,0.0,0.0
355,50-54,unvaccinated,2401.5,9970.5,102.5,0.0
355,50-54,old_vaccine,0.0,0.0,0.0,0.0
355,50-54,new_vaccine,0.0,0.0,0.0,0.0
355,55-59,unvaccinated,3130.0,8906.5,152.5,0.0
355,55-59,old_vaccine,0.0,0.0,0.0,0.0
355,55-59,new_vaccine,0.0,0.0,0.0,0.0
355,60-64,unvaccinated,2984.5,7328.0,334.0,0.0
355,60-64,old_vaccine,0.0,0.0,0.0,0.0
355,60-64,new_vaccine,0.0,0.0,0.0,0.0
355,65-69,unvaccinated,4836.5,4197.5,603.0,0.0
355,65-69,old_vaccine,0.0,0.0,0.0,0.0
355,65-69,new_vaccine,0.0,0.0,0.0,0.0
355,70-74,unvaccinated,5534.5,3248.0,1233.0,0.0
355,70-74,old_vaccine,0.0,0.0,0.0,0.0
355,70-74,new_vaccine,0.0,0.0,0.0,0.0
355,75+,unvaccinated,10106.5,4998.0,3965.5,0.0
355,75+,old_vaccine,0.0,0.0,0.0,0.0
355,75+,new_vaccine,0.0,0.0,0.0,0.0
356,0-4,unvaccinated,664.0,9624.0,12.5,0.0
356,0-4,old_vaccine,0.0,0.0,0.0,0.0
356,0-4,new_vaccine,0.0,0.0,0.0,0.0
356,5-9,unvaccinated,172.0,10807.0,0.0,0.0
356,5-9,old_vaccine,0.0,0.0,0.0,0.0
356,5-9,new_vaccine,0.0,0.0,0.0,0.0
356,10-14,unvaccinated,239.5,10232.5,2.5,0.0
356,10-14,old_vaccine,0.0,0.0,0.0,0.0
356,10-14,new_vaccine,0.0,0.0,0.0,0.0
356,15-19,unvaccinated,228.0,9574.5,2.0,0.0
356,15-19,old_vaccine,0.0,0.0,0.0,0.0
356,15-19,new_vaccine,0.0,0.0,0.0,0.0
356,20-24,unvaccinated,707.0,9996.0,6.0,0.0
356,20-24,old_vaccine,0.0,0.0,0.0,0.0
356,20-24,new_vaccine,0.0,0.0,0.0,0.0
356,25-29,unvaccinated,1200.0,10828.5,5.0,0.0
356,25-29,old_vaccine,0.0,0.0,0.0,0.0
356,25-29,new_vaccine,0.0,0.0,0.0,0.0
356,30-34,unvaccinated,1248.0,10953.5,7.5,0.0
356,30-34,old_vaccine,0.0,0.0,0.0,0.0
356,30-34,new_vaccine,0.0,0.0,0.0,0.0
356,35-39,unvaccinated,1089.5,10850.0,14.0,0.0
356,35-39,old_vaccine,0.0,0.0,0.0,0.0
356,35-39,new_vaccine,0.0,0.0,0.0,0.0
356,40-44,unvaccinated,1144.0,10423.5,19.0,0.0
356,40-44,old_vaccine,0.0,0.0,0.0,0.0
356,40-44,new_vaccine,0.0,0.0,0.0,0.0
356,45-49,unvaccinated,1386.5,9872.5,41.0,0.0
356,45-49,old_vaccine,0.0,0.0,0.0,0.0
356,45-49,new_vaccine,0.0,0.0,0.0,0.0
356,50-54,unvaccinated,2411.0,9957.0,103.5,0.0
356,50-54,old_vaccine,0.0,0.0,0.0,0.0
356,50-54,new_vaccine,0.0,0.0,0.0,0.0
356,55-59,unvaccinated,3114.0,8900.0,153.5,0.0
356,55-59,old_vaccine,0.0,0.0,0.0,0.0
356,55-59,new_vaccine,0.0,0.0,0.0,0.0
356,60-64,unvaccinated,2994.0,7332.5,333.5,0.0
356,60-64,old_vaccine,0.0,0.0,0.0,0.0
356,60-64,new_vaccine,0.0,0.0,0.0,0.0
356,65-69,unvaccinated,4825.5,4171.0,604.0,0.0
356,65-69,old_vaccine,0.0,0.0,0.0,0.0
356,65-69,new_vaccine,0.0,0.0,0.0,0.0
356,70-74,unvaccinated,5540.5,3246.0,1233.5,0.0
356,70-74,old_vaccine,0.0,0.0,0.0,0.0
356,70-74,new_vaccine,0.0,0.0,0.0,0.0
356,75+,unvaccinated,10109.0,5021.5,3968.5,0.0
356,75+,old_vaccine,0.0,0.0,0.0,0.0
356,75+,new_vaccine,0.0,0.0,0.0,0.0
357,0-4,unvaccinated,655.0,9633.0,13.0,0.0
357,0-4,old_vaccine,0.0,0.0,0.0,0.0
357,0-4,new_vaccine,0.0,0.0,0.0,0.0
357,5-9,unvaccinated,172.5,10792.5,0.0,0.0
357,5-9,old_vaccine,0.0,0.0,0.0,0.0
357,5-9,new_vaccine,0.0,0.0,0.0,0.0
357,10-14,unvaccinated,241.0,10221.0,2.5,0.0
357,10-14,old_vaccine,0.0,0.0,0.0,0.0
357,10-14,new_vaccine,0.0,0.0,0.0,0.0
357,15-19,unvaccinated,231.0,9570.0,2.0,0.0
357,15-19,old_vaccine,0.0,0.0,0.0,0.0
357,15-19,new_vaccine,0.0,0.0,0.0,0.0
357,20-24,unvaccinated,711.0,9979.0,6.5,0.0
357,20-24,old_vaccine,0.0,0.0,0.0,0.0
357,20-24,new_vaccine,0.0,0.0,0.0,0.0
357,25-29,unvaccinated,1200.5,10839.0,4.5,0.0
357,25-29,old_vaccine,0.0,0.0,0.0,0.0
357,25-29,new_vaccine,0.0,0.0,0.0,0.0
357,30-34,unvaccinated,1247.5,10935.0,7.0,0.0
357,30-34,old_vaccine,0.0,0.0,0.0,0.0
357,30-34,new_vaccine,0.0,0.0,0.0,0.0
357,35-39,unvaccinated,1095.0,10854.5,14.0,0.0
357,35-39,old_vaccine,0.0,0.0,0.0,0.0
357,35-39,new_vaccine,0.0,0.0,0.0,0.0
357,40-44,unvaccinated,1132.0,10386.0,19.0,0.0
357,40-44,old_vaccine,0.0,0.0,0.0,0.0
357,40-44,new_vaccine,0.0,0.0,0.0,0.0
357,45-49,unvaccinated,1390.0,9867.5,42.0,0.0
357,45-49,old_vaccine,0.0,0.0,0.0,0.0
357,45-49,new_vaccine,0.0,0.0,0.0,0.0
357,50-54,unvaccinated,2421.0,9934.0,102.5,0.0
357,50-54,old_vaccine,0.0,0.0,0.0,0.0
357,50-54,new_vaccine,0.0,0.0,0.0,0.0
357,55-59,unvaccinated,3118.5,8900.0,151.5,0.0
357,55-59,old_vaccine,0.0,0.0,0.0,0.0
357,55-59,new_vaccine,0.0,0.0,0.0,0.0
357,60-64,unvaccinated,3000.5,7299.5,335.0,0.0
357,60-64,old_vaccine,0.0,0.0,0.0,0.0
357,60-64,new_vaccine,0.0,0.0,0.0,0.0
357,65-69,unvaccinated,4816.5,4197.0,602.0,0.0
357,65-69,old_vaccine,0.0,0.0,0.0,0.0
357,65-69,new_vaccine,0.0,0.0,0.0,0.0
357,70-74,unvaccinated,5550.5,3230.5,1233.5,0.0
357,70-74,old_vaccine,0.0,0.0,0.0,0.0
357,70-74,new_vaccine,0.0,0.0,0.0,0.0
357,75+,unvaccinated,10121.5,5036.5,3979.0,0.0
357,75+,old_vaccine,0.0,0.0,0.0,0.0
357,75+,new_vaccine,0.0,0.0,0.0,0.0
358,0-4,unvaccinated,649.0,9652.0,14.0,0.0
358,0-4,old_vaccine,0.0,0.0,0.0,0.0
358,0-4,new_vaccine,0.0,0.0,0.0,0.0
358,5-9,unvaccinated,176.0,10775.0,0.0,0.0
358,5-9,old_vaccine,0.0,0.0,0.0,0.0
358,5-9,new_vaccine,0.0,0.0,0.0,0.0
358,10-14,unvaccinated,240.5,10243.5,2.5,0.0
358,10-14,old_vaccine,0.0,0.0,0.0,0.0
358,10-14,new_vaccine,0.0,0.0,0.0,0.0
358,15-19,unvaccinated,231.5,9519.5,2.0,0.0
358,15-19,old_vaccine,0.0,0.0,0.0,0.0
358,15-19,new_vaccine,0.0,0.0,0.0,0.0
358,20-24,unvaccinated,710.5,9946.0,6.5,0.0
358,20-24,old_vaccine,0.0,0.0,0.0,0.0
358,20-24,new_vaccine,0.0,0.0,0.0,0.0
358,25-29,unvaccinated,1208.5,10776.5,4.5,0.0
358,25-29,old_vaccine,0.0,0.0,0.0,0.0
358,25-29,new_vaccine,0.0,0.0,0.0,0.0
358,30-34,unvaccinated,1260.0,10917.5,6.5,0.0
358,30-34,old_vaccine,0.0,0.0,0.0,0.0
358,30-34,new_vaccine,0.0,0.0,0.0,0.0
358,35-39,unvaccinated,1092.0,10847.5,14.0,0.0
358,35-39,old_vaccine,0.0,0.0,0.0,0.0
358,35-39,new_vaccine,0.0,0.0,0.0,0.0
358,40-44,unvaccinated,1138.0,10367.0,19.5,0.0
358,40-44,old_vaccine,0.0,0.0,0.0,0.0
358,40-44,new_vaccine,0.0,0.0,0.0,0.0
358,45-49,unvaccinated,1385.0,9849.5,40.5,0.0
358,45-49,old_vaccine,0.0,0.0,0.0,0.0
358,45-49,new_vaccine,0.0,0.0,0.0,0.0
358,50-54,unvaccinated,2423.5,9933.0,102.0,0.0
358,50-54,old_vaccine,0.0,0.0,0.0,0.0
358,50-54,new_vaccine,0.0,0.0,0.0,0.0
358,55-59,unvaccinated,3130.5,8902.0,151.5,0.0
358,55-59,old_vaccine,0.0,0.0,0.0,0.0
358,55-59,new_vaccine,0.0,0.0,0.0,0.0
358,60-64,unvaccinated,2991.5,7314.0,335.5,0.0
358,60-64,old_vaccine,0.0,0.0,0.0,0.0
358,60-64,new_vaccine,0.0,0.0,0.0,0.0
358,65-69,unvaccinated,4808.5,4213.5,598.0,0.0
358,65-69,old_vaccine,0.0,0.0,0.0,0.0
358,65-69,new_vaccine,0.0,0.0,0.0,0.0
358,70-74,unvaccinated,5547.5,3242.5,1236.5,0.0
358,70-74,old_vaccine,0.0,0.0,0.0,0.0
358,70-74,new_vaccine,0.0,0.0,0.0,0.0
358,75+,unvaccinated,10126.5,5033.0,3981.0,0.0
358,75+,old_vaccine,0.0,0.0,0.0,0.0
358,75+,new_vaccine,0.0,0.0,0.0,0.0
359,0-4,unvaccinated,652.5,9661.5,12.5,0.0
359,0-4,old_vaccine,0.0,0.0,0.0,0.0
359,0-4,new_vaccine,0.0,0.0,0.0,0.0
359,5-9,unvaccinated,175.0,10784.5,0.0,0.0
359,5-9,old_vaccine,0.0,0.0,0.0,0.0
359,5-9,new_vaccine,0.0,0.0,0.0,0.0
359,10-14,unvaccinated,238.0,10240.0,2.5,0.0
359,10-14,old_vaccine,0.0,0.0,0.0,0.0
359,10-14,new_vaccine,0.0,0.0,0.0,0.0
359,15-19,unvaccinated,230.5,9508.5,2.0,0.0
359,15-19,old_vaccine,0.0,0.0,0.0,0.0
359,15-19,new_vaccine,0.0,0.0,0.0,0.0
359,20-24,unvaccinated,713.0,9964.0,6.5,0.0
359,20-24,old_vaccine,0.0,0.0,0.0,0.0
359,20-24,new_vaccine,0.0,0.0,0.0,0.0
359,25-29,unvaccinated,1217.5,10767.0,4.5,0.0
359,25-29,old_vaccine,0.0,0.0,0.0,0.0
359,25-29,new_vaccine,0.0,0.0,0.0,0.0
359,30-34,unvaccinated,1261.5,10952.5,6.5,0.0
359,30-34,old_vaccine,0.0,0.0,0.0,0.0
359,30-34,new_vaccine,0.0,0.0,0.0,0.0
359,35-39,unvaccinated,1096.5,10850.0,14.0,0.0
359,35-39,old_vaccine,0.0,0.0,0.0,0.0
359,35-39,new_vaccine,0.0,0.0,0.0,0.0
359,40-44,unvaccinated,1143.5,10343.0,20.5,0.0
359,40-44,old_vaccine,0.0,0.0,0.0,0.0
359,40-44,new_vaccine,0.0,0.0,0.0,0.0
359,45-49,unvaccinated,1389.0,9851.5,40.5,0.0
359,45-49,old_vaccine,0.0,0.0,0.0,0.0
359,45-49,new_vaccine,0.0,0.0,0.0,0.0
359,50-54,unvaccinated,2406.5,9926.0,101.5,0.0
359,50-54,old_vaccine,0.0,0.0,0.0,0.0
359,50-54,new_vaccine,0.0,0.0,0.0,0.0
359,55-59,unvaccinated,3108.0,8915.5,150.5,0.0
359,55-59,old_vaccine,0.0,0.0,0.0,0.0
359,55-59,new_vaccine,0.0,0.0,0.0,0.0
359,60-64,unvaccinated,2983.5,7328.0,335.0,0.0
359,60-64,old_vaccine,0.0,0.0,0.0,0.0
359,60-64,new_vaccine,0.0,0.0,0.0,0.0
359,65-69,unvaccinated,4825.5,4212.0,598.5,0.0
359,65-69,old_vaccine,0.0,0.0,0.0,0.0
359,65-69,new_vaccine,0.0,0.0,0.0,0.0
359,70-74,unvaccinated,5536.0,3227.0,1233.0,0.0
359,70-74,old_vaccine,0.0,0.0,0.0,0.0
359,70-74,new_vaccine,0.0,0.0,0.0,0.0
359,75+,unvaccinated,10138.0,5022.0,3988.0,0.0
359,75+,old_vaccine,0.0,0.0,0.0,0.0
359,75+,new_vaccine,0.0,0.0,0.0,0.0
360,0-4,unvaccinated,639.5,9647.5,12.5,0.0
360,0-4,old_vaccine,0.0,0.0,0.0,0.0
360,0-4,new_vaccine,0.0,0.0,0.0,0.0
360,5-9,unvaccinated,175.0,10786.0,0.0,0.0
360,5-9,old_vaccine,0.0,0.0,0.0,0.0
360,5-9,new_vaccine,0.0,0.0,0.0,0.0
360,10-14,unvaccinated,240.5,10245.0,2.5,0.0
360,10-14,old_vaccine,0.0,0.0,0.0,0.0
360,10-14,new_vaccine,0.0,0.0,0.0,0.0
360,15-19,unvaccinated,228.5,9523.5,2.0,0.0
360,15-19,old_vaccine,0.0,0.0,0.0,0.0
360,15-19,new_vaccine,0.0,0.0,0.0,0.0
360,20-24,unvaccinated,708.5,9949.5,6.5,0.0
360,20-24,old_vaccine,0.0,0.0,0.0,0.0
360,20-24,new_vaccine,0.0,0.0,0.0,0.0
360,25-29,unvaccinated,1221.5,10786.5,4.0,0.0
360,25-29,old_vaccine,0.0,0.0,0.0,0.0
360,25-29,new_vaccine,0.0,0.0,0.0,0.0
360,30-34,unvaccinated,1248.5,10977.0,6.5,0.0
360,30-34,old_vaccine,0.0,0.0,0.0,0.0
360,30-34,new_vaccine,0.0,0.0,0.0,0.0
360,35-39,unvaccinated,1107.0,10885.0,13.5,0.0
360,35-39,old_vaccine,0.0,0.0,0.0,0.0
360,35-39,new_vaccine,0.0,0.0,0.0,0.0
360,40-44,unvaccinated,1125.0,10357.0,20.5,0.0
360,40-44,old_vaccine,0.0,0.0,0.0,0.0
360,40-44,new_vaccine,0.0,0.0,0.0,0.0
360,45-49,unvaccinated,1380.5,9852.5,41.0,0.0
360,45-49,old_vaccine,0.0,0.0,0.0,0.0
360,45-49,new_vaccine,0.0,0.0,0.0,0.0
360,50-54,unvaccinated,2413.0,9947.5,101.0,0.0
360,50-54,old_vaccine,0.0,0.0,0.0,0.0
360,50-54,new_vaccine,0.0,0.0,0.0,0.0
360,55-59,unvaccinated,3105.5,8932.0,151.0,0.0
360,55-59,old_vaccine,0.0,0.0,0.0,0.0
360,55-59,new_vaccine,0.0,0.0,0.0,0.0
360,60-64,unvaccinated,2979.5,7315.0,335.5,0.0
360,60-64,old_vaccine,0.0,0.0,0.0,0.0
360,60-64,new_vaccine,0.0,0.0,0.0,0.0
360,65-69,unvaccinated,4829.5,4227.0,601.5,0.0
360,65-69,old_vaccine,0.0,0.0,0.0,0.0
360,65-69,new_vaccine,0.0,0.0,0.0,0.0
360,70-74,unvaccinated,5543.5,3220.5,1234.5,0.0
360,70-74,old_vaccine,0.0,0.0,0.0,0.0
360,70-74,new_vaccine,0.0,0.0,0.0,0.0
360,75+,unvaccinated,10143.5,5046.0,3990.5,0.0
360,75+,old_vaccine,0.0,0.0,0.0,0.0
360,75+,new_vaccine,0.0,0.0,0.0,0.0
361,0-4,unvaccinated,645.0,9589.5,13.0,0.0
361,0-4,old_vaccine,0.0,0.0,0.0,0.0
361,0-4,new_vaccine,0.0,0.0,0.0,0.0
361,5-9,unvaccinated,175.0,10779.0,0.0,0.0
361,5-9,old_vaccine,0.0,0.0,0.0,0.0
361,5-9,new_vaccine,0.0,0.0,0.0,0.0
361,10-14,unvaccinated,235.5,10225.5,2.5,0.0
361,10-14,old_vaccine,0.0,0.0,0.0,0.0
361,10-14,new_vaccine,0.0,0.0,0.0,0.0
361,15-19,unvaccinated,223.5,9530.0,2.0,0.0
361,15-19,old_vaccine,0.0,0.0,0.0,0.0
361,15-19,new_vaccine,0.0,0.0,0.0,0.0
361,20-24,unvaccinated,710.0,9986.0,7.0,0.0
361,20-24,old_vaccine,0.0,0.0,0.0,0.0
361,20-24,new_vaccine,0.0,0.0,0.0,0.0
361,25-29,unvaccinated,1206.0,10809.0,4.0,0.0
361,25-29,old_vaccine,0.0,0.0,0.0,0.0
361,25-29,new_vaccine,0.0,0.0,0.0,0.0
361,30-34,unvaccinated,1248.5,10997.5,6.5,0.0
361,30-34,old_vaccine,0.0,0.0,0.0,0.0
361,30-34,new_vaccine,0.0,0.0,0.0,0.0
361,35-39,unvaccinated,1102.5,10912.5,13.0,0.0
361,35-39,old_vaccine,0.0,0.0,0.0,0.0
361,35-39,new_vaccine,0.0,0.0,0.0,0.0
361,40-44,unvaccinated,1118.0,10365.0,19.5,0.0
361,40-44,old_vaccine,0.0,0.0,0.0,0.0
361,40-44,new_vaccine,0.0,0.0,0.0,0.0
361,45-49,unvaccinated,1380.5,9857.0,40.5,0.0
361,45-49,old_vaccine,0.0,0.0,0.0,0.0
361,45-49,new_vaccine,0.0,0.0,0.0,0.0
361,50-54,unvaccinated,2413.5,9925.0,101.5,0.0
361,50-54,old_vaccine,0.0,0.0,0.0,0.0
361,50-54,new_vaccine,0.0,0.0,0.0,0.0
361,55-59,unvaccinated,3110.5,8952.0,148.5,0.0
361,55-59,old_vaccine,0.0,0.0,0.0,0.0
361,55-59,new_vaccine,0.0,0.0,0.0,0.0
361,60-64,unvaccinated,2973.0,7323.5,337.5,0.0
361,60-64,old_vaccine,0.0,0.0,0.0,0.0
361,60-64,new_vaccine,0.0,0.0,0.0,0.0
361,65-69,unvaccinated,4816.0,4241.5,603.5,0.0
361,65-69,old_vaccine,0.0,0.0,0.0,0.0
361,65-69,new_vaccine,0.0,0.0,0.0,0.0
361,70-74,unvaccinated,5547.5,3213.5,1235.5,0.0
361,70-74,old_vaccine,0.0,0.0,0.0,0.0
361,70-74,new_vaccine,0.0,0.0,0.0,0.0
361,75+,unvaccinated,10145.0,5029.0,3992.0,0.0
361,75+,old_vaccine,0.0,0.0,0.0,0.0
361,75+,new_vaccine,0.0,0.0,0.0,0.0
362,0-4,unvaccinated,651.5,9604.5,12.0,0.0
362,0-4,old_vaccine,0.0,0.0,0.0,0.0
362,0-4,new_vaccine,0.0,0.0,0.0,0.0
362,5-9,unvaccinated,178.0,10800.5,0.0,0.0
362,5-9,old_vaccine,0.0,0.0,0.0,0.0
362,5-9,new_vaccine,0.0,0.0,0.0,0.0
362,10-14,unvaccinated,234.5,10208.0,3.0,0.0
362,10-14,old_vaccine,0.0,0.0,0.0,0.0
362,10-14,new_vaccine,0.0,0.0,0.0,0.0
362,15-19,unvaccinated,221.0,9542.5,2.0,0.0
362,15-19,old_vaccine,0.0,0.0,0.0,0.0
362,15-19,new_vaccine,0.0,0.0,0.0,0.0
362,20-24,unvaccinated,721.5,10002.0,7.5,0.0
362,20-24,old_vaccine,0.0,0.0,0.0,0.0
362,20-24,new_vaccine,0.0,0.0,0.0,0.0
362,25-29,unvaccinated,1193.0,10804.0,4.0,0.0
362,25-29,old_vaccine,0.0,0.0,0.0,0.0
362,25-29,new_vaccine,0.0,0.0,0.0,0.0
362,30-34,unvaccinated,1250.5,10983.5,6.5,0.0
362,30-34,old_vaccine,0.0,0.0,0.0,0.0
362,30-34,new_vaccine,0.0,0.0,0.0,0.0
362,35-39,unvaccinated,1100.0,10936.5,13.0,0.0
362,35-39,old_vaccine,0.0,0.0,0.0,0.0
362,35-39,new_vaccine,0.0,0.0,0.0,0.0
362,40-44,unvaccinated,1117.5,10378.0,19.0,0.0
362,40-44,old_vaccine,0.0,0.0,0.0,0.0
362,40-44,new_vaccine,0.0,0.0,0.0,0.0
362,45-49,unvaccinated,1373.5,9868.0,38.0,0.0
362,45-49,old_vaccine,0.0,0.0,0.0,0.0
362,45-49,new_vaccine,0.0,0.0,0.0,0.0
362,50-54,unvaccinated,2402.0,9919.0,100.5,0.0
362,50-54,old_vaccine,0.0,0.0,0.0,0.0
362,50-54,new_vaccine,0.0,0.0,0.0,0.0
362,55-59,unvaccinated,3111.5,8930.0,146.0,0.0
362,55-59,old_vaccine,0.0,0.0,0.0,0.0
362,55-59,new_vaccine,0.0,0.0,0.0,0.0
362,60-64,unvaccinated,2972.5,7310.0,339.0,0.0
362,60-64,old_vaccine,0.0,0.0,0.0,0.0
362,60-64,new_vaccine,0.0,0.0,0.0,0.0
362,65-69,unvaccinated,4836.5,4249.5,605.5,0.0
362,65-69,old_vaccine,0.0,0.0,0.0,0.0
362,65-69,new_vaccine,0.0,0.0,0.0,0.0
362,70-74,unvaccinated,5529.5,3200.5,1235.5,0.0
362,70-74,old_vaccine,0.0,0.0,0.0,0.0
362,70-74,new_vaccine,0.0,0.0,0.0,0.0
362,75+,unvaccinated,10095.0,5032.0,3993.0,0.0
362,75+,old_vaccine,0.0,0.0,0.0,0.0
362,75+,new_vaccine,0.0,0.0,0.0,0.0
363,0-4,unvaccinated,655.5,9590.5,12.5,0.0
363,0-4,old_vaccine,0.0,0.0,0.0,0.0
363,0-4,new_vaccine,0.0,0.0,0.0,0.0
363,5-9,unvaccinated,180.0,10826.0,0.0,0.0
363,5-9,old_vaccine,0.0,0.0,0.0,0.0
363,5-9,new_vaccine,0.0,0.0,0.0,0.0
363,10-14,unvaccinated,234.0,10187.0,3.0,0.0
363,10-14,old_vaccine,0.0,0.0,0.0,0.0
363,10-14,new_vaccine,0.0,0.0,0.0,0.0
363,15-19,unvaccinated,227.0,9526.0,2.0,0.0
363,15-19,old_vaccine,0.0,0.0,0.0,0.0
363,15-19,new_vaccine,0.0,0.0,0.0,0.0
363,20-24,unvaccinated,724.5,10005.0,7.5,0.0
363,20-24,old_vaccine,0.0,0.0,0.0,0.0
363,20-24,new_vaccine,0.0,0.0,0.0,0.0
363,25-29,unvaccinated,1188.0,10811.5,4.0,0.0
363,25-29,old_vaccine,0.0,0.0,0.0,0.0
363,25-29,new_vaccine,0.0,0.0,0.0,0.0
363,30-34,unvaccinated,1247.5,10968.5,6.0,0.0
363,30-34,old_vaccine,0.0,0.0,0.0,0.0
363,30-34,new_vaccine,0.0,0.0,0.0,0.0
363,35-39,unvaccinated,1102.0,10961.5,13.5,0.0
363,35-39,old_vaccine,0.0,0.0,0.0,0.0
363,35-39,new_vaccine,0.0,0.0,0.0,0.0
363,40-44,unvaccinated,1124.5,10379.0,17.5,0.0
363,40-44,old_vaccine,0.0,0.0,0.0,0.0
363,40-44,new_vaccine,0.0,0.0,0.0,0.0
363,45-49,unvaccinated,1391.0,9836.0,38.5,0.0
363,45-49,old_vaccine,0.0,0.0,0.0,0.0
363,45-49,new_vaccine,0.0,0.0,0.0,0.0
363,50-54,unvaccinated,2385.5,9928.0,100.0,0.0
363,50-54,old_vaccine,0.0,0.0,0.0,0.0
363,50-54,new_vaccine,0.0,0.0,0.0,0.0
363,55-59,unvaccinated,3101.5,8903.5,144.5,0.0
363,55-59,old_vaccine,0.0,0.0,0.0,0.0
363,55-59,new_vaccine,0.0,0.0,0.0,0.0
363,60-64,unvaccinated,2986.0,7284.5,338.5,0.0
363,60-64,old_vaccine,0.0,0.0,0.0,0.0
363,60-64,new_vaccine,0.0,0.0,0.0,0.0
363,65-69,unvaccinated,4854.0,4259.0,607.0,0.0
363,65-69,old_vaccine,0.0,0.0,0.0,0.0
363,65-69,new_vaccine,0.0,0.0,0.0,0.0
363,70-74,unvaccinated,5533.5,3197.0,1236.0,0.0
363,70-74,old_vaccine,0.0,0.0,0.0,0.0
363,70-74,new_vaccine,0.0,0.0,0.0,0.0
363,75+,unvaccinated,10078.0,5028.5,3993.0,0.0
363,75+,old_vaccine,0.0,0.0,0.0,0.0
363,75+,new_vaccine,0.0,0.0,0.0,0.0
364,0-4,unvaccinated,653.0,9566.5,12.0,0.0
364,0-4,old_vaccine,0.0,0.0,0.0,0.0
364,0-4,new_vaccine,0.0,0.0,0.0,0.0
364,5-9,unvaccinated,185.0,10804.0,0.5,0.0
364,5-9,old_vaccine,0.0,0.0,0.0,0.0
364,5-9,new_vaccine,0.0,0.0,0.0,0.0
364,10-14,unvaccinated,237.0,10194.5,3.5,0.0
364,10-14,old_vaccine,0.0,0.0,0.0,0.0
364,10-14,new_vaccine,0.0,0.0,0.0,0.0
364,15-19,unvaccinated,224.5,9557.5,2.0,0.0
364,15-19,old_vaccine,0.0,0.0,0.0,0.0
364,15-19,new_vaccine,0.0,0.0,0.0,0.0
364,20-24,unvaccinated,724.5,10014.0,7.0,0.0
364,20-24,old_vaccine,0.0,0.0,0.0,0.0
364,20-24,new_vaccine,0.0,0.0,0.0,0.0
364,25-29,unvaccinated,1197.0,10791.0,4.5,0.0
364,25-29,old_vaccine,0.0,0.0,0.0,0.0
364,25-29,new_vaccine,0.0,0.0,0.0,0.0
364,30-34,unvaccinated,1252.5,11027.5,6.0,0.0
364,30-34,old_vaccine,0.0,0.0,0.0,0.0
364,30-34,new_vaccine,0.0,0.0,0.0,0.0
364,35-39,unvaccinated,1103.5,10983.0,13.0,0.0
364,35-39,old_vaccine,0.0,0.0,0.0,0.0
364,35-39,new_vaccine,0.0,0.0,0.0,0.0
364,40-44,unvaccinated,1136.5,10388.5,18.0,0.0
364,40-44,old_vaccine,0.0,0.0,0.0,0.0
364,40-44,new_vaccine,0.0,0.0,0.0,0.0
364,45-49,unvaccinated,1387.5,9844.0,38.5,0.0
364,45-49,old_vaccine,0.0,0.0,0.0,0.0
364,45-49,new_vaccine,0.0,0.0,0.0,0.0
364,50-54,unvaccinated,2398.5,9951.5,100.5,0.0
364,50-54,old_vaccine,0.0,0.0,0.0,0.0
364,50-54,new_vaccine,0.0,0.0,0.0,0.0
364,55-59,unvaccinated,3111.5,8925.0,144.5,0.0
364,55-59,old_vaccine,0.0,0.0,0.0,0.0
364,55-59,new_vaccine,0.0,0.0,0.0,0.0
364,60-64,unvaccinated,2994.0,7276.0,339.5,0.0
364,60-64,old_vaccine,0.0,0.0,0.0,0.0
364,60-64,new_vaccine,0.0,0.0,0.0,0.0
364,65-69,unvaccinated,4863.5,4239.5,608.5,0.0
364,65-69,old_vaccine,0.0,0.0,0.0,0.0
364,65-69,new_vaccine,0.0,0.0,0.0,0.0
364,70-74,unvaccinated,5536.0,3202.0,1237.0,0.0
364,70-74,old_vaccine,0.0,0.0,0.0,0.0
364,70-74,new_vaccine,0.0,0.0,0.0,0.0
364,75+,unvaccinated,10078.5,5014.5,3993.0,0.0
364,75+,old_vaccine,0.0,0.0,0.0,0.0
364,75+,new_vaccine,0.0,0.0,0.0,0.0
