t,ages,vacc_status,symptomatic,asymptomatic,hospitalised,dead
0,0-4,unvaccinated,0.0,0.0,0.0,0.0
0,0-4,old_vaccine,0.0,0.0,0.0,0.0
0,0-4,new_vaccine,0.0,0.0,0.0,0.0
0,5-9,unvaccinated,0.0,0.0,0.0,0.0
0,5-9,old_vaccine,0.0,0.0,0.0,0.0
0,5-9,new_vaccine,0.0,0.0,0.0,0.0
0,10-14,unvaccinated,0.0,0.0,0.0,0.0
0,10-14,old_vaccine,0.0,0.0,0.0,0.0
0,10-14,new_vaccine,0.0,0.0,0.0,0.0
0,15-19,unvaccinated,0.0,0.0,0.0,0.0
0,15-19,old_vaccine,0.0,0.0,0.0,0.0
0,15-19,new_vaccine,0.0,0.0,0.0,0.0
0,20-24,unvaccinated,0.0,0.0,0.0,0.0
0,20-24,old_vaccine,0.0,0.0,0.0,0.0
0,20-24,new_vaccine,0.0,0.0,0.0,0.0
0,25-29,unvaccinated,0.0,0.0,0.0,0.0
0,25-29,old_vaccine,0.0,0.0,0.0,0.0
0,25-29,new_vaccine,0.0,0.0,0.0,0.0
0,30-34,unvaccinated,0.0,0.0,0.0,0.0
0,30-34,old_vaccine,0.0,0.0,0.0,0.0
0,30-34,new_vaccine,0.0,0.0,0.0,0.0
0,35-39,unvaccinated,0.0,0.0,0.0,0.0
0,35-39,old_vaccine,0.0,0.0,0.0,0.0
0,35-39,new_vaccine,0.0,0.0,0.0,0.0
0,40-44,unvaccinated,0.0,0.0,0.0,0.0
0,40-44,old_vaccine,0.0,0.0,0.0,0.0
0,40-44,new_vaccine,0.0,0.0,0.0,0.0
0,45-49,unvaccinated,0.0,0.0,0.0,0.0
0,45-49,old_vaccine,0.0,0.0,0.0,0.0
0,45-49,new_vaccine,0.0,0.0,0.0,0.0
0,50-54,unvaccinated,0.0,0.0,0.0,0.0
0,50-54,old_vaccine,0.0,0.0,0.0,0.0
0,50-54,new_vaccine,0.0,0.0,0.0,0.0
0,55-59,unvaccinated,0.0,0.0,0.0,0.0
0,55-59,old_vaccine,0.0,0.0,0.0,0.0
0,55-59,new_vaccine,0.0,0.0,0.0,0.0
0,60-64,unvaccinated,0.0,0.0,0.0,0.0
0,60-64,old_vaccine,0.0,0.0,0.0,0.0
0,60-64,new_vaccine,0.0,0.0,0.0,0.0
0,65-69,unvaccinated,0.0,0.0,0.0,0.0
0,65-69,old_vaccine,0.0,0.0,0.0,0.0
0,65-69,new_vaccine,0.0,0.0,0.0,0.0
0,70-74,unvaccinated,0.0,0.0,0.0,0.0
0,70-74,old_vaccine,0.0,0.0,0.0,0.0
0,70-74,new_vaccine,0.0,0.0,0.0,0.0
0,75+,unvaccinated,0.0,0.0,0.0,0.0
0,75+,old_vaccine,0.0,0.0,0.0,0.0
0,75+,new_vaccine,0.0,0.0,0.0,0.0
1,0-4,unvaccinated,1.004987562112089,5.180733538795447,0.0,0.0
1,0-4,old_vaccine,0.0,0.0,0.0,0.0
1,0-4,new_vaccine,0.0,0.0,0.0,0.0
1,5-9,unvaccinated,0.0,7.310266752998824,0.0,0.0
1,5-9,old_vaccine,0.0,0.0,0.0,0.0
1,5-9,new_vaccine,0.0,0.0,0.0,0.0
1,10-14,unvaccinated,0.458257569495584,7.712976079309465,0.0,0.0
1,10-14,old_vaccine,0.0,0.0,0.0,0.0
1,10-14,new_vaccine,0.0,0.0,0.0,0.0
1,15-19,unvaccinated,0.0,6.441273166075165,0.0,0.0
1,15-19,old_vaccine,0.0,0.0,0.0,0.0
1,15-19,new_vaccine,0.0,0.0,0.0,0.0
1,20-24,unvaccinated,0.29999999999999993,9.135097153287424,0.0,0.0
1,20-24,old_vaccine,0.0,0.0,0.0,0.0
1,20-24,new_vaccine,0.0,0.0,0.0,0.0
1,25-29,unvaccinated,0.7999999999999998,11.291146974510607,0.0,0.0
1,25-29,old_vaccine,0.0,0.0,0.0,0.0
1,25-29,new_vaccine,0.0,0.0,0.0,0.0
1,30-34,unvaccinated,0.7810249675906655,9.88382517044894,0.0,0.0
1,30-34,old_vaccine,0.0,0.0,0.0,0.0
1,30-34,new_vaccine,0.0,0.0,0.0,0.0
1,35-39,unvaccinated,0.7810249675906655,12.579745625409124,0.0,0.0
1,35-39,old_vaccine,0.0,0.0,0.0,0.0
1,35-39,new_vaccine,0.0,0.0,0.0,0.0
1,40-44,unvaccinated,1.1874342087037917,5.769748694700663,0.0,0.0
1,40-44,old_vaccine,0.0,0.0,0.0,0.0
1,40-44,new_vaccine,0.0,0.0,0.0,0.0
1,45-49,unvaccinated,0.0,8.471127433818946,0.0,0.0
1,45-49,old_vaccine,0.0,0.0,0.0,0.0
1,45-49,new_vaccine,0.0,0.0,0.0,0.0
1,50-54,unvaccinated,1.3564659966250532,8.911228871485683,0.0,0.0
1,50-54,old_vaccine,0.0,0.0,0.0,0.0
1,50-54,new_vaccine,0.0,0.0,0.0,0.0
1,55-59,unvaccinated,2.002498439450079,7.90506166958867,0.0,0.0
1,55-59,old_vaccine,0.0,0.0,0.0,0.0
1,55-59,new_vaccine,0.0,0.0,0.0,0.0
1,60-64,unvaccinated,2.808914381037628,5.728001396647877,0.3,0.0
1,60-64,old_vaccine,0.0,0.0,0.0,0.0
1,60-64,new_vaccine,0.0,0.0,0.0,0.0
1,65-69,unvaccinated,2.7221315177632404,4.093897898091744,0.0,0.0
1,65-69,old_vaccine,0.0,0.0,0.0,0.0
1,65-69,new_vaccine,0.0,0.0,0.0,0.0
1,70-74,unvaccinated,3.666060555964673,2.1354156504062627,0.0,0.0
1,70-74,old_vaccine,0.0,0.0,0.0,0.0
1,70-74,new_vaccine,0.0,0.0,0.0,0.0
1,75+,unvaccinated,7.242237223399962,3.6069377593742864,0.0,0.0
1,75+,old_vaccine,0.0,0.0,0.0,0.0
1,75+,new_vaccine,0.0,0.0,0.0,0.0
2,0-4,unvaccinated,1.004987562112089,5.180733538795447,0.0,0.0
2,0-4,old_vaccine,0.0,0.0,0.0,0.0
2,0-4,new_vaccine,0.0,0.0,0.0,0.0
2,5-9,unvaccinated,0.0,7.310266752998824,0.0,0.0
2,5-9,old_vaccine,0.0,0.0,0.0,0.0
2,5-9,new_vaccine,0.0,0.0,0.0,0.0
2,10-14,unvaccinated,0.458257569495584,7.712976079309465,0.0,0.0
2,10-14,old_vaccine,0.0,0.0,0.0,0.0
2,10-14,new_vaccine,0.0,0.0,0.0,0.0
2,15-19,unvaccinated,0.0,6.441273166075165,0.0,0.0
2,15-19,old_vaccine,0.0,0.0,0.0,0.0
2,15-19,new_vaccine,0.0,0.0,0.0,0.0
2,20-24,unvaccinated,0.29999999999999993,9.135097153287424,0.0,0.0
2,20-24,old_vaccine,0.0,0.0,0.0,0.0
2,20-24,new_vaccine,0.0,0.0,0.0,0.0
2,25-29,unvaccinated,0.7999999999999998,11.291146974510607,0.0,0.0
2,25-29,old_vaccine,0.0,0.0,0.0,0.0
2,25-29,new_vaccine,0.0,0.0,0.0,0.0
2,30-34,unvaccinated,0.7810249675906655,9.88382517044894,0.0,0.0
2,30-34,old_vaccine,0.0,0.0,0.0,0.0
2,30-34,new_vaccine,0.0,0.0,0.0,0.0
2,35-39,unvaccinated,0.7810249675906655,12.579745625409124,0.0,0.0
2,35-39,old_vaccine,0.0,0.0,0.0,0.0
2,35-39,new_vaccine,0.0,0.0,0.0,0.0
2,40-44,unvaccinated,1.1874342087037917,5.769748694700663,0.0,0.0
2,40-44,old_vaccine,0.0,0.0,0.0,0.0
2,40-44,new_vaccine,0.0,0.0,0.0,0.0
2,45-49,unvaccinated,0.0,8.471127433818946,0.0,0.0
2,45-49,old_vaccine,0.0,0.0,0.0,0.0
2,45-49,new_vaccine,0.0,0.0,0.0,0.0
2,50-54,unvaccinated,1.3564659966250532,8.911228871485683,0.0,0.0
2,50-54,old_vaccine,0.0,0.0,0.0,0.0
2,50-54,new_vaccine,0.0,0.0,0.0,0.0
2,55-59,unvaccinated,2.002498439450079,7.90506166958867,0.0,0.0
2,55-59,old_vaccine,0.0,0.0,0.0,0.0
2,55-59,new_vaccine,0.0,0.0,0.0,0.0
2,60-64,unvaccinated,2.808914381037628,5.728001396647877,0.3,0.0
2,60-64,old_vaccine,0.0,0.0,0.0,0.0
2,60-64,new_vaccine,0.0,0.0,0.0,0.0
2,65-69,unvaccinated,2.7221315177632404,4.093897898091744,0.0,0.0
2,65-69,old_vaccine,0.0,0.0,0.0,0.0
2,65-69,new_vaccine,0.0,0.0,0.0,0.0
2,70-74,unvaccinated,3.666060555964673,2.1354156504062627,0.0,0.0
2,70-74,old_vaccine,0.0,0.0,0.0,0.0
2,70-74,new_vaccine,0.0,0.0,0.0,0.0
2,75+,unvaccinated,7.242237223399962,3.6069377593742864,0.0,0.0
2,75+,old_vaccine,0.0,0.0,0.0,0.0
2,75+,new_vaccine,0.0,0.0,0.0,0.0
3,0-4,unvaccinated,1.004987562112089,5.100000000000002,0.0,0.0
3,0-4,old_vaccine,0.0,0.0,0.0,0.0
3,0-4,new_vaccine,0.0,0.0,0.0,0.0
3,5-9,unvaccinated,0.0,7.282856582413251,0.0,0.0
3,5-9,old_vaccine,0.0,0.0,0.0,0.0
3,5-9,new_vaccine,0.0,0.0,0.0,0.0
3,10-14,unvaccinated,0.458257569495584,7.678541528180987,0.0,0.0
3,10-14,old_vaccine,0.0,0.0,0.0,0.0
3,10-14,new_vaccine,0.0,0.0,0.0,0.0
3,15-19,unvaccinated,0.0,6.511528238439883,0.0,0.0
3,15-19,old_vaccine,0.0,0.0,0.0,0.0
3,15-19,new_vaccine,0.0,0.0,0.0,0.0
3,20-24,unvaccinated,0.44721359549995787,9.241753080449621,0.0,0.0
3,20-24,old_vaccine,0.0,0.0,0.0,0.0
3,20-24,new_vaccine,0.0,0.0,0.0,0.0
3,25-29,unvaccinated,0.7999999999999998,11.603447763488232,0.0,0.0
3,25-29,old_vaccine,0.0,0.0,0.0,0.0
3,25-29,new_vaccine,0.0,0.0,0.0,0.0
3,30-34,unvaccinated,0.7810249675906655,10.200000000000001,0.0,0.0
3,30-34,old_vaccine,0.0,0.0,0.0,0.0
3,30-34,new_vaccine,0.0,0.0,0.0,0.0
3,35-39,unvaccinated,0.7810249675906655,12.579745625409124,0.0,0.0
3,35-39,old_vaccine,0.0,0.0,0.0,0.0
3,35-39,new_vaccine,0.0,0.0,0.0,0.0
3,40-44,unvaccinated,1.1874342087037917,5.758472019555189,0.0,0.0
3,40-44,old_vaccine,0.0,0.0,0.0,0.0
3,40-44,new_vaccine,0.0,0.0,0.0,0.0
3,45-49,unvaccinated,0.0,8.514105942493316,0.0,0.0
3,45-49,old_vaccine,0.0,0.0,0.0,0.0
3,45-49,new_vaccine,0.0,0.0,0.0,0.0
3,50-54,unvaccinated,1.3564659966250532,8.964373932405985,0.0,0.0
3,50-54,old_vaccine,0.0,0.0,0.0,0.0
3,50-54,new_vaccine,0.0,0.0,0.0,0.0
3,55-59,unvaccinated,2.002498439450079,7.972452571197899,0.0,0.0
3,55-59,old_vaccine,0.0,0.0,0.0,0.0
3,55-59,new_vaccine,0.0,0.0,0.0,0.0
3,60-64,unvaccinated,2.808914381037628,5.728001396647877,0.3,0.0
3,60-64,old_vaccine,0.0,0.0,0.0,0.0
3,60-64,new_vaccine,0.0,0.0,0.0,0.0
3,65-69,unvaccinated,2.7221315177632404,4.075536774462967,0.0,0.0
3,65-69,old_vaccine,0.0,0.0,0.0,0.0
3,65-69,new_vaccine,0.0,0.0,0.0,0.0
3,70-74,unvaccinated,3.74299345444258,2.2113344387495983,0.0,0.0
3,70-74,old_vaccine,0.0,0.0,0.0,0.0
3,70-74,new_vaccine,0.0,0.0,0.0,0.0
3,75+,unvaccinated,7.199999999999999,3.6069377593742864,0.3,0.0
3,75+,old_vaccine,0.0,0.0,0.0,0.0
3,75+,new_vaccine,0.0,0.0,0.0,0.0
4,0-4,unvaccinated,1.004987562112089,5.37028863283902,0.0,0.0
4,0-4,old_vaccine,0.0,0.0,0.0,0.0
4,0-4,new_vaccine,0.0,0.0,0.0,0.0
4,5-9,unvaccinated,0.0,7.422263805605403,0.0,0.0
4,5-9,old_vaccine,0.0,0.0,0.0,0.0
4,5-9,new_vaccine,0.0,0.0,0.0,0.0
4,10-14,unvaccinated,0.4898979485566356,7.9177016867270265,0.0,0.0
4,10-14,old_vaccine,0.0,0.0,0.0,0.0
4,10-14,new_vaccine,0.0,0.0,0.0,0.0
4,15-19,unvaccinated,0.3,6.27375485654325,0.0,0.0
4,15-19,old_vaccine,0.0,0.0,0.0,0.0
4,15-19,new_vaccine,0.0,0.0,0.0,0.0
4,20-24,unvaccinated,0.5385164807134503,8.926925562588723,0.0,0.0
4,20-24,old_vaccine,0.0,0.0,0.0,0.0
4,20-24,new_vaccine,0.0,0.0,0.0,0.0
4,25-29,unvaccinated,0.7999999999999998,11.679041056525145,0.0,0.0
4,25-29,old_vaccine,0.0,0.0,0.0,0.0
4,25-29,new_vaccine,0.0,0.0,0.0,0.0
4,30-34,unvaccinated,0.8717797887081346,9.9498743710662,0.0,0.0
4,30-34,old_vaccine,0.0,0.0,0.0,0.0
4,30-34,new_vaccine,0.0,0.0,0.0,0.0
4,35-39,unvaccinated,0.7810249675906655,12.8296531519757,0.0,0.0
4,35-39,old_vaccine,0.0,0.0,0.0,0.0
4,35-39,new_vaccine,0.0,0.0,0.0,0.0
4,40-44,unvaccinated,1.077032961426901,6.3843558798049465,0.0,0.0
4,40-44,old_vaccine,0.0,0.0,0.0,0.0
4,40-44,new_vaccine,0.0,0.0,0.0,0.0
4,45-49,unvaccinated,0.0,8.882004278314666,0.0,0.0
4,45-49,old_vaccine,0.0,0.0,0.0,0.0
4,45-49,new_vaccine,0.0,0.0,0.0,0.0
4,50-54,unvaccinated,1.4177446878757824,8.975522268926753,0.0,0.0
4,50-54,old_vaccine,0.0,0.0,0.0,0.0
4,50-54,new_vaccine,0.0,0.0,0.0,0.0
4,55-59,unvaccinated,2.0099751242241783,8.126499861564017,0.0,0.0
4,55-59,old_vaccine,0.0,0.0,0.0,0.0
4,55-59,new_vaccine,0.0,0.0,0.0,0.0
4,60-64,unvaccinated,3.106444913401813,5.87281874401041,0.3,0.0
4,60-64,old_vaccine,0.0,0.0,0.0,0.0
4,60-64,new_vaccine,0.0,0.0,0.0,0.0
4,65-69,unvaccinated,2.8017851452243803,4.312771730569565,0.0,0.0
4,65-69,old_vaccine,0.0,0.0,0.0,0.0
4,65-69,new_vaccine,0.0,0.0,0.0,0.0
4,70-74,unvaccinated,3.822302970723279,2.4166091947189146,0.0,0.0
4,70-74,old_vaccine,0.0,0.0,0.0,0.0
4,70-74,new_vaccine,0.0,0.0,0.0,0.0
4,75+,unvaccinated,7.8644770964127035,3.762977544445356,0.3,0.0
4,75+,old_vaccine,0.0,0.0,0.0,0.0
4,75+,new_vaccine,0.0,0.0,0.0,0.0
5,0-4,unvaccinated,1.2000000000000002,5.571355310873648,0.0,0.0
5,0-4,old_vaccine,0.0,0.0,0.0,0.0
5,0-4,new_vaccine,0.0,0.0,0.0,0.0
5,5-9,unvaccinated,0.0,7.658328799418316,0.0,0.0
5,5-9,old_vaccine,0.0,0.0,0.0,0.0
5,5-9,new_vaccine,0.0,0.0,0.0,0.0
5,10-14,unvaccinated,0.4898979485566356,7.8841613377708075,0.0,0.0
5,10-14,old_vaccine,0.0,0.0,0.0,0.0
5,10-14,new_vaccine,0.0,0.0,0.0,0.0
5,15-19,unvaccinated,0.3,6.45290632196067,0.0,0.0
5,15-19,old_vaccine,0.0,0.0,0.0,0.0
5,15-19,new_vaccine,0.0,0.0,0.0,0.0
5,20-24,unvaccinated,0.6000000000000001,9.2,0.0,0.0
5,20-24,old_vaccine,0.0,0.0,0.0,0.0
5,20-24,new_vaccine,0.0,0.0,0.0,0.0
5,25-29,unvaccinated,1.0049875621120892,11.745637488020815,0.0,0.0
5,25-29,old_vaccine,0.0,0.0,0.0,0.0
5,25-29,new_vaccine,0.0,0.0,0.0,0.0
5,30-34,unvaccinated,1.0440306508910548,10.354226190305097,0.0,0.0
5,30-34,old_vaccine,0.0,0.0,0.0,0.0
5,30-34,new_vaccine,0.0,0.0,0.0,0.0
5,35-39,unvaccinated,0.8306623862918074,13.386933928274992,0.0,0.0
5,35-39,old_vaccine,0.0,0.0,0.0,0.0
5,35-39,new_vaccine,0.0,0.0,0.0,0.0
5,40-44,unvaccinated,1.044030650891055,6.343500610861483,0.0,0.0
5,40-44,old_vaccine,0.0,0.0,0.0,0.0
5,40-44,new_vaccine,0.0,0.0,0.0,0.0
5,45-49,unvaccinated,0.0,8.997777503361593,0.0,0.0
5,45-49,old_vaccine,0.0,0.0,0.0,0.0
5,45-49,new_vaccine,0.0,0.0,0.0,0.0
5,50-54,unvaccinated,1.6999999999999997,9.119210492142397,0.0,0.0
5,50-54,old_vaccine,0.0,0.0,0.0,0.0
5,50-54,new_vaccine,0.0,0.0,0.0,0.0
5,55-59,unvaccinated,1.7578395831246945,8.933084573650918,0.0,0.0
5,55-59,old_vaccine,0.0,0.0,0.0,0.0
5,55-59,new_vaccine,0.0,0.0,0.0,0.0
5,60-64,unvaccinated,2.891366458960192,5.710516614107695,0.3,0.0
5,60-64,old_vaccine,0.0,0.0,0.0,0.0
5,60-64,new_vaccine,0.0,0.0,0.0,0.0
5,65-69,unvaccinated,2.968164415931166,4.337049688440288,0.0,0.0
5,65-69,old_vaccine,0.0,0.0,0.0,0.0
5,65-69,new_vaccine,0.0,0.0,0.0,0.0
5,70-74,unvaccinated,3.899999999999999,2.507987240796891,0.0,0.0
5,70-74,old_vaccine,0.0,0.0,0.0,0.0
5,70-74,new_vaccine,0.0,0.0,0.0,0.0
5,75+,unvaccinated,8.109253973085318,4.24735211631906,0.3,0.0
5,75+,old_vaccine,0.0,0.0,0.0,0.0
5,75+,new_vaccine,0.0,0.0,0.0,0.0
6,0-4,unvaccinated,1.2000000000000002,5.710516614107693,0.3,0.0
6,0-4,old_vaccine,0.0,0.0,0.0,0.0
6,0-4,new_vaccine,0.0,0.0,0.0,0.0
6,5-9,unvaccinated,0.0,7.418894796396565,0.0,0.0
6,5-9,old_vaccine,0.0,0.0,0.0,0.0
6,5-9,new_vaccine,0.0,0.0,0.0,0.0
6,10-14,unvaccinated,0.5,8.625543461139129,0.0,0.0
6,10-14,old_vaccine,0.0,0.0,0.0,0.0
6,10-14,new_vaccine,0.0,0.0,0.0,0.0
6,15-19,unvaccinated,0.4,6.591661399070798,0.0,0.0
6,15-19,old_vaccine,0.0,0.0,0.0,0.0
6,15-19,new_vaccine,0.0,0.0,0.0,0.0
6,20-24,unvaccinated,0.6403124237432848,9.627564593395364,0.0,0.0
6,20-24,old_vaccine,0.0,0.0,0.0,0.0
6,20-24,new_vaccine,0.0,0.0,0.0,0.0
6,25-29,unvaccinated,1.445683229480096,11.631422956801112,0.0,0.0
6,25-29,old_vaccine,0.0,0.0,0.0,0.0
6,25-29,new_vaccine,0.0,0.0,0.0,0.0
6,30-34,unvaccinated,1.0954451150103324,10.528532661297112,0.0,0.0
6,30-34,old_vaccine,0.0,0.0,0.0,0.0
6,30-34,new_vaccine,0.0,0.0,0.0,0.0
6,35-39,unvaccinated,0.8306623862918074,13.806158046321212,0.0,0.0
6,35-39,old_vaccine,0.0,0.0,0.0,0.0
6,35-39,new_vaccine,0.0,0.0,0.0,0.0
6,40-44,unvaccinated,1.0,6.132699242584786,0.0,0.0
6,40-44,old_vaccine,0.0,0.0,0.0,0.0
6,40-44,new_vaccine,0.0,0.0,0.0,0.0
6,45-49,unvaccinated,0.4,8.85211839053229,0.0,0.0
6,45-49,old_vaccine,0.0,0.0,0.0,0.0
6,45-49,new_vaccine,0.0,0.0,0.0,0.0
6,50-54,unvaccinated,1.6852299546352723,9.703607576566563,0.0,0.0
6,50-54,old_vaccine,0.0,0.0,0.0,0.0
6,50-54,new_vaccine,0.0,0.0,0.0,0.0
6,55-59,unvaccinated,1.7578395831246945,8.61626369141521,0.0,0.0
6,55-59,old_vaccine,0.0,0.0,0.0,0.0
6,55-59,new_vaccine,0.0,0.0,0.0,0.0
6,60-64,unvaccinated,3.458323293158116,5.949789912257407,0.3,0.0
6,60-64,old_vaccine,0.0,0.0,0.0,0.0
6,60-64,new_vaccine,0.0,0.0,0.0,0.0
6,65-69,unvaccinated,2.9597297173897488,4.142463035441596,0.0,0.0
6,65-69,old_vaccine,0.0,0.0,0.0,0.0
6,65-69,new_vaccine,0.0,0.0,0.0,0.0
6,70-74,unvaccinated,3.76961536499415,2.5999999999999996,0.3,0.0
6,70-74,old_vaccine,0.0,0.0,0.0,0.0
6,70-74,new_vaccine,0.0,0.0,0.0,0.0
6,75+,unvaccinated,8.380930735902785,4.171330722922843,0.3,0.0
6,75+,old_vaccine,0.0,0.0,0.0,0.0
6,75+,new_vaccine,0.0,0.0,0.0,0.0
7,0-4,unvaccinated,1.2000000000000002,6.128621378417828,0.3,0.0
7,0-4,old_vaccine,0.0,0.0,0.0,0.0
7,0-4,new_vaccine,0.0,0.0,0.0,0.0
7,5-9,unvaccinated,0.0,7.914543574963754,0.0,0.0
7,5-9,old_vaccine,0.0,0.0,0.0,0.0
7,5-9,new_vaccine,0.0,0.0,0.0,0.0
7,10-14,unvaccinated,0.5,8.126499861564016,0.0,0.0
7,10-14,old_vaccine,0.0,0.0,0.0,0.0
7,10-14,new_vaccine,0.0,0.0,0.0,0.0
7,15-19,unvaccinated,0.4,6.5459911396212584,0.0,0.0
7,15-19,old_vaccine,0.0,0.0,0.0,0.0
7,15-19,new_vaccine,0.0,0.0,0.0,0.0
7,20-24,unvaccinated,0.6403124237432848,9.909591313469996,0.0,0.0
7,20-24,old_vaccine,0.0,0.0,0.0,0.0
7,20-24,new_vaccine,0.0,0.0,0.0,0.0
7,25-29,unvaccinated,1.4696938456699067,11.306635220082054,0.0,0.0
7,25-29,old_vaccine,0.0,0.0,0.0,0.0
7,25-29,new_vaccine,0.0,0.0,0.0,0.0
7,30-34,unvaccinated,1.0954451150103324,10.249390225764653,0.0,0.0
7,30-34,old_vaccine,0.0,0.0,0.0,0.0
7,30-34,new_vaccine,0.0,0.0,0.0,0.0
7,35-39,unvaccinated,0.7745966692414834,13.57534529947581,0.0,0.0
7,35-39,old_vaccine,0.0,0.0,0.0,0.0
7,35-39,new_vaccine,0.0,0.0,0.0,0.0
7,40-44,unvaccinated,1.0,6.4031242374328485,0.0,0.0
7,40-44,old_vaccine,0.0,0.0,0.0,0.0
7,40-44,new_vaccine,0.0,0.0,0.0,0.0
7,45-49,unvaccinated,0.4898979485566356,9.550392662084635,0.0,0.0
7,45-49,old_vaccine,0.0,0.0,0.0,0.0
7,45-49,new_vaccine,0.0,0.0,0.0,0.0
7,50-54,unvaccinated,1.688194301613413,9.499473669630332,0.0,0.0
7,50-54,old_vaccine,0.0,0.0,0.0,0.0
7,50-54,new_vaccine,0.0,0.0,0.0,0.0
7,55-59,unvaccinated,1.6155494421403516,9.110982383914477,0.0,0.0
7,55-59,old_vaccine,0.0,0.0,0.0,0.0
7,55-59,new_vaccine,0.0,0.0,0.0,0.0
7,60-64,unvaccinated,3.3226495451672298,6.368673331236261,0.3,0.0
7,60-64,old_vaccine,0.0,0.0,0.0,0.0
7,60-64,new_vaccine,0.0,0.0,0.0,0.0
7,65-69,unvaccinated,3.0,4.454211490264018,0.0,0.0
7,65-69,old_vaccine,0.0,0.0,0.0,0.0
7,65-69,new_vaccine,0.0,0.0,0.0,0.0
7,70-74,unvaccinated,3.742993454442583,2.685144316419511,0.3,0.0
7,70-74,old_vaccine,0.0,0.0,0.0,0.0
7,70-74,new_vaccine,0.0,0.0,0.0,0.0
7,75+,unvaccinated,8.33066623986341,4.308131845707602,0.3,0.0
7,75+,old_vaccine,0.0,0.0,0.0,0.0
7,75+,new_vaccine,0.0,0.0,0.0,0.0
8,0-4,unvaccinated,1.2000000000000002,5.7654141221598305,0.3,0.0
8,0-4,old_vaccine,0.0,0.0,0.0,0.0
8,0-4,new_vaccine,0.0,0.0,0.0,0.0
8,5-9,unvaccinated,0.0,7.5239617223906725,0.0,0.0
8,5-9,old_vaccine,0.0,0.0,0.0,0.0
8,5-9,new_vaccine,0.0,0.0,0.0,0.0
8,10-14,unvaccinated,0.5,8.12403840463596,0.0,0.0
8,10-14,old_vaccine,0.0,0.0,0.0,0.0
8,10-14,new_vaccine,0.0,0.0,0.0,0.0
8,15-19,unvaccinated,0.4,6.870225614927066,0.0,0.0
8,15-19,old_vaccine,0.0,0.0,0.0,0.0
8,15-19,new_vaccine,0.0,0.0,0.0,0.0
8,20-24,unvaccinated,0.6403124237432848,10.000499987500621,0.0,0.0
8,20-24,old_vaccine,0.0,0.0,0.0,0.0
8,20-24,new_vaccine,0.0,0.0,0.0,0.0
8,25-29,unvaccinated,1.5,11.539497389401326,0.0,0.0
8,25-29,old_vaccine,0.0,0.0,0.0,0.0
8,25-29,new_vaccine,0.0,0.0,0.0,0.0
8,30-34,unvaccinated,1.0954451150103324,10.212247548899308,0.0,0.0
8,30-34,old_vaccine,0.0,0.0,0.0,0.0
8,30-34,new_vaccine,0.0,0.0,0.0,0.0
8,35-39,unvaccinated,0.8306623862918073,13.618002790424153,0.0,0.0
8,35-39,old_vaccine,0.0,0.0,0.0,0.0
8,35-39,new_vaccine,0.0,0.0,0.0,0.0
8,40-44,unvaccinated,1.1357816691600546,6.1975801729384665,0.0,0.0
8,40-44,old_vaccine,0.0,0.0,0.0,0.0
8,40-44,new_vaccine,0.0,0.0,0.0,0.0
8,45-49,unvaccinated,0.5,9.63794583923359,0.0,0.0
8,45-49,old_vaccine,0.0,0.0,0.0,0.0
8,45-49,new_vaccine,0.0,0.0,0.0,0.0
8,50-54,unvaccinated,1.720465053408525,9.751410154434074,0.0,0.0
8,50-54,old_vaccine,0.0,0.0,0.0,0.0
8,50-54,new_vaccine,0.0,0.0,0.0,0.0
8,55-59,unvaccinated,1.6852299546352716,9.06697303403953,0.0,0.0
8,55-59,old_vaccine,0.0,0.0,0.0,0.0
8,55-59,new_vaccine,0.0,0.0,0.0,0.0
8,60-64,unvaccinated,3.4117444218463966,6.4,0.4,0.0
8,60-64,old_vaccine,0.0,0.0,0.0,0.0
8,60-64,new_vaccine,0.0,0.0,0.0,0.0
8,65-69,unvaccinated,3.144837038703278,4.454211490264018,0.0,0.0
8,65-69,old_vaccine,0.0,0.0,0.0,0.0
8,65-69,new_vaccine,0.0,0.0,0.0,0.0
8,70-74,unvaccinated,3.645545226711636,2.685144316419511,0.3,0.0
8,70-74,old_vaccine,0.0,0.0,0.0,0.0
8,70-74,new_vaccine,0.0,0.0,0.0,0.0
8,75+,unvaccinated,8.321057625085889,4.195235392680606,0.3,0.0
8,75+,old_vaccine,0.0,0.0,0.0,0.0
8,75+,new_vaccine,0.0,0.0,0.0,0.0
9,0-4,unvaccinated,1.118033988749895,5.70613704707484,0.3,0.0
9,0-4,old_vaccine,0.0,0.0,0.0,0.0
9,0-4,new_vaccine,0.0,0.0,0.0,0.0
9,5-9,unvaccinated,0.0,7.258787777583806,0.0,0.0
9,5-9,old_vaccine,0.0,0.0,0.0,0.0
9,5-9,new_vaccine,0.0,0.0,0.0,0.0
9,10-14,unvaccinated,0.5,8.312039460926544,0.0,0.0
9,10-14,old_vaccine,0.0,0.0,0.0,0.0
9,10-14,new_vaccine,0.0,0.0,0.0,0.0
9,15-19,unvaccinated,0.4,6.696267617113285,0.0,0.0
9,15-19,old_vaccine,0.0,0.0,0.0,0.0
9,15-19,new_vaccine,0.0,0.0,0.0,0.0
9,20-24,unvaccinated,0.6000000000000001,9.901515035589254,0.0,0.0
9,20-24,old_vaccine,0.0,0.0,0.0,0.0
9,20-24,new_vaccine,0.0,0.0,0.0,0.0
9,25-29,unvaccinated,1.3564659966250532,11.320777358467925,0.0,0.0
9,25-29,old_vaccine,0.0,0.0,0.0,0.0
9,25-29,new_vaccine,0.0,0.0,0.0,0.0
9,30-34,unvaccinated,1.0954451150103324,10.009995004993758,0.0,0.0
9,30-34,old_vaccine,0.0,0.0,0.0,0.0
9,30-34,new_vaccine,0.0,0.0,0.0,0.0
9,35-39,unvaccinated,0.8306623862918073,13.55728586406586,0.0,0.0
9,35-39,old_vaccine,0.0,0.0,0.0,0.0
9,35-39,new_vaccine,0.0,0.0,0.0,0.0
9,40-44,unvaccinated,1.1357816691600546,6.034069936618235,0.0,0.0
9,40-44,old_vaccine,0.0,0.0,0.0,0.0
9,40-44,new_vaccine,0.0,0.0,0.0,0.0
9,45-49,unvaccinated,0.5,9.217374897442328,0.0,0.0
9,45-49,old_vaccine,0.0,0.0,0.0,0.0
9,45-49,new_vaccine,0.0,0.0,0.0,0.0
9,50-54,unvaccinated,1.57797338380595,9.84073168011404,0.0,0.0
9,50-54,old_vaccine,0.0,0.0,0.0,0.0
9,50-54,new_vaccine,0.0,0.0,0.0,0.0
9,55-59,unvaccinated,1.8330302779823364,9.08240056372763,0.0,0.0
9,55-59,old_vaccine,0.0,0.0,0.0,0.0
9,55-59,new_vaccine,0.0,0.0,0.0,0.0
9,60-64,unvaccinated,3.3823069050575523,6.232174580353151,0.4,0.0
9,60-64,old_vaccine,0.0,0.0,0.0,0.0
9,60-64,new_vaccine,0.0,0.0,0.0,0.0
9,65-69,unvaccinated,3.0675723300355937,4.294182110716778,0.0,0.0
9,65-69,old_vaccine,0.0,0.0,0.0,0.0
9,65-69,new_vaccine,0.0,0.0,0.0,0.0
9,70-74,unvaccinated,3.872983346207417,2.8354893757515645,0.3,0.0
9,70-74,old_vaccine,0.0,0.0,0.0,0.0
9,70-74,new_vaccine,0.0,0.0,0.0,0.0
9,75+,unvaccinated,8.222530024268687,3.9949968710876367,0.0,0.0
9,75+,old_vaccine,0.0,0.0,0.0,0.0
9,75+,new_vaccine,0.0,0.0,0.0,0.0
10,0-4,unvaccinated,0.9165151389911681,5.661271941887265,0.3,0.0
10,0-4,old_vaccine,0.0,0.0,0.0,0.0
10,0-4,new_vaccine,0.0,0.0,0.0,0.0
10,5-9,unvaccinated,0.0,7.406078584514211,0.0,0.0
10,5-9,old_vaccine,0.0,0.0,0.0,0.0
10,5-9,new_vaccine,0.0,0.0,0.0,0.0
10,10-14,unvaccinated,0.5,8.12403840463596,0.0,0.0
10,10-14,old_vaccine,0.0,0.0,0.0,0.0
10,10-14,new_vaccine,0.0,0.0,0.0,0.0
10,15-19,unvaccinated,0.3,6.368673331236264,0.0,0.0
10,15-19,old_vaccine,0.0,0.0,0.0,0.0
10,15-19,new_vaccine,0.0,0.0,0.0,0.0
10,20-24,unvaccinated,0.5385164807134503,10.173003489628814,0.0,0.0
10,20-24,old_vaccine,0.0,0.0,0.0,0.0
10,20-24,new_vaccine,0.0,0.0,0.0,0.0
10,25-29,unvaccinated,1.3564659966250532,11.2942463227964,0.0,0.0
10,25-29,old_vaccine,0.0,0.0,0.0,0.0
10,25-29,new_vaccine,0.0,0.0,0.0,0.0
10,30-34,unvaccinated,1.0954451150103324,9.693296652842106,0.0,0.0
10,30-34,old_vaccine,0.0,0.0,0.0,0.0
10,30-34,new_vaccine,0.0,0.0,0.0,0.0
10,35-39,unvaccinated,0.8306623862918073,13.22459829257585,0.0,0.0
10,35-39,old_vaccine,0.0,0.0,0.0,0.0
10,35-39,new_vaccine,0.0,0.0,0.0,0.0
10,40-44,unvaccinated,1.1357816691600546,6.152235366108809,0.0,0.0
10,40-44,old_vaccine,0.0,0.0,0.0,0.0
10,40-44,new_vaccine,0.0,0.0,0.0,0.0
10,45-49,unvaccinated,0.5,8.935323161475466,0.0,0.0
10,45-49,old_vaccine,0.0,0.0,0.0,0.0
10,45-49,new_vaccine,0.0,0.0,0.0,0.0
10,50-54,unvaccinated,1.3266499161421599,9.679359482941006,0.0,0.0
10,50-54,old_vaccine,0.0,0.0,0.0,0.0
10,50-54,new_vaccine,0.0,0.0,0.0,0.0
10,55-59,unvaccinated,1.8330302779823364,9.016096716428898,0.0,0.0
10,55-59,old_vaccine,0.0,0.0,0.0,0.0
10,55-59,new_vaccine,0.0,0.0,0.0,0.0
10,60-64,unvaccinated,3.232645975048923,6.152235366108809,0.4,0.0
10,60-64,old_vaccine,0.0,0.0,0.0,0.0
10,60-64,new_vaccine,0.0,0.0,0.0,0.0
10,65-69,unvaccinated,3.0066592756745814,4.337049688440288,0.0,0.0
10,65-69,old_vaccine,0.0,0.0,0.0,0.0
10,65-69,new_vaccine,0.0,0.0,0.0,0.0
10,70-74,unvaccinated,3.9102429592034293,2.7000000000000006,0.3,0.0
10,70-74,old_vaccine,0.0,0.0,0.0,0.0
10,70-74,new_vaccine,0.0,0.0,0.0,0.0
10,75+,unvaccinated,7.9555012412795225,3.8935844667863586,0.0,0.0
10,75+,old_vaccine,0.0,0.0,0.0,0.0
10,75+,new_vaccine,0.0,0.0,0.0,0.0
11,0-4,unvaccinated,0.9165151389911681,5.024937810560445,0.3,0.0
11,0-4,old_vaccine,0.0,0.0,0.0,0.0
11,0-4,new_vaccine,0.0,0.0,0.0,0.0
11,5-9,unvaccinated,0.0,7.214568594171103,0.0,0.0
11,5-9,old_vaccine,0.0,0.0,0.0,0.0
11,5-9,new_vaccine,0.0,0.0,0.0,0.0
11,10-14,unvaccinated,0.5,7.825599018605538,0.0,0.0
11,10-14,old_vaccine,0.0,0.0,0.0,0.0
11,10-14,new_vaccine,0.0,0.0,0.0,0.0
11,15-19,unvaccinated,0.3,6.5848310532617305,0.0,0.0
11,15-19,old_vaccine,0.0,0.0,0.0,0.0
11,15-19,new_vaccine,0.0,0.0,0.0,0.0
11,20-24,unvaccinated,0.5385164807134503,10.121264743103998,0.0,0.0
11,20-24,old_vaccine,0.0,0.0,0.0,0.0
11,20-24,new_vaccine,0.0,0.0,0.0,0.0
11,25-29,unvaccinated,1.2845232578665131,10.651291001564083,0.0,0.0
11,25-29,old_vaccine,0.0,0.0,0.0,0.0
11,25-29,new_vaccine,0.0,0.0,0.0,0.0
11,30-34,unvaccinated,1.0440306508910548,9.769339793455853,0.0,0.0
11,30-34,old_vaccine,0.0,0.0,0.0,0.0
11,30-34,new_vaccine,0.0,0.0,0.0,0.0
11,35-39,unvaccinated,1.0440306508910548,13.512956745287095,0.0,0.0
11,35-39,old_vaccine,0.0,0.0,0.0,0.0
11,35-39,new_vaccine,0.0,0.0,0.0,0.0
11,40-44,unvaccinated,1.1357816691600546,5.895761189193472,0.0,0.0
11,40-44,old_vaccine,0.0,0.0,0.0,0.0
11,40-44,new_vaccine,0.0,0.0,0.0,0.0
11,45-49,unvaccinated,0.5,9.10439454329611,0.0,0.0
11,45-49,old_vaccine,0.0,0.0,0.0,0.0
11,45-49,new_vaccine,0.0,0.0,0.0,0.0
11,50-54,unvaccinated,1.4317821063276355,9.402659198333204,0.0,0.0
11,50-54,old_vaccine,0.0,0.0,0.0,0.0
11,50-54,new_vaccine,0.0,0.0,0.0,0.0
11,55-59,unvaccinated,1.8466185312619388,9.21140597303148,0.0,0.0
11,55-59,old_vaccine,0.0,0.0,0.0,0.0
11,55-59,new_vaccine,0.0,0.0,0.0,0.0
11,60-64,unvaccinated,3.072458299147443,5.9169248769948055,0.4,0.0
11,60-64,old_vaccine,0.0,0.0,0.0,0.0
11,60-64,new_vaccine,0.0,0.0,0.0,0.0
11,65-69,unvaccinated,3.0479501308256327,4.467661580737736,0.0,0.0
11,65-69,old_vaccine,0.0,0.0,0.0,0.0
11,65-69,new_vaccine,0.0,0.0,0.0,0.0
11,70-74,unvaccinated,3.2802438933713436,2.7,0.3,0.0
11,70-74,old_vaccine,0.0,0.0,0.0,0.0
11,70-74,new_vaccine,0.0,0.0,0.0,0.0
11,75+,unvaccinated,6.957729514719582,3.794733192202056,0.0,0.0
11,75+,old_vaccine,0.0,0.0,0.0,0.0
11,75+,new_vaccine,0.0,0.0,0.0,0.0
12,0-4,unvaccinated,0.9165151389911681,4.716990566028302,0.3,0.0
12,0-4,old_vaccine,0.0,0.0,0.0,0.0
12,0-4,new_vaccine,0.0,0.0,0.0,0.0
12,5-9,unvaccinated,0.0,7.445804187594516,0.0,0.0
12,5-9,old_vaccine,0.0,0.0,0.0,0.0
12,5-9,new_vaccine,0.0,0.0,0.0,0.0
12,10-14,unvaccinated,0.4898979485566356,7.44043009509531,0.0,0.0
12,10-14,old_vaccine,0.0,0.0,0.0,0.0
12,10-14,new_vaccine,0.0,0.0,0.0,0.0
12,15-19,unvaccinated,0.3,6.740919818541086,0.0,0.0
12,15-19,old_vaccine,0.0,0.0,0.0,0.0
12,15-19,new_vaccine,0.0,0.0,0.0,0.0
12,20-24,unvaccinated,0.44721359549995787,9.219544457292887,0.0,0.0
12,20-24,old_vaccine,0.0,0.0,0.0,0.0
12,20-24,new_vaccine,0.0,0.0,0.0,0.0
12,25-29,unvaccinated,1.28062484748657,10.367738422626223,0.0,0.0
12,25-29,old_vaccine,0.0,0.0,0.0,0.0
12,25-29,new_vaccine,0.0,0.0,0.0,0.0
12,30-34,unvaccinated,1.0440306508910548,9.478396488858225,0.0,0.0
12,30-34,old_vaccine,0.0,0.0,0.0,0.0
12,30-34,new_vaccine,0.0,0.0,0.0,0.0
12,35-39,unvaccinated,1.268857754044952,13.597426227047524,0.0,0.0
12,35-39,old_vaccine,0.0,0.0,0.0,0.0
12,35-39,new_vaccine,0.0,0.0,0.0,0.0
12,40-44,unvaccinated,1.2649110640673515,5.902541825349482,0.0,0.0
12,40-44,old_vaccine,0.0,0.0,0.0,0.0
12,40-44,new_vaccine,0.0,0.0,0.0,0.0
12,45-49,unvaccinated,0.4898979485566356,8.36899038116307,0.0,0.0
12,45-49,old_vaccine,0.0,0.0,0.0,0.0
12,45-49,new_vaccine,0.0,0.0,0.0,0.0
12,50-54,unvaccinated,1.4282856857085704,8.798295289429653,0.0,0.0
12,50-54,old_vaccine,0.0,0.0,0.0,0.0
12,50-54,new_vaccine,0.0,0.0,0.0,0.0
12,55-59,unvaccinated,1.8466185312619392,9.06862723900371,0.0,0.0
12,55-59,old_vaccine,0.0,0.0,0.0,0.0
12,55-59,new_vaccine,0.0,0.0,0.0,0.0
12,60-64,unvaccinated,2.9137604568666933,5.78013840664737,0.4,0.0
12,60-64,old_vaccine,0.0,0.0,0.0,0.0
12,60-64,new_vaccine,0.0,0.0,0.0,0.0
12,65-69,unvaccinated,3.1638584039112745,4.036087214122113,0.0,0.0
12,65-69,old_vaccine,0.0,0.0,0.0,0.0
12,65-69,new_vaccine,0.0,0.0,0.0,0.0
12,70-74,unvaccinated,3.072458299147443,2.578759391645525,0.3,0.0
12,70-74,old_vaccine,0.0,0.0,0.0,0.0
12,70-74,new_vaccine,0.0,0.0,0.0,0.0
12,75+,unvaccinated,6.664082832618454,3.6110940170535564,0.0,0.0
12,75+,old_vaccine,0.0,0.0,0.0,0.0
12,75+,new_vaccine,0.0,0.0,0.0,0.0
13,0-4,unvaccinated,0.9165151389911681,4.548626166217663,0.3,0.0
13,0-4,old_vaccine,0.0,0.0,0.0,0.0
13,0-4,new_vaccine,0.0,0.0,0.0,0.0
13,5-9,unvaccinated,0.0,7.291090453423272,0.0,0.0
13,5-9,old_vaccine,0.0,0.0,0.0,0.0
13,5-9,new_vaccine,0.0,0.0,0.0,0.0
13,10-14,unvaccinated,0.458257569495584,7.158212067269309,0.0,0.0
13,10-14,old_vaccine,0.0,0.0,0.0,0.0
13,10-14,new_vaccine,0.0,0.0,0.0,0.0
13,15-19,unvaccinated,0.3,6.465291950097846,0.0,0.0
13,15-19,old_vaccine,0.0,0.0,0.0,0.0
13,15-19,new_vaccine,0.0,0.0,0.0,0.0
13,20-24,unvaccinated,0.44721359549995787,8.991106717195612,0.0,0.0
13,20-24,old_vaccine,0.0,0.0,0.0,0.0
13,20-24,new_vaccine,0.0,0.0,0.0,0.0
13,25-29,unvaccinated,1.0770329614269005,10.836973747315255,0.0,0.0
13,25-29,old_vaccine,0.0,0.0,0.0,0.0
13,25-29,new_vaccine,0.0,0.0,0.0,0.0
13,30-34,unvaccinated,0.7810249675906655,9.544108130150244,0.0,0.0
13,30-34,old_vaccine,0.0,0.0,0.0,0.0
13,30-34,new_vaccine,0.0,0.0,0.0,0.0
13,35-39,unvaccinated,1.077032961426901,12.79218511435791,0.0,0.0
13,35-39,old_vaccine,0.0,0.0,0.0,0.0
13,35-39,new_vaccine,0.0,0.0,0.0,0.0
13,40-44,unvaccinated,1.2649110640673515,5.6780278266313555,0.0,0.0
13,40-44,old_vaccine,0.0,0.0,0.0,0.0
13,40-44,new_vaccine,0.0,0.0,0.0,0.0
13,45-49,unvaccinated,0.4898979485566356,8.178630692236935,0.0,0.0
13,45-49,old_vaccine,0.0,0.0,0.0,0.0
13,45-49,new_vaccine,0.0,0.0,0.0,0.0
13,50-54,unvaccinated,1.4177446878757831,9.03603895520598,0.0,0.0
13,50-54,old_vaccine,0.0,0.0,0.0,0.0
13,50-54,new_vaccine,0.0,0.0,0.0,0.0
13,55-59,unvaccinated,2.0,8.304215796810677,0.0,0.0
13,55-59,old_vaccine,0.0,0.0,0.0,0.0
13,55-59,new_vaccine,0.0,0.0,0.0,0.0
13,60-64,unvaccinated,2.8982753492378874,5.585696017507575,0.4,0.0
13,60-64,old_vaccine,0.0,0.0,0.0,0.0
13,60-64,new_vaccine,0.0,0.0,0.0,0.0
13,65-69,unvaccinated,2.8653097563788803,3.605551275463989,0.0,0.0
13,65-69,old_vaccine,0.0,0.0,0.0,0.0
13,65-69,new_vaccine,0.0,0.0,0.0,0.0
13,70-74,unvaccinated,3.0,2.5377155080899043,0.3,0.0
13,70-74,old_vaccine,0.0,0.0,0.0,0.0
13,70-74,new_vaccine,0.0,0.0,0.0,0.0
13,75+,unvaccinated,7.114070564732965,3.4481879299133325,0.0,0.0
13,75+,old_vaccine,0.0,0.0,0.0,0.0
13,75+,new_vaccine,0.0,0.0,0.0,0.0
14,0-4,unvaccinated,0.9165151389911681,4.71274866717927,0.0,0.0
14,0-4,old_vaccine,0.0,0.0,0.0,0.0
14,0-4,new_vaccine,0.0,0.0,0.0,0.0
14,5-9,unvaccinated,0.0,7.0398863627192165,0.0,0.0
14,5-9,old_vaccine,0.0,0.0,0.0,0.0
14,5-9,new_vaccine,0.0,0.0,0.0,0.0
14,10-14,unvaccinated,0.458257569495584,7.310266752998826,0.0,0.0
14,10-14,old_vaccine,0.0,0.0,0.0,0.0
14,10-14,new_vaccine,0.0,0.0,0.0,0.0
14,15-19,unvaccinated,0.0,6.296824596572467,0.0,0.0
14,15-19,old_vaccine,0.0,0.0,0.0,0.0
14,15-19,new_vaccine,0.0,0.0,0.0,0.0
14,20-24,unvaccinated,0.44721359549995787,8.946507698538015,0.0,0.0
14,20-24,old_vaccine,0.0,0.0,0.0,0.0
14,20-24,new_vaccine,0.0,0.0,0.0,0.0
14,25-29,unvaccinated,1.1832159566199234,11.54816002660164,0.0,0.0
14,25-29,old_vaccine,0.0,0.0,0.0,0.0
14,25-29,new_vaccine,0.0,0.0,0.0,0.0
14,30-34,unvaccinated,0.7810249675906655,9.278469701410895,0.0,0.0
14,30-34,old_vaccine,0.0,0.0,0.0,0.0
14,30-34,new_vaccine,0.0,0.0,0.0,0.0
14,35-39,unvaccinated,1.0440306508910548,12.25112239756015,0.0,0.0
14,35-39,old_vaccine,0.0,0.0,0.0,0.0
14,35-39,new_vaccine,0.0,0.0,0.0,0.0
14,40-44,unvaccinated,1.1357816691600549,5.793099343184096,0.0,0.0
14,40-44,old_vaccine,0.0,0.0,0.0,0.0
14,40-44,new_vaccine,0.0,0.0,0.0,0.0
14,45-49,unvaccinated,0.458257569495584,7.901898506055366,0.0,0.0
14,45-49,old_vaccine,0.0,0.0,0.0,0.0
14,45-49,new_vaccine,0.0,0.0,0.0,0.0
14,50-54,unvaccinated,1.2999999999999998,8.85945822271317,0.0,0.0
14,50-54,old_vaccine,0.0,0.0,0.0,0.0
14,50-54,new_vaccine,0.0,0.0,0.0,0.0
14,55-59,unvaccinated,2.0,8.296987405076615,0.0,0.0
14,55-59,old_vaccine,0.0,0.0,0.0,0.0
14,55-59,new_vaccine,0.0,0.0,0.0,0.0
14,60-64,unvaccinated,3.065941943351178,5.166236541235795,0.4,0.0
14,60-64,old_vaccine,0.0,0.0,0.0,0.0
14,60-64,new_vaccine,0.0,0.0,0.0,0.0
14,65-69,unvaccinated,2.8653097563788807,3.762977544445356,0.0,0.0
14,65-69,old_vaccine,0.0,0.0,0.0,0.0
14,65-69,new_vaccine,0.0,0.0,0.0,0.0
14,70-74,unvaccinated,2.821347195933177,2.6095976701399777,0.0,0.0
14,70-74,old_vaccine,0.0,0.0,0.0,0.0
14,70-74,new_vaccine,0.0,0.0,0.0,0.0
14,75+,unvaccinated,7.074602462329598,3.6110940170535577,0.0,0.0
14,75+,old_vaccine,0.0,0.0,0.0,0.0
14,75+,new_vaccine,0.0,0.0,0.0,0.0
15,0-4,unvaccinated,1.004987562112089,4.775981574503823,0.0,0.0
15,0-4,old_vaccine,0.0,0.0,0.0,0.0
15,0-4,new_vaccine,0.0,0.0,0.0,0.0
15,5-9,unvaccinated,0.0,7.2415467960926705,0.0,0.0
15,5-9,old_vaccine,0.0,0.0,0.0,0.0
15,5-9,new_vaccine,0.0,0.0,0.0,0.0
15,10-14,unvaccinated,0.458257569495584,7.520638270785266,0.0,0.0
15,10-14,old_vaccine,0.0,0.0,0.0,0.0
15,10-14,new_vaccine,0.0,0.0,0.0,0.0
15,15-19,unvaccinated,0.0,6.079473661428263,0.0,0.0
15,15-19,old_vaccine,0.0,0.0,0.0,0.0
15,15-19,new_vaccine,0.0,0.0,0.0,0.0
15,20-24,unvaccinated,0.44721359549995787,8.376156636548767,0.0,0.0
15,20-24,old_vaccine,0.0,0.0,0.0,0.0
15,20-24,new_vaccine,0.0,0.0,0.0,0.0
15,25-29,unvaccinated,1.1832159566199234,11.101351269102333,0.0,0.0
15,25-29,old_vaccine,0.0,0.0,0.0,0.0
15,25-29,new_vaccine,0.0,0.0,0.0,0.0
15,30-34,unvaccinated,0.7810249675906655,9.942333730065593,0.0,0.0
15,30-34,old_vaccine,0.0,0.0,0.0,0.0
15,30-34,new_vaccine,0.0,0.0,0.0,0.0
15,35-39,unvaccinated,1.0440306508910548,12.053630158587081,0.0,0.0
15,35-39,old_vaccine,0.0,0.0,0.0,0.0
15,35-39,new_vaccine,0.0,0.0,0.0,0.0
15,40-44,unvaccinated,1.1874342087037917,5.936328831862332,0.0,0.0
15,40-44,old_vaccine,0.0,0.0,0.0,0.0
15,40-44,new_vaccine,0.0,0.0,0.0,0.0
15,45-49,unvaccinated,0.4,8.12403840463596,0.0,0.0
15,45-49,old_vaccine,0.0,0.0,0.0,0.0
15,45-49,new_vaccine,0.0,0.0,0.0,0.0
15,50-54,unvaccinated,1.2999999999999998,8.261355820929152,0.0,0.0
15,50-54,old_vaccine,0.0,0.0,0.0,0.0
15,50-54,new_vaccine,0.0,0.0,0.0,0.0
15,55-59,unvaccinated,1.9078784028338913,7.988116173416605,0.0,0.0
15,55-59,old_vaccine,0.0,0.0,0.0,0.0
15,55-59,new_vaccine,0.0,0.0,0.0,0.0
15,60-64,unvaccinated,2.905167809266791,5.593746508378798,0.4,0.0
15,60-64,old_vaccine,0.0,0.0,0.0,0.0
15,60-64,new_vaccine,0.0,0.0,0.0,0.0
15,65-69,unvaccinated,2.7202941017470885,3.929376540877701,0.0,0.0
15,65-69,old_vaccine,0.0,0.0,0.0,0.0
15,65-69,new_vaccine,0.0,0.0,0.0,0.0
15,70-74,unvaccinated,2.870540018881465,2.6095976701399777,0.0,0.0
15,70-74,old_vaccine,0.0,0.0,0.0,0.0
15,70-74,new_vaccine,0.0,0.0,0.0,0.0
15,75+,unvaccinated,7.003570517957252,3.827531841800928,0.0,0.0
15,75+,old_vaccine,0.0,0.0,0.0,0.0
15,75+,new_vaccine,0.0,0.0,0.0,0.0
16,0-4,unvaccinated,1.2041594578792296,5.0950956811428,0.0,0.0
16,0-4,old_vaccine,0.0,0.0,0.0,0.0
16,0-4,new_vaccine,0.0,0.0,0.0,0.0
16,5-9,unvaccinated,0.0,7.158212067269313,0.0,0.0
16,5-9,old_vaccine,0.0,0.0,0.0,0.0
16,5-9,new_vaccine,0.0,0.0,0.0,0.0
16,10-14,unvaccinated,0.458257569495584,7.5657121277510955,0.0,0.0
16,10-14,old_vaccine,0.0,0.0,0.0,0.0
16,10-14,new_vaccine,0.0,0.0,0.0,0.0
16,15-19,unvaccinated,0.0,6.168468205316455,0.0,0.0
16,15-19,old_vaccine,0.0,0.0,0.0,0.0
16,15-19,new_vaccine,0.0,0.0,0.0,0.0
16,20-24,unvaccinated,0.44721359549995787,8.321057625085887,0.0,0.0
16,20-24,old_vaccine,0.0,0.0,0.0,0.0
16,20-24,new_vaccine,0.0,0.0,0.0,0.0
16,25-29,unvaccinated,1.077032961426901,11.225417586887358,0.0,0.0
16,25-29,old_vaccine,0.0,0.0,0.0,0.0
16,25-29,new_vaccine,0.0,0.0,0.0,0.0
16,30-34,unvaccinated,0.7483314773547881,10.05186549850325,0.0,0.0
16,30-34,old_vaccine,0.0,0.0,0.0,0.0
16,30-34,new_vaccine,0.0,0.0,0.0,0.0
16,35-39,unvaccinated,0.8306623862918073,12.190159966136623,0.0,0.0
16,35-39,old_vaccine,0.0,0.0,0.0,0.0
16,35-39,new_vaccine,0.0,0.0,0.0,0.0
16,40-44,unvaccinated,1.077032961426901,5.535341001239219,0.0,0.0
16,40-44,old_vaccine,0.0,0.0,0.0,0.0
16,40-44,new_vaccine,0.0,0.0,0.0,0.0
16,45-49,unvaccinated,0.3,8.12403840463596,0.0,0.0
16,45-49,old_vaccine,0.0,0.0,0.0,0.0
16,45-49,new_vaccine,0.0,0.0,0.0,0.0
16,50-54,unvaccinated,0.9797958971132721,7.867019766086771,0.0,0.0
16,50-54,old_vaccine,0.0,0.0,0.0,0.0
16,50-54,new_vaccine,0.0,0.0,0.0,0.0
16,55-59,unvaccinated,1.9078784028338913,7.618398781896361,0.0,0.0
16,55-59,old_vaccine,0.0,0.0,0.0,0.0
16,55-59,new_vaccine,0.0,0.0,0.0,0.0
16,60-64,unvaccinated,2.765863337187866,5.299999999999998,0.4,0.0
16,60-64,old_vaccine,0.0,0.0,0.0,0.0
16,60-64,new_vaccine,0.0,0.0,0.0,0.0
16,65-69,unvaccinated,2.6627053911388696,4.006245124802025,0.0,0.0
16,65-69,old_vaccine,0.0,0.0,0.0,0.0
16,65-69,new_vaccine,0.0,0.0,0.0,0.0
16,70-74,unvaccinated,3.3226495451672298,2.4269322199023193,0.0,0.0
16,70-74,old_vaccine,0.0,0.0,0.0,0.0
16,70-74,new_vaccine,0.0,0.0,0.0,0.0
16,75+,unvaccinated,7.286288492778747,3.5270384177096803,0.0,0.0
16,75+,old_vaccine,0.0,0.0,0.0,0.0
16,75+,new_vaccine,0.0,0.0,0.0,0.0
17,0-4,unvaccinated,1.2041594578792296,5.344155686354952,0.0,0.0
17,0-4,old_vaccine,0.0,0.0,0.0,0.0
17,0-4,new_vaccine,0.0,0.0,0.0,0.0
17,5-9,unvaccinated,0.0,7.592101158440922,0.0,0.0
17,5-9,old_vaccine,0.0,0.0,0.0,0.0
17,5-9,new_vaccine,0.0,0.0,0.0,0.0
17,10-14,unvaccinated,0.458257569495584,8.101851640211638,0.0,0.0
17,10-14,old_vaccine,0.0,0.0,0.0,0.0
17,10-14,new_vaccine,0.0,0.0,0.0,0.0
17,15-19,unvaccinated,0.0,6.177378084592197,0.0,0.0
17,15-19,old_vaccine,0.0,0.0,0.0,0.0
17,15-19,new_vaccine,0.0,0.0,0.0,0.0
17,20-24,unvaccinated,0.44721359549995787,8.185963596303125,0.0,0.0
17,20-24,old_vaccine,0.0,0.0,0.0,0.0
17,20-24,new_vaccine,0.0,0.0,0.0,0.0
17,25-29,unvaccinated,1.077032961426901,11.627553482998906,0.0,0.0
17,25-29,old_vaccine,0.0,0.0,0.0,0.0
17,25-29,new_vaccine,0.0,0.0,0.0,0.0
17,30-34,unvaccinated,0.8306623862918074,10.149384217774003,0.0,0.0
17,30-34,old_vaccine,0.0,0.0,0.0,0.0
17,30-34,new_vaccine,0.0,0.0,0.0,0.0
17,35-39,unvaccinated,0.7483314773547883,12.163880959627974,0.0,0.0
17,35-39,old_vaccine,0.0,0.0,0.0,0.0
17,35-39,new_vaccine,0.0,0.0,0.0,0.0
17,40-44,unvaccinated,1.2206555615733703,5.480875842417888,0.0,0.0
17,40-44,old_vaccine,0.0,0.0,0.0,0.0
17,40-44,new_vaccine,0.0,0.0,0.0,0.0
17,45-49,unvaccinated,0.3,8.395832299420944,0.0,0.0
17,45-49,old_vaccine,0.0,0.0,0.0,0.0
17,45-49,new_vaccine,0.0,0.0,0.0,0.0
17,50-54,unvaccinated,1.0440306508910548,7.756287771866126,0.0,0.0
17,50-54,old_vaccine,0.0,0.0,0.0,0.0
17,50-54,new_vaccine,0.0,0.0,0.0,0.0
17,55-59,unvaccinated,1.9,7.378346698278687,0.0,0.0
17,55-59,old_vaccine,0.0,0.0,0.0,0.0
17,55-59,new_vaccine,0.0,0.0,0.0,0.0
17,60-64,unvaccinated,2.8354893757515645,5.238320341483518,0.4,0.0
17,60-64,old_vaccine,0.0,0.0,0.0,0.0
17,60-64,new_vaccine,0.0,0.0,0.0,0.0
17,65-69,unvaccinated,2.8354893757515645,3.8223029707232783,0.0,0.0
17,65-69,old_vaccine,0.0,0.0,0.0,0.0
17,65-69,new_vaccine,0.0,0.0,0.0,0.0
17,70-74,unvaccinated,3.407345007480164,2.6,0.0,0.0
17,70-74,old_vaccine,0.0,0.0,0.0,0.0
17,70-74,new_vaccine,0.0,0.0,0.0,0.0
17,75+,unvaccinated,7.48064168370602,3.5791060336346545,0.0,0.0
17,75+,old_vaccine,0.0,0.0,0.0,0.0
17,75+,new_vaccine,0.0,0.0,0.0,0.0
18,0-4,unvaccinated,1.2041594578792296,5.4037024344425175,0.0,0.0
18,0-4,old_vaccine,0.0,0.0,0.0,0.0
18,0-4,new_vaccine,0.0,0.0,0.0,0.0
18,5-9,unvaccinated,0.3,7.756287771866124,0.0,0.0
18,5-9,old_vaccine,0.0,0.0,0.0,0.0
18,5-9,new_vaccine,0.0,0.0,0.0,0.0
18,10-14,unvaccinated,0.458257569495584,7.962411694957752,0.0,0.0
18,10-14,old_vaccine,0.0,0.0,0.0,0.0
18,10-14,new_vaccine,0.0,0.0,0.0,0.0
18,15-19,unvaccinated,0.0,6.090155991434045,0.0,0.0
18,15-19,old_vaccine,0.0,0.0,0.0,0.0
18,15-19,new_vaccine,0.0,0.0,0.0,0.0
18,20-24,unvaccinated,0.44721359549995787,8.646386528486913,0.0,0.0
18,20-24,old_vaccine,0.0,0.0,0.0,0.0
18,20-24,new_vaccine,0.0,0.0,0.0,0.0
18,25-29,unvaccinated,1.0049875621120892,11.430223094935636,0.0,0.0
18,25-29,old_vaccine,0.0,0.0,0.0,0.0
18,25-29,new_vaccine,0.0,0.0,0.0,0.0
18,30-34,unvaccinated,0.8306623862918074,10.059821071967432,0.0,0.0
18,30-34,old_vaccine,0.0,0.0,0.0,0.0
18,30-34,new_vaccine,0.0,0.0,0.0,0.0
18,35-39,unvaccinated,0.7483314773547883,12.533554962579453,0.0,0.0
18,35-39,old_vaccine,0.0,0.0,0.0,0.0
18,35-39,new_vaccine,0.0,0.0,0.0,0.0
18,40-44,unvaccinated,1.2206555615733703,6.106553856308812,0.0,0.0
18,40-44,old_vaccine,0.0,0.0,0.0,0.0
18,40-44,new_vaccine,0.0,0.0,0.0,0.0
18,45-49,unvaccinated,0.3,8.414867794564568,0.0,0.0
18,45-49,old_vaccine,0.0,0.0,0.0,0.0
18,45-49,new_vaccine,0.0,0.0,0.0,0.0
18,50-54,unvaccinated,1.095445115010332,8.258934555982389,0.0,0.0
18,50-54,old_vaccine,0.0,0.0,0.0,0.0
18,50-54,new_vaccine,0.0,0.0,0.0,0.0
18,55-59,unvaccinated,2.3853720883753127,7.003570517957252,0.0,0.0
18,55-59,old_vaccine,0.0,0.0,0.0,0.0
18,55-59,new_vaccine,0.0,0.0,0.0,0.0
18,60-64,unvaccinated,2.8354893757515645,5.127377497317707,0.3,0.0
18,60-64,old_vaccine,0.0,0.0,0.0,0.0
18,60-64,new_vaccine,0.0,0.0,0.0,0.0
18,65-69,unvaccinated,2.692582403567252,3.872983346207417,0.3,0.0
18,65-69,old_vaccine,0.0,0.0,0.0,0.0
18,65-69,new_vaccine,0.0,0.0,0.0,0.0
18,70-74,unvaccinated,3.6331804249169903,2.8089143810376282,0.0,0.0
18,70-74,old_vaccine,0.0,0.0,0.0,0.0
18,70-74,new_vaccine,0.0,0.0,0.0,0.0
18,75+,unvaccinated,7.925276020429823,3.3704599092705445,0.0,0.0
18,75+,old_vaccine,0.0,0.0,0.0,0.0
18,75+,new_vaccine,0.0,0.0,0.0,0.0
19,0-4,unvaccinated,1.2041594578792296,5.933801479658718,0.0,0.0
19,0-4,old_vaccine,0.0,0.0,0.0,0.0
19,0-4,new_vaccine,0.0,0.0,0.0,0.0
19,5-9,unvaccinated,0.3,7.560423268574319,0.0,0.0
19,5-9,old_vaccine,0.0,0.0,0.0,0.0
19,5-9,new_vaccine,0.0,0.0,0.0,0.0
19,10-14,unvaccinated,0.458257569495584,8.121576201698781,0.0,0.0
19,10-14,old_vaccine,0.0,0.0,0.0,0.0
19,10-14,new_vaccine,0.0,0.0,0.0,0.0
19,15-19,unvaccinated,0.0,6.004165220911231,0.0,0.0
19,15-19,old_vaccine,0.0,0.0,0.0,0.0
19,15-19,new_vaccine,0.0,0.0,0.0,0.0
19,20-24,unvaccinated,0.5385164807134503,8.874683092933516,0.0,0.0
19,20-24,old_vaccine,0.0,0.0,0.0,0.0
19,20-24,new_vaccine,0.0,0.0,0.0,0.0
19,25-29,unvaccinated,1.2206555615733703,11.519114549304557,0.0,0.0
19,25-29,old_vaccine,0.0,0.0,0.0,0.0
19,25-29,new_vaccine,0.0,0.0,0.0,0.0
19,30-34,unvaccinated,0.8944271909999159,10.017983829094556,0.0,0.0
19,30-34,old_vaccine,0.0,0.0,0.0,0.0
19,30-34,new_vaccine,0.0,0.0,0.0,0.0
19,35-39,unvaccinated,0.7810249675906652,13.204544672195249,0.0,0.0
19,35-39,old_vaccine,0.0,0.0,0.0,0.0
19,35-39,new_vaccine,0.0,0.0,0.0,0.0
19,40-44,unvaccinated,1.1832159566199234,5.762811813689563,0.0,0.0
19,40-44,old_vaccine,0.0,0.0,0.0,0.0
19,40-44,new_vaccine,0.0,0.0,0.0,0.0
19,45-49,unvaccinated,0.3,8.933644273195567,0.0,0.0
19,45-49,old_vaccine,0.0,0.0,0.0,0.0
19,45-49,new_vaccine,0.0,0.0,0.0,0.0
19,50-54,unvaccinated,0.9797958971132699,8.392854103342916,0.0,0.0
19,50-54,old_vaccine,0.0,0.0,0.0,0.0
19,50-54,new_vaccine,0.0,0.0,0.0,0.0
19,55-59,unvaccinated,2.6248809496813372,6.959885056522126,0.0,0.0
19,55-59,old_vaccine,0.0,0.0,0.0,0.0
19,55-59,new_vaccine,0.0,0.0,0.0,0.0
19,60-64,unvaccinated,3.3526109228480423,5.436910887627272,0.3,0.0
19,60-64,old_vaccine,0.0,0.0,0.0,0.0
19,60-64,new_vaccine,0.0,0.0,0.0,0.0
19,65-69,unvaccinated,2.8354893757515653,4.237924020083418,0.3,0.0
19,65-69,old_vaccine,0.0,0.0,0.0,0.0
19,65-69,new_vaccine,0.0,0.0,0.0,0.0
19,70-74,unvaccinated,3.726929030716845,2.891366458960192,0.0,0.0
19,70-74,old_vaccine,0.0,0.0,0.0,0.0
19,70-74,new_vaccine,0.0,0.0,0.0,0.0
19,75+,unvaccinated,8.55336191213724,3.1937438845342627,0.0,0.0
19,75+,old_vaccine,0.0,0.0,0.0,0.0
19,75+,new_vaccine,0.0,0.0,0.0,0.0
20,0-4,unvaccinated,1.2041594578792296,5.886425061104576,0.0,0.0
20,0-4,old_vaccine,0.0,0.0,0.0,0.0
20,0-4,new_vaccine,0.0,0.0,0.0,0.0
20,5-9,unvaccinated,0.3,7.704544113703288,0.0,0.0
20,5-9,old_vaccine,0.0,0.0,0.0,0.0
20,5-9,new_vaccine,0.0,0.0,0.0,0.0
20,10-14,unvaccinated,0.458257569495584,8.36899038116307,0.0,0.0
20,10-14,old_vaccine,0.0,0.0,0.0,0.0
20,10-14,new_vaccine,0.0,0.0,0.0,0.0
20,15-19,unvaccinated,0.0,6.533758489567851,0.0,0.0
20,15-19,old_vaccine,0.0,0.0,0.0,0.0
20,15-19,new_vaccine,0.0,0.0,0.0,0.0
20,20-24,unvaccinated,0.5385164807134503,9.529428104561156,0.0,0.0
20,20-24,old_vaccine,0.0,0.0,0.0,0.0
20,20-24,new_vaccine,0.0,0.0,0.0,0.0
20,25-29,unvaccinated,1.1832159566199234,11.11800341788039,0.0,0.0
20,25-29,old_vaccine,0.0,0.0,0.0,0.0
20,25-29,new_vaccine,0.0,0.0,0.0,0.0
20,30-34,unvaccinated,1.0440306508910548,10.296115772464876,0.0,0.0
20,30-34,old_vaccine,0.0,0.0,0.0,0.0
20,30-34,new_vaccine,0.0,0.0,0.0,0.0
20,35-39,unvaccinated,0.66332495807108,13.219682295728592,0.0,0.0
20,35-39,old_vaccine,0.0,0.0,0.0,0.0
20,35-39,new_vaccine,0.0,0.0,0.0,0.0
20,40-44,unvaccinated,1.2489995996796794,5.882176467941097,0.0,0.0
20,40-44,old_vaccine,0.0,0.0,0.0,0.0
20,40-44,new_vaccine,0.0,0.0,0.0,0.0
20,45-49,unvaccinated,0.4,8.520563361656318,0.0,0.0
20,45-49,old_vaccine,0.0,0.0,0.0,0.0
20,45-49,new_vaccine,0.0,0.0,0.0,0.0
20,50-54,unvaccinated,1.3747727084867516,8.706319543871567,0.0,0.0
20,50-54,old_vaccine,0.0,0.0,0.0,0.0
20,50-54,new_vaccine,0.0,0.0,0.0,0.0
20,55-59,unvaccinated,2.6095976701399777,7.102112361825878,0.0,0.0
20,55-59,old_vaccine,0.0,0.0,0.0,0.0
20,55-59,new_vaccine,0.0,0.0,0.0,0.0
20,60-64,unvaccinated,3.3526109228480423,5.657738063926254,0.3,0.0
20,60-64,old_vaccine,0.0,0.0,0.0,0.0
20,60-64,new_vaccine,0.0,0.0,0.0,0.0
20,65-69,unvaccinated,2.7640549922170514,4.3920382511995495,0.3,0.0
20,65-69,old_vaccine,0.0,0.0,0.0,0.0
20,65-69,new_vaccine,0.0,0.0,0.0,0.0
20,70-74,unvaccinated,3.6386810797320495,2.8442925306655784,0.0,0.0
20,70-74,old_vaccine,0.0,0.0,0.0,0.0
20,70-74,new_vaccine,0.0,0.0,0.0,0.0
20,75+,unvaccinated,8.834025130143111,3.0083217912982643,0.0,0.0
20,75+,old_vaccine,0.0,0.0,0.0,0.0
20,75+,new_vaccine,0.0,0.0,0.0,0.0
21,0-4,unvaccinated,1.2041594578792296,5.838664230798,0.0,0.0
21,0-4,old_vaccine,0.0,0.0,0.0,0.0
21,0-4,new_vaccine,0.0,0.0,0.0,0.0
21,5-9,unvaccinated,0.3,7.6,0.0,0.0
21,5-9,old_vaccine,0.0,0.0,0.0,0.0
21,5-9,new_vaccine,0.0,0.0,0.0,0.0
21,10-14,unvaccinated,0.458257569495584,8.376156636548771,0.0,0.0
21,10-14,old_vaccine,0.0,0.0,0.0,0.0
21,10-14,new_vaccine,0.0,0.0,0.0,0.0
21,15-19,unvaccinated,0.0,6.899999999999997,0.0,0.0
21,15-19,old_vaccine,0.0,0.0,0.0,0.0
21,15-19,new_vaccine,0.0,0.0,0.0,0.0
21,20-24,unvaccinated,0.6000000000000001,9.724196624914574,0.0,0.0
21,20-24,old_vaccine,0.0,0.0,0.0,0.0
21,20-24,new_vaccine,0.0,0.0,0.0,0.0
21,25-29,unvaccinated,1.1832159566199234,11.841030360572509,0.0,0.0
21,25-29,old_vaccine,0.0,0.0,0.0,0.0
21,25-29,new_vaccine,0.0,0.0,0.0,0.0
21,30-34,unvaccinated,0.9797958971132712,10.313098467482991,0.0,0.0
21,30-34,old_vaccine,0.0,0.0,0.0,0.0
21,30-34,new_vaccine,0.0,0.0,0.0,0.0
21,35-39,unvaccinated,0.48989794855663493,13.667845477616435,0.0,0.0
21,35-39,old_vaccine,0.0,0.0,0.0,0.0
21,35-39,new_vaccine,0.0,0.0,0.0,0.0
21,40-44,unvaccinated,1.3453624047073711,5.987486951969081,0.0,0.0
21,40-44,old_vaccine,0.0,0.0,0.0,0.0
21,40-44,new_vaccine,0.0,0.0,0.0,0.0
21,45-49,unvaccinated,0.6403124237432849,8.863407922464136,0.0,0.0
21,45-49,old_vaccine,0.0,0.0,0.0,0.0
21,45-49,new_vaccine,0.0,0.0,0.0,0.0
21,50-54,unvaccinated,1.3747727084867516,9.055937278934742,0.0,0.0
21,50-54,old_vaccine,0.0,0.0,0.0,0.0
21,50-54,new_vaccine,0.0,0.0,0.0,0.0
21,55-59,unvaccinated,2.9137604568666933,7.300000000000002,0.0,0.0
21,55-59,old_vaccine,0.0,0.0,0.0,0.0
21,55-59,new_vaccine,0.0,0.0,0.0,0.0
21,60-64,unvaccinated,3.3526109228480423,5.761944116355172,0.3,0.0
21,60-64,old_vaccine,0.0,0.0,0.0,0.0
21,60-64,new_vaccine,0.0,0.0,0.0,0.0
21,65-69,unvaccinated,3.080584360149873,4.51220566907139,0.3,0.0
21,65-69,old_vaccine,0.0,0.0,0.0,0.0
21,65-69,new_vaccine,0.0,0.0,0.0,0.0
21,70-74,unvaccinated,3.954743986657038,2.891366458960192,0.0,0.0
21,70-74,old_vaccine,0.0,0.0,0.0,0.0
21,70-74,new_vaccine,0.0,0.0,0.0,0.0
21,75+,unvaccinated,8.757282683572571,3.0265491900843084,0.0,0.0
21,75+,old_vaccine,0.0,0.0,0.0,0.0
21,75+,new_vaccine,0.0,0.0,0.0,0.0
22,0-4,unvaccinated,1.2000000000000002,5.268775948927793,0.0,0.0
22,0-4,old_vaccine,0.0,0.0,0.0,0.0
22,0-4,new_vaccine,0.0,0.0,0.0,0.0
22,5-9,unvaccinated,0.3,7.499333303701066,0.0,0.0
22,5-9,old_vaccine,0.0,0.0,0.0,0.0
22,5-9,new_vaccine,0.0,0.0,0.0,0.0
22,10-14,unvaccinated,0.458257569495584,7.762087348130012,0.0,0.0
22,10-14,old_vaccine,0.0,0.0,0.0,0.0
22,10-14,new_vaccine,0.0,0.0,0.0,0.0
22,15-19,unvaccinated,0.0,6.858571279792898,0.0,0.0
22,15-19,old_vaccine,0.0,0.0,0.0,0.0
22,15-19,new_vaccine,0.0,0.0,0.0,0.0
22,20-24,unvaccinated,0.6403124237432848,9.3706990134141,0.0,0.0
22,20-24,old_vaccine,0.0,0.0,0.0,0.0
22,20-24,new_vaccine,0.0,0.0,0.0,0.0
22,25-29,unvaccinated,1.0440306508910548,11.368377192897848,0.0,0.0
22,25-29,old_vaccine,0.0,0.0,0.0,0.0
22,25-29,new_vaccine,0.0,0.0,0.0,0.0
22,30-34,unvaccinated,0.9433981132056604,10.278618584226189,0.0,0.0
22,30-34,old_vaccine,0.0,0.0,0.0,0.0
22,30-34,new_vaccine,0.0,0.0,0.0,0.0
22,35-39,unvaccinated,0.670820393249937,14.108153670838714,0.0,0.0
22,35-39,old_vaccine,0.0,0.0,0.0,0.0
22,35-39,new_vaccine,0.0,0.0,0.0,0.0
22,40-44,unvaccinated,1.2489995996796794,6.181423784210237,0.0,0.0
22,40-44,old_vaccine,0.0,0.0,0.0,0.0
22,40-44,new_vaccine,0.0,0.0,0.0,0.0
22,45-49,unvaccinated,0.6403124237432849,8.637708029332781,0.0,0.0
22,45-49,old_vaccine,0.0,0.0,0.0,0.0
22,45-49,new_vaccine,0.0,0.0,0.0,0.0
22,50-54,unvaccinated,1.4456832294800954,9.329523031752482,0.0,0.0
22,50-54,old_vaccine,0.0,0.0,0.0,0.0
22,50-54,new_vaccine,0.0,0.0,0.0,0.0
22,55-59,unvaccinated,2.8653097563788807,7.730459236035078,0.0,0.0
22,55-59,old_vaccine,0.0,0.0,0.0,0.0
22,55-59,new_vaccine,0.0,0.0,0.0,0.0
22,60-64,unvaccinated,3.170173496829472,5.607138307550474,0.3,0.0
22,60-64,old_vaccine,0.0,0.0,0.0,0.0
22,60-64,new_vaccine,0.0,0.0,0.0,0.0
22,65-69,unvaccinated,3.026549190084312,4.570557952810576,0.3,0.0
22,65-69,old_vaccine,0.0,0.0,0.0,0.0
22,65-69,new_vaccine,0.0,0.0,0.0,0.0
22,70-74,unvaccinated,3.827531841800928,2.507987240796891,0.0,0.0
22,70-74,old_vaccine,0.0,0.0,0.0,0.0
22,70-74,new_vaccine,0.0,0.0,0.0,0.0
22,75+,unvaccinated,8.722958213817146,3.155946767611899,0.0,0.0
22,75+,old_vaccine,0.0,0.0,0.0,0.0
22,75+,new_vaccine,0.0,0.0,0.0,0.0
23,0-4,unvaccinated,1.2041594578792296,5.311308689955801,0.0,0.0
23,0-4,old_vaccine,0.0,0.0,0.0,0.0
23,0-4,new_vaccine,0.0,0.0,0.0,0.0
23,5-9,unvaccinated,0.3,7.590125163658371,0.0,0.0
23,5-9,old_vaccine,0.0,0.0,0.0,0.0
23,5-9,new_vaccine,0.0,0.0,0.0,0.0
23,10-14,unvaccinated,0.458257569495584,7.616429609731849,0.0,0.0
23,10-14,old_vaccine,0.0,0.0,0.0,0.0
23,10-14,new_vaccine,0.0,0.0,0.0,0.0
23,15-19,unvaccinated,0.0,7.0313583324987805,0.0,0.0
23,15-19,old_vaccine,0.0,0.0,0.0,0.0
23,15-19,new_vaccine,0.0,0.0,0.0,0.0
23,20-24,unvaccinated,0.6000000000000001,9.703607576566563,0.0,0.0
23,20-24,old_vaccine,0.0,0.0,0.0,0.0
23,20-24,new_vaccine,0.0,0.0,0.0,0.0
23,25-29,unvaccinated,0.7745966692414832,11.410959644131598,0.0,0.0
23,25-29,old_vaccine,0.0,0.0,0.0,0.0
23,25-29,new_vaccine,0.0,0.0,0.0,0.0
23,30-34,unvaccinated,0.9797958971132712,10.074224535913425,0.0,0.0
23,30-34,old_vaccine,0.0,0.0,0.0,0.0
23,30-34,new_vaccine,0.0,0.0,0.0,0.0
23,35-39,unvaccinated,0.8062257748298549,13.88668426947196,0.0,0.0
23,35-39,old_vaccine,0.0,0.0,0.0,0.0
23,35-39,new_vaccine,0.0,0.0,0.0,0.0
23,40-44,unvaccinated,1.2688577540449526,6.046486583132392,0.0,0.0
23,40-44,old_vaccine,0.0,0.0,0.0,0.0
23,40-44,new_vaccine,0.0,0.0,0.0,0.0
23,45-49,unvaccinated,0.6403124237432849,8.522910301065002,0.0,0.0
23,45-49,old_vaccine,0.0,0.0,0.0,0.0
23,45-49,new_vaccine,0.0,0.0,0.0,0.0
23,50-54,unvaccinated,1.399999999999999,9.346657156438337,0.0,0.0
23,50-54,old_vaccine,0.0,0.0,0.0,0.0
23,50-54,new_vaccine,0.0,0.0,0.0,0.0
23,55-59,unvaccinated,2.736786436680802,7.922120928135347,0.0,0.0
23,55-59,old_vaccine,0.0,0.0,0.0,0.0
23,55-59,new_vaccine,0.0,0.0,0.0,0.0
23,60-64,unvaccinated,3.292415526630866,5.517245689653488,0.3,0.0
23,60-64,old_vaccine,0.0,0.0,0.0,0.0
23,60-64,new_vaccine,0.0,0.0,0.0,0.0
23,65-69,unvaccinated,2.85657137141714,4.538722287164087,0.3,0.0
23,65-69,old_vaccine,0.0,0.0,0.0,0.0
23,65-69,new_vaccine,0.0,0.0,0.0,0.0
23,70-74,unvaccinated,3.9799497484264803,2.4515301344262523,0.0,0.0
23,70-74,old_vaccine,0.0,0.0,0.0,0.0
23,70-74,new_vaccine,0.0,0.0,0.0,0.0
23,75+,unvaccinated,8.572630868059115,3.2249030993194205,0.0,0.0
23,75+,old_vaccine,0.0,0.0,0.0,0.0
23,75+,new_vaccine,0.0,0.0,0.0,0.0
24,0-4,unvaccinated,1.2041594578792296,5.119570294468082,0.0,0.0
24,0-4,old_vaccine,0.0,0.0,0.0,0.0
24,0-4,new_vaccine,0.0,0.0,0.0,0.0
24,5-9,unvaccinated,0.3,7.413501197140256,0.0,0.0
24,5-9,old_vaccine,0.0,0.0,0.0,0.0
24,5-9,new_vaccine,0.0,0.0,0.0,0.0
24,10-14,unvaccinated,0.458257569495584,7.5372408744845085,0.0,0.0
24,10-14,old_vaccine,0.0,0.0,0.0,0.0
24,10-14,new_vaccine,0.0,0.0,0.0,0.0
24,15-19,unvaccinated,0.0,7.114070564732968,0.0,0.0
24,15-19,old_vaccine,0.0,0.0,0.0,0.0
24,15-19,new_vaccine,0.0,0.0,0.0,0.0
24,20-24,unvaccinated,0.6403124237432848,9.914131328563283,0.0,0.0
24,20-24,old_vaccine,0.0,0.0,0.0,0.0
24,20-24,new_vaccine,0.0,0.0,0.0,0.0
24,25-29,unvaccinated,0.8306623862918072,11.013173929435602,0.0,0.0
24,25-29,old_vaccine,0.0,0.0,0.0,0.0
24,25-29,new_vaccine,0.0,0.0,0.0,0.0
24,30-34,unvaccinated,1.004987562112089,9.80612053770501,0.0,0.0
24,30-34,old_vaccine,0.0,0.0,0.0,0.0
24,30-34,new_vaccine,0.0,0.0,0.0,0.0
24,35-39,unvaccinated,0.7999999999999998,13.395894893585872,0.0,0.0
24,35-39,old_vaccine,0.0,0.0,0.0,0.0
24,35-39,new_vaccine,0.0,0.0,0.0,0.0
24,40-44,unvaccinated,1.1135528725660044,6.152235366108809,0.0,0.0
24,40-44,old_vaccine,0.0,0.0,0.0,0.0
24,40-44,new_vaccine,0.0,0.0,0.0,0.0
24,45-49,unvaccinated,0.458257569495584,8.402975663418287,0.0,0.0
24,45-49,old_vaccine,0.0,0.0,0.0,0.0
24,45-49,new_vaccine,0.0,0.0,0.0,0.0
24,50-54,unvaccinated,1.399999999999999,9.61041102138717,0.0,0.0
24,50-54,old_vaccine,0.0,0.0,0.0,0.0
24,50-54,new_vaccine,0.0,0.0,0.0,0.0
24,55-59,unvaccinated,2.9342801502242426,8.376156636548771,0.0,0.0
24,55-59,old_vaccine,0.0,0.0,0.0,0.0
24,55-59,new_vaccine,0.0,0.0,0.0,0.0
24,60-64,unvaccinated,3.257299494980466,5.371219600798313,0.3,0.0
24,60-64,old_vaccine,0.0,0.0,0.0,0.0
24,60-64,new_vaccine,0.0,0.0,0.0,0.0
24,65-69,unvaccinated,2.9681644159311653,4.583666654546335,0.3,0.0
24,65-69,old_vaccine,0.0,0.0,0.0,0.0
24,65-69,new_vaccine,0.0,0.0,0.0,0.0
24,70-74,unvaccinated,3.720215047547655,2.289104628451919,0.0,0.0
24,70-74,old_vaccine,0.0,0.0,0.0,0.0
24,70-74,new_vaccine,0.0,0.0,0.0,0.0
24,75+,unvaccinated,8.000624975587845,3.4583232931581156,0.0,0.0
24,75+,old_vaccine,0.0,0.0,0.0,0.0
24,75+,new_vaccine,0.0,0.0,0.0,0.0
25,0-4,unvaccinated,1.019803902718557,5.0159744815937835,0.0,0.0
25,0-4,old_vaccine,0.0,0.0,0.0,0.0
25,0-4,new_vaccine,0.0,0.0,0.0,0.0
25,5-9,unvaccinated,0.3,7.432361670424821,0.0,0.0
25,5-9,old_vaccine,0.0,0.0,0.0,0.0
25,5-9,new_vaccine,0.0,0.0,0.0,0.0
25,10-14,unvaccinated,0.458257569495584,7.472616676907756,0.0,0.0
25,10-14,old_vaccine,0.0,0.0,0.0,0.0
25,10-14,new_vaccine,0.0,0.0,0.0,0.0
25,15-19,unvaccinated,0.0,6.788961628997474,0.0,0.0
25,15-19,old_vaccine,0.0,0.0,0.0,0.0
25,15-19,new_vaccine,0.0,0.0,0.0,0.0
25,20-24,unvaccinated,0.6403124237432848,9.478396488858225,0.0,0.0
25,20-24,old_vaccine,0.0,0.0,0.0,0.0
25,20-24,new_vaccine,0.0,0.0,0.0,0.0
25,25-29,unvaccinated,0.9433981132056602,11.331813623599711,0.0,0.0
25,25-29,old_vaccine,0.0,0.0,0.0,0.0
25,25-29,new_vaccine,0.0,0.0,0.0,0.0
25,30-34,unvaccinated,0.8717797887081349,9.914131328563283,0.0,0.0
25,30-34,old_vaccine,0.0,0.0,0.0,0.0
25,30-34,new_vaccine,0.0,0.0,0.0,0.0
25,35-39,unvaccinated,0.9219544457292888,13.011149065320865,0.0,0.0
25,35-39,old_vaccine,0.0,0.0,0.0,0.0
25,35-39,new_vaccine,0.0,0.0,0.0,0.0
25,40-44,unvaccinated,1.1874342087037921,6.4536811201050215,0.0,0.0
25,40-44,old_vaccine,0.0,0.0,0.0,0.0
25,40-44,new_vaccine,0.0,0.0,0.0,0.0
25,45-49,unvaccinated,0.458257569495584,8.502352615599992,0.0,0.0
25,45-49,old_vaccine,0.0,0.0,0.0,0.0
25,45-49,new_vaccine,0.0,0.0,0.0,0.0
25,50-54,unvaccinated,1.1874342087037926,9.780081799248919,0.0,0.0
25,50-54,old_vaccine,0.0,0.0,0.0,0.0
25,50-54,new_vaccine,0.0,0.0,0.0,0.0
25,55-59,unvaccinated,2.808914381037628,8.392854103342911,0.0,0.0
25,55-59,old_vaccine,0.0,0.0,0.0,0.0
25,55-59,new_vaccine,0.0,0.0,0.0,0.0
25,60-64,unvaccinated,3.0740852297878796,5.758472019555184,0.3,0.0
25,60-64,old_vaccine,0.0,0.0,0.0,0.0
25,60-64,new_vaccine,0.0,0.0,0.0,0.0
25,65-69,unvaccinated,2.8372521918222215,4.561797891182817,0.0,0.0
25,65-69,old_vaccine,0.0,0.0,0.0,0.0
25,65-69,new_vaccine,0.0,0.0,0.0,0.0
25,70-74,unvaccinated,3.694590640382234,2.289104628451919,0.0,0.0
25,70-74,old_vaccine,0.0,0.0,0.0,0.0
25,70-74,new_vaccine,0.0,0.0,0.0,0.0
25,75+,unvaccinated,7.502666192761079,3.748332962798262,0.0,0.0
25,75+,old_vaccine,0.0,0.0,0.0,0.0
25,75+,new_vaccine,0.0,0.0,0.0,0.0
26,0-4,unvaccinated,1.019803902718557,5.15751878329105,0.0,0.0
26,0-4,old_vaccine,0.0,0.0,0.0,0.0
26,0-4,new_vaccine,0.0,0.0,0.0,0.0
26,5-9,unvaccinated,0.0,7.166589146867566,0.0,0.0
26,5-9,old_vaccine,0.0,0.0,0.0,0.0
26,5-9,new_vaccine,0.0,0.0,0.0,0.0
26,10-14,unvaccinated,0.6633249580710799,7.49399759807808,0.0,0.0
26,10-14,old_vaccine,0.0,0.0,0.0,0.0
26,10-14,new_vaccine,0.0,0.0,0.0,0.0
26,15-19,unvaccinated,0.0,6.241794613730892,0.0,0.0
26,15-19,old_vaccine,0.0,0.0,0.0,0.0
26,15-19,new_vaccine,0.0,0.0,0.0,0.0
26,20-24,unvaccinated,0.6000000000000001,9.42814934120159,0.0,0.0
26,20-24,old_vaccine,0.0,0.0,0.0,0.0
26,20-24,new_vaccine,0.0,0.0,0.0,0.0
26,25-29,unvaccinated,0.9433981132056602,11.144505372604025,0.0,0.0
26,25-29,old_vaccine,0.0,0.0,0.0,0.0
26,25-29,new_vaccine,0.0,0.0,0.0,0.0
26,30-34,unvaccinated,0.9433981132056604,9.606768447297975,0.0,0.0
26,30-34,old_vaccine,0.0,0.0,0.0,0.0
26,30-34,new_vaccine,0.0,0.0,0.0,0.0
26,35-39,unvaccinated,0.9797958971132712,12.223338332877805,0.0,0.0
26,35-39,old_vaccine,0.0,0.0,0.0,0.0
26,35-39,new_vaccine,0.0,0.0,0.0,0.0
26,40-44,unvaccinated,1.2206555615733703,6.308724118235003,0.0,0.0
26,40-44,old_vaccine,0.0,0.0,0.0,0.0
26,40-44,new_vaccine,0.0,0.0,0.0,0.0
26,45-49,unvaccinated,0.458257569495584,8.248636250920512,0.0,0.0
26,45-49,old_vaccine,0.0,0.0,0.0,0.0
26,45-49,new_vaccine,0.0,0.0,0.0,0.0
26,50-54,unvaccinated,1.2999999999999998,9.383496150156402,0.0,0.0
26,50-54,old_vaccine,0.0,0.0,0.0,0.0
26,50-54,new_vaccine,0.0,0.0,0.0,0.0
26,55-59,unvaccinated,2.4515301344262523,8.435638683585259,0.0,0.0
26,55-59,old_vaccine,0.0,0.0,0.0,0.0
26,55-59,new_vaccine,0.0,0.0,0.0,0.0
26,60-64,unvaccinated,3.0016662039607267,5.509990925582366,0.3,0.0
26,60-64,old_vaccine,0.0,0.0,0.0,0.0
26,60-64,new_vaccine,0.0,0.0,0.0,0.0
26,65-69,unvaccinated,2.8372521918222215,4.63033476111609,0.0,0.0
26,65-69,old_vaccine,0.0,0.0,0.0,0.0
26,65-69,new_vaccine,0.0,0.0,0.0,0.0
26,70-74,unvaccinated,3.6069377593742855,2.0976176963403033,0.0,0.0
26,70-74,old_vaccine,0.0,0.0,0.0,0.0
26,70-74,new_vaccine,0.0,0.0,0.0,0.0
26,75+,unvaccinated,6.98927750200262,3.84837628097877,0.0,0.0
26,75+,old_vaccine,0.0,0.0,0.0,0.0
26,75+,new_vaccine,0.0,0.0,0.0,0.0
27,0-4,unvaccinated,1.019803902718557,4.795831523312719,0.0,0.0
27,0-4,old_vaccine,0.0,0.0,0.0,0.0
27,0-4,new_vaccine,0.0,0.0,0.0,0.0
27,5-9,unvaccinated,0.0,7.313685801290619,0.0,0.0
27,5-9,old_vaccine,0.0,0.0,0.0,0.0
27,5-9,new_vaccine,0.0,0.0,0.0,0.0
27,10-14,unvaccinated,0.6633249580710799,6.827151675479317,0.0,0.0
27,10-14,old_vaccine,0.0,0.0,0.0,0.0
27,10-14,new_vaccine,0.0,0.0,0.0,0.0
27,15-19,unvaccinated,0.0,6.312685640834651,0.0,0.0
27,15-19,old_vaccine,0.0,0.0,0.0,0.0
27,15-19,new_vaccine,0.0,0.0,0.0,0.0
27,20-24,unvaccinated,0.44721359549995787,9.31074647920348,0.0,0.0
27,20-24,old_vaccine,0.0,0.0,0.0,0.0
27,20-24,new_vaccine,0.0,0.0,0.0,0.0
27,25-29,unvaccinated,0.8944271909999157,11.081967334368027,0.0,0.0
27,25-29,old_vaccine,0.0,0.0,0.0,0.0
27,25-29,new_vaccine,0.0,0.0,0.0,0.0
27,30-34,unvaccinated,0.8306623862918074,9.767804256842988,0.0,0.0
27,30-34,old_vaccine,0.0,0.0,0.0,0.0
27,30-34,new_vaccine,0.0,0.0,0.0,0.0
27,35-39,unvaccinated,1.0,11.85284775908305,0.0,0.0
27,35-39,old_vaccine,0.0,0.0,0.0,0.0
27,35-39,new_vaccine,0.0,0.0,0.0,0.0
27,40-44,unvaccinated,1.2206555615733703,6.450581369148057,0.0,0.0
27,40-44,old_vaccine,0.0,0.0,0.0,0.0
27,40-44,new_vaccine,0.0,0.0,0.0,0.0
27,45-49,unvaccinated,0.458257569495584,8.345657553482528,0.0,0.0
27,45-49,old_vaccine,0.0,0.0,0.0,0.0
27,45-49,new_vaccine,0.0,0.0,0.0,0.0
27,50-54,unvaccinated,1.166190378969059,9.058145505565696,0.0,0.0
27,50-54,old_vaccine,0.0,0.0,0.0,0.0
27,50-54,new_vaccine,0.0,0.0,0.0,0.0
27,55-59,unvaccinated,2.0880613017821097,8.321057625085889,0.0,0.0
27,55-59,old_vaccine,0.0,0.0,0.0,0.0
27,55-59,new_vaccine,0.0,0.0,0.0,0.0
27,60-64,unvaccinated,2.785677655436824,5.851495535331118,0.3,0.0
27,60-64,old_vaccine,0.0,0.0,0.0,0.0
27,60-64,new_vaccine,0.0,0.0,0.0,0.0
27,65-69,unvaccinated,2.830194339616981,4.605431575867781,0.0,0.0
27,65-69,old_vaccine,0.0,0.0,0.0,0.0
27,65-69,new_vaccine,0.0,0.0,0.0,0.0
27,70-74,unvaccinated,3.4423828956117,2.1656407827707715,0.0,0.0
27,70-74,old_vaccine,0.0,0.0,0.0,0.0
27,70-74,new_vaccine,0.0,0.0,0.0,0.0
27,75+,unvaccinated,7.323933369440221,3.57211421989835,0.0,0.0
27,75+,old_vaccine,0.0,0.0,0.0,0.0
27,75+,new_vaccine,0.0,0.0,0.0,0.0
28,0-4,unvaccinated,1.019803902718557,4.608687448721164,0.0,0.0
28,0-4,old_vaccine,0.0,0.0,0.0,0.0
28,0-4,new_vaccine,0.0,0.0,0.0,0.0
28,5-9,unvaccinated,0.0,7.430343195303972,0.0,0.0
28,5-9,old_vaccine,0.0,0.0,0.0,0.0
28,5-9,new_vaccine,0.0,0.0,0.0,0.0
28,10-14,unvaccinated,0.6633249580710799,6.823488843692795,0.0,0.0
28,10-14,old_vaccine,0.0,0.0,0.0,0.0
28,10-14,new_vaccine,0.0,0.0,0.0,0.0
28,15-19,unvaccinated,0.0,5.769748694700662,0.0,0.0
28,15-19,old_vaccine,0.0,0.0,0.0,0.0
28,15-19,new_vaccine,0.0,0.0,0.0,0.0
28,20-24,unvaccinated,0.44721359549995787,9.370699013414102,0.0,0.0
28,20-24,old_vaccine,0.0,0.0,0.0,0.0
28,20-24,new_vaccine,0.0,0.0,0.0,0.0
28,25-29,unvaccinated,1.044030650891055,10.956276739841874,0.0,0.0
28,25-29,old_vaccine,0.0,0.0,0.0,0.0
28,25-29,new_vaccine,0.0,0.0,0.0,0.0
28,30-34,unvaccinated,0.8306623862918074,9.718024490605073,0.0,0.0
28,30-34,old_vaccine,0.0,0.0,0.0,0.0
28,30-34,new_vaccine,0.0,0.0,0.0,0.0
28,35-39,unvaccinated,1.0,11.959933110180845,0.0,0.0
28,35-39,old_vaccine,0.0,0.0,0.0,0.0
28,35-39,new_vaccine,0.0,0.0,0.0,0.0
28,40-44,unvaccinated,1.1357816691600546,6.321392251711644,0.0,0.0
28,40-44,old_vaccine,0.0,0.0,0.0,0.0
28,40-44,new_vaccine,0.0,0.0,0.0,0.0
28,45-49,unvaccinated,0.458257569495584,7.988116173416605,0.0,0.0
28,45-49,old_vaccine,0.0,0.0,0.0,0.0
28,45-49,new_vaccine,0.0,0.0,0.0,0.0
28,50-54,unvaccinated,1.2489995996796792,8.68101376568428,0.0,0.0
28,50-54,old_vaccine,0.0,0.0,0.0,0.0
28,50-54,new_vaccine,0.0,0.0,0.0,0.0
28,55-59,unvaccinated,2.325940669922602,8.014985963805552,0.0,0.0
28,55-59,old_vaccine,0.0,0.0,0.0,0.0
28,55-59,new_vaccine,0.0,0.0,0.0,0.0
28,60-64,unvaccinated,2.891366458960192,5.799999999999999,0.3,0.0
28,60-64,old_vaccine,0.0,0.0,0.0,0.0
28,60-64,new_vaccine,0.0,0.0,0.0,0.0
28,65-69,unvaccinated,2.8000000000000007,4.635730794599704,0.0,0.0
28,65-69,old_vaccine,0.0,0.0,0.0,0.0
28,65-69,new_vaccine,0.0,0.0,0.0,0.0
28,70-74,unvaccinated,3.3181320046074103,2.4515301344262523,0.0,0.0
28,70-74,old_vaccine,0.0,0.0,0.0,0.0
28,70-74,new_vaccine,0.0,0.0,0.0,0.0
28,75+,unvaccinated,7.269112738154497,3.4985711369071804,0.0,0.0
28,75+,old_vaccine,0.0,0.0,0.0,0.0
28,75+,new_vaccine,0.0,0.0,0.0,0.0
29,0-4,unvaccinated,1.004987562112089,5.3516352641038605,0.0,0.0
29,0-4,old_vaccine,0.0,0.0,0.0,0.0
29,0-4,new_vaccine,0.0,0.0,0.0,0.0
29,5-9,unvaccinated,0.0,7.082372483850311,0.0,0.0
29,5-9,old_vaccine,0.0,0.0,0.0,0.0
29,5-9,new_vaccine,0.0,0.0,0.0,0.0
29,10-14,unvaccinated,0.6633249580710799,7.01712191713953,0.0,0.0
29,10-14,old_vaccine,0.0,0.0,0.0,0.0
29,10-14,new_vaccine,0.0,0.0,0.0,0.0
29,15-19,unvaccinated,0.0,5.974110812497538,0.0,0.0
29,15-19,old_vaccine,0.0,0.0,0.0,0.0
29,15-19,new_vaccine,0.0,0.0,0.0,0.0
29,20-24,unvaccinated,0.44721359549995787,9.414881836751857,0.0,0.0
29,20-24,old_vaccine,0.0,0.0,0.0,0.0
29,20-24,new_vaccine,0.0,0.0,0.0,0.0
29,25-29,unvaccinated,1.044030650891055,11.009087155618307,0.0,0.0
29,25-29,old_vaccine,0.0,0.0,0.0,0.0
29,25-29,new_vaccine,0.0,0.0,0.0,0.0
29,30-34,unvaccinated,0.9433981132056604,9.646242791885348,0.0,0.0
29,30-34,old_vaccine,0.0,0.0,0.0,0.0
29,30-34,new_vaccine,0.0,0.0,0.0,0.0
29,35-39,unvaccinated,1.0440306508910548,11.622822376686312,0.0,0.0
29,35-39,old_vaccine,0.0,0.0,0.0,0.0
29,35-39,new_vaccine,0.0,0.0,0.0,0.0
29,40-44,unvaccinated,1.0954451150103324,6.45677938294317,0.0,0.0
29,40-44,old_vaccine,0.0,0.0,0.0,0.0
29,40-44,new_vaccine,0.0,0.0,0.0,0.0
29,45-49,unvaccinated,0.6403124237432849,8.248636250920512,0.0,0.0
29,45-49,old_vaccine,0.0,0.0,0.0,0.0
29,45-49,new_vaccine,0.0,0.0,0.0,0.0
29,50-54,unvaccinated,1.2489995996796792,8.772684879784524,0.0,0.0
29,50-54,old_vaccine,0.0,0.0,0.0,0.0
29,50-54,new_vaccine,0.0,0.0,0.0,0.0
29,55-59,unvaccinated,2.2449944320643653,7.8108898340714035,0.0,0.0
29,55-59,old_vaccine,0.0,0.0,0.0,0.0
29,55-59,new_vaccine,0.0,0.0,0.0,0.0
29,60-64,unvaccinated,2.7586228448267436,5.653317610041031,0.4,0.0
29,60-64,old_vaccine,0.0,0.0,0.0,0.0
29,60-64,new_vaccine,0.0,0.0,0.0,0.0
29,65-69,unvaccinated,2.4515301344262523,4.0853396431631,0.0,0.0
29,65-69,old_vaccine,0.0,0.0,0.0,0.0
29,65-69,new_vaccine,0.0,0.0,0.0,0.0
29,70-74,unvaccinated,3.551056180912939,2.418677324489565,0.0,0.0
29,70-74,old_vaccine,0.0,0.0,0.0,0.0
29,70-74,new_vaccine,0.0,0.0,0.0,0.0
29,75+,unvaccinated,7.618398781896365,3.73630833845388,0.0,0.0
29,75+,old_vaccine,0.0,0.0,0.0,0.0
29,75+,new_vaccine,0.0,0.0,0.0,0.0
30,0-4,unvaccinated,1.004987562112089,5.348831648126534,0.0,0.0
30,0-4,old_vaccine,0.0,0.0,0.0,0.0
30,0-4,new_vaccine,0.0,0.0,0.0,0.0
30,5-9,unvaccinated,0.0,6.997142273814361,0.0,0.0
30,5-9,old_vaccine,0.0,0.0,0.0,0.0
30,5-9,new_vaccine,0.0,0.0,0.0,0.0
30,10-14,unvaccinated,0.6633249580710799,7.349149610669252,0.0,0.0
30,10-14,old_vaccine,0.0,0.0,0.0,0.0
30,10-14,new_vaccine,0.0,0.0,0.0,0.0
30,15-19,unvaccinated,0.0,6.000833275471001,0.0,0.0
30,15-19,old_vaccine,0.0,0.0,0.0,0.0
30,15-19,new_vaccine,0.0,0.0,0.0,0.0
30,20-24,unvaccinated,0.29999999999999993,8.993886812718959,0.0,0.0
30,20-24,old_vaccine,0.0,0.0,0.0,0.0
30,20-24,new_vaccine,0.0,0.0,0.0,0.0
30,25-29,unvaccinated,0.8306623862918074,11.480853626799705,0.0,0.0
30,25-29,old_vaccine,0.0,0.0,0.0,0.0
30,25-29,new_vaccine,0.0,0.0,0.0,0.0
30,30-34,unvaccinated,0.9433981132056604,9.849365461794989,0.0,0.0
30,30-34,old_vaccine,0.0,0.0,0.0,0.0
30,30-34,new_vaccine,0.0,0.0,0.0,0.0
30,35-39,unvaccinated,0.8944271909999159,12.48358922746179,0.0,0.0
30,35-39,old_vaccine,0.0,0.0,0.0,0.0
30,35-39,new_vaccine,0.0,0.0,0.0,0.0
30,40-44,unvaccinated,1.0954451150103324,5.953150426454886,0.0,0.0
30,40-44,old_vaccine,0.0,0.0,0.0,0.0
30,40-44,new_vaccine,0.0,0.0,0.0,0.0
30,45-49,unvaccinated,0.6633249580710799,8.239538822045803,0.0,0.0
30,45-49,old_vaccine,0.0,0.0,0.0,0.0
30,45-49,new_vaccine,0.0,0.0,0.0,0.0
30,50-54,unvaccinated,1.6613247725836144,8.662563131083084,0.0,0.0
30,50-54,old_vaccine,0.0,0.0,0.0,0.0
30,50-54,new_vaccine,0.0,0.0,0.0,0.0
30,55-59,unvaccinated,2.3999999999999995,7.616429609731846,0.0,0.0
30,55-59,old_vaccine,0.0,0.0,0.0,0.0
30,55-59,new_vaccine,0.0,0.0,0.0,0.0
30,60-64,unvaccinated,2.647640458974745,6.343500610861483,0.4,0.0
30,60-64,old_vaccine,0.0,0.0,0.0,0.0
30,60-64,new_vaccine,0.0,0.0,0.0,0.0
30,65-69,unvaccinated,2.729468812791236,4.148493702538308,0.0,0.0
30,65-69,old_vaccine,0.0,0.0,0.0,0.0
30,65-69,new_vaccine,0.0,0.0,0.0,0.0
30,70-74,unvaccinated,3.322649545167229,2.497999199359359,0.0,0.0
30,70-74,old_vaccine,0.0,0.0,0.0,0.0
30,70-74,new_vaccine,0.0,0.0,0.0,0.0
30,75+,unvaccinated,7.665507158694718,3.73630833845388,0.0,0.0
30,75+,old_vaccine,0.0,0.0,0.0,0.0
30,75+,new_vaccine,0.0,0.0,0.0,0.0
31,0-4,unvaccinated,1.019803902718557,5.356304696336833,0.0,0.0
31,0-4,old_vaccine,0.0,0.0,0.0,0.0
31,0-4,new_vaccine,0.0,0.0,0.0,0.0
31,5-9,unvaccinated,0.3,6.974955196988722,0.0,0.0
31,5-9,old_vaccine,0.0,0.0,0.0,0.0
31,5-9,new_vaccine,0.0,0.0,0.0,0.0
31,10-14,unvaccinated,0.6633249580710799,7.62889244910426,0.0,0.0
31,10-14,old_vaccine,0.0,0.0,0.0,0.0
31,10-14,new_vaccine,0.0,0.0,0.0,0.0
31,15-19,unvaccinated,0.0,6.000833275471001,0.0,0.0
31,15-19,old_vaccine,0.0,0.0,0.0,0.0
31,15-19,new_vaccine,0.0,0.0,0.0,0.0
31,20-24,unvaccinated,0.29999999999999993,8.640023148117137,0.0,0.0
31,20-24,old_vaccine,0.0,0.0,0.0,0.0
31,20-24,new_vaccine,0.0,0.0,0.0,0.0
31,25-29,unvaccinated,0.7810249675906656,11.612493272333896,0.0,0.0
31,25-29,old_vaccine,0.0,0.0,0.0,0.0
31,25-29,new_vaccine,0.0,0.0,0.0,0.0
31,30-34,unvaccinated,0.9433981132056604,9.99799979995999,0.0,0.0
31,30-34,old_vaccine,0.0,0.0,0.0,0.0
31,30-34,new_vaccine,0.0,0.0,0.0,0.0
31,35-39,unvaccinated,0.8717797887081346,12.393546707863734,0.0,0.0
31,35-39,old_vaccine,0.0,0.0,0.0,0.0
31,35-39,new_vaccine,0.0,0.0,0.0,0.0
31,40-44,unvaccinated,1.0954451150103324,5.889821729050888,0.0,0.0
31,40-44,old_vaccine,0.0,0.0,0.0,0.0
31,40-44,new_vaccine,0.0,0.0,0.0,0.0
31,45-49,unvaccinated,0.806225774829855,7.887331614684397,0.0,0.0
31,45-49,old_vaccine,0.0,0.0,0.0,0.0
31,45-49,new_vaccine,0.0,0.0,0.0,0.0
31,50-54,unvaccinated,1.4866068747318508,8.857200460642177,0.0,0.0
31,50-54,old_vaccine,0.0,0.0,0.0,0.0
31,50-54,new_vaccine,0.0,0.0,0.0,0.0
31,55-59,unvaccinated,2.256102834535695,7.362744053679989,0.0,0.0
31,55-59,old_vaccine,0.0,0.0,0.0,0.0
31,55-59,new_vaccine,0.0,0.0,0.0,0.0
31,60-64,unvaccinated,2.785677655436824,6.406246951218786,0.4,0.0
31,60-64,old_vaccine,0.0,0.0,0.0,0.0
31,60-64,new_vaccine,0.0,0.0,0.0,0.0
31,65-69,unvaccinated,2.8301943396169813,4.294182110716777,0.0,0.0
31,65-69,old_vaccine,0.0,0.0,0.0,0.0
31,65-69,new_vaccine,0.0,0.0,0.0,0.0
31,70-74,unvaccinated,3.3600595232822896,2.497999199359359,0.0,0.0
31,70-74,old_vaccine,0.0,0.0,0.0,0.0
31,70-74,new_vaccine,0.0,0.0,0.0,0.0
31,75+,unvaccinated,7.8644770964127035,3.618010503025109,0.0,0.0
31,75+,old_vaccine,0.0,0.0,0.0,0.0
31,75+,new_vaccine,0.0,0.0,0.0,0.0
32,0-4,unvaccinated,1.0198039027185568,5.2687759489277965,0.0,0.0
32,0-4,old_vaccine,0.0,0.0,0.0,0.0
32,0-4,new_vaccine,0.0,0.0,0.0,0.0
32,5-9,unvaccinated,0.3,6.794115100585211,0.0,0.0
32,5-9,old_vaccine,0.0,0.0,0.0,0.0
32,5-9,new_vaccine,0.0,0.0,0.0,0.0
32,10-14,unvaccinated,0.458257569495584,8.261355820929152,0.0,0.0
32,10-14,old_vaccine,0.0,0.0,0.0,0.0
32,10-14,new_vaccine,0.0,0.0,0.0,0.0
32,15-19,unvaccinated,0.0,6.213694553162393,0.0,0.0
32,15-19,old_vaccine,0.0,0.0,0.0,0.0
32,15-19,new_vaccine,0.0,0.0,0.0,0.0
32,20-24,unvaccinated,0.29999999999999993,8.811356308764278,0.0,0.0
32,20-24,old_vaccine,0.0,0.0,0.0,0.0
32,20-24,new_vaccine,0.0,0.0,0.0,0.0
32,25-29,unvaccinated,0.8717797887081346,11.530828244319656,0.0,0.0
32,25-29,old_vaccine,0.0,0.0,0.0,0.0
32,25-29,new_vaccine,0.0,0.0,0.0,0.0
32,30-34,unvaccinated,0.9433981132056604,10.08166652890285,0.0,0.0
32,30-34,old_vaccine,0.0,0.0,0.0,0.0
32,30-34,new_vaccine,0.0,0.0,0.0,0.0
32,35-39,unvaccinated,0.8717797887081346,12.749901960407382,0.0,0.0
32,35-39,old_vaccine,0.0,0.0,0.0,0.0
32,35-39,new_vaccine,0.0,0.0,0.0,0.0
32,40-44,unvaccinated,1.1000000000000003,5.906775770248945,0.0,0.0
32,40-44,old_vaccine,0.0,0.0,0.0,0.0
32,40-44,new_vaccine,0.0,0.0,0.0,0.0
32,45-49,unvaccinated,0.806225774829855,8.287943049997388,0.0,0.0
32,45-49,old_vaccine,0.0,0.0,0.0,0.0
32,45-49,new_vaccine,0.0,0.0,0.0,0.0
32,50-54,unvaccinated,1.6155494421403516,9.05317623820502,0.0,0.0
32,50-54,old_vaccine,0.0,0.0,0.0,0.0
32,50-54,new_vaccine,0.0,0.0,0.0,0.0
32,55-59,unvaccinated,2.211334438749598,7.523297149521612,0.0,0.0
32,55-59,old_vaccine,0.0,0.0,0.0,0.0
32,55-59,new_vaccine,0.0,0.0,0.0,0.0
32,60-64,unvaccinated,3.026549190084312,5.8957611891934665,0.4,0.0
32,60-64,old_vaccine,0.0,0.0,0.0,0.0
32,60-64,new_vaccine,0.0,0.0,0.0,0.0
32,65-69,unvaccinated,2.758622844826745,4.386342439892262,0.0,0.0
32,65-69,old_vaccine,0.0,0.0,0.0,0.0
32,65-69,new_vaccine,0.0,0.0,0.0,0.0
32,70-74,unvaccinated,3.4985711369071795,2.7129319932501077,0.0,0.0
32,70-74,old_vaccine,0.0,0.0,0.0,0.0
32,70-74,new_vaccine,0.0,0.0,0.0,0.0
32,75+,unvaccinated,7.848566748139435,3.74299345444258,0.0,0.0
32,75+,old_vaccine,0.0,0.0,0.0,0.0
32,75+,new_vaccine,0.0,0.0,0.0,0.0
33,0-4,unvaccinated,1.1874342087037917,5.514526271584893,0.0,0.0
33,0-4,old_vaccine,0.0,0.0,0.0,0.0
33,0-4,new_vaccine,0.0,0.0,0.0,0.0
33,5-9,unvaccinated,0.3,7.014983962918234,0.0,0.0
33,5-9,old_vaccine,0.0,0.0,0.0,0.0
33,5-9,new_vaccine,0.0,0.0,0.0,0.0
33,10-14,unvaccinated,0.458257569495584,8.651589449343977,0.0,0.0
33,10-14,old_vaccine,0.0,0.0,0.0,0.0
33,10-14,new_vaccine,0.0,0.0,0.0,0.0
33,15-19,unvaccinated,0.0,6.4536811201050215,0.0,0.0
33,15-19,old_vaccine,0.0,0.0,0.0,0.0
33,15-19,new_vaccine,0.0,0.0,0.0,0.0
33,20-24,unvaccinated,0.29999999999999993,9.000555538409836,0.0,0.0
33,20-24,old_vaccine,0.0,0.0,0.0,0.0
33,20-24,new_vaccine,0.0,0.0,0.0,0.0
33,25-29,unvaccinated,0.8717797887081346,11.866338946785564,0.0,0.0
33,25-29,old_vaccine,0.0,0.0,0.0,0.0
33,25-29,new_vaccine,0.0,0.0,0.0,0.0
33,30-34,unvaccinated,0.9433981132056604,10.404326023342406,0.0,0.0
33,30-34,old_vaccine,0.0,0.0,0.0,0.0
33,30-34,new_vaccine,0.0,0.0,0.0,0.0
33,35-39,unvaccinated,1.0,13.281942628998213,0.0,0.0
33,35-39,old_vaccine,0.0,0.0,0.0,0.0
33,35-39,new_vaccine,0.0,0.0,0.0,0.0
33,40-44,unvaccinated,1.0770329614269005,5.7280013966478736,0.0,0.0
33,40-44,old_vaccine,0.0,0.0,0.0,0.0
33,40-44,new_vaccine,0.0,0.0,0.0,0.0
33,45-49,unvaccinated,0.806225774829855,8.271033792700884,0.0,0.0
33,45-49,old_vaccine,0.0,0.0,0.0,0.0
33,45-49,new_vaccine,0.0,0.0,0.0,0.0
33,50-54,unvaccinated,1.7464249196572983,9.121403400793103,0.0,0.0
33,50-54,old_vaccine,0.0,0.0,0.0,0.0
33,50-54,new_vaccine,0.0,0.0,0.0,0.0
33,55-59,unvaccinated,2.211334438749598,7.372923436466706,0.0,0.0
33,55-59,old_vaccine,0.0,0.0,0.0,0.0
33,55-59,new_vaccine,0.0,0.0,0.0,0.0
33,60-64,unvaccinated,2.925747767665559,5.957348403442593,0.4,0.0
33,60-64,old_vaccine,0.0,0.0,0.0,0.0
33,60-64,new_vaccine,0.0,0.0,0.0,0.0
33,65-69,unvaccinated,2.85657137141714,3.9547439866570384,0.0,0.0
33,65-69,old_vaccine,0.0,0.0,0.0,0.0
33,65-69,new_vaccine,0.0,0.0,0.0,0.0
33,70-74,unvaccinated,3.634556369077247,2.947880594596735,0.0,0.0
33,70-74,old_vaccine,0.0,0.0,0.0,0.0
33,70-74,new_vaccine,0.0,0.0,0.0,0.0
33,75+,unvaccinated,7.892401408950256,3.74299345444258,0.0,0.0
33,75+,old_vaccine,0.0,0.0,0.0,0.0
33,75+,new_vaccine,0.0,0.0,0.0,0.0
34,0-4,unvaccinated,1.1874342087037917,5.7835974963685,0.0,0.0
34,0-4,old_vaccine,0.0,0.0,0.0,0.0
34,0-4,new_vaccine,0.0,0.0,0.0,0.0
34,5-9,unvaccinated,0.3,7.085901495222751,0.0,0.0
34,5-9,old_vaccine,0.0,0.0,0.0,0.0
34,5-9,new_vaccine,0.0,0.0,0.0,0.0
34,10-14,unvaccinated,0.458257569495584,8.357032966310467,0.0,0.0
34,10-14,old_vaccine,0.0,0.0,0.0,0.0
34,10-14,new_vaccine,0.0,0.0,0.0,0.0
34,15-19,unvaccinated,0.0,6.545991139621257,0.0,0.0
34,15-19,old_vaccine,0.0,0.0,0.0,0.0
34,15-19,new_vaccine,0.0,0.0,0.0,0.0
34,20-24,unvaccinated,0.29999999999999993,9.173875952943773,0.0,0.0
34,20-24,old_vaccine,0.0,0.0,0.0,0.0
34,20-24,new_vaccine,0.0,0.0,0.0,0.0
34,25-29,unvaccinated,0.8717797887081346,11.874342087037917,0.0,0.0
34,25-29,old_vaccine,0.0,0.0,0.0,0.0
34,25-29,new_vaccine,0.0,0.0,0.0,0.0
34,30-34,unvaccinated,0.9433981132056604,10.258654882585725,0.0,0.0
34,30-34,old_vaccine,0.0,0.0,0.0,0.0
34,30-34,new_vaccine,0.0,0.0,0.0,0.0
34,35-39,unvaccinated,1.0954451150103324,13.504073459515835,0.0,0.0
34,35-39,old_vaccine,0.0,0.0,0.0,0.0
34,35-39,new_vaccine,0.0,0.0,0.0,0.0
34,40-44,unvaccinated,1.1357816691600546,5.710516614107694,0.0,0.0
34,40-44,old_vaccine,0.0,0.0,0.0,0.0
34,40-44,new_vaccine,0.0,0.0,0.0,0.0
34,45-49,unvaccinated,0.806225774829855,8.832326986700616,0.0,0.0
34,45-49,old_vaccine,0.0,0.0,0.0,0.0
34,45-49,new_vaccine,0.0,0.0,0.0,0.0
34,50-54,unvaccinated,1.7464249196572983,8.711486669908872,0.0,0.0
34,50-54,old_vaccine,0.0,0.0,0.0,0.0
34,50-54,new_vaccine,0.0,0.0,0.0,0.0
34,55-59,unvaccinated,2.211334438749598,7.327346040688948,0.0,0.0
34,55-59,old_vaccine,0.0,0.0,0.0,0.0
34,55-59,new_vaccine,0.0,0.0,0.0,0.0
34,60-64,unvaccinated,2.966479394838265,5.906775770248945,0.4,0.0
34,60-64,old_vaccine,0.0,0.0,0.0,0.0
34,60-64,new_vaccine,0.0,0.0,0.0,0.0
34,65-69,unvaccinated,2.68514431641951,3.874274125562103,0.0,0.0
34,65-69,old_vaccine,0.0,0.0,0.0,0.0
34,65-69,new_vaccine,0.0,0.0,0.0,0.0
34,70-74,unvaccinated,3.969886648255842,2.925747767665559,0.0,0.0
34,70-74,old_vaccine,0.0,0.0,0.0,0.0
34,70-74,new_vaccine,0.0,0.0,0.0,0.0
34,75+,unvaccinated,7.828793010419933,3.8000000000000007,0.0,0.0
34,75+,old_vaccine,0.0,0.0,0.0,0.0
34,75+,new_vaccine,0.0,0.0,0.0,0.0
35,0-4,unvaccinated,1.1999999999999997,6.1065538563088095,0.0,0.0
35,0-4,old_vaccine,0.0,0.0,0.0,0.0
35,0-4,new_vaccine,0.0,0.0,0.0,0.0
35,5-9,unvaccinated,0.4,7.445804187594516,0.0,0.0
35,5-9,old_vaccine,0.0,0.0,0.0,0.0
35,5-9,new_vaccine,0.0,0.0,0.0,0.0
35,10-14,unvaccinated,0.458257569495584,8.328265125462806,0.0,0.0
35,10-14,old_vaccine,0.0,0.0,0.0,0.0
35,10-14,new_vaccine,0.0,0.0,0.0,0.0
35,15-19,unvaccinated,0.0,6.503076195155645,0.0,0.0
35,15-19,old_vaccine,0.0,0.0,0.0,0.0
35,15-19,new_vaccine,0.0,0.0,0.0,0.0
35,20-24,unvaccinated,0.29999999999999993,9.080198235721507,0.0,0.0
35,20-24,old_vaccine,0.0,0.0,0.0,0.0
35,20-24,new_vaccine,0.0,0.0,0.0,0.0
35,25-29,unvaccinated,0.8717797887081346,11.864231959971113,0.0,0.0
35,25-29,old_vaccine,0.0,0.0,0.0,0.0
35,25-29,new_vaccine,0.0,0.0,0.0,0.0
35,30-34,unvaccinated,1.0,10.423531071570707,0.0,0.0
35,30-34,old_vaccine,0.0,0.0,0.0,0.0
35,30-34,new_vaccine,0.0,0.0,0.0,0.0
35,35-39,unvaccinated,1.0954451150103324,13.223085872821065,0.0,0.0
35,35-39,old_vaccine,0.0,0.0,0.0,0.0
35,35-39,new_vaccine,0.0,0.0,0.0,0.0
35,40-44,unvaccinated,1.1357816691600546,6.0174745533321525,0.0,0.0
35,40-44,old_vaccine,0.0,0.0,0.0,0.0
35,40-44,new_vaccine,0.0,0.0,0.0,0.0
35,45-49,unvaccinated,0.916515138991168,8.832326986700616,0.0,0.0
35,45-49,old_vaccine,0.0,0.0,0.0,0.0
35,45-49,new_vaccine,0.0,0.0,0.0,0.0
35,50-54,unvaccinated,1.6852299546352723,9.16515138991168,0.0,0.0
35,50-54,old_vaccine,0.0,0.0,0.0,0.0
35,50-54,new_vaccine,0.0,0.0,0.0,0.0
35,55-59,unvaccinated,2.1656407827707715,7.52927619363243,0.0,0.0
35,55-59,old_vaccine,0.0,0.0,0.0,0.0
35,55-59,new_vaccine,0.0,0.0,0.0,0.0
35,60-64,unvaccinated,2.966479394838265,6.024118192731615,0.4,0.0
35,60-64,old_vaccine,0.0,0.0,0.0,0.0
35,60-64,new_vaccine,0.0,0.0,0.0,0.0
35,65-69,unvaccinated,3.059411708155671,3.9547439866570384,0.0,0.0
35,65-69,old_vaccine,0.0,0.0,0.0,0.0
35,65-69,new_vaccine,0.0,0.0,0.0,0.0
35,70-74,unvaccinated,3.8935844667863586,2.72213151776324,0.0,0.0
35,70-74,old_vaccine,0.0,0.0,0.0,0.0
35,70-74,new_vaccine,0.0,0.0,0.0,0.0
35,75+,unvaccinated,7.147726911403373,3.84837628097877,0.0,0.0
35,75+,old_vaccine,0.0,0.0,0.0,0.0
35,75+,new_vaccine,0.0,0.0,0.0,0.0
36,0-4,unvaccinated,1.1999999999999997,5.604462507680818,0.0,0.0
36,0-4,old_vaccine,0.0,0.0,0.0,0.0
36,0-4,new_vaccine,0.0,0.0,0.0,0.0
36,5-9,unvaccinated,0.4,7.440430095095309,0.0,0.0
36,5-9,old_vaccine,0.0,0.0,0.0,0.0
36,5-9,new_vaccine,0.0,0.0,0.0,0.0
36,10-14,unvaccinated,0.458257569495584,7.96806124474455,0.0,0.0
36,10-14,old_vaccine,0.0,0.0,0.0,0.0
36,10-14,new_vaccine,0.0,0.0,0.0,0.0
36,15-19,unvaccinated,0.0,6.675327707311457,0.0,0.0
36,15-19,old_vaccine,0.0,0.0,0.0,0.0
36,15-19,new_vaccine,0.0,0.0,0.0,0.0
36,20-24,unvaccinated,0.44721359549995787,9.724196624914574,0.0,0.0
36,20-24,old_vaccine,0.0,0.0,0.0,0.0
36,20-24,new_vaccine,0.0,0.0,0.0,0.0
36,25-29,unvaccinated,0.8717797887081346,11.399999999999999,0.0,0.0
36,25-29,old_vaccine,0.0,0.0,0.0,0.0
36,25-29,new_vaccine,0.0,0.0,0.0,0.0
36,30-34,unvaccinated,1.0,9.77547952787995,0.0,0.0
36,30-34,old_vaccine,0.0,0.0,0.0,0.0
36,30-34,new_vaccine,0.0,0.0,0.0,0.0
36,35-39,unvaccinated,1.0440306508910548,13.059862173851604,0.0,0.0
36,35-39,old_vaccine,0.0,0.0,0.0,0.0
36,35-39,new_vaccine,0.0,0.0,0.0,0.0
36,40-44,unvaccinated,1.1832159566199234,6.257795138864808,0.0,0.0
36,40-44,old_vaccine,0.0,0.0,0.0,0.0
36,40-44,new_vaccine,0.0,0.0,0.0,0.0
36,45-49,unvaccinated,0.806225774829855,8.5,0.0,0.0
36,45-49,old_vaccine,0.0,0.0,0.0,0.0
36,45-49,new_vaccine,0.0,0.0,0.0,0.0
36,50-54,unvaccinated,1.6852299546352723,9.314504817756012,0.0,0.0
36,50-54,old_vaccine,0.0,0.0,0.0,0.0
36,50-54,new_vaccine,0.0,0.0,0.0,0.0
36,55-59,unvaccinated,2.022374841615668,8.08702664766229,0.0,0.0
36,55-59,old_vaccine,0.0,0.0,0.0,0.0
36,55-59,new_vaccine,0.0,0.0,0.0,0.0
36,60-64,unvaccinated,3.1128764832546767,5.895761189193472,0.4,0.0
36,60-64,old_vaccine,0.0,0.0,0.0,0.0
36,60-64,new_vaccine,0.0,0.0,0.0,0.0
36,65-69,unvaccinated,3.124099870362661,3.878143885933063,0.0,0.0
36,65-69,old_vaccine,0.0,0.0,0.0,0.0
36,65-69,new_vaccine,0.0,0.0,0.0,0.0
36,70-74,unvaccinated,4.019950248448358,2.647640458974745,0.0,0.0
36,70-74,old_vaccine,0.0,0.0,0.0,0.0
36,70-74,new_vaccine,0.0,0.0,0.0,0.0
36,75+,unvaccinated,6.97137002317335,3.6619666847201104,0.0,0.0
36,75+,old_vaccine,0.0,0.0,0.0,0.0
36,75+,new_vaccine,0.0,0.0,0.0,0.0
37,0-4,unvaccinated,1.2688577540449522,5.491812087098395,0.0,0.0
37,0-4,old_vaccine,0.0,0.0,0.0,0.0
37,0-4,new_vaccine,0.0,0.0,0.0,0.0
37,5-9,unvaccinated,0.4,7.733045971672483,0.0,0.0
37,5-9,old_vaccine,0.0,0.0,0.0,0.0
37,5-9,new_vaccine,0.0,0.0,0.0,0.0
37,10-14,unvaccinated,0.458257569495584,7.841555968046138,0.0,0.0
37,10-14,old_vaccine,0.0,0.0,0.0,0.0
37,10-14,new_vaccine,0.0,0.0,0.0,0.0
37,15-19,unvaccinated,0.0,6.48768063332344,0.0,0.0
37,15-19,old_vaccine,0.0,0.0,0.0,0.0
37,15-19,new_vaccine,0.0,0.0,0.0,0.0
37,20-24,unvaccinated,0.5385164807134503,9.707728879609276,0.0,0.0
37,20-24,old_vaccine,0.0,0.0,0.0,0.0
37,20-24,new_vaccine,0.0,0.0,0.0,0.0
37,25-29,unvaccinated,0.7999999999999998,11.663618649458664,0.0,0.0
37,25-29,old_vaccine,0.0,0.0,0.0,0.0
37,25-29,new_vaccine,0.0,0.0,0.0,0.0
37,30-34,unvaccinated,1.0,10.121264743103996,0.0,0.0
37,30-34,old_vaccine,0.0,0.0,0.0,0.0
37,30-34,new_vaccine,0.0,0.0,0.0,0.0
37,35-39,unvaccinated,0.8717797887081349,12.707871576310483,0.0,0.0
37,35-39,old_vaccine,0.0,0.0,0.0,0.0
37,35-39,new_vaccine,0.0,0.0,0.0,0.0
37,40-44,unvaccinated,1.1357816691600546,6.410148204214939,0.0,0.0
37,40-44,old_vaccine,0.0,0.0,0.0,0.0
37,40-44,new_vaccine,0.0,0.0,0.0,0.0
37,45-49,unvaccinated,0.6708203932499369,8.697125962063561,0.0,0.0
37,45-49,old_vaccine,0.0,0.0,0.0,0.0
37,45-49,new_vaccine,0.0,0.0,0.0,0.0
37,50-54,unvaccinated,1.496662954709577,9.189124006128115,0.0,0.0
37,50-54,old_vaccine,0.0,0.0,0.0,0.0
37,50-54,new_vaccine,0.0,0.0,0.0,0.0
37,55-59,unvaccinated,1.8138357147217052,7.947326594522209,0.0,0.0
37,55-59,old_vaccine,0.0,0.0,0.0,0.0
37,55-59,new_vaccine,0.0,0.0,0.0,0.0
37,60-64,unvaccinated,3.1622776601683795,5.473572873361604,0.4,0.0
37,60-64,old_vaccine,0.0,0.0,0.0,0.0
37,60-64,new_vaccine,0.0,0.0,0.0,0.0
37,65-69,unvaccinated,3.280243893371344,3.8781438859330635,0.0,0.0
37,65-69,old_vaccine,0.0,0.0,0.0,0.0
37,65-69,new_vaccine,0.0,0.0,0.0,0.0
37,70-74,unvaccinated,3.841874542459709,2.578759391645525,0.0,0.0
37,70-74,old_vaccine,0.0,0.0,0.0,0.0
37,70-74,new_vaccine,0.0,0.0,0.0,0.0
37,75+,unvaccinated,7.056911505750941,3.638681079732051,0.0,0.0
37,75+,old_vaccine,0.0,0.0,0.0,0.0
37,75+,new_vaccine,0.0,0.0,0.0,0.0
38,0-4,unvaccinated,1.3564659966250536,5.568662316930343,0.0,0.0
38,0-4,old_vaccine,0.0,0.0,0.0,0.0
38,0-4,new_vaccine,0.0,0.0,0.0,0.0
38,5-9,unvaccinated,0.4,8.114185110040317,0.0,0.0
38,5-9,old_vaccine,0.0,0.0,0.0,0.0
38,5-9,new_vaccine,0.0,0.0,0.0,0.0
38,10-14,unvaccinated,0.458257569495584,7.582216034906946,0.0,0.0
38,10-14,old_vaccine,0.0,0.0,0.0,0.0
38,10-14,new_vaccine,0.0,0.0,0.0,0.0
38,15-19,unvaccinated,0.0,6.838128398911502,0.0,0.0
38,15-19,old_vaccine,0.0,0.0,0.0,0.0
38,15-19,new_vaccine,0.0,0.0,0.0,0.0
38,20-24,unvaccinated,0.6000000000000001,9.77547952787995,0.0,0.0
38,20-24,old_vaccine,0.0,0.0,0.0,0.0
38,20-24,new_vaccine,0.0,0.0,0.0,0.0
38,25-29,unvaccinated,0.7999999999999998,10.973149046650192,0.0,0.0
38,25-29,old_vaccine,0.0,0.0,0.0,0.0
38,25-29,new_vaccine,0.0,0.0,0.0,0.0
38,30-34,unvaccinated,0.8306623862918074,9.610411021387172,0.0,0.0
38,30-34,old_vaccine,0.0,0.0,0.0,0.0
38,30-34,new_vaccine,0.0,0.0,0.0,0.0
38,35-39,unvaccinated,0.7810249675906652,12.24785695540244,0.0,0.0
38,35-39,old_vaccine,0.0,0.0,0.0,0.0
38,35-39,new_vaccine,0.0,0.0,0.0,0.0
38,40-44,unvaccinated,1.1832159566199234,6.749814812274482,0.0,0.0
38,40-44,old_vaccine,0.0,0.0,0.0,0.0
38,40-44,new_vaccine,0.0,0.0,0.0,0.0
38,45-49,unvaccinated,0.6708203932499369,8.97997772825746,0.0,0.0
38,45-49,old_vaccine,0.0,0.0,0.0,0.0
38,45-49,new_vaccine,0.0,0.0,0.0,0.0
38,50-54,unvaccinated,1.6613247725836144,9.325234581499814,0.0,0.0
38,50-54,old_vaccine,0.0,0.0,0.0,0.0
38,50-54,new_vaccine,0.0,0.0,0.0,0.0
38,55-59,unvaccinated,1.7888543819998315,8.452218643646175,0.0,0.0
38,55-59,old_vaccine,0.0,0.0,0.0,0.0
38,55-59,new_vaccine,0.0,0.0,0.0,0.0
38,60-64,unvaccinated,3.1128764832546767,5.586591089385367,0.4,0.0
38,60-64,old_vaccine,0.0,0.0,0.0,0.0
38,60-64,new_vaccine,0.0,0.0,0.0,0.0
38,65-69,unvaccinated,2.8792360097775935,3.773592452822641,0.0,0.0
38,65-69,old_vaccine,0.0,0.0,0.0,0.0
38,65-69,new_vaccine,0.0,0.0,0.0,0.0
38,70-74,unvaccinated,3.6728735344413916,2.6532998322843198,0.0,0.0
38,70-74,old_vaccine,0.0,0.0,0.0,0.0
38,70-74,new_vaccine,0.0,0.0,0.0,0.0
38,75+,unvaccinated,7.102112361825883,3.66742416417845,0.0,0.0
38,75+,old_vaccine,0.0,0.0,0.0,0.0
38,75+,new_vaccine,0.0,0.0,0.0,0.0
39,0-4,unvaccinated,1.2041594578792296,5.277309920783504,0.0,0.0
39,0-4,old_vaccine,0.0,0.0,0.0,0.0
39,0-4,new_vaccine,0.0,0.0,0.0,0.0
39,5-9,unvaccinated,0.6,7.671375365604268,0.0,0.0
39,5-9,old_vaccine,0.0,0.0,0.0,0.0
39,5-9,new_vaccine,0.0,0.0,0.0,0.0
39,10-14,unvaccinated,0.458257569495584,7.3355299740373185,0.0,0.0
39,10-14,old_vaccine,0.0,0.0,0.0,0.0
39,10-14,new_vaccine,0.0,0.0,0.0,0.0
39,15-19,unvaccinated,0.0,6.808817812219682,0.0,0.0
39,15-19,old_vaccine,0.0,0.0,0.0,0.0
39,15-19,new_vaccine,0.0,0.0,0.0,0.0
39,20-24,unvaccinated,0.6000000000000001,9.713907555664713,0.0,0.0
39,20-24,old_vaccine,0.0,0.0,0.0,0.0
39,20-24,new_vaccine,0.0,0.0,0.0,0.0
39,25-29,unvaccinated,0.7999999999999998,11.182128598795492,0.3,0.0
39,25-29,old_vaccine,0.0,0.0,0.0,0.0
39,25-29,new_vaccine,0.0,0.0,0.0,0.0
39,30-34,unvaccinated,0.8306623862918074,9.252567211320327,0.0,0.0
39,30-34,old_vaccine,0.0,0.0,0.0,0.0
39,30-34,new_vaccine,0.0,0.0,0.0,0.0
39,35-39,unvaccinated,0.7810249675906652,11.933147112141038,0.0,0.0
39,35-39,old_vaccine,0.0,0.0,0.0,0.0
39,35-39,new_vaccine,0.0,0.0,0.0,0.0
39,40-44,unvaccinated,1.044030650891055,6.738694235532577,0.0,0.0
39,40-44,old_vaccine,0.0,0.0,0.0,0.0
39,40-44,new_vaccine,0.0,0.0,0.0,0.0
39,45-49,unvaccinated,0.4898979485566356,8.697700845625812,0.0,0.0
39,45-49,old_vaccine,0.0,0.0,0.0,0.0
39,45-49,new_vaccine,0.0,0.0,0.0,0.0
39,50-54,unvaccinated,1.3747727084867516,9.62548700066651,0.0,0.0
39,50-54,old_vaccine,0.0,0.0,0.0,0.0
39,50-54,new_vaccine,0.0,0.0,0.0,0.0
39,55-59,unvaccinated,1.6733200530681513,8.60464990571958,0.0,0.0
39,55-59,old_vaccine,0.0,0.0,0.0,0.0
39,55-59,new_vaccine,0.0,0.0,0.0,0.0
39,60-64,unvaccinated,3.0594117081556704,5.31883445878888,0.3,0.0
39,60-64,old_vaccine,0.0,0.0,0.0,0.0
39,60-64,new_vaccine,0.0,0.0,0.0,0.0
39,65-69,unvaccinated,3.376388603226826,3.634556369077249,0.0,0.0
39,65-69,old_vaccine,0.0,0.0,0.0,0.0
39,65-69,new_vaccine,0.0,0.0,0.0,0.0
39,70-74,unvaccinated,3.4583232931581165,2.6551836094703507,0.3,0.0
39,70-74,old_vaccine,0.0,0.0,0.0,0.0
39,70-74,new_vaccine,0.0,0.0,0.0,0.0
39,75+,unvaccinated,7.429670248402683,3.638681079732051,0.0,0.0
39,75+,old_vaccine,0.0,0.0,0.0,0.0
39,75+,new_vaccine,0.0,0.0,0.0,0.0
40,0-4,unvaccinated,1.1135528725660047,5.344155686354957,0.0,0.0
40,0-4,old_vaccine,0.0,0.0,0.0,0.0
40,0-4,new_vaccine,0.0,0.0,0.0,0.0
40,5-9,unvaccinated,0.6,7.449161026585476,0.0,0.0
40,5-9,old_vaccine,0.0,0.0,0.0,0.0
40,5-9,new_vaccine,0.0,0.0,0.0,0.0
40,10-14,unvaccinated,0.458257569495584,6.8818602136341,0.0,0.0
40,10-14,old_vaccine,0.0,0.0,0.0,0.0
40,10-14,new_vaccine,0.0,0.0,0.0,0.0
40,15-19,unvaccinated,0.0,6.59469483751902,0.0,0.0
40,15-19,old_vaccine,0.0,0.0,0.0,0.0
40,15-19,new_vaccine,0.0,0.0,0.0,0.0
40,20-24,unvaccinated,0.6000000000000001,9.581231653602789,0.0,0.0
40,20-24,old_vaccine,0.0,0.0,0.0,0.0
40,20-24,new_vaccine,0.0,0.0,0.0,0.0
40,25-29,unvaccinated,0.7999999999999998,10.903669107231753,0.3,0.0
40,25-29,old_vaccine,0.0,0.0,0.0,0.0
40,25-29,new_vaccine,0.0,0.0,0.0,0.0
40,30-34,unvaccinated,0.8306623862918074,9.512623192369176,0.0,0.0
40,30-34,old_vaccine,0.0,0.0,0.0,0.0
40,30-34,new_vaccine,0.0,0.0,0.0,0.0
40,35-39,unvaccinated,0.66332495807108,11.88444361339646,0.0,0.0
40,35-39,old_vaccine,0.0,0.0,0.0,0.0
40,35-39,new_vaccine,0.0,0.0,0.0,0.0
40,40-44,unvaccinated,1.1832159566199234,6.4311740763254095,0.0,0.0
40,40-44,old_vaccine,0.0,0.0,0.0,0.0
40,40-44,new_vaccine,0.0,0.0,0.0,0.0
40,45-49,unvaccinated,0.458257569495584,8.535221145348258,0.0,0.0
40,45-49,old_vaccine,0.0,0.0,0.0,0.0
40,45-49,new_vaccine,0.0,0.0,0.0,0.0
40,50-54,unvaccinated,1.0440306508910542,9.633794683301074,0.0,0.0
40,50-54,old_vaccine,0.0,0.0,0.0,0.0
40,50-54,new_vaccine,0.0,0.0,0.0,0.0
40,55-59,unvaccinated,1.6733200530681513,9.064215354899726,0.0,0.0
40,55-59,old_vaccine,0.0,0.0,0.0,0.0
40,55-59,new_vaccine,0.0,0.0,0.0,0.0
40,60-64,unvaccinated,3.047950130825634,5.499090833947009,0.3,0.0
40,60-64,old_vaccine,0.0,0.0,0.0,0.0
40,60-64,new_vaccine,0.0,0.0,0.0,0.0
40,65-69,unvaccinated,3.3166247903554,3.7894590642992827,0.0,0.0
40,65-69,old_vaccine,0.0,0.0,0.0,0.0
40,65-69,new_vaccine,0.0,0.0,0.0,0.0
40,70-74,unvaccinated,3.257299494980466,2.830194339616981,0.3,0.0
40,70-74,old_vaccine,0.0,0.0,0.0,0.0
40,70-74,new_vaccine,0.0,0.0,0.0,0.0
40,75+,unvaccinated,7.4839828968270625,3.612478373637688,0.0,0.0
40,75+,old_vaccine,0.0,0.0,0.0,0.0
40,75+,new_vaccine,0.0,0.0,0.0,0.0
41,0-4,unvaccinated,1.1135528725660047,5.141984052872976,0.0,0.0
41,0-4,old_vaccine,0.0,0.0,0.0,0.0
41,0-4,new_vaccine,0.0,0.0,0.0,0.0
41,5-9,unvaccinated,0.6,7.130217387990353,0.0,0.0
41,5-9,old_vaccine,0.0,0.0,0.0,0.0
41,5-9,new_vaccine,0.0,0.0,0.0,0.0
41,10-14,unvaccinated,0.458257569495584,7.1309185944028295,0.0,0.0
41,10-14,old_vaccine,0.0,0.0,0.0,0.0
41,10-14,new_vaccine,0.0,0.0,0.0,0.0
41,15-19,unvaccinated,0.0,6.31585306985525,0.0,0.0
41,15-19,old_vaccine,0.0,0.0,0.0,0.0
41,15-19,new_vaccine,0.0,0.0,0.0,0.0
41,20-24,unvaccinated,0.5385164807134503,9.495261976375375,0.0,0.0
41,20-24,old_vaccine,0.0,0.0,0.0,0.0
41,20-24,new_vaccine,0.0,0.0,0.0,0.0
41,25-29,unvaccinated,0.7810249675906656,10.647065323364933,0.3,0.0
41,25-29,old_vaccine,0.0,0.0,0.0,0.0
41,25-29,new_vaccine,0.0,0.0,0.0,0.0
41,30-34,unvaccinated,0.8717797887081346,9.90151503558925,0.0,0.0
41,30-34,old_vaccine,0.0,0.0,0.0,0.0
41,30-34,new_vaccine,0.0,0.0,0.0,0.0
41,35-39,unvaccinated,0.6403124237432848,12.45190748439772,0.0,0.0
41,35-39,old_vaccine,0.0,0.0,0.0,0.0
41,35-39,new_vaccine,0.0,0.0,0.0,0.0
41,40-44,unvaccinated,1.2206555615733703,6.264982043070834,0.0,0.0
41,40-44,old_vaccine,0.0,0.0,0.0,0.0
41,40-44,new_vaccine,0.0,0.0,0.0,0.0
41,45-49,unvaccinated,0.6633249580710799,8.333066662399863,0.0,0.0
41,45-49,old_vaccine,0.0,0.0,0.0,0.0
41,45-49,new_vaccine,0.0,0.0,0.0,0.0
41,50-54,unvaccinated,1.0440306508910542,9.767804256842988,0.0,0.0
41,50-54,old_vaccine,0.0,0.0,0.0,0.0
41,50-54,new_vaccine,0.0,0.0,0.0,0.0
41,55-59,unvaccinated,1.7320508075688772,9.03825204339866,0.0,0.0
41,55-59,old_vaccine,0.0,0.0,0.0,0.0
41,55-59,new_vaccine,0.0,0.0,0.0,0.0
41,60-64,unvaccinated,2.947880594596736,5.478138369920937,0.3,0.0
41,60-64,old_vaccine,0.0,0.0,0.0,0.0
41,60-64,new_vaccine,0.0,0.0,0.0,0.0
41,65-69,unvaccinated,3.789459064299283,3.8327535793473606,0.0,0.0
41,65-69,old_vaccine,0.0,0.0,0.0,0.0
41,65-69,new_vaccine,0.0,0.0,0.0,0.0
41,70-74,unvaccinated,3.5552777669262365,2.7276363393971708,0.3,0.0
41,70-74,old_vaccine,0.0,0.0,0.0,0.0
41,70-74,new_vaccine,0.0,0.0,0.0,0.0
41,75+,unvaccinated,7.707139547199078,3.436568055487916,0.0,0.0
41,75+,old_vaccine,0.0,0.0,0.0,0.0
41,75+,new_vaccine,0.0,0.0,0.0,0.0
42,0-4,unvaccinated,1.1135528725660047,5.000999900019993,0.0,0.0
42,0-4,old_vaccine,0.0,0.0,0.0,0.0
42,0-4,new_vaccine,0.0,0.0,0.0,0.0
42,5-9,unvaccinated,0.3,6.8912988616080195,0.0,0.0
42,5-9,old_vaccine,0.0,0.0,0.0,0.0
42,5-9,new_vaccine,0.0,0.0,0.0,0.0
42,10-14,unvaccinated,0.458257569495584,7.249827584156745,0.0,0.0
42,10-14,old_vaccine,0.0,0.0,0.0,0.0
42,10-14,new_vaccine,0.0,0.0,0.0,0.0
42,15-19,unvaccinated,0.0,6.196773353931867,0.0,0.0
42,15-19,old_vaccine,0.0,0.0,0.0,0.0
42,15-19,new_vaccine,0.0,0.0,0.0,0.0
42,20-24,unvaccinated,0.44721359549995787,9.191844211038392,0.0,0.0
42,20-24,old_vaccine,0.0,0.0,0.0,0.0
42,20-24,new_vaccine,0.0,0.0,0.0,0.0
42,25-29,unvaccinated,0.7810249675906656,11.022250223978766,0.3,0.0
42,25-29,old_vaccine,0.0,0.0,0.0,0.0
42,25-29,new_vaccine,0.0,0.0,0.0,0.0
42,30-34,unvaccinated,0.8306623862918074,9.767804256842988,0.0,0.0
42,30-34,old_vaccine,0.0,0.0,0.0,0.0
42,30-34,new_vaccine,0.0,0.0,0.0,0.0
42,35-39,unvaccinated,0.6000000000000001,12.353542002195155,0.0,0.0
42,35-39,old_vaccine,0.0,0.0,0.0,0.0
42,35-39,new_vaccine,0.0,0.0,0.0,0.0
42,40-44,unvaccinated,1.2206555615733703,5.906775770248943,0.0,0.0
42,40-44,old_vaccine,0.0,0.0,0.0,0.0
42,40-44,new_vaccine,0.0,0.0,0.0,0.0
42,45-49,unvaccinated,0.6403124237432849,8.476437931112338,0.0,0.0
42,45-49,old_vaccine,0.0,0.0,0.0,0.0
42,45-49,new_vaccine,0.0,0.0,0.0,0.0
42,50-54,unvaccinated,1.1000000000000003,9.31074647920348,0.0,0.0
42,50-54,old_vaccine,0.0,0.0,0.0,0.0
42,50-54,new_vaccine,0.0,0.0,0.0,0.0
42,55-59,unvaccinated,1.5620499351813313,8.669486720677295,0.0,0.0
42,55-59,old_vaccine,0.0,0.0,0.0,0.0
42,55-59,new_vaccine,0.0,0.0,0.0,0.0
42,60-64,unvaccinated,3.065941943351178,5.166236541235795,0.3,0.0
42,60-64,old_vaccine,0.0,0.0,0.0,0.0
42,60-64,new_vaccine,0.0,0.0,0.0,0.0
42,65-69,unvaccinated,3.5791060336346554,3.6728735344413916,0.0,0.0
42,65-69,old_vaccine,0.0,0.0,0.0,0.0
42,65-69,new_vaccine,0.0,0.0,0.0,0.0
42,70-74,unvaccinated,3.3000000000000003,2.539685019840059,0.3,0.0
42,70-74,old_vaccine,0.0,0.0,0.0,0.0
42,70-74,new_vaccine,0.0,0.0,0.0,0.0
42,75+,unvaccinated,7.841555968046136,3.7161808352124086,0.0,0.0
42,75+,old_vaccine,0.0,0.0,0.0,0.0
42,75+,new_vaccine,0.0,0.0,0.0,0.0
43,0-4,unvaccinated,1.1135528725660047,4.908156476723212,0.0,0.0
43,0-4,old_vaccine,0.0,0.0,0.0,0.0
43,0-4,new_vaccine,0.0,0.0,0.0,0.0
43,5-9,unvaccinated,0.3,7.0710678118654755,0.0,0.0
43,5-9,old_vaccine,0.0,0.0,0.0,0.0
43,5-9,new_vaccine,0.0,0.0,0.0,0.0
43,10-14,unvaccinated,0.458257569495584,7.678541528180987,0.0,0.0
43,10-14,old_vaccine,0.0,0.0,0.0,0.0
43,10-14,new_vaccine,0.0,0.0,0.0,0.0
43,15-19,unvaccinated,0.0,6.193545026880808,0.0,0.0
43,15-19,old_vaccine,0.0,0.0,0.0,0.0
43,15-19,new_vaccine,0.0,0.0,0.0,0.0
43,20-24,unvaccinated,0.44721359549995787,9.154780172128657,0.0,0.0
43,20-24,old_vaccine,0.0,0.0,0.0,0.0
43,20-24,new_vaccine,0.0,0.0,0.0,0.0
43,25-29,unvaccinated,0.7810249675906656,11.271645842555559,0.3,0.0
43,25-29,old_vaccine,0.0,0.0,0.0,0.0
43,25-29,new_vaccine,0.0,0.0,0.0,0.0
43,30-34,unvaccinated,0.8944271909999159,10.287856919689348,0.0,0.0
43,30-34,old_vaccine,0.0,0.0,0.0,0.0
43,30-34,new_vaccine,0.0,0.0,0.0,0.0
43,35-39,unvaccinated,0.5385164807134503,12.5,0.0,0.0
43,35-39,old_vaccine,0.0,0.0,0.0,0.0
43,35-39,new_vaccine,0.0,0.0,0.0,0.0
43,40-44,unvaccinated,1.2206555615733703,5.546169849544821,0.0,0.0
43,40-44,old_vaccine,0.0,0.0,0.0,0.0
43,40-44,new_vaccine,0.0,0.0,0.0,0.0
43,45-49,unvaccinated,0.6,8.581375181169973,0.0,0.0
43,45-49,old_vaccine,0.0,0.0,0.0,0.0
43,45-49,new_vaccine,0.0,0.0,0.0,0.0
43,50-54,unvaccinated,1.1000000000000003,8.924124606929242,0.0,0.0
43,50-54,old_vaccine,0.0,0.0,0.0,0.0
43,50-54,new_vaccine,0.0,0.0,0.0,0.0
43,55-59,unvaccinated,1.7464249196572983,8.84816365128946,0.0,0.0
43,55-59,old_vaccine,0.0,0.0,0.0,0.0
43,55-59,new_vaccine,0.0,0.0,0.0,0.0
43,60-64,unvaccinated,2.947880594596736,5.62227711874824,0.3,0.0
43,60-64,old_vaccine,0.0,0.0,0.0,0.0
43,60-64,new_vaccine,0.0,0.0,0.0,0.0
43,65-69,unvaccinated,3.4985711369071804,3.768288736283355,0.0,0.0
43,65-69,old_vaccine,0.0,0.0,0.0,0.0
43,65-69,new_vaccine,0.0,0.0,0.0,0.0
43,70-74,unvaccinated,3.0999999999999974,2.3769728648009423,0.3,0.0
43,70-74,old_vaccine,0.0,0.0,0.0,0.0
43,70-74,new_vaccine,0.0,0.0,0.0,0.0
43,75+,unvaccinated,7.8993670632525985,3.746998799039039,0.0,0.0
43,75+,old_vaccine,0.0,0.0,0.0,0.0
43,75+,new_vaccine,0.0,0.0,0.0,0.0
44,0-4,unvaccinated,1.004987562112089,5.21632054229799,0.3,0.0
44,0-4,old_vaccine,0.0,0.0,0.0,0.0
44,0-4,new_vaccine,0.0,0.0,0.0,0.0
44,5-9,unvaccinated,0.3,6.8271516754793105,0.0,0.0
44,5-9,old_vaccine,0.0,0.0,0.0,0.0
44,5-9,new_vaccine,0.0,0.0,0.0,0.0
44,10-14,unvaccinated,0.458257569495584,7.748548251124208,0.0,0.0
44,10-14,old_vaccine,0.0,0.0,0.0,0.0
44,10-14,new_vaccine,0.0,0.0,0.0,0.0
44,15-19,unvaccinated,0.0,6.523802572120037,0.0,0.0
44,15-19,old_vaccine,0.0,0.0,0.0,0.0
44,15-19,new_vaccine,0.0,0.0,0.0,0.0
44,20-24,unvaccinated,0.6999999999999998,8.969392398596462,0.0,0.0
44,20-24,old_vaccine,0.0,0.0,0.0,0.0
44,20-24,new_vaccine,0.0,0.0,0.0,0.0
44,25-29,unvaccinated,0.7810249675906656,11.452510641776326,0.3,0.0
44,25-29,old_vaccine,0.0,0.0,0.0,0.0
44,25-29,new_vaccine,0.0,0.0,0.0,0.0
44,30-34,unvaccinated,1.0,10.440785411069418,0.0,0.0
44,30-34,old_vaccine,0.0,0.0,0.0,0.0
44,30-34,new_vaccine,0.0,0.0,0.0,0.0
44,35-39,unvaccinated,0.6999999999999998,12.986531484580476,0.0,0.0
44,35-39,old_vaccine,0.0,0.0,0.0,0.0
44,35-39,new_vaccine,0.0,0.0,0.0,0.0
44,40-44,unvaccinated,1.4142135623730951,5.491812087098392,0.0,0.0
44,40-44,old_vaccine,0.0,0.0,0.0,0.0
44,40-44,new_vaccine,0.0,0.0,0.0,0.0
44,45-49,unvaccinated,0.3,8.69712596206356,0.0,0.0
44,45-49,old_vaccine,0.0,0.0,0.0,0.0
44,45-49,new_vaccine,0.0,0.0,0.0,0.0
44,50-54,unvaccinated,1.2000000000000006,8.968834929911466,0.0,0.0
44,50-54,old_vaccine,0.0,0.0,0.0,0.0
44,50-54,new_vaccine,0.0,0.0,0.0,0.0
44,55-59,unvaccinated,1.7464249196572983,8.627861844049193,0.0,0.0
44,55-59,old_vaccine,0.0,0.0,0.0,0.0
44,55-59,new_vaccine,0.0,0.0,0.0,0.0
44,60-64,unvaccinated,2.966479394838265,5.799999999999999,0.3,0.0
44,60-64,old_vaccine,0.0,0.0,0.0,0.0
44,60-64,new_vaccine,0.0,0.0,0.0,0.0
44,65-69,unvaccinated,3.3241540277189325,3.8327535793473606,0.0,0.0
44,65-69,old_vaccine,0.0,0.0,0.0,0.0
44,65-69,new_vaccine,0.0,0.0,0.0,0.0
44,70-74,unvaccinated,3.07408522978788,2.578759391645525,0.3,0.0
44,70-74,old_vaccine,0.0,0.0,0.0,0.0
44,70-74,new_vaccine,0.0,0.0,0.0,0.0
44,75+,unvaccinated,7.602631123499286,3.7161808352124077,0.0,0.0
44,75+,old_vaccine,0.0,0.0,0.0,0.0
44,75+,new_vaccine,0.0,0.0,0.0,0.0
45,0-4,unvaccinated,1.004987562112089,4.920365840057017,0.3,0.0
45,0-4,old_vaccine,0.0,0.0,0.0,0.0
45,0-4,new_vaccine,0.0,0.0,0.0,0.0
45,5-9,unvaccinated,0.3,6.46606526413088,0.0,0.0
45,5-9,old_vaccine,0.0,0.0,0.0,0.0
45,5-9,new_vaccine,0.0,0.0,0.0,0.0
45,10-14,unvaccinated,0.458257569495584,8.333066662399863,0.0,0.0
45,10-14,old_vaccine,0.0,0.0,0.0,0.0
45,10-14,new_vaccine,0.0,0.0,0.0,0.0
45,15-19,unvaccinated,0.3,6.390618123468181,0.0,0.0
45,15-19,old_vaccine,0.0,0.0,0.0,0.0
45,15-19,new_vaccine,0.0,0.0,0.0,0.0
45,20-24,unvaccinated,0.6999999999999998,9.23038460737146,0.0,0.0
45,20-24,old_vaccine,0.0,0.0,0.0,0.0
45,20-24,new_vaccine,0.0,0.0,0.0,0.0
45,25-29,unvaccinated,0.7810249675906656,11.76477794095579,0.3,0.0
45,25-29,old_vaccine,0.0,0.0,0.0,0.0
45,25-29,new_vaccine,0.0,0.0,0.0,0.0
45,30-34,unvaccinated,1.0,9.893937537704591,0.0,0.0
45,30-34,old_vaccine,0.0,0.0,0.0,0.0
45,30-34,new_vaccine,0.0,0.0,0.0,0.0
45,35-39,unvaccinated,0.6324555320336758,13.124404748406688,0.0,0.0
45,35-39,old_vaccine,0.0,0.0,0.0,0.0
45,35-39,new_vaccine,0.0,0.0,0.0,0.0
45,40-44,unvaccinated,1.3747727084867518,5.329165037789692,0.0,0.0
45,40-44,old_vaccine,0.0,0.0,0.0,0.0
45,40-44,new_vaccine,0.0,0.0,0.0,0.0
45,45-49,unvaccinated,0.6,8.452218643646175,0.0,0.0
45,45-49,old_vaccine,0.0,0.0,0.0,0.0
45,45-49,new_vaccine,0.0,0.0,0.0,0.0
45,50-54,unvaccinated,1.496662954709577,8.429116205154607,0.0,0.0
45,50-54,old_vaccine,0.0,0.0,0.0,0.0
45,50-54,new_vaccine,0.0,0.0,0.0,0.0
45,55-59,unvaccinated,1.7435595774162698,7.972452571197899,0.0,0.0
45,55-59,old_vaccine,0.0,0.0,0.0,0.0
45,55-59,new_vaccine,0.0,0.0,0.0,0.0
45,60-64,unvaccinated,2.7730849247724083,6.003332407921455,0.3,0.0
45,60-64,old_vaccine,0.0,0.0,0.0,0.0
45,60-64,new_vaccine,0.0,0.0,0.0,0.0
45,65-69,unvaccinated,3.3241540277189325,3.9293765408777,0.0,0.0
45,65-69,old_vaccine,0.0,0.0,0.0,0.0
45,65-69,new_vaccine,0.0,0.0,0.0,0.0
45,70-74,unvaccinated,3.4770677301427404,2.5475478405713994,0.3,0.0
45,70-74,old_vaccine,0.0,0.0,0.0,0.0
45,70-74,new_vaccine,0.0,0.0,0.0,0.0
45,75+,unvaccinated,7.937253933193772,3.655133376499414,0.0,0.0
45,75+,old_vaccine,0.0,0.0,0.0,0.0
45,75+,new_vaccine,0.0,0.0,0.0,0.0
46,0-4,unvaccinated,1.004987562112089,5.257375771237965,0.3,0.0
46,0-4,old_vaccine,0.0,0.0,0.0,0.0
46,0-4,new_vaccine,0.0,0.0,0.0,0.0
46,5-9,unvaccinated,0.0,7.2,0.0,0.0
46,5-9,old_vaccine,0.0,0.0,0.0,0.0
46,5-9,new_vaccine,0.0,0.0,0.0,0.0
46,10-14,unvaccinated,0.458257569495584,8.718371407550839,0.0,0.0
46,10-14,old_vaccine,0.0,0.0,0.0,0.0
46,10-14,new_vaccine,0.0,0.0,0.0,0.0
46,15-19,unvaccinated,0.3,6.514598989960932,0.0,0.0
46,15-19,old_vaccine,0.0,0.0,0.0,0.0
46,15-19,new_vaccine,0.0,0.0,0.0,0.0
46,20-24,unvaccinated,0.6999999999999998,9.476286192385707,0.0,0.0
46,20-24,old_vaccine,0.0,0.0,0.0,0.0
46,20-24,new_vaccine,0.0,0.0,0.0,0.0
46,25-29,unvaccinated,0.7999999999999998,11.908400396358866,0.3,0.0
46,25-29,old_vaccine,0.0,0.0,0.0,0.0
46,25-29,new_vaccine,0.0,0.0,0.0,0.0
46,30-34,unvaccinated,1.1357816691600546,10.09752444909147,0.0,0.0
46,30-34,old_vaccine,0.0,0.0,0.0,0.0
46,30-34,new_vaccine,0.0,0.0,0.0,0.0
46,35-39,unvaccinated,0.6999999999999998,13.03993865016243,0.0,0.0
46,35-39,old_vaccine,0.0,0.0,0.0,0.0
46,35-39,new_vaccine,0.0,0.0,0.0,0.0
46,40-44,unvaccinated,1.4142135623730951,5.5677643628300215,0.0,0.0
46,40-44,old_vaccine,0.0,0.0,0.0,0.0
46,40-44,new_vaccine,0.0,0.0,0.0,0.0
46,45-49,unvaccinated,0.6,8.646386528486916,0.0,0.0
46,45-49,old_vaccine,0.0,0.0,0.0,0.0
46,45-49,new_vaccine,0.0,0.0,0.0,0.0
46,50-54,unvaccinated,1.886796226411321,8.581957818586618,0.0,0.0
46,50-54,old_vaccine,0.0,0.0,0.0,0.0
46,50-54,new_vaccine,0.0,0.0,0.0,0.0
46,55-59,unvaccinated,1.9078784028338915,7.777531742140305,0.0,0.0
46,55-59,old_vaccine,0.0,0.0,0.0,0.0
46,55-59,new_vaccine,0.0,0.0,0.0,0.0
46,60-64,unvaccinated,3.080584360149873,6.073713855624087,0.3,0.0
46,60-64,old_vaccine,0.0,0.0,0.0,0.0
46,60-64,new_vaccine,0.0,0.0,0.0,0.0
46,65-69,unvaccinated,3.249615361854384,4.004996878900157,0.0,0.0
46,65-69,old_vaccine,0.0,0.0,0.0,0.0
46,65-69,new_vaccine,0.0,0.0,0.0,0.0
46,70-74,unvaccinated,3.612478373637688,2.3853720883753127,0.3,0.0
46,70-74,old_vaccine,0.0,0.0,0.0,0.0
46,70-74,new_vaccine,0.0,0.0,0.0,0.0
46,75+,unvaccinated,7.717512552629893,3.8000000000000007,0.0,0.0
46,75+,old_vaccine,0.0,0.0,0.0,0.0
46,75+,new_vaccine,0.0,0.0,0.0,0.0
47,0-4,unvaccinated,1.004987562112089,5.400000000000001,0.3,0.0
47,0-4,old_vaccine,0.0,0.0,0.0,0.0
47,0-4,new_vaccine,0.0,0.0,0.0,0.0
47,5-9,unvaccinated,0.0,7.405403432629446,0.0,0.0
47,5-9,old_vaccine,0.0,0.0,0.0,0.0
47,5-9,new_vaccine,0.0,0.0,0.0,0.0
47,10-14,unvaccinated,0.458257569495584,8.613942186943211,0.0,0.0
47,10-14,old_vaccine,0.0,0.0,0.0,0.0
47,10-14,new_vaccine,0.0,0.0,0.0,0.0
47,15-19,unvaccinated,0.4,6.434283176858163,0.0,0.0
47,15-19,old_vaccine,0.0,0.0,0.0,0.0
47,15-19,new_vaccine,0.0,0.0,0.0,0.0
47,20-24,unvaccinated,0.44721359549995787,9.50841732361385,0.0,0.0
47,20-24,old_vaccine,0.0,0.0,0.0,0.0
47,20-24,new_vaccine,0.0,0.0,0.0,0.0
47,25-29,unvaccinated,0.7999999999999998,11.622822376686313,0.3,0.0
47,25-29,old_vaccine,0.0,0.0,0.0,0.0
47,25-29,new_vaccine,0.0,0.0,0.0,0.0
47,30-34,unvaccinated,1.16619037896906,9.769339793455847,0.0,0.0
47,30-34,old_vaccine,0.0,0.0,0.0,0.0
47,30-34,new_vaccine,0.0,0.0,0.0,0.0
47,35-39,unvaccinated,0.8999999999999999,13.325164164091936,0.0,0.0
47,35-39,old_vaccine,0.0,0.0,0.0,0.0
47,35-39,new_vaccine,0.0,0.0,0.0,0.0
47,40-44,unvaccinated,1.2206555615733703,5.762811813689563,0.0,0.0
47,40-44,old_vaccine,0.0,0.0,0.0,0.0
47,40-44,new_vaccine,0.0,0.0,0.0,0.0
47,45-49,unvaccinated,0.8,9.31718841711382,0.0,0.0
47,45-49,old_vaccine,0.0,0.0,0.0,0.0
47,45-49,new_vaccine,0.0,0.0,0.0,0.0
47,50-54,unvaccinated,1.9078784028338915,8.611620056644394,0.0,0.0
47,50-54,old_vaccine,0.0,0.0,0.0,0.0
47,50-54,new_vaccine,0.0,0.0,0.0,0.0
47,55-59,unvaccinated,1.886796226411321,8.005623023850172,0.0,0.0
47,55-59,old_vaccine,0.0,0.0,0.0,0.0
47,55-59,new_vaccine,0.0,0.0,0.0,0.0
47,60-64,unvaccinated,2.85657137141714,5.906775770248945,0.3,0.0
47,60-64,old_vaccine,0.0,0.0,0.0,0.0
47,60-64,new_vaccine,0.0,0.0,0.0,0.0
47,65-69,unvaccinated,3.014962686336267,3.950949253027682,0.0,0.0
47,65-69,old_vaccine,0.0,0.0,0.0,0.0
47,65-69,new_vaccine,0.0,0.0,0.0,0.0
47,70-74,unvaccinated,3.8678159211627423,2.3853720883753127,0.0,0.0
47,70-74,old_vaccine,0.0,0.0,0.0,0.0
47,70-74,new_vaccine,0.0,0.0,0.0,0.0
47,75+,unvaccinated,8.025584090893323,3.789459064299284,0.0,0.0
47,75+,old_vaccine,0.0,0.0,0.0,0.0
47,75+,new_vaccine,0.0,0.0,0.0,0.0
48,0-4,unvaccinated,1.004987562112089,5.692978130996112,0.3,0.0
48,0-4,old_vaccine,0.0,0.0,0.0,0.0
48,0-4,new_vaccine,0.0,0.0,0.0,0.0
48,5-9,unvaccinated,0.0,7.8,0.0,0.0
48,5-9,old_vaccine,0.0,0.0,0.0,0.0
48,5-9,new_vaccine,0.0,0.0,0.0,0.0
48,10-14,unvaccinated,0.458257569495584,8.096912991998865,0.0,0.0
48,10-14,old_vaccine,0.0,0.0,0.0,0.0
48,10-14,new_vaccine,0.0,0.0,0.0,0.0
48,15-19,unvaccinated,0.4,6.487680633323438,0.0,0.0
48,15-19,old_vaccine,0.0,0.0,0.0,0.0
48,15-19,new_vaccine,0.0,0.0,0.0,0.0
48,20-24,unvaccinated,0.44721359549995787,9.340770846134703,0.0,0.0
48,20-24,old_vaccine,0.0,0.0,0.0,0.0
48,20-24,new_vaccine,0.0,0.0,0.0,0.0
48,25-29,unvaccinated,0.9000000000000002,11.916794871105235,0.3,0.0
48,25-29,old_vaccine,0.0,0.0,0.0,0.0
48,25-29,new_vaccine,0.0,0.0,0.0,0.0
48,30-34,unvaccinated,1.1357816691600546,9.856977224281284,0.0,0.0
48,30-34,old_vaccine,0.0,0.0,0.0,0.0
48,30-34,new_vaccine,0.0,0.0,0.0,0.0
48,35-39,unvaccinated,0.8999999999999999,13.382451195502268,0.0,0.0
48,35-39,old_vaccine,0.0,0.0,0.0,0.0
48,35-39,new_vaccine,0.0,0.0,0.0,0.0
48,40-44,unvaccinated,1.0954451150103324,5.9531504264548865,0.0,0.0
48,40-44,old_vaccine,0.0,0.0,0.0,0.0
48,40-44,new_vaccine,0.0,0.0,0.0,0.0
48,45-49,unvaccinated,0.7810249675906655,9.537295214053092,0.0,0.0
48,45-49,old_vaccine,0.0,0.0,0.0,0.0
48,45-49,new_vaccine,0.0,0.0,0.0,0.0
48,50-54,unvaccinated,1.9595917942265424,8.593020423576334,0.0,0.0
48,50-54,old_vaccine,0.0,0.0,0.0,0.0
48,50-54,new_vaccine,0.0,0.0,0.0,0.0
48,55-59,unvaccinated,1.9078784028338915,8.280096617793781,0.0,0.0
48,55-59,old_vaccine,0.0,0.0,0.0,0.0
48,55-59,new_vaccine,0.0,0.0,0.0,0.0
48,60-64,unvaccinated,3.0066592756745814,5.916079783099616,0.3,0.0
48,60-64,old_vaccine,0.0,0.0,0.0,0.0
48,60-64,new_vaccine,0.0,0.0,0.0,0.0
48,65-69,unvaccinated,2.6476404589747458,4.024922359499622,0.0,0.0
48,65-69,old_vaccine,0.0,0.0,0.0,0.0
48,65-69,new_vaccine,0.0,0.0,0.0,0.0
48,70-74,unvaccinated,3.827531841800928,2.491987158875422,0.0,0.0
48,70-74,old_vaccine,0.0,0.0,0.0,0.0
48,70-74,new_vaccine,0.0,0.0,0.0,0.0
48,75+,unvaccinated,7.709734106958553,3.8587562763149474,0.0,0.0
48,75+,old_vaccine,0.0,0.0,0.0,0.0
48,75+,new_vaccine,0.0,0.0,0.0,0.0
49,0-4,unvaccinated,1.004987562112089,5.5353410012392175,0.3,0.0
49,0-4,old_vaccine,0.0,0.0,0.0,0.0
49,0-4,new_vaccine,0.0,0.0,0.0,0.0
49,5-9,unvaccinated,0.0,7.912648102879341,0.0,0.0
49,5-9,old_vaccine,0.0,0.0,0.0,0.0
49,5-9,new_vaccine,0.0,0.0,0.0,0.0
49,10-14,unvaccinated,0.458257569495584,7.746612162745724,0.0,0.0
49,10-14,old_vaccine,0.0,0.0,0.0,0.0
49,10-14,new_vaccine,0.0,0.0,0.0,0.0
49,15-19,unvaccinated,0.4,6.651315659326355,0.0,0.0
49,15-19,old_vaccine,0.0,0.0,0.0,0.0
49,15-19,new_vaccine,0.0,0.0,0.0,0.0
49,20-24,unvaccinated,0.29999999999999993,9.07138357694128,0.0,0.0
49,20-24,old_vaccine,0.0,0.0,0.0,0.0
49,20-24,new_vaccine,0.0,0.0,0.0,0.0
49,25-29,unvaccinated,1.077032961426901,11.713667231059622,0.0,0.0
49,25-29,old_vaccine,0.0,0.0,0.0,0.0
49,25-29,new_vaccine,0.0,0.0,0.0,0.0
49,30-34,unvaccinated,1.1357816691600546,9.425497334358539,0.0,0.0
49,30-34,old_vaccine,0.0,0.0,0.0,0.0
49,30-34,new_vaccine,0.0,0.0,0.0,0.0
49,35-39,unvaccinated,0.9797958971132712,13.046455457326331,0.3,0.0
49,35-39,old_vaccine,0.0,0.0,0.0,0.0
49,35-39,new_vaccine,0.0,0.0,0.0,0.0
49,40-44,unvaccinated,1.0440306508910548,6.086049621881175,0.0,0.0
49,40-44,old_vaccine,0.0,0.0,0.0,0.0
49,40-44,new_vaccine,0.0,0.0,0.0,0.0
49,45-49,unvaccinated,0.9,9.459915433025817,0.0,0.0
49,45-49,old_vaccine,0.0,0.0,0.0,0.0
49,45-49,new_vaccine,0.0,0.0,0.0,0.0
49,50-54,unvaccinated,1.9519221295943132,8.706893820416093,0.0,0.0
49,50-54,old_vaccine,0.0,0.0,0.0,0.0
49,50-54,new_vaccine,0.0,0.0,0.0,0.0
49,55-59,unvaccinated,1.8574175621006708,7.871467461661769,0.0,0.0
49,55-59,old_vaccine,0.0,0.0,0.0,0.0
49,55-59,new_vaccine,0.0,0.0,0.0,0.0
49,60-64,unvaccinated,3.2924155266308652,5.93380147965872,0.3,0.0
49,60-64,old_vaccine,0.0,0.0,0.0,0.0
49,60-64,new_vaccine,0.0,0.0,0.0,0.0
49,65-69,unvaccinated,2.6172504656604803,4.158124577258358,0.0,0.0
49,65-69,old_vaccine,0.0,0.0,0.0,0.0
49,65-69,new_vaccine,0.0,0.0,0.0,0.0
49,70-74,unvaccinated,3.9293765408777,2.256102834535696,0.0,0.0
49,70-74,old_vaccine,0.0,0.0,0.0,0.0
49,70-74,new_vaccine,0.0,0.0,0.0,0.0
49,75+,unvaccinated,7.725930364687478,3.583294573433784,0.0,0.0
49,75+,old_vaccine,0.0,0.0,0.0,0.0
49,75+,new_vaccine,0.0,0.0,0.0,0.0
50,0-4,unvaccinated,1.004987562112089,5.332916650389353,0.3,0.0
50,0-4,old_vaccine,0.0,0.0,0.0,0.0
50,0-4,new_vaccine,0.0,0.0,0.0,0.0
50,5-9,unvaccinated,0.0,8.342661445845685,0.0,0.0
50,5-9,old_vaccine,0.0,0.0,0.0,0.0
50,5-9,new_vaccine,0.0,0.0,0.0,0.0
50,10-14,unvaccinated,0.458257569495584,7.602631123499286,0.0,0.0
50,10-14,old_vaccine,0.0,0.0,0.0,0.0
50,10-14,new_vaccine,0.0,0.0,0.0,0.0
50,15-19,unvaccinated,0.4,7.258787777583803,0.0,0.0
50,15-19,old_vaccine,0.0,0.0,0.0,0.0
50,15-19,new_vaccine,0.0,0.0,0.0,0.0
50,20-24,unvaccinated,0.29999999999999993,9.303762679690404,0.0,0.0
50,20-24,old_vaccine,0.0,0.0,0.0,0.0
50,20-24,new_vaccine,0.0,0.0,0.0,0.0
50,25-29,unvaccinated,1.077032961426901,11.402192771568107,0.0,0.0
50,25-29,old_vaccine,0.0,0.0,0.0,0.0
50,25-29,new_vaccine,0.0,0.0,0.0,0.0
50,30-34,unvaccinated,1.1357816691600546,9.189668111526117,0.0,0.0
50,30-34,old_vaccine,0.0,0.0,0.0,0.0
50,30-34,new_vaccine,0.0,0.0,0.0,0.0
50,35-39,unvaccinated,1.0,13.146862743635834,0.3,0.0
50,35-39,old_vaccine,0.0,0.0,0.0,0.0
50,35-39,new_vaccine,0.0,0.0,0.0,0.0
50,40-44,unvaccinated,1.0440306508910548,6.34744042902334,0.0,0.0
50,40-44,old_vaccine,0.0,0.0,0.0,0.0
50,40-44,new_vaccine,0.0,0.0,0.0,0.0
50,45-49,unvaccinated,0.8717797887081346,8.956003573022958,0.0,0.0
50,45-49,old_vaccine,0.0,0.0,0.0,0.0
50,45-49,new_vaccine,0.0,0.0,0.0,0.0
50,50-54,unvaccinated,1.9595917942265424,8.822698000045111,0.0,0.0
50,50-54,old_vaccine,0.0,0.0,0.0,0.0
50,50-54,new_vaccine,0.0,0.0,0.0,0.0
50,55-59,unvaccinated,2.29128784747792,8.003124389886741,0.0,0.0
50,55-59,old_vaccine,0.0,0.0,0.0,0.0
50,55-59,new_vaccine,0.0,0.0,0.0,0.0
50,60-64,unvaccinated,3.318132004607412,5.967411499134278,0.3,0.0
50,60-64,old_vaccine,0.0,0.0,0.0,0.0
50,60-64,new_vaccine,0.0,0.0,0.0,0.0
50,65-69,unvaccinated,2.578759391645525,4.172529209005012,0.0,0.0
50,65-69,old_vaccine,0.0,0.0,0.0,0.0
50,65-69,new_vaccine,0.0,0.0,0.0,0.0
50,70-74,unvaccinated,4.2614551505325045,2.3259406699226015,0.0,0.0
50,70-74,old_vaccine,0.0,0.0,0.0,0.0
50,70-74,new_vaccine,0.0,0.0,0.0,0.0
50,75+,unvaccinated,7.812809993849846,3.8262252939417984,0.0,0.0
50,75+,old_vaccine,0.0,0.0,0.0,0.0
50,75+,new_vaccine,0.0,0.0,0.0,0.0
51,0-4,unvaccinated,1.004987562112089,5.572252686302014,0.0,0.0
51,0-4,old_vaccine,0.0,0.0,0.0,0.0
51,0-4,new_vaccine,0.0,0.0,0.0,0.0
51,5-9,unvaccinated,0.0,8.160882305241268,0.0,0.0
51,5-9,old_vaccine,0.0,0.0,0.0,0.0
51,5-9,new_vaccine,0.0,0.0,0.0,0.0
51,10-14,unvaccinated,0.458257569495584,7.249827584156743,0.0,0.0
51,10-14,old_vaccine,0.0,0.0,0.0,0.0
51,10-14,new_vaccine,0.0,0.0,0.0,0.0
51,15-19,unvaccinated,0.3,6.881860213634102,0.0,0.0
51,15-19,old_vaccine,0.0,0.0,0.0,0.0
51,15-19,new_vaccine,0.0,0.0,0.0,0.0
51,20-24,unvaccinated,0.29999999999999993,9.115371632577576,0.0,0.0
51,20-24,old_vaccine,0.0,0.0,0.0,0.0
51,20-24,new_vaccine,0.0,0.0,0.0,0.0
51,25-29,unvaccinated,1.077032961426901,11.584903970253702,0.0,0.0
51,25-29,old_vaccine,0.0,0.0,0.0,0.0
51,25-29,new_vaccine,0.0,0.0,0.0,0.0
51,30-34,unvaccinated,1.1357816691600546,9.724196624914574,0.0,0.0
51,30-34,old_vaccine,0.0,0.0,0.0,0.0
51,30-34,new_vaccine,0.0,0.0,0.0,0.0
51,35-39,unvaccinated,0.9433981132056604,12.515590277729617,0.3,0.0
51,35-39,old_vaccine,0.0,0.0,0.0,0.0
51,35-39,new_vaccine,0.0,0.0,0.0,0.0
51,40-44,unvaccinated,0.8944271909999157,6.26099033699941,0.0,0.0
51,40-44,old_vaccine,0.0,0.0,0.0,0.0
51,40-44,new_vaccine,0.0,0.0,0.0,0.0
51,45-49,unvaccinated,0.9,8.546929273136639,0.0,0.0
51,45-49,old_vaccine,0.0,0.0,0.0,0.0
51,45-49,new_vaccine,0.0,0.0,0.0,0.0
51,50-54,unvaccinated,1.91049731745428,9.249864863877741,0.0,0.0
51,50-54,old_vaccine,0.0,0.0,0.0,0.0
51,50-54,new_vaccine,0.0,0.0,0.0,0.0
51,55-59,unvaccinated,2.3685438564654024,8.163332652783417,0.0,0.0
51,55-59,old_vaccine,0.0,0.0,0.0,0.0
51,55-59,new_vaccine,0.0,0.0,0.0,0.0
51,60-64,unvaccinated,3.2619012860600187,5.916924876994807,0.3,0.0
51,60-64,old_vaccine,0.0,0.0,0.0,0.0
51,60-64,new_vaccine,0.0,0.0,0.0,0.0
51,65-69,unvaccinated,2.3769728648009423,4.318564576337836,0.0,0.0
51,65-69,old_vaccine,0.0,0.0,0.0,0.0
51,65-69,new_vaccine,0.0,0.0,0.0,0.0
51,70-74,unvaccinated,4.42718872423573,2.1563858652847823,0.0,0.0
51,70-74,old_vaccine,0.0,0.0,0.0,0.0
51,70-74,new_vaccine,0.0,0.0,0.0,0.0
51,75+,unvaccinated,7.836453279386026,3.66742416417845,0.0,0.0
51,75+,old_vaccine,0.0,0.0,0.0,0.0
51,75+,new_vaccine,0.0,0.0,0.0,0.0
52,0-4,unvaccinated,1.004987562112089,5.7654141221598305,0.0,0.0
52,0-4,old_vaccine,0.0,0.0,0.0,0.0
52,0-4,new_vaccine,0.0,0.0,0.0,0.0
52,5-9,unvaccinated,0.0,8.092589202474073,0.0,0.0
52,5-9,old_vaccine,0.0,0.0,0.0,0.0
52,5-9,new_vaccine,0.0,0.0,0.0,0.0
52,10-14,unvaccinated,0.458257569495584,7.389181280764468,0.0,0.0
52,10-14,old_vaccine,0.0,0.0,0.0,0.0
52,10-14,new_vaccine,0.0,0.0,0.0,0.0
52,15-19,unvaccinated,0.3,6.558200972827839,0.0,0.0
52,15-19,old_vaccine,0.0,0.0,0.0,0.0
52,15-19,new_vaccine,0.0,0.0,0.0,0.0
52,20-24,unvaccinated,0.29999999999999993,9.191844211038392,0.0,0.0
52,20-24,old_vaccine,0.0,0.0,0.0,0.0
52,20-24,new_vaccine,0.0,0.0,0.0,0.0
52,25-29,unvaccinated,1.3,11.523888232710346,0.0,0.0
52,25-29,old_vaccine,0.0,0.0,0.0,0.0
52,25-29,new_vaccine,0.0,0.0,0.0,0.0
52,30-34,unvaccinated,1.0999999999999999,9.91766101457395,0.0,0.0
52,30-34,old_vaccine,0.0,0.0,0.0,0.0
52,30-34,new_vaccine,0.0,0.0,0.0,0.0
52,35-39,unvaccinated,0.9433981132056604,12.119818480488888,0.3,0.0
52,35-39,old_vaccine,0.0,0.0,0.0,0.0
52,35-39,new_vaccine,0.0,0.0,0.0,0.0
52,40-44,unvaccinated,0.8944271909999157,5.762811813689565,0.0,0.0
52,40-44,old_vaccine,0.0,0.0,0.0,0.0
52,40-44,new_vaccine,0.0,0.0,0.0,0.0
52,45-49,unvaccinated,0.8717797887081346,8.569714114251422,0.0,0.0
52,45-49,old_vaccine,0.0,0.0,0.0,0.0
52,45-49,new_vaccine,0.0,0.0,0.0,0.0
52,50-54,unvaccinated,1.7464249196572983,9.209234495874238,0.0,0.0
52,50-54,old_vaccine,0.0,0.0,0.0,0.0
52,50-54,new_vaccine,0.0,0.0,0.0,0.0
52,55-59,unvaccinated,2.467792535850613,7.909487973314076,0.0,0.0
52,55-59,old_vaccine,0.0,0.0,0.0,0.0
52,55-59,new_vaccine,0.0,0.0,0.0,0.0
52,60-64,unvaccinated,3.287856444554719,6.034069936618235,0.3,0.0
52,60-64,old_vaccine,0.0,0.0,0.0,0.0
52,60-64,new_vaccine,0.0,0.0,0.0,0.0
52,65-69,unvaccinated,2.4166091947189137,4.199999999999999,0.0,0.0
52,65-69,old_vaccine,0.0,0.0,0.0,0.0
52,65-69,new_vaccine,0.0,0.0,0.0,0.0
52,70-74,unvaccinated,4.242640687119285,1.9519221295943132,0.0,0.0
52,70-74,old_vaccine,0.0,0.0,0.0,0.0
52,70-74,new_vaccine,0.0,0.0,0.0,0.0
52,75+,unvaccinated,7.9724525711978975,3.694590640382234,0.0,0.0
52,75+,old_vaccine,0.0,0.0,0.0,0.0
52,75+,new_vaccine,0.0,0.0,0.0,0.0
53,0-4,unvaccinated,1.004987562112089,5.741080037762928,0.0,0.0
53,0-4,old_vaccine,0.0,0.0,0.0,0.0
53,0-4,new_vaccine,0.0,0.0,0.0,0.0
53,5-9,unvaccinated,0.0,7.812809993849844,0.0,0.0
53,5-9,old_vaccine,0.0,0.0,0.0,0.0
53,5-9,new_vaccine,0.0,0.0,0.0,0.0
53,10-14,unvaccinated,0.6633249580710799,7.263607918933948,0.0,0.0
53,10-14,old_vaccine,0.0,0.0,0.0,0.0
53,10-14,new_vaccine,0.0,0.0,0.0,0.0
53,15-19,unvaccinated,0.3,6.312685640834651,0.0,0.0
53,15-19,old_vaccine,0.0,0.0,0.0,0.0
53,15-19,new_vaccine,0.0,0.0,0.0,0.0
53,20-24,unvaccinated,0.29999999999999993,8.722958213817144,0.0,0.0
53,20-24,old_vaccine,0.0,0.0,0.0,0.0
53,20-24,new_vaccine,0.0,0.0,0.0,0.0
53,25-29,unvaccinated,1.3,11.009087155618307,0.0,0.0
53,25-29,old_vaccine,0.0,0.0,0.0,0.0
53,25-29,new_vaccine,0.0,0.0,0.0,0.0
53,30-34,unvaccinated,0.8306623862918073,9.92169340384997,0.0,0.0
53,30-34,old_vaccine,0.0,0.0,0.0,0.0
53,30-34,new_vaccine,0.0,0.0,0.0,0.0
53,35-39,unvaccinated,0.8717797887081349,12.018735374406079,0.3,0.0
53,35-39,old_vaccine,0.0,0.0,0.0,0.0
53,35-39,new_vaccine,0.0,0.0,0.0,0.0
53,40-44,unvaccinated,1.044030650891055,5.692978130996115,0.0,0.0
53,40-44,old_vaccine,0.0,0.0,0.0,0.0
53,40-44,new_vaccine,0.0,0.0,0.0,0.0
53,45-49,unvaccinated,0.8717797887081346,8.352245207128439,0.0,0.0
53,45-49,old_vaccine,0.0,0.0,0.0,0.0
53,45-49,new_vaccine,0.0,0.0,0.0,0.0
53,50-54,unvaccinated,1.552417469626003,9.402659198333202,0.0,0.0
53,50-54,old_vaccine,0.0,0.0,0.0,0.0
53,50-54,new_vaccine,0.0,0.0,0.0,0.0
53,55-59,unvaccinated,2.4979991993593598,7.8032044699597645,0.0,0.0
53,55-59,old_vaccine,0.0,0.0,0.0,0.0
53,55-59,new_vaccine,0.0,0.0,0.0,0.0
53,60-64,unvaccinated,3.287856444554719,5.9531504264548865,0.3,0.0
53,60-64,old_vaccine,0.0,0.0,0.0,0.0
53,60-64,new_vaccine,0.0,0.0,0.0,0.0
53,65-69,unvaccinated,2.8722813232690143,4.127953488110059,0.0,0.0
53,65-69,old_vaccine,0.0,0.0,0.0,0.0
53,65-69,new_vaccine,0.0,0.0,0.0,0.0
53,70-74,unvaccinated,4.214261501141096,2.08806130178211,0.3,0.0
53,70-74,old_vaccine,0.0,0.0,0.0,0.0
53,70-74,new_vaccine,0.0,0.0,0.0,0.0
53,75+,unvaccinated,7.896834808959854,3.3481338085566446,0.0,0.0
53,75+,old_vaccine,0.0,0.0,0.0,0.0
53,75+,new_vaccine,0.0,0.0,0.0,0.0
54,0-4,unvaccinated,1.004987562112089,5.758472019555187,0.0,0.0
54,0-4,old_vaccine,0.0,0.0,0.0,0.0
54,0-4,new_vaccine,0.0,0.0,0.0,0.0
54,5-9,unvaccinated,0.0,7.2835430938520584,0.0,0.0
54,5-9,old_vaccine,0.0,0.0,0.0,0.0
54,5-9,new_vaccine,0.0,0.0,0.0,0.0
54,10-14,unvaccinated,0.6633249580710799,7.435724578008522,0.0,0.0
54,10-14,old_vaccine,0.0,0.0,0.0,0.0
54,10-14,new_vaccine,0.0,0.0,0.0,0.0
54,15-19,unvaccinated,0.0,6.4031242374328485,0.0,0.0
54,15-19,old_vaccine,0.0,0.0,0.0,0.0
54,15-19,new_vaccine,0.0,0.0,0.0,0.0
54,20-24,unvaccinated,0.29999999999999993,9.154233993076646,0.0,0.0
54,20-24,old_vaccine,0.0,0.0,0.0,0.0
54,20-24,new_vaccine,0.0,0.0,0.0,0.0
54,25-29,unvaccinated,1.3,11.276524287208359,0.0,0.0
54,25-29,old_vaccine,0.0,0.0,0.0,0.0
54,25-29,new_vaccine,0.0,0.0,0.0,0.0
54,30-34,unvaccinated,0.6999999999999998,10.077698149875296,0.0,0.0
54,30-34,old_vaccine,0.0,0.0,0.0,0.0
54,30-34,new_vaccine,0.0,0.0,0.0,0.0
54,35-39,unvaccinated,0.6324555320336758,12.273956167430287,0.3,0.0
54,35-39,old_vaccine,0.0,0.0,0.0,0.0
54,35-39,new_vaccine,0.0,0.0,0.0,0.0
54,40-44,unvaccinated,1.1357816691600549,5.793099343184096,0.0,0.0
54,40-44,old_vaccine,0.0,0.0,0.0,0.0
54,40-44,new_vaccine,0.0,0.0,0.0,0.0
54,45-49,unvaccinated,0.8717797887081346,7.977468270071651,0.0,0.0
54,45-49,old_vaccine,0.0,0.0,0.0,0.0
54,45-49,new_vaccine,0.0,0.0,0.0,0.0
54,50-54,unvaccinated,1.6124515496597098,8.933644273195572,0.0,0.0
54,50-54,old_vaccine,0.0,0.0,0.0,0.0
54,50-54,new_vaccine,0.0,0.0,0.0,0.0
54,55-59,unvaccinated,2.457641145488902,8.114185110040312,0.0,0.0
54,55-59,old_vaccine,0.0,0.0,0.0,0.0
54,55-59,new_vaccine,0.0,0.0,0.0,0.0
54,60-64,unvaccinated,3.0397368307141317,5.912698199637791,0.3,0.0
54,60-64,old_vaccine,0.0,0.0,0.0,0.0
54,60-64,new_vaccine,0.0,0.0,0.0,0.0
54,65-69,unvaccinated,2.8722813232690143,4.224926034855522,0.3,0.0
54,65-69,old_vaccine,0.0,0.0,0.0,0.0
54,65-69,new_vaccine,0.0,0.0,0.0,0.0
54,70-74,unvaccinated,3.8262252939417993,2.3853720883753127,0.3,0.0
54,70-74,old_vaccine,0.0,0.0,0.0,0.0
54,70-74,new_vaccine,0.0,0.0,0.0,0.0
54,75+,unvaccinated,7.743384273042376,3.1685959035509708,0.0,0.0
54,75+,old_vaccine,0.0,0.0,0.0,0.0
54,75+,new_vaccine,0.0,0.0,0.0,0.0
55,0-4,unvaccinated,1.004987562112089,5.675385449465085,0.0,0.0
55,0-4,old_vaccine,0.0,0.0,0.0,0.0
55,0-4,new_vaccine,0.0,0.0,0.0,0.0
55,5-9,unvaccinated,0.0,6.899999999999997,0.0,0.0
55,5-9,old_vaccine,0.0,0.0,0.0,0.0
55,5-9,new_vaccine,0.0,0.0,0.0,0.0
55,10-14,unvaccinated,0.6633249580710799,7.389181280764468,0.0,0.0
55,10-14,old_vaccine,0.0,0.0,0.0,0.0
55,10-14,new_vaccine,0.0,0.0,0.0,0.0
55,15-19,unvaccinated,0.0,6.388270501473776,0.0,0.0
55,15-19,old_vaccine,0.0,0.0,0.0,0.0
55,15-19,new_vaccine,0.0,0.0,0.0,0.0
55,20-24,unvaccinated,0.29999999999999993,9.16515138991168,0.0,0.0
55,20-24,old_vaccine,0.0,0.0,0.0,0.0
55,20-24,new_vaccine,0.0,0.0,0.0,0.0
55,25-29,unvaccinated,1.1357816691600549,11.079711187571633,0.0,0.0
55,25-29,old_vaccine,0.0,0.0,0.0,0.0
55,25-29,new_vaccine,0.0,0.0,0.0,0.0
55,30-34,unvaccinated,0.7483314773547883,10.244998779892558,0.0,0.0
55,30-34,old_vaccine,0.0,0.0,0.0,0.0
55,30-34,new_vaccine,0.0,0.0,0.0,0.0
55,35-39,unvaccinated,0.7,11.859595271340417,0.0,0.0
55,35-39,old_vaccine,0.0,0.0,0.0,0.0
55,35-39,new_vaccine,0.0,0.0,0.0,0.0
55,40-44,unvaccinated,1.1832159566199234,5.923681287847955,0.0,0.0
55,40-44,old_vaccine,0.0,0.0,0.0,0.0
55,40-44,new_vaccine,0.0,0.0,0.0,0.0
55,45-49,unvaccinated,0.66332495807108,7.616429609731846,0.0,0.0
55,45-49,old_vaccine,0.0,0.0,0.0,0.0
55,45-49,new_vaccine,0.0,0.0,0.0,0.0
55,50-54,unvaccinated,1.6733200530681513,8.581375181169973,0.0,0.0
55,50-54,old_vaccine,0.0,0.0,0.0,0.0
55,50-54,new_vaccine,0.0,0.0,0.0,0.0
55,55-59,unvaccinated,2.325940669922602,8.307225770376052,0.0,0.0
55,55-59,old_vaccine,0.0,0.0,0.0,0.0
55,55-59,new_vaccine,0.0,0.0,0.0,0.0
55,60-64,unvaccinated,3.1320919526731648,6.049793384901669,0.3,0.0
55,60-64,old_vaccine,0.0,0.0,0.0,0.0
55,60-64,new_vaccine,0.0,0.0,0.0,0.0
55,65-69,unvaccinated,3.039736830714133,4.261455150532504,0.3,0.0
55,65-69,old_vaccine,0.0,0.0,0.0,0.0
55,65-69,new_vaccine,0.0,0.0,0.0,0.0
55,70-74,unvaccinated,3.742993454442579,2.3237900077244498,0.3,0.0
55,70-74,old_vaccine,0.0,0.0,0.0,0.0
55,70-74,new_vaccine,0.0,0.0,0.0,0.0
55,75+,unvaccinated,7.8255990186055415,3.2619012860600183,0.0,0.0
55,75+,old_vaccine,0.0,0.0,0.0,0.0
55,75+,new_vaccine,0.0,0.0,0.0,0.0
56,0-4,unvaccinated,1.004987562112089,5.585696017507575,0.0,0.0
56,0-4,old_vaccine,0.0,0.0,0.0,0.0
56,0-4,new_vaccine,0.0,0.0,0.0,0.0
56,5-9,unvaccinated,0.0,6.615134163416492,0.0,0.0
56,5-9,old_vaccine,0.0,0.0,0.0,0.0
56,5-9,new_vaccine,0.0,0.0,0.0,0.0
56,10-14,unvaccinated,0.6633249580710799,7.386474125047755,0.0,0.0
56,10-14,old_vaccine,0.0,0.0,0.0,0.0
56,10-14,new_vaccine,0.0,0.0,0.0,0.0
56,15-19,unvaccinated,0.0,6.391400472509917,0.0,0.0
56,15-19,old_vaccine,0.0,0.0,0.0,0.0
56,15-19,new_vaccine,0.0,0.0,0.0,0.0
56,20-24,unvaccinated,0.29999999999999993,9.512623192369176,0.0,0.0
56,20-24,old_vaccine,0.0,0.0,0.0,0.0
56,20-24,new_vaccine,0.0,0.0,0.0,0.0
56,25-29,unvaccinated,1.1832159566199234,11.009087155618307,0.0,0.0
56,25-29,old_vaccine,0.0,0.0,0.0,0.0
56,25-29,new_vaccine,0.0,0.0,0.0,0.0
56,30-34,unvaccinated,0.7483314773547883,10.27667261325377,0.0,0.0
56,30-34,old_vaccine,0.0,0.0,0.0,0.0
56,30-34,new_vaccine,0.0,0.0,0.0,0.0
56,35-39,unvaccinated,0.7,12.312595177297109,0.0,0.0
56,35-39,old_vaccine,0.0,0.0,0.0,0.0
56,35-39,new_vaccine,0.0,0.0,0.0,0.0
56,40-44,unvaccinated,1.1357816691600549,6.070420084310475,0.0,0.0
56,40-44,old_vaccine,0.0,0.0,0.0,0.0
56,40-44,new_vaccine,0.0,0.0,0.0,0.0
56,45-49,unvaccinated,0.5999999999999999,8.263776376451627,0.0,0.0
56,45-49,old_vaccine,0.0,0.0,0.0,0.0
56,45-49,new_vaccine,0.0,0.0,0.0,0.0
56,50-54,unvaccinated,1.6733200530681513,8.431488599292534,0.0,0.0
56,50-54,old_vaccine,0.0,0.0,0.0,0.0
56,50-54,new_vaccine,0.0,0.0,0.0,0.0
56,55-59,unvaccinated,2.0591260281974004,8.163332652783422,0.0,0.0
56,55-59,old_vaccine,0.0,0.0,0.0,0.0
56,55-59,new_vaccine,0.0,0.0,0.0,0.0
56,60-64,unvaccinated,2.863564212655271,5.830951894845301,0.3,0.0
56,60-64,old_vaccine,0.0,0.0,0.0,0.0
56,60-64,new_vaccine,0.0,0.0,0.0,0.0
56,65-69,unvaccinated,3.099999999999999,4.290687590584987,0.3,0.0
56,65-69,old_vaccine,0.0,0.0,0.0,0.0
56,65-69,new_vaccine,0.0,0.0,0.0,0.0
56,70-74,unvaccinated,3.2557641192199402,2.23606797749979,0.3,0.0
56,70-74,old_vaccine,0.0,0.0,0.0,0.0
56,70-74,new_vaccine,0.0,0.0,0.0,0.0
56,75+,unvaccinated,7.665507158694721,3.7215588131856783,0.0,0.0
56,75+,old_vaccine,0.0,0.0,0.0,0.0
56,75+,new_vaccine,0.0,0.0,0.0,0.0
57,0-4,unvaccinated,1.004987562112089,5.199999999999999,0.0,0.0
57,0-4,old_vaccine,0.0,0.0,0.0,0.0
57,0-4,new_vaccine,0.0,0.0,0.0,0.0
57,5-9,unvaccinated,0.0,6.446704584514482,0.0,0.0
57,5-9,old_vaccine,0.0,0.0,0.0,0.0
57,5-9,new_vaccine,0.0,0.0,0.0,0.0
57,10-14,unvaccinated,0.6633249580710799,7.733692520394123,0.0,0.0
57,10-14,old_vaccine,0.0,0.0,0.0,0.0
57,10-14,new_vaccine,0.0,0.0,0.0,0.0
57,15-19,unvaccinated,0.3,6.575712889109437,0.0,0.0
57,15-19,old_vaccine,0.0,0.0,0.0,0.0
57,15-19,new_vaccine,0.0,0.0,0.0,0.0
57,20-24,unvaccinated,0.29999999999999993,9.423905772024677,0.0,0.0
57,20-24,old_vaccine,0.0,0.0,0.0,0.0
57,20-24,new_vaccine,0.0,0.0,0.0,0.0
57,25-29,unvaccinated,1.0954451150103324,11.216059914247962,0.0,0.0
57,25-29,old_vaccine,0.0,0.0,0.0,0.0
57,25-29,new_vaccine,0.0,0.0,0.0,0.0
57,30-34,unvaccinated,0.7483314773547883,10.160708636704427,0.0,0.0
57,30-34,old_vaccine,0.0,0.0,0.0,0.0
57,30-34,new_vaccine,0.0,0.0,0.0,0.0
57,35-39,unvaccinated,0.7,12.509596316428436,0.0,0.0
57,35-39,old_vaccine,0.0,0.0,0.0,0.0
57,35-39,new_vaccine,0.0,0.0,0.0,0.0
57,40-44,unvaccinated,1.1357816691600549,6.356886030125129,0.0,0.0
57,40-44,old_vaccine,0.0,0.0,0.0,0.0
57,40-44,new_vaccine,0.0,0.0,0.0,0.0
57,45-49,unvaccinated,0.5,8.400000000000002,0.0,0.0
57,45-49,old_vaccine,0.0,0.0,0.0,0.0
57,45-49,new_vaccine,0.0,0.0,0.0,0.0
57,50-54,unvaccinated,1.6733200530681513,8.78692210048547,0.0,0.0
57,50-54,old_vaccine,0.0,0.0,0.0,0.0
57,50-54,new_vaccine,0.0,0.0,0.0,0.0
57,55-59,unvaccinated,1.688194301613413,8.236504112789602,0.0,0.0
57,55-59,old_vaccine,0.0,0.0,0.0,0.0
57,55-59,new_vaccine,0.0,0.0,0.0,0.0
57,60-64,unvaccinated,3.026549190084312,6.079473661428263,0.3,0.0
57,60-64,old_vaccine,0.0,0.0,0.0,0.0
57,60-64,new_vaccine,0.0,0.0,0.0,0.0
57,65-69,unvaccinated,3.1953090617340907,4.109744517606903,0.3,0.0
57,65-69,old_vaccine,0.0,0.0,0.0,0.0
57,65-69,new_vaccine,0.0,0.0,0.0,0.0
57,70-74,unvaccinated,3.3600595232822896,2.23606797749979,0.3,0.0
57,70-74,old_vaccine,0.0,0.0,0.0,0.0
57,70-74,new_vaccine,0.0,0.0,0.0,0.0
57,75+,unvaccinated,7.277362159464102,3.9293765408777,0.0,0.0
57,75+,old_vaccine,0.0,0.0,0.0,0.0
57,75+,new_vaccine,0.0,0.0,0.0,0.0
58,0-4,unvaccinated,1.004987562112089,5.258326730053963,0.0,0.0
58,0-4,old_vaccine,0.0,0.0,0.0,0.0
58,0-4,new_vaccine,0.0,0.0,0.0,0.0
58,5-9,unvaccinated,0.0,6.58786763680024,0.0,0.0
58,5-9,old_vaccine,0.0,0.0,0.0,0.0
58,5-9,new_vaccine,0.0,0.0,0.0,0.0
58,10-14,unvaccinated,0.6633249580710799,7.3348483283569,0.0,0.0
58,10-14,old_vaccine,0.0,0.0,0.0,0.0
58,10-14,new_vaccine,0.0,0.0,0.0,0.0
58,15-19,unvaccinated,0.3,6.6000000000000005,0.0,0.0
58,15-19,old_vaccine,0.0,0.0,0.0,0.0
58,15-19,new_vaccine,0.0,0.0,0.0,0.0
58,20-24,unvaccinated,0.29999999999999993,9.516301802696255,0.0,0.0
58,20-24,old_vaccine,0.0,0.0,0.0,0.0
58,20-24,new_vaccine,0.0,0.0,0.0,0.0
58,25-29,unvaccinated,1.0954451150103324,10.809717850156868,0.0,0.0
58,25-29,old_vaccine,0.0,0.0,0.0,0.0
58,25-29,new_vaccine,0.0,0.0,0.0,0.0
58,30-34,unvaccinated,0.7745966692414834,10.227414140436478,0.0,0.0
58,30-34,old_vaccine,0.0,0.0,0.0,0.0
58,30-34,new_vaccine,0.0,0.0,0.0,0.0
58,35-39,unvaccinated,0.7483314773547881,12.85651585772755,0.0,0.0
58,35-39,old_vaccine,0.0,0.0,0.0,0.0
58,35-39,new_vaccine,0.0,0.0,0.0,0.0
58,40-44,unvaccinated,1.1832159566199234,5.758472019555189,0.0,0.0
58,40-44,old_vaccine,0.0,0.0,0.0,0.0
58,40-44,new_vaccine,0.0,0.0,0.0,0.0
58,45-49,unvaccinated,0.5,8.55336191213724,0.0,0.0
58,45-49,old_vaccine,0.0,0.0,0.0,0.0
58,45-49,new_vaccine,0.0,0.0,0.0,0.0
58,50-54,unvaccinated,1.757839583124694,8.488227141164403,0.0,0.0
58,50-54,old_vaccine,0.0,0.0,0.0,0.0
58,50-54,new_vaccine,0.0,0.0,0.0,0.0
58,55-59,unvaccinated,1.4866068747318502,8.20304821392633,0.0,0.0
58,55-59,old_vaccine,0.0,0.0,0.0,0.0
58,55-59,new_vaccine,0.0,0.0,0.0,0.0
58,60-64,unvaccinated,2.9137604568666924,6.14817045957576,0.3,0.0
58,60-64,old_vaccine,0.0,0.0,0.0,0.0
58,60-64,new_vaccine,0.0,0.0,0.0,0.0
58,65-69,unvaccinated,3.0919249667480617,4.069397989875161,0.3,0.0
58,65-69,old_vaccine,0.0,0.0,0.0,0.0
58,65-69,new_vaccine,0.0,0.0,0.0,0.0
58,70-74,unvaccinated,3.2557641192199402,2.097617696340303,0.3,0.0
58,70-74,old_vaccine,0.0,0.0,0.0,0.0
58,70-74,new_vaccine,0.0,0.0,0.0,0.0
58,75+,unvaccinated,7.381734213584231,3.9293765408777,0.0,0.0
58,75+,old_vaccine,0.0,0.0,0.0,0.0
58,75+,new_vaccine,0.0,0.0,0.0,0.0
59,0-4,unvaccinated,1.004987562112089,5.337602458033006,0.0,0.0
59,0-4,old_vaccine,0.0,0.0,0.0,0.0
59,0-4,new_vaccine,0.0,0.0,0.0,0.0
59,5-9,unvaccinated,0.0,6.896375859826669,0.0,0.0
59,5-9,old_vaccine,0.0,0.0,0.0,0.0
59,5-9,new_vaccine,0.0,0.0,0.0,0.0
59,10-14,unvaccinated,0.9219544457292888,7.762087348130012,0.0,0.0
59,10-14,old_vaccine,0.0,0.0,0.0,0.0
59,10-14,new_vaccine,0.0,0.0,0.0,0.0
59,15-19,unvaccinated,0.4,6.197580172938469,0.0,0.0
59,15-19,old_vaccine,0.0,0.0,0.0,0.0
59,15-19,new_vaccine,0.0,0.0,0.0,0.0
59,20-24,unvaccinated,0.44721359549995787,9.254728521139882,0.0,0.0
59,20-24,old_vaccine,0.0,0.0,0.0,0.0
59,20-24,new_vaccine,0.0,0.0,0.0,0.0
59,25-29,unvaccinated,1.044030650891055,10.709341716464184,0.0,0.0
59,25-29,old_vaccine,0.0,0.0,0.0,0.0
59,25-29,new_vaccine,0.0,0.0,0.0,0.0
59,30-34,unvaccinated,0.8306623862918073,10.173003489628814,0.0,0.0
59,30-34,old_vaccine,0.0,0.0,0.0,0.0
59,30-34,new_vaccine,0.0,0.0,0.0,0.0
59,35-39,unvaccinated,0.7483314773547881,12.934063553268942,0.0,0.0
59,35-39,old_vaccine,0.0,0.0,0.0,0.0
59,35-39,new_vaccine,0.0,0.0,0.0,0.0
59,40-44,unvaccinated,1.1832159566199234,5.656854249492381,0.0,0.0
59,40-44,old_vaccine,0.0,0.0,0.0,0.0
59,40-44,new_vaccine,0.0,0.0,0.0,0.0
59,45-49,unvaccinated,0.5,8.888756943465154,0.0,0.0
59,45-49,old_vaccine,0.0,0.0,0.0,0.0
59,45-49,new_vaccine,0.0,0.0,0.0,0.0
59,50-54,unvaccinated,1.6733200530681513,8.511169132381287,0.0,0.0
59,50-54,old_vaccine,0.0,0.0,0.0,0.0
59,50-54,new_vaccine,0.0,0.0,0.0,0.0
59,55-59,unvaccinated,1.7000000000000006,8.482924024179399,0.0,0.0
59,55-59,old_vaccine,0.0,0.0,0.0,0.0
59,55-59,new_vaccine,0.0,0.0,0.0,0.0
59,60-64,unvaccinated,2.821347195933177,6.284106937345991,0.3,0.0
59,60-64,old_vaccine,0.0,0.0,0.0,0.0
59,60-64,new_vaccine,0.0,0.0,0.0,0.0
59,65-69,unvaccinated,3.1384709652950433,4.029888335921976,0.3,0.0
59,65-69,old_vaccine,0.0,0.0,0.0,0.0
59,65-69,new_vaccine,0.0,0.0,0.0,0.0
59,70-74,unvaccinated,3.3166247903554,2.4819347291981715,0.0,0.0
59,70-74,old_vaccine,0.0,0.0,0.0,0.0
59,70-74,new_vaccine,0.0,0.0,0.0,0.0
59,75+,unvaccinated,6.925315877272315,4.024922359499622,0.0,0.0
59,75+,old_vaccine,0.0,0.0,0.0,0.0
59,75+,new_vaccine,0.0,0.0,0.0,0.0
60,0-4,unvaccinated,1.1135528725660047,4.975942121849891,0.0,0.0
60,0-4,old_vaccine,0.0,0.0,0.0,0.0
60,0-4,new_vaccine,0.0,0.0,0.0,0.0
60,5-9,unvaccinated,0.0,7.5762787699503225,0.0,0.0
60,5-9,old_vaccine,0.0,0.0,0.0,0.0
60,5-9,new_vaccine,0.0,0.0,0.0,0.0
60,10-14,unvaccinated,0.9219544457292888,7.5239617223906725,0.0,0.0
60,10-14,old_vaccine,0.0,0.0,0.0,0.0
60,10-14,new_vaccine,0.0,0.0,0.0,0.0
60,15-19,unvaccinated,0.4,6.435060217278467,0.0,0.0
60,15-19,old_vaccine,0.0,0.0,0.0,0.0
60,15-19,new_vaccine,0.0,0.0,0.0,0.0
60,20-24,unvaccinated,0.44721359549995787,9.26066952223218,0.0,0.0
60,20-24,old_vaccine,0.0,0.0,0.0,0.0
60,20-24,new_vaccine,0.0,0.0,0.0,0.0
60,25-29,unvaccinated,1.1832159566199234,10.892199043352079,0.0,0.0
60,25-29,old_vaccine,0.0,0.0,0.0,0.0
60,25-29,new_vaccine,0.0,0.0,0.0,0.0
60,30-34,unvaccinated,0.8306623862918073,10.319399207318225,0.0,0.0
60,30-34,old_vaccine,0.0,0.0,0.0,0.0
60,30-34,new_vaccine,0.0,0.0,0.0,0.0
60,35-39,unvaccinated,0.8306623862918074,13.275541420220868,0.0,0.0
60,35-39,old_vaccine,0.0,0.0,0.0,0.0
60,35-39,new_vaccine,0.0,0.0,0.0,0.0
60,40-44,unvaccinated,1.4696938456699067,5.639148871948675,0.0,0.0
60,40-44,old_vaccine,0.0,0.0,0.0,0.0
60,40-44,new_vaccine,0.0,0.0,0.0,0.0
60,45-49,unvaccinated,0.5,8.83402513014311,0.0,0.0
60,45-49,old_vaccine,0.0,0.0,0.0,0.0
60,45-49,new_vaccine,0.0,0.0,0.0,0.0
60,50-54,unvaccinated,1.6733200530681513,8.77553417177553,0.0,0.0
60,50-54,old_vaccine,0.0,0.0,0.0,0.0
60,50-54,new_vaccine,0.0,0.0,0.0,0.0
60,55-59,unvaccinated,2.0396078054371145,8.29457654133109,0.0,0.0
60,55-59,old_vaccine,0.0,0.0,0.0,0.0
60,55-59,new_vaccine,0.0,0.0,0.0,0.0
60,60-64,unvaccinated,2.68514431641951,6.347440429023339,0.3,0.0
60,60-64,old_vaccine,0.0,0.0,0.0,0.0
60,60-64,new_vaccine,0.0,0.0,0.0,0.0
60,65-69,unvaccinated,3.039736830714133,4.142463035441596,0.3,0.0
60,65-69,old_vaccine,0.0,0.0,0.0,0.0
60,65-69,new_vaccine,0.0,0.0,0.0,0.0
60,70-74,unvaccinated,3.435112807463533,2.3579652245103193,0.0,0.0
60,70-74,old_vaccine,0.0,0.0,0.0,0.0
60,70-74,new_vaccine,0.0,0.0,0.0,0.0
60,75+,unvaccinated,7.3457470688827815,3.9191835884530857,0.0,0.0
60,75+,old_vaccine,0.0,0.0,0.0,0.0
60,75+,new_vaccine,0.0,0.0,0.0,0.0
61,0-4,unvaccinated,1.1135528725660047,4.859012245302536,0.0,0.0
61,0-4,old_vaccine,0.0,0.0,0.0,0.0
61,0-4,new_vaccine,0.0,0.0,0.0,0.0
61,5-9,unvaccinated,0.0,7.647875521999558,0.0,0.0
61,5-9,old_vaccine,0.0,0.0,0.0,0.0
61,5-9,new_vaccine,0.0,0.0,0.0,0.0
61,10-14,unvaccinated,0.9219544457292888,7.8255990186055415,0.0,0.0
61,10-14,old_vaccine,0.0,0.0,0.0,0.0
61,10-14,new_vaccine,0.0,0.0,0.0,0.0
61,15-19,unvaccinated,0.4,6.645299090334462,0.0,0.0
61,15-19,old_vaccine,0.0,0.0,0.0,0.0
61,15-19,new_vaccine,0.0,0.0,0.0,0.0
61,20-24,unvaccinated,0.5385164807134503,9.159148432032316,0.0,0.0
61,20-24,old_vaccine,0.0,0.0,0.0,0.0
61,20-24,new_vaccine,0.0,0.0,0.0,0.0
61,25-29,unvaccinated,1.1357816691600549,11.311940593903419,0.0,0.0
61,25-29,old_vaccine,0.0,0.0,0.0,0.0
61,25-29,new_vaccine,0.0,0.0,0.0,0.0
61,30-34,unvaccinated,0.8306623862918073,10.069756700139283,0.0,0.0
61,30-34,old_vaccine,0.0,0.0,0.0,0.0
61,30-34,new_vaccine,0.0,0.0,0.0,0.0
61,35-39,unvaccinated,0.8306623862918074,12.998461447417538,0.0,0.0
61,35-39,old_vaccine,0.0,0.0,0.0,0.0
61,35-39,new_vaccine,0.0,0.0,0.0,0.0
61,40-44,unvaccinated,1.5524174696260027,5.5099909255823665,0.0,0.0
61,40-44,old_vaccine,0.0,0.0,0.0,0.0
61,40-44,new_vaccine,0.0,0.0,0.0,0.0
61,45-49,unvaccinated,0.5,8.78862901708793,0.0,0.0
61,45-49,old_vaccine,0.0,0.0,0.0,0.0
61,45-49,new_vaccine,0.0,0.0,0.0,0.0
61,50-54,unvaccinated,1.9000000000000004,8.651589449343977,0.0,0.0
61,50-54,old_vaccine,0.0,0.0,0.0,0.0
61,50-54,new_vaccine,0.0,0.0,0.0,0.0
61,55-59,unvaccinated,1.9723082923316027,8.307225770376052,0.0,0.0
61,55-59,old_vaccine,0.0,0.0,0.0,0.0
61,55-59,new_vaccine,0.0,0.0,0.0,0.0
61,60-64,unvaccinated,2.68514431641951,6.394528911499268,0.3,0.0
61,60-64,old_vaccine,0.0,0.0,0.0,0.0
61,60-64,new_vaccine,0.0,0.0,0.0,0.0
61,65-69,unvaccinated,2.736786436680801,4.182104733265297,0.0,0.0
61,65-69,old_vaccine,0.0,0.0,0.0,0.0
61,65-69,new_vaccine,0.0,0.0,0.0,0.0
61,70-74,unvaccinated,3.4058772731852796,2.3579652245103193,0.0,0.0
61,70-74,old_vaccine,0.0,0.0,0.0,0.0
61,70-74,new_vaccine,0.0,0.0,0.0,0.0
61,75+,unvaccinated,7.3348483283569,3.84837628097877,0.0,0.0
61,75+,old_vaccine,0.0,0.0,0.0,0.0
61,75+,new_vaccine,0.0,0.0,0.0,0.0
62,0-4,unvaccinated,1.1135528725660047,5.386093203798095,0.0,0.0
62,0-4,old_vaccine,0.0,0.0,0.0,0.0
62,0-4,new_vaccine,0.0,0.0,0.0,0.0
62,5-9,unvaccinated,0.0,7.892401408950258,0.0,0.0
62,5-9,old_vaccine,0.0,0.0,0.0,0.0
62,5-9,new_vaccine,0.0,0.0,0.0,0.0
62,10-14,unvaccinated,0.9219544457292888,7.4839828968270625,0.0,0.0
62,10-14,old_vaccine,0.0,0.0,0.0,0.0
62,10-14,new_vaccine,0.0,0.0,0.0,0.0
62,15-19,unvaccinated,0.4,6.9108610172684,0.0,0.0
62,15-19,old_vaccine,0.0,0.0,0.0,0.0
62,15-19,new_vaccine,0.0,0.0,0.0,0.0
62,20-24,unvaccinated,0.5385164807134503,9.143850392476903,0.0,0.0
62,20-24,old_vaccine,0.0,0.0,0.0,0.0
62,20-24,new_vaccine,0.0,0.0,0.0,0.0
62,25-29,unvaccinated,1.077032961426901,11.562439189029273,0.0,0.0
62,25-29,old_vaccine,0.0,0.0,0.0,0.0
62,25-29,new_vaccine,0.0,0.0,0.0,0.0
62,30-34,unvaccinated,0.8306623862918073,10.431203190428226,0.0,0.0
62,30-34,old_vaccine,0.0,0.0,0.0,0.0
62,30-34,new_vaccine,0.0,0.0,0.0,0.0
62,35-39,unvaccinated,0.7483314773547881,13.017296186228538,0.0,0.0
62,35-39,old_vaccine,0.0,0.0,0.0,0.0
62,35-39,new_vaccine,0.0,0.0,0.0,0.0
62,40-44,unvaccinated,1.5999999999999999,5.197114584074515,0.0,0.0
62,40-44,old_vaccine,0.0,0.0,0.0,0.0
62,40-44,new_vaccine,0.0,0.0,0.0,0.0
62,45-49,unvaccinated,0.5,8.879189152169246,0.0,0.0
62,45-49,old_vaccine,0.0,0.0,0.0,0.0
62,45-49,new_vaccine,0.0,0.0,0.0,0.0
62,50-54,unvaccinated,1.9000000000000004,8.59360227145753,0.0,0.0
62,50-54,old_vaccine,0.0,0.0,0.0,0.0
62,50-54,new_vaccine,0.0,0.0,0.0,0.0
62,55-59,unvaccinated,2.1354156504062622,8.414867794564572,0.0,0.0
62,55-59,old_vaccine,0.0,0.0,0.0,0.0
62,55-59,new_vaccine,0.0,0.0,0.0,0.0
62,60-64,unvaccinated,2.8354893757515653,6.394528911499268,0.3,0.0
62,60-64,old_vaccine,0.0,0.0,0.0,0.0
62,60-64,new_vaccine,0.0,0.0,0.0,0.0
62,65-69,unvaccinated,2.8442925306655775,4.093897898091743,0.0,0.0
62,65-69,old_vaccine,0.0,0.0,0.0,0.0
62,65-69,new_vaccine,0.0,0.0,0.0,0.0
62,70-74,unvaccinated,3.8000000000000007,2.29128784747792,0.0,0.0
62,70-74,old_vaccine,0.0,0.0,0.0,0.0
62,70-74,new_vaccine,0.0,0.0,0.0,0.0
62,75+,unvaccinated,7.49399759807808,3.618010503025108,0.0,0.0
62,75+,old_vaccine,0.0,0.0,0.0,0.0
62,75+,new_vaccine,0.0,0.0,0.0,0.0
63,0-4,unvaccinated,1.2041594578792296,5.407402333838311,0.0,0.0
63,0-4,old_vaccine,0.0,0.0,0.0,0.0
63,0-4,new_vaccine,0.0,0.0,0.0,0.0
63,5-9,unvaccinated,0.0,8.32165848854662,0.0,0.0
63,5-9,old_vaccine,0.0,0.0,0.0,0.0
63,5-9,new_vaccine,0.0,0.0,0.0,0.0
63,10-14,unvaccinated,0.916515138991168,7.652450587883597,0.0,0.0
63,10-14,old_vaccine,0.0,0.0,0.0,0.0
63,10-14,new_vaccine,0.0,0.0,0.0,0.0
63,15-19,unvaccinated,0.4,6.603029607687671,0.0,0.0
63,15-19,old_vaccine,0.0,0.0,0.0,0.0
63,15-19,new_vaccine,0.0,0.0,0.0,0.0
63,20-24,unvaccinated,0.5385164807134503,8.809653795694812,0.0,0.0
63,20-24,old_vaccine,0.0,0.0,0.0,0.0
63,20-24,new_vaccine,0.0,0.0,0.0,0.0
63,25-29,unvaccinated,1.1832159566199234,11.361778029868393,0.0,0.0
63,25-29,old_vaccine,0.0,0.0,0.0,0.0
63,25-29,new_vaccine,0.0,0.0,0.0,0.0
63,30-34,unvaccinated,0.8944271909999159,10.176443386566842,0.0,0.0
63,30-34,old_vaccine,0.0,0.0,0.0,0.0
63,30-34,new_vaccine,0.0,0.0,0.0,0.0
63,35-39,unvaccinated,0.9433981132056604,12.854571171377135,0.0,0.0
63,35-39,old_vaccine,0.0,0.0,0.0,0.0
63,35-39,new_vaccine,0.0,0.0,0.0,0.0
63,40-44,unvaccinated,1.5999999999999999,5.064582904840241,0.0,0.0
63,40-44,old_vaccine,0.0,0.0,0.0,0.0
63,40-44,new_vaccine,0.0,0.0,0.0,0.0
63,45-49,unvaccinated,0.5,8.579627031520662,0.0,0.0
63,45-49,old_vaccine,0.0,0.0,0.0,0.0
63,45-49,new_vaccine,0.0,0.0,0.0,0.0
63,50-54,unvaccinated,1.8330302779823353,8.471127433818946,0.0,0.0
63,50-54,old_vaccine,0.0,0.0,0.0,0.0
63,50-54,new_vaccine,0.0,0.0,0.0,0.0
63,55-59,unvaccinated,2.4576411454889016,8.29457654133109,0.4,0.0
63,55-59,old_vaccine,0.0,0.0,0.0,0.0
63,55-59,new_vaccine,0.0,0.0,0.0,0.0
63,60-64,unvaccinated,2.68514431641951,6.3253458403473894,0.3,0.0
63,60-64,old_vaccine,0.0,0.0,0.0,0.0
63,60-64,new_vaccine,0.0,0.0,0.0,0.0
63,65-69,unvaccinated,2.6457513110645907,4.124318125460256,0.0,0.0
63,65-69,old_vaccine,0.0,0.0,0.0,0.0
63,65-69,new_vaccine,0.0,0.0,0.0,0.0
63,70-74,unvaccinated,3.832753579347359,2.5475478405713994,0.0,0.0
63,70-74,old_vaccine,0.0,0.0,0.0,0.0
63,70-74,new_vaccine,0.0,0.0,0.0,0.0
63,75+,unvaccinated,7.359347797189641,3.6932370625238784,0.0,0.0
63,75+,old_vaccine,0.0,0.0,0.0,0.0
63,75+,new_vaccine,0.0,0.0,0.0,0.0
64,0-4,unvaccinated,1.3564659966250536,5.035871324805667,0.0,0.0
64,0-4,old_vaccine,0.0,0.0,0.0,0.0
64,0-4,new_vaccine,0.0,0.0,0.0,0.0
64,5-9,unvaccinated,0.0,8.511169132381285,0.0,0.0
64,5-9,old_vaccine,0.0,0.0,0.0,0.0
64,5-9,new_vaccine,0.0,0.0,0.0,0.0
64,10-14,unvaccinated,0.4898979485566356,7.896834808959854,0.0,0.0
64,10-14,old_vaccine,0.0,0.0,0.0,0.0
64,10-14,new_vaccine,0.0,0.0,0.0,0.0
64,15-19,unvaccinated,0.3,6.73869423553258,0.0,0.0
64,15-19,old_vaccine,0.0,0.0,0.0,0.0
64,15-19,new_vaccine,0.0,0.0,0.0,0.0
64,20-24,unvaccinated,0.5385164807134503,9.075241043630742,0.0,0.0
64,20-24,old_vaccine,0.0,0.0,0.0,0.0
64,20-24,new_vaccine,0.0,0.0,0.0,0.0
64,25-29,unvaccinated,1.0954451150103324,11.35825690852254,0.0,0.0
64,25-29,old_vaccine,0.0,0.0,0.0,0.0
64,25-29,new_vaccine,0.0,0.0,0.0,0.0
64,30-34,unvaccinated,0.8717797887081346,9.96443676280802,0.0,0.0
64,30-34,old_vaccine,0.0,0.0,0.0,0.0
64,30-34,new_vaccine,0.0,0.0,0.0,0.0
64,35-39,unvaccinated,0.8944271909999159,12.707871576310483,0.0,0.0
64,35-39,old_vaccine,0.0,0.0,0.0,0.0
64,35-39,new_vaccine,0.0,0.0,0.0,0.0
64,40-44,unvaccinated,1.4696938456699067,5.329165037789692,0.0,0.0
64,40-44,old_vaccine,0.0,0.0,0.0,0.0
64,40-44,new_vaccine,0.0,0.0,0.0,0.0
64,45-49,unvaccinated,0.66332495807108,8.522910301065007,0.0,0.0
64,45-49,old_vaccine,0.0,0.0,0.0,0.0
64,45-49,new_vaccine,0.0,0.0,0.0,0.0
64,50-54,unvaccinated,2.009975124224178,8.882004278314664,0.0,0.0
64,50-54,old_vaccine,0.0,0.0,0.0,0.0
64,50-54,new_vaccine,0.0,0.0,0.0,0.0
64,55-59,unvaccinated,2.615339366124404,8.055432949258535,0.4,0.0
64,55-59,old_vaccine,0.0,0.0,0.0,0.0
64,55-59,new_vaccine,0.0,0.0,0.0,0.0
64,60-64,unvaccinated,3.099999999999999,5.92958683214944,0.3,0.0
64,60-64,old_vaccine,0.0,0.0,0.0,0.0
64,60-64,new_vaccine,0.0,0.0,0.0,0.0
64,65-69,unvaccinated,2.144761058952722,4.214261501141095,0.0,0.0
64,65-69,old_vaccine,0.0,0.0,0.0,0.0
64,65-69,new_vaccine,0.0,0.0,0.0,0.0
64,70-74,unvaccinated,3.919183588453085,2.6457513110645907,0.0,0.0
64,70-74,old_vaccine,0.0,0.0,0.0,0.0
64,70-74,new_vaccine,0.0,0.0,0.0,0.0
64,75+,unvaccinated,7.644605941446557,3.5552777669262365,0.0,0.0
64,75+,old_vaccine,0.0,0.0,0.0,0.0
64,75+,new_vaccine,0.0,0.0,0.0,0.0
65,0-4,unvaccinated,1.4966629547095762,5.499090833947009,0.0,0.0
65,0-4,old_vaccine,0.0,0.0,0.0,0.0
65,0-4,new_vaccine,0.0,0.0,0.0,0.0
65,5-9,unvaccinated,0.0,7.952358140828414,0.0,0.0
65,5-9,old_vaccine,0.0,0.0,0.0,0.0
65,5-9,new_vaccine,0.0,0.0,0.0,0.0
65,10-14,unvaccinated,0.4898979485566356,8.104936767180853,0.0,0.0
65,10-14,old_vaccine,0.0,0.0,0.0,0.0
65,10-14,new_vaccine,0.0,0.0,0.0,0.0
65,15-19,unvaccinated,0.3,7.128113354878697,0.0,0.0
65,15-19,old_vaccine,0.0,0.0,0.0,0.0
65,15-19,new_vaccine,0.0,0.0,0.0,0.0
65,20-24,unvaccinated,0.5385164807134503,9.476813810558907,0.0,0.0
65,20-24,old_vaccine,0.0,0.0,0.0,0.0
65,20-24,new_vaccine,0.0,0.0,0.0,0.0
65,25-29,unvaccinated,1.0954451150103324,11.981652640600124,0.0,0.0
65,25-29,old_vaccine,0.0,0.0,0.0,0.0
65,25-29,new_vaccine,0.0,0.0,0.0,0.0
65,30-34,unvaccinated,0.7810249675906655,9.518403227432636,0.0,0.0
65,30-34,old_vaccine,0.0,0.0,0.0,0.0
65,30-34,new_vaccine,0.0,0.0,0.0,0.0
65,35-39,unvaccinated,0.8944271909999159,12.345039489608771,0.0,0.0
65,35-39,old_vaccine,0.0,0.0,0.0,0.0
65,35-39,new_vaccine,0.0,0.0,0.0,0.0
65,40-44,unvaccinated,1.4696938456699067,5.477225575051661,0.0,0.0
65,40-44,old_vaccine,0.0,0.0,0.0,0.0
65,40-44,new_vaccine,0.0,0.0,0.0,0.0
65,45-49,unvaccinated,0.6708203932499369,8.546344247688596,0.0,0.0
65,45-49,old_vaccine,0.0,0.0,0.0,0.0
65,45-49,new_vaccine,0.0,0.0,0.0,0.0
65,50-54,unvaccinated,1.7464249196572983,8.924124606929244,0.0,0.0
65,50-54,old_vaccine,0.0,0.0,0.0,0.0
65,50-54,new_vaccine,0.0,0.0,0.0,0.0
65,55-59,unvaccinated,2.4103941586387903,7.761443164772899,0.4,0.0
65,55-59,old_vaccine,0.0,0.0,0.0,0.0
65,55-59,new_vaccine,0.0,0.0,0.0,0.0
65,60-64,unvaccinated,3.099999999999999,5.793099343184099,0.3,0.0
65,60-64,old_vaccine,0.0,0.0,0.0,0.0
65,60-64,new_vaccine,0.0,0.0,0.0,0.0
65,65-69,unvaccinated,2.097617696340303,4.270831300812524,0.0,0.0
65,65-69,old_vaccine,0.0,0.0,0.0,0.0
65,65-69,new_vaccine,0.0,0.0,0.0,0.0
65,70-74,unvaccinated,3.9446165846632044,2.6248809496813377,0.0,0.0
65,70-74,old_vaccine,0.0,0.0,0.0,0.0
65,70-74,new_vaccine,0.0,0.0,0.0,0.0
65,75+,unvaccinated,7.668767828015139,3.407345007480164,0.0,0.0
65,75+,old_vaccine,0.0,0.0,0.0,0.0
65,75+,new_vaccine,0.0,0.0,0.0,0.0
66,0-4,unvaccinated,1.5524174696260025,5.4258639865002145,0.0,0.0
66,0-4,old_vaccine,0.0,0.0,0.0,0.0
66,0-4,new_vaccine,0.0,0.0,0.0,0.0
66,5-9,unvaccinated,0.0,7.864477096412705,0.0,0.0
66,5-9,old_vaccine,0.0,0.0,0.0,0.0
66,5-9,new_vaccine,0.0,0.0,0.0,0.0
66,10-14,unvaccinated,0.4898979485566356,7.989993742175272,0.0,0.0
66,10-14,old_vaccine,0.0,0.0,0.0,0.0
66,10-14,new_vaccine,0.0,0.0,0.0,0.0
66,15-19,unvaccinated,0.0,6.699999999999999,0.0,0.0
66,15-19,old_vaccine,0.0,0.0,0.0,0.0
66,15-19,new_vaccine,0.0,0.0,0.0,0.0
66,20-24,unvaccinated,0.6000000000000001,9.502105029939417,0.0,0.0
66,20-24,old_vaccine,0.0,0.0,0.0,0.0
66,20-24,new_vaccine,0.0,0.0,0.0,0.0
66,25-29,unvaccinated,1.0954451150103324,11.82412787481597,0.0,0.0
66,25-29,old_vaccine,0.0,0.0,0.0,0.0
66,25-29,new_vaccine,0.0,0.0,0.0,0.0
66,30-34,unvaccinated,0.7810249675906655,9.812746812182612,0.0,0.0
66,30-34,old_vaccine,0.0,0.0,0.0,0.0
66,30-34,new_vaccine,0.0,0.0,0.0,0.0
66,35-39,unvaccinated,0.8944271909999159,12.099999999999998,0.0,0.0
66,35-39,old_vaccine,0.0,0.0,0.0,0.0
66,35-39,new_vaccine,0.0,0.0,0.0,0.0
66,40-44,unvaccinated,1.4696938456699067,5.514526271584897,0.0,0.0
66,40-44,old_vaccine,0.0,0.0,0.0,0.0
66,40-44,new_vaccine,0.0,0.0,0.0,0.0
66,45-49,unvaccinated,0.6633249580710799,8.367197858303578,0.0,0.0
66,45-49,old_vaccine,0.0,0.0,0.0,0.0
66,45-49,new_vaccine,0.0,0.0,0.0,0.0
66,50-54,unvaccinated,1.7464249196572983,9.145490692138942,0.0,0.0
66,50-54,old_vaccine,0.0,0.0,0.0,0.0
66,50-54,new_vaccine,0.0,0.0,0.0,0.0
66,55-59,unvaccinated,2.2715633383201093,7.457211275000864,0.4,0.0
66,55-59,old_vaccine,0.0,0.0,0.0,0.0
66,55-59,new_vaccine,0.0,0.0,0.0,0.0
66,60-64,unvaccinated,3.067572330035593,5.600000000000001,0.3,0.0
66,60-64,old_vaccine,0.0,0.0,0.0,0.0
66,60-64,new_vaccine,0.0,0.0,0.0,0.0
66,65-69,unvaccinated,2.521904042583698,4.337049688440288,0.0,0.0
66,65-69,old_vaccine,0.0,0.0,0.0,0.0
66,65-69,new_vaccine,0.0,0.0,0.0,0.0
66,70-74,unvaccinated,3.974921382870358,2.4819347291981715,0.0,0.0
66,70-74,old_vaccine,0.0,0.0,0.0,0.0
66,70-74,new_vaccine,0.0,0.0,0.0,0.0
66,75+,unvaccinated,7.8255990186055415,3.5623026261113737,0.0,0.0
66,75+,old_vaccine,0.0,0.0,0.0,0.0
66,75+,new_vaccine,0.0,0.0,0.0,0.0
67,0-4,unvaccinated,1.5524174696260025,5.462600113499065,0.0,0.0
67,0-4,old_vaccine,0.0,0.0,0.0,0.0
67,0-4,new_vaccine,0.0,0.0,0.0,0.0
67,5-9,unvaccinated,0.0,7.573638491504594,0.0,0.0
67,5-9,old_vaccine,0.0,0.0,0.0,0.0
67,5-9,new_vaccine,0.0,0.0,0.0,0.0
67,10-14,unvaccinated,0.4898979485566356,8.030566605165541,0.0,0.0
67,10-14,old_vaccine,0.0,0.0,0.0,0.0
67,10-14,new_vaccine,0.0,0.0,0.0,0.0
67,15-19,unvaccinated,0.0,6.812488532100439,0.0,0.0
67,15-19,old_vaccine,0.0,0.0,0.0,0.0
67,15-19,new_vaccine,0.0,0.0,0.0,0.0
67,20-24,unvaccinated,0.5385164807134503,9.518928511129813,0.0,0.0
67,20-24,old_vaccine,0.0,0.0,0.0,0.0
67,20-24,new_vaccine,0.0,0.0,0.0,0.0
67,25-29,unvaccinated,1.0954451150103324,11.800000000000002,0.0,0.0
67,25-29,old_vaccine,0.0,0.0,0.0,0.0
67,25-29,new_vaccine,0.0,0.0,0.0,0.0
67,30-34,unvaccinated,0.7810249675906655,9.869650449737318,0.0,0.0
67,30-34,old_vaccine,0.0,0.0,0.0,0.0
67,30-34,new_vaccine,0.0,0.0,0.0,0.0
67,35-39,unvaccinated,0.9433981132056604,12.379014500355032,0.0,0.0
67,35-39,old_vaccine,0.0,0.0,0.0,0.0
67,35-39,new_vaccine,0.0,0.0,0.0,0.0
67,40-44,unvaccinated,1.4177446878757827,5.5,0.0,0.0
67,40-44,old_vaccine,0.0,0.0,0.0,0.0
67,40-44,new_vaccine,0.0,0.0,0.0,0.0
67,45-49,unvaccinated,0.5,8.706893820416093,0.0,0.0
67,45-49,old_vaccine,0.0,0.0,0.0,0.0
67,45-49,new_vaccine,0.0,0.0,0.0,0.0
67,50-54,unvaccinated,1.688194301613413,9.457272334029511,0.0,0.0
67,50-54,old_vaccine,0.0,0.0,0.0,0.0
67,50-54,new_vaccine,0.0,0.0,0.0,0.0
67,55-59,unvaccinated,1.9899748742132393,7.513321502504733,0.4,0.0
67,55-59,old_vaccine,0.0,0.0,0.0,0.0
67,55-59,new_vaccine,0.0,0.0,0.0,0.0
67,60-64,unvaccinated,3.2186953878862163,5.4258639865002145,0.3,0.0
67,60-64,old_vaccine,0.0,0.0,0.0,0.0
67,60-64,new_vaccine,0.0,0.0,0.0,0.0
67,65-69,unvaccinated,2.56124969497314,4.176122603564219,0.0,0.0
67,65-69,old_vaccine,0.0,0.0,0.0,0.0
67,65-69,new_vaccine,0.0,0.0,0.0,0.0
67,70-74,unvaccinated,3.742993454442579,2.4819347291981715,0.0,0.0
67,70-74,old_vaccine,0.0,0.0,0.0,0.0
67,70-74,new_vaccine,0.0,0.0,0.0,0.0
67,75+,unvaccinated,7.952358140828418,3.8065732621348554,0.0,0.0
67,75+,old_vaccine,0.0,0.0,0.0,0.0
67,75+,new_vaccine,0.0,0.0,0.0,0.0
68,0-4,unvaccinated,1.5524174696260025,5.12249938994628,0.0,0.0
68,0-4,old_vaccine,0.0,0.0,0.0,0.0
68,0-4,new_vaccine,0.0,0.0,0.0,0.0
68,5-9,unvaccinated,0.0,6.862215385719103,0.0,0.0
68,5-9,old_vaccine,0.0,0.0,0.0,0.0
68,5-9,new_vaccine,0.0,0.0,0.0,0.0
68,10-14,unvaccinated,0.4898979485566356,7.79487010796203,0.0,0.0
68,10-14,old_vaccine,0.0,0.0,0.0,0.0
68,10-14,new_vaccine,0.0,0.0,0.0,0.0
68,15-19,unvaccinated,0.0,6.603786792439624,0.0,0.0
68,15-19,old_vaccine,0.0,0.0,0.0,0.0
68,15-19,new_vaccine,0.0,0.0,0.0,0.0
68,20-24,unvaccinated,0.6000000000000001,9.589577675789482,0.0,0.0
68,20-24,old_vaccine,0.0,0.0,0.0,0.0
68,20-24,new_vaccine,0.0,0.0,0.0,0.0
68,25-29,unvaccinated,0.8717797887081346,11.522152576667263,0.0,0.0
68,25-29,old_vaccine,0.0,0.0,0.0,0.0
68,25-29,new_vaccine,0.0,0.0,0.0,0.0
68,30-34,unvaccinated,0.9797958971132712,10.05236290630218,0.0,0.0
68,30-34,old_vaccine,0.0,0.0,0.0,0.0
68,30-34,new_vaccine,0.0,0.0,0.0,0.0
68,35-39,unvaccinated,0.9433981132056604,12.48559169603107,0.0,0.0
68,35-39,old_vaccine,0.0,0.0,0.0,0.0
68,35-39,new_vaccine,0.0,0.0,0.0,0.0
68,40-44,unvaccinated,1.4177446878757827,5.5,0.0,0.0
68,40-44,old_vaccine,0.0,0.0,0.0,0.0
68,40-44,new_vaccine,0.0,0.0,0.0,0.0
68,45-49,unvaccinated,0.5,8.76584280032445,0.0,0.0
68,45-49,old_vaccine,0.0,0.0,0.0,0.0
68,45-49,new_vaccine,0.0,0.0,0.0,0.0
68,50-54,unvaccinated,1.6278820596099708,9.314504817756012,0.0,0.0
68,50-54,old_vaccine,0.0,0.0,0.0,0.0
68,50-54,new_vaccine,0.0,0.0,0.0,0.0
68,55-59,unvaccinated,2.0518284528683193,7.372923436466706,0.4,0.0
68,55-59,old_vaccine,0.0,0.0,0.0,0.0
68,55-59,new_vaccine,0.0,0.0,0.0,0.0
68,60-64,unvaccinated,3.411744421846396,5.554277630799526,0.3,0.0
68,60-64,old_vaccine,0.0,0.0,0.0,0.0
68,60-64,new_vaccine,0.0,0.0,0.0,0.0
68,65-69,unvaccinated,2.6153393661244033,4.220189569201838,0.0,0.0
68,65-69,old_vaccine,0.0,0.0,0.0,0.0
68,65-69,new_vaccine,0.0,0.0,0.0,0.0
68,70-74,unvaccinated,3.655133376499414,2.6,0.0,0.0
68,70-74,old_vaccine,0.0,0.0,0.0,0.0
68,70-74,new_vaccine,0.0,0.0,0.0,0.0
68,75+,unvaccinated,7.658328799418317,3.8327535793473597,0.0,0.0
68,75+,old_vaccine,0.0,0.0,0.0,0.0
68,75+,new_vaccine,0.0,0.0,0.0,0.0
69,0-4,unvaccinated,1.4177446878757827,5.426785420486053,0.0,0.0
69,0-4,old_vaccine,0.0,0.0,0.0,0.0
69,0-4,new_vaccine,0.0,0.0,0.0,0.0
69,5-9,unvaccinated,0.0,6.220128616033589,0.0,0.0
69,5-9,old_vaccine,0.0,0.0,0.0,0.0
69,5-9,new_vaccine,0.0,0.0,0.0,0.0
69,10-14,unvaccinated,0.4898979485566356,8.182909018191513,0.0,0.0
69,10-14,old_vaccine,0.0,0.0,0.0,0.0
69,10-14,new_vaccine,0.0,0.0,0.0,0.0
69,15-19,unvaccinated,0.3,5.967411499134278,0.0,0.0
69,15-19,old_vaccine,0.0,0.0,0.0,0.0
69,15-19,new_vaccine,0.0,0.0,0.0,0.0
69,20-24,unvaccinated,0.6000000000000001,9.457272334029508,0.0,0.0
69,20-24,old_vaccine,0.0,0.0,0.0,0.0
69,20-24,new_vaccine,0.0,0.0,0.0,0.0
69,25-29,unvaccinated,1.044030650891055,11.473447607410776,0.0,0.0
69,25-29,old_vaccine,0.0,0.0,0.0,0.0
69,25-29,new_vaccine,0.0,0.0,0.0,0.0
69,30-34,unvaccinated,0.9797958971132712,10.257192598367254,0.0,0.0
69,30-34,old_vaccine,0.0,0.0,0.0,0.0
69,30-34,new_vaccine,0.0,0.0,0.0,0.0
69,35-39,unvaccinated,1.0,12.490396310766124,0.0,0.0
69,35-39,old_vaccine,0.0,0.0,0.0,0.0
69,35-39,new_vaccine,0.0,0.0,0.0,0.0
69,40-44,unvaccinated,1.3266499161421594,5.60802995712398,0.0,0.0
69,40-44,old_vaccine,0.0,0.0,0.0,0.0
69,40-44,new_vaccine,0.0,0.0,0.0,0.0
69,45-49,unvaccinated,0.6708203932499369,9.13454979733539,0.0,0.0
69,45-49,old_vaccine,0.0,0.0,0.0,0.0
69,45-49,new_vaccine,0.0,0.0,0.0,0.0
69,50-54,unvaccinated,1.7464249196572983,9.404254356406998,0.0,0.0
69,50-54,old_vaccine,0.0,0.0,0.0,0.0
69,50-54,new_vaccine,0.0,0.0,0.0,0.0
69,55-59,unvaccinated,2.1656407827707715,7.720103626247514,0.3,0.0
69,55-59,old_vaccine,0.0,0.0,0.0,0.0
69,55-59,new_vaccine,0.0,0.0,0.0,0.0
69,60-64,unvaccinated,3.2496153618543846,5.557877292636102,0.3,0.0
69,60-64,old_vaccine,0.0,0.0,0.0,0.0
69,60-64,new_vaccine,0.0,0.0,0.0,0.0
69,65-69,unvaccinated,2.8999999999999995,4.369210454990696,0.0,0.0
69,65-69,old_vaccine,0.0,0.0,0.0,0.0
69,65-69,new_vaccine,0.0,0.0,0.0,0.0
69,70-74,unvaccinated,3.6386810797320495,2.6,0.0,0.0
69,70-74,old_vaccine,0.0,0.0,0.0,0.0
69,70-74,new_vaccine,0.0,0.0,0.0,0.0
69,75+,unvaccinated,7.681145747868608,3.389690251335658,0.0,0.0
69,75+,old_vaccine,0.0,0.0,0.0,0.0
69,75+,new_vaccine,0.0,0.0,0.0,0.0
70,0-4,unvaccinated,1.5362291495737215,5.003998401278721,0.0,0.0
70,0-4,old_vaccine,0.0,0.0,0.0,0.0
70,0-4,new_vaccine,0.0,0.0,0.0,0.0
70,5-9,unvaccinated,0.0,6.106553856308812,0.0,0.0
70,5-9,old_vaccine,0.0,0.0,0.0,0.0
70,5-9,new_vaccine,0.0,0.0,0.0,0.0
70,10-14,unvaccinated,0.4898979485566356,8.219489035213806,0.0,0.0
70,10-14,old_vaccine,0.0,0.0,0.0,0.0
70,10-14,new_vaccine,0.0,0.0,0.0,0.0
70,15-19,unvaccinated,0.4,5.599999999999999,0.0,0.0
70,15-19,old_vaccine,0.0,0.0,0.0,0.0
70,15-19,new_vaccine,0.0,0.0,0.0,0.0
70,20-24,unvaccinated,0.5385164807134503,9.457272334029508,0.0,0.0
70,20-24,old_vaccine,0.0,0.0,0.0,0.0
70,20-24,new_vaccine,0.0,0.0,0.0,0.0
70,25-29,unvaccinated,0.8717797887081346,11.39692941102997,0.0,0.0
70,25-29,old_vaccine,0.0,0.0,0.0,0.0
70,25-29,new_vaccine,0.0,0.0,0.0,0.0
70,30-34,unvaccinated,1.0440306508910548,9.954396013822233,0.0,0.0
70,30-34,old_vaccine,0.0,0.0,0.0,0.0
70,30-34,new_vaccine,0.0,0.0,0.0,0.0
70,35-39,unvaccinated,1.0,12.126417442921877,0.0,0.0
70,35-39,old_vaccine,0.0,0.0,0.0,0.0
70,35-39,new_vaccine,0.0,0.0,0.0,0.0
70,40-44,unvaccinated,1.4832396974191326,5.238320341483516,0.0,0.0
70,40-44,old_vaccine,0.0,0.0,0.0,0.0
70,40-44,new_vaccine,0.0,0.0,0.0,0.0
70,45-49,unvaccinated,0.6708203932499369,9.447221813845593,0.0,0.0
70,45-49,old_vaccine,0.0,0.0,0.0,0.0
70,45-49,new_vaccine,0.0,0.0,0.0,0.0
70,50-54,unvaccinated,1.791647286716892,9.351470472604829,0.0,0.0
70,50-54,old_vaccine,0.0,0.0,0.0,0.0
70,50-54,new_vaccine,0.0,0.0,0.0,0.0
70,55-59,unvaccinated,2.1656407827707715,7.634788798650554,0.3,0.0
70,55-59,old_vaccine,0.0,0.0,0.0,0.0
70,55-59,new_vaccine,0.0,0.0,0.0,0.0
70,60-64,unvaccinated,3.2496153618543846,5.462600113499065,0.3,0.0
70,60-64,old_vaccine,0.0,0.0,0.0,0.0
70,60-64,new_vaccine,0.0,0.0,0.0,0.0
70,65-69,unvaccinated,2.8999999999999995,4.504442251822083,0.0,0.0
70,65-69,old_vaccine,0.0,0.0,0.0,0.0
70,65-69,new_vaccine,0.0,0.0,0.0,0.0
70,70-74,unvaccinated,3.2310988842807022,2.570992026436488,0.0,0.0
70,70-74,old_vaccine,0.0,0.0,0.0,0.0
70,70-74,new_vaccine,0.0,0.0,0.0,0.0
70,75+,unvaccinated,7.691553809211762,3.6455452267116377,0.0,0.0
70,75+,old_vaccine,0.0,0.0,0.0,0.0
70,75+,new_vaccine,0.0,0.0,0.0,0.0
71,0-4,unvaccinated,1.4177446878757827,5.281098370604358,0.0,0.0
71,0-4,old_vaccine,0.0,0.0,0.0,0.0
71,0-4,new_vaccine,0.0,0.0,0.0,0.0
71,5-9,unvaccinated,0.0,6.132699242584788,0.0,0.0
71,5-9,old_vaccine,0.0,0.0,0.0,0.0
71,5-9,new_vaccine,0.0,0.0,0.0,0.0
71,10-14,unvaccinated,0.458257569495584,8.080222769206303,0.0,0.0
71,10-14,old_vaccine,0.0,0.0,0.0,0.0
71,10-14,new_vaccine,0.0,0.0,0.0,0.0
71,15-19,unvaccinated,0.4,5.657738063926256,0.0,0.0
71,15-19,old_vaccine,0.0,0.0,0.0,0.0
71,15-19,new_vaccine,0.0,0.0,0.0,0.0
71,20-24,unvaccinated,0.44721359549995787,9.26066952223218,0.0,0.0
71,20-24,old_vaccine,0.0,0.0,0.0,0.0
71,20-24,new_vaccine,0.0,0.0,0.0,0.0
71,25-29,unvaccinated,0.9000000000000002,10.903669107231746,0.0,0.0
71,25-29,old_vaccine,0.0,0.0,0.0,0.0
71,25-29,new_vaccine,0.0,0.0,0.0,0.0
71,30-34,unvaccinated,1.0440306508910548,10.188719252192595,0.0,0.0
71,30-34,old_vaccine,0.0,0.0,0.0,0.0
71,30-34,new_vaccine,0.0,0.0,0.0,0.0
71,35-39,unvaccinated,0.8717797887081346,12.734205903785286,0.0,0.0
71,35-39,old_vaccine,0.0,0.0,0.0,0.0
71,35-39,new_vaccine,0.0,0.0,0.0,0.0
71,40-44,unvaccinated,1.4832396974191326,5.5641710972974225,0.0,0.0
71,40-44,old_vaccine,0.0,0.0,0.0,0.0
71,40-44,new_vaccine,0.0,0.0,0.0,0.0
71,45-49,unvaccinated,0.458257569495584,9.413288479590964,0.0,0.0
71,45-49,old_vaccine,0.0,0.0,0.0,0.0
71,45-49,new_vaccine,0.0,0.0,0.0,0.0
71,50-54,unvaccinated,1.791647286716892,9.274157643689264,0.0,0.0
71,50-54,old_vaccine,0.0,0.0,0.0,0.0
71,50-54,new_vaccine,0.0,0.0,0.0,0.0
71,55-59,unvaccinated,2.3151673805580444,7.851114570556211,0.3,0.0
71,55-59,old_vaccine,0.0,0.0,0.0,0.0
71,55-59,new_vaccine,0.0,0.0,0.0,0.0
71,60-64,unvaccinated,3.2557641192199416,5.3935146240647205,0.3,0.0
71,60-64,old_vaccine,0.0,0.0,0.0,0.0
71,60-64,new_vaccine,0.0,0.0,0.0,0.0
71,65-69,unvaccinated,2.7946377224964234,4.2895221179054435,0.0,0.0
71,65-69,old_vaccine,0.0,0.0,0.0,0.0
71,65-69,new_vaccine,0.0,0.0,0.0,0.0
71,70-74,unvaccinated,3.2557641192199402,2.578759391645525,0.0,0.0
71,70-74,old_vaccine,0.0,0.0,0.0,0.0
71,70-74,new_vaccine,0.0,0.0,0.0,0.0
71,75+,unvaccinated,7.318469785412797,3.577708763999663,0.0,0.0
71,75+,old_vaccine,0.0,0.0,0.0,0.0
71,75+,new_vaccine,0.0,0.0,0.0,0.0
72,0-4,unvaccinated,1.4177446878757827,5.262128846769149,0.0,0.0
72,0-4,old_vaccine,0.0,0.0,0.0,0.0
72,0-4,new_vaccine,0.0,0.0,0.0,0.0
72,5-9,unvaccinated,0.0,6.603786792439626,0.0,0.0
72,5-9,old_vaccine,0.0,0.0,0.0,0.0
72,5-9,new_vaccine,0.0,0.0,0.0,0.0
72,10-14,unvaccinated,0.458257569495584,7.849203781276163,0.0,0.0
72,10-14,old_vaccine,0.0,0.0,0.0,0.0
72,10-14,new_vaccine,0.0,0.0,0.0,0.0
72,15-19,unvaccinated,0.4,5.745432968889292,0.0,0.0
72,15-19,old_vaccine,0.0,0.0,0.0,0.0
72,15-19,new_vaccine,0.0,0.0,0.0,0.0
72,20-24,unvaccinated,0.44721359549995787,9.370165420097983,0.0,0.0
72,20-24,old_vaccine,0.0,0.0,0.0,0.0
72,20-24,new_vaccine,0.0,0.0,0.0,0.0
72,25-29,unvaccinated,1.1832159566199234,10.872442227944925,0.0,0.0
72,25-29,old_vaccine,0.0,0.0,0.0,0.0
72,25-29,new_vaccine,0.0,0.0,0.0,0.0
72,30-34,unvaccinated,1.1832159566199232,10.034440691936945,0.0,0.0
72,30-34,old_vaccine,0.0,0.0,0.0,0.0
72,30-34,new_vaccine,0.0,0.0,0.0,0.0
72,35-39,unvaccinated,1.0440306508910548,12.702755606560334,0.0,0.0
72,35-39,old_vaccine,0.0,0.0,0.0,0.0
72,35-39,new_vaccine,0.0,0.0,0.0,0.0
72,40-44,unvaccinated,1.374772708486752,5.695612346359256,0.0,0.0
72,40-44,old_vaccine,0.0,0.0,0.0,0.0
72,40-44,new_vaccine,0.0,0.0,0.0,0.0
72,45-49,unvaccinated,0.4,9.404254356407,0.0,0.0
72,45-49,old_vaccine,0.0,0.0,0.0,0.0
72,45-49,new_vaccine,0.0,0.0,0.0,0.0
72,50-54,unvaccinated,1.6401219466856725,8.922443611477746,0.0,0.0
72,50-54,old_vaccine,0.0,0.0,0.0,0.0
72,50-54,new_vaccine,0.0,0.0,0.0,0.0
72,55-59,unvaccinated,2.0976176963403033,7.861297602813419,0.3,0.0
72,55-59,old_vaccine,0.0,0.0,0.0,0.0
72,55-59,new_vaccine,0.0,0.0,0.0,0.0
72,60-64,unvaccinated,3.1448370387032765,5.653317610041026,0.3,0.0
72,60-64,old_vaccine,0.0,0.0,0.0,0.0
72,60-64,new_vaccine,0.0,0.0,0.0,0.0
72,65-69,unvaccinated,2.8999999999999995,4.346262762420146,0.0,0.0
72,65-69,old_vaccine,0.0,0.0,0.0,0.0
72,65-69,new_vaccine,0.0,0.0,0.0,0.0
72,70-74,unvaccinated,3.796050579220459,2.539685019840059,0.0,0.0
72,70-74,old_vaccine,0.0,0.0,0.0,0.0
72,70-74,new_vaccine,0.0,0.0,0.0,0.0
72,75+,unvaccinated,6.939740629158987,3.3823069050575545,0.0,0.0
72,75+,old_vaccine,0.0,0.0,0.0,0.0
72,75+,new_vaccine,0.0,0.0,0.0,0.0
73,0-4,unvaccinated,1.2806248474865696,4.878524367060188,0.0,0.0
73,0-4,old_vaccine,0.0,0.0,0.0,0.0
73,0-4,new_vaccine,0.0,0.0,0.0,0.0
73,5-9,unvaccinated,0.0,6.900000000000003,0.0,0.0
73,5-9,old_vaccine,0.0,0.0,0.0,0.0
73,5-9,new_vaccine,0.0,0.0,0.0,0.0
73,10-14,unvaccinated,0.458257569495584,8.200000000000001,0.0,0.0
73,10-14,old_vaccine,0.0,0.0,0.0,0.0
73,10-14,new_vaccine,0.0,0.0,0.0,0.0
73,15-19,unvaccinated,0.4,5.986651818838304,0.0,0.0
73,15-19,old_vaccine,0.0,0.0,0.0,0.0
73,15-19,new_vaccine,0.0,0.0,0.0,0.0
73,20-24,unvaccinated,0.6999999999999998,9.148223871331531,0.0,0.0
73,20-24,old_vaccine,0.0,0.0,0.0,0.0
73,20-24,new_vaccine,0.0,0.0,0.0,0.0
73,25-29,unvaccinated,1.1357816691600549,11.090987332063817,0.0,0.0
73,25-29,old_vaccine,0.0,0.0,0.0,0.0
73,25-29,new_vaccine,0.0,0.0,0.0,0.0
73,30-34,unvaccinated,1.16619037896906,9.967948635501688,0.0,0.0
73,30-34,old_vaccine,0.0,0.0,0.0,0.0
73,30-34,new_vaccine,0.0,0.0,0.0,0.0
73,35-39,unvaccinated,1.0,12.831211945876356,0.0,0.0
73,35-39,old_vaccine,0.0,0.0,0.0,0.0
73,35-39,new_vaccine,0.0,0.0,0.0,0.0
73,40-44,unvaccinated,1.4832396974191326,5.8898217290508885,0.0,0.0
73,40-44,old_vaccine,0.0,0.0,0.0,0.0
73,40-44,new_vaccine,0.0,0.0,0.0,0.0
73,45-49,unvaccinated,0.4,9.394147114027968,0.0,0.0
73,45-49,old_vaccine,0.0,0.0,0.0,0.0
73,45-49,new_vaccine,0.0,0.0,0.0,0.0
73,50-54,unvaccinated,1.5491933384829668,9.068627239003705,0.0,0.0
73,50-54,old_vaccine,0.0,0.0,0.0,0.0
73,50-54,new_vaccine,0.0,0.0,0.0,0.0
73,55-59,unvaccinated,1.9899748742132393,7.7129760793094615,0.3,0.0
73,55-59,old_vaccine,0.0,0.0,0.0,0.0
73,55-59,new_vaccine,0.0,0.0,0.0,0.0
73,60-64,unvaccinated,2.8089143810376265,5.678908345800274,0.3,0.0
73,60-64,old_vaccine,0.0,0.0,0.0,0.0
73,60-64,new_vaccine,0.0,0.0,0.0,0.0
73,65-69,unvaccinated,2.7946377224964234,4.711687595755899,0.0,0.0
73,65-69,old_vaccine,0.0,0.0,0.0,0.0
73,65-69,new_vaccine,0.0,0.0,0.0,0.0
73,70-74,unvaccinated,3.7629775444453575,2.4576411454889016,0.0,0.0
73,70-74,old_vaccine,0.0,0.0,0.0,0.0
73,70-74,new_vaccine,0.0,0.0,0.0,0.0
73,75+,unvaccinated,6.843975452907469,3.3481338085566383,0.3,0.0
73,75+,old_vaccine,0.0,0.0,0.0,0.0
73,75+,new_vaccine,0.0,0.0,0.0,0.0
74,0-4,unvaccinated,1.2806248474865696,4.791659420284378,0.0,0.0
74,0-4,old_vaccine,0.0,0.0,0.0,0.0
74,0-4,new_vaccine,0.0,0.0,0.0,0.0
74,5-9,unvaccinated,0.0,7.422263805605403,0.0,0.0
74,5-9,old_vaccine,0.0,0.0,0.0,0.0
74,5-9,new_vaccine,0.0,0.0,0.0,0.0
74,10-14,unvaccinated,0.458257569495584,8.109253973085316,0.0,0.0
74,10-14,old_vaccine,0.0,0.0,0.0,0.0
74,10-14,new_vaccine,0.0,0.0,0.0,0.0
74,15-19,unvaccinated,0.3,6.252199612936235,0.0,0.0
74,15-19,old_vaccine,0.0,0.0,0.0,0.0
74,15-19,new_vaccine,0.0,0.0,0.0,0.0
74,20-24,unvaccinated,0.6999999999999998,9.022749026765625,0.0,0.0
74,20-24,old_vaccine,0.0,0.0,0.0,0.0
74,20-24,new_vaccine,0.0,0.0,0.0,0.0
74,25-29,unvaccinated,1.1357816691600549,10.88852607105296,0.0,0.0
74,25-29,old_vaccine,0.0,0.0,0.0,0.0
74,25-29,new_vaccine,0.0,0.0,0.0,0.0
74,30-34,unvaccinated,1.345362404707371,9.950376877284599,0.0,0.0
74,30-34,old_vaccine,0.0,0.0,0.0,0.0
74,30-34,new_vaccine,0.0,0.0,0.0,0.0
74,35-39,unvaccinated,0.9433981132056604,12.515989773086265,0.0,0.0
74,35-39,old_vaccine,0.0,0.0,0.0,0.0
74,35-39,new_vaccine,0.0,0.0,0.0,0.0
74,40-44,unvaccinated,1.374772708486752,5.8898217290508885,0.0,0.0
74,40-44,old_vaccine,0.0,0.0,0.0,0.0
74,40-44,new_vaccine,0.0,0.0,0.0,0.0
74,45-49,unvaccinated,0.3,9.047098982546837,0.0,0.0
74,45-49,old_vaccine,0.0,0.0,0.0,0.0
74,45-49,new_vaccine,0.0,0.0,0.0,0.0
74,50-54,unvaccinated,1.6613247725836144,8.73212459828649,0.0,0.0
74,50-54,old_vaccine,0.0,0.0,0.0,0.0
74,50-54,new_vaccine,0.0,0.0,0.0,0.0
74,55-59,unvaccinated,2.0591260281974004,7.764663547121663,0.3,0.0
74,55-59,old_vaccine,0.0,0.0,0.0,0.0
74,55-59,new_vaccine,0.0,0.0,0.0,0.0
74,60-64,unvaccinated,2.5865034312755113,6.151422599691879,0.3,0.0
74,60-64,old_vaccine,0.0,0.0,0.0,0.0
74,60-64,new_vaccine,0.0,0.0,0.0,0.0
74,65-69,unvaccinated,2.891366458960192,4.874423042781576,0.0,0.0
74,65-69,old_vaccine,0.0,0.0,0.0,0.0
74,65-69,new_vaccine,0.0,0.0,0.0,0.0
74,70-74,unvaccinated,3.726929030716845,2.2383029285599387,0.0,0.0
74,70-74,old_vaccine,0.0,0.0,0.0,0.0
74,70-74,new_vaccine,0.0,0.0,0.0,0.0
74,75+,unvaccinated,7.294518489934754,3.5440090293338704,0.3,0.0
74,75+,old_vaccine,0.0,0.0,0.0,0.0
74,75+,new_vaccine,0.0,0.0,0.0,0.0
75,0-4,unvaccinated,1.2041594578792296,5.575840743780262,0.0,0.0
75,0-4,old_vaccine,0.0,0.0,0.0,0.0
75,0-4,new_vaccine,0.0,0.0,0.0,0.0
75,5-9,unvaccinated,0.0,7.5630681604756145,0.0,0.0
75,5-9,old_vaccine,0.0,0.0,0.0,0.0
75,5-9,new_vaccine,0.0,0.0,0.0,0.0
75,10-14,unvaccinated,0.458257569495584,7.833262411026455,0.0,0.0
75,10-14,old_vaccine,0.0,0.0,0.0,0.0
75,10-14,new_vaccine,0.0,0.0,0.0,0.0
75,15-19,unvaccinated,0.3,6.708203932499369,0.0,0.0
75,15-19,old_vaccine,0.0,0.0,0.0,0.0
75,15-19,new_vaccine,0.0,0.0,0.0,0.0
75,20-24,unvaccinated,0.6999999999999998,9.126335518706288,0.0,0.0
75,20-24,old_vaccine,0.0,0.0,0.0,0.0
75,20-24,new_vaccine,0.0,0.0,0.0,0.0
75,25-29,unvaccinated,1.1357816691600549,10.901376059929312,0.0,0.0
75,25-29,old_vaccine,0.0,0.0,0.0,0.0
75,25-29,new_vaccine,0.0,0.0,0.0,0.0
75,30-34,unvaccinated,1.1135528725660047,10.186265262597475,0.0,0.0
75,30-34,old_vaccine,0.0,0.0,0.0,0.0
75,30-34,new_vaccine,0.0,0.0,0.0,0.0
75,35-39,unvaccinated,0.9433981132056604,12.49159717570175,0.0,0.0
75,35-39,old_vaccine,0.0,0.0,0.0,0.0
75,35-39,new_vaccine,0.0,0.0,0.0,0.0
75,40-44,unvaccinated,1.374772708486752,6.324555320336759,0.0,0.0
75,40-44,old_vaccine,0.0,0.0,0.0,0.0
75,40-44,new_vaccine,0.0,0.0,0.0,0.0
75,45-49,unvaccinated,0.3,8.718371407550839,0.0,0.0
75,45-49,old_vaccine,0.0,0.0,0.0,0.0
75,45-49,new_vaccine,0.0,0.0,0.0,0.0
75,50-54,unvaccinated,1.6613247725836144,8.991662805065591,0.0,0.0
75,50-54,old_vaccine,0.0,0.0,0.0,0.0
75,50-54,new_vaccine,0.0,0.0,0.0,0.0
75,55-59,unvaccinated,1.8466185312619388,7.942921376924234,0.3,0.0
75,55-59,old_vaccine,0.0,0.0,0.0,0.0
75,55-59,new_vaccine,0.0,0.0,0.0,0.0
75,60-64,unvaccinated,2.4413111231467406,6.209669878504007,0.3,0.0
75,60-64,old_vaccine,0.0,0.0,0.0,0.0
75,60-64,new_vaccine,0.0,0.0,0.0,0.0
75,65-69,unvaccinated,2.7586228448267436,4.853864439804639,0.0,0.0
75,65-69,old_vaccine,0.0,0.0,0.0,0.0
75,65-69,new_vaccine,0.0,0.0,0.0,0.0
75,70-74,unvaccinated,3.8587562763149466,2.2383029285599387,0.0,0.0
75,70-74,old_vaccine,0.0,0.0,0.0,0.0
75,70-74,new_vaccine,0.0,0.0,0.0,0.0
75,75+,unvaccinated,7.142128534267638,3.5057096285916205,0.3,0.0
75,75+,old_vaccine,0.0,0.0,0.0,0.0
75,75+,new_vaccine,0.0,0.0,0.0,0.0
76,0-4,unvaccinated,1.2041594578792296,5.455272678794342,0.0,0.0
76,0-4,old_vaccine,0.0,0.0,0.0,0.0
76,0-4,new_vaccine,0.0,0.0,0.0,0.0
76,5-9,unvaccinated,0.0,8.14186710773395,0.0,0.0
76,5-9,old_vaccine,0.0,0.0,0.0,0.0
76,5-9,new_vaccine,0.0,0.0,0.0,0.0
76,10-14,unvaccinated,0.458257569495584,7.47261667690776,0.0,0.0
76,10-14,old_vaccine,0.0,0.0,0.0,0.0
76,10-14,new_vaccine,0.0,0.0,0.0,0.0
76,15-19,unvaccinated,0.3,6.910861017268395,0.0,0.0
76,15-19,old_vaccine,0.0,0.0,0.0,0.0
76,15-19,new_vaccine,0.0,0.0,0.0,0.0
76,20-24,unvaccinated,0.6999999999999998,9.42814934120159,0.0,0.0
76,20-24,old_vaccine,0.0,0.0,0.0,0.0
76,20-24,new_vaccine,0.0,0.0,0.0,0.0
76,25-29,unvaccinated,1.1832159566199234,10.928860873851399,0.0,0.0
76,25-29,old_vaccine,0.0,0.0,0.0,0.0
76,25-29,new_vaccine,0.0,0.0,0.0,0.0
76,30-34,unvaccinated,1.0999999999999999,9.724196624914573,0.0,0.0
76,30-34,old_vaccine,0.0,0.0,0.0,0.0
76,30-34,new_vaccine,0.0,0.0,0.0,0.0
76,35-39,unvaccinated,0.9433981132056604,12.68897158953396,0.0,0.0
76,35-39,old_vaccine,0.0,0.0,0.0,0.0
76,35-39,new_vaccine,0.0,0.0,0.0,0.0
76,40-44,unvaccinated,1.3747727084867518,6.343500610861481,0.0,0.0
76,40-44,old_vaccine,0.0,0.0,0.0,0.0
76,40-44,new_vaccine,0.0,0.0,0.0,0.0
76,45-49,unvaccinated,0.4,8.67179335547152,0.0,0.0
76,45-49,old_vaccine,0.0,0.0,0.0,0.0
76,45-49,new_vaccine,0.0,0.0,0.0,0.0
76,50-54,unvaccinated,1.6613247725836144,8.74128137060008,0.0,0.0
76,50-54,old_vaccine,0.0,0.0,0.0,0.0
76,50-54,new_vaccine,0.0,0.0,0.0,0.0
76,55-59,unvaccinated,1.9595917942265424,7.687002016391047,0.3,0.0
76,55-59,old_vaccine,0.0,0.0,0.0,0.0
76,55-59,new_vaccine,0.0,0.0,0.0,0.0
76,60-64,unvaccinated,2.736786436680801,6.119640512317695,0.3,0.0
76,60-64,old_vaccine,0.0,0.0,0.0,0.0
76,60-64,new_vaccine,0.0,0.0,0.0,0.0
76,65-69,unvaccinated,2.68514431641951,4.5265881191025095,0.0,0.0
76,65-69,old_vaccine,0.0,0.0,0.0,0.0
76,65-69,new_vaccine,0.0,0.0,0.0,0.0
76,70-74,unvaccinated,4.044749683231338,2.1656407827707715,0.0,0.0
76,70-74,old_vaccine,0.0,0.0,0.0,0.0
76,70-74,new_vaccine,0.0,0.0,0.0,0.0
76,75+,unvaccinated,7.449161026585478,3.726929030716844,0.4,0.0
76,75+,old_vaccine,0.0,0.0,0.0,0.0
76,75+,new_vaccine,0.0,0.0,0.0,0.0
77,0-4,unvaccinated,1.2041594578792296,5.412023651093922,0.0,0.0
77,0-4,old_vaccine,0.0,0.0,0.0,0.0
77,0-4,new_vaccine,0.0,0.0,0.0,0.0
77,5-9,unvaccinated,0.0,8.423775875461075,0.0,0.0
77,5-9,old_vaccine,0.0,0.0,0.0,0.0
77,5-9,new_vaccine,0.0,0.0,0.0,0.0
77,10-14,unvaccinated,0.458257569495584,7.639371701913711,0.0,0.0
77,10-14,old_vaccine,0.0,0.0,0.0,0.0
77,10-14,new_vaccine,0.0,0.0,0.0,0.0
77,15-19,unvaccinated,0.0,7.166589146867568,0.0,0.0
77,15-19,old_vaccine,0.0,0.0,0.0,0.0
77,15-19,new_vaccine,0.0,0.0,0.0,0.0
77,20-24,unvaccinated,0.6999999999999998,9.757048734120374,0.0,0.0
77,20-24,old_vaccine,0.0,0.0,0.0,0.0
77,20-24,new_vaccine,0.0,0.0,0.0,0.0
77,25-29,unvaccinated,1.1832159566199234,10.956276739841867,0.0,0.0
77,25-29,old_vaccine,0.0,0.0,0.0,0.0
77,25-29,new_vaccine,0.0,0.0,0.0,0.0
77,30-34,unvaccinated,1.0999999999999999,9.108238029388561,0.0,0.0
77,30-34,old_vaccine,0.0,0.0,0.0,0.0
77,30-34,new_vaccine,0.0,0.0,0.0,0.0
77,35-39,unvaccinated,0.8306623862918073,12.837445228704969,0.0,0.0
77,35-39,old_vaccine,0.0,0.0,0.0,0.0
77,35-39,new_vaccine,0.0,0.0,0.0,0.0
77,40-44,unvaccinated,1.2206555615733703,6.359245238233858,0.0,0.0
77,40-44,old_vaccine,0.0,0.0,0.0,0.0
77,40-44,new_vaccine,0.0,0.0,0.0,0.0
77,45-49,unvaccinated,0.3,8.342661445845685,0.0,0.0
77,45-49,old_vaccine,0.0,0.0,0.0,0.0
77,45-49,new_vaccine,0.0,0.0,0.0,0.0
77,50-54,unvaccinated,1.7204650534085246,9.19565114605812,0.0,0.0
77,50-54,old_vaccine,0.0,0.0,0.0,0.0
77,50-54,new_vaccine,0.0,0.0,0.0,0.0
77,55-59,unvaccinated,1.9899748742132397,7.835815209663892,0.3,0.0
77,55-59,old_vaccine,0.0,0.0,0.0,0.0
77,55-59,new_vaccine,0.0,0.0,0.0,0.0
77,60-64,unvaccinated,2.8000000000000007,6.462197768561406,0.3,0.0
77,60-64,old_vaccine,0.0,0.0,0.0,0.0
77,60-64,new_vaccine,0.0,0.0,0.0,0.0
77,65-69,unvaccinated,2.8354893757515645,4.5265881191025095,0.0,0.0
77,65-69,old_vaccine,0.0,0.0,0.0,0.0
77,65-69,new_vaccine,0.0,0.0,0.0,0.0
77,70-74,unvaccinated,4.195235392680606,2.3430749027719964,0.0,0.0
77,70-74,old_vaccine,0.0,0.0,0.0,0.0
77,70-74,new_vaccine,0.0,0.0,0.0,0.0
77,75+,unvaccinated,7.634788798650556,3.699999999999999,0.4,0.0
77,75+,old_vaccine,0.0,0.0,0.0,0.0
77,75+,new_vaccine,0.0,0.0,0.0,0.0
78,0-4,unvaccinated,1.284523257866513,5.448853090330111,0.0,0.0
78,0-4,old_vaccine,0.0,0.0,0.0,0.0
78,0-4,new_vaccine,0.0,0.0,0.0,0.0
78,5-9,unvaccinated,0.0,8.07465169527454,0.0,0.0
78,5-9,old_vaccine,0.0,0.0,0.0,0.0
78,5-9,new_vaccine,0.0,0.0,0.0,0.0
78,10-14,unvaccinated,0.4898979485566356,7.710382610480494,0.0,0.0
78,10-14,old_vaccine,0.0,0.0,0.0,0.0
78,10-14,new_vaccine,0.0,0.0,0.0,0.0
78,15-19,unvaccinated,0.0,6.858571279792898,0.0,0.0
78,15-19,old_vaccine,0.0,0.0,0.0,0.0
78,15-19,new_vaccine,0.0,0.0,0.0,0.0
78,20-24,unvaccinated,0.44721359549995787,9.378699270154684,0.0,0.0
78,20-24,old_vaccine,0.0,0.0,0.0,0.0
78,20-24,new_vaccine,0.0,0.0,0.0,0.0
78,25-29,unvaccinated,1.077032961426901,11.162437009900662,0.0,0.0
78,25-29,old_vaccine,0.0,0.0,0.0,0.0
78,25-29,new_vaccine,0.0,0.0,0.0,0.0
78,30-34,unvaccinated,0.9797958971132712,9.368030742904294,0.0,0.0
78,30-34,old_vaccine,0.0,0.0,0.0,0.0
78,30-34,new_vaccine,0.0,0.0,0.0,0.0
78,35-39,unvaccinated,0.6999999999999998,12.49839989758689,0.0,0.0
78,35-39,old_vaccine,0.0,0.0,0.0,0.0
78,35-39,new_vaccine,0.0,0.0,0.0,0.0
78,40-44,unvaccinated,1.3416407864998738,6.029925372672537,0.0,0.0
78,40-44,old_vaccine,0.0,0.0,0.0,0.0
78,40-44,new_vaccine,0.0,0.0,0.0,0.0
78,45-49,unvaccinated,0.3,8.182909018191515,0.0,0.0
78,45-49,old_vaccine,0.0,0.0,0.0,0.0
78,45-49,new_vaccine,0.0,0.0,0.0,0.0
78,50-54,unvaccinated,1.7349351572897478,9.206519429187123,0.0,0.0
78,50-54,old_vaccine,0.0,0.0,0.0,0.0
78,50-54,new_vaccine,0.0,0.0,0.0,0.0
78,55-59,unvaccinated,1.8330302779823364,8.138795979750318,0.0,0.0
78,55-59,old_vaccine,0.0,0.0,0.0,0.0
78,55-59,new_vaccine,0.0,0.0,0.0,0.0
78,60-64,unvaccinated,3.072458299147444,6.177378084592197,0.3,0.0
78,60-64,old_vaccine,0.0,0.0,0.0,0.0
78,60-64,new_vaccine,0.0,0.0,0.0,0.0
78,65-69,unvaccinated,2.690724809414742,4.243819034784589,0.0,0.0
78,65-69,old_vaccine,0.0,0.0,0.0,0.0
78,65-69,new_vaccine,0.0,0.0,0.0,0.0
78,70-74,unvaccinated,4.148493702538306,2.1656407827707715,0.0,0.0
78,70-74,old_vaccine,0.0,0.0,0.0,0.0
78,70-74,new_vaccine,0.0,0.0,0.0,0.0
78,75+,unvaccinated,7.790378681424928,3.8935844667863573,0.4,0.0
78,75+,old_vaccine,0.0,0.0,0.0,0.0
78,75+,new_vaccine,0.0,0.0,0.0,0.0
79,0-4,unvaccinated,1.1999999999999997,5.444263035526479,0.0,0.0
79,0-4,old_vaccine,0.0,0.0,0.0,0.0
79,0-4,new_vaccine,0.0,0.0,0.0,0.0
79,5-9,unvaccinated,0.3,8.175573374387877,0.0,0.0
79,5-9,old_vaccine,0.0,0.0,0.0,0.0
79,5-9,new_vaccine,0.0,0.0,0.0,0.0
79,10-14,unvaccinated,0.4898979485566356,7.605261336732616,0.0,0.0
79,10-14,old_vaccine,0.0,0.0,0.0,0.0
79,10-14,new_vaccine,0.0,0.0,0.0,0.0
79,15-19,unvaccinated,0.0,6.694027188471825,0.0,0.0
79,15-19,old_vaccine,0.0,0.0,0.0,0.0
79,15-19,new_vaccine,0.0,0.0,0.0,0.0
79,20-24,unvaccinated,0.44721359549995787,9.53362470417207,0.0,0.0
79,20-24,old_vaccine,0.0,0.0,0.0,0.0
79,20-24,new_vaccine,0.0,0.0,0.0,0.0
79,25-29,unvaccinated,0.9433981132056605,11.21650569473399,0.0,0.0
79,25-29,old_vaccine,0.0,0.0,0.0,0.0
79,25-29,new_vaccine,0.0,0.0,0.0,0.0
79,30-34,unvaccinated,0.9797958971132712,9.516301802696255,0.0,0.0
79,30-34,old_vaccine,0.0,0.0,0.0,0.0
79,30-34,new_vaccine,0.0,0.0,0.0,0.0
79,35-39,unvaccinated,0.8306623862918073,12.448293055676348,0.0,0.0
79,35-39,old_vaccine,0.0,0.0,0.0,0.0
79,35-39,new_vaccine,0.0,0.0,0.0,0.0
79,40-44,unvaccinated,1.3416407864998738,6.082762530298219,0.0,0.0
79,40-44,old_vaccine,0.0,0.0,0.0,0.0
79,40-44,new_vaccine,0.0,0.0,0.0,0.0
79,45-49,unvaccinated,0.3,8.44748483277715,0.0,0.0
79,45-49,old_vaccine,0.0,0.0,0.0,0.0
79,45-49,new_vaccine,0.0,0.0,0.0,0.0
79,50-54,unvaccinated,1.6248076809271923,9.346657156438337,0.0,0.0
79,50-54,old_vaccine,0.0,0.0,0.0,0.0
79,50-54,new_vaccine,0.0,0.0,0.0,0.0
79,55-59,unvaccinated,2.002498439450078,8.786922100485473,0.0,0.0
79,55-59,old_vaccine,0.0,0.0,0.0,0.0
79,55-59,new_vaccine,0.0,0.0,0.0,0.0
79,60-64,unvaccinated,3.1559467676119,5.957348403442593,0.3,0.0
79,60-64,old_vaccine,0.0,0.0,0.0,0.0
79,60-64,new_vaccine,0.0,0.0,0.0,0.0
79,65-69,unvaccinated,2.65329983228432,4.317406628984581,0.0,0.0
79,65-69,old_vaccine,0.0,0.0,0.0,0.0
79,65-69,new_vaccine,0.0,0.0,0.0,0.0
79,70-74,unvaccinated,4.054626986542658,2.3853720883753127,0.0,0.0
79,70-74,old_vaccine,0.0,0.0,0.0,0.0
79,70-74,new_vaccine,0.0,0.0,0.0,0.0
79,75+,unvaccinated,7.937253933193772,3.929376540877701,0.4,0.0
79,75+,old_vaccine,0.0,0.0,0.0,0.0
79,75+,new_vaccine,0.0,0.0,0.0,0.0
80,0-4,unvaccinated,1.1999999999999997,5.485435260760991,0.0,0.0
80,0-4,old_vaccine,0.0,0.0,0.0,0.0
80,0-4,new_vaccine,0.0,0.0,0.0,0.0
80,5-9,unvaccinated,0.3,7.51065909225016,0.0,0.0
80,5-9,old_vaccine,0.0,0.0,0.0,0.0
80,5-9,new_vaccine,0.0,0.0,0.0,0.0
80,10-14,unvaccinated,0.4898979485566356,7.381734213584231,0.0,0.0
80,10-14,old_vaccine,0.0,0.0,0.0,0.0
80,10-14,new_vaccine,0.0,0.0,0.0,0.0
80,15-19,unvaccinated,0.0,6.391400472509917,0.0,0.0
80,15-19,old_vaccine,0.0,0.0,0.0,0.0
80,15-19,new_vaccine,0.0,0.0,0.0,0.0
80,20-24,unvaccinated,0.5385164807134503,9.23038460737146,0.0,0.0
80,20-24,old_vaccine,0.0,0.0,0.0,0.0
80,20-24,new_vaccine,0.0,0.0,0.0,0.0
80,25-29,unvaccinated,0.8944271909999157,11.408768557561329,0.0,0.0
80,25-29,old_vaccine,0.0,0.0,0.0,0.0
80,25-29,new_vaccine,0.0,0.0,0.0,0.0
80,30-34,unvaccinated,0.9433981132056604,9.220086767487603,0.0,0.0
80,30-34,old_vaccine,0.0,0.0,0.0,0.0
80,30-34,new_vaccine,0.0,0.0,0.0,0.0
80,35-39,unvaccinated,0.8717797887081349,12.364869590901469,0.0,0.0
80,35-39,old_vaccine,0.0,0.0,0.0,0.0
80,35-39,new_vaccine,0.0,0.0,0.0,0.0
80,40-44,unvaccinated,1.3416407864998738,5.838664230798,0.0,0.0
80,40-44,old_vaccine,0.0,0.0,0.0,0.0
80,40-44,new_vaccine,0.0,0.0,0.0,0.0
80,45-49,unvaccinated,0.4,8.508818954473057,0.0,0.0
80,45-49,old_vaccine,0.0,0.0,0.0,0.0
80,45-49,new_vaccine,0.0,0.0,0.0,0.0
80,50-54,unvaccinated,1.2806248474865694,8.971621926942754,0.0,0.0
80,50-54,old_vaccine,0.0,0.0,0.0,0.0
80,50-54,new_vaccine,0.0,0.0,0.0,0.0
80,55-59,unvaccinated,2.0099751242241783,8.73212459828649,0.0,0.0
80,55-59,old_vaccine,0.0,0.0,0.0,0.0
80,55-59,new_vaccine,0.0,0.0,0.0,0.0
80,60-64,unvaccinated,3.2388269481403285,6.155485358604959,0.458257569495584,0.0
80,60-64,old_vaccine,0.0,0.0,0.0,0.0
80,60-64,new_vaccine,0.0,0.0,0.0,0.0
80,65-69,unvaccinated,2.609597670139977,4.054626986542658,0.0,0.0
80,65-69,old_vaccine,0.0,0.0,0.0,0.0
80,65-69,new_vaccine,0.0,0.0,0.0,0.0
80,70-74,unvaccinated,4.142463035441597,2.3853720883753127,0.0,0.0
80,70-74,old_vaccine,0.0,0.0,0.0,0.0
80,70-74,new_vaccine,0.0,0.0,0.0,0.0
80,75+,unvaccinated,8.148619514985345,3.879432948254164,0.4,0.0
80,75+,old_vaccine,0.0,0.0,0.0,0.0
80,75+,new_vaccine,0.0,0.0,0.0,0.0
81,0-4,unvaccinated,1.1999999999999997,5.287721626560912,0.0,0.0
81,0-4,old_vaccine,0.0,0.0,0.0,0.0
81,0-4,new_vaccine,0.0,0.0,0.0,0.0
81,5-9,unvaccinated,0.3,7.144228439796698,0.0,0.0
81,5-9,old_vaccine,0.0,0.0,0.0,0.0
81,5-9,new_vaccine,0.0,0.0,0.0,0.0
81,10-14,unvaccinated,0.4898979485566356,7.142128534267638,0.0,0.0
81,10-14,old_vaccine,0.0,0.0,0.0,0.0
81,10-14,new_vaccine,0.0,0.0,0.0,0.0
81,15-19,unvaccinated,0.3,6.053098380168624,0.0,0.0
81,15-19,old_vaccine,0.0,0.0,0.0,0.0
81,15-19,new_vaccine,0.0,0.0,0.0,0.0
81,20-24,unvaccinated,0.5385164807134503,9.088454214001413,0.0,0.0
81,20-24,old_vaccine,0.0,0.0,0.0,0.0
81,20-24,new_vaccine,0.0,0.0,0.0,0.0
81,25-29,unvaccinated,0.8944271909999157,11.196428001822722,0.0,0.0
81,25-29,old_vaccine,0.0,0.0,0.0,0.0
81,25-29,new_vaccine,0.0,0.0,0.0,0.0
81,30-34,unvaccinated,1.077032961426901,9.476813810558905,0.0,0.0
81,30-34,old_vaccine,0.0,0.0,0.0,0.0
81,30-34,new_vaccine,0.0,0.0,0.0,0.0
81,35-39,unvaccinated,1.077032961426901,12.48559169603107,0.0,0.0
81,35-39,old_vaccine,0.0,0.0,0.0,0.0
81,35-39,new_vaccine,0.0,0.0,0.0,0.0
81,40-44,unvaccinated,1.3416407864998738,5.2952809179494915,0.0,0.0
81,40-44,old_vaccine,0.0,0.0,0.0,0.0
81,40-44,new_vaccine,0.0,0.0,0.0,0.0
81,45-49,unvaccinated,0.4,8.299999999999999,0.0,0.0
81,45-49,old_vaccine,0.0,0.0,0.0,0.0
81,45-49,new_vaccine,0.0,0.0,0.0,0.0
81,50-54,unvaccinated,1.118033988749895,9.36002136749698,0.0,0.0
81,50-54,old_vaccine,0.0,0.0,0.0,0.0
81,50-54,new_vaccine,0.0,0.0,0.0,0.0
81,55-59,unvaccinated,1.9621416870348587,8.309031231136396,0.0,0.0
81,55-59,old_vaccine,0.0,0.0,0.0,0.0
81,55-59,new_vaccine,0.0,0.0,0.0,0.0
81,60-64,unvaccinated,3.080584360149873,6.26418390534633,0.458257569495584,0.0
81,60-64,old_vaccine,0.0,0.0,0.0,0.0
81,60-64,new_vaccine,0.0,0.0,0.0,0.0
81,65-69,unvaccinated,2.282542442102665,4.31740662898458,0.0,0.0
81,65-69,old_vaccine,0.0,0.0,0.0,0.0
81,65-69,new_vaccine,0.0,0.0,0.0,0.0
81,70-74,unvaccinated,3.8935844667863586,2.3259406699226015,0.0,0.0
81,70-74,old_vaccine,0.0,0.0,0.0,0.0
81,70-74,new_vaccine,0.0,0.0,0.0,0.0
81,75+,unvaccinated,8.089499366462674,4.075536774462966,0.3,0.0
81,75+,old_vaccine,0.0,0.0,0.0,0.0
81,75+,new_vaccine,0.0,0.0,0.0,0.0
82,0-4,unvaccinated,1.2688577540449522,5.407402333838308,0.0,0.0
82,0-4,old_vaccine,0.0,0.0,0.0,0.0
82,0-4,new_vaccine,0.0,0.0,0.0,0.0
82,5-9,unvaccinated,0.3,6.609841147864296,0.0,0.0
82,5-9,old_vaccine,0.0,0.0,0.0,0.0
82,5-9,new_vaccine,0.0,0.0,0.0,0.0
82,10-14,unvaccinated,0.4898979485566356,7.416872656315463,0.0,0.0
82,10-14,old_vaccine,0.0,0.0,0.0,0.0
82,10-14,new_vaccine,0.0,0.0,0.0,0.0
82,15-19,unvaccinated,0.3,6.1652250567193425,0.0,0.0
82,15-19,old_vaccine,0.0,0.0,0.0,0.0
82,15-19,new_vaccine,0.0,0.0,0.0,0.0
82,20-24,unvaccinated,0.4000000000000002,8.426743143112883,0.0,0.0
82,20-24,old_vaccine,0.0,0.0,0.0,0.0
82,20-24,new_vaccine,0.0,0.0,0.0,0.0
82,25-29,unvaccinated,0.9433981132056602,11.05667219374799,0.0,0.0
82,25-29,old_vaccine,0.0,0.0,0.0,0.0
82,25-29,new_vaccine,0.0,0.0,0.0,0.0
82,30-34,unvaccinated,0.8306623862918074,9.856977224281284,0.0,0.0
82,30-34,old_vaccine,0.0,0.0,0.0,0.0
82,30-34,new_vaccine,0.0,0.0,0.0,0.0
82,35-39,unvaccinated,1.077032961426901,12.461540835707277,0.0,0.0
82,35-39,old_vaccine,0.0,0.0,0.0,0.0
82,35-39,new_vaccine,0.0,0.0,0.0,0.0
82,40-44,unvaccinated,1.2206555615733703,5.448853090330111,0.0,0.0
82,40-44,old_vaccine,0.0,0.0,0.0,0.0
82,40-44,new_vaccine,0.0,0.0,0.0,0.0
82,45-49,unvaccinated,0.5,7.8924014089502545,0.0,0.0
82,45-49,old_vaccine,0.0,0.0,0.0,0.0
82,45-49,new_vaccine,0.0,0.0,0.0,0.0
82,50-54,unvaccinated,1.2688577540449517,9.436100889668358,0.0,0.0
82,50-54,old_vaccine,0.0,0.0,0.0,0.0
82,50-54,new_vaccine,0.0,0.0,0.0,0.0
82,55-59,unvaccinated,1.7435595774162698,8.27284715197857,0.0,0.0
82,55-59,old_vaccine,0.0,0.0,0.0,0.0
82,55-59,new_vaccine,0.0,0.0,0.0,0.0
82,60-64,unvaccinated,3.033150177620621,5.728001396647877,0.458257569495584,0.0
82,60-64,old_vaccine,0.0,0.0,0.0,0.0
82,60-64,new_vaccine,0.0,0.0,0.0,0.0
82,65-69,unvaccinated,2.3259406699226006,4.548626166217664,0.0,0.0
82,65-69,old_vaccine,0.0,0.0,0.0,0.0
82,65-69,new_vaccine,0.0,0.0,0.0,0.0
82,70-74,unvaccinated,3.6276714294434123,2.41039415863879,0.0,0.0
82,70-74,old_vaccine,0.0,0.0,0.0,0.0
82,70-74,new_vaccine,0.0,0.0,0.0,0.0
82,75+,unvaccinated,8.077747210701755,4.079215610874229,0.0,0.0
82,75+,old_vaccine,0.0,0.0,0.0,0.0
82,75+,new_vaccine,0.0,0.0,0.0,0.0
83,0-4,unvaccinated,0.9797958971132712,5.223983154643591,0.0,0.0
83,0-4,old_vaccine,0.0,0.0,0.0,0.0
83,0-4,new_vaccine,0.0,0.0,0.0,0.0
83,5-9,unvaccinated,0.3,6.74981481227448,0.0,0.0
83,5-9,old_vaccine,0.0,0.0,0.0,0.0
83,5-9,new_vaccine,0.0,0.0,0.0,0.0
83,10-14,unvaccinated,0.4898979485566356,7.46993975879324,0.0,0.0
83,10-14,old_vaccine,0.0,0.0,0.0,0.0
83,10-14,new_vaccine,0.0,0.0,0.0,0.0
83,15-19,unvaccinated,0.3,6.007495318350236,0.0,0.0
83,15-19,old_vaccine,0.0,0.0,0.0,0.0
83,15-19,new_vaccine,0.0,0.0,0.0,0.0
83,20-24,unvaccinated,0.4000000000000002,9.476286192385707,0.0,0.0
83,20-24,old_vaccine,0.0,0.0,0.0,0.0
83,20-24,new_vaccine,0.0,0.0,0.0,0.0
83,25-29,unvaccinated,0.8306623862918072,11.472140166507728,0.0,0.0
83,25-29,old_vaccine,0.0,0.0,0.0,0.0
83,25-29,new_vaccine,0.0,0.0,0.0,0.0
83,30-34,unvaccinated,0.8306623862918074,10.22985825903761,0.0,0.0
83,30-34,old_vaccine,0.0,0.0,0.0,0.0
83,30-34,new_vaccine,0.0,0.0,0.0,0.0
83,35-39,unvaccinated,1.1874342087037917,12.411285187280166,0.0,0.0
83,35-39,old_vaccine,0.0,0.0,0.0,0.0
83,35-39,new_vaccine,0.0,0.0,0.0,0.0
83,40-44,unvaccinated,1.2206555615733703,5.441507144165118,0.0,0.0
83,40-44,old_vaccine,0.0,0.0,0.0,0.0
83,40-44,new_vaccine,0.0,0.0,0.0,0.0
83,45-49,unvaccinated,0.5,8.619164692706597,0.0,0.0
83,45-49,old_vaccine,0.0,0.0,0.0,0.0
83,45-49,new_vaccine,0.0,0.0,0.0,0.0
83,50-54,unvaccinated,1.1135528725660038,9.2,0.0,0.0
83,50-54,old_vaccine,0.0,0.0,0.0,0.0
83,50-54,new_vaccine,0.0,0.0,0.0,0.0
83,55-59,unvaccinated,1.6613247725836144,8.497646733066752,0.0,0.0
83,55-59,old_vaccine,0.0,0.0,0.0,0.0
83,55-59,new_vaccine,0.0,0.0,0.0,0.0
83,60-64,unvaccinated,2.8982753492378874,5.023942674832189,0.458257569495584,0.0
83,60-64,old_vaccine,0.0,0.0,0.0,0.0
83,60-64,new_vaccine,0.0,0.0,0.0,0.0
83,65-69,unvaccinated,2.4899799195977463,4.337049688440288,0.0,0.0
83,65-69,old_vaccine,0.0,0.0,0.0,0.0
83,65-69,new_vaccine,0.0,0.0,0.0,0.0
83,70-74,unvaccinated,3.330165161069342,2.3151673805580453,0.0,0.0
83,70-74,old_vaccine,0.0,0.0,0.0,0.0
83,70-74,new_vaccine,0.0,0.0,0.0,0.0
83,75+,unvaccinated,7.937883848986455,4.079215610874229,0.0,0.0
83,75+,old_vaccine,0.0,0.0,0.0,0.0
83,75+,new_vaccine,0.0,0.0,0.0,0.0
84,0-4,unvaccinated,0.9000000000000002,5.276362383309168,0.0,0.0
84,0-4,old_vaccine,0.0,0.0,0.0,0.0
84,0-4,new_vaccine,0.0,0.0,0.0,0.0
84,5-9,unvaccinated,0.3,6.6370174024180475,0.0,0.0
84,5-9,old_vaccine,0.0,0.0,0.0,0.0
84,5-9,new_vaccine,0.0,0.0,0.0,0.0
84,10-14,unvaccinated,0.458257569495584,7.725930364687482,0.0,0.0
84,10-14,old_vaccine,0.0,0.0,0.0,0.0
84,10-14,new_vaccine,0.0,0.0,0.0,0.0
84,15-19,unvaccinated,0.3,5.604462507680823,0.0,0.0
84,15-19,old_vaccine,0.0,0.0,0.0,0.0
84,15-19,new_vaccine,0.0,0.0,0.0,0.0
84,20-24,unvaccinated,0.4000000000000002,9.325234581499812,0.0,0.0
84,20-24,old_vaccine,0.0,0.0,0.0,0.0
84,20-24,new_vaccine,0.0,0.0,0.0,0.0
84,25-29,unvaccinated,1.019803902718557,11.842297074469972,0.0,0.0
84,25-29,old_vaccine,0.0,0.0,0.0,0.0
84,25-29,new_vaccine,0.0,0.0,0.0,0.0
84,30-34,unvaccinated,0.8717797887081346,10.857716150277646,0.0,0.0
84,30-34,old_vaccine,0.0,0.0,0.0,0.0
84,30-34,new_vaccine,0.0,0.0,0.0,0.0
84,35-39,unvaccinated,1.16619037896906,12.437443467208201,0.0,0.0
84,35-39,old_vaccine,0.0,0.0,0.0,0.0
84,35-39,new_vaccine,0.0,0.0,0.0,0.0
84,40-44,unvaccinated,1.2206555615733703,5.5217750769114105,0.0,0.0
84,40-44,old_vaccine,0.0,0.0,0.0,0.0
84,40-44,new_vaccine,0.0,0.0,0.0,0.0
84,45-49,unvaccinated,0.5,8.708616422830895,0.0,0.0
84,45-49,old_vaccine,0.0,0.0,0.0,0.0
84,45-49,new_vaccine,0.0,0.0,0.0,0.0
84,50-54,unvaccinated,1.2688577540449517,9.123595782365632,0.0,0.0
84,50-54,old_vaccine,0.0,0.0,0.0,0.0
84,50-54,new_vaccine,0.0,0.0,0.0,0.0
84,55-59,unvaccinated,1.7578395831246945,8.529947244854448,0.0,0.0
84,55-59,old_vaccine,0.0,0.0,0.0,0.0
84,55-59,new_vaccine,0.0,0.0,0.0,0.0
84,60-64,unvaccinated,2.8982753492378874,5.276362383309168,0.458257569495584,0.0
84,60-64,old_vaccine,0.0,0.0,0.0,0.0
84,60-64,new_vaccine,0.0,0.0,0.0,0.0
84,65-69,unvaccinated,2.683281572999748,4.422668877499196,0.0,0.0
84,65-69,old_vaccine,0.0,0.0,0.0,0.0
84,65-69,new_vaccine,0.0,0.0,0.0,0.0
84,70-74,unvaccinated,3.1953090617340907,2.4269322199023198,0.0,0.0
84,70-74,old_vaccine,0.0,0.0,0.0,0.0
84,70-74,new_vaccine,0.0,0.0,0.0,0.0
84,75+,unvaccinated,7.9145435749637505,3.9698866482558413,0.0,0.0
84,75+,old_vaccine,0.0,0.0,0.0,0.0
84,75+,new_vaccine,0.0,0.0,0.0,0.0
85,0-4,unvaccinated,0.9000000000000002,5.281098370604358,0.0,0.0
85,0-4,old_vaccine,0.0,0.0,0.0,0.0
85,0-4,new_vaccine,0.0,0.0,0.0,0.0
85,5-9,unvaccinated,0.3,6.7260686883200975,0.0,0.0
85,5-9,old_vaccine,0.0,0.0,0.0,0.0
85,5-9,new_vaccine,0.0,0.0,0.0,0.0
85,10-14,unvaccinated,0.458257569495584,8.18840643837371,0.0,0.0
85,10-14,old_vaccine,0.0,0.0,0.0,0.0
85,10-14,new_vaccine,0.0,0.0,0.0,0.0
85,15-19,unvaccinated,0.3,5.713142742834279,0.0,0.0
85,15-19,old_vaccine,0.0,0.0,0.0,0.0
85,15-19,new_vaccine,0.0,0.0,0.0,0.0
85,20-24,unvaccinated,0.4000000000000002,9.113177272499422,0.0,0.0
85,20-24,old_vaccine,0.0,0.0,0.0,0.0
85,20-24,new_vaccine,0.0,0.0,0.0,0.0
85,25-29,unvaccinated,1.1135528725660044,11.762652762026091,0.0,0.0
85,25-29,old_vaccine,0.0,0.0,0.0,0.0
85,25-29,new_vaccine,0.0,0.0,0.0,0.0
85,30-34,unvaccinated,0.8717797887081346,11.373653766490346,0.0,0.0
85,30-34,old_vaccine,0.0,0.0,0.0,0.0
85,30-34,new_vaccine,0.0,0.0,0.0,0.0
85,35-39,unvaccinated,1.345362404707371,13.141156722298078,0.0,0.0
85,35-39,old_vaccine,0.0,0.0,0.0,0.0
85,35-39,new_vaccine,0.0,0.0,0.0,0.0
85,40-44,unvaccinated,1.2206555615733703,5.539855593785816,0.0,0.0
85,40-44,old_vaccine,0.0,0.0,0.0,0.0
85,40-44,new_vaccine,0.0,0.0,0.0,0.0
85,45-49,unvaccinated,0.5,8.627861844049196,0.0,0.0
85,45-49,old_vaccine,0.0,0.0,0.0,0.0
85,45-49,new_vaccine,0.0,0.0,0.0,0.0
85,50-54,unvaccinated,1.743559577416269,9.24175308044962,0.0,0.0
85,50-54,old_vaccine,0.0,0.0,0.0,0.0
85,50-54,new_vaccine,0.0,0.0,0.0,0.0
85,55-59,unvaccinated,1.8138357147217052,8.221921916437788,0.0,0.0
85,55-59,old_vaccine,0.0,0.0,0.0,0.0
85,55-59,new_vaccine,0.0,0.0,0.0,0.0
85,60-64,unvaccinated,2.85657137141714,5.161395160225575,0.4,0.0
85,60-64,old_vaccine,0.0,0.0,0.0,0.0
85,60-64,new_vaccine,0.0,0.0,0.0,0.0
85,65-69,unvaccinated,3.1240998703626612,4.556314299957807,0.0,0.0
85,65-69,old_vaccine,0.0,0.0,0.0,0.0
85,65-69,new_vaccine,0.0,0.0,0.0,0.0
85,70-74,unvaccinated,3.072458299147444,2.256102834535696,0.0,0.0
85,70-74,old_vaccine,0.0,0.0,0.0,0.0
85,70-74,new_vaccine,0.0,0.0,0.0,0.0
85,75+,unvaccinated,7.733692520394121,3.8935844667863573,0.0,0.0
85,75+,old_vaccine,0.0,0.0,0.0,0.0
85,75+,new_vaccine,0.0,0.0,0.0,0.0
86,0-4,unvaccinated,1.0198039027185568,5.535341001239219,0.0,0.0
86,0-4,old_vaccine,0.0,0.0,0.0,0.0
86,0-4,new_vaccine,0.0,0.0,0.0,0.0
86,5-9,unvaccinated,0.3,7.335529974037325,0.0,0.0
86,5-9,old_vaccine,0.0,0.0,0.0,0.0
86,5-9,new_vaccine,0.0,0.0,0.0,0.0
86,10-14,unvaccinated,0.4898979485566356,8.296987405076617,0.0,0.0
86,10-14,old_vaccine,0.0,0.0,0.0,0.0
86,10-14,new_vaccine,0.0,0.0,0.0,0.0
86,15-19,unvaccinated,0.3,6.296030495478877,0.0,0.0
86,15-19,old_vaccine,0.0,0.0,0.0,0.0
86,15-19,new_vaccine,0.0,0.0,0.0,0.0
86,20-24,unvaccinated,0.4000000000000002,9.209234495874236,0.0,0.0
86,20-24,old_vaccine,0.0,0.0,0.0,0.0
86,20-24,new_vaccine,0.0,0.0,0.0,0.0
86,25-29,unvaccinated,1.1135528725660044,11.747765745025731,0.0,0.0
86,25-29,old_vaccine,0.0,0.0,0.0,0.0
86,25-29,new_vaccine,0.0,0.0,0.0,0.0
86,30-34,unvaccinated,0.8306623862918074,11.065260954898443,0.0,0.0
86,30-34,old_vaccine,0.0,0.0,0.0,0.0
86,30-34,new_vaccine,0.0,0.0,0.0,0.0
86,35-39,unvaccinated,1.268857754044952,13.023440405668538,0.0,0.0
86,35-39,old_vaccine,0.0,0.0,0.0,0.0
86,35-39,new_vaccine,0.0,0.0,0.0,0.0
86,40-44,unvaccinated,1.2206555615733703,5.761944116355172,0.0,0.0
86,40-44,old_vaccine,0.0,0.0,0.0,0.0
86,40-44,new_vaccine,0.0,0.0,0.0,0.0
86,45-49,unvaccinated,0.4898979485566356,8.866228059327144,0.0,0.0
86,45-49,old_vaccine,0.0,0.0,0.0,0.0
86,45-49,new_vaccine,0.0,0.0,0.0,0.0
86,50-54,unvaccinated,1.743559577416269,8.926925562588721,0.0,0.0
86,50-54,old_vaccine,0.0,0.0,0.0,0.0
86,50-54,new_vaccine,0.0,0.0,0.0,0.0
86,55-59,unvaccinated,2.071231517720798,7.603288762108145,0.0,0.0
86,55-59,old_vaccine,0.0,0.0,0.0,0.0
86,55-59,new_vaccine,0.0,0.0,0.0,0.0
86,60-64,unvaccinated,2.6,5.423098745182499,0.4,0.0
86,60-64,old_vaccine,0.0,0.0,0.0,0.0
86,60-64,new_vaccine,0.0,0.0,0.0,0.0
86,65-69,unvaccinated,3.187475490101846,4.48998886412873,0.0,0.0
86,65-69,old_vaccine,0.0,0.0,0.0,0.0
86,65-69,new_vaccine,0.0,0.0,0.0,0.0
86,70-74,unvaccinated,3.413209633175203,2.4899799195977463,0.0,0.0
86,70-74,old_vaccine,0.0,0.0,0.0,0.0
86,70-74,new_vaccine,0.0,0.0,0.0,0.0
86,75+,unvaccinated,7.255342858886821,4.075536774462966,0.0,0.0
86,75+,old_vaccine,0.0,0.0,0.0,0.0
86,75+,new_vaccine,0.0,0.0,0.0,0.0
87,0-4,unvaccinated,0.9219544457292888,5.220153254455275,0.0,0.0
87,0-4,old_vaccine,0.0,0.0,0.0,0.0
87,0-4,new_vaccine,0.0,0.0,0.0,0.0
87,5-9,unvaccinated,0.3,7.362744053679987,0.0,0.0
87,5-9,old_vaccine,0.0,0.0,0.0,0.0
87,5-9,new_vaccine,0.0,0.0,0.0,0.0
87,10-14,unvaccinated,0.4898979485566356,8.642337646724984,0.0,0.0
87,10-14,old_vaccine,0.0,0.0,0.0,0.0
87,10-14,new_vaccine,0.0,0.0,0.0,0.0
87,15-19,unvaccinated,0.3,6.576473218982953,0.0,0.0
87,15-19,old_vaccine,0.0,0.0,0.0,0.0
87,15-19,new_vaccine,0.0,0.0,0.0,0.0
87,20-24,unvaccinated,0.4000000000000002,9.434511116109832,0.0,0.0
87,20-24,old_vaccine,0.0,0.0,0.0,0.0
87,20-24,new_vaccine,0.0,0.0,0.0,0.0
87,25-29,unvaccinated,1.0770329614269005,12.026637102698322,0.0,0.0
87,25-29,old_vaccine,0.0,0.0,0.0,0.0
87,25-29,new_vaccine,0.0,0.0,0.0,0.0
87,30-34,unvaccinated,0.6999999999999998,10.86093918590837,0.0,0.0
87,30-34,old_vaccine,0.0,0.0,0.0,0.0
87,30-34,new_vaccine,0.0,0.0,0.0,0.0
87,35-39,unvaccinated,1.0999999999999999,12.859237924542807,0.0,0.0
87,35-39,old_vaccine,0.0,0.0,0.0,0.0
87,35-39,new_vaccine,0.0,0.0,0.0,0.0
87,40-44,unvaccinated,1.3266499161421599,5.635601121442149,0.0,0.0
87,40-44,old_vaccine,0.0,0.0,0.0,0.0
87,40-44,new_vaccine,0.0,0.0,0.0,0.0
87,45-49,unvaccinated,0.458257569495584,8.845337754998395,0.0,0.0
87,45-49,old_vaccine,0.0,0.0,0.0,0.0
87,45-49,new_vaccine,0.0,0.0,0.0,0.0
87,50-54,unvaccinated,1.5524174696260025,9.209234495874236,0.0,0.0
87,50-54,old_vaccine,0.0,0.0,0.0,0.0
87,50-54,new_vaccine,0.0,0.0,0.0,0.0
87,55-59,unvaccinated,2.0396078054371136,7.877182237323193,0.0,0.0
87,55-59,old_vaccine,0.0,0.0,0.0,0.0
87,55-59,new_vaccine,0.0,0.0,0.0,0.0
87,60-64,unvaccinated,3.0016662039607267,5.2345009313209605,0.3,0.0
87,60-64,old_vaccine,0.0,0.0,0.0,0.0
87,60-64,new_vaccine,0.0,0.0,0.0,0.0
87,65-69,unvaccinated,3.0983866769659336,4.3999999999999995,0.0,0.0
87,65-69,old_vaccine,0.0,0.0,0.0,0.0
87,65-69,new_vaccine,0.0,0.0,0.0,0.0
87,70-74,unvaccinated,3.231098884280703,2.5475478405714,0.0,0.0
87,70-74,old_vaccine,0.0,0.0,0.0,0.0
87,70-74,new_vaccine,0.0,0.0,0.0,0.0
87,75+,unvaccinated,6.974955196988724,3.9799497484264794,0.0,0.0
87,75+,old_vaccine,0.0,0.0,0.0,0.0
87,75+,new_vaccine,0.0,0.0,0.0,0.0
88,0-4,unvaccinated,0.7999999999999998,5.838664230798,0.0,0.0
88,0-4,old_vaccine,0.0,0.0,0.0,0.0
88,0-4,new_vaccine,0.0,0.0,0.0,0.0
88,5-9,unvaccinated,0.4,7.707788269017252,0.0,0.0
88,5-9,old_vaccine,0.0,0.0,0.0,0.0
88,5-9,new_vaccine,0.0,0.0,0.0,0.0
88,10-14,unvaccinated,0.4898979485566356,8.619164692706594,0.0,0.0
88,10-14,old_vaccine,0.0,0.0,0.0,0.0
88,10-14,new_vaccine,0.0,0.0,0.0,0.0
88,15-19,unvaccinated,0.3,6.378871373526825,0.0,0.0
88,15-19,old_vaccine,0.0,0.0,0.0,0.0
88,15-19,new_vaccine,0.0,0.0,0.0,0.0
88,20-24,unvaccinated,0.29999999999999993,8.84533775499839,0.0,0.0
88,20-24,old_vaccine,0.0,0.0,0.0,0.0
88,20-24,new_vaccine,0.0,0.0,0.0,0.0
88,25-29,unvaccinated,1.1661903789690597,11.867602959317441,0.0,0.0
88,25-29,old_vaccine,0.0,0.0,0.0,0.0
88,25-29,new_vaccine,0.0,0.0,0.0,0.0
88,30-34,unvaccinated,0.6999999999999998,11.049434374663708,0.0,0.0
88,30-34,old_vaccine,0.0,0.0,0.0,0.0
88,30-34,new_vaccine,0.0,0.0,0.0,0.0
88,35-39,unvaccinated,1.2806248474865698,12.601983970788094,0.0,0.0
88,35-39,old_vaccine,0.0,0.0,0.0,0.0
88,35-39,new_vaccine,0.0,0.0,0.0,0.0
88,40-44,unvaccinated,1.3266499161421599,5.717516943569123,0.0,0.0
88,40-44,old_vaccine,0.0,0.0,0.0,0.0
88,40-44,new_vaccine,0.0,0.0,0.0,0.0
88,45-49,unvaccinated,0.458257569495584,8.99110671719561,0.0,0.0
88,45-49,old_vaccine,0.0,0.0,0.0,0.0
88,45-49,new_vaccine,0.0,0.0,0.0,0.0
88,50-54,unvaccinated,1.5524174696260025,9.180958555619343,0.0,0.0
88,50-54,old_vaccine,0.0,0.0,0.0,0.0
88,50-54,new_vaccine,0.0,0.0,0.0,0.0
88,55-59,unvaccinated,2.1447610589527217,7.833262411026457,0.0,0.0
88,55-59,old_vaccine,0.0,0.0,0.0,0.0
88,55-59,new_vaccine,0.0,0.0,0.0,0.0
88,60-64,unvaccinated,2.9597297173897488,5.381449618829482,0.3,0.0
88,60-64,old_vaccine,0.0,0.0,0.0,0.0
88,60-64,new_vaccine,0.0,0.0,0.0,0.0
88,65-69,unvaccinated,3.1559467676118995,4.243819034784589,0.0,0.0
88,65-69,old_vaccine,0.0,0.0,0.0,0.0
88,65-69,new_vaccine,0.0,0.0,0.0,0.0
88,70-74,unvaccinated,3.1764760348537178,2.959729717389748,0.0,0.0
88,70-74,old_vaccine,0.0,0.0,0.0,0.0
88,70-74,new_vaccine,0.0,0.0,0.0,0.0
88,75+,unvaccinated,7.418894796396565,3.827531841800928,0.3,0.0
88,75+,old_vaccine,0.0,0.0,0.0,0.0
88,75+,new_vaccine,0.0,0.0,0.0,0.0
89,0-4,unvaccinated,0.9219544457292888,6.0332412515993425,0.0,0.0
89,0-4,old_vaccine,0.0,0.0,0.0,0.0
89,0-4,new_vaccine,0.0,0.0,0.0,0.0
89,5-9,unvaccinated,0.4,7.797435475847172,0.0,0.0
89,5-9,old_vaccine,0.0,0.0,0.0,0.0
89,5-9,new_vaccine,0.0,0.0,0.0,0.0
89,10-14,unvaccinated,0.4898979485566356,8.29457654133109,0.0,0.0
89,10-14,old_vaccine,0.0,0.0,0.0,0.0
89,10-14,new_vaccine,0.0,0.0,0.0,0.0
89,15-19,unvaccinated,0.0,6.841052550594829,0.0,0.0
89,15-19,old_vaccine,0.0,0.0,0.0,0.0
89,15-19,new_vaccine,0.0,0.0,0.0,0.0
89,20-24,unvaccinated,0.44721359549995787,9.176600677810931,0.0,0.0
89,20-24,old_vaccine,0.0,0.0,0.0,0.0
89,20-24,new_vaccine,0.0,0.0,0.0,0.0
89,25-29,unvaccinated,0.748331477354788,11.558979193683152,0.0,0.0
89,25-29,old_vaccine,0.0,0.0,0.0,0.0
89,25-29,new_vaccine,0.0,0.0,0.0,0.0
89,30-34,unvaccinated,0.6999999999999998,10.299999999999999,0.0,0.0
89,30-34,old_vaccine,0.0,0.0,0.0,0.0
89,30-34,new_vaccine,0.0,0.0,0.0,0.0
89,35-39,unvaccinated,1.0999999999999999,11.928537211242624,0.0,0.0
89,35-39,old_vaccine,0.0,0.0,0.0,0.0
89,35-39,new_vaccine,0.0,0.0,0.0,0.0
89,40-44,unvaccinated,1.3266499161421599,5.861740355901141,0.0,0.0
89,40-44,old_vaccine,0.0,0.0,0.0,0.0
89,40-44,new_vaccine,0.0,0.0,0.0,0.0
89,45-49,unvaccinated,0.4,8.628441342444184,0.0,0.0
89,45-49,old_vaccine,0.0,0.0,0.0,0.0
89,45-49,new_vaccine,0.0,0.0,0.0,0.0
89,50-54,unvaccinated,1.4177446878757818,9.51892851112981,0.0,0.0
89,50-54,old_vaccine,0.0,0.0,0.0,0.0
89,50-54,new_vaccine,0.0,0.0,0.0,0.0
89,55-59,unvaccinated,2.1189620100417086,7.901898506055364,0.0,0.0
89,55-59,old_vaccine,0.0,0.0,0.0,0.0
89,55-59,new_vaccine,0.0,0.0,0.0,0.0
89,60-64,unvaccinated,3.112876483254676,5.371219600798313,0.3,0.0
89,60-64,old_vaccine,0.0,0.0,0.0,0.0
89,60-64,new_vaccine,0.0,0.0,0.0,0.0
89,65-69,unvaccinated,3.1764760348537187,4.449719092257397,0.0,0.0
89,65-69,old_vaccine,0.0,0.0,0.0,0.0
89,65-69,new_vaccine,0.0,0.0,0.0,0.0
89,70-74,unvaccinated,3.2557641192199402,2.8705400188814645,0.0,0.0
89,70-74,old_vaccine,0.0,0.0,0.0,0.0
89,70-74,new_vaccine,0.0,0.0,0.0,0.0
89,75+,unvaccinated,7.043436661176132,3.666060555964673,0.3,0.0
89,75+,old_vaccine,0.0,0.0,0.0,0.0
89,75+,new_vaccine,0.0,0.0,0.0,0.0
90,0-4,unvaccinated,0.9219544457292888,6.070420084310475,0.0,0.0
90,0-4,old_vaccine,0.0,0.0,0.0,0.0
90,0-4,new_vaccine,0.0,0.0,0.0,0.0
90,5-9,unvaccinated,0.4,7.647875521999558,0.0,0.0
90,5-9,old_vaccine,0.0,0.0,0.0,0.0
90,5-9,new_vaccine,0.0,0.0,0.0,0.0
90,10-14,unvaccinated,0.5,8.307225770376053,0.0,0.0
90,10-14,old_vaccine,0.0,0.0,0.0,0.0
90,10-14,new_vaccine,0.0,0.0,0.0,0.0
90,15-19,unvaccinated,0.0,7.249827584156743,0.0,0.0
90,15-19,old_vaccine,0.0,0.0,0.0,0.0
90,15-19,new_vaccine,0.0,0.0,0.0,0.0
90,20-24,unvaccinated,0.44721359549995787,8.979977728257456,0.0,0.0
90,20-24,old_vaccine,0.0,0.0,0.0,0.0
90,20-24,new_vaccine,0.0,0.0,0.0,0.0
90,25-29,unvaccinated,0.9797958971132708,11.16960160435456,0.0,0.0
90,25-29,old_vaccine,0.0,0.0,0.0,0.0
90,25-29,new_vaccine,0.0,0.0,0.0,0.0
90,30-34,unvaccinated,0.6999999999999998,10.0,0.0,0.0
90,30-34,old_vaccine,0.0,0.0,0.0,0.0
90,30-34,new_vaccine,0.0,0.0,0.0,0.0
90,35-39,unvaccinated,0.9797958971132712,12.163880959627978,0.0,0.0
90,35-39,old_vaccine,0.0,0.0,0.0,0.0
90,35-39,new_vaccine,0.0,0.0,0.0,0.0
90,40-44,unvaccinated,1.3266499161421599,5.57584074378026,0.0,0.0
90,40-44,old_vaccine,0.0,0.0,0.0,0.0
90,40-44,new_vaccine,0.0,0.0,0.0,0.0
90,45-49,unvaccinated,0.6403124237432849,8.754427451295715,0.0,0.0
90,45-49,old_vaccine,0.0,0.0,0.0,0.0
90,45-49,new_vaccine,0.0,0.0,0.0,0.0
90,50-54,unvaccinated,1.4317821063276355,9.558242516278815,0.0,0.0
90,50-54,old_vaccine,0.0,0.0,0.0,0.0
90,50-54,new_vaccine,0.0,0.0,0.0,0.0
90,55-59,unvaccinated,2.0880613017821097,7.934733769950948,0.0,0.0
90,55-59,old_vaccine,0.0,0.0,0.0,0.0
90,55-59,new_vaccine,0.0,0.0,0.0,0.0
90,60-64,unvaccinated,3.1320919526731643,5.325410782277735,0.3,0.0
90,60-64,old_vaccine,0.0,0.0,0.0,0.0
90,60-64,new_vaccine,0.0,0.0,0.0,0.0
90,65-69,unvaccinated,2.830194339616981,4.079215610874227,0.0,0.0
90,65-69,old_vaccine,0.0,0.0,0.0,0.0
90,65-69,new_vaccine,0.0,0.0,0.0,0.0
90,70-74,unvaccinated,3.1448370387032765,2.758622844826745,0.0,0.0
90,70-74,old_vaccine,0.0,0.0,0.0,0.0
90,70-74,new_vaccine,0.0,0.0,0.0,0.0
90,75+,unvaccinated,7.175653280364096,3.6069377593742855,0.3,0.0
90,75+,old_vaccine,0.0,0.0,0.0,0.0
90,75+,new_vaccine,0.0,0.0,0.0,0.0
91,0-4,unvaccinated,0.9219544457292888,5.787054518492115,0.0,0.0
91,0-4,old_vaccine,0.0,0.0,0.0,0.0
91,0-4,new_vaccine,0.0,0.0,0.0,0.0
91,5-9,unvaccinated,0.3,7.851114570556209,0.0,0.0
91,5-9,old_vaccine,0.0,0.0,0.0,0.0
91,5-9,new_vaccine,0.0,0.0,0.0,0.0
91,10-14,unvaccinated,0.5,8.200000000000003,0.0,0.0
91,10-14,old_vaccine,0.0,0.0,0.0,0.0
91,10-14,new_vaccine,0.0,0.0,0.0,0.0
91,15-19,unvaccinated,0.0,7.44043009509531,0.0,0.0
91,15-19,old_vaccine,0.0,0.0,0.0,0.0
91,15-19,new_vaccine,0.0,0.0,0.0,0.0
91,20-24,unvaccinated,0.44721359549995787,8.789197915623474,0.0,0.0
91,20-24,old_vaccine,0.0,0.0,0.0,0.0
91,20-24,new_vaccine,0.0,0.0,0.0,0.0
91,25-29,unvaccinated,0.9797958971132708,10.615554625171502,0.0,0.0
91,25-29,old_vaccine,0.0,0.0,0.0,0.0
91,25-29,new_vaccine,0.0,0.0,0.0,0.0
91,30-34,unvaccinated,0.6999999999999998,9.308061022576078,0.0,0.0
91,30-34,old_vaccine,0.0,0.0,0.0,0.0
91,30-34,new_vaccine,0.0,0.0,0.0,0.0
91,35-39,unvaccinated,0.9797958971132712,12.32923355282071,0.0,0.0
91,35-39,old_vaccine,0.0,0.0,0.0,0.0
91,35-39,new_vaccine,0.0,0.0,0.0,0.0
91,40-44,unvaccinated,1.3266499161421599,5.366563145999496,0.0,0.0
91,40-44,old_vaccine,0.0,0.0,0.0,0.0
91,40-44,new_vaccine,0.0,0.0,0.0,0.0
91,45-49,unvaccinated,0.6,8.749857141690942,0.0,0.0
91,45-49,old_vaccine,0.0,0.0,0.0,0.0
91,45-49,new_vaccine,0.0,0.0,0.0,0.0
91,50-54,unvaccinated,1.1874342087037926,9.728823155962903,0.0,0.0
91,50-54,old_vaccine,0.0,0.0,0.0,0.0
91,50-54,new_vaccine,0.0,0.0,0.0,0.0
91,55-59,unvaccinated,2.247220505424423,7.934733769950948,0.0,0.0
91,55-59,old_vaccine,0.0,0.0,0.0,0.0
91,55-59,new_vaccine,0.0,0.0,0.0,0.0
91,60-64,unvaccinated,3.280243893371345,5.787054518492115,0.3,0.0
91,60-64,old_vaccine,0.0,0.0,0.0,0.0
91,60-64,new_vaccine,0.0,0.0,0.0,0.0
91,65-69,unvaccinated,2.727636339397172,3.853569773599539,0.0,0.0
91,65-69,old_vaccine,0.0,0.0,0.0,0.0
91,65-69,new_vaccine,0.0,0.0,0.0,0.0
91,70-74,unvaccinated,3.2249030993194205,2.7000000000000006,0.0,0.0
91,70-74,old_vaccine,0.0,0.0,0.0,0.0
91,70-74,new_vaccine,0.0,0.0,0.0,0.0
91,75+,unvaccinated,7.249827584156745,3.4190641994557502,0.3,0.0
91,75+,old_vaccine,0.0,0.0,0.0,0.0
91,75+,new_vaccine,0.0,0.0,0.0,0.0
92,0-4,unvaccinated,0.9219544457292888,5.728001396647872,0.0,0.0
92,0-4,old_vaccine,0.0,0.0,0.0,0.0
92,0-4,new_vaccine,0.0,0.0,0.0,0.0
92,5-9,unvaccinated,0.3,7.914543574963752,0.0,0.0
92,5-9,old_vaccine,0.0,0.0,0.0,0.0
92,5-9,new_vaccine,0.0,0.0,0.0,0.0
92,10-14,unvaccinated,0.4898979485566356,7.797435475847172,0.0,0.0
92,10-14,old_vaccine,0.0,0.0,0.0,0.0
92,10-14,new_vaccine,0.0,0.0,0.0,0.0
92,15-19,unvaccinated,0.0,7.068238818828918,0.0,0.0
92,15-19,old_vaccine,0.0,0.0,0.0,0.0
92,15-19,new_vaccine,0.0,0.0,0.0,0.0
92,20-24,unvaccinated,0.44721359549995787,9.14330356052997,0.0,0.0
92,20-24,old_vaccine,0.0,0.0,0.0,0.0
92,20-24,new_vaccine,0.0,0.0,0.0,0.0
92,25-29,unvaccinated,0.9797958971132708,10.53375526581095,0.0,0.0
92,25-29,old_vaccine,0.0,0.0,0.0,0.0
92,25-29,new_vaccine,0.0,0.0,0.0,0.0
92,30-34,unvaccinated,0.7,9.209234495874238,0.0,0.0
92,30-34,old_vaccine,0.0,0.0,0.0,0.0
92,30-34,new_vaccine,0.0,0.0,0.0,0.0
92,35-39,unvaccinated,0.9797958971132712,12.134249049694017,0.0,0.0
92,35-39,old_vaccine,0.0,0.0,0.0,0.0
92,35-39,new_vaccine,0.0,0.0,0.0,0.0
92,40-44,unvaccinated,1.1874342087037917,5.77581163127746,0.0,0.0
92,40-44,old_vaccine,0.0,0.0,0.0,0.0
92,40-44,new_vaccine,0.0,0.0,0.0,0.0
92,45-49,unvaccinated,0.6403124237432849,8.752713864853577,0.0,0.0
92,45-49,old_vaccine,0.0,0.0,0.0,0.0
92,45-49,new_vaccine,0.0,0.0,0.0,0.0
92,50-54,unvaccinated,1.1000000000000003,9.378699270154684,0.0,0.0
92,50-54,old_vaccine,0.0,0.0,0.0,0.0
92,50-54,new_vaccine,0.0,0.0,0.0,0.0
92,55-59,unvaccinated,2.615339366124404,8.013114251026254,0.0,0.0
92,55-59,old_vaccine,0.0,0.0,0.0,0.0
92,55-59,new_vaccine,0.0,0.0,0.0,0.0
92,60-64,unvaccinated,3.562302626111375,5.593746508378801,0.3,0.0
92,60-64,old_vaccine,0.0,0.0,0.0,0.0
92,60-64,new_vaccine,0.0,0.0,0.0,0.0
92,65-69,unvaccinated,2.821347195933177,3.5846896657869842,0.0,0.0
92,65-69,old_vaccine,0.0,0.0,0.0,0.0
92,65-69,new_vaccine,0.0,0.0,0.0,0.0
92,70-74,unvaccinated,3.3600595232822883,2.6627053911388696,0.0,0.0
92,70-74,old_vaccine,0.0,0.0,0.0,0.0
92,70-74,new_vaccine,0.0,0.0,0.0,0.0
92,75+,unvaccinated,7.509993342207435,2.9933259094191533,0.3,0.0
92,75+,old_vaccine,0.0,0.0,0.0,0.0
92,75+,new_vaccine,0.0,0.0,0.0,0.0
93,0-4,unvaccinated,0.9219544457292888,5.53263047744922,0.0,0.0
93,0-4,old_vaccine,0.0,0.0,0.0,0.0
93,0-4,new_vaccine,0.0,0.0,0.0,0.0
93,5-9,unvaccinated,0.3,7.0,0.0,0.0
93,5-9,old_vaccine,0.0,0.0,0.0,0.0
93,5-9,new_vaccine,0.0,0.0,0.0,0.0
93,10-14,unvaccinated,0.4898979485566356,7.510659092250162,0.0,0.0
93,10-14,old_vaccine,0.0,0.0,0.0,0.0
93,10-14,new_vaccine,0.0,0.0,0.0,0.0
93,15-19,unvaccinated,0.0,6.640030120413612,0.0,0.0
93,15-19,old_vaccine,0.0,0.0,0.0,0.0
93,15-19,new_vaccine,0.0,0.0,0.0,0.0
93,20-24,unvaccinated,0.44721359549995787,9.488940931421167,0.0,0.0
93,20-24,old_vaccine,0.0,0.0,0.0,0.0
93,20-24,new_vaccine,0.0,0.0,0.0,0.0
93,25-29,unvaccinated,0.8944271909999157,10.74057726567804,0.0,0.0
93,25-29,old_vaccine,0.0,0.0,0.0,0.0
93,25-29,new_vaccine,0.0,0.0,0.0,0.0
93,30-34,unvaccinated,0.7,9.308061022576078,0.0,0.0
93,30-34,old_vaccine,0.0,0.0,0.0,0.0
93,30-34,new_vaccine,0.0,0.0,0.0,0.0
93,35-39,unvaccinated,0.8306623862918073,12.092973166264784,0.0,0.0
93,35-39,old_vaccine,0.0,0.0,0.0,0.0
93,35-39,new_vaccine,0.0,0.0,0.0,0.0
93,40-44,unvaccinated,1.1874342087037917,5.7096409694480785,0.0,0.0
93,40-44,old_vaccine,0.0,0.0,0.0,0.0
93,40-44,new_vaccine,0.0,0.0,0.0,0.0
93,45-49,unvaccinated,0.6633249580710799,7.939773296511681,0.0,0.0
93,45-49,old_vaccine,0.0,0.0,0.0,0.0
93,45-49,new_vaccine,0.0,0.0,0.0,0.0
93,50-54,unvaccinated,1.1000000000000003,9.32148056909416,0.0,0.0
93,50-54,old_vaccine,0.0,0.0,0.0,0.0
93,50-54,new_vaccine,0.0,0.0,0.0,0.0
93,55-59,unvaccinated,2.5768197453450252,8.01810451416044,0.0,0.0
93,55-59,old_vaccine,0.0,0.0,0.0,0.0
93,55-59,new_vaccine,0.0,0.0,0.0,0.0
93,60-64,unvaccinated,3.562302626111375,5.979966555090423,0.3,0.0
93,60-64,old_vaccine,0.0,0.0,0.0,0.0
93,60-64,new_vaccine,0.0,0.0,0.0,0.0
93,65-69,unvaccinated,3.0083217912982647,3.7161808352124086,0.0,0.0
93,65-69,old_vaccine,0.0,0.0,0.0,0.0
93,65-69,new_vaccine,0.0,0.0,0.0,0.0
93,70-74,unvaccinated,3.4190641994557502,2.7129319932501073,0.0,0.0
93,70-74,old_vaccine,0.0,0.0,0.0,0.0
93,70-74,new_vaccine,0.0,0.0,0.0,0.0
93,75+,unvaccinated,7.632168761236874,3.1240998703626626,0.3,0.0
93,75+,old_vaccine,0.0,0.0,0.0,0.0
93,75+,new_vaccine,0.0,0.0,0.0,0.0
94,0-4,unvaccinated,0.7999999999999998,5.0199601592044525,0.0,0.0
94,0-4,old_vaccine,0.0,0.0,0.0,0.0
94,0-4,new_vaccine,0.0,0.0,0.0,0.0
94,5-9,unvaccinated,0.3,7.049113419430843,0.0,0.0
94,5-9,old_vaccine,0.0,0.0,0.0,0.0
94,5-9,new_vaccine,0.0,0.0,0.0,0.0
94,10-14,unvaccinated,0.4898979485566356,7.253275122315436,0.0,0.0
94,10-14,old_vaccine,0.0,0.0,0.0,0.0
94,10-14,new_vaccine,0.0,0.0,0.0,0.0
94,15-19,unvaccinated,0.0,6.5,0.0,0.0
94,15-19,old_vaccine,0.0,0.0,0.0,0.0
94,15-19,new_vaccine,0.0,0.0,0.0,0.0
94,20-24,unvaccinated,0.5385164807134503,9.646242791885348,0.0,0.0
94,20-24,old_vaccine,0.0,0.0,0.0,0.0
94,20-24,new_vaccine,0.0,0.0,0.0,0.0
94,25-29,unvaccinated,0.8944271909999157,11.180339887498949,0.0,0.0
94,25-29,old_vaccine,0.0,0.0,0.0,0.0
94,25-29,new_vaccine,0.0,0.0,0.0,0.0
94,30-34,unvaccinated,0.7745966692414834,9.404254356406994,0.0,0.0
94,30-34,old_vaccine,0.0,0.0,0.0,0.0
94,30-34,new_vaccine,0.0,0.0,0.0,0.0
94,35-39,unvaccinated,0.8306623862918073,12.298373876248844,0.0,0.0
94,35-39,old_vaccine,0.0,0.0,0.0,0.0
94,35-39,new_vaccine,0.0,0.0,0.0,0.0
94,40-44,unvaccinated,1.2489995996796794,6.220128616033596,0.0,0.0
94,40-44,old_vaccine,0.0,0.0,0.0,0.0
94,40-44,new_vaccine,0.0,0.0,0.0,0.0
94,45-49,unvaccinated,0.6708203932499369,7.942921376924234,0.0,0.0
94,45-49,old_vaccine,0.0,0.0,0.0,0.0
94,45-49,new_vaccine,0.0,0.0,0.0,0.0
94,50-54,unvaccinated,1.399999999999999,9.28924108848511,0.0,0.0
94,50-54,old_vaccine,0.0,0.0,0.0,0.0
94,50-54,new_vaccine,0.0,0.0,0.0,0.0
94,55-59,unvaccinated,2.5768197453450252,7.91770168672703,0.0,0.0
94,55-59,old_vaccine,0.0,0.0,0.0,0.0
94,55-59,new_vaccine,0.0,0.0,0.0,0.0
94,60-64,unvaccinated,3.429285639896449,5.94053869611166,0.3,0.0
94,60-64,old_vaccine,0.0,0.0,0.0,0.0
94,60-64,new_vaccine,0.0,0.0,0.0,0.0
94,65-69,unvaccinated,3.0083217912982647,3.826225293941799,0.0,0.0
94,65-69,old_vaccine,0.0,0.0,0.0,0.0
94,65-69,new_vaccine,0.0,0.0,0.0,0.0
94,70-74,unvaccinated,3.645545226711637,2.7129319932501073,0.0,0.0
94,70-74,old_vaccine,0.0,0.0,0.0,0.0
94,70-74,new_vaccine,0.0,0.0,0.0,0.0
94,75+,unvaccinated,7.605261336732617,3.1559467676119013,0.0,0.0
94,75+,old_vaccine,0.0,0.0,0.0,0.0
94,75+,new_vaccine,0.0,0.0,0.0,0.0
95,0-4,unvaccinated,0.9000000000000002,5.478138369920937,0.0,0.0
95,0-4,old_vaccine,0.0,0.0,0.0,0.0
95,0-4,new_vaccine,0.0,0.0,0.0,0.0
95,5-9,unvaccinated,0.4,6.992138442565335,0.0,0.0
95,5-9,old_vaccine,0.0,0.0,0.0,0.0
95,5-9,new_vaccine,0.0,0.0,0.0,0.0
95,10-14,unvaccinated,0.4898979485566356,7.700000000000001,0.0,0.0
95,10-14,old_vaccine,0.0,0.0,0.0,0.0
95,10-14,new_vaccine,0.0,0.0,0.0,0.0
95,15-19,unvaccinated,0.0,6.545227268781427,0.0,0.0
95,15-19,old_vaccine,0.0,0.0,0.0,0.0
95,15-19,new_vaccine,0.0,0.0,0.0,0.0
95,20-24,unvaccinated,0.5385164807134503,9.744742172063866,0.0,0.0
95,20-24,old_vaccine,0.0,0.0,0.0,0.0
95,20-24,new_vaccine,0.0,0.0,0.0,0.0
95,25-29,unvaccinated,0.8944271909999157,11.088733020503286,0.0,0.0
95,25-29,old_vaccine,0.0,0.0,0.0,0.0
95,25-29,new_vaccine,0.0,0.0,0.0,0.0
95,30-34,unvaccinated,0.7483314773547881,10.101980003939822,0.0,0.0
95,30-34,old_vaccine,0.0,0.0,0.0,0.0
95,30-34,new_vaccine,0.0,0.0,0.0,0.0
95,35-39,unvaccinated,0.8306623862918074,12.290240030202826,0.0,0.0
95,35-39,old_vaccine,0.0,0.0,0.0,0.0
95,35-39,new_vaccine,0.0,0.0,0.0,0.0
95,40-44,unvaccinated,1.2489995996796794,6.3,0.0,0.0
95,40-44,old_vaccine,0.0,0.0,0.0,0.0
95,40-44,new_vaccine,0.0,0.0,0.0,0.0
95,45-49,unvaccinated,0.6708203932499369,8.047359815492282,0.0,0.0
95,45-49,old_vaccine,0.0,0.0,0.0,0.0
95,45-49,new_vaccine,0.0,0.0,0.0,0.0
95,50-54,unvaccinated,1.399999999999999,9.459915433025813,0.0,0.0
95,50-54,old_vaccine,0.0,0.0,0.0,0.0
95,50-54,new_vaccine,0.0,0.0,0.0,0.0
95,55-59,unvaccinated,2.6476404589747453,7.211795892841116,0.0,0.0
95,55-59,old_vaccine,0.0,0.0,0.0,0.0
95,55-59,new_vaccine,0.0,0.0,0.0,0.0
95,60-64,unvaccinated,3.419064199455751,5.779273310719956,0.3,0.0
95,60-64,old_vaccine,0.0,0.0,0.0,0.0
95,60-64,new_vaccine,0.0,0.0,0.0,0.0
95,65-69,unvaccinated,2.758622844826745,4.011234224026316,0.0,0.0
95,65-69,old_vaccine,0.0,0.0,0.0,0.0
95,65-69,new_vaccine,0.0,0.0,0.0,0.0
95,70-74,unvaccinated,3.841874542459709,2.8089143810376282,0.0,0.0
95,70-74,old_vaccine,0.0,0.0,0.0,0.0
95,70-74,new_vaccine,0.0,0.0,0.0,0.0
95,75+,unvaccinated,7.78203058333749,3.0675723300355906,0.0,0.0
95,75+,old_vaccine,0.0,0.0,0.0,0.0
95,75+,new_vaccine,0.0,0.0,0.0,0.0
96,0-4,unvaccinated,1.0198039027185568,5.268775948927796,0.0,0.0
96,0-4,old_vaccine,0.0,0.0,0.0,0.0
96,0-4,new_vaccine,0.0,0.0,0.0,0.0
96,5-9,unvaccinated,0.4,7.11617874986288,0.0,0.0
96,5-9,old_vaccine,0.0,0.0,0.0,0.0
96,5-9,new_vaccine,0.0,0.0,0.0,0.0
96,10-14,unvaccinated,0.4898979485566356,7.569015788066501,0.0,0.0
96,10-14,old_vaccine,0.0,0.0,0.0,0.0
96,10-14,new_vaccine,0.0,0.0,0.0,0.0
96,15-19,unvaccinated,0.0,6.280923498976882,0.0,0.0
96,15-19,old_vaccine,0.0,0.0,0.0,0.0
96,15-19,new_vaccine,0.0,0.0,0.0,0.0
96,20-24,unvaccinated,0.5385164807134503,9.446692542895633,0.0,0.0
96,20-24,old_vaccine,0.0,0.0,0.0,0.0
96,20-24,new_vaccine,0.0,0.0,0.0,0.0
96,25-29,unvaccinated,0.9433981132056602,11.016351483136328,0.0,0.0
96,25-29,old_vaccine,0.0,0.0,0.0,0.0
96,25-29,new_vaccine,0.0,0.0,0.0,0.0
96,30-34,unvaccinated,0.7483314773547881,10.198039027185569,0.0,0.0
96,30-34,old_vaccine,0.0,0.0,0.0,0.0
96,30-34,new_vaccine,0.0,0.0,0.0,0.0
96,35-39,unvaccinated,0.8306623862918074,12.799999999999997,0.0,0.0
96,35-39,old_vaccine,0.0,0.0,0.0,0.0
96,35-39,new_vaccine,0.0,0.0,0.0,0.0
96,40-44,unvaccinated,1.2489995996796794,6.515366451704769,0.0,0.0
96,40-44,old_vaccine,0.0,0.0,0.0,0.0
96,40-44,new_vaccine,0.0,0.0,0.0,0.0
96,45-49,unvaccinated,0.458257569495584,8.197560612767678,0.0,0.0
96,45-49,old_vaccine,0.0,0.0,0.0,0.0
96,45-49,new_vaccine,0.0,0.0,0.0,0.0
96,50-54,unvaccinated,1.5132745950421553,8.955445270895243,0.0,0.0
96,50-54,old_vaccine,0.0,0.0,0.0,0.0
96,50-54,new_vaccine,0.0,0.0,0.0,0.0
96,55-59,unvaccinated,2.8213471959331766,7.35119037979564,0.0,0.0
96,55-59,old_vaccine,0.0,0.0,0.0,0.0
96,55-59,new_vaccine,0.0,0.0,0.0,0.0
96,60-64,unvaccinated,3.389690251335659,5.554277630799526,0.3,0.0
96,60-64,old_vaccine,0.0,0.0,0.0,0.0
96,60-64,new_vaccine,0.0,0.0,0.0,0.0
96,65-69,unvaccinated,2.7730849247724096,4.190465367951393,0.0,0.0
96,65-69,old_vaccine,0.0,0.0,0.0,0.0
96,65-69,new_vaccine,0.0,0.0,0.0,0.0
96,70-74,unvaccinated,3.7802116342871606,2.6076809620810595,0.0,0.0
96,70-74,old_vaccine,0.0,0.0,0.0,0.0
96,70-74,new_vaccine,0.0,0.0,0.0,0.0
96,75+,unvaccinated,8.285529554590944,3.1559467676119013,0.0,0.0
96,75+,old_vaccine,0.0,0.0,0.0,0.0
96,75+,new_vaccine,0.0,0.0,0.0,0.0
97,0-4,unvaccinated,1.1,4.833218389437832,0.0,0.0
97,0-4,old_vaccine,0.0,0.0,0.0,0.0
97,0-4,new_vaccine,0.0,0.0,0.0,0.0
97,5-9,unvaccinated,0.4,7.057619995437555,0.0,0.0
97,5-9,old_vaccine,0.0,0.0,0.0,0.0
97,5-9,new_vaccine,0.0,0.0,0.0,0.0
97,10-14,unvaccinated,0.4898979485566356,7.480641683706016,0.0,0.0
97,10-14,old_vaccine,0.0,0.0,0.0,0.0
97,10-14,new_vaccine,0.0,0.0,0.0,0.0
97,15-19,unvaccinated,0.0,5.986651818838304,0.0,0.0
97,15-19,old_vaccine,0.0,0.0,0.0,0.0
97,15-19,new_vaccine,0.0,0.0,0.0,0.0
97,20-24,unvaccinated,0.44721359549995787,9.562426470305533,0.0,0.0
97,20-24,old_vaccine,0.0,0.0,0.0,0.0
97,20-24,new_vaccine,0.0,0.0,0.0,0.0
97,25-29,unvaccinated,0.8944271909999157,11.414464507807624,0.0,0.0
97,25-29,old_vaccine,0.0,0.0,0.0,0.0
97,25-29,new_vaccine,0.0,0.0,0.0,0.0
97,30-34,unvaccinated,0.8306623862918074,10.02197585309404,0.0,0.0
97,30-34,old_vaccine,0.0,0.0,0.0,0.0
97,30-34,new_vaccine,0.0,0.0,0.0,0.0
97,35-39,unvaccinated,0.8306623862918074,12.814054783713079,0.0,0.0
97,35-39,old_vaccine,0.0,0.0,0.0,0.0
97,35-39,new_vaccine,0.0,0.0,0.0,0.0
97,40-44,unvaccinated,1.2206555615733703,6.606057825965498,0.0,0.0
97,40-44,old_vaccine,0.0,0.0,0.0,0.0
97,40-44,new_vaccine,0.0,0.0,0.0,0.0
97,45-49,unvaccinated,0.4,8.287943049997384,0.0,0.0
97,45-49,old_vaccine,0.0,0.0,0.0,0.0
97,45-49,new_vaccine,0.0,0.0,0.0,0.0
97,50-54,unvaccinated,1.5132745950421553,8.836854644046149,0.0,0.0
97,50-54,old_vaccine,0.0,0.0,0.0,0.0
97,50-54,new_vaccine,0.0,0.0,0.0,0.0
97,55-59,unvaccinated,2.6076809620810595,7.085901495222752,0.0,0.0
97,55-59,old_vaccine,0.0,0.0,0.0,0.0
97,55-59,new_vaccine,0.0,0.0,0.0,0.0
97,60-64,unvaccinated,3.389690251335659,5.088221693283422,0.4,0.0
97,60-64,old_vaccine,0.0,0.0,0.0,0.0
97,60-64,new_vaccine,0.0,0.0,0.0,0.0
97,65-69,unvaccinated,2.6457513110645907,4.182104733265296,0.0,0.0
97,65-69,old_vaccine,0.0,0.0,0.0,0.0
97,65-69,new_vaccine,0.0,0.0,0.0,0.0
97,70-74,unvaccinated,3.7802116342871597,2.2715633383201097,0.0,0.0
97,70-74,old_vaccine,0.0,0.0,0.0,0.0
97,70-74,new_vaccine,0.0,0.0,0.0,0.0
97,75+,unvaccinated,7.836453279386026,3.322649545167231,0.0,0.0
97,75+,old_vaccine,0.0,0.0,0.0,0.0
97,75+,new_vaccine,0.0,0.0,0.0,0.0
98,0-4,unvaccinated,1.0198039027185568,4.712748667179272,0.0,0.0
98,0-4,old_vaccine,0.0,0.0,0.0,0.0
98,0-4,new_vaccine,0.0,0.0,0.0,0.0
98,5-9,unvaccinated,0.3,7.138627319029897,0.0,0.0
98,5-9,old_vaccine,0.0,0.0,0.0,0.0
98,5-9,new_vaccine,0.0,0.0,0.0,0.0
98,10-14,unvaccinated,0.4898979485566356,7.189575787207472,0.0,0.0
98,10-14,old_vaccine,0.0,0.0,0.0,0.0
98,10-14,new_vaccine,0.0,0.0,0.0,0.0
98,15-19,unvaccinated,0.0,5.9169248769948055,0.0,0.0
98,15-19,old_vaccine,0.0,0.0,0.0,0.0
98,15-19,new_vaccine,0.0,0.0,0.0,0.0
98,20-24,unvaccinated,0.44721359549995787,9.446692542895633,0.0,0.0
98,20-24,old_vaccine,0.0,0.0,0.0,0.0
98,20-24,new_vaccine,0.0,0.0,0.0,0.0
98,25-29,unvaccinated,0.8944271909999157,11.491301057756687,0.0,0.0
98,25-29,old_vaccine,0.0,0.0,0.0,0.0
98,25-29,new_vaccine,0.0,0.0,0.0,0.0
98,30-34,unvaccinated,0.8306623862918074,10.288342918079666,0.0,0.0
98,30-34,old_vaccine,0.0,0.0,0.0,0.0
98,30-34,new_vaccine,0.0,0.0,0.0,0.0
98,35-39,unvaccinated,0.8306623862918074,12.507997441637093,0.0,0.0
98,35-39,old_vaccine,0.0,0.0,0.0,0.0
98,35-39,new_vaccine,0.0,0.0,0.0,0.0
98,40-44,unvaccinated,1.0954451150103324,6.4070273918565395,0.0,0.0
98,40-44,old_vaccine,0.0,0.0,0.0,0.0
98,40-44,new_vaccine,0.0,0.0,0.0,0.0
98,45-49,unvaccinated,0.4,8.711486669908872,0.0,0.0
98,45-49,old_vaccine,0.0,0.0,0.0,0.0
98,45-49,new_vaccine,0.0,0.0,0.0,0.0
98,50-54,unvaccinated,1.2206555615733696,8.627861844049198,0.0,0.0
98,50-54,old_vaccine,0.0,0.0,0.0,0.0
98,50-54,new_vaccine,0.0,0.0,0.0,0.0
98,55-59,unvaccinated,2.4083189157584592,7.158212067269309,0.0,0.0
98,55-59,old_vaccine,0.0,0.0,0.0,0.0
98,55-59,new_vaccine,0.0,0.0,0.0,0.0
98,60-64,unvaccinated,3.1240998703626612,5.146843692983109,0.4,0.0
98,60-64,old_vaccine,0.0,0.0,0.0,0.0
98,60-64,new_vaccine,0.0,0.0,0.0,0.0
98,65-69,unvaccinated,2.959729717389748,4.631414470763764,0.0,0.0
98,65-69,old_vaccine,0.0,0.0,0.0,0.0
98,65-69,new_vaccine,0.0,0.0,0.0,0.0
98,70-74,unvaccinated,3.618010503025109,2.2715633383201097,0.0,0.0
98,70-74,old_vaccine,0.0,0.0,0.0,0.0
98,70-74,new_vaccine,0.0,0.0,0.0,0.0
98,75+,unvaccinated,7.542545989253232,3.3541019662496847,0.0,0.0
98,75+,old_vaccine,0.0,0.0,0.0,0.0
98,75+,new_vaccine,0.0,0.0,0.0,0.0
99,0-4,unvaccinated,1.0198039027185568,5.162363799656124,0.0,0.0
99,0-4,old_vaccine,0.0,0.0,0.0,0.0
99,0-4,new_vaccine,0.0,0.0,0.0,0.0
99,5-9,unvaccinated,0.3,6.905794668247816,0.0,0.0
99,5-9,old_vaccine,0.0,0.0,0.0,0.0
99,5-9,new_vaccine,0.0,0.0,0.0,0.0
99,10-14,unvaccinated,0.4898979485566356,7.529276193632426,0.0,0.0
99,10-14,old_vaccine,0.0,0.0,0.0,0.0
99,10-14,new_vaccine,0.0,0.0,0.0,0.0
99,15-19,unvaccinated,0.0,5.861740355901139,0.0,0.0
99,15-19,old_vaccine,0.0,0.0,0.0,0.0
99,15-19,new_vaccine,0.0,0.0,0.0,0.0
99,20-24,unvaccinated,0.0,9.610411021387172,0.0,0.0
99,20-24,old_vaccine,0.0,0.0,0.0,0.0
99,20-24,new_vaccine,0.0,0.0,0.0,0.0
99,25-29,unvaccinated,0.8944271909999157,12.181953866272847,0.0,0.0
99,25-29,old_vaccine,0.0,0.0,0.0,0.0
99,25-29,new_vaccine,0.0,0.0,0.0,0.0
99,30-34,unvaccinated,0.8306623862918074,10.67754653466797,0.0,0.0
99,30-34,old_vaccine,0.0,0.0,0.0,0.0
99,30-34,new_vaccine,0.0,0.0,0.0,0.0
99,35-39,unvaccinated,0.8306623862918074,12.712592182556634,0.0,0.0
99,35-39,old_vaccine,0.0,0.0,0.0,0.0
99,35-39,new_vaccine,0.0,0.0,0.0,0.0
99,40-44,unvaccinated,1.0954451150103324,6.606057825965498,0.0,0.0
99,40-44,old_vaccine,0.0,0.0,0.0,0.0
99,40-44,new_vaccine,0.0,0.0,0.0,0.0
99,45-49,unvaccinated,0.0,9.055385138137417,0.0,0.0
99,45-49,old_vaccine,0.0,0.0,0.0,0.0
99,45-49,new_vaccine,0.0,0.0,0.0,0.0
99,50-54,unvaccinated,1.095445115010332,8.742997197757758,0.0,0.0
99,50-54,old_vaccine,0.0,0.0,0.0,0.0
99,50-54,new_vaccine,0.0,0.0,0.0,0.0
99,55-59,unvaccinated,2.467792535850613,6.945502141674132,0.0,0.0
99,55-59,old_vaccine,0.0,0.0,0.0,0.0
99,55-59,new_vaccine,0.0,0.0,0.0,0.0
99,60-64,unvaccinated,2.7928480087537877,4.842520005121299,0.4,0.0
99,60-64,old_vaccine,0.0,0.0,0.0,0.0
99,60-64,new_vaccine,0.0,0.0,0.0,0.0
99,65-69,unvaccinated,2.959729717389748,4.588027898781784,0.0,0.0
99,65-69,old_vaccine,0.0,0.0,0.0,0.0
99,65-69,new_vaccine,0.0,0.0,0.0,0.0
99,70-74,unvaccinated,3.132091952673163,2.6095976701399777,0.0,0.0
99,70-74,old_vaccine,0.0,0.0,0.0,0.0
99,70-74,new_vaccine,0.0,0.0,0.0,0.0
99,75+,unvaccinated,7.660939890117924,3.448187929913334,0.0,0.0
99,75+,old_vaccine,0.0,0.0,0.0,0.0
99,75+,new_vaccine,0.0,0.0,0.0,0.0
