t,ages,vacc_status,symptomatic,asymptomatic,hospitalised,dead
0,0-4,unvaccinated,0.0,0.0,0.0,0.0
0,0-4,old_vaccine,0.0,0.0,0.0,0.0
0,0-4,new_vaccine,0.0,0.0,0.0,0.0
0,5-9,unvaccinated,0.0,0.0,0.0,0.0
0,5-9,old_vaccine,0.0,0.0,0.0,0.0
0,5-9,new_vaccine,0.0,0.0,0.0,0.0
0,10-14,unvaccinated,0.0,0.0,0.0,0.0
0,10-14,old_vaccine,0.0,0.0,0.0,0.0
0,10-14,new_vaccine,0.0,0.0,0.0,0.0
0,15-19,unvaccinated,0.0,0.0,0.0,0.0
0,15-19,old_vaccine,0.0,0.0,0.0,0.0
0,15-19,new_vaccine,0.0,0.0,0.0,0.0
0,20-24,unvaccinated,0.0,0.0,0.0,0.0
0,20-24,old_vaccine,0.0,0.0,0.0,0.0
0,20-24,new_vaccine,0.0,0.0,0.0,0.0
0,25-29,unvaccinated,0.0,0.0,0.0,0.0
0,25-29,old_vaccine,0.0,0.0,0.0,0.0
0,25-29,new_vaccine,0.0,0.0,0.0,0.0
0,30-34,unvaccinated,0.0,0.0,0.0,0.0
0,30-34,old_vaccine,0.0,0.0,0.0,0.0
0,30-34,new_vaccine,0.0,0.0,0.0,0.0
0,35-39,unvaccinated,0.0,0.0,0.0,0.0
0,35-39,old_vaccine,0.0,0.0,0.0,0.0
0,35-39,new_vaccine,0.0,0.0,0.0,0.0
0,40-44,unvaccinated,0.0,0.0,0.0,0.0
0,40-44,old_vaccine,0.0,0.0,0.0,0.0
0,40-44,new_vaccine,0.0,0.0,0.0,0.0
0,45-49,unvaccinated,0.0,0.0,0.0,0.0
0,45-49,old_vaccine,0.0,0.0,0.0,0.0
0,45-49,new_vaccine,0.0,0.0,0.0,0.0
0,50-54,unvaccinated,0.0,0.0,0.0,0.0
0,50-54,old_vaccine,0.0,0.0,0.0,0.0
0,50-54,new_vaccine,0.0,0.0,0.0,0.0
0,55-59,unvaccinated,0.0,0.0,0.0,0.0
0,55-59,old_vaccine,0.0,0.0,0.0,0.0
0,55-59,new_vaccine,0.0,0.0,0.0,0.0
0,60-64,unvaccinated,0.0,0.0,0.0,0.0
0,60-64,old_vaccine,0.0,0.0,0.0,0.0
0,60-64,new_vaccine,0.0,0.0,0.0,0.0
0,65-69,unvaccinated,0.0,0.0,0.0,0.0
0,65-69,old_vaccine,0.0,0.0,0.0,0.0
0,65-69,new_vaccine,0.0,0.0,0.0,0.0
0,70-74,unvaccinated,0.0,0.0,0.0,0.0
0,70-74,old_vaccine,0.0,0.0,0.0,0.0
0,70-74,new_vaccine,0.0,0.0,0.0,0.0
0,75+,unvaccinated,0.0,0.0,0.0,0.0
0,75+,old_vaccine,0.0,0.0,0.0,0.0
0,75+,new_vaccine,0.0,0.0,0.0,0.0
1,0-4,unvaccinated,0.916515138991168,8.022468448052633,0.0,0.0
1,0-4,old_vaccine,0.0,0.0,0.0,0.0
1,0-4,new_vaccine,0.0,0.0,0.0,0.0
1,5-9,unvaccinated,0.3,7.39188744503053,0.0,0.0
1,5-9,old_vaccine,0.0,0.0,0.0,0.0
1,5-9,new_vaccine,0.0,0.0,0.0,0.0
1,10-14,unvaccinated,0.0,8.352245207128439,0.0,0.0
1,10-14,old_vaccine,0.0,0.0,0.0,0.0
1,10-14,new_vaccine,0.0,0.0,0.0,0.0
1,15-19,unvaccinated,0.0,8.729261137118078,0.0,0.0
1,15-19,old_vaccine,0.0,0.0,0.0,0.0
1,15-19,new_vaccine,0.0,0.0,0.0,0.0
1,20-24,unvaccinated,0.7483314773547881,6.529931086925803,0.0,0.0
1,20-24,old_vaccine,0.0,0.0,0.0,0.0
1,20-24,new_vaccine,0.0,0.0,0.0,0.0
1,25-29,unvaccinated,0.6708203932499369,9.303762679690408,0.0,0.0
1,25-29,old_vaccine,0.0,0.0,0.0,0.0
1,25-29,new_vaccine,0.0,0.0,0.0,0.0
1,30-34,unvaccinated,0.6000000000000001,7.244998274671981,0.0,0.0
1,30-34,old_vaccine,0.0,0.0,0.0,0.0
1,30-34,new_vaccine,0.0,0.0,0.0,0.0
1,35-39,unvaccinated,0.6633249580710799,10.423051376636307,0.0,0.0
1,35-39,old_vaccine,0.0,0.0,0.0,0.0
1,35-39,new_vaccine,0.0,0.0,0.0,0.0
1,40-44,unvaccinated,0.7810249675906655,9.011104260855047,0.0,0.0
1,40-44,old_vaccine,0.0,0.0,0.0,0.0
1,40-44,new_vaccine,0.0,0.0,0.0,0.0
1,45-49,unvaccinated,0.4898979485566356,8.581375181169973,0.0,0.0
1,45-49,old_vaccine,0.0,0.0,0.0,0.0
1,45-49,new_vaccine,0.0,0.0,0.0,0.0
1,50-54,unvaccinated,1.7435595774162693,8.129575634681062,0.0,0.0
1,50-54,old_vaccine,0.0,0.0,0.0,0.0
1,50-54,new_vaccine,0.0,0.0,0.0,0.0
1,55-59,unvaccinated,3.612478373637688,6.112282715974449,0.0,0.0
1,55-59,old_vaccine,0.0,0.0,0.0,0.0
1,55-59,new_vaccine,0.0,0.0,0.0,0.0
1,60-64,unvaccinated,3.7429934544425802,6.856383886568778,0.0,0.0
1,60-64,old_vaccine,0.0,0.0,0.0,0.0
1,60-64,new_vaccine,0.0,0.0,0.0,0.0
1,65-69,unvaccinated,4.369210454990695,3.7696153649941535,0.0,0.0
1,65-69,old_vaccine,0.0,0.0,0.0,0.0
1,65-69,new_vaccine,0.0,0.0,0.0,0.0
1,70-74,unvaccinated,3.8742741255621036,3.436568055487916,1.4282856857085697,0.0
1,70-74,old_vaccine,0.0,0.0,0.0,0.0
1,70-74,new_vaccine,0.0,0.0,0.0,0.0
1,75+,unvaccinated,6.27375485654325,6.337191807101945,1.2041594578792296,0.0
1,75+,old_vaccine,0.0,0.0,0.0,0.0
1,75+,new_vaccine,0.0,0.0,0.0,0.0
2,0-4,unvaccinated,0.916515138991168,8.022468448052633,0.0,0.0
2,0-4,old_vaccine,0.0,0.0,0.0,0.0
2,0-4,new_vaccine,0.0,0.0,0.0,0.0
2,5-9,unvaccinated,0.3,7.39188744503053,0.0,0.0
2,5-9,old_vaccine,0.0,0.0,0.0,0.0
2,5-9,new_vaccine,0.0,0.0,0.0,0.0
2,10-14,unvaccinated,0.0,8.352245207128439,0.0,0.0
2,10-14,old_vaccine,0.0,0.0,0.0,0.0
2,10-14,new_vaccine,0.0,0.0,0.0,0.0
2,15-19,unvaccinated,0.0,8.729261137118078,0.0,0.0
2,15-19,old_vaccine,0.0,0.0,0.0,0.0
2,15-19,new_vaccine,0.0,0.0,0.0,0.0
2,20-24,unvaccinated,0.7483314773547881,6.529931086925803,0.0,0.0
2,20-24,old_vaccine,0.0,0.0,0.0,0.0
2,20-24,new_vaccine,0.0,0.0,0.0,0.0
2,25-29,unvaccinated,0.6708203932499369,9.303762679690408,0.0,0.0
2,25-29,old_vaccine,0.0,0.0,0.0,0.0
2,25-29,new_vaccine,0.0,0.0,0.0,0.0
2,30-34,unvaccinated,0.6000000000000001,7.244998274671981,0.0,0.0
2,30-34,old_vaccine,0.0,0.0,0.0,0.0
2,30-34,new_vaccine,0.0,0.0,0.0,0.0
2,35-39,unvaccinated,0.6633249580710799,10.423051376636307,0.0,0.0
2,35-39,old_vaccine,0.0,0.0,0.0,0.0
2,35-39,new_vaccine,0.0,0.0,0.0,0.0
2,40-44,unvaccinated,0.7810249675906655,9.011104260855047,0.0,0.0
2,40-44,old_vaccine,0.0,0.0,0.0,0.0
2,40-44,new_vaccine,0.0,0.0,0.0,0.0
2,45-49,unvaccinated,0.4898979485566356,8.581375181169973,0.0,0.0
2,45-49,old_vaccine,0.0,0.0,0.0,0.0
2,45-49,new_vaccine,0.0,0.0,0.0,0.0
2,50-54,unvaccinated,1.7435595774162693,8.129575634681062,0.0,0.0
2,50-54,old_vaccine,0.0,0.0,0.0,0.0
2,50-54,new_vaccine,0.0,0.0,0.0,0.0
2,55-59,unvaccinated,3.612478373637688,6.112282715974449,0.0,0.0
2,55-59,old_vaccine,0.0,0.0,0.0,0.0
2,55-59,new_vaccine,0.0,0.0,0.0,0.0
2,60-64,unvaccinated,3.7429934544425802,6.856383886568778,0.0,0.0
2,60-64,old_vaccine,0.0,0.0,0.0,0.0
2,60-64,new_vaccine,0.0,0.0,0.0,0.0
2,65-69,unvaccinated,4.369210454990695,3.7696153649941535,0.0,0.0
2,65-69,old_vaccine,0.0,0.0,0.0,0.0
2,65-69,new_vaccine,0.0,0.0,0.0,0.0
2,70-74,unvaccinated,3.8742741255621036,3.436568055487916,1.4282856857085697,0.0
2,70-74,old_vaccine,0.0,0.0,0.0,0.0
2,70-74,new_vaccine,0.0,0.0,0.0,0.0
2,75+,unvaccinated,6.27375485654325,6.337191807101945,1.2041594578792296,0.0
2,75+,old_vaccine,0.0,0.0,0.0,0.0
2,75+,new_vaccine,0.0,0.0,0.0,0.0
3,0-4,unvaccinated,0.916515138991168,8.200000000000001,0.0,0.0
3,0-4,old_vaccine,0.0,0.0,0.0,0.0
3,0-4,new_vaccine,0.0,0.0,0.0,0.0
3,5-9,unvaccinated,0.3,7.39188744503053,0.0,0.0
3,5-9,old_vaccine,0.0,0.0,0.0,0.0
3,5-9,new_vaccine,0.0,0.0,0.0,0.0
3,10-14,unvaccinated,0.0,8.185963596303125,0.0,0.0
3,10-14,old_vaccine,0.0,0.0,0.0,0.0
3,10-14,new_vaccine,0.0,0.0,0.0,0.0
3,15-19,unvaccinated,0.0,8.944830909525344,0.0,0.0
3,15-19,old_vaccine,0.0,0.0,0.0,0.0
3,15-19,new_vaccine,0.0,0.0,0.0,0.0
3,20-24,unvaccinated,0.7483314773547881,6.797058187186571,0.0,0.0
3,20-24,old_vaccine,0.0,0.0,0.0,0.0
3,20-24,new_vaccine,0.0,0.0,0.0,0.0
3,25-29,unvaccinated,0.6708203932499369,9.303762679690408,0.0,0.0
3,25-29,old_vaccine,0.0,0.0,0.0,0.0
3,25-29,new_vaccine,0.0,0.0,0.0,0.0
3,30-34,unvaccinated,0.6403124237432848,7.244998274671981,0.0,0.0
3,30-34,old_vaccine,0.0,0.0,0.0,0.0
3,30-34,new_vaccine,0.0,0.0,0.0,0.0
3,35-39,unvaccinated,0.6633249580710799,10.322790320451151,0.0,0.0
3,35-39,old_vaccine,0.0,0.0,0.0,0.0
3,35-39,new_vaccine,0.0,0.0,0.0,0.0
3,40-44,unvaccinated,0.7810249675906655,8.953211714239758,0.0,0.0
3,40-44,old_vaccine,0.0,0.0,0.0,0.0
3,40-44,new_vaccine,0.0,0.0,0.0,0.0
3,45-49,unvaccinated,0.4898979485566356,8.581375181169973,0.0,0.0
3,45-49,old_vaccine,0.0,0.0,0.0,0.0
3,45-49,new_vaccine,0.0,0.0,0.0,0.0
3,50-54,unvaccinated,1.7435595774162693,8.136338242723197,0.0,0.0
3,50-54,old_vaccine,0.0,0.0,0.0,0.0
3,50-54,new_vaccine,0.0,0.0,0.0,0.0
3,55-59,unvaccinated,3.612478373637688,6.252199612936233,0.0,0.0
3,55-59,old_vaccine,0.0,0.0,0.0,0.0
3,55-59,new_vaccine,0.0,0.0,0.0,0.0
3,60-64,unvaccinated,3.7429934544425802,6.856383886568778,0.0,0.0
3,60-64,old_vaccine,0.0,0.0,0.0,0.0
3,60-64,new_vaccine,0.0,0.0,0.0,0.0
3,65-69,unvaccinated,4.369210454990695,3.7696153649941535,0.0,0.0
3,65-69,old_vaccine,0.0,0.0,0.0,0.0
3,65-69,new_vaccine,0.0,0.0,0.0,0.0
3,70-74,unvaccinated,3.8742741255621036,3.660601043544625,1.4282856857085697,0.0
3,70-74,old_vaccine,0.0,0.0,0.0,0.0
3,70-74,new_vaccine,0.0,0.0,0.0,0.0
3,75+,unvaccinated,6.264183905346329,6.337191807101945,1.2041594578792296,0.0
3,75+,old_vaccine,0.0,0.0,0.0,0.0
3,75+,new_vaccine,0.0,0.0,0.0,0.0
4,0-4,unvaccinated,0.9219544457292888,8.35463942968217,0.0,0.0
4,0-4,old_vaccine,0.0,0.0,0.0,0.0
4,0-4,new_vaccine,0.0,0.0,0.0,0.0
4,5-9,unvaccinated,0.4,7.318469785412797,0.0,0.0
4,5-9,old_vaccine,0.0,0.0,0.0,0.0
4,5-9,new_vaccine,0.0,0.0,0.0,0.0
4,10-14,unvaccinated,0.0,8.754998572244315,0.0,0.0
4,10-14,old_vaccine,0.0,0.0,0.0,0.0
4,10-14,new_vaccine,0.0,0.0,0.0,0.0
4,15-19,unvaccinated,0.0,9.217374897442328,0.0,0.0
4,15-19,old_vaccine,0.0,0.0,0.0,0.0
4,15-19,new_vaccine,0.0,0.0,0.0,0.0
4,20-24,unvaccinated,0.7483314773547881,6.61513416341649,0.0,0.0
4,20-24,old_vaccine,0.0,0.0,0.0,0.0
4,20-24,new_vaccine,0.0,0.0,0.0,0.0
4,25-29,unvaccinated,0.8,9.110982383914482,0.0,0.0
4,25-29,old_vaccine,0.0,0.0,0.0,0.0
4,25-29,new_vaccine,0.0,0.0,0.0,0.0
4,30-34,unvaccinated,0.6403124237432848,6.6513156593263565,0.0,0.0
4,30-34,old_vaccine,0.0,0.0,0.0,0.0
4,30-34,new_vaccine,0.0,0.0,0.0,0.0
4,35-39,unvaccinated,0.6633249580710799,10.283968105745952,0.0,0.0
4,35-39,old_vaccine,0.0,0.0,0.0,0.0
4,35-39,new_vaccine,0.0,0.0,0.0,0.0
4,40-44,unvaccinated,0.7810249675906655,8.791473141629906,0.0,0.0
4,40-44,old_vaccine,0.0,0.0,0.0,0.0
4,40-44,new_vaccine,0.0,0.0,0.0,0.0
4,45-49,unvaccinated,0.66332495807108,8.178630692236935,0.0,0.0
4,45-49,old_vaccine,0.0,0.0,0.0,0.0
4,45-49,new_vaccine,0.0,0.0,0.0,0.0
4,50-54,unvaccinated,1.7349351572897471,8.248636250920512,0.0,0.0
4,50-54,old_vaccine,0.0,0.0,0.0,0.0
4,50-54,new_vaccine,0.0,0.0,0.0,0.0
4,55-59,unvaccinated,3.796050579220461,6.2960304954788775,0.0,0.0
4,55-59,old_vaccine,0.0,0.0,0.0,0.0
4,55-59,new_vaccine,0.0,0.0,0.0,0.0
4,60-64,unvaccinated,3.721558813185679,6.873136110975833,0.0,0.0
4,60-64,old_vaccine,0.0,0.0,0.0,0.0
4,60-64,new_vaccine,0.0,0.0,0.0,0.0
4,65-69,unvaccinated,3.853569773599539,3.903844259188627,0.0,0.0
4,65-69,old_vaccine,0.0,0.0,0.0,0.0
4,65-69,new_vaccine,0.0,0.0,0.0,0.0
4,70-74,unvaccinated,4.029888335921978,3.716180835212409,1.4282856857085697,0.0
4,70-74,old_vaccine,0.0,0.0,0.0,0.0
4,70-74,new_vaccine,0.0,0.0,0.0,0.0
4,75+,unvaccinated,6.902897942168927,6.690291473471092,1.2041594578792296,0.0
4,75+,old_vaccine,0.0,0.0,0.0,0.0
4,75+,new_vaccine,0.0,0.0,0.0,0.0
5,0-4,unvaccinated,0.9,8.616263691415204,0.0,0.0
5,0-4,old_vaccine,0.0,0.0,0.0,0.0
5,0-4,new_vaccine,0.0,0.0,0.0,0.0
5,5-9,unvaccinated,0.4,7.074602462329598,0.0,0.0
5,5-9,old_vaccine,0.0,0.0,0.0,0.0
5,5-9,new_vaccine,0.0,0.0,0.0,0.0
5,10-14,unvaccinated,0.0,8.280096617793781,0.0,0.0
5,10-14,old_vaccine,0.0,0.0,0.0,0.0
5,10-14,new_vaccine,0.0,0.0,0.0,0.0
5,15-19,unvaccinated,0.0,9.381364506296514,0.0,0.0
5,15-19,old_vaccine,0.0,0.0,0.0,0.0
5,15-19,new_vaccine,0.0,0.0,0.0,0.0
5,20-24,unvaccinated,0.7483314773547881,6.441273166075168,0.0,0.0
5,20-24,old_vaccine,0.0,0.0,0.0,0.0
5,20-24,new_vaccine,0.0,0.0,0.0,0.0
5,25-29,unvaccinated,0.7810249675906655,9.751410154434078,0.0,0.0
5,25-29,old_vaccine,0.0,0.0,0.0,0.0
5,25-29,new_vaccine,0.0,0.0,0.0,0.0
5,30-34,unvaccinated,0.66332495807108,6.916646586316231,0.0,0.0
5,30-34,old_vaccine,0.0,0.0,0.0,0.0
5,30-34,new_vaccine,0.0,0.0,0.0,0.0
5,35-39,unvaccinated,0.6708203932499369,10.198529305738155,0.0,0.0
5,35-39,old_vaccine,0.0,0.0,0.0,0.0
5,35-39,new_vaccine,0.0,0.0,0.0,0.0
5,40-44,unvaccinated,0.9433981132056604,8.795453370918409,0.0,0.0
5,40-44,old_vaccine,0.0,0.0,0.0,0.0
5,40-44,new_vaccine,0.0,0.0,0.0,0.0
5,45-49,unvaccinated,1.0440306508910548,8.35523787812172,0.0,0.0
5,45-49,old_vaccine,0.0,0.0,0.0,0.0
5,45-49,new_vaccine,0.0,0.0,0.0,0.0
5,50-54,unvaccinated,1.57797338380595,8.541662601625047,0.0,0.0
5,50-54,old_vaccine,0.0,0.0,0.0,0.0
5,50-54,new_vaccine,0.0,0.0,0.0,0.0
5,55-59,unvaccinated,3.7629775444453553,6.359245238233858,0.0,0.0
5,55-59,old_vaccine,0.0,0.0,0.0,0.0
5,55-59,new_vaccine,0.0,0.0,0.0,0.0
5,60-64,unvaccinated,3.7416573867739413,7.096477999684067,0.0,0.0
5,60-64,old_vaccine,0.0,0.0,0.0,0.0
5,60-64,new_vaccine,0.0,0.0,0.0,0.0
5,65-69,unvaccinated,3.867815921162744,4.449719092257397,0.0,0.0
5,65-69,old_vaccine,0.0,0.0,0.0,0.0
5,65-69,new_vaccine,0.0,0.0,0.0,0.0
5,70-74,unvaccinated,3.8262252939417976,3.905124837953327,1.5524174696260025,0.0
5,70-74,old_vaccine,0.0,0.0,0.0,0.0
5,70-74,new_vaccine,0.0,0.0,0.0,0.0
5,75+,unvaccinated,7.063285354564122,6.957010852370435,1.2041594578792296,0.0
5,75+,old_vaccine,0.0,0.0,0.0,0.0
5,75+,new_vaccine,0.0,0.0,0.0,0.0
6,0-4,unvaccinated,0.9433981132056604,8.722958213817144,0.0,0.0
6,0-4,old_vaccine,0.0,0.0,0.0,0.0
6,0-4,new_vaccine,0.0,0.0,0.0,0.0
6,5-9,unvaccinated,0.458257569495584,7.332121111929346,0.0,0.0
6,5-9,old_vaccine,0.0,0.0,0.0,0.0
6,5-9,new_vaccine,0.0,0.0,0.0,0.0
6,10-14,unvaccinated,0.0,8.686195945291585,0.0,0.0
6,10-14,old_vaccine,0.0,0.0,0.0,0.0
6,10-14,new_vaccine,0.0,0.0,0.0,0.0
6,15-19,unvaccinated,0.0,9.470480452437458,0.0,0.0
6,15-19,old_vaccine,0.0,0.0,0.0,0.0
6,15-19,new_vaccine,0.0,0.0,0.0,0.0
6,20-24,unvaccinated,0.8306623862918074,6.360031446463138,0.0,0.0
6,20-24,old_vaccine,0.0,0.0,0.0,0.0
6,20-24,new_vaccine,0.0,0.0,0.0,0.0
6,25-29,unvaccinated,0.9433981132056604,9.474175425861608,0.0,0.0
6,25-29,old_vaccine,0.0,0.0,0.0,0.0
6,25-29,new_vaccine,0.0,0.0,0.0,0.0
6,30-34,unvaccinated,0.8062257748298549,6.974955196988722,0.0,0.0
6,30-34,old_vaccine,0.0,0.0,0.0,0.0
6,30-34,new_vaccine,0.0,0.0,0.0,0.0
6,35-39,unvaccinated,0.66332495807108,10.632027088001609,0.0,0.0
6,35-39,old_vaccine,0.0,0.0,0.0,0.0
6,35-39,new_vaccine,0.0,0.0,0.0,0.0
6,40-44,unvaccinated,1.1357816691600546,9.055937278934746,0.0,0.0
6,40-44,old_vaccine,0.0,0.0,0.0,0.0
6,40-44,new_vaccine,0.0,0.0,0.0,0.0
6,45-49,unvaccinated,1.0440306508910548,8.46699474429977,0.0,0.0
6,45-49,old_vaccine,0.0,0.0,0.0,0.0
6,45-49,new_vaccine,0.0,0.0,0.0,0.0
6,50-54,unvaccinated,1.8330302779823353,8.738420909981391,0.0,0.0
6,50-54,old_vaccine,0.0,0.0,0.0,0.0
6,50-54,new_vaccine,0.0,0.0,0.0,0.0
6,55-59,unvaccinated,3.6891733491393444,6.558200972827839,0.0,0.0
6,55-59,old_vaccine,0.0,0.0,0.0,0.0
6,55-59,new_vaccine,0.0,0.0,0.0,0.0
6,60-64,unvaccinated,3.848376280978771,7.116881339463235,0.0,0.0
6,60-64,old_vaccine,0.0,0.0,0.0,0.0
6,60-64,new_vaccine,0.0,0.0,0.0,0.0
6,65-69,unvaccinated,4.148493702538308,4.354308211415448,0.0,0.0
6,65-69,old_vaccine,0.0,0.0,0.0,0.0
6,65-69,new_vaccine,0.0,0.0,0.0,0.0
6,70-74,unvaccinated,3.872983346207417,3.9242833740697165,1.5524174696260025,0.0
6,70-74,old_vaccine,0.0,0.0,0.0,0.0
6,70-74,new_vaccine,0.0,0.0,0.0,0.0
6,75+,unvaccinated,7.416872656315465,6.841783393238927,1.3564659966250536,0.0
6,75+,old_vaccine,0.0,0.0,0.0,0.0
6,75+,new_vaccine,0.0,0.0,0.0,0.0
7,0-4,unvaccinated,0.8944271909999159,8.745856161634496,0.0,0.0
7,0-4,old_vaccine,0.0,0.0,0.0,0.0
7,0-4,new_vaccine,0.0,0.0,0.0,0.0
7,5-9,unvaccinated,0.4898979485566356,7.340980860893181,0.0,0.0
7,5-9,old_vaccine,0.0,0.0,0.0,0.0
7,5-9,new_vaccine,0.0,0.0,0.0,0.0
7,10-14,unvaccinated,0.0,9.330058949438637,0.0,0.0
7,10-14,old_vaccine,0.0,0.0,0.0,0.0
7,10-14,new_vaccine,0.0,0.0,0.0,0.0
7,15-19,unvaccinated,0.0,9.627564593395359,0.0,0.0
7,15-19,old_vaccine,0.0,0.0,0.0,0.0
7,15-19,new_vaccine,0.0,0.0,0.0,0.0
7,20-24,unvaccinated,0.7745966692414834,6.456779382943169,0.0,0.0
7,20-24,old_vaccine,0.0,0.0,0.0,0.0
7,20-24,new_vaccine,0.0,0.0,0.0,0.0
7,25-29,unvaccinated,0.9433981132056604,9.66643677887566,0.0,0.0
7,25-29,old_vaccine,0.0,0.0,0.0,0.0
7,25-29,new_vaccine,0.0,0.0,0.0,0.0
7,30-34,unvaccinated,0.7999999999999998,7.102816342831904,0.0,0.0
7,30-34,old_vaccine,0.0,0.0,0.0,0.0
7,30-34,new_vaccine,0.0,0.0,0.0,0.0
7,35-39,unvaccinated,0.6403124237432849,10.833282051160671,0.0,0.0
7,35-39,old_vaccine,0.0,0.0,0.0,0.0
7,35-39,new_vaccine,0.0,0.0,0.0,0.0
7,40-44,unvaccinated,1.16619037896906,9.264987857520378,0.0,0.0
7,40-44,old_vaccine,0.0,0.0,0.0,0.0
7,40-44,new_vaccine,0.0,0.0,0.0,0.0
7,45-49,unvaccinated,1.0440306508910548,8.676981041814022,0.0,0.0
7,45-49,old_vaccine,0.0,0.0,0.0,0.0
7,45-49,new_vaccine,0.0,0.0,0.0,0.0
7,50-54,unvaccinated,1.8330302779823353,9.230926280715277,0.0,0.0
7,50-54,old_vaccine,0.0,0.0,0.0,0.0
7,50-54,new_vaccine,0.0,0.0,0.0,0.0
7,55-59,unvaccinated,3.8223029707232783,6.481512169239522,0.0,0.0
7,55-59,old_vaccine,0.0,0.0,0.0,0.0
7,55-59,new_vaccine,0.0,0.0,0.0,0.0
7,60-64,unvaccinated,4.011234224026316,7.113367697511496,0.0,0.0
7,60-64,old_vaccine,0.0,0.0,0.0,0.0
7,60-64,new_vaccine,0.0,0.0,0.0,0.0
7,65-69,unvaccinated,4.220189569201837,4.544227107000705,0.0,0.0
7,65-69,old_vaccine,0.0,0.0,0.0,0.0
7,65-69,new_vaccine,0.0,0.0,0.0,0.0
7,70-74,unvaccinated,3.7469987990390377,4.06939798987516,1.5524174696260025,0.0
7,70-74,old_vaccine,0.0,0.0,0.0,0.0
7,70-74,new_vaccine,0.0,0.0,0.0,0.0
7,75+,unvaccinated,7.0313583324987805,6.931089380465384,1.3564659966250536,0.0
7,75+,old_vaccine,0.0,0.0,0.0,0.0
7,75+,new_vaccine,0.0,0.0,0.0,0.0
8,0-4,unvaccinated,0.8306623862918073,8.879752248796136,0.0,0.0
8,0-4,old_vaccine,0.0,0.0,0.0,0.0
8,0-4,new_vaccine,0.0,0.0,0.0,0.0
8,5-9,unvaccinated,0.4898979485566356,7.74919350642375,0.0,0.0
8,5-9,old_vaccine,0.0,0.0,0.0,0.0
8,5-9,new_vaccine,0.0,0.0,0.0,0.0
8,10-14,unvaccinated,0.0,8.910667763978184,0.0,0.0
8,10-14,old_vaccine,0.0,0.0,0.0,0.0
8,10-14,new_vaccine,0.0,0.0,0.0,0.0
8,15-19,unvaccinated,0.0,9.644169222903543,0.0,0.0
8,15-19,old_vaccine,0.0,0.0,0.0,0.0
8,15-19,new_vaccine,0.0,0.0,0.0,0.0
8,20-24,unvaccinated,0.7745966692414834,6.690291473471094,0.0,0.0
8,20-24,old_vaccine,0.0,0.0,0.0,0.0
8,20-24,new_vaccine,0.0,0.0,0.0,0.0
8,25-29,unvaccinated,0.9433981132056604,9.867117106835206,0.0,0.0
8,25-29,old_vaccine,0.0,0.0,0.0,0.0
8,25-29,new_vaccine,0.0,0.0,0.0,0.0
8,30-34,unvaccinated,0.9000000000000002,7.4087785767965855,0.0,0.0
8,30-34,old_vaccine,0.0,0.0,0.0,0.0
8,30-34,new_vaccine,0.0,0.0,0.0,0.0
8,35-39,unvaccinated,0.8944271909999159,11.137324633860686,0.0,0.0
8,35-39,old_vaccine,0.0,0.0,0.0,0.0
8,35-39,new_vaccine,0.0,0.0,0.0,0.0
8,40-44,unvaccinated,1.16619037896906,9.36162379077476,0.0,0.0
8,40-44,old_vaccine,0.0,0.0,0.0,0.0
8,40-44,new_vaccine,0.0,0.0,0.0,0.0
8,45-49,unvaccinated,1.16619037896906,8.924124606929238,0.0,0.0
8,45-49,old_vaccine,0.0,0.0,0.0,0.0
8,45-49,new_vaccine,0.0,0.0,0.0,0.0
8,50-54,unvaccinated,1.9078784028338915,9.442457307290299,0.0,0.0
8,50-54,old_vaccine,0.0,0.0,0.0,0.0
8,50-54,new_vaccine,0.0,0.0,0.0,0.0
8,55-59,unvaccinated,3.5623026261113737,6.615134163416489,0.0,0.0
8,55-59,old_vaccine,0.0,0.0,0.0,0.0
8,55-59,new_vaccine,0.0,0.0,0.0,0.0
8,60-64,unvaccinated,3.9357337308308864,7.200000000000002,0.0,0.0
8,60-64,old_vaccine,0.0,0.0,0.0,0.0
8,60-64,new_vaccine,0.0,0.0,0.0,0.0
8,65-69,unvaccinated,4.224926034855521,4.651881339845203,0.0,0.0
8,65-69,old_vaccine,0.0,0.0,0.0,0.0
8,65-69,new_vaccine,0.0,0.0,0.0,0.0
8,70-74,unvaccinated,3.5552777669262365,4.1521078984053394,1.5524174696260025,0.0
8,70-74,old_vaccine,0.0,0.0,0.0,0.0
8,70-74,new_vaccine,0.0,0.0,0.0,0.0
8,75+,unvaccinated,6.963476143421472,6.768308503607087,1.3564659966250536,0.0
8,75+,old_vaccine,0.0,0.0,0.0,0.0
8,75+,new_vaccine,0.0,0.0,0.0,0.0
9,0-4,unvaccinated,0.8306623862918073,8.567963585356793,0.0,0.0
9,0-4,old_vaccine,0.0,0.0,0.0,0.0
9,0-4,new_vaccine,0.0,0.0,0.0,0.0
9,5-9,unvaccinated,0.458257569495584,7.618398781896361,0.0,0.0
9,5-9,old_vaccine,0.0,0.0,0.0,0.0
9,5-9,new_vaccine,0.0,0.0,0.0,0.0
9,10-14,unvaccinated,0.0,8.77724330299667,0.0,0.0
9,10-14,old_vaccine,0.0,0.0,0.0,0.0
9,10-14,new_vaccine,0.0,0.0,0.0,0.0
9,15-19,unvaccinated,0.0,9.141115905621154,0.0,0.0
9,15-19,old_vaccine,0.0,0.0,0.0,0.0
9,15-19,new_vaccine,0.0,0.0,0.0,0.0
9,20-24,unvaccinated,0.9433981132056604,6.888396039717809,0.0,0.0
9,20-24,old_vaccine,0.0,0.0,0.0,0.0
9,20-24,new_vaccine,0.0,0.0,0.0,0.0
9,25-29,unvaccinated,1.077032961426901,9.994498486667558,0.0,0.0
9,25-29,old_vaccine,0.0,0.0,0.0,0.0
9,25-29,new_vaccine,0.0,0.0,0.0,0.0
9,30-34,unvaccinated,0.9165151389911677,7.57891812859857,0.0,0.0
9,30-34,old_vaccine,0.0,0.0,0.0,0.0
9,30-34,new_vaccine,0.0,0.0,0.0,0.0
9,35-39,unvaccinated,0.8999999999999999,11.445523142259598,0.0,0.0
9,35-39,old_vaccine,0.0,0.0,0.0,0.0
9,35-39,new_vaccine,0.0,0.0,0.0,0.0
9,40-44,unvaccinated,1.16619037896906,9.624967532412771,0.0,0.0
9,40-44,old_vaccine,0.0,0.0,0.0,0.0
9,40-44,new_vaccine,0.0,0.0,0.0,0.0
9,45-49,unvaccinated,1.16619037896906,8.865664103720603,0.0,0.0
9,45-49,old_vaccine,0.0,0.0,0.0,0.0
9,45-49,new_vaccine,0.0,0.0,0.0,0.0
9,50-54,unvaccinated,1.9078784028338915,8.910667763978184,0.0,0.0
9,50-54,old_vaccine,0.0,0.0,0.0,0.0
9,50-54,new_vaccine,0.0,0.0,0.0,0.0
9,55-59,unvaccinated,3.4871191548325395,6.881860213634102,0.0,0.0
9,55-59,old_vaccine,0.0,0.0,0.0,0.0
9,55-59,new_vaccine,0.0,0.0,0.0,0.0
9,60-64,unvaccinated,3.768288736283355,7.313685801290619,0.0,0.0
9,60-64,old_vaccine,0.0,0.0,0.0,0.0
9,60-64,new_vaccine,0.0,0.0,0.0,0.0
9,65-69,unvaccinated,4.354308211415447,4.651881339845203,0.0,0.0
9,65-69,old_vaccine,0.0,0.0,0.0,0.0
9,65-69,new_vaccine,0.0,0.0,0.0,0.0
9,70-74,unvaccinated,3.4871191548325395,4.1036569057366385,1.5524174696260025,0.0
9,70-74,old_vaccine,0.0,0.0,0.0,0.0
9,70-74,new_vaccine,0.0,0.0,0.0,0.0
9,75+,unvaccinated,6.982836100038433,6.561249880929701,1.3564659966250536,0.0
9,75+,old_vaccine,0.0,0.0,0.0,0.0
9,75+,new_vaccine,0.0,0.0,0.0,0.0
10,0-4,unvaccinated,0.7745966692414834,8.438601779915913,0.0,0.0
10,0-4,old_vaccine,0.0,0.0,0.0,0.0
10,0-4,new_vaccine,0.0,0.0,0.0,0.0
10,5-9,unvaccinated,0.458257569495584,7.5637292389402715,0.0,0.0
10,5-9,old_vaccine,0.0,0.0,0.0,0.0
10,5-9,new_vaccine,0.0,0.0,0.0,0.0
10,10-14,unvaccinated,0.0,8.4,0.0,0.0
10,10-14,old_vaccine,0.0,0.0,0.0,0.0
10,10-14,new_vaccine,0.0,0.0,0.0,0.0
10,15-19,unvaccinated,0.0,8.795453370918406,0.0,0.0
10,15-19,old_vaccine,0.0,0.0,0.0,0.0
10,15-19,new_vaccine,0.0,0.0,0.0,0.0
10,20-24,unvaccinated,0.9433981132056604,6.899275324264138,0.0,0.0
10,20-24,old_vaccine,0.0,0.0,0.0,0.0
10,20-24,new_vaccine,0.0,0.0,0.0,0.0
10,25-29,unvaccinated,0.9433981132056604,9.912113800799505,0.0,0.0
10,25-29,old_vaccine,0.0,0.0,0.0,0.0
10,25-29,new_vaccine,0.0,0.0,0.0,0.0
10,30-34,unvaccinated,0.9165151389911677,7.65571681816928,0.0,0.0
10,30-34,old_vaccine,0.0,0.0,0.0,0.0
10,30-34,new_vaccine,0.0,0.0,0.0,0.0
10,35-39,unvaccinated,0.8999999999999999,11.498260738042084,0.0,0.0
10,35-39,old_vaccine,0.0,0.0,0.0,0.0
10,35-39,new_vaccine,0.0,0.0,0.0,0.0
10,40-44,unvaccinated,0.9433981132056604,9.002221947941523,0.0,0.0
10,40-44,old_vaccine,0.0,0.0,0.0,0.0
10,40-44,new_vaccine,0.0,0.0,0.0,0.0
10,45-49,unvaccinated,1.0,9.239047569960876,0.0,0.0
10,45-49,old_vaccine,0.0,0.0,0.0,0.0
10,45-49,new_vaccine,0.0,0.0,0.0,0.0
10,50-54,unvaccinated,1.791647286716892,8.888194417315589,0.0,0.0
10,50-54,old_vaccine,0.0,0.0,0.0,0.0
10,50-54,new_vaccine,0.0,0.0,0.0,0.0
10,55-59,unvaccinated,3.4481879299133325,6.564297372910524,0.0,0.0
10,55-59,old_vaccine,0.0,0.0,0.0,0.0
10,55-59,new_vaccine,0.0,0.0,0.0,0.0
10,60-64,unvaccinated,3.8327535793473597,7.211102550927978,0.0,0.0
10,60-64,old_vaccine,0.0,0.0,0.0,0.0
10,60-64,new_vaccine,0.0,0.0,0.0,0.0
10,65-69,unvaccinated,4.561797891182819,4.454211490264017,0.0,0.0
10,65-69,old_vaccine,0.0,0.0,0.0,0.0
10,65-69,new_vaccine,0.0,0.0,0.0,0.0
10,70-74,unvaccinated,3.6386810797320495,3.6932370625238766,1.5524174696260025,0.0
10,70-74,old_vaccine,0.0,0.0,0.0,0.0
10,70-74,new_vaccine,0.0,0.0,0.0,0.0
10,75+,unvaccinated,6.640030120413612,6.5,1.2688577540449522,0.0
10,75+,old_vaccine,0.0,0.0,0.0,0.0
10,75+,new_vaccine,0.0,0.0,0.0,0.0
11,0-4,unvaccinated,0.7745966692414834,8.126499861564016,0.0,0.0
11,0-4,old_vaccine,0.0,0.0,0.0,0.0
11,0-4,new_vaccine,0.0,0.0,0.0,0.0
11,5-9,unvaccinated,0.458257569495584,7.838367176906171,0.0,0.0
11,5-9,old_vaccine,0.0,0.0,0.0,0.0
11,5-9,new_vaccine,0.0,0.0,0.0,0.0
11,10-14,unvaccinated,0.0,8.534635317340745,0.0,0.0
11,10-14,old_vaccine,0.0,0.0,0.0,0.0
11,10-14,new_vaccine,0.0,0.0,0.0,0.0
11,15-19,unvaccinated,0.0,8.511169132381289,0.0,0.0
11,15-19,old_vaccine,0.0,0.0,0.0,0.0
11,15-19,new_vaccine,0.0,0.0,0.0,0.0
11,20-24,unvaccinated,0.9433981132056604,6.852736679604726,0.0,0.0
11,20-24,old_vaccine,0.0,0.0,0.0,0.0
11,20-24,new_vaccine,0.0,0.0,0.0,0.0
11,25-29,unvaccinated,0.9433981132056604,10.4,0.0,0.0
11,25-29,old_vaccine,0.0,0.0,0.0,0.0
11,25-29,new_vaccine,0.0,0.0,0.0,0.0
11,30-34,unvaccinated,1.113552872566004,7.644605941446553,0.0,0.0
11,30-34,old_vaccine,0.0,0.0,0.0,0.0
11,30-34,new_vaccine,0.0,0.0,0.0,0.0
11,35-39,unvaccinated,0.8999999999999999,11.510430052782565,0.0,0.0
11,35-39,old_vaccine,0.0,0.0,0.0,0.0
11,35-39,new_vaccine,0.0,0.0,0.0,0.0
11,40-44,unvaccinated,0.7745966692414834,9.404786015641184,0.0,0.0
11,40-44,old_vaccine,0.0,0.0,0.0,0.0
11,40-44,new_vaccine,0.0,0.0,0.0,0.0
11,45-49,unvaccinated,0.8717797887081346,9.319334740205441,0.0,0.0
11,45-49,old_vaccine,0.0,0.0,0.0,0.0
11,45-49,new_vaccine,0.0,0.0,0.0,0.0
11,50-54,unvaccinated,1.8867962264113205,8.556284240252893,0.0,0.0
11,50-54,old_vaccine,0.0,0.0,0.0,0.0
11,50-54,new_vaccine,0.0,0.0,0.0,0.0
11,55-59,unvaccinated,3.226453160980335,6.280127387243034,0.0,0.0
11,55-59,old_vaccine,0.0,0.0,0.0,0.0
11,55-59,new_vaccine,0.0,0.0,0.0,0.0
11,60-64,unvaccinated,4.006245124802025,7.068238818828915,0.0,0.0
11,60-64,old_vaccine,0.0,0.0,0.0,0.0
11,60-64,new_vaccine,0.0,0.0,0.0,0.0
11,65-69,unvaccinated,4.377213725647859,3.974921382870358,0.0,0.0
11,65-69,old_vaccine,0.0,0.0,0.0,0.0
11,65-69,new_vaccine,0.0,0.0,0.0,0.0
11,70-74,unvaccinated,3.600000000000001,3.6331804249169903,1.5524174696260025,0.0
11,70-74,old_vaccine,0.0,0.0,0.0,0.0
11,70-74,new_vaccine,0.0,0.0,0.0,0.0
11,75+,unvaccinated,6.400000000000003,6.43739077577243,1.113552872566004,0.0
11,75+,old_vaccine,0.0,0.0,0.0,0.0
11,75+,new_vaccine,0.0,0.0,0.0,0.0
12,0-4,unvaccinated,0.8944271909999159,7.854298186343577,0.0,0.0
12,0-4,old_vaccine,0.0,0.0,0.0,0.0
12,0-4,new_vaccine,0.0,0.0,0.0,0.0
12,5-9,unvaccinated,0.458257569495584,8.009993757800313,0.0,0.0
12,5-9,old_vaccine,0.0,0.0,0.0,0.0
12,5-9,new_vaccine,0.0,0.0,0.0,0.0
12,10-14,unvaccinated,0.0,8.729833904490969,0.0,0.0
12,10-14,old_vaccine,0.0,0.0,0.0,0.0
12,10-14,new_vaccine,0.0,0.0,0.0,0.0
12,15-19,unvaccinated,0.0,8.428523002282189,0.0,0.0
12,15-19,old_vaccine,0.0,0.0,0.0,0.0
12,15-19,new_vaccine,0.0,0.0,0.0,0.0
12,20-24,unvaccinated,0.9433981132056604,6.972087205421347,0.0,0.0
12,20-24,old_vaccine,0.0,0.0,0.0,0.0
12,20-24,new_vaccine,0.0,0.0,0.0,0.0
12,25-29,unvaccinated,1.0,10.161200716450788,0.0,0.0
12,25-29,old_vaccine,0.0,0.0,0.0,0.0
12,25-29,new_vaccine,0.0,0.0,0.0,0.0
12,30-34,unvaccinated,1.113552872566004,7.184010022264727,0.0,0.0
12,30-34,old_vaccine,0.0,0.0,0.0,0.0
12,30-34,new_vaccine,0.0,0.0,0.0,0.0
12,35-39,unvaccinated,0.8999999999999999,11.79025020938911,0.0,0.0
12,35-39,old_vaccine,0.0,0.0,0.0,0.0
12,35-39,new_vaccine,0.0,0.0,0.0,0.0
12,40-44,unvaccinated,0.8306623862918074,9.425497334358539,0.0,0.0
12,40-44,old_vaccine,0.0,0.0,0.0,0.0
12,40-44,new_vaccine,0.0,0.0,0.0,0.0
12,45-49,unvaccinated,0.8717797887081346,9.340235543068495,0.0,0.0
12,45-49,old_vaccine,0.0,0.0,0.0,0.0
12,45-49,new_vaccine,0.0,0.0,0.0,0.0
12,50-54,unvaccinated,1.7320508075688772,8.393449827097317,0.0,0.0
12,50-54,old_vaccine,0.0,0.0,0.0,0.0
12,50-54,new_vaccine,0.0,0.0,0.0,0.0
12,55-59,unvaccinated,3.3226495451672298,6.3371918071019415,0.0,0.0
12,55-59,old_vaccine,0.0,0.0,0.0,0.0
12,55-59,new_vaccine,0.0,0.0,0.0,0.0
12,60-64,unvaccinated,4.044749683231337,6.767569726275453,0.0,0.0
12,60-64,old_vaccine,0.0,0.0,0.0,0.0
12,60-64,new_vaccine,0.0,0.0,0.0,0.0
12,65-69,unvaccinated,4.473253849269008,3.7094473981982814,0.0,0.0
12,65-69,old_vaccine,0.0,0.0,0.0,0.0
12,65-69,new_vaccine,0.0,0.0,0.0,0.0
12,70-74,unvaccinated,3.3526109228480423,3.52703841770968,1.5524174696260025,0.0
12,70-74,old_vaccine,0.0,0.0,0.0,0.0
12,70-74,new_vaccine,0.0,0.0,0.0,0.0
12,75+,unvaccinated,6.1000000000000005,6.236184731067545,1.113552872566004,0.0
12,75+,old_vaccine,0.0,0.0,0.0,0.0
12,75+,new_vaccine,0.0,0.0,0.0,0.0
13,0-4,unvaccinated,0.8306623862918074,8.146164741766519,0.0,0.0
13,0-4,old_vaccine,0.0,0.0,0.0,0.0
13,0-4,new_vaccine,0.0,0.0,0.0,0.0
13,5-9,unvaccinated,0.458257569495584,7.670723564306045,0.0,0.0
13,5-9,old_vaccine,0.0,0.0,0.0,0.0
13,5-9,new_vaccine,0.0,0.0,0.0,0.0
13,10-14,unvaccinated,0.0,8.170679286326198,0.0,0.0
13,10-14,old_vaccine,0.0,0.0,0.0,0.0
13,10-14,new_vaccine,0.0,0.0,0.0,0.0
13,15-19,unvaccinated,0.3,8.17312669668102,0.0,0.0
13,15-19,old_vaccine,0.0,0.0,0.0,0.0
13,15-19,new_vaccine,0.0,0.0,0.0,0.0
13,20-24,unvaccinated,0.9433981132056604,6.833008122342604,0.0,0.0
13,20-24,old_vaccine,0.0,0.0,0.0,0.0
13,20-24,new_vaccine,0.0,0.0,0.0,0.0
13,25-29,unvaccinated,0.8717797887081346,9.399999999999999,0.0,0.0
13,25-29,old_vaccine,0.0,0.0,0.0,0.0
13,25-29,new_vaccine,0.0,0.0,0.0,0.0
13,30-34,unvaccinated,1.113552872566004,7.231182475916369,0.0,0.0
13,30-34,old_vaccine,0.0,0.0,0.0,0.0
13,30-34,new_vaccine,0.0,0.0,0.0,0.0
13,35-39,unvaccinated,1.0440306508910548,10.934349546269319,0.0,0.0
13,35-39,old_vaccine,0.0,0.0,0.0,0.0
13,35-39,new_vaccine,0.0,0.0,0.0,0.0
13,40-44,unvaccinated,0.7483314773547881,9.184770002564026,0.0,0.0
13,40-44,old_vaccine,0.0,0.0,0.0,0.0
13,40-44,new_vaccine,0.0,0.0,0.0,0.0
13,45-49,unvaccinated,0.7810249675906655,9.330058949438637,0.0,0.0
13,45-49,old_vaccine,0.0,0.0,0.0,0.0
13,45-49,new_vaccine,0.0,0.0,0.0,0.0
13,50-54,unvaccinated,1.6401219466856725,8.077128202523467,0.0,0.0
13,50-54,old_vaccine,0.0,0.0,0.0,0.0
13,50-54,new_vaccine,0.0,0.0,0.0,0.0
13,55-59,unvaccinated,3.4942810419312296,6.225752966509353,0.0,0.0
13,55-59,old_vaccine,0.0,0.0,0.0,0.0
13,55-59,new_vaccine,0.0,0.0,0.0,0.0
13,60-64,unvaccinated,3.9357337308308855,6.584831053261732,0.0,0.0
13,60-64,old_vaccine,0.0,0.0,0.0,0.0
13,60-64,new_vaccine,0.0,0.0,0.0,0.0
13,65-69,unvaccinated,4.88262224629348,3.8000000000000007,0.0,0.0
13,65-69,old_vaccine,0.0,0.0,0.0,0.0
13,65-69,new_vaccine,0.0,0.0,0.0,0.0
13,70-74,unvaccinated,3.465544690232692,3.413209633175202,1.5524174696260025,0.0
13,70-74,old_vaccine,0.0,0.0,0.0,0.0
13,70-74,new_vaccine,0.0,0.0,0.0,0.0
13,75+,unvaccinated,6.2896740774065565,5.844655678480983,1.113552872566004,0.0
13,75+,old_vaccine,0.0,0.0,0.0,0.0
13,75+,new_vaccine,0.0,0.0,0.0,0.0
14,0-4,unvaccinated,0.8306623862918074,8.182909018191513,0.0,0.0
14,0-4,old_vaccine,0.0,0.0,0.0,0.0
14,0-4,new_vaccine,0.0,0.0,0.0,0.0
14,5-9,unvaccinated,0.458257569495584,7.537240874484507,0.0,0.0
14,5-9,old_vaccine,0.0,0.0,0.0,0.0
14,5-9,new_vaccine,0.0,0.0,0.0,0.0
14,10-14,unvaccinated,0.0,7.93473376995095,0.0,0.0
14,10-14,old_vaccine,0.0,0.0,0.0,0.0
14,10-14,new_vaccine,0.0,0.0,0.0,0.0
14,15-19,unvaccinated,0.3,7.965550828411051,0.0,0.0
14,15-19,old_vaccine,0.0,0.0,0.0,0.0
14,15-19,new_vaccine,0.0,0.0,0.0,0.0
14,20-24,unvaccinated,0.9433981132056604,6.209669878504012,0.0,0.0
14,20-24,old_vaccine,0.0,0.0,0.0,0.0
14,20-24,new_vaccine,0.0,0.0,0.0,0.0
14,25-29,unvaccinated,0.9,9.1104335791443,0.0,0.0
14,25-29,old_vaccine,0.0,0.0,0.0,0.0
14,25-29,new_vaccine,0.0,0.0,0.0,0.0
14,30-34,unvaccinated,1.0246950765959597,7.211795892841116,0.0,0.0
14,30-34,old_vaccine,0.0,0.0,0.0,0.0
14,30-34,new_vaccine,0.0,0.0,0.0,0.0
14,35-39,unvaccinated,0.9433981132056604,10.44270080008041,0.0,0.0
14,35-39,old_vaccine,0.0,0.0,0.0,0.0
14,35-39,new_vaccine,0.0,0.0,0.0,0.0
14,40-44,unvaccinated,0.7,8.685620300243388,0.0,0.0
14,40-44,old_vaccine,0.0,0.0,0.0,0.0
14,40-44,new_vaccine,0.0,0.0,0.0,0.0
14,45-49,unvaccinated,0.66332495807108,8.942035562443264,0.0,0.0
14,45-49,old_vaccine,0.0,0.0,0.0,0.0
14,45-49,new_vaccine,0.0,0.0,0.0,0.0
14,50-54,unvaccinated,1.6401219466856725,7.6315136113355635,0.0,0.0
14,50-54,old_vaccine,0.0,0.0,0.0,0.0
14,50-54,new_vaccine,0.0,0.0,0.0,0.0
14,55-59,unvaccinated,3.73630833845388,5.713142742834279,0.0,0.0
14,55-59,old_vaccine,0.0,0.0,0.0,0.0
14,55-59,new_vaccine,0.0,0.0,0.0,0.0
14,60-64,unvaccinated,3.789459064299283,6.499230723708769,0.0,0.0
14,60-64,old_vaccine,0.0,0.0,0.0,0.0
14,60-64,new_vaccine,0.0,0.0,0.0,0.0
14,65-69,unvaccinated,4.313930922024599,3.583294573433784,0.0,0.0
14,65-69,old_vaccine,0.0,0.0,0.0,0.0
14,65-69,new_vaccine,0.0,0.0,0.0,0.0
14,70-74,unvaccinated,3.429285639896449,3.3823069050575523,1.4282856857085697,0.0
14,70-74,old_vaccine,0.0,0.0,0.0,0.0
14,70-74,new_vaccine,0.0,0.0,0.0,0.0
14,75+,unvaccinated,6.257795138864806,5.844655678480983,1.113552872566004,0.0
14,75+,old_vaccine,0.0,0.0,0.0,0.0
14,75+,new_vaccine,0.0,0.0,0.0,0.0
15,0-4,unvaccinated,0.8717797887081346,7.965550828411051,0.0,0.0
15,0-4,old_vaccine,0.0,0.0,0.0,0.0
15,0-4,new_vaccine,0.0,0.0,0.0,0.0
15,5-9,unvaccinated,0.4,7.542545989253232,0.0,0.0
15,5-9,old_vaccine,0.0,0.0,0.0,0.0
15,5-9,new_vaccine,0.0,0.0,0.0,0.0
15,10-14,unvaccinated,0.0,8.059776671843954,0.0,0.0
15,10-14,old_vaccine,0.0,0.0,0.0,0.0
15,10-14,new_vaccine,0.0,0.0,0.0,0.0
15,15-19,unvaccinated,0.3,8.660254037844387,0.0,0.0
15,15-19,old_vaccine,0.0,0.0,0.0,0.0
15,15-19,new_vaccine,0.0,0.0,0.0,0.0
15,20-24,unvaccinated,0.9433981132056604,5.779273310719956,0.0,0.0
15,20-24,old_vaccine,0.0,0.0,0.0,0.0
15,20-24,new_vaccine,0.0,0.0,0.0,0.0
15,25-29,unvaccinated,0.8306623862918074,9.002777349240622,0.0,0.0
15,25-29,old_vaccine,0.0,0.0,0.0,0.0
15,25-29,new_vaccine,0.0,0.0,0.0,0.0
15,30-34,unvaccinated,0.8000000000000003,6.928924880528005,0.0,0.0
15,30-34,old_vaccine,0.0,0.0,0.0,0.0
15,30-34,new_vaccine,0.0,0.0,0.0,0.0
15,35-39,unvaccinated,0.7483314773547881,10.295630140987,0.0,0.0
15,35-39,old_vaccine,0.0,0.0,0.0,0.0
15,35-39,new_vaccine,0.0,0.0,0.0,0.0
15,40-44,unvaccinated,0.8717797887081349,8.663140308225419,0.0,0.0
15,40-44,old_vaccine,0.0,0.0,0.0,0.0
15,40-44,new_vaccine,0.0,0.0,0.0,0.0
15,45-49,unvaccinated,0.66332495807108,8.355237878121724,0.0,0.0
15,45-49,old_vaccine,0.0,0.0,0.0,0.0
15,45-49,new_vaccine,0.0,0.0,0.0,0.0
15,50-54,unvaccinated,1.7578395831246945,7.569015788066506,0.0,0.0
15,50-54,old_vaccine,0.0,0.0,0.0,0.0
15,50-54,new_vaccine,0.0,0.0,0.0,0.0
15,55-59,unvaccinated,3.7536648758246915,6.024118192731614,0.0,0.0
15,55-59,old_vaccine,0.0,0.0,0.0,0.0
15,55-59,new_vaccine,0.0,0.0,0.0,0.0
15,60-64,unvaccinated,3.9862262855989488,6.37495098020369,0.0,0.0
15,60-64,old_vaccine,0.0,0.0,0.0,0.0
15,60-64,new_vaccine,0.0,0.0,0.0,0.0
15,65-69,unvaccinated,4.098780306383839,3.694590640382233,0.0,0.0
15,65-69,old_vaccine,0.0,0.0,0.0,0.0
15,65-69,new_vaccine,0.0,0.0,0.0,0.0
15,70-74,unvaccinated,3.605551275463989,3.3778691508109073,1.4282856857085697,0.0
15,70-74,old_vaccine,0.0,0.0,0.0,0.0
15,70-74,new_vaccine,0.0,0.0,0.0,0.0
15,75+,unvaccinated,5.940538696111657,6.017474553332154,1.113552872566004,0.0
15,75+,old_vaccine,0.0,0.0,0.0,0.0
15,75+,new_vaccine,0.0,0.0,0.0,0.0
16,0-4,unvaccinated,0.8717797887081346,7.745966692414834,0.0,0.0
16,0-4,old_vaccine,0.0,0.0,0.0,0.0
16,0-4,new_vaccine,0.0,0.0,0.0,0.0
16,5-9,unvaccinated,0.4,7.039886362719218,0.0,0.0
16,5-9,old_vaccine,0.0,0.0,0.0,0.0
16,5-9,new_vaccine,0.0,0.0,0.0,0.0
16,10-14,unvaccinated,0.0,7.952358140828419,0.0,0.0
16,10-14,old_vaccine,0.0,0.0,0.0,0.0
16,10-14,new_vaccine,0.0,0.0,0.0,0.0
16,15-19,unvaccinated,0.3,8.772684879784524,0.0,0.0
16,15-19,old_vaccine,0.0,0.0,0.0,0.0
16,15-19,new_vaccine,0.0,0.0,0.0,0.0
16,20-24,unvaccinated,1.1874342087037917,6.115553940568263,0.0,0.0
16,20-24,old_vaccine,0.0,0.0,0.0,0.0
16,20-24,new_vaccine,0.0,0.0,0.0,0.0
16,25-29,unvaccinated,0.8306623862918074,8.182909018191513,0.0,0.0
16,25-29,old_vaccine,0.0,0.0,0.0,0.0
16,25-29,new_vaccine,0.0,0.0,0.0,0.0
16,30-34,unvaccinated,0.7810249675906652,6.618912297349163,0.0,0.0
16,30-34,old_vaccine,0.0,0.0,0.0,0.0
16,30-34,new_vaccine,0.0,0.0,0.0,0.0
16,35-39,unvaccinated,0.7483314773547881,9.939818911831342,0.0,0.0
16,35-39,old_vaccine,0.0,0.0,0.0,0.0
16,35-39,new_vaccine,0.0,0.0,0.0,0.0
16,40-44,unvaccinated,0.8306623862918073,8.845903006477066,0.0,0.0
16,40-44,old_vaccine,0.0,0.0,0.0,0.0
16,40-44,new_vaccine,0.0,0.0,0.0,0.0
16,45-49,unvaccinated,0.66332495807108,8.2975900115636,0.0,0.0
16,45-49,old_vaccine,0.0,0.0,0.0,0.0
16,45-49,new_vaccine,0.0,0.0,0.0,0.0
16,50-54,unvaccinated,1.6401219466856725,7.6870020163910455,0.0,0.0
16,50-54,old_vaccine,0.0,0.0,0.0,0.0
16,50-54,new_vaccine,0.0,0.0,0.0,0.0
16,55-59,unvaccinated,3.806573262134857,5.727128425310542,0.0,0.0
16,55-59,old_vaccine,0.0,0.0,0.0,0.0
16,55-59,new_vaccine,0.0,0.0,0.0,0.0
16,60-64,unvaccinated,3.954743986657038,6.569627082262737,0.0,0.0
16,60-64,old_vaccine,0.0,0.0,0.0,0.0
16,60-64,new_vaccine,0.0,0.0,0.0,0.0
16,65-69,unvaccinated,4.2059481689626175,3.640054944640259,0.0,0.0
16,65-69,old_vaccine,0.0,0.0,0.0,0.0
16,65-69,new_vaccine,0.0,0.0,0.0,0.0
16,70-74,unvaccinated,3.8327535793473606,2.9342801502242417,1.5524174696260025,0.0
16,70-74,old_vaccine,0.0,0.0,0.0,0.0
16,70-74,new_vaccine,0.0,0.0,0.0,0.0
16,75+,unvaccinated,6.049793384901669,5.878775382679628,1.113552872566004,0.0
16,75+,old_vaccine,0.0,0.0,0.0,0.0
16,75+,new_vaccine,0.0,0.0,0.0,0.0
17,0-4,unvaccinated,0.9,7.790378681424926,0.0,0.0
17,0-4,old_vaccine,0.0,0.0,0.0,0.0
17,0-4,new_vaccine,0.0,0.0,0.0,0.0
17,5-9,unvaccinated,0.4,7.4592224795886075,0.0,0.0
17,5-9,old_vaccine,0.0,0.0,0.0,0.0
17,5-9,new_vaccine,0.0,0.0,0.0,0.0
17,10-14,unvaccinated,0.0,8.11480129146734,0.0,0.0
17,10-14,old_vaccine,0.0,0.0,0.0,0.0
17,10-14,new_vaccine,0.0,0.0,0.0,0.0
17,15-19,unvaccinated,0.3,9.359487165438074,0.0,0.0
17,15-19,old_vaccine,0.0,0.0,0.0,0.0
17,15-19,new_vaccine,0.0,0.0,0.0,0.0
17,20-24,unvaccinated,0.9797958971132712,5.821511831131155,0.0,0.0
17,20-24,old_vaccine,0.0,0.0,0.0,0.0
17,20-24,new_vaccine,0.0,0.0,0.0,0.0
17,25-29,unvaccinated,0.8306623862918074,8.459314393022641,0.0,0.0
17,25-29,old_vaccine,0.0,0.0,0.0,0.0
17,25-29,new_vaccine,0.0,0.0,0.0,0.0
17,30-34,unvaccinated,0.8000000000000003,6.939740629158987,0.0,0.0
17,30-34,old_vaccine,0.0,0.0,0.0,0.0
17,30-34,new_vaccine,0.0,0.0,0.0,0.0
17,35-39,unvaccinated,0.7483314773547881,10.084145972763386,0.0,0.0
17,35-39,old_vaccine,0.0,0.0,0.0,0.0
17,35-39,new_vaccine,0.0,0.0,0.0,0.0
17,40-44,unvaccinated,0.8306623862918073,8.752713864853575,0.0,0.0
17,40-44,old_vaccine,0.0,0.0,0.0,0.0
17,40-44,new_vaccine,0.0,0.0,0.0,0.0
17,45-49,unvaccinated,0.4898979485566356,8.395832299420944,0.0,0.0
17,45-49,old_vaccine,0.0,0.0,0.0,0.0
17,45-49,new_vaccine,0.0,0.0,0.0,0.0
17,50-54,unvaccinated,1.6401219466856725,7.886697661252141,0.0,0.0
17,50-54,old_vaccine,0.0,0.0,0.0,0.0
17,50-54,new_vaccine,0.0,0.0,0.0,0.0
17,55-59,unvaccinated,3.6110940170535577,6.112282715974453,0.0,0.0
17,55-59,old_vaccine,0.0,0.0,0.0,0.0
17,55-59,new_vaccine,0.0,0.0,0.0,0.0
17,60-64,unvaccinated,3.848376280978771,6.852736679604727,0.0,0.0
17,60-64,old_vaccine,0.0,0.0,0.0,0.0
17,60-64,new_vaccine,0.0,0.0,0.0,0.0
17,65-69,unvaccinated,4.060788100849392,3.655133376499413,0.0,0.0
17,65-69,old_vaccine,0.0,0.0,0.0,0.0
17,65-69,new_vaccine,0.0,0.0,0.0,0.0
17,70-74,unvaccinated,4.431703961232067,3.065941943351178,1.5524174696260025,0.0
17,70-74,old_vaccine,0.0,0.0,0.0,0.0
17,70-74,new_vaccine,0.0,0.0,0.0,0.0
17,75+,unvaccinated,6.847627326307997,6.155485358604956,1.2041594578792296,0.0
17,75+,old_vaccine,0.0,0.0,0.0,0.0
17,75+,new_vaccine,0.0,0.0,0.0,0.0
18,0-4,unvaccinated,0.9,7.9724525711978975,0.0,0.0
18,0-4,old_vaccine,0.0,0.0,0.0,0.0
18,0-4,new_vaccine,0.0,0.0,0.0,0.0
18,5-9,unvaccinated,0.3,7.810889834071405,0.0,0.0
18,5-9,old_vaccine,0.0,0.0,0.0,0.0
18,5-9,new_vaccine,0.0,0.0,0.0,0.0
18,10-14,unvaccinated,0.0,7.896834808959852,0.0,0.0
18,10-14,old_vaccine,0.0,0.0,0.0,0.0
18,10-14,new_vaccine,0.0,0.0,0.0,0.0
18,15-19,unvaccinated,0.0,9.162968951164245,0.0,0.0
18,15-19,old_vaccine,0.0,0.0,0.0,0.0
18,15-19,new_vaccine,0.0,0.0,0.0,0.0
18,20-24,unvaccinated,1.004987562112089,5.903388857258176,0.0,0.0
18,20-24,old_vaccine,0.0,0.0,0.0,0.0
18,20-24,new_vaccine,0.0,0.0,0.0,0.0
18,25-29,unvaccinated,0.8306623862918074,8.692525524840288,0.0,0.0
18,25-29,old_vaccine,0.0,0.0,0.0,0.0
18,25-29,new_vaccine,0.0,0.0,0.0,0.0
18,30-34,unvaccinated,1.0246950765959597,6.982836100038438,0.0,0.0
18,30-34,old_vaccine,0.0,0.0,0.0,0.0
18,30-34,new_vaccine,0.0,0.0,0.0,0.0
18,35-39,unvaccinated,0.66332495807108,9.991996797437436,0.0,0.0
18,35-39,old_vaccine,0.0,0.0,0.0,0.0
18,35-39,new_vaccine,0.0,0.0,0.0,0.0
18,40-44,unvaccinated,0.8306623862918073,8.9044932477935,0.0,0.0
18,40-44,old_vaccine,0.0,0.0,0.0,0.0
18,40-44,new_vaccine,0.0,0.0,0.0,0.0
18,45-49,unvaccinated,0.5,8.452810183601663,0.0,0.0
18,45-49,old_vaccine,0.0,0.0,0.0,0.0
18,45-49,new_vaccine,0.0,0.0,0.0,0.0
18,50-54,unvaccinated,1.7000000000000002,7.972452571197899,0.0,0.0
18,50-54,old_vaccine,0.0,0.0,0.0,0.0
18,50-54,new_vaccine,0.0,0.0,0.0,0.0
18,55-59,unvaccinated,3.7202150475476543,6.118823416311342,0.0,0.0
18,55-59,old_vaccine,0.0,0.0,0.0,0.0
18,55-59,new_vaccine,0.0,0.0,0.0,0.0
18,60-64,unvaccinated,4.261455150532504,7.354590403278756,0.0,0.0
18,60-64,old_vaccine,0.0,0.0,0.0,0.0
18,60-64,new_vaccine,0.0,0.0,0.0,0.0
18,65-69,unvaccinated,4.1340053217188775,3.4770677301427426,0.0,0.0
18,65-69,old_vaccine,0.0,0.0,0.0,0.0
18,65-69,new_vaccine,0.0,0.0,0.0,0.0
18,70-74,unvaccinated,4.41021541423999,3.0594117081556695,1.5524174696260025,0.0
18,70-74,old_vaccine,0.0,0.0,0.0,0.0
18,70-74,new_vaccine,0.0,0.0,0.0,0.0
18,75+,unvaccinated,6.499230723708769,6.472248450113764,1.2041594578792296,0.0
18,75+,old_vaccine,0.0,0.0,0.0,0.0
18,75+,new_vaccine,0.0,0.0,0.0,0.0
19,0-4,unvaccinated,0.9219544457292888,7.725930364687478,0.0,0.0
19,0-4,old_vaccine,0.0,0.0,0.0,0.0
19,0-4,new_vaccine,0.0,0.0,0.0,0.0
19,5-9,unvaccinated,0.3,7.158212067269313,0.0,0.0
19,5-9,old_vaccine,0.0,0.0,0.0,0.0
19,5-9,new_vaccine,0.0,0.0,0.0,0.0
19,10-14,unvaccinated,0.0,8.38391316748927,0.0,0.0
19,10-14,old_vaccine,0.0,0.0,0.0,0.0
19,10-14,new_vaccine,0.0,0.0,0.0,0.0
19,15-19,unvaccinated,0.0,9.488940931421167,0.0,0.0
19,15-19,old_vaccine,0.0,0.0,0.0,0.0
19,15-19,new_vaccine,0.0,0.0,0.0,0.0
19,20-24,unvaccinated,1.004987562112089,6.450581369148057,0.0,0.0
19,20-24,old_vaccine,0.0,0.0,0.0,0.0
19,20-24,new_vaccine,0.0,0.0,0.0,0.0
19,25-29,unvaccinated,0.6403124237432849,9.013323471395003,0.0,0.0
19,25-29,old_vaccine,0.0,0.0,0.0,0.0
19,25-29,new_vaccine,0.0,0.0,0.0,0.0
19,30-34,unvaccinated,0.8000000000000003,6.545227268781429,0.0,0.0
19,30-34,old_vaccine,0.0,0.0,0.0,0.0
19,30-34,new_vaccine,0.0,0.0,0.0,0.0
19,35-39,unvaccinated,0.66332495807108,10.209799214480173,0.0,0.0
19,35-39,old_vaccine,0.0,0.0,0.0,0.0
19,35-39,new_vaccine,0.0,0.0,0.0,0.0
19,40-44,unvaccinated,0.8306623862918073,9.383496150156402,0.0,0.0
19,40-44,old_vaccine,0.0,0.0,0.0,0.0
19,40-44,new_vaccine,0.0,0.0,0.0,0.0
19,45-49,unvaccinated,0.45825756949558405,8.148619514985343,0.0,0.0
19,45-49,old_vaccine,0.0,0.0,0.0,0.0
19,45-49,new_vaccine,0.0,0.0,0.0,0.0
19,50-54,unvaccinated,1.7000000000000002,8.11233628494283,0.0,0.0
19,50-54,old_vaccine,0.0,0.0,0.0,0.0
19,50-54,new_vaccine,0.0,0.0,0.0,0.0
19,55-59,unvaccinated,3.884584919911006,6.406246951218786,0.0,0.0
19,55-59,old_vaccine,0.0,0.0,0.0,0.0
19,55-59,new_vaccine,0.0,0.0,0.0,0.0
19,60-64,unvaccinated,4.123105625617661,7.269112738154497,0.3,0.0
19,60-64,old_vaccine,0.0,0.0,0.0,0.0
19,60-64,new_vaccine,0.0,0.0,0.0,0.0
19,65-69,unvaccinated,4.1340053217188775,3.774917217635375,0.0,0.0
19,65-69,old_vaccine,0.0,0.0,0.0,0.0
19,65-69,new_vaccine,0.0,0.0,0.0,0.0
19,70-74,unvaccinated,4.6701177715342475,3.0413812651491097,1.5524174696260025,0.0
19,70-74,old_vaccine,0.0,0.0,0.0,0.0
19,70-74,new_vaccine,0.0,0.0,0.0,0.0
19,75+,unvaccinated,6.80367547726962,6.634003316248793,1.2041594578792296,0.0
19,75+,old_vaccine,0.0,0.0,0.0,0.0
19,75+,new_vaccine,0.0,0.0,0.0,0.0
20,0-4,unvaccinated,0.9219544457292888,8.331266410336427,0.0,0.0
20,0-4,old_vaccine,0.0,0.0,0.0,0.0
20,0-4,new_vaccine,0.0,0.0,0.0,0.0
20,5-9,unvaccinated,0.3,7.124605252222752,0.0,0.0
20,5-9,old_vaccine,0.0,0.0,0.0,0.0
20,5-9,new_vaccine,0.0,0.0,0.0,0.0
20,10-14,unvaccinated,0.3,8.535221145348258,0.0,0.0
20,10-14,old_vaccine,0.0,0.0,0.0,0.0
20,10-14,new_vaccine,0.0,0.0,0.0,0.0
20,15-19,unvaccinated,0.0,9.389355675444401,0.0,0.0
20,15-19,old_vaccine,0.0,0.0,0.0,0.0
20,15-19,new_vaccine,0.0,0.0,0.0,0.0
20,20-24,unvaccinated,1.1135528725660047,6.526867548832287,0.0,0.0
20,20-24,old_vaccine,0.0,0.0,0.0,0.0
20,20-24,new_vaccine,0.0,0.0,0.0,0.0
20,25-29,unvaccinated,0.66332495807108,8.879189152169246,0.0,0.0
20,25-29,old_vaccine,0.0,0.0,0.0,0.0
20,25-29,new_vaccine,0.0,0.0,0.0,0.0
20,30-34,unvaccinated,0.8062257748298549,6.264183905346333,0.0,0.0
20,30-34,old_vaccine,0.0,0.0,0.0,0.0
20,30-34,new_vaccine,0.0,0.0,0.0,0.0
20,35-39,unvaccinated,0.66332495807108,10.198039027185569,0.0,0.0
20,35-39,old_vaccine,0.0,0.0,0.0,0.0
20,35-39,new_vaccine,0.0,0.0,0.0,0.0
20,40-44,unvaccinated,0.8944271909999159,9.550392662084635,0.0,0.0
20,40-44,old_vaccine,0.0,0.0,0.0,0.0
20,40-44,new_vaccine,0.0,0.0,0.0,0.0
20,45-49,unvaccinated,0.5999999999999999,8.151073548925932,0.0,0.0
20,45-49,old_vaccine,0.0,0.0,0.0,0.0
20,45-49,new_vaccine,0.0,0.0,0.0,0.0
20,50-54,unvaccinated,1.9723082923316022,8.930845424706442,0.0,0.0
20,50-54,old_vaccine,0.0,0.0,0.0,0.0
20,50-54,new_vaccine,0.0,0.0,0.0,0.0
20,55-59,unvaccinated,3.9293765408777,6.484597134749391,0.0,0.0
20,55-59,old_vaccine,0.0,0.0,0.0,0.0
20,55-59,new_vaccine,0.0,0.0,0.0,0.0
20,60-64,unvaccinated,3.9799497484264794,7.269112738154497,0.3,0.0
20,60-64,old_vaccine,0.0,0.0,0.0,0.0
20,60-64,new_vaccine,0.0,0.0,0.0,0.0
20,65-69,unvaccinated,4.019950248448356,3.841874542459709,0.0,0.0
20,65-69,old_vaccine,0.0,0.0,0.0,0.0
20,65-69,new_vaccine,0.0,0.0,0.0,0.0
20,70-74,unvaccinated,4.775981574503821,3.1638584039112745,1.5524174696260025,0.0
20,70-74,old_vaccine,0.0,0.0,0.0,0.0
20,70-74,new_vaccine,0.0,0.0,0.0,0.0
20,75+,unvaccinated,6.277738446287801,6.82934843158555,1.2041594578792296,0.0
20,75+,old_vaccine,0.0,0.0,0.0,0.0
20,75+,new_vaccine,0.0,0.0,0.0,0.0
21,0-4,unvaccinated,0.916515138991168,8.426743143112883,0.0,0.0
21,0-4,old_vaccine,0.0,0.0,0.0,0.0
21,0-4,new_vaccine,0.0,0.0,0.0,0.0
21,5-9,unvaccinated,0.3,7.453858061433688,0.0,0.0
21,5-9,old_vaccine,0.0,0.0,0.0,0.0
21,5-9,new_vaccine,0.0,0.0,0.0,0.0
21,10-14,unvaccinated,0.3,8.910667763978184,0.0,0.0
21,10-14,old_vaccine,0.0,0.0,0.0,0.0
21,10-14,new_vaccine,0.0,0.0,0.0,0.0
21,15-19,unvaccinated,0.0,9.491575211733826,0.0,0.0
21,15-19,old_vaccine,0.0,0.0,0.0,0.0
21,15-19,new_vaccine,0.0,0.0,0.0,0.0
21,20-24,unvaccinated,1.284523257866513,6.067124524847008,0.0,0.0
21,20-24,old_vaccine,0.0,0.0,0.0,0.0
21,20-24,new_vaccine,0.0,0.0,0.0,0.0
21,25-29,unvaccinated,0.66332495807108,9.675226095549396,0.0,0.0
21,25-29,old_vaccine,0.0,0.0,0.0,0.0
21,25-29,new_vaccine,0.0,0.0,0.0,0.0
21,30-34,unvaccinated,0.7999999999999998,6.508456038109191,0.0,0.0
21,30-34,old_vaccine,0.0,0.0,0.0,0.0
21,30-34,new_vaccine,0.0,0.0,0.0,0.0
21,35-39,unvaccinated,0.6403124237432849,11.034491379306974,0.0,0.0
21,35-39,old_vaccine,0.0,0.0,0.0,0.0
21,35-39,new_vaccine,0.0,0.0,0.0,0.0
21,40-44,unvaccinated,1.0,9.602083107326242,0.0,0.0
21,40-44,old_vaccine,0.0,0.0,0.0,0.0
21,40-44,new_vaccine,0.0,0.0,0.0,0.0
21,45-49,unvaccinated,0.5999999999999999,8.560957890329798,0.0,0.0
21,45-49,old_vaccine,0.0,0.0,0.0,0.0
21,45-49,new_vaccine,0.0,0.0,0.0,0.0
21,50-54,unvaccinated,1.9723082923316018,8.946507698538015,0.0,0.0
21,50-54,old_vaccine,0.0,0.0,0.0,0.0
21,50-54,new_vaccine,0.0,0.0,0.0,0.0
21,55-59,unvaccinated,3.852272056851645,6.6663333249995835,0.0,0.0
21,55-59,old_vaccine,0.0,0.0,0.0,0.0
21,55-59,new_vaccine,0.0,0.0,0.0,0.0
21,60-64,unvaccinated,4.172529209005012,7.244998274671983,0.3,0.0
21,60-64,old_vaccine,0.0,0.0,0.0,0.0
21,60-64,new_vaccine,0.0,0.0,0.0,0.0
21,65-69,unvaccinated,4.467661580737735,4.123105625617661,0.0,0.0
21,65-69,old_vaccine,0.0,0.0,0.0,0.0
21,65-69,new_vaccine,0.0,0.0,0.0,0.0
21,70-74,unvaccinated,4.853864439804639,3.292415526630866,1.5362291495737215,0.0
21,70-74,old_vaccine,0.0,0.0,0.0,0.0
21,70-74,new_vaccine,0.0,0.0,0.0,0.0
21,75+,unvaccinated,6.296824596572467,6.900000000000001,1.2041594578792296,0.0
21,75+,old_vaccine,0.0,0.0,0.0,0.0
21,75+,new_vaccine,0.0,0.0,0.0,0.0
22,0-4,unvaccinated,0.916515138991168,8.328265125462806,0.0,0.0
22,0-4,old_vaccine,0.0,0.0,0.0,0.0
22,0-4,new_vaccine,0.0,0.0,0.0,0.0
22,5-9,unvaccinated,0.3,7.710382610480494,0.0,0.0
22,5-9,old_vaccine,0.0,0.0,0.0,0.0
22,5-9,new_vaccine,0.0,0.0,0.0,0.0
22,10-14,unvaccinated,0.3,8.964373932405993,0.0,0.0
22,10-14,old_vaccine,0.0,0.0,0.0,0.0
22,10-14,new_vaccine,0.0,0.0,0.0,0.0
22,15-19,unvaccinated,0.0,9.572878355019458,0.0,0.0
22,15-19,old_vaccine,0.0,0.0,0.0,0.0
22,15-19,new_vaccine,0.0,0.0,0.0,0.0
22,20-24,unvaccinated,1.284523257866513,6.720119046564579,0.0,0.0
22,20-24,old_vaccine,0.0,0.0,0.0,0.0
22,20-24,new_vaccine,0.0,0.0,0.0,0.0
22,25-29,unvaccinated,0.8,9.917661014573948,0.0,0.0
22,25-29,old_vaccine,0.0,0.0,0.0,0.0
22,25-29,new_vaccine,0.0,0.0,0.0,0.0
22,30-34,unvaccinated,0.7999999999999998,7.152621896899068,0.0,0.0
22,30-34,old_vaccine,0.0,0.0,0.0,0.0
22,30-34,new_vaccine,0.0,0.0,0.0,0.0
22,35-39,unvaccinated,0.66332495807108,11.252110913068712,0.0,0.0
22,35-39,old_vaccine,0.0,0.0,0.0,0.0
22,35-39,new_vaccine,0.0,0.0,0.0,0.0
22,40-44,unvaccinated,0.7745966692414834,9.635351576356728,0.0,0.0
22,40-44,old_vaccine,0.0,0.0,0.0,0.0
22,40-44,new_vaccine,0.0,0.0,0.0,0.0
22,45-49,unvaccinated,0.6324555320336758,9.008884503644168,0.0,0.0
22,45-49,old_vaccine,0.0,0.0,0.0,0.0
22,45-49,new_vaccine,0.0,0.0,0.0,0.0
22,50-54,unvaccinated,1.8973665961010275,9.03105752390051,0.0,0.0
22,50-54,old_vaccine,0.0,0.0,0.0,0.0
22,50-54,new_vaccine,0.0,0.0,0.0,0.0
22,55-59,unvaccinated,3.612478373637688,6.645299090334458,0.0,0.0
22,55-59,old_vaccine,0.0,0.0,0.0,0.0
22,55-59,new_vaccine,0.0,0.0,0.0,0.0
22,60-64,unvaccinated,3.9610604640676716,7.184010022264723,0.3,0.0
22,60-64,old_vaccine,0.0,0.0,0.0,0.0
22,60-64,new_vaccine,0.0,0.0,0.0,0.0
22,65-69,unvaccinated,4.984977432245807,4.024922359499622,0.0,0.0
22,65-69,old_vaccine,0.0,0.0,0.0,0.0
22,65-69,new_vaccine,0.0,0.0,0.0,0.0
22,70-74,unvaccinated,4.670117771534247,3.4409301068170492,1.5362291495737215,0.0
22,70-74,old_vaccine,0.0,0.0,0.0,0.0
22,70-74,new_vaccine,0.0,0.0,0.0,0.0
22,75+,unvaccinated,6.575712889109437,7.184010022264725,1.2041594578792296,0.0
22,75+,old_vaccine,0.0,0.0,0.0,0.0
22,75+,new_vaccine,0.0,0.0,0.0,0.0
23,0-4,unvaccinated,0.9,8.715503427800373,0.0,0.0
23,0-4,old_vaccine,0.0,0.0,0.0,0.0
23,0-4,new_vaccine,0.0,0.0,0.0,0.0
23,5-9,unvaccinated,0.3,7.769169839822012,0.0,0.0
23,5-9,old_vaccine,0.0,0.0,0.0,0.0
23,5-9,new_vaccine,0.0,0.0,0.0,0.0
23,10-14,unvaccinated,0.3,8.843641783790204,0.0,0.0
23,10-14,old_vaccine,0.0,0.0,0.0,0.0
23,10-14,new_vaccine,0.0,0.0,0.0,0.0
23,15-19,unvaccinated,0.0,8.848163651289456,0.0,0.0
23,15-19,old_vaccine,0.0,0.0,0.0,0.0
23,15-19,new_vaccine,0.0,0.0,0.0,0.0
23,20-24,unvaccinated,1.5,6.708203932499369,0.0,0.0
23,20-24,old_vaccine,0.0,0.0,0.0,0.0
23,20-24,new_vaccine,0.0,0.0,0.0,0.0
23,25-29,unvaccinated,0.8,9.80612053770501,0.0,0.0
23,25-29,old_vaccine,0.0,0.0,0.0,0.0
23,25-29,new_vaccine,0.0,0.0,0.0,0.0
23,30-34,unvaccinated,0.8062257748298549,7.590125163658371,0.0,0.0
23,30-34,old_vaccine,0.0,0.0,0.0,0.0
23,30-34,new_vaccine,0.0,0.0,0.0,0.0
23,35-39,unvaccinated,0.66332495807108,11.636580253665592,0.0,0.0
23,35-39,old_vaccine,0.0,0.0,0.0,0.0
23,35-39,new_vaccine,0.0,0.0,0.0,0.0
23,40-44,unvaccinated,0.7745966692414834,9.789790600416339,0.0,0.0
23,40-44,old_vaccine,0.0,0.0,0.0,0.0
23,40-44,new_vaccine,0.0,0.0,0.0,0.0
23,45-49,unvaccinated,0.6324555320336758,9.1192104921424,0.0,0.0
23,45-49,old_vaccine,0.0,0.0,0.0,0.0
23,45-49,new_vaccine,0.0,0.0,0.0,0.0
23,50-54,unvaccinated,1.86815416922694,8.986656775464391,0.0,0.0
23,50-54,old_vaccine,0.0,0.0,0.0,0.0
23,50-54,new_vaccine,0.0,0.0,0.0,0.0
23,55-59,unvaccinated,3.8742741255621023,6.634003316248796,0.0,0.0
23,55-59,old_vaccine,0.0,0.0,0.0,0.0
23,55-59,new_vaccine,0.0,0.0,0.0,0.0
23,60-64,unvaccinated,3.974921382870358,6.896375859826669,0.4,0.0
23,60-64,old_vaccine,0.0,0.0,0.0,0.0
23,60-64,new_vaccine,0.0,0.0,0.0,0.0
23,65-69,unvaccinated,4.904079934095691,4.011234224026316,0.0,0.0
23,65-69,old_vaccine,0.0,0.0,0.0,0.0
23,65-69,new_vaccine,0.0,0.0,0.0,0.0
23,70-74,unvaccinated,4.437341546466758,3.522782990761708,1.445683229480096,0.0
23,70-74,old_vaccine,0.0,0.0,0.0,0.0
23,70-74,new_vaccine,0.0,0.0,0.0,0.0
23,75+,unvaccinated,5.916079783099616,7.184010022264725,1.2041594578792296,0.0
23,75+,old_vaccine,0.0,0.0,0.0,0.0
23,75+,new_vaccine,0.0,0.0,0.0,0.0
24,0-4,unvaccinated,0.9,8.634813257969162,0.0,0.0
24,0-4,old_vaccine,0.0,0.0,0.0,0.0
24,0-4,new_vaccine,0.0,0.0,0.0,0.0
24,5-9,unvaccinated,0.4,7.735631842325485,0.0,0.0
24,5-9,old_vaccine,0.0,0.0,0.0,0.0
24,5-9,new_vaccine,0.0,0.0,0.0,0.0
24,10-14,unvaccinated,0.3,9.104394543296108,0.0,0.0
24,10-14,old_vaccine,0.0,0.0,0.0,0.0
24,10-14,new_vaccine,0.0,0.0,0.0,0.0
24,15-19,unvaccinated,0.0,8.784076502399097,0.0,0.0
24,15-19,old_vaccine,0.0,0.0,0.0,0.0
24,15-19,new_vaccine,0.0,0.0,0.0,0.0
24,20-24,unvaccinated,1.562049935181331,6.685057965343307,0.0,0.0
24,20-24,old_vaccine,0.0,0.0,0.0,0.0
24,20-24,new_vaccine,0.0,0.0,0.0,0.0
24,25-29,unvaccinated,0.7810249675906655,10.012492197250394,0.0,0.0
24,25-29,old_vaccine,0.0,0.0,0.0,0.0
24,25-29,new_vaccine,0.0,0.0,0.0,0.0
24,30-34,unvaccinated,0.66332495807108,7.321885003194192,0.0,0.0
24,30-34,old_vaccine,0.0,0.0,0.0,0.0
24,30-34,new_vaccine,0.0,0.0,0.0,0.0
24,35-39,unvaccinated,0.66332495807108,11.429785649783637,0.0,0.0
24,35-39,old_vaccine,0.0,0.0,0.0,0.0
24,35-39,new_vaccine,0.0,0.0,0.0,0.0
24,40-44,unvaccinated,0.8306623862918073,9.656603957913983,0.0,0.0
24,40-44,old_vaccine,0.0,0.0,0.0,0.0
24,40-44,new_vaccine,0.0,0.0,0.0,0.0
24,45-49,unvaccinated,0.6324555320336758,9.547774609824007,0.0,0.0
24,45-49,old_vaccine,0.0,0.0,0.0,0.0
24,45-49,new_vaccine,0.0,0.0,0.0,0.0
24,50-54,unvaccinated,1.6763054614240211,8.97162192694275,0.0,0.0
24,50-54,old_vaccine,0.0,0.0,0.0,0.0
24,50-54,new_vaccine,0.0,0.0,0.0,0.0
24,55-59,unvaccinated,4.036087214122114,6.264183905346329,0.0,0.0
24,55-59,old_vaccine,0.0,0.0,0.0,0.0
24,55-59,new_vaccine,0.0,0.0,0.0,0.0
24,60-64,unvaccinated,4.011234224026316,6.764613810115103,0.3,0.0
24,60-64,old_vaccine,0.0,0.0,0.0,0.0
24,60-64,new_vaccine,0.0,0.0,0.0,0.0
24,65-69,unvaccinated,5.083306010855533,4.001249804748511,0.0,0.0
24,65-69,old_vaccine,0.0,0.0,0.0,0.0
24,65-69,new_vaccine,0.0,0.0,0.0,0.0
24,70-74,unvaccinated,4.267317658670374,3.419064199455751,1.3266499161421599,0.0
24,70-74,old_vaccine,0.0,0.0,0.0,0.0
24,70-74,new_vaccine,0.0,0.0,0.0,0.0
24,75+,unvaccinated,5.657738063926256,6.768308503607087,1.2041594578792296,0.0
24,75+,old_vaccine,0.0,0.0,0.0,0.0
24,75+,new_vaccine,0.0,0.0,0.0,0.0
25,0-4,unvaccinated,0.916515138991168,8.417244204607588,0.0,0.0
25,0-4,old_vaccine,0.0,0.0,0.0,0.0
25,0-4,new_vaccine,0.0,0.0,0.0,0.0
25,5-9,unvaccinated,0.4,7.820485918406859,0.0,0.0
25,5-9,old_vaccine,0.0,0.0,0.0,0.0
25,5-9,new_vaccine,0.0,0.0,0.0,0.0
25,10-14,unvaccinated,0.4,8.663140308225419,0.0,0.0
25,10-14,old_vaccine,0.0,0.0,0.0,0.0
25,10-14,new_vaccine,0.0,0.0,0.0,0.0
25,15-19,unvaccinated,0.0,8.991106717195612,0.0,0.0
25,15-19,old_vaccine,0.0,0.0,0.0,0.0
25,15-19,new_vaccine,0.0,0.0,0.0,0.0
25,20-24,unvaccinated,1.6852299546352716,6.095900261651265,0.0,0.0
25,20-24,old_vaccine,0.0,0.0,0.0,0.0
25,20-24,new_vaccine,0.0,0.0,0.0,0.0
25,25-29,unvaccinated,0.7810249675906655,9.769339793455853,0.0,0.0
25,25-29,old_vaccine,0.0,0.0,0.0,0.0
25,25-29,new_vaccine,0.0,0.0,0.0,0.0
25,30-34,unvaccinated,0.66332495807108,7.717512552629895,0.0,0.0
25,30-34,old_vaccine,0.0,0.0,0.0,0.0
25,30-34,new_vaccine,0.0,0.0,0.0,0.0
25,35-39,unvaccinated,0.66332495807108,10.430723848324238,0.0,0.0
25,35-39,old_vaccine,0.0,0.0,0.0,0.0
25,35-39,new_vaccine,0.0,0.0,0.0,0.0
25,40-44,unvaccinated,0.8306623862918073,9.167878707749137,0.0,0.0
25,40-44,old_vaccine,0.0,0.0,0.0,0.0
25,40-44,new_vaccine,0.0,0.0,0.0,0.0
25,45-49,unvaccinated,0.6324555320336758,9.26498785752037,0.0,0.0
25,45-49,old_vaccine,0.0,0.0,0.0,0.0
25,45-49,new_vaccine,0.0,0.0,0.0,0.0
25,50-54,unvaccinated,1.6763054614240211,8.31925477431723,0.0,0.0
25,50-54,old_vaccine,0.0,0.0,0.0,0.0
25,50-54,new_vaccine,0.0,0.0,0.0,0.0
25,55-59,unvaccinated,3.6619666847201104,6.082762530298219,0.0,0.0
25,55-59,old_vaccine,0.0,0.0,0.0,0.0
25,55-59,new_vaccine,0.0,0.0,0.0,0.0
25,60-64,unvaccinated,4.026164427839479,6.634003316248796,0.3,0.0
25,60-64,old_vaccine,0.0,0.0,0.0,0.0
25,60-64,new_vaccine,0.0,0.0,0.0,0.0
25,65-69,unvaccinated,5.075431016179807,4.05585995813465,0.0,0.0
25,65-69,old_vaccine,0.0,0.0,0.0,0.0
25,65-69,new_vaccine,0.0,0.0,0.0,0.0
25,70-74,unvaccinated,4.247352116319061,3.5341194094144575,1.3266499161421599,0.0
25,70-74,old_vaccine,0.0,0.0,0.0,0.0
25,70-74,new_vaccine,0.0,0.0,0.0,0.0
25,75+,unvaccinated,6.086049621881177,6.682065548915245,1.2041594578792296,0.0
25,75+,old_vaccine,0.0,0.0,0.0,0.0
25,75+,new_vaccine,0.0,0.0,0.0,0.0
26,0-4,unvaccinated,0.916515138991168,8.127115109311545,0.0,0.0
26,0-4,old_vaccine,0.0,0.0,0.0,0.0
26,0-4,new_vaccine,0.0,0.0,0.0,0.0
26,5-9,unvaccinated,0.4,7.774316690230724,0.0,0.0
26,5-9,old_vaccine,0.0,0.0,0.0,0.0
26,5-9,new_vaccine,0.0,0.0,0.0,0.0
26,10-14,unvaccinated,0.4,8.649277426467485,0.0,0.0
26,10-14,old_vaccine,0.0,0.0,0.0,0.0
26,10-14,new_vaccine,0.0,0.0,0.0,0.0
26,15-19,unvaccinated,0.0,8.729261137118078,0.0,0.0
26,15-19,old_vaccine,0.0,0.0,0.0,0.0
26,15-19,new_vaccine,0.0,0.0,0.0,0.0
26,20-24,unvaccinated,1.6278820596099708,5.902541825349485,0.0,0.0
26,20-24,old_vaccine,0.0,0.0,0.0,0.0
26,20-24,new_vaccine,0.0,0.0,0.0,0.0
26,25-29,unvaccinated,0.7483314773547881,10.266937225872184,0.0,0.0
26,25-29,old_vaccine,0.0,0.0,0.0,0.0
26,25-29,new_vaccine,0.0,0.0,0.0,0.0
26,30-34,unvaccinated,0.6403124237432848,7.483982896827064,0.0,0.0
26,30-34,old_vaccine,0.0,0.0,0.0,0.0
26,30-34,new_vaccine,0.0,0.0,0.0,0.0
26,35-39,unvaccinated,0.6708203932499369,10.517128885774863,0.0,0.0
26,35-39,old_vaccine,0.0,0.0,0.0,0.0
26,35-39,new_vaccine,0.0,0.0,0.0,0.0
26,40-44,unvaccinated,0.8306623862918073,9.024965373894794,0.0,0.0
26,40-44,old_vaccine,0.0,0.0,0.0,0.0
26,40-44,new_vaccine,0.0,0.0,0.0,0.0
26,45-49,unvaccinated,0.5999999999999999,9.090654541890805,0.0,0.0
26,45-49,old_vaccine,0.0,0.0,0.0,0.0
26,45-49,new_vaccine,0.0,0.0,0.0,0.0
26,50-54,unvaccinated,1.6613247725836144,8.10185164021164,0.0,0.0
26,50-54,old_vaccine,0.0,0.0,0.0,0.0
26,50-54,new_vaccine,0.0,0.0,0.0,0.0
26,55-59,unvaccinated,3.3541019662496847,6.135144660071186,0.0,0.0
26,55-59,old_vaccine,0.0,0.0,0.0,0.0
26,55-59,new_vaccine,0.0,0.0,0.0,0.0
26,60-64,unvaccinated,4.1,6.651315659326355,0.3,0.0
26,60-64,old_vaccine,0.0,0.0,0.0,0.0
26,60-64,new_vaccine,0.0,0.0,0.0,0.0
26,65-69,unvaccinated,4.878524367060187,4.177319714841085,0.0,0.0
26,65-69,old_vaccine,0.0,0.0,0.0,0.0
26,65-69,new_vaccine,0.0,0.0,0.0,0.0
26,70-74,unvaccinated,4.006245124802025,3.1685959035509716,1.3266499161421599,0.0
26,70-74,old_vaccine,0.0,0.0,0.0,0.0
26,70-74,new_vaccine,0.0,0.0,0.0,0.0
26,75+,unvaccinated,5.838664230798,6.512296062065972,1.2041594578792296,0.0
26,75+,old_vaccine,0.0,0.0,0.0,0.0
26,75+,new_vaccine,0.0,0.0,0.0,0.0
27,0-4,unvaccinated,0.916515138991168,7.889233169326409,0.0,0.0
27,0-4,old_vaccine,0.0,0.0,0.0,0.0
27,0-4,new_vaccine,0.0,0.0,0.0,0.0
27,5-9,unvaccinated,0.4,7.777531742140305,0.0,0.0
27,5-9,old_vaccine,0.0,0.0,0.0,0.0
27,5-9,new_vaccine,0.0,0.0,0.0,0.0
27,10-14,unvaccinated,0.3,7.915175298121955,0.0,0.0
27,10-14,old_vaccine,0.0,0.0,0.0,0.0
27,10-14,new_vaccine,0.0,0.0,0.0,0.0
27,15-19,unvaccinated,0.0,8.324061508662702,0.0,0.0
27,15-19,old_vaccine,0.0,0.0,0.0,0.0
27,15-19,new_vaccine,0.0,0.0,0.0,0.0
27,20-24,unvaccinated,1.077032961426901,6.241794613730895,0.0,0.0
27,20-24,old_vaccine,0.0,0.0,0.0,0.0
27,20-24,new_vaccine,0.0,0.0,0.0,0.0
27,25-29,unvaccinated,0.6403124237432849,9.828529900244494,0.0,0.0
27,25-29,old_vaccine,0.0,0.0,0.0,0.0
27,25-29,new_vaccine,0.0,0.0,0.0,0.0
27,30-34,unvaccinated,0.6403124237432848,7.4222638056054056,0.0,0.0
27,30-34,old_vaccine,0.0,0.0,0.0,0.0
27,30-34,new_vaccine,0.0,0.0,0.0,0.0
27,35-39,unvaccinated,0.6708203932499369,9.90757286120067,0.0,0.0
27,35-39,old_vaccine,0.0,0.0,0.0,0.0
27,35-39,new_vaccine,0.0,0.0,0.0,0.0
27,40-44,unvaccinated,0.7745966692414834,9.075241043630744,0.0,0.0
27,40-44,old_vaccine,0.0,0.0,0.0,0.0
27,40-44,new_vaccine,0.0,0.0,0.0,0.0
27,45-49,unvaccinated,0.7483314773547881,9.241212041718336,0.0,0.0
27,45-49,old_vaccine,0.0,0.0,0.0,0.0
27,45-49,new_vaccine,0.0,0.0,0.0,0.0
27,50-54,unvaccinated,1.5132745950421553,7.813449942247023,0.0,0.0
27,50-54,old_vaccine,0.0,0.0,0.0,0.0
27,50-54,new_vaccine,0.0,0.0,0.0,0.0
27,55-59,unvaccinated,3.5552777669262356,5.970762095411272,0.0,0.0
27,55-59,old_vaccine,0.0,0.0,0.0,0.0
27,55-59,new_vaccine,0.0,0.0,0.0,0.0
27,60-64,unvaccinated,4.172529209005013,6.352952069707437,0.3,0.0
27,60-64,old_vaccine,0.0,0.0,0.0,0.0
27,60-64,new_vaccine,0.0,0.0,0.0,0.0
27,65-69,unvaccinated,4.678675026115834,3.8223029707232787,0.0,0.0
27,65-69,old_vaccine,0.0,0.0,0.0,0.0
27,65-69,new_vaccine,0.0,0.0,0.0,0.0
27,70-74,unvaccinated,3.9255572852781047,3.3105890714493693,1.3266499161421599,0.0
27,70-74,old_vaccine,0.0,0.0,0.0,0.0
27,70-74,new_vaccine,0.0,0.0,0.0,0.0
27,75+,unvaccinated,5.6956123463592565,6.590902821313632,1.2041594578792296,0.0
27,75+,old_vaccine,0.0,0.0,0.0,0.0
27,75+,new_vaccine,0.0,0.0,0.0,0.0
28,0-4,unvaccinated,0.9219544457292888,8.000624975587845,0.0,0.0
28,0-4,old_vaccine,0.0,0.0,0.0,0.0
28,0-4,new_vaccine,0.0,0.0,0.0,0.0
28,5-9,unvaccinated,0.4,7.576278769950325,0.0,0.0
28,5-9,old_vaccine,0.0,0.0,0.0,0.0
28,5-9,new_vaccine,0.0,0.0,0.0,0.0
28,10-14,unvaccinated,0.4,7.964923100695951,0.0,0.0
28,10-14,old_vaccine,0.0,0.0,0.0,0.0
28,10-14,new_vaccine,0.0,0.0,0.0,0.0
28,15-19,unvaccinated,0.0,8.464041587799533,0.0,0.0
28,15-19,old_vaccine,0.0,0.0,0.0,0.0
28,15-19,new_vaccine,0.0,0.0,0.0,0.0
28,20-24,unvaccinated,1.077032961426901,6.128621378417823,0.0,0.0
28,20-24,old_vaccine,0.0,0.0,0.0,0.0
28,20-24,new_vaccine,0.0,0.0,0.0,0.0
28,25-29,unvaccinated,0.6403124237432849,9.463614531456788,0.0,0.0
28,25-29,old_vaccine,0.0,0.0,0.0,0.0
28,25-29,new_vaccine,0.0,0.0,0.0,0.0
28,30-34,unvaccinated,0.9219544457292888,7.592101158440924,0.0,0.0
28,30-34,old_vaccine,0.0,0.0,0.0,0.0
28,30-34,new_vaccine,0.0,0.0,0.0,0.0
28,35-39,unvaccinated,0.6708203932499369,9.297311439335571,0.0,0.0
28,35-39,old_vaccine,0.0,0.0,0.0,0.0
28,35-39,new_vaccine,0.0,0.0,0.0,0.0
28,40-44,unvaccinated,0.6324555320336758,8.607554821202127,0.0,0.0
28,40-44,old_vaccine,0.0,0.0,0.0,0.0
28,40-44,new_vaccine,0.0,0.0,0.0,0.0
28,45-49,unvaccinated,0.7810249675906655,8.674099376880578,0.0,0.0
28,45-49,old_vaccine,0.0,0.0,0.0,0.0
28,45-49,new_vaccine,0.0,0.0,0.0,0.0
28,50-54,unvaccinated,1.6999999999999997,7.8638413005349985,0.0,0.0
28,50-54,old_vaccine,0.0,0.0,0.0,0.0
28,50-54,new_vaccine,0.0,0.0,0.0,0.0
28,55-59,unvaccinated,3.572114219898349,5.799999999999999,0.0,0.0
28,55-59,old_vaccine,0.0,0.0,0.0,0.0
28,55-59,new_vaccine,0.0,0.0,0.0,0.0
28,60-64,unvaccinated,3.8845849199110067,6.372597586541929,0.3,0.0
28,60-64,old_vaccine,0.0,0.0,0.0,0.0
28,60-64,new_vaccine,0.0,0.0,0.0,0.0
28,65-69,unvaccinated,4.489988864128731,3.925557285278104,0.0,0.0
28,65-69,old_vaccine,0.0,0.0,0.0,0.0
28,65-69,new_vaccine,0.0,0.0,0.0,0.0
28,70-74,unvaccinated,3.8845849199110067,3.3105890714493693,1.3,0.0
28,70-74,old_vaccine,0.0,0.0,0.0,0.0
28,70-74,new_vaccine,0.0,0.0,0.0,0.0
28,75+,unvaccinated,5.731491952362839,6.356886030125125,1.2041594578792296,0.0
28,75+,old_vaccine,0.0,0.0,0.0,0.0
28,75+,new_vaccine,0.0,0.0,0.0,0.0
29,0-4,unvaccinated,0.9219544457292888,8.414867794564572,0.0,0.0
29,0-4,old_vaccine,0.0,0.0,0.0,0.0
29,0-4,new_vaccine,0.0,0.0,0.0,0.0
29,5-9,unvaccinated,0.4,7.483314773547883,0.0,0.0
29,5-9,old_vaccine,0.0,0.0,0.0,0.0
29,5-9,new_vaccine,0.0,0.0,0.0,0.0
29,10-14,unvaccinated,0.4,7.839005038906404,0.0,0.0
29,10-14,old_vaccine,0.0,0.0,0.0,0.0
29,10-14,new_vaccine,0.0,0.0,0.0,0.0
29,15-19,unvaccinated,0.0,8.908422980528035,0.0,0.0
29,15-19,old_vaccine,0.0,0.0,0.0,0.0
29,15-19,new_vaccine,0.0,0.0,0.0,0.0
29,20-24,unvaccinated,1.077032961426901,5.920304046246275,0.0,0.0
29,20-24,old_vaccine,0.0,0.0,0.0,0.0
29,20-24,new_vaccine,0.0,0.0,0.0,0.0
29,25-29,unvaccinated,0.5999999999999999,9.254188241007416,0.0,0.0
29,25-29,old_vaccine,0.0,0.0,0.0,0.0
29,25-29,new_vaccine,0.0,0.0,0.0,0.0
29,30-34,unvaccinated,0.9219544457292888,7.217340230306453,0.0,0.0
29,30-34,old_vaccine,0.0,0.0,0.0,0.0
29,30-34,new_vaccine,0.0,0.0,0.0,0.0
29,35-39,unvaccinated,0.6633249580710799,9.364293886887577,0.0,0.0
29,35-39,old_vaccine,0.0,0.0,0.0,0.0
29,35-39,new_vaccine,0.0,0.0,0.0,0.0
29,40-44,unvaccinated,0.7,8.549268974596599,0.0,0.0
29,40-44,old_vaccine,0.0,0.0,0.0,0.0
29,40-44,new_vaccine,0.0,0.0,0.0,0.0
29,45-49,unvaccinated,0.8,8.16333265278342,0.0,0.0
29,45-49,old_vaccine,0.0,0.0,0.0,0.0
29,45-49,new_vaccine,0.0,0.0,0.0,0.0
29,50-54,unvaccinated,1.7776388834631174,7.589466384404112,0.0,0.0
29,50-54,old_vaccine,0.0,0.0,0.0,0.0
29,50-54,new_vaccine,0.0,0.0,0.0,0.0
29,55-59,unvaccinated,3.465544690232691,5.967411499134278,0.0,0.0
29,55-59,old_vaccine,0.0,0.0,0.0,0.0
29,55-59,new_vaccine,0.0,0.0,0.0,0.0
29,60-64,unvaccinated,3.974921382870358,6.624952830020753,0.0,0.0
29,60-64,old_vaccine,0.0,0.0,0.0,0.0
29,60-64,new_vaccine,0.0,0.0,0.0,0.0
29,65-69,unvaccinated,4.134005321718878,3.8327535793473606,0.0,0.0
29,65-69,old_vaccine,0.0,0.0,0.0,0.0
29,65-69,new_vaccine,0.0,0.0,0.0,0.0
29,70-74,unvaccinated,4.0853396431631,3.4292856398964484,1.3,0.0
29,70-74,old_vaccine,0.0,0.0,0.0,0.0
29,70-74,new_vaccine,0.0,0.0,0.0,0.0
29,75+,unvaccinated,5.734980383575866,6.696267617113283,1.2041594578792296,0.0
29,75+,old_vaccine,0.0,0.0,0.0,0.0
29,75+,new_vaccine,0.0,0.0,0.0,0.0
30,0-4,unvaccinated,0.916515138991168,7.8006409993025585,0.0,0.0
30,0-4,old_vaccine,0.0,0.0,0.0,0.0
30,0-4,new_vaccine,0.0,0.0,0.0,0.0
30,5-9,unvaccinated,0.4,7.5126559883971815,0.0,0.0
30,5-9,old_vaccine,0.0,0.0,0.0,0.0
30,5-9,new_vaccine,0.0,0.0,0.0,0.0
30,10-14,unvaccinated,0.4,7.681796664843453,0.0,0.0
30,10-14,old_vaccine,0.0,0.0,0.0,0.0
30,10-14,new_vaccine,0.0,0.0,0.0,0.0
30,15-19,unvaccinated,0.0,8.788629017087933,0.0,0.0
30,15-19,old_vaccine,0.0,0.0,0.0,0.0
30,15-19,new_vaccine,0.0,0.0,0.0,0.0
30,20-24,unvaccinated,0.9433981132056604,5.920304046246275,0.0,0.0
30,20-24,old_vaccine,0.0,0.0,0.0,0.0
30,20-24,new_vaccine,0.0,0.0,0.0,0.0
30,25-29,unvaccinated,0.5385164807134505,9.224424101265077,0.0,0.0
30,25-29,old_vaccine,0.0,0.0,0.0,0.0
30,25-29,new_vaccine,0.0,0.0,0.0,0.0
30,30-34,unvaccinated,0.9219544457292888,6.949100661236675,0.0,0.0
30,30-34,old_vaccine,0.0,0.0,0.0,0.0
30,30-34,new_vaccine,0.0,0.0,0.0,0.0
30,35-39,unvaccinated,0.9219544457292888,9.9,0.0,0.0
30,35-39,old_vaccine,0.0,0.0,0.0,0.0
30,35-39,new_vaccine,0.0,0.0,0.0,0.0
30,40-44,unvaccinated,0.7,8.763560920082659,0.0,0.0
30,40-44,old_vaccine,0.0,0.0,0.0,0.0
30,40-44,new_vaccine,0.0,0.0,0.0,0.0
30,45-49,unvaccinated,0.8,8.112336284942824,0.0,0.0
30,45-49,old_vaccine,0.0,0.0,0.0,0.0
30,45-49,new_vaccine,0.0,0.0,0.0,0.0
30,50-54,unvaccinated,1.8138357147217052,7.794870107962032,0.0,0.0
30,50-54,old_vaccine,0.0,0.0,0.0,0.0
30,50-54,new_vaccine,0.0,0.0,0.0,0.0
30,55-59,unvaccinated,3.6386810797320495,6.257795138864808,0.0,0.0
30,55-59,old_vaccine,0.0,0.0,0.0,0.0
30,55-59,new_vaccine,0.0,0.0,0.0,0.0
30,60-64,unvaccinated,3.884584919911006,6.73869423553258,0.0,0.0
30,60-64,old_vaccine,0.0,0.0,0.0,0.0
30,60-64,new_vaccine,0.0,0.0,0.0,0.0
30,65-69,unvaccinated,3.6932370625238775,4.011234224026317,0.0,0.0
30,65-69,old_vaccine,0.0,0.0,0.0,0.0
30,65-69,new_vaccine,0.0,0.0,0.0,0.0
30,70-74,unvaccinated,4.31740662898458,3.627671429443411,1.3,0.0
30,70-74,old_vaccine,0.0,0.0,0.0,0.0
30,70-74,new_vaccine,0.0,0.0,0.0,0.0
30,75+,unvaccinated,5.919459434779496,6.771262806892079,1.2041594578792296,0.0
30,75+,old_vaccine,0.0,0.0,0.0,0.0
30,75+,new_vaccine,0.0,0.0,0.0,0.0
31,0-4,unvaccinated,0.916515138991168,7.774959806970065,0.0,0.0
31,0-4,old_vaccine,0.0,0.0,0.0,0.0
31,0-4,new_vaccine,0.0,0.0,0.0,0.0
31,5-9,unvaccinated,0.4,7.578918128598566,0.0,0.0
31,5-9,old_vaccine,0.0,0.0,0.0,0.0
31,5-9,new_vaccine,0.0,0.0,0.0,0.0
31,10-14,unvaccinated,0.4,7.863841300535002,0.0,0.0
31,10-14,old_vaccine,0.0,0.0,0.0,0.0
31,10-14,new_vaccine,0.0,0.0,0.0,0.0
31,15-19,unvaccinated,0.0,8.73155198117723,0.0,0.0
31,15-19,old_vaccine,0.0,0.0,0.0,0.0
31,15-19,new_vaccine,0.0,0.0,0.0,0.0
31,20-24,unvaccinated,0.7,5.93295878967653,0.0,0.0
31,20-24,old_vaccine,0.0,0.0,0.0,0.0
31,20-24,new_vaccine,0.0,0.0,0.0,0.0
31,25-29,unvaccinated,0.5999999999999999,9.550392662084635,0.0,0.0
31,25-29,old_vaccine,0.0,0.0,0.0,0.0
31,25-29,new_vaccine,0.0,0.0,0.0,0.0
31,30-34,unvaccinated,0.9219544457292888,6.797793759742935,0.0,0.0
31,30-34,old_vaccine,0.0,0.0,0.0,0.0
31,30-34,new_vaccine,0.0,0.0,0.0,0.0
31,35-39,unvaccinated,0.916515138991168,10.307764064044152,0.0,0.0
31,35-39,old_vaccine,0.0,0.0,0.0,0.0
31,35-39,new_vaccine,0.0,0.0,0.0,0.0
31,40-44,unvaccinated,0.7,8.890444308357148,0.0,0.0
31,40-44,old_vaccine,0.0,0.0,0.0,0.0
31,40-44,new_vaccine,0.0,0.0,0.0,0.0
31,45-49,unvaccinated,0.66332495807108,7.673982017179865,0.0,0.0
31,45-49,old_vaccine,0.0,0.0,0.0,0.0
31,45-49,new_vaccine,0.0,0.0,0.0,0.0
31,50-54,unvaccinated,1.949358868961793,7.608547824650903,0.0,0.0
31,50-54,old_vaccine,0.0,0.0,0.0,0.0
31,50-54,new_vaccine,0.0,0.0,0.0,0.0
31,55-59,unvaccinated,3.899999999999999,6.542935121182234,0.0,0.0
31,55-59,old_vaccine,0.0,0.0,0.0,0.0
31,55-59,new_vaccine,0.0,0.0,0.0,0.0
31,60-64,unvaccinated,3.994996871087636,6.711184694225007,0.0,0.0
31,60-64,old_vaccine,0.0,0.0,0.0,0.0
31,60-64,new_vaccine,0.0,0.0,0.0,0.0
31,65-69,unvaccinated,3.556683848755749,3.893584466786357,0.0,0.0
31,65-69,old_vaccine,0.0,0.0,0.0,0.0
31,65-69,new_vaccine,0.0,0.0,0.0,0.0
31,70-74,unvaccinated,4.317406628984582,3.827531841800927,1.3266499161421599,0.0
31,70-74,old_vaccine,0.0,0.0,0.0,0.0
31,70-74,new_vaccine,0.0,0.0,0.0,0.0
31,75+,unvaccinated,5.937171043518958,6.514598989960932,1.2041594578792296,0.0
31,75+,old_vaccine,0.0,0.0,0.0,0.0
31,75+,new_vaccine,0.0,0.0,0.0,0.0
32,0-4,unvaccinated,0.916515138991168,8.219489035213805,0.0,0.0
32,0-4,old_vaccine,0.0,0.0,0.0,0.0
32,0-4,new_vaccine,0.0,0.0,0.0,0.0
32,5-9,unvaccinated,0.4,7.735631842325488,0.0,0.0
32,5-9,old_vaccine,0.0,0.0,0.0,0.0
32,5-9,new_vaccine,0.0,0.0,0.0,0.0
32,10-14,unvaccinated,0.4,7.896834808959854,0.0,0.0
32,10-14,old_vaccine,0.0,0.0,0.0,0.0
32,10-14,new_vaccine,0.0,0.0,0.0,0.0
32,15-19,unvaccinated,0.0,8.832326986700616,0.0,0.0
32,15-19,old_vaccine,0.0,0.0,0.0,0.0
32,15-19,new_vaccine,0.0,0.0,0.0,0.0
32,20-24,unvaccinated,0.7745966692414834,6.139218191268331,0.0,0.0
32,20-24,old_vaccine,0.0,0.0,0.0,0.0
32,20-24,new_vaccine,0.0,0.0,0.0,0.0
32,25-29,unvaccinated,0.5999999999999999,9.148223871331524,0.0,0.0
32,25-29,old_vaccine,0.0,0.0,0.0,0.0
32,25-29,new_vaccine,0.0,0.0,0.0,0.0
32,30-34,unvaccinated,0.9165151389911677,6.468384651518492,0.0,0.0
32,30-34,old_vaccine,0.0,0.0,0.0,0.0
32,30-34,new_vaccine,0.0,0.0,0.0,0.0
32,35-39,unvaccinated,1.1874342087037917,10.498095065296368,0.0,0.0
32,35-39,old_vaccine,0.0,0.0,0.0,0.0
32,35-39,new_vaccine,0.0,0.0,0.0,0.0
32,40-44,unvaccinated,0.7,9.228217596047461,0.0,0.0
32,40-44,old_vaccine,0.0,0.0,0.0,0.0
32,40-44,new_vaccine,0.0,0.0,0.0,0.0
32,45-49,unvaccinated,0.66332495807108,8.224354077980834,0.0,0.0
32,45-49,old_vaccine,0.0,0.0,0.0,0.0
32,45-49,new_vaccine,0.0,0.0,0.0,0.0
32,50-54,unvaccinated,1.8330302779823353,7.632168761236874,0.0,0.0
32,50-54,old_vaccine,0.0,0.0,0.0,0.0
32,50-54,new_vaccine,0.0,0.0,0.0,0.0
32,55-59,unvaccinated,3.9698866482558413,6.050619802962337,0.0,0.0
32,55-59,old_vaccine,0.0,0.0,0.0,0.0
32,55-59,new_vaccine,0.0,0.0,0.0,0.0
32,60-64,unvaccinated,3.9610604640676725,6.472248450113764,0.0,0.0
32,60-64,old_vaccine,0.0,0.0,0.0,0.0
32,60-64,new_vaccine,0.0,0.0,0.0,0.0
32,65-69,unvaccinated,3.7094473981982814,4.103656905736638,0.0,0.0
32,65-69,old_vaccine,0.0,0.0,0.0,0.0
32,65-69,new_vaccine,0.0,0.0,0.0,0.0
32,70-74,unvaccinated,4.266145801540309,3.826225293941799,1.2206555615733703,0.0
32,70-74,old_vaccine,0.0,0.0,0.0,0.0
32,70-74,new_vaccine,0.0,0.0,0.0,0.0
32,75+,unvaccinated,6.063002556489646,6.514598989960932,1.2041594578792296,0.0
32,75+,old_vaccine,0.0,0.0,0.0,0.0
32,75+,new_vaccine,0.0,0.0,0.0,0.0
33,0-4,unvaccinated,0.916515138991168,7.807688518377255,0.0,0.0
33,0-4,old_vaccine,0.0,0.0,0.0,0.0
33,0-4,new_vaccine,0.0,0.0,0.0,0.0
33,5-9,unvaccinated,0.4,7.603288762108145,0.0,0.0
33,5-9,old_vaccine,0.0,0.0,0.0,0.0
33,5-9,new_vaccine,0.0,0.0,0.0,0.0
33,10-14,unvaccinated,0.3,8.000624975587844,0.0,0.0
33,10-14,old_vaccine,0.0,0.0,0.0,0.0
33,10-14,new_vaccine,0.0,0.0,0.0,0.0
33,15-19,unvaccinated,0.0,8.978307190111064,0.0,0.0
33,15-19,old_vaccine,0.0,0.0,0.0,0.0
33,15-19,new_vaccine,0.0,0.0,0.0,0.0
33,20-24,unvaccinated,0.7745966692414834,6.371812928829596,0.0,0.0
33,20-24,old_vaccine,0.0,0.0,0.0,0.0
33,20-24,new_vaccine,0.0,0.0,0.0,0.0
33,25-29,unvaccinated,0.5999999999999999,9.682974749528166,0.0,0.0
33,25-29,old_vaccine,0.0,0.0,0.0,0.0
33,25-29,new_vaccine,0.0,0.0,0.0,0.0
33,30-34,unvaccinated,0.7810249675906656,6.48074069840786,0.0,0.0
33,30-34,old_vaccine,0.0,0.0,0.0,0.0
33,30-34,new_vaccine,0.0,0.0,0.0,0.0
33,35-39,unvaccinated,1.1874342087037917,10.660206376989143,0.0,0.0
33,35-39,old_vaccine,0.0,0.0,0.0,0.0
33,35-39,new_vaccine,0.0,0.0,0.0,0.0
33,40-44,unvaccinated,0.7,9.299999999999997,0.0,0.0
33,40-44,old_vaccine,0.0,0.0,0.0,0.0
33,40-44,new_vaccine,0.0,0.0,0.0,0.0
33,45-49,unvaccinated,0.7810249675906655,8.18840643837371,0.0,0.0
33,45-49,old_vaccine,0.0,0.0,0.0,0.0
33,45-49,new_vaccine,0.0,0.0,0.0,0.0
33,50-54,unvaccinated,1.6763054614240211,8.207313811473277,0.0,0.0
33,50-54,old_vaccine,0.0,0.0,0.0,0.0
33,50-54,new_vaccine,0.0,0.0,0.0,0.0
33,55-59,unvaccinated,4.024922359499622,6.053924347066125,0.0,0.0
33,55-59,old_vaccine,0.0,0.0,0.0,0.0
33,55-59,new_vaccine,0.0,0.0,0.0,0.0
33,60-64,unvaccinated,4.190465367951393,6.584831053261732,0.0,0.0
33,60-64,old_vaccine,0.0,0.0,0.0,0.0
33,60-64,new_vaccine,0.0,0.0,0.0,0.0
33,65-69,unvaccinated,4.00124980474851,4.337049688440287,0.0,0.0
33,65-69,old_vaccine,0.0,0.0,0.0,0.0
33,65-69,new_vaccine,0.0,0.0,0.0,0.0
33,70-74,unvaccinated,4.331281565541542,3.6276714294434105,1.2206555615733703,0.0
33,70-74,old_vaccine,0.0,0.0,0.0,0.0
33,70-74,new_vaccine,0.0,0.0,0.0,0.0
33,75+,unvaccinated,6.4257295305669375,6.729784543356495,1.3564659966250536,0.0
33,75+,old_vaccine,0.0,0.0,0.0,0.0
33,75+,new_vaccine,0.0,0.0,0.0,0.0
34,0-4,unvaccinated,0.9,8.08702664766229,0.0,0.0
34,0-4,old_vaccine,0.0,0.0,0.0,0.0
34,0-4,new_vaccine,0.0,0.0,0.0,0.0
34,5-9,unvaccinated,0.3,7.249827584156743,0.0,0.0
34,5-9,old_vaccine,0.0,0.0,0.0,0.0
34,5-9,new_vaccine,0.0,0.0,0.0,0.0
34,10-14,unvaccinated,0.3,8.1117199162693,0.0,0.0
34,10-14,old_vaccine,0.0,0.0,0.0,0.0
34,10-14,new_vaccine,0.0,0.0,0.0,0.0
34,15-19,unvaccinated,0.3,9.132360045464697,0.0,0.0
34,15-19,old_vaccine,0.0,0.0,0.0,0.0
34,15-19,new_vaccine,0.0,0.0,0.0,0.0
34,20-24,unvaccinated,0.7745966692414834,7.043436661176137,0.0,0.0
34,20-24,old_vaccine,0.0,0.0,0.0,0.0
34,20-24,new_vaccine,0.0,0.0,0.0,0.0
34,25-29,unvaccinated,0.6403124237432849,9.502105029939422,0.0,0.0
34,25-29,old_vaccine,0.0,0.0,0.0,0.0
34,25-29,new_vaccine,0.0,0.0,0.0,0.0
34,30-34,unvaccinated,0.670820393249937,6.640030120413609,0.0,0.0
34,30-34,old_vaccine,0.0,0.0,0.0,0.0
34,30-34,new_vaccine,0.0,0.0,0.0,0.0
34,35-39,unvaccinated,1.16619037896906,10.871982339941507,0.0,0.0
34,35-39,old_vaccine,0.0,0.0,0.0,0.0
34,35-39,new_vaccine,0.0,0.0,0.0,0.0
34,40-44,unvaccinated,0.7,9.287087810503355,0.0,0.0
34,40-44,old_vaccine,0.0,0.0,0.0,0.0
34,40-44,new_vaccine,0.0,0.0,0.0,0.0
34,45-49,unvaccinated,1.1832159566199232,8.104936767180849,0.0,0.0
34,45-49,old_vaccine,0.0,0.0,0.0,0.0
34,45-49,new_vaccine,0.0,0.0,0.0,0.0
34,50-54,unvaccinated,1.6763054614240211,8.569714114251417,0.0,0.0
34,50-54,old_vaccine,0.0,0.0,0.0,0.0
34,50-54,new_vaccine,0.0,0.0,0.0,0.0
34,55-59,unvaccinated,3.9102429592034302,6.053098380168621,0.0,0.0
34,55-59,old_vaccine,0.0,0.0,0.0,0.0
34,55-59,new_vaccine,0.0,0.0,0.0,0.0
34,60-64,unvaccinated,4.196427051671457,6.8854919940408035,0.0,0.0
34,60-64,old_vaccine,0.0,0.0,0.0,0.0
34,60-64,new_vaccine,0.0,0.0,0.0,0.0
34,65-69,unvaccinated,4.069397989875162,4.158124577258358,0.0,0.0
34,65-69,old_vaccine,0.0,0.0,0.0,0.0
34,65-69,new_vaccine,0.0,0.0,0.0,0.0
34,70-74,unvaccinated,4.5431266766402185,3.736308338453881,1.2206555615733703,0.0
34,70-74,old_vaccine,0.0,0.0,0.0,0.0
34,70-74,new_vaccine,0.0,0.0,0.0,0.0
34,75+,unvaccinated,6.466065264130882,6.6513156593263565,1.3564659966250536,0.0
34,75+,old_vaccine,0.0,0.0,0.0,0.0
34,75+,new_vaccine,0.0,0.0,0.0,0.0
35,0-4,unvaccinated,0.9,7.8993670632525985,0.0,0.0
35,0-4,old_vaccine,0.0,0.0,0.0,0.0
35,0-4,new_vaccine,0.0,0.0,0.0,0.0
35,5-9,unvaccinated,0.3,7.4592224795886075,0.0,0.0
35,5-9,old_vaccine,0.0,0.0,0.0,0.0
35,5-9,new_vaccine,0.0,0.0,0.0,0.0
35,10-14,unvaccinated,0.4,8.343260753446458,0.0,0.0
35,10-14,old_vaccine,0.0,0.0,0.0,0.0
35,10-14,new_vaccine,0.0,0.0,0.0,0.0
35,15-19,unvaccinated,0.3,9.15641851380768,0.0,0.0
35,15-19,old_vaccine,0.0,0.0,0.0,0.0
35,15-19,new_vaccine,0.0,0.0,0.0,0.0
35,20-24,unvaccinated,0.8306623862918074,7.175653280364094,0.0,0.0
35,20-24,old_vaccine,0.0,0.0,0.0,0.0
35,20-24,new_vaccine,0.0,0.0,0.0,0.0
35,25-29,unvaccinated,0.7,9.52312973764403,0.0,0.0
35,25-29,old_vaccine,0.0,0.0,0.0,0.0
35,25-29,new_vaccine,0.0,0.0,0.0,0.0
35,30-34,unvaccinated,0.6633249580710796,7.156116265125936,0.0,0.0
35,30-34,old_vaccine,0.0,0.0,0.0,0.0
35,30-34,new_vaccine,0.0,0.0,0.0,0.0
35,35-39,unvaccinated,1.3416407864998738,10.93800713110025,0.0,0.0
35,35-39,old_vaccine,0.0,0.0,0.0,0.0
35,35-39,new_vaccine,0.0,0.0,0.0,0.0
35,40-44,unvaccinated,0.7,9.33862944976403,0.0,0.0
35,40-44,old_vaccine,0.0,0.0,0.0,0.0
35,40-44,new_vaccine,0.0,0.0,0.0,0.0
35,45-49,unvaccinated,1.1832159566199232,8.717797887081348,0.0,0.0
35,45-49,old_vaccine,0.0,0.0,0.0,0.0
35,45-49,new_vaccine,0.0,0.0,0.0,0.0
35,50-54,unvaccinated,1.5362291495737208,9.024965373894794,0.0,0.0
35,50-54,old_vaccine,0.0,0.0,0.0,0.0
35,50-54,new_vaccine,0.0,0.0,0.0,0.0
35,55-59,unvaccinated,3.660601043544626,5.946427498927403,0.0,0.0
35,55-59,old_vaccine,0.0,0.0,0.0,0.0
35,55-59,new_vaccine,0.0,0.0,0.0,0.0
35,60-64,unvaccinated,3.969886648255841,6.779380502671316,0.0,0.0
35,60-64,old_vaccine,0.0,0.0,0.0,0.0
35,60-64,new_vaccine,0.0,0.0,0.0,0.0
35,65-69,unvaccinated,4.196427051671457,4.050925820105818,0.0,0.0
35,65-69,old_vaccine,0.0,0.0,0.0,0.0
35,65-69,new_vaccine,0.0,0.0,0.0,0.0
35,70-74,unvaccinated,4.428317965096906,3.736308338453881,1.3266499161421599,0.0
35,70-74,old_vaccine,0.0,0.0,0.0,0.0
35,70-74,new_vaccine,0.0,0.0,0.0,0.0
35,75+,unvaccinated,6.368673331236265,6.560487786742692,1.3564659966250536,0.0
35,75+,old_vaccine,0.0,0.0,0.0,0.0
35,75+,new_vaccine,0.0,0.0,0.0,0.0
36,0-4,unvaccinated,0.9,8.544588931013593,0.0,0.0
36,0-4,old_vaccine,0.0,0.0,0.0,0.0
36,0-4,new_vaccine,0.0,0.0,0.0,0.0
36,5-9,unvaccinated,0.3,7.236021006050216,0.0,0.0
36,5-9,old_vaccine,0.0,0.0,0.0,0.0
36,5-9,new_vaccine,0.0,0.0,0.0,0.0
36,10-14,unvaccinated,0.4,8.67409937688058,0.0,0.0
36,10-14,old_vaccine,0.0,0.0,0.0,0.0
36,10-14,new_vaccine,0.0,0.0,0.0,0.0
36,15-19,unvaccinated,0.3,8.681013765684282,0.0,0.0
36,15-19,old_vaccine,0.0,0.0,0.0,0.0
36,15-19,new_vaccine,0.0,0.0,0.0,0.0
36,20-24,unvaccinated,0.8306623862918074,7.467261881037787,0.0,0.0
36,20-24,old_vaccine,0.0,0.0,0.0,0.0
36,20-24,new_vaccine,0.0,0.0,0.0,0.0
36,25-29,unvaccinated,0.7,9.518403227432636,0.0,0.0
36,25-29,old_vaccine,0.0,0.0,0.0,0.0
36,25-29,new_vaccine,0.0,0.0,0.0,0.0
36,30-34,unvaccinated,0.640312423743285,7.4431176263713565,0.0,0.0
36,30-34,old_vaccine,0.0,0.0,0.0,0.0
36,30-34,new_vaccine,0.0,0.0,0.0,0.0
36,35-39,unvaccinated,1.3416407864998738,10.57402477772773,0.0,0.0
36,35-39,old_vaccine,0.0,0.0,0.0,0.0
36,35-39,new_vaccine,0.0,0.0,0.0,0.0
36,40-44,unvaccinated,0.7483314773547881,9.612491872558332,0.0,0.0
36,40-44,old_vaccine,0.0,0.0,0.0,0.0
36,40-44,new_vaccine,0.0,0.0,0.0,0.0
36,45-49,unvaccinated,1.0440306508910548,8.541662601625047,0.0,0.0
36,45-49,old_vaccine,0.0,0.0,0.0,0.0
36,45-49,new_vaccine,0.0,0.0,0.0,0.0
36,50-54,unvaccinated,1.6124515496597098,8.944830909525344,0.0,0.0
36,50-54,old_vaccine,0.0,0.0,0.0,0.0
36,50-54,new_vaccine,0.0,0.0,0.0,0.0
36,55-59,unvaccinated,3.562302626111375,5.745432968889289,0.0,0.0
36,55-59,old_vaccine,0.0,0.0,0.0,0.0
36,55-59,new_vaccine,0.0,0.0,0.0,0.0
36,60-64,unvaccinated,3.8157568056677826,6.723094525588643,0.0,0.0
36,60-64,old_vaccine,0.0,0.0,0.0,0.0
36,60-64,new_vaccine,0.0,0.0,0.0,0.0
36,65-69,unvaccinated,4.409081537009721,4.382921400162226,0.0,0.0
36,65-69,old_vaccine,0.0,0.0,0.0,0.0
36,65-69,new_vaccine,0.0,0.0,0.0,0.0
36,70-74,unvaccinated,4.28485705712571,3.5552777669262348,1.3266499161421599,0.0
36,70-74,old_vaccine,0.0,0.0,0.0,0.0
36,70-74,new_vaccine,0.0,0.0,0.0,0.0
36,75+,unvaccinated,6.4257295305669375,6.512296062065972,1.3564659966250536,0.0
36,75+,old_vaccine,0.0,0.0,0.0,0.0
36,75+,new_vaccine,0.0,0.0,0.0,0.0
37,0-4,unvaccinated,0.9,8.588364221433553,0.0,0.0
37,0-4,old_vaccine,0.0,0.0,0.0,0.0
37,0-4,new_vaccine,0.0,0.0,0.0,0.0
37,5-9,unvaccinated,0.3,7.011419257183241,0.0,0.0
37,5-9,old_vaccine,0.0,0.0,0.0,0.0
37,5-9,new_vaccine,0.0,0.0,0.0,0.0
37,10-14,unvaccinated,0.3,8.4829240241794,0.0,0.0
37,10-14,old_vaccine,0.0,0.0,0.0,0.0
37,10-14,new_vaccine,0.0,0.0,0.0,0.0
37,15-19,unvaccinated,0.3,8.722958213817147,0.0,0.0
37,15-19,old_vaccine,0.0,0.0,0.0,0.0
37,15-19,new_vaccine,0.0,0.0,0.0,0.0
37,20-24,unvaccinated,0.8306623862918074,7.116178749862877,0.0,0.0
37,20-24,old_vaccine,0.0,0.0,0.0,0.0
37,20-24,new_vaccine,0.0,0.0,0.0,0.0
37,25-29,unvaccinated,0.7745966692414834,9.710303805751913,0.0,0.0
37,25-29,old_vaccine,0.0,0.0,0.0,0.0
37,25-29,new_vaccine,0.0,0.0,0.0,0.0
37,30-34,unvaccinated,0.640312423743285,7.509993342207434,0.0,0.0
37,30-34,old_vaccine,0.0,0.0,0.0,0.0
37,30-34,new_vaccine,0.0,0.0,0.0,0.0
37,35-39,unvaccinated,1.1357816691600546,10.315522284402277,0.0,0.0
37,35-39,old_vaccine,0.0,0.0,0.0,0.0
37,35-39,new_vaccine,0.0,0.0,0.0,0.0
37,40-44,unvaccinated,0.7483314773547881,9.423905772024678,0.0,0.0
37,40-44,old_vaccine,0.0,0.0,0.0,0.0
37,40-44,new_vaccine,0.0,0.0,0.0,0.0
37,45-49,unvaccinated,1.0440306508910548,8.749857141690944,0.0,0.0
37,45-49,old_vaccine,0.0,0.0,0.0,0.0
37,45-49,new_vaccine,0.0,0.0,0.0,0.0
37,50-54,unvaccinated,1.5132745950421553,8.754998572244315,0.0,0.0
37,50-54,old_vaccine,0.0,0.0,0.0,0.0
37,50-54,new_vaccine,0.0,0.0,0.0,0.0
37,55-59,unvaccinated,3.720215047547655,6.356099432828282,0.0,0.0
37,55-59,old_vaccine,0.0,0.0,0.0,0.0
37,55-59,new_vaccine,0.0,0.0,0.0,0.0
37,60-64,unvaccinated,3.7536648758246924,6.697014260101287,0.0,0.0
37,60-64,old_vaccine,0.0,0.0,0.0,0.0
37,60-64,new_vaccine,0.0,0.0,0.0,0.0
37,65-69,unvaccinated,4.363484845854285,4.3920382511995495,0.0,0.0
37,65-69,old_vaccine,0.0,0.0,0.0,0.0
37,65-69,new_vaccine,0.0,0.0,0.0,0.0
37,70-74,unvaccinated,4.566180022732349,3.682390527904394,1.3266499161421599,0.0
37,70-74,old_vaccine,0.0,0.0,0.0,0.0
37,70-74,new_vaccine,0.0,0.0,0.0,0.0
37,75+,unvaccinated,6.187891401761992,6.539113089708727,1.3564659966250536,0.0
37,75+,old_vaccine,0.0,0.0,0.0,0.0
37,75+,new_vaccine,0.0,0.0,0.0,0.0
38,0-4,unvaccinated,0.9,8.38391316748927,0.0,0.0
38,0-4,old_vaccine,0.0,0.0,0.0,0.0
38,0-4,new_vaccine,0.0,0.0,0.0,0.0
38,5-9,unvaccinated,0.3,6.8563838865687785,0.0,0.0
38,5-9,old_vaccine,0.0,0.0,0.0,0.0
38,5-9,new_vaccine,0.0,0.0,0.0,0.0
38,10-14,unvaccinated,0.3,8.700000000000003,0.0,0.0
38,10-14,old_vaccine,0.0,0.0,0.0,0.0
38,10-14,new_vaccine,0.0,0.0,0.0,0.0
38,15-19,unvaccinated,0.3,8.532877591996735,0.0,0.0
38,15-19,old_vaccine,0.0,0.0,0.0,0.0
38,15-19,new_vaccine,0.0,0.0,0.0,0.0
38,20-24,unvaccinated,0.8306623862918074,7.189575787207476,0.0,0.0
38,20-24,old_vaccine,0.0,0.0,0.0,0.0
38,20-24,new_vaccine,0.0,0.0,0.0,0.0
38,25-29,unvaccinated,0.7745966692414834,9.58331884056875,0.0,0.0
38,25-29,old_vaccine,0.0,0.0,0.0,0.0
38,25-29,new_vaccine,0.0,0.0,0.0,0.0
38,30-34,unvaccinated,0.640312423743285,7.974960814950756,0.0,0.0
38,30-34,old_vaccine,0.0,0.0,0.0,0.0
38,30-34,new_vaccine,0.0,0.0,0.0,0.0
38,35-39,unvaccinated,0.9797958971132712,10.383159442096611,0.0,0.0
38,35-39,old_vaccine,0.0,0.0,0.0,0.0
38,35-39,new_vaccine,0.0,0.0,0.0,0.0
38,40-44,unvaccinated,0.7483314773547881,9.308598175880189,0.0,0.0
38,40-44,old_vaccine,0.0,0.0,0.0,0.0
38,40-44,new_vaccine,0.0,0.0,0.0,0.0
38,45-49,unvaccinated,1.004987562112089,8.891006692158093,0.0,0.0
38,45-49,old_vaccine,0.0,0.0,0.0,0.0
38,45-49,new_vaccine,0.0,0.0,0.0,0.0
38,50-54,unvaccinated,1.8973665961010275,7.990619500389192,0.0,0.0
38,50-54,old_vaccine,0.0,0.0,0.0,0.0
38,50-54,new_vaccine,0.0,0.0,0.0,0.0
38,55-59,unvaccinated,3.919183588453085,6.118823416311342,0.0,0.0
38,55-59,old_vaccine,0.0,0.0,0.0,0.0
38,55-59,new_vaccine,0.0,0.0,0.0,0.0
38,60-64,unvaccinated,3.7416573867739413,7.293833011524187,0.0,0.0
38,60-64,old_vaccine,0.0,0.0,0.0,0.0
38,60-64,new_vaccine,0.0,0.0,0.0,0.0
38,65-69,unvaccinated,4.498888751680797,4.337049688440287,0.0,0.0
38,65-69,old_vaccine,0.0,0.0,0.0,0.0
38,65-69,new_vaccine,0.0,0.0,0.0,0.0
38,70-74,unvaccinated,4.337049688440288,3.5227829907617076,1.3266499161421599,0.0
38,70-74,old_vaccine,0.0,0.0,0.0,0.0
38,70-74,new_vaccine,0.0,0.0,0.0,0.0
38,75+,unvaccinated,5.916924876994807,6.508456038109193,1.3564659966250536,0.0
38,75+,old_vaccine,0.0,0.0,0.0,0.0
38,75+,new_vaccine,0.0,0.0,0.0,0.0
39,0-4,unvaccinated,0.916515138991168,8.136952746575341,0.0,0.0
39,0-4,old_vaccine,0.0,0.0,0.0,0.0
39,0-4,new_vaccine,0.0,0.0,0.0,0.0
39,5-9,unvaccinated,0.3,7.203471385380801,0.0,0.0
39,5-9,old_vaccine,0.0,0.0,0.0,0.0
39,5-9,new_vaccine,0.0,0.0,0.0,0.0
39,10-14,unvaccinated,0.3,8.921883209278185,0.0,0.0
39,10-14,old_vaccine,0.0,0.0,0.0,0.0
39,10-14,new_vaccine,0.0,0.0,0.0,0.0
39,15-19,unvaccinated,0.3,8.720091742636658,0.0,0.0
39,15-19,old_vaccine,0.0,0.0,0.0,0.0
39,15-19,new_vaccine,0.0,0.0,0.0,0.0
39,20-24,unvaccinated,0.8306623862918074,7.128113354878697,0.0,0.0
39,20-24,old_vaccine,0.0,0.0,0.0,0.0
39,20-24,new_vaccine,0.0,0.0,0.0,0.0
39,25-29,unvaccinated,0.7745966692414834,9.360021367496978,0.0,0.0
39,25-29,old_vaccine,0.0,0.0,0.0,0.0
39,25-29,new_vaccine,0.0,0.0,0.0,0.0
39,30-34,unvaccinated,0.6633249580710796,8.352245207128439,0.0,0.0
39,30-34,old_vaccine,0.0,0.0,0.0,0.0
39,30-34,new_vaccine,0.0,0.0,0.0,0.0
39,35-39,unvaccinated,0.7810249675906655,10.33247308247159,0.0,0.0
39,35-39,old_vaccine,0.0,0.0,0.0,0.0
39,35-39,new_vaccine,0.0,0.0,0.0,0.0
39,40-44,unvaccinated,0.7,9.148223871331531,0.0,0.0
39,40-44,old_vaccine,0.0,0.0,0.0,0.0
39,40-44,new_vaccine,0.0,0.0,0.0,0.0
39,45-49,unvaccinated,1.004987562112089,8.822698000045113,0.0,0.0
39,45-49,old_vaccine,0.0,0.0,0.0,0.0
39,45-49,new_vaccine,0.0,0.0,0.0,0.0
39,50-54,unvaccinated,1.9723082923316022,7.758865896508328,0.0,0.0
39,50-54,old_vaccine,0.0,0.0,0.0,0.0
39,50-54,new_vaccine,0.0,0.0,0.0,0.0
39,55-59,unvaccinated,4.069397989875162,6.441273166075168,0.0,0.0
39,55-59,old_vaccine,0.0,0.0,0.0,0.0
39,55-59,new_vaccine,0.0,0.0,0.0,0.0
39,60-64,unvaccinated,3.7536648758246915,7.1,0.0,0.0
39,60-64,old_vaccine,0.0,0.0,0.0,0.0
39,60-64,new_vaccine,0.0,0.0,0.0,0.0
39,65-69,unvaccinated,4.64327470649756,4.454211490264017,0.0,0.0
39,65-69,old_vaccine,0.0,0.0,0.0,0.0
39,65-69,new_vaccine,0.0,0.0,0.0,0.0
39,70-74,unvaccinated,4.177319714841085,3.1874754901018454,1.3266499161421599,0.0
39,70-74,old_vaccine,0.0,0.0,0.0,0.0
39,70-74,new_vaccine,0.0,0.0,0.0,0.0
39,75+,unvaccinated,5.979966555090421,6.675327707311457,1.2041594578792296,0.0
39,75+,old_vaccine,0.0,0.0,0.0,0.0
39,75+,new_vaccine,0.0,0.0,0.0,0.0
40,0-4,unvaccinated,0.916515138991168,8.304215796810677,0.0,0.0
40,0-4,old_vaccine,0.0,0.0,0.0,0.0
40,0-4,new_vaccine,0.0,0.0,0.0,0.0
40,5-9,unvaccinated,0.3,7.304792947099867,0.0,0.0
40,5-9,old_vaccine,0.0,0.0,0.0,0.0
40,5-9,new_vaccine,0.0,0.0,0.0,0.0
40,10-14,unvaccinated,0.3,8.452218643646173,0.0,0.0
40,10-14,old_vaccine,0.0,0.0,0.0,0.0
40,10-14,new_vaccine,0.0,0.0,0.0,0.0
40,15-19,unvaccinated,0.0,8.891006692158093,0.0,0.0
40,15-19,old_vaccine,0.0,0.0,0.0,0.0
40,15-19,new_vaccine,0.0,0.0,0.0,0.0
40,20-24,unvaccinated,0.8306623862918074,6.667083320313313,0.0,0.0
40,20-24,old_vaccine,0.0,0.0,0.0,0.0
40,20-24,new_vaccine,0.0,0.0,0.0,0.0
40,25-29,unvaccinated,0.8306623862918074,9.75756117070244,0.0,0.0
40,25-29,old_vaccine,0.0,0.0,0.0,0.0
40,25-29,new_vaccine,0.0,0.0,0.0,0.0
40,30-34,unvaccinated,0.670820393249937,8.369587803470372,0.0,0.0
40,30-34,old_vaccine,0.0,0.0,0.0,0.0
40,30-34,new_vaccine,0.0,0.0,0.0,0.0
40,35-39,unvaccinated,0.8,9.989994994993742,0.0,0.0
40,35-39,old_vaccine,0.0,0.0,0.0,0.0
40,35-39,new_vaccine,0.0,0.0,0.0,0.0
40,40-44,unvaccinated,0.6324555320336758,9.362157870918434,0.0,0.0
40,40-44,old_vaccine,0.0,0.0,0.0,0.0
40,40-44,new_vaccine,0.0,0.0,0.0,0.0
40,45-49,unvaccinated,0.8306623862918073,8.514105942493313,0.0,0.0
40,45-49,old_vaccine,0.0,0.0,0.0,0.0
40,45-49,new_vaccine,0.0,0.0,0.0,0.0
40,50-54,unvaccinated,1.9723082923316022,7.678541528180987,0.0,0.0
40,50-54,old_vaccine,0.0,0.0,0.0,0.0
40,50-54,new_vaccine,0.0,0.0,0.0,0.0
40,55-59,unvaccinated,3.407345007480164,6.554387843269579,0.0,0.0
40,55-59,old_vaccine,0.0,0.0,0.0,0.0
40,55-59,new_vaccine,0.0,0.0,0.0,0.0
40,60-64,unvaccinated,3.867815921162743,6.7557383016218155,0.0,0.0
40,60-64,old_vaccine,0.0,0.0,0.0,0.0
40,60-64,new_vaccine,0.0,0.0,0.0,0.0
40,65-69,unvaccinated,4.512205669071391,4.220189569201838,0.0,0.0
40,65-69,old_vaccine,0.0,0.0,0.0,0.0
40,65-69,new_vaccine,0.0,0.0,0.0,0.0
40,70-74,unvaccinated,4.079215610874229,3.23882694814033,1.3266499161421599,0.0
40,70-74,old_vaccine,0.0,0.0,0.0,0.0
40,70-74,new_vaccine,0.0,0.0,0.0,0.0
40,75+,unvaccinated,6.086871117413281,6.615134163416492,1.2041594578792296,0.0
40,75+,old_vaccine,0.0,0.0,0.0,0.0
40,75+,new_vaccine,0.0,0.0,0.0,0.0
41,0-4,unvaccinated,0.916515138991168,8.219489035213806,0.0,0.0
41,0-4,old_vaccine,0.0,0.0,0.0,0.0
41,0-4,new_vaccine,0.0,0.0,0.0,0.0
41,5-9,unvaccinated,0.3,7.879720807236764,0.0,0.0
41,5-9,old_vaccine,0.0,0.0,0.0,0.0
41,5-9,new_vaccine,0.0,0.0,0.0,0.0
41,10-14,unvaccinated,0.3,8.222530024268684,0.0,0.0
41,10-14,old_vaccine,0.0,0.0,0.0,0.0
41,10-14,new_vaccine,0.0,0.0,0.0,0.0
41,15-19,unvaccinated,0.0,8.741281370600081,0.0,0.0
41,15-19,old_vaccine,0.0,0.0,0.0,0.0
41,15-19,new_vaccine,0.0,0.0,0.0,0.0
41,20-24,unvaccinated,0.8306623862918074,6.493073232299173,0.0,0.0
41,20-24,old_vaccine,0.0,0.0,0.0,0.0
41,20-24,new_vaccine,0.0,0.0,0.0,0.0
41,25-29,unvaccinated,0.8306623862918074,9.785703858180057,0.0,0.0
41,25-29,old_vaccine,0.0,0.0,0.0,0.0
41,25-29,new_vaccine,0.0,0.0,0.0,0.0
41,30-34,unvaccinated,0.670820393249937,8.324061508662703,0.0,0.0
41,30-34,old_vaccine,0.0,0.0,0.0,0.0
41,30-34,new_vaccine,0.0,0.0,0.0,0.0
41,35-39,unvaccinated,0.7810249675906655,10.176443386566843,0.0,0.0
41,35-39,old_vaccine,0.0,0.0,0.0,0.0
41,35-39,new_vaccine,0.0,0.0,0.0,0.0
41,40-44,unvaccinated,0.6324555320336758,9.350935782048767,0.0,0.0
41,40-44,old_vaccine,0.0,0.0,0.0,0.0
41,40-44,new_vaccine,0.0,0.0,0.0,0.0
41,45-49,unvaccinated,0.8944271909999159,8.764131445842194,0.0,0.0
41,45-49,old_vaccine,0.0,0.0,0.0,0.0
41,45-49,new_vaccine,0.0,0.0,0.0,0.0
41,50-54,unvaccinated,1.9723082923316022,7.876547467006086,0.0,0.0
41,50-54,old_vaccine,0.0,0.0,0.0,0.0
41,50-54,new_vaccine,0.0,0.0,0.0,0.0
41,55-59,unvaccinated,3.429285639896449,6.572670690061993,0.0,0.0
41,55-59,old_vaccine,0.0,0.0,0.0,0.0
41,55-59,new_vaccine,0.0,0.0,0.0,0.0
41,60-64,unvaccinated,4.171330722922842,6.636264009214825,0.0,0.0
41,60-64,old_vaccine,0.0,0.0,0.0,0.0
41,60-64,new_vaccine,0.0,0.0,0.0,0.0
41,65-69,unvaccinated,4.62709412050371,4.34050688284214,0.0,0.0
41,65-69,old_vaccine,0.0,0.0,0.0,0.0
41,65-69,new_vaccine,0.0,0.0,0.0,0.0
41,70-74,unvaccinated,4.153311931459037,3.249615361854384,1.3266499161421599,0.0
41,70-74,old_vaccine,0.0,0.0,0.0,0.0
41,70-74,new_vaccine,0.0,0.0,0.0,0.0
41,75+,unvaccinated,6.514598989960932,6.503076195155643,1.2041594578792296,0.0
41,75+,old_vaccine,0.0,0.0,0.0,0.0
41,75+,new_vaccine,0.0,0.0,0.0,0.0
42,0-4,unvaccinated,0.9219544457292888,8.207313811473277,0.0,0.0
42,0-4,old_vaccine,0.0,0.0,0.0,0.0
42,0-4,new_vaccine,0.0,0.0,0.0,0.0
42,5-9,unvaccinated,0.3,8.01810451416044,0.0,0.0
42,5-9,old_vaccine,0.0,0.0,0.0,0.0
42,5-9,new_vaccine,0.0,0.0,0.0,0.0
42,10-14,unvaccinated,0.3,7.91264810287934,0.0,0.0
42,10-14,old_vaccine,0.0,0.0,0.0,0.0
42,10-14,new_vaccine,0.0,0.0,0.0,0.0
42,15-19,unvaccinated,0.0,8.706893820416097,0.0,0.0
42,15-19,old_vaccine,0.0,0.0,0.0,0.0
42,15-19,new_vaccine,0.0,0.0,0.0,0.0
42,20-24,unvaccinated,0.8306623862918074,6.050619802962337,0.0,0.0
42,20-24,old_vaccine,0.0,0.0,0.0,0.0
42,20-24,new_vaccine,0.0,0.0,0.0,0.0
42,25-29,unvaccinated,0.8306623862918074,9.243916918709298,0.0,0.0
42,25-29,old_vaccine,0.0,0.0,0.0,0.0
42,25-29,new_vaccine,0.0,0.0,0.0,0.0
42,30-34,unvaccinated,0.66332495807108,8.072174428244228,0.0,0.0
42,30-34,old_vaccine,0.0,0.0,0.0,0.0
42,30-34,new_vaccine,0.0,0.0,0.0,0.0
42,35-39,unvaccinated,0.6403124237432849,10.188719252192591,0.0,0.0
42,35-39,old_vaccine,0.0,0.0,0.0,0.0
42,35-39,new_vaccine,0.0,0.0,0.0,0.0
42,40-44,unvaccinated,0.8306623862918073,9.224424101265074,0.0,0.0
42,40-44,old_vaccine,0.0,0.0,0.0,0.0
42,40-44,new_vaccine,0.0,0.0,0.0,0.0
42,45-49,unvaccinated,0.8306623862918074,8.820997676000147,0.0,0.0
42,45-49,old_vaccine,0.0,0.0,0.0,0.0
42,45-49,new_vaccine,0.0,0.0,0.0,0.0
42,50-54,unvaccinated,1.9723082923316022,7.525955088890712,0.0,0.0
42,50-54,old_vaccine,0.0,0.0,0.0,0.0
42,50-54,new_vaccine,0.0,0.0,0.0,0.0
42,55-59,unvaccinated,3.638681079732051,6.5848310532617305,0.0,0.0
42,55-59,old_vaccine,0.0,0.0,0.0,0.0
42,55-59,new_vaccine,0.0,0.0,0.0,0.0
42,60-64,unvaccinated,4.123105625617661,6.539113089708723,0.0,0.0
42,60-64,old_vaccine,0.0,0.0,0.0,0.0
42,60-64,new_vaccine,0.0,0.0,0.0,0.0
42,65-69,unvaccinated,4.428317965096905,4.223742416388575,0.0,0.0
42,65-69,old_vaccine,0.0,0.0,0.0,0.0
42,65-69,new_vaccine,0.0,0.0,0.0,0.0
42,70-74,unvaccinated,4.093897898091745,3.261901286060017,1.3266499161421599,0.0
42,70-74,old_vaccine,0.0,0.0,0.0,0.0
42,70-74,new_vaccine,0.0,0.0,0.0,0.0
42,75+,unvaccinated,6.356886030125126,6.390618123468181,1.2041594578792296,0.0
42,75+,old_vaccine,0.0,0.0,0.0,0.0
42,75+,new_vaccine,0.0,0.0,0.0,0.0
43,0-4,unvaccinated,0.9219544457292888,8.567963585356793,0.0,0.0
43,0-4,old_vaccine,0.0,0.0,0.0,0.0
43,0-4,new_vaccine,0.0,0.0,0.0,0.0
43,5-9,unvaccinated,0.3,8.01249024960405,0.0,0.0
43,5-9,old_vaccine,0.0,0.0,0.0,0.0
43,5-9,new_vaccine,0.0,0.0,0.0,0.0
43,10-14,unvaccinated,0.3,8.003124389886741,0.0,0.0
43,10-14,old_vaccine,0.0,0.0,0.0,0.0
43,10-14,new_vaccine,0.0,0.0,0.0,0.0
43,15-19,unvaccinated,0.0,8.825531145489204,0.0,0.0
43,15-19,old_vaccine,0.0,0.0,0.0,0.0
43,15-19,new_vaccine,0.0,0.0,0.0,0.0
43,20-24,unvaccinated,0.8944271909999159,6.356886030125127,0.0,0.0
43,20-24,old_vaccine,0.0,0.0,0.0,0.0
43,20-24,new_vaccine,0.0,0.0,0.0,0.0
43,25-29,unvaccinated,0.7483314773547881,9.241212041718336,0.0,0.0
43,25-29,old_vaccine,0.0,0.0,0.0,0.0
43,25-29,new_vaccine,0.0,0.0,0.0,0.0
43,30-34,unvaccinated,0.66332495807108,7.657675887630658,0.0,0.0
43,30-34,old_vaccine,0.0,0.0,0.0,0.0
43,30-34,new_vaccine,0.0,0.0,0.0,0.0
43,35-39,unvaccinated,0.8717797887081346,10.044401425669921,0.0,0.0
43,35-39,old_vaccine,0.0,0.0,0.0,0.0
43,35-39,new_vaccine,0.0,0.0,0.0,0.0
43,40-44,unvaccinated,0.8306623862918073,8.882004278314664,0.0,0.0
43,40-44,old_vaccine,0.0,0.0,0.0,0.0
43,40-44,new_vaccine,0.0,0.0,0.0,0.0
43,45-49,unvaccinated,0.8717797887081346,8.567379996241558,0.0,0.0
43,45-49,old_vaccine,0.0,0.0,0.0,0.0
43,45-49,new_vaccine,0.0,0.0,0.0,0.0
43,50-54,unvaccinated,1.8330302779823362,7.892401408950258,0.0,0.0
43,50-54,old_vaccine,0.0,0.0,0.0,0.0
43,50-54,new_vaccine,0.0,0.0,0.0,0.0
43,55-59,unvaccinated,3.411744421846396,6.833008122342604,0.0,0.0
43,55-59,old_vaccine,0.0,0.0,0.0,0.0
43,55-59,new_vaccine,0.0,0.0,0.0,0.0
43,60-64,unvaccinated,4.166533331199932,6.390618123468181,0.0,0.0
43,60-64,old_vaccine,0.0,0.0,0.0,0.0
43,60-64,new_vaccine,0.0,0.0,0.0,0.0
43,65-69,unvaccinated,4.243819034784589,4.124318125460256,0.0,0.0
43,65-69,old_vaccine,0.0,0.0,0.0,0.0
43,65-69,new_vaccine,0.0,0.0,0.0,0.0
43,70-74,unvaccinated,4.214261501141096,3.413209633175202,1.3266499161421599,0.0
43,70-74,old_vaccine,0.0,0.0,0.0,0.0
43,70-74,new_vaccine,0.0,0.0,0.0,0.0
43,75+,unvaccinated,6.264183905346329,6.264183905346329,1.2041594578792296,0.0
43,75+,old_vaccine,0.0,0.0,0.0,0.0
43,75+,new_vaccine,0.0,0.0,0.0,0.0
44,0-4,unvaccinated,0.9219544457292888,8.268010643437755,0.0,0.0
44,0-4,old_vaccine,0.0,0.0,0.0,0.0
44,0-4,new_vaccine,0.0,0.0,0.0,0.0
44,5-9,unvaccinated,0.3,8.089499366462674,0.0,0.0
44,5-9,old_vaccine,0.0,0.0,0.0,0.0
44,5-9,new_vaccine,0.0,0.0,0.0,0.0
44,10-14,unvaccinated,0.0,7.833262411026457,0.0,0.0
44,10-14,old_vaccine,0.0,0.0,0.0,0.0
44,10-14,new_vaccine,0.0,0.0,0.0,0.0
44,15-19,unvaccinated,0.0,8.685620300243386,0.0,0.0
44,15-19,old_vaccine,0.0,0.0,0.0,0.0
44,15-19,new_vaccine,0.0,0.0,0.0,0.0
44,20-24,unvaccinated,0.8944271909999159,5.838664230798,0.0,0.0
44,20-24,old_vaccine,0.0,0.0,0.0,0.0
44,20-24,new_vaccine,0.0,0.0,0.0,0.0
44,25-29,unvaccinated,0.7483314773547881,9.235258523723092,0.0,0.0
44,25-29,old_vaccine,0.0,0.0,0.0,0.0
44,25-29,new_vaccine,0.0,0.0,0.0,0.0
44,30-34,unvaccinated,0.66332495807108,7.644605941446557,0.0,0.0
44,30-34,old_vaccine,0.0,0.0,0.0,0.0
44,30-34,new_vaccine,0.0,0.0,0.0,0.0
44,35-39,unvaccinated,1.1832159566199232,9.833107342035886,0.0,0.0
44,35-39,old_vaccine,0.0,0.0,0.0,0.0
44,35-39,new_vaccine,0.0,0.0,0.0,0.0
44,40-44,unvaccinated,1.0440306508910548,9.28924108848511,0.0,0.0
44,40-44,old_vaccine,0.0,0.0,0.0,0.0
44,40-44,new_vaccine,0.0,0.0,0.0,0.0
44,45-49,unvaccinated,0.66332495807108,8.726969691708572,0.0,0.0
44,45-49,old_vaccine,0.0,0.0,0.0,0.0
44,45-49,new_vaccine,0.0,0.0,0.0,0.0
44,50-54,unvaccinated,1.9723082923316022,8.27284715197857,0.0,0.0
44,50-54,old_vaccine,0.0,0.0,0.0,0.0
44,50-54,new_vaccine,0.0,0.0,0.0,0.0
44,55-59,unvaccinated,3.29393381840012,6.564297372910524,0.0,0.0
44,55-59,old_vaccine,0.0,0.0,0.0,0.0
44,55-59,new_vaccine,0.0,0.0,0.0,0.0
44,60-64,unvaccinated,4.1581245772583575,6.58862656401165,0.0,0.0
44,60-64,old_vaccine,0.0,0.0,0.0,0.0
44,60-64,new_vaccine,0.0,0.0,0.0,0.0
44,65-69,unvaccinated,3.9862262855989488,4.127953488110059,0.0,0.0
44,65-69,old_vaccine,0.0,0.0,0.0,0.0
44,65-69,new_vaccine,0.0,0.0,0.0,0.0
44,70-74,unvaccinated,4.158124577258358,3.3823069050575527,1.3266499161421599,0.0
44,70-74,old_vaccine,0.0,0.0,0.0,0.0
44,70-74,new_vaccine,0.0,0.0,0.0,0.0
44,75+,unvaccinated,6.280923498976882,6.4257295305669375,1.2041594578792296,0.0
44,75+,old_vaccine,0.0,0.0,0.0,0.0
44,75+,new_vaccine,0.0,0.0,0.0,0.0
45,0-4,unvaccinated,0.916515138991168,8.17312669668102,0.0,0.0
45,0-4,old_vaccine,0.0,0.0,0.0,0.0
45,0-4,new_vaccine,0.0,0.0,0.0,0.0
45,5-9,unvaccinated,0.3,8.052949770115298,0.0,0.0
45,5-9,old_vaccine,0.0,0.0,0.0,0.0
45,5-9,new_vaccine,0.0,0.0,0.0,0.0
45,10-14,unvaccinated,0.0,8.558037158133864,0.0,0.0
45,10-14,old_vaccine,0.0,0.0,0.0,0.0
45,10-14,new_vaccine,0.0,0.0,0.0,0.0
45,15-19,unvaccinated,0.3,9.413288479590967,0.0,0.0
45,15-19,old_vaccine,0.0,0.0,0.0,0.0
45,15-19,new_vaccine,0.0,0.0,0.0,0.0
45,20-24,unvaccinated,0.8944271909999159,6.2,0.0,0.0
45,20-24,old_vaccine,0.0,0.0,0.0,0.0
45,20-24,new_vaccine,0.0,0.0,0.0,0.0
45,25-29,unvaccinated,0.5999999999999999,9.423375191511798,0.0,0.0
45,25-29,old_vaccine,0.0,0.0,0.0,0.0
45,25-29,new_vaccine,0.0,0.0,0.0,0.0
45,30-34,unvaccinated,0.7810249675906656,7.965550828411051,0.0,0.0
45,30-34,old_vaccine,0.0,0.0,0.0,0.0
45,30-34,new_vaccine,0.0,0.0,0.0,0.0
45,35-39,unvaccinated,1.1832159566199232,9.575489543621252,0.0,0.0
45,35-39,old_vaccine,0.0,0.0,0.0,0.0
45,35-39,new_vaccine,0.0,0.0,0.0,0.0
45,40-44,unvaccinated,1.2999999999999998,8.908422980528035,0.0,0.0
45,40-44,old_vaccine,0.0,0.0,0.0,0.0
45,40-44,new_vaccine,0.0,0.0,0.0,0.0
45,45-49,unvaccinated,0.6403124237432849,8.474078120952157,0.0,0.0
45,45-49,old_vaccine,0.0,0.0,0.0,0.0
45,45-49,new_vaccine,0.0,0.0,0.0,0.0
45,50-54,unvaccinated,1.9209372712298545,7.91264810287934,0.0,0.0
45,50-54,old_vaccine,0.0,0.0,0.0,0.0
45,50-54,new_vaccine,0.0,0.0,0.0,0.0
45,55-59,unvaccinated,3.29393381840012,6.151422599691878,0.0,0.0
45,55-59,old_vaccine,0.0,0.0,0.0,0.0
45,55-59,new_vaccine,0.0,0.0,0.0,0.0
45,60-64,unvaccinated,4.1581245772583575,6.296030495478878,0.3,0.0
45,60-64,old_vaccine,0.0,0.0,0.0,0.0
45,60-64,new_vaccine,0.0,0.0,0.0,0.0
45,65-69,unvaccinated,3.806573262134857,3.848376280978771,0.0,0.0
45,65-69,old_vaccine,0.0,0.0,0.0,0.0
45,65-69,new_vaccine,0.0,0.0,0.0,0.0
45,70-74,unvaccinated,3.736308338453882,3.611094017053558,1.3266499161421599,0.0
45,70-74,old_vaccine,0.0,0.0,0.0,0.0
45,70-74,new_vaccine,0.0,0.0,0.0,0.0
45,75+,unvaccinated,5.983310120660637,6.144916598294883,1.2041594578792296,0.0
45,75+,old_vaccine,0.0,0.0,0.0,0.0
45,75+,new_vaccine,0.0,0.0,0.0,0.0
46,0-4,unvaccinated,0.9219544457292888,8.473488065725945,0.0,0.0
46,0-4,old_vaccine,0.0,0.0,0.0,0.0
46,0-4,new_vaccine,0.0,0.0,0.0,0.0
46,5-9,unvaccinated,0.3,7.746612162745728,0.0,0.0
46,5-9,old_vaccine,0.0,0.0,0.0,0.0
46,5-9,new_vaccine,0.0,0.0,0.0,0.0
46,10-14,unvaccinated,0.0,8.321057625085885,0.0,0.0
46,10-14,old_vaccine,0.0,0.0,0.0,0.0
46,10-14,new_vaccine,0.0,0.0,0.0,0.0
46,15-19,unvaccinated,0.4,9.187491496594706,0.0,0.0
46,15-19,old_vaccine,0.0,0.0,0.0,0.0
46,15-19,new_vaccine,0.0,0.0,0.0,0.0
46,20-24,unvaccinated,0.8944271909999159,6.248999919987198,0.0,0.0
46,20-24,old_vaccine,0.0,0.0,0.0,0.0
46,20-24,new_vaccine,0.0,0.0,0.0,0.0
46,25-29,unvaccinated,0.7,8.591274643497323,0.0,0.0
46,25-29,old_vaccine,0.0,0.0,0.0,0.0
46,25-29,new_vaccine,0.0,0.0,0.0,0.0
46,30-34,unvaccinated,0.6633249580710796,7.565712127751094,0.0,0.0
46,30-34,old_vaccine,0.0,0.0,0.0,0.0
46,30-34,new_vaccine,0.0,0.0,0.0,0.0
46,35-39,unvaccinated,1.345362404707371,9.944345126754197,0.0,0.0
46,35-39,old_vaccine,0.0,0.0,0.0,0.0
46,35-39,new_vaccine,0.0,0.0,0.0,0.0
46,40-44,unvaccinated,1.32664991614216,8.967162315916893,0.0,0.0
46,40-44,old_vaccine,0.0,0.0,0.0,0.0
46,40-44,new_vaccine,0.0,0.0,0.0,0.0
46,45-49,unvaccinated,0.4898979485566356,8.089499366462675,0.0,0.0
46,45-49,old_vaccine,0.0,0.0,0.0,0.0
46,45-49,new_vaccine,0.0,0.0,0.0,0.0
46,50-54,unvaccinated,1.9209372712298545,8.136338242723197,0.0,0.0
46,50-54,old_vaccine,0.0,0.0,0.0,0.0
46,50-54,new_vaccine,0.0,0.0,0.0,0.0
46,55-59,unvaccinated,3.257299494980466,5.9674114991342755,0.0,0.0
46,55-59,old_vaccine,0.0,0.0,0.0,0.0
46,55-59,new_vaccine,0.0,0.0,0.0,0.0
46,60-64,unvaccinated,4.219004621945797,6.867313885355758,0.3,0.0
46,60-64,old_vaccine,0.0,0.0,0.0,0.0
46,60-64,new_vaccine,0.0,0.0,0.0,0.0
46,65-69,unvaccinated,3.9038442591886264,4.093897898091744,0.0,0.0
46,65-69,old_vaccine,0.0,0.0,0.0,0.0
46,65-69,new_vaccine,0.0,0.0,0.0,0.0
46,70-74,unvaccinated,3.806573262134857,3.8065732621348554,1.3266499161421599,0.0
46,70-74,old_vaccine,0.0,0.0,0.0,0.0
46,70-74,new_vaccine,0.0,0.0,0.0,0.0
46,75+,unvaccinated,6.236184731067545,6.132699242584787,1.2041594578792296,0.0
46,75+,old_vaccine,0.0,0.0,0.0,0.0
46,75+,new_vaccine,0.0,0.0,0.0,0.0
47,0-4,unvaccinated,0.9219544457292888,8.23164625090267,0.0,0.0
47,0-4,old_vaccine,0.0,0.0,0.0,0.0
47,0-4,new_vaccine,0.0,0.0,0.0,0.0
47,5-9,unvaccinated,0.3,7.513321502504733,0.0,0.0
47,5-9,old_vaccine,0.0,0.0,0.0,0.0
47,5-9,new_vaccine,0.0,0.0,0.0,0.0
47,10-14,unvaccinated,0.0,8.219489035213806,0.0,0.0
47,10-14,old_vaccine,0.0,0.0,0.0,0.0
47,10-14,new_vaccine,0.0,0.0,0.0,0.0
47,15-19,unvaccinated,0.4,9.278469701410897,0.0,0.0
47,15-19,old_vaccine,0.0,0.0,0.0,0.0
47,15-19,new_vaccine,0.0,0.0,0.0,0.0
47,20-24,unvaccinated,0.8306623862918074,6.515366451704769,0.0,0.0
47,20-24,old_vaccine,0.0,0.0,0.0,0.0
47,20-24,new_vaccine,0.0,0.0,0.0,0.0
47,25-29,unvaccinated,0.7745966692414834,8.738420909981395,0.0,0.0
47,25-29,old_vaccine,0.0,0.0,0.0,0.0
47,25-29,new_vaccine,0.0,0.0,0.0,0.0
47,30-34,unvaccinated,0.7810249675906656,7.644605941446558,0.0,0.0
47,30-34,old_vaccine,0.0,0.0,0.0,0.0
47,30-34,new_vaccine,0.0,0.0,0.0,0.0
47,35-39,unvaccinated,1.3564659966250536,10.270832488167647,0.0,0.0
47,35-39,old_vaccine,0.0,0.0,0.0,0.0
47,35-39,new_vaccine,0.0,0.0,0.0,0.0
47,40-44,unvaccinated,1.5362291495737217,8.912911982062873,0.0,0.0
47,40-44,old_vaccine,0.0,0.0,0.0,0.0
47,40-44,new_vaccine,0.0,0.0,0.0,0.0
47,45-49,unvaccinated,0.8306623862918074,8.35703296631047,0.0,0.0
47,45-49,old_vaccine,0.0,0.0,0.0,0.0
47,45-49,new_vaccine,0.0,0.0,0.0,0.0
47,50-54,unvaccinated,1.8138357147217052,8.34805366537614,0.0,0.0
47,50-54,old_vaccine,0.0,0.0,0.0,0.0
47,50-54,new_vaccine,0.0,0.0,0.0,0.0
47,55-59,unvaccinated,3.3837848631377265,6.248199740725325,0.0,0.0
47,55-59,old_vaccine,0.0,0.0,0.0,0.0
47,55-59,new_vaccine,0.0,0.0,0.0,0.0
47,60-64,unvaccinated,4.1581245772583575,6.726812023536855,0.3,0.0
47,60-64,old_vaccine,0.0,0.0,0.0,0.0
47,60-64,new_vaccine,0.0,0.0,0.0,0.0
47,65-69,unvaccinated,4.029888335921977,4.085339643163099,0.0,0.0
47,65-69,old_vaccine,0.0,0.0,0.0,0.0
47,65-69,new_vaccine,0.0,0.0,0.0,0.0
47,70-74,unvaccinated,3.70944739819828,3.672873534441393,1.3266499161421599,0.0
47,70-74,old_vaccine,0.0,0.0,0.0,0.0
47,70-74,new_vaccine,0.0,0.0,0.0,0.0
47,75+,unvaccinated,6.079473661428263,6.3253458403473894,1.2041594578792296,0.0
47,75+,old_vaccine,0.0,0.0,0.0,0.0
47,75+,new_vaccine,0.0,0.0,0.0,0.0
48,0-4,unvaccinated,1.019803902718557,7.422263805605401,0.0,0.0
48,0-4,old_vaccine,0.0,0.0,0.0,0.0
48,0-4,new_vaccine,0.0,0.0,0.0,0.0
48,5-9,unvaccinated,0.4,7.619055059520178,0.0,0.0
48,5-9,old_vaccine,0.0,0.0,0.0,0.0
48,5-9,new_vaccine,0.0,0.0,0.0,0.0
48,10-14,unvaccinated,0.0,8.219489035213806,0.0,0.0
48,10-14,old_vaccine,0.0,0.0,0.0,0.0
48,10-14,new_vaccine,0.0,0.0,0.0,0.0
48,15-19,unvaccinated,0.4,9.425497334358544,0.0,0.0
48,15-19,old_vaccine,0.0,0.0,0.0,0.0
48,15-19,new_vaccine,0.0,0.0,0.0,0.0
48,20-24,unvaccinated,0.8306623862918074,6.814690014960328,0.0,0.0
48,20-24,old_vaccine,0.0,0.0,0.0,0.0
48,20-24,new_vaccine,0.0,0.0,0.0,0.0
48,25-29,unvaccinated,0.7745966692414834,9.135097153287424,0.0,0.0
48,25-29,old_vaccine,0.0,0.0,0.0,0.0
48,25-29,new_vaccine,0.0,0.0,0.0,0.0
48,30-34,unvaccinated,0.7810249675906656,7.389181280764468,0.0,0.0
48,30-34,old_vaccine,0.0,0.0,0.0,0.0
48,30-34,new_vaccine,0.0,0.0,0.0,0.0
48,35-39,unvaccinated,1.345362404707371,10.1567711404757,0.0,0.0
48,35-39,old_vaccine,0.0,0.0,0.0,0.0
48,35-39,new_vaccine,0.0,0.0,0.0,0.0
48,40-44,unvaccinated,1.4282856857085697,9.428149341201594,0.0,0.0
48,40-44,old_vaccine,0.0,0.0,0.0,0.0
48,40-44,new_vaccine,0.0,0.0,0.0,0.0
48,45-49,unvaccinated,0.9433981132056604,8.237111144084437,0.0,0.0
48,45-49,old_vaccine,0.0,0.0,0.0,0.0
48,45-49,new_vaccine,0.0,0.0,0.0,0.0
48,50-54,unvaccinated,1.7888543819998315,8.316249154516715,0.0,0.0
48,50-54,old_vaccine,0.0,0.0,0.0,0.0
48,50-54,new_vaccine,0.0,0.0,0.0,0.0
48,55-59,unvaccinated,3.583294573433783,5.9506302187247355,0.0,0.0
48,55-59,old_vaccine,0.0,0.0,0.0,0.0
48,55-59,new_vaccine,0.0,0.0,0.0,0.0
48,60-64,unvaccinated,4.171330722922842,6.697014260101287,0.3,0.0
48,60-64,old_vaccine,0.0,0.0,0.0,0.0
48,60-64,new_vaccine,0.0,0.0,0.0,0.0
48,65-69,unvaccinated,4.200000000000001,4.049691346263317,0.0,0.0
48,65-69,old_vaccine,0.0,0.0,0.0,0.0
48,65-69,new_vaccine,0.0,0.0,0.0,0.0
48,70-74,unvaccinated,3.618010503025109,3.9862262855989496,1.3266499161421599,0.0
48,70-74,old_vaccine,0.0,0.0,0.0,0.0
48,70-74,new_vaccine,0.0,0.0,0.0,0.0
48,75+,unvaccinated,6.209669878504012,6.554387843269574,1.2041594578792296,0.0
48,75+,old_vaccine,0.0,0.0,0.0,0.0
48,75+,new_vaccine,0.0,0.0,0.0,0.0
49,0-4,unvaccinated,1.019803902718557,7.37631344236401,0.0,0.0
49,0-4,old_vaccine,0.0,0.0,0.0,0.0
49,0-4,new_vaccine,0.0,0.0,0.0,0.0
49,5-9,unvaccinated,0.4,7.269112738154499,0.0,0.0
49,5-9,old_vaccine,0.0,0.0,0.0,0.0
49,5-9,new_vaccine,0.0,0.0,0.0,0.0
49,10-14,unvaccinated,0.3,8.61626369141521,0.0,0.0
49,10-14,old_vaccine,0.0,0.0,0.0,0.0
49,10-14,new_vaccine,0.0,0.0,0.0,0.0
49,15-19,unvaccinated,0.6403124237432849,9.332202312423364,0.0,0.0
49,15-19,old_vaccine,0.0,0.0,0.0,0.0
49,15-19,new_vaccine,0.0,0.0,0.0,0.0
49,20-24,unvaccinated,0.7483314773547881,6.785278181474949,0.0,0.0
49,20-24,old_vaccine,0.0,0.0,0.0,0.0
49,20-24,new_vaccine,0.0,0.0,0.0,0.0
49,25-29,unvaccinated,0.7,8.676981041814022,0.0,0.0
49,25-29,old_vaccine,0.0,0.0,0.0,0.0
49,25-29,new_vaccine,0.0,0.0,0.0,0.0
49,30-34,unvaccinated,0.7810249675906656,7.5,0.0,0.0
49,30-34,old_vaccine,0.0,0.0,0.0,0.0
49,30-34,new_vaccine,0.0,0.0,0.0,0.0
49,35-39,unvaccinated,1.268857754044952,10.235233265539184,0.0,0.0
49,35-39,old_vaccine,0.0,0.0,0.0,0.0
49,35-39,new_vaccine,0.0,0.0,0.0,0.0
49,40-44,unvaccinated,1.4866068747318506,9.558242516278817,0.0,0.0
49,40-44,old_vaccine,0.0,0.0,0.0,0.0
49,40-44,new_vaccine,0.0,0.0,0.0,0.0
49,45-49,unvaccinated,0.9433981132056604,8.258934555982389,0.0,0.0
49,45-49,old_vaccine,0.0,0.0,0.0,0.0
49,45-49,new_vaccine,0.0,0.0,0.0,0.0
49,50-54,unvaccinated,1.8330302779823353,8.741281370600081,0.0,0.0
49,50-54,old_vaccine,0.0,0.0,0.0,0.0
49,50-54,new_vaccine,0.0,0.0,0.0,0.0
49,55-59,unvaccinated,4.044749683231338,6.050619802962339,0.0,0.0
49,55-59,old_vaccine,0.0,0.0,0.0,0.0
49,55-59,new_vaccine,0.0,0.0,0.0,0.0
49,60-64,unvaccinated,3.8470768123342687,7.172168430816441,0.3,0.0
49,60-64,old_vaccine,0.0,0.0,0.0,0.0
49,60-64,new_vaccine,0.0,0.0,0.0,0.0
49,65-69,unvaccinated,4.261455150532504,3.6345563690772495,0.0,0.0
49,65-69,old_vaccine,0.0,0.0,0.0,0.0
49,65-69,new_vaccine,0.0,0.0,0.0,0.0
49,70-74,unvaccinated,3.9038442591886273,4.0,1.374772708486752,0.0
49,70-74,old_vaccine,0.0,0.0,0.0,0.0
49,70-74,new_vaccine,0.0,0.0,0.0,0.0
49,75+,unvaccinated,6.45290632196067,6.949100661236675,1.2041594578792296,0.0
49,75+,old_vaccine,0.0,0.0,0.0,0.0
49,75+,new_vaccine,0.0,0.0,0.0,0.0
50,0-4,unvaccinated,1.019803902718557,7.573638491504596,0.0,0.0
50,0-4,old_vaccine,0.0,0.0,0.0,0.0
50,0-4,new_vaccine,0.0,0.0,0.0,0.0
50,5-9,unvaccinated,0.4,7.045565981523416,0.0,0.0
50,5-9,old_vaccine,0.0,0.0,0.0,0.0
50,5-9,new_vaccine,0.0,0.0,0.0,0.0
50,10-14,unvaccinated,0.3,8.660254037844387,0.0,0.0
50,10-14,old_vaccine,0.0,0.0,0.0,0.0
50,10-14,new_vaccine,0.0,0.0,0.0,0.0
50,15-19,unvaccinated,0.6403124237432849,8.946507698538015,0.0,0.0
50,15-19,old_vaccine,0.0,0.0,0.0,0.0
50,15-19,new_vaccine,0.0,0.0,0.0,0.0
50,20-24,unvaccinated,0.7483314773547881,6.925315877272313,0.0,0.0
50,20-24,old_vaccine,0.0,0.0,0.0,0.0
50,20-24,new_vaccine,0.0,0.0,0.0,0.0
50,25-29,unvaccinated,0.7483314773547881,8.772684879784519,0.0,0.0
50,25-29,old_vaccine,0.0,0.0,0.0,0.0
50,25-29,new_vaccine,0.0,0.0,0.0,0.0
50,30-34,unvaccinated,0.7999999999999998,7.707139547199076,0.0,0.0
50,30-34,old_vaccine,0.0,0.0,0.0,0.0
50,30-34,new_vaccine,0.0,0.0,0.0,0.0
50,35-39,unvaccinated,1.0954451150103324,10.33876201486426,0.0,0.0
50,35-39,old_vaccine,0.0,0.0,0.0,0.0
50,35-39,new_vaccine,0.0,0.0,0.0,0.0
50,40-44,unvaccinated,1.3564659966250536,9.14111590562115,0.0,0.0
50,40-44,old_vaccine,0.0,0.0,0.0,0.0
50,40-44,new_vaccine,0.0,0.0,0.0,0.0
50,45-49,unvaccinated,1.0440306508910548,8.882004278314664,0.0,0.0
50,45-49,old_vaccine,0.0,0.0,0.0,0.0
50,45-49,new_vaccine,0.0,0.0,0.0,0.0
50,50-54,unvaccinated,1.7204650534085246,8.674099376880577,0.0,0.0
50,50-54,old_vaccine,0.0,0.0,0.0,0.0
50,50-54,new_vaccine,0.0,0.0,0.0,0.0
50,55-59,unvaccinated,3.976179070414207,5.906775770248945,0.0,0.0
50,55-59,old_vaccine,0.0,0.0,0.0,0.0
50,55-59,new_vaccine,0.0,0.0,0.0,0.0
50,60-64,unvaccinated,3.7000000000000006,7.2,0.3,0.0
50,60-64,old_vaccine,0.0,0.0,0.0,0.0
50,60-64,new_vaccine,0.0,0.0,0.0,0.0
50,65-69,unvaccinated,4.498888751680798,4.004996878900157,0.0,0.0
50,65-69,old_vaccine,0.0,0.0,0.0,0.0
50,65-69,new_vaccine,0.0,0.0,0.0,0.0
50,70-74,unvaccinated,3.612478373637688,4.109744517606903,1.374772708486752,0.0
50,70-74,old_vaccine,0.0,0.0,0.0,0.0
50,70-74,new_vaccine,0.0,0.0,0.0,0.0
50,75+,unvaccinated,6.082762530298219,6.829348431585548,1.2041594578792296,0.0
50,75+,old_vaccine,0.0,0.0,0.0,0.0
50,75+,new_vaccine,0.0,0.0,0.0,0.0
51,0-4,unvaccinated,1.019803902718557,7.73886296557834,0.0,0.0
51,0-4,old_vaccine,0.0,0.0,0.0,0.0
51,0-4,new_vaccine,0.0,0.0,0.0,0.0
51,5-9,unvaccinated,0.4,7.242237223399962,0.0,0.0
51,5-9,old_vaccine,0.0,0.0,0.0,0.0
51,5-9,new_vaccine,0.0,0.0,0.0,0.0
51,10-14,unvaccinated,0.3,8.464041587799533,0.0,0.0
51,10-14,old_vaccine,0.0,0.0,0.0,0.0
51,10-14,new_vaccine,0.0,0.0,0.0,0.0
51,15-19,unvaccinated,0.6403124237432849,8.5,0.0,0.0
51,15-19,old_vaccine,0.0,0.0,0.0,0.0
51,15-19,new_vaccine,0.0,0.0,0.0,0.0
51,20-24,unvaccinated,0.7,7.029224708315991,0.0,0.0
51,20-24,old_vaccine,0.0,0.0,0.0,0.0
51,20-24,new_vaccine,0.0,0.0,0.0,0.0
51,25-29,unvaccinated,0.6403124237432849,9.38083151964686,0.0,0.0
51,25-29,old_vaccine,0.0,0.0,0.0,0.0
51,25-29,new_vaccine,0.0,0.0,0.0,0.0
51,30-34,unvaccinated,0.66332495807108,7.5630681604756145,0.0,0.0
51,30-34,old_vaccine,0.0,0.0,0.0,0.0
51,30-34,new_vaccine,0.0,0.0,0.0,0.0
51,35-39,unvaccinated,1.0954451150103324,10.811567878897119,0.0,0.0
51,35-39,old_vaccine,0.0,0.0,0.0,0.0
51,35-39,new_vaccine,0.0,0.0,0.0,0.0
51,40-44,unvaccinated,1.4317821063276353,9.044888059008802,0.0,0.0
51,40-44,old_vaccine,0.0,0.0,0.0,0.0
51,40-44,new_vaccine,0.0,0.0,0.0,0.0
51,45-49,unvaccinated,1.0440306508910548,8.986656775464388,0.0,0.0
51,45-49,old_vaccine,0.0,0.0,0.0,0.0
51,45-49,new_vaccine,0.0,0.0,0.0,0.0
51,50-54,unvaccinated,1.7204650534085246,8.62322445492404,0.0,0.0
51,50-54,old_vaccine,0.0,0.0,0.0,0.0
51,50-54,new_vaccine,0.0,0.0,0.0,0.0
51,55-59,unvaccinated,3.8223029707232783,5.769748694700662,0.0,0.0
51,55-59,old_vaccine,0.0,0.0,0.0,0.0
51,55-59,new_vaccine,0.0,0.0,0.0,0.0
51,60-64,unvaccinated,3.7429934544425802,7.3647810558087885,0.3,0.0
51,60-64,old_vaccine,0.0,0.0,0.0,0.0
51,60-64,new_vaccine,0.0,0.0,0.0,0.0
51,65-69,unvaccinated,4.695742752749558,4.1,0.3,0.0
51,65-69,old_vaccine,0.0,0.0,0.0,0.0
51,65-69,new_vaccine,0.0,0.0,0.0,0.0
51,70-74,unvaccinated,3.310589071449371,4.214261501141095,1.374772708486752,0.0
51,70-74,old_vaccine,0.0,0.0,0.0,0.0
51,70-74,new_vaccine,0.0,0.0,0.0,0.0
51,75+,unvaccinated,5.810335618533582,6.829348431585548,1.2041594578792296,0.0
51,75+,old_vaccine,0.0,0.0,0.0,0.0
51,75+,new_vaccine,0.0,0.0,0.0,0.0
52,0-4,unvaccinated,0.916515138991168,7.777531742140302,0.0,0.0
52,0-4,old_vaccine,0.0,0.0,0.0,0.0
52,0-4,new_vaccine,0.0,0.0,0.0,0.0
52,5-9,unvaccinated,0.4,7.337574531137655,0.0,0.0
52,5-9,old_vaccine,0.0,0.0,0.0,0.0
52,5-9,new_vaccine,0.0,0.0,0.0,0.0
52,10-14,unvaccinated,0.3,8.499411744350315,0.0,0.0
52,10-14,old_vaccine,0.0,0.0,0.0,0.0
52,10-14,new_vaccine,0.0,0.0,0.0,0.0
52,15-19,unvaccinated,0.4,8.360023923410745,0.0,0.0
52,15-19,old_vaccine,0.0,0.0,0.0,0.0
52,15-19,new_vaccine,0.0,0.0,0.0,0.0
52,20-24,unvaccinated,0.7,6.925315877272313,0.0,0.0
52,20-24,old_vaccine,0.0,0.0,0.0,0.0
52,20-24,new_vaccine,0.0,0.0,0.0,0.0
52,25-29,unvaccinated,0.66332495807108,9.848857801796104,0.0,0.0
52,25-29,old_vaccine,0.0,0.0,0.0,0.0
52,25-29,new_vaccine,0.0,0.0,0.0,0.0
52,30-34,unvaccinated,0.66332495807108,7.68374908491942,0.0,0.0
52,30-34,old_vaccine,0.0,0.0,0.0,0.0
52,30-34,new_vaccine,0.0,0.0,0.0,0.0
52,35-39,unvaccinated,1.0954451150103324,10.628264204469135,0.0,0.0
52,35-39,old_vaccine,0.0,0.0,0.0,0.0
52,35-39,new_vaccine,0.0,0.0,0.0,0.0
52,40-44,unvaccinated,1.2041594578792296,9.256889326334202,0.0,0.0
52,40-44,old_vaccine,0.0,0.0,0.0,0.0
52,40-44,new_vaccine,0.0,0.0,0.0,0.0
52,45-49,unvaccinated,1.0440306508910548,9.189124006128111,0.0,0.0
52,45-49,old_vaccine,0.0,0.0,0.0,0.0
52,45-49,new_vaccine,0.0,0.0,0.0,0.0
52,50-54,unvaccinated,1.7204650534085246,8.6,0.0,0.0
52,50-54,old_vaccine,0.0,0.0,0.0,0.0
52,50-54,new_vaccine,0.0,0.0,0.0,0.0
52,55-59,unvaccinated,4.029888335921977,5.882176467941097,0.0,0.0
52,55-59,old_vaccine,0.0,0.0,0.0,0.0
52,55-59,new_vaccine,0.0,0.0,0.0,0.0
52,60-64,unvaccinated,3.66742416417845,7.200694410957876,0.3,0.0
52,60-64,old_vaccine,0.0,0.0,0.0,0.0
52,60-64,new_vaccine,0.0,0.0,0.0,0.0
52,65-69,unvaccinated,4.605431575867782,4.214261501141095,0.3,0.0
52,65-69,old_vaccine,0.0,0.0,0.0,0.0
52,65-69,new_vaccine,0.0,0.0,0.0,0.0
52,70-74,unvaccinated,3.8223029707232783,4.214261501141095,1.374772708486752,0.0
52,70-74,old_vaccine,0.0,0.0,0.0,0.0
52,70-74,new_vaccine,0.0,0.0,0.0,0.0
52,75+,unvaccinated,6.347440429023339,6.9685005560737405,1.2041594578792296,0.0
52,75+,old_vaccine,0.0,0.0,0.0,0.0
52,75+,new_vaccine,0.0,0.0,0.0,0.0
53,0-4,unvaccinated,0.9219544457292888,8.075270893288966,0.0,0.0
53,0-4,old_vaccine,0.0,0.0,0.0,0.0
53,0-4,new_vaccine,0.0,0.0,0.0,0.0
53,5-9,unvaccinated,0.4,7.046275611981125,0.0,0.0
53,5-9,old_vaccine,0.0,0.0,0.0,0.0
53,5-9,new_vaccine,0.0,0.0,0.0,0.0
53,10-14,unvaccinated,0.3,8.487638069569183,0.0,0.0
53,10-14,old_vaccine,0.0,0.0,0.0,0.0
53,10-14,new_vaccine,0.0,0.0,0.0,0.0
53,15-19,unvaccinated,0.4,8.360023923410745,0.0,0.0
53,15-19,old_vaccine,0.0,0.0,0.0,0.0
53,15-19,new_vaccine,0.0,0.0,0.0,0.0
53,20-24,unvaccinated,0.7745966692414834,6.699999999999999,0.0,0.0
53,20-24,old_vaccine,0.0,0.0,0.0,0.0
53,20-24,new_vaccine,0.0,0.0,0.0,0.0
53,25-29,unvaccinated,0.6708203932499369,9.720596689504196,0.0,0.0
53,25-29,old_vaccine,0.0,0.0,0.0,0.0
53,25-29,new_vaccine,0.0,0.0,0.0,0.0
53,30-34,unvaccinated,0.8062257748298549,7.62167960491649,0.0,0.0
53,30-34,old_vaccine,0.0,0.0,0.0,0.0
53,30-34,new_vaccine,0.0,0.0,0.0,0.0
53,35-39,unvaccinated,1.0770329614269007,10.495713410721539,0.0,0.0
53,35-39,old_vaccine,0.0,0.0,0.0,0.0
53,35-39,new_vaccine,0.0,0.0,0.0,0.0
53,40-44,unvaccinated,1.0999999999999999,8.71550342780037,0.0,0.0
53,40-44,old_vaccine,0.0,0.0,0.0,0.0
53,40-44,new_vaccine,0.0,0.0,0.0,0.0
53,45-49,unvaccinated,1.0440306508910548,9.5524865872714,0.0,0.0
53,45-49,old_vaccine,0.0,0.0,0.0,0.0
53,45-49,new_vaccine,0.0,0.0,0.0,0.0
53,50-54,unvaccinated,1.7888543819998315,8.182909018191513,0.0,0.0
53,50-54,old_vaccine,0.0,0.0,0.0,0.0
53,50-54,new_vaccine,0.0,0.0,0.0,0.0
53,55-59,unvaccinated,3.9255572852781038,5.966573556070519,0.0,0.0
53,55-59,old_vaccine,0.0,0.0,0.0,0.0
53,55-59,new_vaccine,0.0,0.0,0.0,0.0
53,60-64,unvaccinated,3.6110940170535577,7.208328516376042,0.3,0.0
53,60-64,old_vaccine,0.0,0.0,0.0,0.0
53,60-64,new_vaccine,0.0,0.0,0.0,0.0
53,65-69,unvaccinated,4.467661580737735,4.026164427839479,0.3,0.0
53,65-69,old_vaccine,0.0,0.0,0.0,0.0
53,65-69,new_vaccine,0.0,0.0,0.0,0.0
53,70-74,unvaccinated,3.9255572852781038,4.2,1.374772708486752,0.0
53,70-74,old_vaccine,0.0,0.0,0.0,0.0
53,70-74,new_vaccine,0.0,0.0,0.0,0.0
53,75+,unvaccinated,6.268173577685927,6.503076195155643,1.2041594578792296,0.0
53,75+,old_vaccine,0.0,0.0,0.0,0.0
53,75+,new_vaccine,0.0,0.0,0.0,0.0
54,0-4,unvaccinated,0.9219544457292888,8.195120499419152,0.0,0.0
54,0-4,old_vaccine,0.0,0.0,0.0,0.0
54,0-4,new_vaccine,0.0,0.0,0.0,0.0
54,5-9,unvaccinated,0.4,7.578918128598566,0.0,0.0
54,5-9,old_vaccine,0.0,0.0,0.0,0.0
54,5-9,new_vaccine,0.0,0.0,0.0,0.0
54,10-14,unvaccinated,0.3,8.46226919921601,0.0,0.0
54,10-14,old_vaccine,0.0,0.0,0.0,0.0
54,10-14,new_vaccine,0.0,0.0,0.0,0.0
54,15-19,unvaccinated,0.4,8.508818954473057,0.0,0.0
54,15-19,old_vaccine,0.0,0.0,0.0,0.0
54,15-19,new_vaccine,0.0,0.0,0.0,0.0
54,20-24,unvaccinated,0.7745966692414834,6.779380502671316,0.0,0.0
54,20-24,old_vaccine,0.0,0.0,0.0,0.0
54,20-24,new_vaccine,0.0,0.0,0.0,0.0
54,25-29,unvaccinated,0.916515138991168,9.716480844420989,0.0,0.0
54,25-29,old_vaccine,0.0,0.0,0.0,0.0
54,25-29,new_vaccine,0.0,0.0,0.0,0.0
54,30-34,unvaccinated,0.8062257748298549,7.0823724838503095,0.0,0.0
54,30-34,old_vaccine,0.0,0.0,0.0,0.0
54,30-34,new_vaccine,0.0,0.0,0.0,0.0
54,35-39,unvaccinated,1.1,10.348429832588126,0.0,0.0
54,35-39,old_vaccine,0.0,0.0,0.0,0.0
54,35-39,new_vaccine,0.0,0.0,0.0,0.0
54,40-44,unvaccinated,0.8717797887081349,8.854942122905154,0.0,0.0
54,40-44,old_vaccine,0.0,0.0,0.0,0.0
54,40-44,new_vaccine,0.0,0.0,0.0,0.0
54,45-49,unvaccinated,1.0954451150103324,8.919641248391104,0.0,0.0
54,45-49,old_vaccine,0.0,0.0,0.0,0.0
54,45-49,new_vaccine,0.0,0.0,0.0,0.0
54,50-54,unvaccinated,1.6124515496597098,8.506468127254694,0.0,0.0
54,50-54,old_vaccine,0.0,0.0,0.0,0.0
54,50-54,new_vaccine,0.0,0.0,0.0,0.0
54,55-59,unvaccinated,4.080441152620634,5.866003750424984,0.0,0.0
54,55-59,old_vaccine,0.0,0.0,0.0,0.0
54,55-59,new_vaccine,0.0,0.0,0.0,0.0
54,60-64,unvaccinated,3.6345563690772495,7.110555533852473,0.3,0.0
54,60-64,old_vaccine,0.0,0.0,0.0,0.0
54,60-64,new_vaccine,0.0,0.0,0.0,0.0
54,65-69,unvaccinated,4.556314299957806,3.9509492530276824,0.3,0.0
54,65-69,old_vaccine,0.0,0.0,0.0,0.0
54,65-69,new_vaccine,0.0,0.0,0.0,0.0
54,70-74,unvaccinated,3.6345563690772495,3.9698866482558413,1.374772708486752,0.0
54,70-74,old_vaccine,0.0,0.0,0.0,0.0
54,70-74,new_vaccine,0.0,0.0,0.0,0.0
54,75+,unvaccinated,6.337191807101943,6.337191807101946,1.2041594578792296,0.0
54,75+,old_vaccine,0.0,0.0,0.0,0.0
54,75+,new_vaccine,0.0,0.0,0.0,0.0
55,0-4,unvaccinated,0.9219544457292888,8.651011501552869,0.0,0.0
55,0-4,old_vaccine,0.0,0.0,0.0,0.0
55,0-4,new_vaccine,0.0,0.0,0.0,0.0
55,5-9,unvaccinated,0.3,7.430343195303972,0.0,0.0
55,5-9,old_vaccine,0.0,0.0,0.0,0.0
55,5-9,new_vaccine,0.0,0.0,0.0,0.0
55,10-14,unvaccinated,0.0,8.588364221433558,0.0,0.0
55,10-14,old_vaccine,0.0,0.0,0.0,0.0
55,10-14,new_vaccine,0.0,0.0,0.0,0.0
55,15-19,unvaccinated,0.3,8.27586853448023,0.0,0.0
55,15-19,old_vaccine,0.0,0.0,0.0,0.0
55,15-19,new_vaccine,0.0,0.0,0.0,0.0
55,20-24,unvaccinated,0.7745966692414834,6.437390775772433,0.0,0.0
55,20-24,old_vaccine,0.0,0.0,0.0,0.0
55,20-24,new_vaccine,0.0,0.0,0.0,0.0
55,25-29,unvaccinated,0.916515138991168,9.891915891272026,0.0,0.0
55,25-29,old_vaccine,0.0,0.0,0.0,0.0
55,25-29,new_vaccine,0.0,0.0,0.0,0.0
55,30-34,unvaccinated,0.7810249675906652,7.258787777583801,0.0,0.0
55,30-34,old_vaccine,0.0,0.0,0.0,0.0
55,30-34,new_vaccine,0.0,0.0,0.0,0.0
55,35-39,unvaccinated,0.806225774829855,10.469001862641921,0.0,0.0
55,35-39,old_vaccine,0.0,0.0,0.0,0.0
55,35-39,new_vaccine,0.0,0.0,0.0,0.0
55,40-44,unvaccinated,0.8306623862918073,9.013323471395,0.0,0.0
55,40-44,old_vaccine,0.0,0.0,0.0,0.0
55,40-44,new_vaccine,0.0,0.0,0.0,0.0
55,45-49,unvaccinated,0.9,8.766413177577247,0.0,0.0
55,45-49,old_vaccine,0.0,0.0,0.0,0.0
55,45-49,new_vaccine,0.0,0.0,0.0,0.0
55,50-54,unvaccinated,1.7000000000000002,8.646386528486916,0.0,0.0
55,50-54,old_vaccine,0.0,0.0,0.0,0.0
55,50-54,new_vaccine,0.0,0.0,0.0,0.0
55,55-59,unvaccinated,3.874274125562103,6.273754856543247,0.0,0.0
55,55-59,old_vaccine,0.0,0.0,0.0,0.0
55,55-59,new_vaccine,0.0,0.0,0.0,0.0
55,60-64,unvaccinated,3.8000000000000003,7.0,0.3,0.0
55,60-64,old_vaccine,0.0,0.0,0.0,0.0
55,60-64,new_vaccine,0.0,0.0,0.0,0.0
55,65-69,unvaccinated,4.749736834815167,3.7629775444453557,0.3,0.0
55,65-69,old_vaccine,0.0,0.0,0.0,0.0
55,65-69,new_vaccine,0.0,0.0,0.0,0.0
55,70-74,unvaccinated,3.556683848755748,3.898717737923586,1.374772708486752,0.0
55,70-74,old_vaccine,0.0,0.0,0.0,0.0
55,70-74,new_vaccine,0.0,0.0,0.0,0.0
55,75+,unvaccinated,6.472248450113764,6.363175307973214,1.2041594578792296,0.0
55,75+,old_vaccine,0.0,0.0,0.0,0.0
55,75+,new_vaccine,0.0,0.0,0.0,0.0
56,0-4,unvaccinated,0.9219544457292888,8.795453370918409,0.0,0.0
56,0-4,old_vaccine,0.0,0.0,0.0,0.0
56,0-4,new_vaccine,0.0,0.0,0.0,0.0
56,5-9,unvaccinated,0.3,7.975587752636167,0.0,0.0
56,5-9,old_vaccine,0.0,0.0,0.0,0.0
56,5-9,new_vaccine,0.0,0.0,0.0,0.0
56,10-14,unvaccinated,0.0,8.683893136145793,0.0,0.0
56,10-14,old_vaccine,0.0,0.0,0.0,0.0
56,10-14,new_vaccine,0.0,0.0,0.0,0.0
56,15-19,unvaccinated,0.3,8.371977066380436,0.0,0.0
56,15-19,old_vaccine,0.0,0.0,0.0,0.0
56,15-19,new_vaccine,0.0,0.0,0.0,0.0
56,20-24,unvaccinated,0.7745966692414834,6.508456038109193,0.0,0.0
56,20-24,old_vaccine,0.0,0.0,0.0,0.0
56,20-24,new_vaccine,0.0,0.0,0.0,0.0
56,25-29,unvaccinated,0.916515138991168,9.346657156438342,0.0,0.0
56,25-29,old_vaccine,0.0,0.0,0.0,0.0
56,25-29,new_vaccine,0.0,0.0,0.0,0.0
56,30-34,unvaccinated,0.9165151389911681,7.2,0.0,0.0
56,30-34,old_vaccine,0.0,0.0,0.0,0.0
56,30-34,new_vaccine,0.0,0.0,0.0,0.0
56,35-39,unvaccinated,0.806225774829855,10.034440691936942,0.0,0.0
56,35-39,old_vaccine,0.0,0.0,0.0,0.0
56,35-39,new_vaccine,0.0,0.0,0.0,0.0
56,40-44,unvaccinated,0.6999999999999998,9.232551110067034,0.0,0.0
56,40-44,old_vaccine,0.0,0.0,0.0,0.0
56,40-44,new_vaccine,0.0,0.0,0.0,0.0
56,45-49,unvaccinated,0.8,9.071383576941283,0.0,0.0
56,45-49,old_vaccine,0.0,0.0,0.0,0.0
56,45-49,new_vaccine,0.0,0.0,0.0,0.0
56,50-54,unvaccinated,1.6155494421403511,8.523496934944012,0.0,0.0
56,50-54,old_vaccine,0.0,0.0,0.0,0.0
56,50-54,new_vaccine,0.0,0.0,0.0,0.0
56,55-59,unvaccinated,4.05585995813465,5.62227711874824,0.0,0.0
56,55-59,old_vaccine,0.0,0.0,0.0,0.0
56,55-59,new_vaccine,0.0,0.0,0.0,0.0
56,60-64,unvaccinated,3.746998799039039,7.082372483850311,0.3,0.0
56,60-64,old_vaccine,0.0,0.0,0.0,0.0
56,60-64,new_vaccine,0.0,0.0,0.0,0.0
56,65-69,unvaccinated,4.605431575867781,3.6386810797320495,0.3,0.0
56,65-69,old_vaccine,0.0,0.0,0.0,0.0
56,65-69,new_vaccine,0.0,0.0,0.0,0.0
56,70-74,unvaccinated,3.4871191548325395,3.898717737923586,1.374772708486752,0.0
56,70-74,old_vaccine,0.0,0.0,0.0,0.0
56,70-74,new_vaccine,0.0,0.0,0.0,0.0
56,75+,unvaccinated,6.067124524847006,6.057227088363123,1.2806248474865696,0.0
56,75+,old_vaccine,0.0,0.0,0.0,0.0
56,75+,new_vaccine,0.0,0.0,0.0,0.0
57,0-4,unvaccinated,0.9219544457292888,8.565045242145544,0.0,0.0
57,0-4,old_vaccine,0.0,0.0,0.0,0.0
57,0-4,new_vaccine,0.0,0.0,0.0,0.0
57,5-9,unvaccinated,0.4,8.040522371090075,0.0,0.0
57,5-9,old_vaccine,0.0,0.0,0.0,0.0
57,5-9,new_vaccine,0.0,0.0,0.0,0.0
57,10-14,unvaccinated,0.0,8.275868534480233,0.0,0.0
57,10-14,old_vaccine,0.0,0.0,0.0,0.0
57,10-14,new_vaccine,0.0,0.0,0.0,0.0
57,15-19,unvaccinated,0.3,8.802840450672726,0.0,0.0
57,15-19,old_vaccine,0.0,0.0,0.0,0.0
57,15-19,new_vaccine,0.0,0.0,0.0,0.0
57,20-24,unvaccinated,0.6999999999999998,6.61815684310972,0.0,0.0
57,20-24,old_vaccine,0.0,0.0,0.0,0.0
57,20-24,new_vaccine,0.0,0.0,0.0,0.0
57,25-29,unvaccinated,0.916515138991168,9.470480452437455,0.0,0.0
57,25-29,old_vaccine,0.0,0.0,0.0,0.0
57,25-29,new_vaccine,0.0,0.0,0.0,0.0
57,30-34,unvaccinated,0.9219544457292888,6.693280212272605,0.0,0.0
57,30-34,old_vaccine,0.0,0.0,0.0,0.0
57,30-34,new_vaccine,0.0,0.0,0.0,0.0
57,35-39,unvaccinated,0.8,10.090094152187085,0.0,0.0
57,35-39,old_vaccine,0.0,0.0,0.0,0.0
57,35-39,new_vaccine,0.0,0.0,0.0,0.0
57,40-44,unvaccinated,0.6999999999999998,9.62548700066651,0.0,0.0
57,40-44,old_vaccine,0.0,0.0,0.0,0.0
57,40-44,new_vaccine,0.0,0.0,0.0,0.0
57,45-49,unvaccinated,0.7810249675906655,8.697125962063561,0.0,0.0
57,45-49,old_vaccine,0.0,0.0,0.0,0.0
57,45-49,new_vaccine,0.0,0.0,0.0,0.0
57,50-54,unvaccinated,1.6155494421403511,8.616843969807043,0.0,0.0
57,50-54,old_vaccine,0.0,0.0,0.0,0.0
57,50-54,new_vaccine,0.0,0.0,0.0,0.0
57,55-59,unvaccinated,4.201190307520002,5.834380858325928,0.0,0.0
57,55-59,old_vaccine,0.0,0.0,0.0,0.0
57,55-59,new_vaccine,0.0,0.0,0.0,0.0
57,60-64,unvaccinated,3.852272056851644,7.00285656000464,0.3,0.0
57,60-64,old_vaccine,0.0,0.0,0.0,0.0
57,60-64,new_vaccine,0.0,0.0,0.0,0.0
57,65-69,unvaccinated,4.428317965096905,3.5552777669262348,0.0,0.0
57,65-69,old_vaccine,0.0,0.0,0.0,0.0
57,65-69,new_vaccine,0.0,0.0,0.0,0.0
57,70-74,unvaccinated,3.6276714294434114,3.7536648758246915,1.374772708486752,0.0
57,70-74,old_vaccine,0.0,0.0,0.0,0.0
57,70-74,new_vaccine,0.0,0.0,0.0,0.0
57,75+,unvaccinated,6.431174076325413,6.280923498976882,1.2806248474865696,0.0
57,75+,old_vaccine,0.0,0.0,0.0,0.0
57,75+,new_vaccine,0.0,0.0,0.0,0.0
58,0-4,unvaccinated,1.004987562112089,8.380930735902785,0.0,0.0
58,0-4,old_vaccine,0.0,0.0,0.0,0.0
58,0-4,new_vaccine,0.0,0.0,0.0,0.0
58,5-9,unvaccinated,0.4,8.309031231136393,0.0,0.0
58,5-9,old_vaccine,0.0,0.0,0.0,0.0
58,5-9,new_vaccine,0.0,0.0,0.0,0.0
58,10-14,unvaccinated,0.0,7.912016177940995,0.0,0.0
58,10-14,old_vaccine,0.0,0.0,0.0,0.0
58,10-14,new_vaccine,0.0,0.0,0.0,0.0
58,15-19,unvaccinated,0.3,8.757282683572571,0.0,0.0
58,15-19,old_vaccine,0.0,0.0,0.0,0.0
58,15-19,new_vaccine,0.0,0.0,0.0,0.0
58,20-24,unvaccinated,0.6999999999999998,6.61815684310972,0.0,0.0
58,20-24,old_vaccine,0.0,0.0,0.0,0.0
58,20-24,new_vaccine,0.0,0.0,0.0,0.0
58,25-29,unvaccinated,0.916515138991168,9.321480569094158,0.0,0.0
58,25-29,old_vaccine,0.0,0.0,0.0,0.0
58,25-29,new_vaccine,0.0,0.0,0.0,0.0
58,30-34,unvaccinated,0.9219544457292888,6.708949247087802,0.0,0.0
58,30-34,old_vaccine,0.0,0.0,0.0,0.0
58,30-34,new_vaccine,0.0,0.0,0.0,0.0
58,35-39,unvaccinated,0.8,10.421612159354234,0.0,0.0
58,35-39,old_vaccine,0.0,0.0,0.0,0.0
58,35-39,new_vaccine,0.0,0.0,0.0,0.0
58,40-44,unvaccinated,0.6999999999999998,9.816312953446422,0.0,0.0
58,40-44,old_vaccine,0.0,0.0,0.0,0.0
58,40-44,new_vaccine,0.0,0.0,0.0,0.0
58,45-49,unvaccinated,0.66332495807108,8.328265125462805,0.0,0.0
58,45-49,old_vaccine,0.0,0.0,0.0,0.0
58,45-49,new_vaccine,0.0,0.0,0.0,0.0
58,50-54,unvaccinated,1.8330302779823362,8.720665112249181,0.0,0.0
58,50-54,old_vaccine,0.0,0.0,0.0,0.0
58,50-54,new_vaccine,0.0,0.0,0.0,0.0
58,55-59,unvaccinated,4.34050688284214,5.5506756345511645,0.0,0.0
58,55-59,old_vaccine,0.0,0.0,0.0,0.0
58,55-59,new_vaccine,0.0,0.0,0.0,0.0
58,60-64,unvaccinated,3.852272056851644,6.711929677819935,0.0,0.0
58,60-64,old_vaccine,0.0,0.0,0.0,0.0
58,60-64,new_vaccine,0.0,0.0,0.0,0.0
58,65-69,unvaccinated,4.604345773288536,3.5341194094144575,0.0,0.0
58,65-69,old_vaccine,0.0,0.0,0.0,0.0
58,65-69,new_vaccine,0.0,0.0,0.0,0.0
58,70-74,unvaccinated,3.6455452267116377,3.562302626111375,1.374772708486752,0.0
58,70-74,old_vaccine,0.0,0.0,0.0,0.0
58,70-74,new_vaccine,0.0,0.0,0.0,0.0
58,75+,unvaccinated,6.21610810716802,6.399999999999999,1.2806248474865696,0.0
58,75+,old_vaccine,0.0,0.0,0.0,0.0
58,75+,new_vaccine,0.0,0.0,0.0,0.0
59,0-4,unvaccinated,1.004987562112089,8.160882305241268,0.0,0.0
59,0-4,old_vaccine,0.0,0.0,0.0,0.0
59,0-4,new_vaccine,0.0,0.0,0.0,0.0
59,5-9,unvaccinated,0.4,8.02807573457052,0.0,0.0
59,5-9,old_vaccine,0.0,0.0,0.0,0.0
59,5-9,new_vaccine,0.0,0.0,0.0,0.0
59,10-14,unvaccinated,0.0,8.025584090893323,0.0,0.0
59,10-14,old_vaccine,0.0,0.0,0.0,0.0
59,10-14,new_vaccine,0.0,0.0,0.0,0.0
59,15-19,unvaccinated,0.3,8.836854644046149,0.0,0.0
59,15-19,old_vaccine,0.0,0.0,0.0,0.0
59,15-19,new_vaccine,0.0,0.0,0.0,0.0
59,20-24,unvaccinated,0.6999999999999998,6.737952211169207,0.0,0.0
59,20-24,old_vaccine,0.0,0.0,0.0,0.0
59,20-24,new_vaccine,0.0,0.0,0.0,0.0
59,25-29,unvaccinated,0.916515138991168,9.470480452437455,0.0,0.0
59,25-29,old_vaccine,0.0,0.0,0.0,0.0
59,25-29,new_vaccine,0.0,0.0,0.0,0.0
59,30-34,unvaccinated,1.113552872566004,6.696267617113283,0.0,0.0
59,30-34,old_vaccine,0.0,0.0,0.0,0.0
59,30-34,new_vaccine,0.0,0.0,0.0,0.0
59,35-39,unvaccinated,0.8,10.609429767899872,0.0,0.0
59,35-39,old_vaccine,0.0,0.0,0.0,0.0
59,35-39,new_vaccine,0.0,0.0,0.0,0.0
59,40-44,unvaccinated,0.8717797887081349,9.780081799248919,0.0,0.0
59,40-44,old_vaccine,0.0,0.0,0.0,0.0
59,40-44,new_vaccine,0.0,0.0,0.0,0.0
59,45-49,unvaccinated,0.4898979485566356,7.8999999999999995,0.0,0.0
59,45-49,old_vaccine,0.0,0.0,0.0,0.0
59,45-49,new_vaccine,0.0,0.0,0.0,0.0
59,50-54,unvaccinated,1.8138357147217052,8.764131445842196,0.0,0.0
59,50-54,old_vaccine,0.0,0.0,0.0,0.0
59,50-54,new_vaccine,0.0,0.0,0.0,0.0
59,55-59,unvaccinated,4.224926034855521,5.748043145279965,0.0,0.0
59,55-59,old_vaccine,0.0,0.0,0.0,0.0
59,55-59,new_vaccine,0.0,0.0,0.0,0.0
59,60-64,unvaccinated,3.726929030716845,6.708949247087805,0.0,0.0
59,60-64,old_vaccine,0.0,0.0,0.0,0.0
59,60-64,new_vaccine,0.0,0.0,0.0,0.0
59,65-69,unvaccinated,4.664761515876241,3.429285639896449,0.0,0.0
59,65-69,old_vaccine,0.0,0.0,0.0,0.0
59,65-69,new_vaccine,0.0,0.0,0.0,0.0
59,70-74,unvaccinated,3.5623026261113737,3.562302626111375,1.374772708486752,0.0
59,70-74,old_vaccine,0.0,0.0,0.0,0.0
59,70-74,new_vaccine,0.0,0.0,0.0,0.0
59,75+,unvaccinated,6.063002556489648,6.14817045957576,1.2806248474865696,0.0
59,75+,old_vaccine,0.0,0.0,0.0,0.0
59,75+,new_vaccine,0.0,0.0,0.0,0.0
60,0-4,unvaccinated,0.916515138991168,8.66083136886985,0.0,0.0
60,0-4,old_vaccine,0.0,0.0,0.0,0.0
60,0-4,new_vaccine,0.0,0.0,0.0,0.0
60,5-9,unvaccinated,0.4,8.049844718999244,0.0,0.0
60,5-9,old_vaccine,0.0,0.0,0.0,0.0
60,5-9,new_vaccine,0.0,0.0,0.0,0.0
60,10-14,unvaccinated,0.0,8.080222769206303,0.0,0.0
60,10-14,old_vaccine,0.0,0.0,0.0,0.0
60,10-14,new_vaccine,0.0,0.0,0.0,0.0
60,15-19,unvaccinated,0.0,8.809086218218097,0.0,0.0
60,15-19,old_vaccine,0.0,0.0,0.0,0.0
60,15-19,new_vaccine,0.0,0.0,0.0,0.0
60,20-24,unvaccinated,0.6999999999999998,6.624952830020756,0.0,0.0
60,20-24,old_vaccine,0.0,0.0,0.0,0.0
60,20-24,new_vaccine,0.0,0.0,0.0,0.0
60,25-29,unvaccinated,0.916515138991168,9.572878355019458,0.0,0.0
60,25-29,old_vaccine,0.0,0.0,0.0,0.0
60,25-29,new_vaccine,0.0,0.0,0.0,0.0
60,30-34,unvaccinated,1.0198039027185568,6.959885056522128,0.0,0.0
60,30-34,old_vaccine,0.0,0.0,0.0,0.0
60,30-34,new_vaccine,0.0,0.0,0.0,0.0
60,35-39,unvaccinated,0.6708203932499369,10.931148155614764,0.0,0.0
60,35-39,old_vaccine,0.0,0.0,0.0,0.0
60,35-39,new_vaccine,0.0,0.0,0.0,0.0
60,40-44,unvaccinated,0.8999999999999999,9.747307320486001,0.0,0.0
60,40-44,old_vaccine,0.0,0.0,0.0,0.0
60,40-44,new_vaccine,0.0,0.0,0.0,0.0
60,45-49,unvaccinated,0.7,8.16333265278342,0.0,0.0
60,45-49,old_vaccine,0.0,0.0,0.0,0.0
60,45-49,new_vaccine,0.0,0.0,0.0,0.0
60,50-54,unvaccinated,1.9209372712298545,8.419619943916707,0.0,0.0
60,50-54,old_vaccine,0.0,0.0,0.0,0.0
60,50-54,new_vaccine,0.0,0.0,0.0,0.0
60,55-59,unvaccinated,4.477722635447622,5.80430874437258,0.0,0.0
60,55-59,old_vaccine,0.0,0.0,0.0,0.0
60,55-59,new_vaccine,0.0,0.0,0.0,0.0
60,60-64,unvaccinated,3.7536648758246915,6.98927750200262,0.0,0.0
60,60-64,old_vaccine,0.0,0.0,0.0,0.0
60,60-64,new_vaccine,0.0,0.0,0.0,0.0
60,65-69,unvaccinated,4.592385001282014,3.419064199455751,0.0,0.0
60,65-69,old_vaccine,0.0,0.0,0.0,0.0
60,65-69,new_vaccine,0.0,0.0,0.0,0.0
60,70-74,unvaccinated,3.6728735344413916,3.9293765408777004,1.374772708486752,0.0
60,70-74,old_vaccine,0.0,0.0,0.0,0.0
60,70-74,new_vaccine,0.0,0.0,0.0,0.0
60,75+,unvaccinated,6.144916598294887,6.289674077406557,1.2688577540449522,0.0
60,75+,old_vaccine,0.0,0.0,0.0,0.0
60,75+,new_vaccine,0.0,0.0,0.0,0.0
61,0-4,unvaccinated,0.916515138991168,8.138795979750322,0.0,0.0
61,0-4,old_vaccine,0.0,0.0,0.0,0.0
61,0-4,new_vaccine,0.0,0.0,0.0,0.0
61,5-9,unvaccinated,0.4,7.416198487095663,0.0,0.0
61,5-9,old_vaccine,0.0,0.0,0.0,0.0
61,5-9,new_vaccine,0.0,0.0,0.0,0.0
61,10-14,unvaccinated,0.0,8.51410594249332,0.0,0.0
61,10-14,old_vaccine,0.0,0.0,0.0,0.0
61,10-14,new_vaccine,0.0,0.0,0.0,0.0
61,15-19,unvaccinated,0.0,9.0575934993794,0.0,0.0
61,15-19,old_vaccine,0.0,0.0,0.0,0.0
61,15-19,new_vaccine,0.0,0.0,0.0,0.0
61,20-24,unvaccinated,0.6999999999999998,6.347440429023339,0.0,0.0
61,20-24,old_vaccine,0.0,0.0,0.0,0.0
61,20-24,new_vaccine,0.0,0.0,0.0,0.0
61,25-29,unvaccinated,0.6708203932499369,9.342911751697116,0.0,0.0
61,25-29,old_vaccine,0.0,0.0,0.0,0.0
61,25-29,new_vaccine,0.0,0.0,0.0,0.0
61,30-34,unvaccinated,1.0049875621120892,7.085195833567339,0.0,0.0
61,30-34,old_vaccine,0.0,0.0,0.0,0.0
61,30-34,new_vaccine,0.0,0.0,0.0,0.0
61,35-39,unvaccinated,0.66332495807108,11.018620603324173,0.0,0.0
61,35-39,old_vaccine,0.0,0.0,0.0,0.0
61,35-39,new_vaccine,0.0,0.0,0.0,0.0
61,40-44,unvaccinated,0.8717797887081349,9.431860898041275,0.0,0.0
61,40-44,old_vaccine,0.0,0.0,0.0,0.0
61,40-44,new_vaccine,0.0,0.0,0.0,0.0
61,45-49,unvaccinated,0.7,8.572630868059116,0.0,0.0
61,45-49,old_vaccine,0.0,0.0,0.0,0.0
61,45-49,new_vaccine,0.0,0.0,0.0,0.0
61,50-54,unvaccinated,1.9209372712298545,7.91264810287934,0.0,0.0
61,50-54,old_vaccine,0.0,0.0,0.0,0.0
61,50-54,new_vaccine,0.0,0.0,0.0,0.0
61,55-59,unvaccinated,4.455333881989092,6.1000000000000005,0.0,0.0
61,55-59,old_vaccine,0.0,0.0,0.0,0.0
61,55-59,new_vaccine,0.0,0.0,0.0,0.0
61,60-64,unvaccinated,3.7536648758246915,6.910861017268395,0.0,0.0
61,60-64,old_vaccine,0.0,0.0,0.0,0.0
61,60-64,new_vaccine,0.0,0.0,0.0,0.0
61,65-69,unvaccinated,4.799999999999999,3.3481338085566414,0.0,0.0
61,65-69,old_vaccine,0.0,0.0,0.0,0.0
61,65-69,new_vaccine,0.0,0.0,0.0,0.0
61,70-74,unvaccinated,3.994996871087635,3.7161808352124086,1.374772708486752,0.0
61,70-74,old_vaccine,0.0,0.0,0.0,0.0
61,70-74,new_vaccine,0.0,0.0,0.0,0.0
61,75+,unvaccinated,6.164414002968976,5.974110812497541,1.2688577540449522,0.0
61,75+,old_vaccine,0.0,0.0,0.0,0.0
61,75+,new_vaccine,0.0,0.0,0.0,0.0
62,0-4,unvaccinated,0.916515138991168,8.059776671843952,0.0,0.0
62,0-4,old_vaccine,0.0,0.0,0.0,0.0
62,0-4,new_vaccine,0.0,0.0,0.0,0.0
62,5-9,unvaccinated,0.3,7.269112738154499,0.0,0.0
62,5-9,old_vaccine,0.0,0.0,0.0,0.0
62,5-9,new_vaccine,0.0,0.0,0.0,0.0
62,10-14,unvaccinated,0.0,8.324061508662705,0.0,0.0
62,10-14,old_vaccine,0.0,0.0,0.0,0.0
62,10-14,new_vaccine,0.0,0.0,0.0,0.0
62,15-19,unvaccinated,0.3,8.971621926942756,0.0,0.0
62,15-19,old_vaccine,0.0,0.0,0.0,0.0
62,15-19,new_vaccine,0.0,0.0,0.0,0.0
62,20-24,unvaccinated,0.8306623862918074,6.435060217278467,0.0,0.0
62,20-24,old_vaccine,0.0,0.0,0.0,0.0
62,20-24,new_vaccine,0.0,0.0,0.0,0.0
62,25-29,unvaccinated,0.66332495807108,8.964373932405989,0.0,0.0
62,25-29,old_vaccine,0.0,0.0,0.0,0.0
62,25-29,new_vaccine,0.0,0.0,0.0,0.0
62,30-34,unvaccinated,1.1,7.48598690888516,0.0,0.0
62,30-34,old_vaccine,0.0,0.0,0.0,0.0
62,30-34,new_vaccine,0.0,0.0,0.0,0.0
62,35-39,unvaccinated,0.66332495807108,10.50761628534274,0.0,0.0
62,35-39,old_vaccine,0.0,0.0,0.0,0.0
62,35-39,new_vaccine,0.0,0.0,0.0,0.0
62,40-44,unvaccinated,1.0,9.459915433025813,0.0,0.0
62,40-44,old_vaccine,0.0,0.0,0.0,0.0
62,40-44,new_vaccine,0.0,0.0,0.0,0.0
62,45-49,unvaccinated,0.7,8.567963585356793,0.0,0.0
62,45-49,old_vaccine,0.0,0.0,0.0,0.0
62,45-49,new_vaccine,0.0,0.0,0.0,0.0
62,50-54,unvaccinated,1.9723082923316018,7.4839828968270625,0.0,0.0
62,50-54,old_vaccine,0.0,0.0,0.0,0.0
62,50-54,new_vaccine,0.0,0.0,0.0,0.0
62,55-59,unvaccinated,4.432832051860301,6.296824596572467,0.0,0.0
62,55-59,old_vaccine,0.0,0.0,0.0,0.0
62,55-59,new_vaccine,0.0,0.0,0.0,0.0
62,60-64,unvaccinated,3.7094473981982814,6.829348431585548,0.0,0.0
62,60-64,old_vaccine,0.0,0.0,0.0,0.0
62,60-64,new_vaccine,0.0,0.0,0.0,0.0
62,65-69,unvaccinated,4.791659420284375,2.90516780926679,0.0,0.0
62,65-69,old_vaccine,0.0,0.0,0.0,0.0
62,65-69,new_vaccine,0.0,0.0,0.0,0.0
62,70-74,unvaccinated,4.118252056394799,3.429285639896449,1.374772708486752,0.0
62,70-74,old_vaccine,0.0,0.0,0.0,0.0
62,70-74,new_vaccine,0.0,0.0,0.0,0.0
62,75+,unvaccinated,5.920304046246275,6.0464865831323875,1.2688577540449522,0.0
62,75+,old_vaccine,0.0,0.0,0.0,0.0
62,75+,new_vaccine,0.0,0.0,0.0,0.0
63,0-4,unvaccinated,0.916515138991168,7.952358140828418,0.0,0.0
63,0-4,old_vaccine,0.0,0.0,0.0,0.0
63,0-4,new_vaccine,0.0,0.0,0.0,0.0
63,5-9,unvaccinated,0.3,7.156116265125936,0.0,0.0
63,5-9,old_vaccine,0.0,0.0,0.0,0.0
63,5-9,new_vaccine,0.0,0.0,0.0,0.0
63,10-14,unvaccinated,0.0,8.97162192694275,0.0,0.0
63,10-14,old_vaccine,0.0,0.0,0.0,0.0
63,10-14,new_vaccine,0.0,0.0,0.0,0.0
63,15-19,unvaccinated,0.3,8.908422980528035,0.0,0.0
63,15-19,old_vaccine,0.0,0.0,0.0,0.0
63,15-19,new_vaccine,0.0,0.0,0.0,0.0
63,20-24,unvaccinated,0.7483314773547881,6.148983655857286,0.0,0.0
63,20-24,old_vaccine,0.0,0.0,0.0,0.0
63,20-24,new_vaccine,0.0,0.0,0.0,0.0
63,25-29,unvaccinated,0.66332495807108,9.06697303403953,0.0,0.0
63,25-29,old_vaccine,0.0,0.0,0.0,0.0
63,25-29,new_vaccine,0.0,0.0,0.0,0.0
63,30-34,unvaccinated,1.1,7.480641683706018,0.0,0.0
63,30-34,old_vaccine,0.0,0.0,0.0,0.0
63,30-34,new_vaccine,0.0,0.0,0.0,0.0
63,35-39,unvaccinated,0.6708203932499369,10.290286682109498,0.0,0.0
63,35-39,old_vaccine,0.0,0.0,0.0,0.0
63,35-39,new_vaccine,0.0,0.0,0.0,0.0
63,40-44,unvaccinated,1.2206555615733703,8.935323161475472,0.0,0.0
63,40-44,old_vaccine,0.0,0.0,0.0,0.0
63,40-44,new_vaccine,0.0,0.0,0.0,0.0
63,45-49,unvaccinated,0.7,8.581957818586618,0.0,0.0
63,45-49,old_vaccine,0.0,0.0,0.0,0.0
63,45-49,new_vaccine,0.0,0.0,0.0,0.0
63,50-54,unvaccinated,1.9723082923316018,7.408778576796582,0.0,0.0
63,50-54,old_vaccine,0.0,0.0,0.0,0.0
63,50-54,new_vaccine,0.0,0.0,0.0,0.0
63,55-59,unvaccinated,4.432832051860301,6.119640512317695,0.0,0.0
63,55-59,old_vaccine,0.0,0.0,0.0,0.0
63,55-59,new_vaccine,0.0,0.0,0.0,0.0
63,60-64,unvaccinated,3.618010503025109,6.841783393238927,0.0,0.0
63,60-64,old_vaccine,0.0,0.0,0.0,0.0
63,60-64,new_vaccine,0.0,0.0,0.0,0.0
63,65-69,unvaccinated,4.988987873306569,3.1048349392520036,0.0,0.0
63,65-69,old_vaccine,0.0,0.0,0.0,0.0
63,65-69,new_vaccine,0.0,0.0,0.0,0.0
63,70-74,unvaccinated,4.382921400162225,3.436568055487916,1.374772708486752,0.0
63,70-74,old_vaccine,0.0,0.0,0.0,0.0
63,70-74,new_vaccine,0.0,0.0,0.0,0.0
63,75+,unvaccinated,6.419501538281614,6.280923498976882,1.4,0.0
63,75+,old_vaccine,0.0,0.0,0.0,0.0
63,75+,new_vaccine,0.0,0.0,0.0,0.0
64,0-4,unvaccinated,0.916515138991168,7.884161337770811,0.0,0.0
64,0-4,old_vaccine,0.0,0.0,0.0,0.0
64,0-4,new_vaccine,0.0,0.0,0.0,0.0
64,5-9,unvaccinated,0.3,6.729784543356497,0.0,0.0
64,5-9,old_vaccine,0.0,0.0,0.0,0.0
64,5-9,new_vaccine,0.0,0.0,0.0,0.0
64,10-14,unvaccinated,0.0,8.893255871726618,0.0,0.0
64,10-14,old_vaccine,0.0,0.0,0.0,0.0
64,10-14,new_vaccine,0.0,0.0,0.0,0.0
64,15-19,unvaccinated,0.3,8.921883209278185,0.0,0.0
64,15-19,old_vaccine,0.0,0.0,0.0,0.0
64,15-19,new_vaccine,0.0,0.0,0.0,0.0
64,20-24,unvaccinated,0.7745966692414834,6.4062469512187885,0.0,0.0
64,20-24,old_vaccine,0.0,0.0,0.0,0.0
64,20-24,new_vaccine,0.0,0.0,0.0,0.0
64,25-29,unvaccinated,0.9,9.243376006633078,0.0,0.0
64,25-29,old_vaccine,0.0,0.0,0.0,0.0
64,25-29,new_vaccine,0.0,0.0,0.0,0.0
64,30-34,unvaccinated,1.1661903789690597,7.533923280734944,0.0,0.0
64,30-34,old_vaccine,0.0,0.0,0.0,0.0
64,30-34,new_vaccine,0.0,0.0,0.0,0.0
64,35-39,unvaccinated,0.6708203932499369,10.714476188783099,0.0,0.0
64,35-39,old_vaccine,0.0,0.0,0.0,0.0
64,35-39,new_vaccine,0.0,0.0,0.0,0.0
64,40-44,unvaccinated,1.2206555615733703,8.708616422830891,0.0,0.0
64,40-44,old_vaccine,0.0,0.0,0.0,0.0
64,40-44,new_vaccine,0.0,0.0,0.0,0.0
64,45-49,unvaccinated,0.7,8.78692210048547,0.0,0.0
64,45-49,old_vaccine,0.0,0.0,0.0,0.0
64,45-49,new_vaccine,0.0,0.0,0.0,0.0
64,50-54,unvaccinated,1.8330302779823353,7.871467461661771,0.0,0.0
64,50-54,old_vaccine,0.0,0.0,0.0,0.0
64,50-54,new_vaccine,0.0,0.0,0.0,0.0
64,55-59,unvaccinated,4.24735211631906,5.996665740225978,0.0,0.0
64,55-59,old_vaccine,0.0,0.0,0.0,0.0
64,55-59,new_vaccine,0.0,0.0,0.0,0.0
64,60-64,unvaccinated,3.8157568056677826,6.873136110975832,0.0,0.0
64,60-64,old_vaccine,0.0,0.0,0.0,0.0
64,60-64,new_vaccine,0.0,0.0,0.0,0.0
64,65-69,unvaccinated,5.197114584074513,3.853569773599539,0.0,0.0
64,65-69,old_vaccine,0.0,0.0,0.0,0.0
64,65-69,new_vaccine,0.0,0.0,0.0,0.0
64,70-74,unvaccinated,4.31740662898458,3.5057096285916205,1.374772708486752,0.0
64,70-74,old_vaccine,0.0,0.0,0.0,0.0
64,70-74,new_vaccine,0.0,0.0,0.0,0.0
64,75+,unvaccinated,6.690291473471092,6.400000000000003,1.4,0.0
64,75+,old_vaccine,0.0,0.0,0.0,0.0
64,75+,new_vaccine,0.0,0.0,0.0,0.0
65,0-4,unvaccinated,1.2,7.725930364687478,0.0,0.0
65,0-4,old_vaccine,0.0,0.0,0.0,0.0
65,0-4,new_vaccine,0.0,0.0,0.0,0.0
65,5-9,unvaccinated,0.3,6.891298861608021,0.0,0.0
65,5-9,old_vaccine,0.0,0.0,0.0,0.0
65,5-9,new_vaccine,0.0,0.0,0.0,0.0
65,10-14,unvaccinated,0.0,8.66083136886985,0.0,0.0
65,10-14,old_vaccine,0.0,0.0,0.0,0.0
65,10-14,new_vaccine,0.0,0.0,0.0,0.0
65,15-19,unvaccinated,0.3,9.1104335791443,0.0,0.0
65,15-19,old_vaccine,0.0,0.0,0.0,0.0
65,15-19,new_vaccine,0.0,0.0,0.0,0.0
65,20-24,unvaccinated,0.7745966692414834,6.514598989960932,0.0,0.0
65,20-24,old_vaccine,0.0,0.0,0.0,0.0
65,20-24,new_vaccine,0.0,0.0,0.0,0.0
65,25-29,unvaccinated,0.9797958971132712,8.51410594249332,0.0,0.0
65,25-29,old_vaccine,0.0,0.0,0.0,0.0
65,25-29,new_vaccine,0.0,0.0,0.0,0.0
65,30-34,unvaccinated,0.9165151389911677,7.440430095095309,0.0,0.0
65,30-34,old_vaccine,0.0,0.0,0.0,0.0
65,30-34,new_vaccine,0.0,0.0,0.0,0.0
65,35-39,unvaccinated,1.1874342087037917,10.413452837555853,0.0,0.0
65,35-39,old_vaccine,0.0,0.0,0.0,0.0
65,35-39,new_vaccine,0.0,0.0,0.0,0.0
65,40-44,unvaccinated,1.2206555615733703,8.843641783790208,0.0,0.0
65,40-44,old_vaccine,0.0,0.0,0.0,0.0
65,40-44,new_vaccine,0.0,0.0,0.0,0.0
65,45-49,unvaccinated,0.5999999999999999,8.919641248391104,0.0,0.0
65,45-49,old_vaccine,0.0,0.0,0.0,0.0
65,45-49,new_vaccine,0.0,0.0,0.0,0.0
65,50-54,unvaccinated,1.9595917942265428,7.930321557162735,0.0,0.0
65,50-54,old_vaccine,0.0,0.0,0.0,0.0
65,50-54,new_vaccine,0.0,0.0,0.0,0.0
65,55-59,unvaccinated,3.981205847478876,5.572252686302014,0.0,0.0
65,55-59,old_vaccine,0.0,0.0,0.0,0.0
65,55-59,new_vaccine,0.0,0.0,0.0,0.0
65,60-64,unvaccinated,3.8587562763149474,6.7557383016218155,0.0,0.0
65,60-64,old_vaccine,0.0,0.0,0.0,0.0
65,60-64,new_vaccine,0.0,0.0,0.0,0.0
65,65-69,unvaccinated,5.23545604508337,3.853569773599539,0.0,0.0
65,65-69,old_vaccine,0.0,0.0,0.0,0.0
65,65-69,new_vaccine,0.0,0.0,0.0,0.0
65,70-74,unvaccinated,3.954743986657037,3.257299494980466,1.374772708486752,0.0
65,70-74,old_vaccine,0.0,0.0,0.0,0.0
65,70-74,new_vaccine,0.0,0.0,0.0,0.0
65,75+,unvaccinated,6.696267617113281,6.315853069855252,1.4,0.0
65,75+,old_vaccine,0.0,0.0,0.0,0.0
65,75+,new_vaccine,0.0,0.0,0.0,0.0
66,0-4,unvaccinated,1.2041594578792296,8.075270893288968,0.0,0.0
66,0-4,old_vaccine,0.0,0.0,0.0,0.0
66,0-4,new_vaccine,0.0,0.0,0.0,0.0
66,5-9,unvaccinated,0.3,7.354590403278758,0.0,0.0
66,5-9,old_vaccine,0.0,0.0,0.0,0.0
66,5-9,new_vaccine,0.0,0.0,0.0,0.0
66,10-14,unvaccinated,0.0,8.4,0.0,0.0
66,10-14,old_vaccine,0.0,0.0,0.0,0.0
66,10-14,new_vaccine,0.0,0.0,0.0,0.0
66,15-19,unvaccinated,0.3,8.67236991830953,0.0,0.0
66,15-19,old_vaccine,0.0,0.0,0.0,0.0
66,15-19,new_vaccine,0.0,0.0,0.0,0.0
66,20-24,unvaccinated,0.7745966692414834,6.8912988616080195,0.0,0.0
66,20-24,old_vaccine,0.0,0.0,0.0,0.0
66,20-24,new_vaccine,0.0,0.0,0.0,0.0
66,25-29,unvaccinated,0.9797958971132712,8.73212459828649,0.0,0.0
66,25-29,old_vaccine,0.0,0.0,0.0,0.0
66,25-29,new_vaccine,0.0,0.0,0.0,0.0
66,30-34,unvaccinated,0.9165151389911677,7.255342858886821,0.0,0.0
66,30-34,old_vaccine,0.0,0.0,0.0,0.0
66,30-34,new_vaccine,0.0,0.0,0.0,0.0
66,35-39,unvaccinated,1.1874342087037917,10.178899744078434,0.0,0.0
66,35-39,old_vaccine,0.0,0.0,0.0,0.0
66,35-39,new_vaccine,0.0,0.0,0.0,0.0
66,40-44,unvaccinated,1.0,8.485870609430714,0.0,0.0
66,40-44,old_vaccine,0.0,0.0,0.0,0.0
66,40-44,new_vaccine,0.0,0.0,0.0,0.0
66,45-49,unvaccinated,0.6403124237432849,8.59360227145753,0.0,0.0
66,45-49,old_vaccine,0.0,0.0,0.0,0.0
66,45-49,new_vaccine,0.0,0.0,0.0,0.0
66,50-54,unvaccinated,1.9519221295943137,7.874007874011811,0.0,0.0
66,50-54,old_vaccine,0.0,0.0,0.0,0.0
66,50-54,new_vaccine,0.0,0.0,0.0,0.0
66,55-59,unvaccinated,3.5846896657869833,5.53263047744922,0.0,0.0
66,55-59,old_vaccine,0.0,0.0,0.0,0.0
66,55-59,new_vaccine,0.0,0.0,0.0,0.0
66,60-64,unvaccinated,3.8587562763149474,6.465291950097846,0.0,0.0
66,60-64,old_vaccine,0.0,0.0,0.0,0.0
66,60-64,new_vaccine,0.0,0.0,0.0,0.0
66,65-69,unvaccinated,5.23545604508337,3.693237062523878,0.0,0.0
66,65-69,old_vaccine,0.0,0.0,0.0,0.0
66,65-69,new_vaccine,0.0,0.0,0.0,0.0
66,70-74,unvaccinated,4.313930922024598,3.2924155266308666,1.374772708486752,0.0
66,70-74,old_vaccine,0.0,0.0,0.0,0.0
66,70-74,new_vaccine,0.0,0.0,0.0,0.0
66,75+,unvaccinated,6.609841147864296,6.236184731067547,1.2688577540449522,0.0
66,75+,old_vaccine,0.0,0.0,0.0,0.0
66,75+,new_vaccine,0.0,0.0,0.0,0.0
67,0-4,unvaccinated,1.2041594578792296,8.237111144084437,0.0,0.0
67,0-4,old_vaccine,0.0,0.0,0.0,0.0
67,0-4,new_vaccine,0.0,0.0,0.0,0.0
67,5-9,unvaccinated,0.3,6.974955196988722,0.0,0.0
67,5-9,old_vaccine,0.0,0.0,0.0,0.0
67,5-9,new_vaccine,0.0,0.0,0.0,0.0
67,10-14,unvaccinated,0.0,8.87468309293352,0.0,0.0
67,10-14,old_vaccine,0.0,0.0,0.0,0.0
67,10-14,new_vaccine,0.0,0.0,0.0,0.0
67,15-19,unvaccinated,0.3,8.417244204607588,0.0,0.0
67,15-19,old_vaccine,0.0,0.0,0.0,0.0
67,15-19,new_vaccine,0.0,0.0,0.0,0.0
67,20-24,unvaccinated,0.9433981132056604,6.98641538988343,0.0,0.0
67,20-24,old_vaccine,0.0,0.0,0.0,0.0
67,20-24,new_vaccine,0.0,0.0,0.0,0.0
67,25-29,unvaccinated,0.9797958971132712,8.532877591996732,0.0,0.0
67,25-29,old_vaccine,0.0,0.0,0.0,0.0
67,25-29,new_vaccine,0.0,0.0,0.0,0.0
67,30-34,unvaccinated,1.0198039027185568,6.561249880929701,0.0,0.0
67,30-34,old_vaccine,0.0,0.0,0.0,0.0
67,30-34,new_vaccine,0.0,0.0,0.0,0.0
67,35-39,unvaccinated,1.16619037896906,10.067770358922576,0.0,0.0
67,35-39,old_vaccine,0.0,0.0,0.0,0.0
67,35-39,new_vaccine,0.0,0.0,0.0,0.0
67,40-44,unvaccinated,1.0440306508910548,8.553361912137238,0.0,0.0
67,40-44,old_vaccine,0.0,0.0,0.0,0.0
67,40-44,new_vaccine,0.0,0.0,0.0,0.0
67,45-49,unvaccinated,0.5,8.912911982062877,0.0,0.0
67,45-49,old_vaccine,0.0,0.0,0.0,0.0
67,45-49,new_vaccine,0.0,0.0,0.0,0.0
67,50-54,unvaccinated,1.791647286716892,7.493997598078078,0.0,0.0
67,50-54,old_vaccine,0.0,0.0,0.0,0.0
67,50-54,new_vaccine,0.0,0.0,0.0,0.0
67,55-59,unvaccinated,3.6069377593742855,5.102940328869229,0.0,0.0
67,55-59,old_vaccine,0.0,0.0,0.0,0.0
67,55-59,new_vaccine,0.0,0.0,0.0,0.0
67,60-64,unvaccinated,4.079215610874227,6.289674077406557,0.0,0.0
67,60-64,old_vaccine,0.0,0.0,0.0,0.0
67,60-64,new_vaccine,0.0,0.0,0.0,0.0
67,65-69,unvaccinated,5.296225070746144,3.8262252939417976,0.0,0.0
67,65-69,old_vaccine,0.0,0.0,0.0,0.0
67,65-69,new_vaccine,0.0,0.0,0.0,0.0
67,70-74,unvaccinated,3.9357337308308846,3.5552777669262348,1.374772708486752,0.0
67,70-74,old_vaccine,0.0,0.0,0.0,0.0
67,70-74,new_vaccine,0.0,0.0,0.0,0.0
67,75+,unvaccinated,6.9253158772723165,6.139218191268331,1.2688577540449522,0.0
67,75+,old_vaccine,0.0,0.0,0.0,0.0
67,75+,new_vaccine,0.0,0.0,0.0,0.0
68,0-4,unvaccinated,1.2041594578792296,8.06473806146238,0.0,0.0
68,0-4,old_vaccine,0.0,0.0,0.0,0.0
68,0-4,new_vaccine,0.0,0.0,0.0,0.0
68,5-9,unvaccinated,0.3,7.011419257183239,0.0,0.0
68,5-9,old_vaccine,0.0,0.0,0.0,0.0
68,5-9,new_vaccine,0.0,0.0,0.0,0.0
68,10-14,unvaccinated,0.0,8.87918915216925,0.0,0.0
68,10-14,old_vaccine,0.0,0.0,0.0,0.0
68,10-14,new_vaccine,0.0,0.0,0.0,0.0
68,15-19,unvaccinated,0.3,8.683317338436963,0.0,0.0
68,15-19,old_vaccine,0.0,0.0,0.0,0.0
68,15-19,new_vaccine,0.0,0.0,0.0,0.0
68,20-24,unvaccinated,0.9433981132056604,6.8146900149603304,0.0,0.0
68,20-24,old_vaccine,0.0,0.0,0.0,0.0
68,20-24,new_vaccine,0.0,0.0,0.0,0.0
68,25-29,unvaccinated,1.1832159566199232,9.28924108848511,0.0,0.0
68,25-29,old_vaccine,0.0,0.0,0.0,0.0
68,25-29,new_vaccine,0.0,0.0,0.0,0.0
68,30-34,unvaccinated,0.9219544457292888,6.648308055437863,0.0,0.0
68,30-34,old_vaccine,0.0,0.0,0.0,0.0
68,30-34,new_vaccine,0.0,0.0,0.0,0.0
68,35-39,unvaccinated,1.16619037896906,10.478549517943788,0.0,0.0
68,35-39,old_vaccine,0.0,0.0,0.0,0.0
68,35-39,new_vaccine,0.0,0.0,0.0,0.0
68,40-44,unvaccinated,0.9797958971132712,7.959899496852961,0.0,0.0
68,40-44,old_vaccine,0.0,0.0,0.0,0.0
68,40-44,new_vaccine,0.0,0.0,0.0,0.0
68,45-49,unvaccinated,0.5,9.385627309881848,0.0,0.0
68,45-49,old_vaccine,0.0,0.0,0.0,0.0
68,45-49,new_vaccine,0.0,0.0,0.0,0.0
68,50-54,unvaccinated,1.791647286716892,7.901898506055366,0.0,0.0
68,50-54,old_vaccine,0.0,0.0,0.0,0.0
68,50-54,new_vaccine,0.0,0.0,0.0,0.0
68,55-59,unvaccinated,3.687817782917154,5.277309920783504,0.0,0.0
68,55-59,old_vaccine,0.0,0.0,0.0,0.0
68,55-59,new_vaccine,0.0,0.0,0.0,0.0
68,60-64,unvaccinated,4.127953488110059,6.410148204214939,0.0,0.0
68,60-64,old_vaccine,0.0,0.0,0.0,0.0
68,60-64,new_vaccine,0.0,0.0,0.0,0.0
68,65-69,unvaccinated,5.166236541235795,3.878143885933063,0.0,0.0
68,65-69,old_vaccine,0.0,0.0,0.0,0.0
68,65-69,new_vaccine,0.0,0.0,0.0,0.0
68,70-74,unvaccinated,3.8065732621348554,3.611094017053558,1.374772708486752,0.0
68,70-74,old_vaccine,0.0,0.0,0.0,0.0
68,70-74,new_vaccine,0.0,0.0,0.0,0.0
68,75+,unvaccinated,7.085195833567339,6.177378084592203,1.2688577540449522,0.0
68,75+,old_vaccine,0.0,0.0,0.0,0.0
68,75+,new_vaccine,0.0,0.0,0.0,0.0
69,0-4,unvaccinated,1.2,8.16333265278342,0.0,0.0
69,0-4,old_vaccine,0.0,0.0,0.0,0.0
69,0-4,new_vaccine,0.0,0.0,0.0,0.0
69,5-9,unvaccinated,0.4,7.214568594171103,0.0,0.0
69,5-9,old_vaccine,0.0,0.0,0.0,0.0
69,5-9,new_vaccine,0.0,0.0,0.0,0.0
69,10-14,unvaccinated,0.0,8.718371407550839,0.0,0.0
69,10-14,old_vaccine,0.0,0.0,0.0,0.0
69,10-14,new_vaccine,0.0,0.0,0.0,0.0
69,15-19,unvaccinated,0.3,8.694826047713665,0.0,0.0
69,15-19,old_vaccine,0.0,0.0,0.0,0.0
69,15-19,new_vaccine,0.0,0.0,0.0,0.0
69,20-24,unvaccinated,0.9433981132056604,7.0455659815234135,0.0,0.0
69,20-24,old_vaccine,0.0,0.0,0.0,0.0
69,20-24,new_vaccine,0.0,0.0,0.0,0.0
69,25-29,unvaccinated,1.1357816691600546,9.189124006128111,0.0,0.0
69,25-29,old_vaccine,0.0,0.0,0.0,0.0
69,25-29,new_vaccine,0.0,0.0,0.0,0.0
69,30-34,unvaccinated,0.8000000000000003,7.056911505750941,0.0,0.0
69,30-34,old_vaccine,0.0,0.0,0.0,0.0
69,30-34,new_vaccine,0.0,0.0,0.0,0.0
69,35-39,unvaccinated,1.16619037896906,10.620734437881403,0.0,0.0
69,35-39,old_vaccine,0.0,0.0,0.0,0.0
69,35-39,new_vaccine,0.0,0.0,0.0,0.0
69,40-44,unvaccinated,0.7810249675906655,8.331266410336424,0.0,0.0
69,40-44,old_vaccine,0.0,0.0,0.0,0.0
69,40-44,new_vaccine,0.0,0.0,0.0,0.0
69,45-49,unvaccinated,0.5,9.115371632577576,0.0,0.0
69,45-49,old_vaccine,0.0,0.0,0.0,0.0
69,45-49,new_vaccine,0.0,0.0,0.0,0.0
69,50-54,unvaccinated,1.85472369909914,8.030566605165541,0.0,0.0
69,50-54,old_vaccine,0.0,0.0,0.0,0.0
69,50-54,new_vaccine,0.0,0.0,0.0,0.0
69,55-59,unvaccinated,3.726929030716844,5.485435260760991,0.0,0.0
69,55-59,old_vaccine,0.0,0.0,0.0,0.0
69,55-59,new_vaccine,0.0,0.0,0.0,0.0
69,60-64,unvaccinated,4.24735211631906,6.759437846448475,0.0,0.0
69,60-64,old_vaccine,0.0,0.0,0.0,0.0
69,60-64,new_vaccine,0.0,0.0,0.0,0.0
69,65-69,unvaccinated,4.983974317750844,3.7363083384538807,0.0,0.0
69,65-69,old_vaccine,0.0,0.0,0.0,0.0
69,65-69,new_vaccine,0.0,0.0,0.0,0.0
69,70-74,unvaccinated,3.9610604640676708,3.551056180912941,1.374772708486752,0.0
69,70-74,old_vaccine,0.0,0.0,0.0,0.0
69,70-74,new_vaccine,0.0,0.0,0.0,0.0
69,75+,unvaccinated,6.997142273814363,6.063002556489649,1.1661903789690597,0.0
69,75+,old_vaccine,0.0,0.0,0.0,0.0
69,75+,new_vaccine,0.0,0.0,0.0,0.0
70,0-4,unvaccinated,1.2,8.307225770376053,0.0,0.0
70,0-4,old_vaccine,0.0,0.0,0.0,0.0
70,0-4,new_vaccine,0.0,0.0,0.0,0.0
70,5-9,unvaccinated,0.4,8.084553172563096,0.0,0.0
70,5-9,old_vaccine,0.0,0.0,0.0,0.0
70,5-9,new_vaccine,0.0,0.0,0.0,0.0
70,10-14,unvaccinated,0.3,8.027452896155795,0.0,0.0
70,10-14,old_vaccine,0.0,0.0,0.0,0.0
70,10-14,new_vaccine,0.0,0.0,0.0,0.0
70,15-19,unvaccinated,0.0,8.619164692706594,0.0,0.0
70,15-19,old_vaccine,0.0,0.0,0.0,0.0
70,15-19,new_vaccine,0.0,0.0,0.0,0.0
70,20-24,unvaccinated,0.8944271909999159,6.340346993658942,0.0,0.0
70,20-24,old_vaccine,0.0,0.0,0.0,0.0
70,20-24,new_vaccine,0.0,0.0,0.0,0.0
70,25-29,unvaccinated,1.1357816691600546,9.224424101265072,0.0,0.0
70,25-29,old_vaccine,0.0,0.0,0.0,0.0
70,25-29,new_vaccine,0.0,0.0,0.0,0.0
70,30-34,unvaccinated,0.8000000000000003,6.876772498781677,0.0,0.0
70,30-34,old_vaccine,0.0,0.0,0.0,0.0
70,30-34,new_vaccine,0.0,0.0,0.0,0.0
70,35-39,unvaccinated,0.916515138991168,10.566456359631642,0.0,0.0
70,35-39,old_vaccine,0.0,0.0,0.0,0.0
70,35-39,new_vaccine,0.0,0.0,0.0,0.0
70,40-44,unvaccinated,0.7810249675906655,9.154233993076646,0.0,0.0
70,40-44,old_vaccine,0.0,0.0,0.0,0.0
70,40-44,new_vaccine,0.0,0.0,0.0,0.0
70,45-49,unvaccinated,0.5,9.38296328459192,0.0,0.0
70,45-49,old_vaccine,0.0,0.0,0.0,0.0
70,45-49,new_vaccine,0.0,0.0,0.0,0.0
70,50-54,unvaccinated,1.7916472867168909,8.295179322956198,0.0,0.0
70,50-54,old_vaccine,0.0,0.0,0.0,0.0
70,50-54,new_vaccine,0.0,0.0,0.0,0.0
70,55-59,unvaccinated,3.9102429592034302,5.831809324729335,0.0,0.0
70,55-59,old_vaccine,0.0,0.0,0.0,0.0
70,55-59,new_vaccine,0.0,0.0,0.0,0.0
70,60-64,unvaccinated,3.9306488014067096,7.0964779996840655,0.0,0.0
70,60-64,old_vaccine,0.0,0.0,0.0,0.0
70,60-64,new_vaccine,0.0,0.0,0.0,0.0
70,65-69,unvaccinated,4.431703961232069,4.050925820105819,0.0,0.0
70,65-69,old_vaccine,0.0,0.0,0.0,0.0
70,65-69,new_vaccine,0.0,0.0,0.0,0.0
70,70-74,unvaccinated,3.9610604640676708,3.293933818400121,1.374772708486752,0.0
70,70-74,old_vaccine,0.0,0.0,0.0,0.0
70,70-74,new_vaccine,0.0,0.0,0.0,0.0
70,75+,unvaccinated,7.12460525222275,6.16522505671934,1.1661903789690597,0.0
70,75+,old_vaccine,0.0,0.0,0.0,0.0
70,75+,new_vaccine,0.0,0.0,0.0,0.0
71,0-4,unvaccinated,1.2,8.416650165000325,0.0,0.0
71,0-4,old_vaccine,0.0,0.0,0.0,0.0
71,0-4,new_vaccine,0.0,0.0,0.0,0.0
71,5-9,unvaccinated,0.4,8.328265125462806,0.0,0.0
71,5-9,old_vaccine,0.0,0.0,0.0,0.0
71,5-9,new_vaccine,0.0,0.0,0.0,0.0
71,10-14,unvaccinated,0.3,7.887331614684397,0.0,0.0
71,10-14,old_vaccine,0.0,0.0,0.0,0.0
71,10-14,new_vaccine,0.0,0.0,0.0,0.0
71,15-19,unvaccinated,0.3,8.11726554943227,0.0,0.0
71,15-19,old_vaccine,0.0,0.0,0.0,0.0
71,15-19,new_vaccine,0.0,0.0,0.0,0.0
71,20-24,unvaccinated,0.8944271909999159,6.449806198638839,0.0,0.0
71,20-24,old_vaccine,0.0,0.0,0.0,0.0
71,20-24,new_vaccine,0.0,0.0,0.0,0.0
71,25-29,unvaccinated,1.16619037896906,9.695875411740806,0.0,0.0
71,25-29,old_vaccine,0.0,0.0,0.0,0.0
71,25-29,new_vaccine,0.0,0.0,0.0,0.0
71,30-34,unvaccinated,0.8062257748298549,7.1665891468675635,0.0,0.0
71,30-34,old_vaccine,0.0,0.0,0.0,0.0
71,30-34,new_vaccine,0.0,0.0,0.0,0.0
71,35-39,unvaccinated,0.916515138991168,10.57402477772773,0.0,0.0
71,35-39,old_vaccine,0.0,0.0,0.0,0.0
71,35-39,new_vaccine,0.0,0.0,0.0,0.0
71,40-44,unvaccinated,0.8717797887081346,9.137286249209886,0.0,0.0
71,40-44,old_vaccine,0.0,0.0,0.0,0.0
71,40-44,new_vaccine,0.0,0.0,0.0,0.0
71,45-49,unvaccinated,0.66332495807108,9.145490692138942,0.3,0.0
71,45-49,old_vaccine,0.0,0.0,0.0,0.0
71,45-49,new_vaccine,0.0,0.0,0.0,0.0
71,50-54,unvaccinated,1.552417469626003,8.000624975587844,0.0,0.0
71,50-54,old_vaccine,0.0,0.0,0.0,0.0
71,50-54,new_vaccine,0.0,0.0,0.0,0.0
71,55-59,unvaccinated,4.074309757492672,6.296030495478877,0.0,0.0
71,55-59,old_vaccine,0.0,0.0,0.0,0.0
71,55-59,new_vaccine,0.0,0.0,0.0,0.0
71,60-64,unvaccinated,4.031128874149275,7.073895673530959,0.0,0.0
71,60-64,old_vaccine,0.0,0.0,0.0,0.0
71,60-64,new_vaccine,0.0,0.0,0.0,0.0
71,65-69,unvaccinated,4.337049688440287,3.8483762809787714,0.0,0.0
71,65-69,old_vaccine,0.0,0.0,0.0,0.0
71,65-69,new_vaccine,0.0,0.0,0.0,0.0
71,70-74,unvaccinated,4.123105625617661,3.407345007480164,1.374772708486752,0.0
71,70-74,old_vaccine,0.0,0.0,0.0,0.0
71,70-74,new_vaccine,0.0,0.0,0.0,0.0
71,75+,unvaccinated,7.057619995437554,6.079473661428269,1.1661903789690597,0.0
71,75+,old_vaccine,0.0,0.0,0.0,0.0
71,75+,new_vaccine,0.0,0.0,0.0,0.0
72,0-4,unvaccinated,0.9219544457292888,8.694826047713665,0.0,0.0
72,0-4,old_vaccine,0.0,0.0,0.0,0.0
72,0-4,new_vaccine,0.0,0.0,0.0,0.0
72,5-9,unvaccinated,0.458257569495584,8.207313811473277,0.0,0.0
72,5-9,old_vaccine,0.0,0.0,0.0,0.0
72,5-9,new_vaccine,0.0,0.0,0.0,0.0
72,10-14,unvaccinated,0.3,8.077128202523474,0.0,0.0
72,10-14,old_vaccine,0.0,0.0,0.0,0.0
72,10-14,new_vaccine,0.0,0.0,0.0,0.0
72,15-19,unvaccinated,0.3,7.867019766086773,0.0,0.0
72,15-19,old_vaccine,0.0,0.0,0.0,0.0
72,15-19,new_vaccine,0.0,0.0,0.0,0.0
72,20-24,unvaccinated,0.8717797887081349,6.363175307973214,0.0,0.0
72,20-24,old_vaccine,0.0,0.0,0.0,0.0
72,20-24,new_vaccine,0.0,0.0,0.0,0.0
72,25-29,unvaccinated,0.9,9.726767191621272,0.0,0.0
72,25-29,old_vaccine,0.0,0.0,0.0,0.0
72,25-29,new_vaccine,0.0,0.0,0.0,0.0
72,30-34,unvaccinated,0.8000000000000003,7.077428911688201,0.0,0.0
72,30-34,old_vaccine,0.0,0.0,0.0,0.0
72,30-34,new_vaccine,0.0,0.0,0.0,0.0
72,35-39,unvaccinated,0.916515138991168,10.909170454255444,0.0,0.0
72,35-39,old_vaccine,0.0,0.0,0.0,0.0
72,35-39,new_vaccine,0.0,0.0,0.0,0.0
72,40-44,unvaccinated,1.0440306508910548,8.938120607823548,0.0,0.0
72,40-44,old_vaccine,0.0,0.0,0.0,0.0
72,40-44,new_vaccine,0.0,0.0,0.0,0.0
72,45-49,unvaccinated,0.6403124237432849,8.997777503361595,0.3,0.0
72,45-49,old_vaccine,0.0,0.0,0.0,0.0
72,45-49,new_vaccine,0.0,0.0,0.0,0.0
72,50-54,unvaccinated,1.6155494421403516,8.395832299420945,0.0,0.0
72,50-54,old_vaccine,0.0,0.0,0.0,0.0
72,50-54,new_vaccine,0.0,0.0,0.0,0.0
72,55-59,unvaccinated,4.074309757492672,6.406246951218786,0.0,0.0
72,55-59,old_vaccine,0.0,0.0,0.0,0.0
72,55-59,new_vaccine,0.0,0.0,0.0,0.0
72,60-64,unvaccinated,4.031128874149275,6.992138442565337,0.0,0.0
72,60-64,old_vaccine,0.0,0.0,0.0,0.0
72,60-64,new_vaccine,0.0,0.0,0.0,0.0
72,65-69,unvaccinated,4.2296571965113205,3.8065732621348563,0.0,0.0
72,65-69,old_vaccine,0.0,0.0,0.0,0.0
72,65-69,new_vaccine,0.0,0.0,0.0,0.0
72,70-74,unvaccinated,4.001249804748511,3.3896902513356597,1.374772708486752,0.0
72,70-74,old_vaccine,0.0,0.0,0.0,0.0
72,70-74,new_vaccine,0.0,0.0,0.0,0.0
72,75+,unvaccinated,7.3047929470998705,6.079473661428269,1.1661903789690597,0.0
72,75+,old_vaccine,0.0,0.0,0.0,0.0
72,75+,new_vaccine,0.0,0.0,0.0,0.0
73,0-4,unvaccinated,0.9219544457292888,8.626123115281858,0.0,0.0
73,0-4,old_vaccine,0.0,0.0,0.0,0.0
73,0-4,new_vaccine,0.0,0.0,0.0,0.0
73,5-9,unvaccinated,0.458257569495584,8.200000000000001,0.0,0.0
73,5-9,old_vaccine,0.0,0.0,0.0,0.0
73,5-9,new_vaccine,0.0,0.0,0.0,0.0
73,10-14,unvaccinated,0.3,8.087644898238297,0.0,0.0
73,10-14,old_vaccine,0.0,0.0,0.0,0.0
73,10-14,new_vaccine,0.0,0.0,0.0,0.0
73,15-19,unvaccinated,0.3,8.19084855189009,0.0,0.0
73,15-19,old_vaccine,0.0,0.0,0.0,0.0
73,15-19,new_vaccine,0.0,0.0,0.0,0.0
73,20-24,unvaccinated,0.6999999999999998,6.487680633323438,0.0,0.0
73,20-24,old_vaccine,0.0,0.0,0.0,0.0
73,20-24,new_vaccine,0.0,0.0,0.0,0.0
73,25-29,unvaccinated,0.916515138991168,9.600000000000001,0.0,0.0
73,25-29,old_vaccine,0.0,0.0,0.0,0.0
73,25-29,new_vaccine,0.0,0.0,0.0,0.0
73,30-34,unvaccinated,0.6403124237432848,7.416198487095663,0.0,0.0
73,30-34,old_vaccine,0.0,0.0,0.0,0.0
73,30-34,new_vaccine,0.0,0.0,0.0,0.0
73,35-39,unvaccinated,0.916515138991168,10.754068997360951,0.0,0.0
73,35-39,old_vaccine,0.0,0.0,0.0,0.0
73,35-39,new_vaccine,0.0,0.0,0.0,0.0
73,40-44,unvaccinated,1.0440306508910548,9.262828941527529,0.0,0.0
73,40-44,old_vaccine,0.0,0.0,0.0,0.0
73,40-44,new_vaccine,0.0,0.0,0.0,0.0
73,45-49,unvaccinated,0.6403124237432849,9.024411338142784,0.3,0.0
73,45-49,old_vaccine,0.0,0.0,0.0,0.0
73,45-49,new_vaccine,0.0,0.0,0.0,0.0
73,50-54,unvaccinated,1.5999999999999996,8.674675786448736,0.0,0.0
73,50-54,old_vaccine,0.0,0.0,0.0,0.0
73,50-54,new_vaccine,0.0,0.0,0.0,0.0
73,55-59,unvaccinated,4.109744517606902,6.216912416947822,0.0,0.0
73,55-59,old_vaccine,0.0,0.0,0.0,0.0
73,55-59,new_vaccine,0.0,0.0,0.0,0.0
73,60-64,unvaccinated,4.127953488110059,7.110555533852471,0.0,0.0
73,60-64,old_vaccine,0.0,0.0,0.0,0.0
73,60-64,new_vaccine,0.0,0.0,0.0,0.0
73,65-69,unvaccinated,4.172529209005013,3.579106033634656,0.0,0.0
73,65-69,old_vaccine,0.0,0.0,0.0,0.0
73,65-69,new_vaccine,0.0,0.0,0.0,0.0
73,70-74,unvaccinated,4.387482193696061,3.28785644455472,1.374772708486752,0.0
73,70-74,old_vaccine,0.0,0.0,0.0,0.0
73,70-74,new_vaccine,0.0,0.0,0.0,0.0
73,75+,unvaccinated,6.954135460285485,5.723635208501675,1.1661903789690597,0.0
73,75+,old_vaccine,0.0,0.0,0.0,0.0
73,75+,new_vaccine,0.0,0.0,0.0,0.0
74,0-4,unvaccinated,0.9219544457292888,8.48528137423857,0.0,0.0
74,0-4,old_vaccine,0.0,0.0,0.0,0.0
74,0-4,new_vaccine,0.0,0.0,0.0,0.0
74,5-9,unvaccinated,0.458257569495584,8.149233092751732,0.0,0.0
74,5-9,old_vaccine,0.0,0.0,0.0,0.0
74,5-9,new_vaccine,0.0,0.0,0.0,0.0
74,10-14,unvaccinated,0.3,8.084553172563096,0.0,0.0
74,10-14,old_vaccine,0.0,0.0,0.0,0.0
74,10-14,new_vaccine,0.0,0.0,0.0,0.0
74,15-19,unvaccinated,0.3,8.360023923410745,0.0,0.0
74,15-19,old_vaccine,0.0,0.0,0.0,0.0
74,15-19,new_vaccine,0.0,0.0,0.0,0.0
74,20-24,unvaccinated,0.6999999999999998,6.621933252457321,0.0,0.0
74,20-24,old_vaccine,0.0,0.0,0.0,0.0
74,20-24,new_vaccine,0.0,0.0,0.0,0.0
74,25-29,unvaccinated,0.66332495807108,10.002499687578101,0.0,0.0
74,25-29,old_vaccine,0.0,0.0,0.0,0.0
74,25-29,new_vaccine,0.0,0.0,0.0,0.0
74,30-34,unvaccinated,0.6403124237432848,7.772387020729215,0.0,0.0
74,30-34,old_vaccine,0.0,0.0,0.0,0.0
74,30-34,new_vaccine,0.0,0.0,0.0,0.0
74,35-39,unvaccinated,0.916515138991168,10.835589508651573,0.0,0.0
74,35-39,old_vaccine,0.0,0.0,0.0,0.0
74,35-39,new_vaccine,0.0,0.0,0.0,0.0
74,40-44,unvaccinated,1.0440306508910548,9.528903399657278,0.0,0.0
74,40-44,old_vaccine,0.0,0.0,0.0,0.0
74,40-44,new_vaccine,0.0,0.0,0.0,0.0
74,45-49,unvaccinated,0.6403124237432849,8.859458222713167,0.3,0.0
74,45-49,old_vaccine,0.0,0.0,0.0,0.0
74,45-49,new_vaccine,0.0,0.0,0.0,0.0
74,50-54,unvaccinated,1.552417469626003,8.368990381163071,0.0,0.0
74,50-54,old_vaccine,0.0,0.0,0.0,0.0
74,50-54,new_vaccine,0.0,0.0,0.0,0.0
74,55-59,unvaccinated,4.011234224026316,6.57571288910944,0.0,0.0
74,55-59,old_vaccine,0.0,0.0,0.0,0.0
74,55-59,new_vaccine,0.0,0.0,0.0,0.0
74,60-64,unvaccinated,3.6660605559646715,7.105631569396207,0.0,0.0
74,60-64,old_vaccine,0.0,0.0,0.0,0.0
74,60-64,new_vaccine,0.0,0.0,0.0,0.0
74,65-69,unvaccinated,4.313930922024598,3.6660605559646724,0.0,0.0
74,65-69,old_vaccine,0.0,0.0,0.0,0.0
74,65-69,new_vaccine,0.0,0.0,0.0,0.0
74,70-74,unvaccinated,4.450842616853578,3.4942810419312296,1.374772708486752,0.0
74,70-74,old_vaccine,0.0,0.0,0.0,0.0
74,70-74,new_vaccine,0.0,0.0,0.0,0.0
74,75+,unvaccinated,6.794115100585211,5.5353410012392175,1.1661903789690597,0.0
74,75+,old_vaccine,0.0,0.0,0.0,0.0
74,75+,new_vaccine,0.0,0.0,0.0,0.0
75,0-4,unvaccinated,0.916515138991168,8.328265125462806,0.0,0.0
75,0-4,old_vaccine,0.0,0.0,0.0,0.0
75,0-4,new_vaccine,0.0,0.0,0.0,0.0
75,5-9,unvaccinated,0.4,8.1117199162693,0.0,0.0
75,5-9,old_vaccine,0.0,0.0,0.0,0.0
75,5-9,new_vaccine,0.0,0.0,0.0,0.0
75,10-14,unvaccinated,0.4,8.268010643437757,0.0,0.0
75,10-14,old_vaccine,0.0,0.0,0.0,0.0
75,10-14,new_vaccine,0.0,0.0,0.0,0.0
75,15-19,unvaccinated,0.3,8.405355435673139,0.0,0.0
75,15-19,old_vaccine,0.0,0.0,0.0,0.0
75,15-19,new_vaccine,0.0,0.0,0.0,0.0
75,20-24,unvaccinated,0.6999999999999998,6.3529520697074355,0.0,0.0
75,20-24,old_vaccine,0.0,0.0,0.0,0.0
75,20-24,new_vaccine,0.0,0.0,0.0,0.0
75,25-29,unvaccinated,0.7483314773547881,9.687104830649867,0.0,0.0
75,25-29,old_vaccine,0.0,0.0,0.0,0.0
75,25-29,new_vaccine,0.0,0.0,0.0,0.0
75,30-34,unvaccinated,0.66332495807108,7.694803441284253,0.0,0.0
75,30-34,old_vaccine,0.0,0.0,0.0,0.0
75,30-34,new_vaccine,0.0,0.0,0.0,0.0
75,35-39,unvaccinated,0.6633249580710799,10.660675400742674,0.0,0.0
75,35-39,old_vaccine,0.0,0.0,0.0,0.0
75,35-39,new_vaccine,0.0,0.0,0.0,0.0
75,40-44,unvaccinated,1.0440306508910548,9.217374897442328,0.0,0.0
75,40-44,old_vaccine,0.0,0.0,0.0,0.0
75,40-44,new_vaccine,0.0,0.0,0.0,0.0
75,45-49,unvaccinated,0.6403124237432849,8.419619943916707,0.3,0.0
75,45-49,old_vaccine,0.0,0.0,0.0,0.0
75,45-49,new_vaccine,0.0,0.0,0.0,0.0
75,50-54,unvaccinated,1.552417469626003,8.882004278314664,0.0,0.0
75,50-54,old_vaccine,0.0,0.0,0.0,0.0
75,50-54,new_vaccine,0.0,0.0,0.0,0.0
75,55-59,unvaccinated,3.9799497484264794,6.347440429023339,0.0,0.0
75,55-59,old_vaccine,0.0,0.0,0.0,0.0
75,55-59,new_vaccine,0.0,0.0,0.0,0.0
75,60-64,unvaccinated,3.2924155266308652,7.249827584156743,0.0,0.0
75,60-64,old_vaccine,0.0,0.0,0.0,0.0
75,60-64,new_vaccine,0.0,0.0,0.0,0.0
75,65-69,unvaccinated,4.05585995813465,3.774917217635375,0.0,0.0
75,65-69,old_vaccine,0.0,0.0,0.0,0.0
75,65-69,new_vaccine,0.0,0.0,0.0,0.0
75,70-74,unvaccinated,4.4821869662029945,3.3526109228480414,1.374772708486752,0.0
75,70-74,old_vaccine,0.0,0.0,0.0,0.0
75,70-74,new_vaccine,0.0,0.0,0.0,0.0
75,75+,unvaccinated,6.729784543356495,5.895761189193472,1.1661903789690597,0.0
75,75+,old_vaccine,0.0,0.0,0.0,0.0
75,75+,new_vaccine,0.0,0.0,0.0,0.0
76,0-4,unvaccinated,0.916515138991168,8.200000000000001,0.0,0.0
76,0-4,old_vaccine,0.0,0.0,0.0,0.0
76,0-4,new_vaccine,0.0,0.0,0.0,0.0
76,5-9,unvaccinated,0.4,8.151073548925932,0.0,0.0
76,5-9,old_vaccine,0.0,0.0,0.0,0.0
76,5-9,new_vaccine,0.0,0.0,0.0,0.0
76,10-14,unvaccinated,0.3,8.742997197757761,0.0,0.0
76,10-14,old_vaccine,0.0,0.0,0.0,0.0
76,10-14,new_vaccine,0.0,0.0,0.0,0.0
76,15-19,unvaccinated,0.3,8.729261137118078,0.0,0.0
76,15-19,old_vaccine,0.0,0.0,0.0,0.0
76,15-19,new_vaccine,0.0,0.0,0.0,0.0
76,20-24,unvaccinated,0.4000000000000002,6.705221845696083,0.0,0.0
76,20-24,old_vaccine,0.0,0.0,0.0,0.0
76,20-24,new_vaccine,0.0,0.0,0.0,0.0
76,25-29,unvaccinated,0.8306623862918074,9.502105029939413,0.0,0.0
76,25-29,old_vaccine,0.0,0.0,0.0,0.0
76,25-29,new_vaccine,0.0,0.0,0.0,0.0
76,30-34,unvaccinated,0.7999999999999998,7.877182237323193,0.0,0.0
76,30-34,old_vaccine,0.0,0.0,0.0,0.0
76,30-34,new_vaccine,0.0,0.0,0.0,0.0
76,35-39,unvaccinated,0.6708203932499369,10.392785959500948,0.0,0.0
76,35-39,old_vaccine,0.0,0.0,0.0,0.0
76,35-39,new_vaccine,0.0,0.0,0.0,0.0
76,40-44,unvaccinated,1.0440306508910548,9.252026804976303,0.0,0.0
76,40-44,old_vaccine,0.0,0.0,0.0,0.0
76,40-44,new_vaccine,0.0,0.0,0.0,0.0
76,45-49,unvaccinated,0.6403124237432849,8.411896337925235,0.3,0.0
76,45-49,old_vaccine,0.0,0.0,0.0,0.0
76,45-49,new_vaccine,0.0,0.0,0.0,0.0
76,50-54,unvaccinated,1.552417469626003,8.740709353364862,0.0,0.0
76,50-54,old_vaccine,0.0,0.0,0.0,0.0
76,50-54,new_vaccine,0.0,0.0,0.0,0.0
76,55-59,unvaccinated,3.801315561749643,6.603029607687671,0.0,0.0
76,55-59,old_vaccine,0.0,0.0,0.0,0.0
76,55-59,new_vaccine,0.0,0.0,0.0,0.0
76,60-64,unvaccinated,3.3000000000000003,7.313685801290619,0.0,0.0
76,60-64,old_vaccine,0.0,0.0,0.0,0.0
76,60-64,new_vaccine,0.0,0.0,0.0,0.0
76,65-69,unvaccinated,4.387482193696061,3.8522720568516453,0.0,0.0
76,65-69,old_vaccine,0.0,0.0,0.0,0.0
76,65-69,new_vaccine,0.0,0.0,0.0,0.0
76,70-74,unvaccinated,4.1952353926806065,3.132091952673165,1.374772708486752,0.0
76,70-74,old_vaccine,0.0,0.0,0.0,0.0
76,70-74,new_vaccine,0.0,0.0,0.0,0.0
76,75+,unvaccinated,6.862215385719105,6.040695324215583,1.1661903789690597,0.0
76,75+,old_vaccine,0.0,0.0,0.0,0.0
76,75+,new_vaccine,0.0,0.0,0.0,0.0
77,0-4,unvaccinated,0.916515138991168,8.219489035213806,0.0,0.0
77,0-4,old_vaccine,0.0,0.0,0.0,0.0
77,0-4,new_vaccine,0.0,0.0,0.0,0.0
77,5-9,unvaccinated,0.4,7.5372408744845085,0.0,0.0
77,5-9,old_vaccine,0.0,0.0,0.0,0.0
77,5-9,new_vaccine,0.0,0.0,0.0,0.0
77,10-14,unvaccinated,0.3,9.134549797335392,0.0,0.0
77,10-14,old_vaccine,0.0,0.0,0.0,0.0
77,10-14,new_vaccine,0.0,0.0,0.0,0.0
77,15-19,unvaccinated,0.0,9.066973034039531,0.0,0.0
77,15-19,old_vaccine,0.0,0.0,0.0,0.0
77,15-19,new_vaccine,0.0,0.0,0.0,0.0
77,20-24,unvaccinated,0.6403124237432848,6.542170893518452,0.0,0.0
77,20-24,old_vaccine,0.0,0.0,0.0,0.0
77,20-24,new_vaccine,0.0,0.0,0.0,0.0
77,25-29,unvaccinated,0.8999999999999999,9.03603895520598,0.0,0.0
77,25-29,old_vaccine,0.0,0.0,0.0,0.0
77,25-29,new_vaccine,0.0,0.0,0.0,0.0
77,30-34,unvaccinated,0.7810249675906656,7.696752561957545,0.0,0.0
77,30-34,old_vaccine,0.0,0.0,0.0,0.0
77,30-34,new_vaccine,0.0,0.0,0.0,0.0
77,35-39,unvaccinated,0.6708203932499369,10.492378186092994,0.0,0.0
77,35-39,old_vaccine,0.0,0.0,0.0,0.0
77,35-39,new_vaccine,0.0,0.0,0.0,0.0
77,40-44,unvaccinated,1.0440306508910548,9.316651759081694,0.0,0.0
77,40-44,old_vaccine,0.0,0.0,0.0,0.0
77,40-44,new_vaccine,0.0,0.0,0.0,0.0
77,45-49,unvaccinated,0.66332495807108,8.393449827097317,0.0,0.0
77,45-49,old_vaccine,0.0,0.0,0.0,0.0
77,45-49,new_vaccine,0.0,0.0,0.0,0.0
77,50-54,unvaccinated,1.552417469626003,8.814193099768124,0.0,0.0
77,50-54,old_vaccine,0.0,0.0,0.0,0.0
77,50-54,new_vaccine,0.0,0.0,0.0,0.0
77,55-59,unvaccinated,3.6110940170535577,6.352952069707437,0.0,0.0
77,55-59,old_vaccine,0.0,0.0,0.0,0.0
77,55-59,new_vaccine,0.0,0.0,0.0,0.0
77,60-64,unvaccinated,3.4,7.063285354564122,0.0,0.0
77,60-64,old_vaccine,0.0,0.0,0.0,0.0
77,60-64,new_vaccine,0.0,0.0,0.0,0.0
77,65-69,unvaccinated,4.317406628984582,3.6551333764994123,0.0,0.0
77,65-69,old_vaccine,0.0,0.0,0.0,0.0
77,65-69,new_vaccine,0.0,0.0,0.0,0.0
77,70-74,unvaccinated,4.011234224026317,3.1,1.374772708486752,0.0
77,70-74,old_vaccine,0.0,0.0,0.0,0.0
77,70-74,new_vaccine,0.0,0.0,0.0,0.0
77,75+,unvaccinated,6.794115100585211,6.177378084592203,1.1661903789690597,0.0
77,75+,old_vaccine,0.0,0.0,0.0,0.0
77,75+,new_vaccine,0.0,0.0,0.0,0.0
78,0-4,unvaccinated,0.916515138991168,8.275868534480237,0.0,0.0
78,0-4,old_vaccine,0.0,0.0,0.0,0.0
78,0-4,new_vaccine,0.0,0.0,0.0,0.0
78,5-9,unvaccinated,0.3,7.3457470688827815,0.0,0.0
78,5-9,old_vaccine,0.0,0.0,0.0,0.0
78,5-9,new_vaccine,0.0,0.0,0.0,0.0
78,10-14,unvaccinated,0.3,9.079647570252936,0.0,0.0
78,10-14,old_vaccine,0.0,0.0,0.0,0.0
78,10-14,new_vaccine,0.0,0.0,0.0,0.0
78,15-19,unvaccinated,0.3,9.75499871860576,0.0,0.0
78,15-19,old_vaccine,0.0,0.0,0.0,0.0
78,15-19,new_vaccine,0.0,0.0,0.0,0.0
78,20-24,unvaccinated,0.6403124237432848,6.974955196988724,0.0,0.0
78,20-24,old_vaccine,0.0,0.0,0.0,0.0
78,20-24,new_vaccine,0.0,0.0,0.0,0.0
78,25-29,unvaccinated,0.8999999999999999,9.022749026765622,0.0,0.0
78,25-29,old_vaccine,0.0,0.0,0.0,0.0
78,25-29,new_vaccine,0.0,0.0,0.0,0.0
78,30-34,unvaccinated,0.7810249675906656,7.83836717690617,0.0,0.0
78,30-34,old_vaccine,0.0,0.0,0.0,0.0
78,30-34,new_vaccine,0.0,0.0,0.0,0.0
78,35-39,unvaccinated,0.6708203932499369,10.159232254457029,0.0,0.0
78,35-39,old_vaccine,0.0,0.0,0.0,0.0
78,35-39,new_vaccine,0.0,0.0,0.0,0.0
78,40-44,unvaccinated,0.8717797887081346,9.249864863877741,0.0,0.0
78,40-44,old_vaccine,0.0,0.0,0.0,0.0
78,40-44,new_vaccine,0.0,0.0,0.0,0.0
78,45-49,unvaccinated,0.66332495807108,8.447484832777151,0.0,0.0
78,45-49,old_vaccine,0.0,0.0,0.0,0.0
78,45-49,new_vaccine,0.0,0.0,0.0,0.0
78,50-54,unvaccinated,1.399999999999999,8.836854644046149,0.0,0.0
78,50-54,old_vaccine,0.0,0.0,0.0,0.0
78,50-54,new_vaccine,0.0,0.0,0.0,0.0
78,55-59,unvaccinated,3.815756805667784,6.200806399170998,0.0,0.0
78,55-59,old_vaccine,0.0,0.0,0.0,0.0
78,55-59,new_vaccine,0.0,0.0,0.0,0.0
78,60-64,unvaccinated,3.448187929913334,7.222188034107117,0.0,0.0
78,60-64,old_vaccine,0.0,0.0,0.0,0.0
78,60-64,new_vaccine,0.0,0.0,0.0,0.0
78,65-69,unvaccinated,4.874423042781576,3.7894590642992827,0.0,0.0
78,65-69,old_vaccine,0.0,0.0,0.0,0.0
78,65-69,new_vaccine,0.0,0.0,0.0,0.0
78,70-74,unvaccinated,4.220189569201839,3.5341194094144575,1.374772708486752,0.0
78,70-74,old_vaccine,0.0,0.0,0.0,0.0
78,70-74,new_vaccine,0.0,0.0,0.0,0.0
78,75+,unvaccinated,6.670082458260916,6.261788881781306,1.1661903789690597,0.0
78,75+,old_vaccine,0.0,0.0,0.0,0.0
78,75+,new_vaccine,0.0,0.0,0.0,0.0
79,0-4,unvaccinated,0.916515138991168,8.12465383877984,0.0,0.0
79,0-4,old_vaccine,0.0,0.0,0.0,0.0
79,0-4,new_vaccine,0.0,0.0,0.0,0.0
79,5-9,unvaccinated,0.3,7.4027022093287,0.0,0.0
79,5-9,old_vaccine,0.0,0.0,0.0,0.0
79,5-9,new_vaccine,0.0,0.0,0.0,0.0
79,10-14,unvaccinated,0.3,8.997777503361595,0.0,0.0
79,10-14,old_vaccine,0.0,0.0,0.0,0.0
79,10-14,new_vaccine,0.0,0.0,0.0,0.0
79,15-19,unvaccinated,0.3,9.909591313469996,0.0,0.0
79,15-19,old_vaccine,0.0,0.0,0.0,0.0
79,15-19,new_vaccine,0.0,0.0,0.0,0.0
79,20-24,unvaccinated,0.6403124237432848,7.085901495222752,0.0,0.0
79,20-24,old_vaccine,0.0,0.0,0.0,0.0
79,20-24,new_vaccine,0.0,0.0,0.0,0.0
79,25-29,unvaccinated,0.8999999999999999,9.137286249209879,0.0,0.0
79,25-29,old_vaccine,0.0,0.0,0.0,0.0
79,25-29,new_vaccine,0.0,0.0,0.0,0.0
79,30-34,unvaccinated,0.8717797887081346,7.502666192761079,0.0,0.0
79,30-34,old_vaccine,0.0,0.0,0.0,0.0
79,30-34,new_vaccine,0.0,0.0,0.0,0.0
79,35-39,unvaccinated,0.6708203932499369,10.566456359631642,0.0,0.0
79,35-39,old_vaccine,0.0,0.0,0.0,0.0
79,35-39,new_vaccine,0.0,0.0,0.0,0.0
79,40-44,unvaccinated,0.7810249675906655,8.956003573022961,0.0,0.0
79,40-44,old_vaccine,0.0,0.0,0.0,0.0
79,40-44,new_vaccine,0.0,0.0,0.0,0.0
79,45-49,unvaccinated,0.6403124237432849,8.509406559801924,0.0,0.0
79,45-49,old_vaccine,0.0,0.0,0.0,0.0
79,45-49,new_vaccine,0.0,0.0,0.0,0.0
79,50-54,unvaccinated,1.2000000000000006,8.18779579618349,0.0,0.0
79,50-54,old_vaccine,0.0,0.0,0.0,0.0
79,50-54,new_vaccine,0.0,0.0,0.0,0.0
79,55-59,unvaccinated,3.6619666847201104,5.499090833947009,0.0,0.0
79,55-59,old_vaccine,0.0,0.0,0.0,0.0
79,55-59,new_vaccine,0.0,0.0,0.0,0.0
79,60-64,unvaccinated,3.5057096285916196,7.239475119095304,0.0,0.0
79,60-64,old_vaccine,0.0,0.0,0.0,0.0
79,60-64,new_vaccine,0.0,0.0,0.0,0.0
79,65-69,unvaccinated,4.8538644398046396,3.8999999999999995,0.0,0.0
79,65-69,old_vaccine,0.0,0.0,0.0,0.0
79,65-69,new_vaccine,0.0,0.0,0.0,0.0
79,70-74,unvaccinated,4.220189569201839,3.5440090293338704,1.374772708486752,0.0
79,70-74,old_vaccine,0.0,0.0,0.0,0.0
79,70-74,new_vaccine,0.0,0.0,0.0,0.0
79,75+,unvaccinated,6.7889616289974715,6.5696270822627385,1.1661903789690597,0.0
79,75+,old_vaccine,0.0,0.0,0.0,0.0
79,75+,new_vaccine,0.0,0.0,0.0,0.0
80,0-4,unvaccinated,0.916515138991168,7.670723564306037,0.0,0.0
80,0-4,old_vaccine,0.0,0.0,0.0,0.0
80,0-4,new_vaccine,0.0,0.0,0.0,0.0
80,5-9,unvaccinated,0.3,6.783067152844652,0.0,0.0
80,5-9,old_vaccine,0.0,0.0,0.0,0.0
80,5-9,new_vaccine,0.0,0.0,0.0,0.0
80,10-14,unvaccinated,0.3,8.953211714239755,0.0,0.0
80,10-14,old_vaccine,0.0,0.0,0.0,0.0
80,10-14,new_vaccine,0.0,0.0,0.0,0.0
80,15-19,unvaccinated,0.4,9.442457307290303,0.0,0.0
80,15-19,old_vaccine,0.0,0.0,0.0,0.0
80,15-19,new_vaccine,0.0,0.0,0.0,0.0
80,20-24,unvaccinated,0.7483314773547883,7.294518489934756,0.0,0.0
80,20-24,old_vaccine,0.0,0.0,0.0,0.0
80,20-24,new_vaccine,0.0,0.0,0.0,0.0
80,25-29,unvaccinated,1.0246950765959597,8.852118390532288,0.0,0.0
80,25-29,old_vaccine,0.0,0.0,0.0,0.0
80,25-29,new_vaccine,0.0,0.0,0.0,0.0
80,30-34,unvaccinated,0.8717797887081346,7.217340230306455,0.0,0.0
80,30-34,old_vaccine,0.0,0.0,0.0,0.0
80,30-34,new_vaccine,0.0,0.0,0.0,0.0
80,35-39,unvaccinated,0.6708203932499369,10.374969879474351,0.0,0.0
80,35-39,old_vaccine,0.0,0.0,0.0,0.0
80,35-39,new_vaccine,0.0,0.0,0.0,0.0
80,40-44,unvaccinated,0.7810249675906655,8.840814442120136,0.0,0.0
80,40-44,old_vaccine,0.0,0.0,0.0,0.0
80,40-44,new_vaccine,0.0,0.0,0.0,0.0
80,45-49,unvaccinated,0.7483314773547881,8.683893136145793,0.0,0.0
80,45-49,old_vaccine,0.0,0.0,0.0,0.0
80,45-49,new_vaccine,0.0,0.0,0.0,0.0
80,50-54,unvaccinated,1.4456832294800954,8.295179322956196,0.0,0.0
80,50-54,old_vaccine,0.0,0.0,0.0,0.0
80,50-54,new_vaccine,0.0,0.0,0.0,0.0
80,55-59,unvaccinated,3.638681079732051,5.607138307550472,0.0,0.0
80,55-59,old_vaccine,0.0,0.0,0.0,0.0
80,55-59,new_vaccine,0.0,0.0,0.0,0.0
80,60-64,unvaccinated,3.5496478698597698,7.4135011971402545,0.0,0.0
80,60-64,old_vaccine,0.0,0.0,0.0,0.0
80,60-64,new_vaccine,0.0,0.0,0.0,0.0
80,65-69,unvaccinated,4.833218389437829,4.019950248448356,0.0,0.0
80,65-69,old_vaccine,0.0,0.0,0.0,0.0
80,65-69,new_vaccine,0.0,0.0,0.0,0.0
80,70-74,unvaccinated,4.075536774462966,3.5721142198983498,1.374772708486752,0.0
80,70-74,old_vaccine,0.0,0.0,0.0,0.0
80,70-74,new_vaccine,0.0,0.0,0.0,0.0
80,75+,unvaccinated,7.1693793315739685,6.664082832618452,1.1661903789690597,0.0
80,75+,old_vaccine,0.0,0.0,0.0,0.0
80,75+,new_vaccine,0.0,0.0,0.0,0.0
81,0-4,unvaccinated,0.916515138991168,7.787168933572717,0.0,0.0
81,0-4,old_vaccine,0.0,0.0,0.0,0.0
81,0-4,new_vaccine,0.0,0.0,0.0,0.0
81,5-9,unvaccinated,0.3,6.968500556073739,0.0,0.0
81,5-9,old_vaccine,0.0,0.0,0.0,0.0
81,5-9,new_vaccine,0.0,0.0,0.0,0.0
81,10-14,unvaccinated,0.0,8.977750274985377,0.0,0.0
81,10-14,old_vaccine,0.0,0.0,0.0,0.0
81,10-14,new_vaccine,0.0,0.0,0.0,0.0
81,15-19,unvaccinated,0.4,9.137286249209879,0.0,0.0
81,15-19,old_vaccine,0.0,0.0,0.0,0.0
81,15-19,new_vaccine,0.0,0.0,0.0,0.0
81,20-24,unvaccinated,0.8306623862918073,7.102112361825881,0.0,0.0
81,20-24,old_vaccine,0.0,0.0,0.0,0.0
81,20-24,new_vaccine,0.0,0.0,0.0,0.0
81,25-29,unvaccinated,1.0246950765959597,8.88875694346515,0.0,0.0
81,25-29,old_vaccine,0.0,0.0,0.0,0.0
81,25-29,new_vaccine,0.0,0.0,0.0,0.0
81,30-34,unvaccinated,0.9797958971132712,6.8912988616080195,0.0,0.0
81,30-34,old_vaccine,0.0,0.0,0.0,0.0
81,30-34,new_vaccine,0.0,0.0,0.0,0.0
81,35-39,unvaccinated,0.6708203932499369,10.58111525312904,0.0,0.0
81,35-39,old_vaccine,0.0,0.0,0.0,0.0
81,35-39,new_vaccine,0.0,0.0,0.0,0.0
81,40-44,unvaccinated,0.7810249675906655,8.899999999999999,0.0,0.0
81,40-44,old_vaccine,0.0,0.0,0.0,0.0
81,40-44,new_vaccine,0.0,0.0,0.0,0.0
81,45-49,unvaccinated,0.7810249675906655,8.765842800324446,0.0,0.0
81,45-49,old_vaccine,0.0,0.0,0.0,0.0
81,45-49,new_vaccine,0.0,0.0,0.0,0.0
81,50-54,unvaccinated,1.6000000000000005,8.077747210701755,0.0,0.0
81,50-54,old_vaccine,0.0,0.0,0.0,0.0
81,50-54,new_vaccine,0.0,0.0,0.0,0.0
81,55-59,unvaccinated,3.556683848755749,5.444263035526481,0.0,0.0
81,55-59,old_vaccine,0.0,0.0,0.0,0.0
81,55-59,new_vaccine,0.0,0.0,0.0,0.0
81,60-64,unvaccinated,3.389690251335659,7.3647810558087885,0.0,0.0
81,60-64,old_vaccine,0.0,0.0,0.0,0.0
81,60-64,new_vaccine,0.0,0.0,0.0,0.0
81,65-69,unvaccinated,4.738143096192854,3.974921382870358,0.0,0.0
81,65-69,old_vaccine,0.0,0.0,0.0,0.0
81,65-69,new_vaccine,0.0,0.0,0.0,0.0
81,70-74,unvaccinated,4.011234224026317,3.9038442591886264,1.374772708486752,0.0
81,70-74,old_vaccine,0.0,0.0,0.0,0.0
81,70-74,new_vaccine,0.0,0.0,0.0,0.0
81,75+,unvaccinated,7.280796659706958,6.421837743200929,1.1661903789690597,0.0
81,75+,old_vaccine,0.0,0.0,0.0,0.0
81,75+,new_vaccine,0.0,0.0,0.0,0.0
82,0-4,unvaccinated,0.9219544457292888,8.08702664766229,0.0,0.0
82,0-4,old_vaccine,0.0,0.0,0.0,0.0
82,0-4,new_vaccine,0.0,0.0,0.0,0.0
82,5-9,unvaccinated,0.3,6.696267617113281,0.0,0.0
82,5-9,old_vaccine,0.0,0.0,0.0,0.0
82,5-9,new_vaccine,0.0,0.0,0.0,0.0
82,10-14,unvaccinated,0.0,8.34805366537614,0.0,0.0
82,10-14,old_vaccine,0.0,0.0,0.0,0.0
82,10-14,new_vaccine,0.0,0.0,0.0,0.0
82,15-19,unvaccinated,0.4,9.115371632577576,0.0,0.0
82,15-19,old_vaccine,0.0,0.0,0.0,0.0
82,15-19,new_vaccine,0.0,0.0,0.0,0.0
82,20-24,unvaccinated,1.077032961426901,7.652450587883595,0.0,0.0
82,20-24,old_vaccine,0.0,0.0,0.0,0.0
82,20-24,new_vaccine,0.0,0.0,0.0,0.0
82,25-29,unvaccinated,1.019803902718557,9.08240056372763,0.0,0.0
82,25-29,old_vaccine,0.0,0.0,0.0,0.0
82,25-29,new_vaccine,0.0,0.0,0.0,0.0
82,30-34,unvaccinated,0.8306623862918074,7.1056315693962055,0.0,0.0
82,30-34,old_vaccine,0.0,0.0,0.0,0.0
82,30-34,new_vaccine,0.0,0.0,0.0,0.0
82,35-39,unvaccinated,0.6708203932499369,10.507616285342744,0.0,0.0
82,35-39,old_vaccine,0.0,0.0,0.0,0.0
82,35-39,new_vaccine,0.0,0.0,0.0,0.0
82,40-44,unvaccinated,0.7,8.754427451295712,0.0,0.0
82,40-44,old_vaccine,0.0,0.0,0.0,0.0
82,40-44,new_vaccine,0.0,0.0,0.0,0.0
82,45-49,unvaccinated,0.66332495807108,8.625543461139129,0.0,0.0
82,45-49,old_vaccine,0.0,0.0,0.0,0.0
82,45-49,new_vaccine,0.0,0.0,0.0,0.0
82,50-54,unvaccinated,1.6000000000000005,8.114185110040319,0.0,0.0
82,50-54,old_vaccine,0.0,0.0,0.0,0.0
82,50-54,new_vaccine,0.0,0.0,0.0,0.0
82,55-59,unvaccinated,3.6932370625238784,5.162363799656124,0.0,0.0
82,55-59,old_vaccine,0.0,0.0,0.0,0.0
82,55-59,new_vaccine,0.0,0.0,0.0,0.0
82,60-64,unvaccinated,3.389690251335659,7.665507158694718,0.0,0.0
82,60-64,old_vaccine,0.0,0.0,0.0,0.0
82,60-64,new_vaccine,0.0,0.0,0.0,0.0
82,65-69,unvaccinated,4.799999999999999,3.9255572852781038,0.0,0.0
82,65-69,old_vaccine,0.0,0.0,0.0,0.0
82,65-69,new_vaccine,0.0,0.0,0.0,0.0
82,70-74,unvaccinated,4.1340053217188775,3.66742416417845,1.374772708486752,0.0
82,70-74,old_vaccine,0.0,0.0,0.0,0.0
82,70-74,new_vaccine,0.0,0.0,0.0,0.0
82,75+,unvaccinated,7.211102550927978,6.293647591023826,1.1661903789690597,0.0
82,75+,old_vaccine,0.0,0.0,0.0,0.0
82,75+,new_vaccine,0.0,0.0,0.0,0.0
83,0-4,unvaccinated,0.916515138991168,7.717512552629893,0.0,0.0
83,0-4,old_vaccine,0.0,0.0,0.0,0.0
83,0-4,new_vaccine,0.0,0.0,0.0,0.0
83,5-9,unvaccinated,0.3,6.87386354243376,0.0,0.0
83,5-9,old_vaccine,0.0,0.0,0.0,0.0
83,5-9,new_vaccine,0.0,0.0,0.0,0.0
83,10-14,unvaccinated,0.0,8.17312669668102,0.0,0.0
83,10-14,old_vaccine,0.0,0.0,0.0,0.0
83,10-14,new_vaccine,0.0,0.0,0.0,0.0
83,15-19,unvaccinated,0.458257569495584,8.521150157109075,0.0,0.0
83,15-19,old_vaccine,0.0,0.0,0.0,0.0
83,15-19,new_vaccine,0.0,0.0,0.0,0.0
83,20-24,unvaccinated,0.8944271909999159,7.372923436466702,0.0,0.0
83,20-24,old_vaccine,0.0,0.0,0.0,0.0
83,20-24,new_vaccine,0.0,0.0,0.0,0.0
83,25-29,unvaccinated,0.7810249675906652,9.256889326334194,0.0,0.0
83,25-29,old_vaccine,0.0,0.0,0.0,0.0
83,25-29,new_vaccine,0.0,0.0,0.0,0.0
83,30-34,unvaccinated,0.6999999999999998,7.113367697511498,0.0,0.0
83,30-34,old_vaccine,0.0,0.0,0.0,0.0
83,30-34,new_vaccine,0.0,0.0,0.0,0.0
83,35-39,unvaccinated,0.6708203932499369,10.409610943738487,0.0,0.0
83,35-39,old_vaccine,0.0,0.0,0.0,0.0
83,35-39,new_vaccine,0.0,0.0,0.0,0.0
83,40-44,unvaccinated,0.6324555320336758,8.569714114251417,0.0,0.0
83,40-44,old_vaccine,0.0,0.0,0.0,0.0
83,40-44,new_vaccine,0.0,0.0,0.0,0.0
83,45-49,unvaccinated,0.66332495807108,9.008884503644166,0.0,0.0
83,45-49,old_vaccine,0.0,0.0,0.0,0.0
83,45-49,new_vaccine,0.0,0.0,0.0,0.0
83,50-54,unvaccinated,1.57797338380595,8.149233092751736,0.0,0.0
83,50-54,old_vaccine,0.0,0.0,0.0,0.0
83,50-54,new_vaccine,0.0,0.0,0.0,0.0
83,55-59,unvaccinated,3.981205847478876,5.388877434122991,0.0,0.0
83,55-59,old_vaccine,0.0,0.0,0.0,0.0
83,55-59,new_vaccine,0.0,0.0,0.0,0.0
83,60-64,unvaccinated,3.4,7.161703707917552,0.0,0.0
83,60-64,old_vaccine,0.0,0.0,0.0,0.0
83,60-64,new_vaccine,0.0,0.0,0.0,0.0
83,65-69,unvaccinated,5.060632371551998,3.919183588453085,0.0,0.0
83,65-69,old_vaccine,0.0,0.0,0.0,0.0
83,65-69,new_vaccine,0.0,0.0,0.0,0.0
83,70-74,unvaccinated,4.050925820105818,3.555277766926236,1.374772708486752,0.0
83,70-74,old_vaccine,0.0,0.0,0.0,0.0
83,70-74,new_vaccine,0.0,0.0,0.0,0.0
83,75+,unvaccinated,7.422263805605403,5.903388857258176,1.1661903789690597,0.0
83,75+,old_vaccine,0.0,0.0,0.0,0.0
83,75+,new_vaccine,0.0,0.0,0.0,0.0
84,0-4,unvaccinated,0.916515138991168,8.133879763065101,0.0,0.0
84,0-4,old_vaccine,0.0,0.0,0.0,0.0
84,0-4,new_vaccine,0.0,0.0,0.0,0.0
84,5-9,unvaccinated,0.3,6.902173570694958,0.0,0.0
84,5-9,old_vaccine,0.0,0.0,0.0,0.0
84,5-9,new_vaccine,0.0,0.0,0.0,0.0
84,10-14,unvaccinated,0.0,7.647875521999562,0.0,0.0
84,10-14,old_vaccine,0.0,0.0,0.0,0.0
84,10-14,new_vaccine,0.0,0.0,0.0,0.0
84,15-19,unvaccinated,0.4,8.428523002282192,0.0,0.0
84,15-19,old_vaccine,0.0,0.0,0.0,0.0
84,15-19,new_vaccine,0.0,0.0,0.0,0.0
84,20-24,unvaccinated,0.9433981132056604,7.156116265125938,0.0,0.0
84,20-24,old_vaccine,0.0,0.0,0.0,0.0
84,20-24,new_vaccine,0.0,0.0,0.0,0.0
84,25-29,unvaccinated,0.7810249675906652,9.317188417113828,0.0,0.0
84,25-29,old_vaccine,0.0,0.0,0.0,0.0
84,25-29,new_vaccine,0.0,0.0,0.0,0.0
84,30-34,unvaccinated,0.748331477354788,6.78601503092942,0.0,0.0
84,30-34,old_vaccine,0.0,0.0,0.0,0.0
84,30-34,new_vaccine,0.0,0.0,0.0,0.0
84,35-39,unvaccinated,0.6708203932499369,10.20049018429997,0.0,0.0
84,35-39,old_vaccine,0.0,0.0,0.0,0.0
84,35-39,new_vaccine,0.0,0.0,0.0,0.0
84,40-44,unvaccinated,0.6324555320336758,8.662563131083084,0.0,0.0
84,40-44,old_vaccine,0.0,0.0,0.0,0.0
84,40-44,new_vaccine,0.0,0.0,0.0,0.0
84,45-49,unvaccinated,0.9,8.795453370918407,0.0,0.0
84,45-49,old_vaccine,0.0,0.0,0.0,0.0
84,45-49,new_vaccine,0.0,0.0,0.0,0.0
84,50-54,unvaccinated,1.57797338380595,8.324061508662702,0.0,0.0
84,50-54,old_vaccine,0.0,0.0,0.0,0.0
84,50-54,new_vaccine,0.0,0.0,0.0,0.0
84,55-59,unvaccinated,4.129164564412515,5.713142742834282,0.0,0.0
84,55-59,old_vaccine,0.0,0.0,0.0,0.0
84,55-59,new_vaccine,0.0,0.0,0.0,0.0
84,60-64,unvaccinated,3.407345007480165,7.307530362578045,0.0,0.0
84,60-64,old_vaccine,0.0,0.0,0.0,0.0
84,60-64,new_vaccine,0.0,0.0,0.0,0.0
84,65-69,unvaccinated,4.715930449020639,3.789459064299283,0.0,0.0
84,65-69,old_vaccine,0.0,0.0,0.0,0.0
84,65-69,new_vaccine,0.0,0.0,0.0,0.0
84,70-74,unvaccinated,3.774917217635375,3.66742416417845,1.374772708486752,0.0
84,70-74,old_vaccine,0.0,0.0,0.0,0.0
84,70-74,new_vaccine,0.0,0.0,0.0,0.0
84,75+,unvaccinated,7.1056315693962055,5.902541825349481,1.1661903789690597,0.0
84,75+,old_vaccine,0.0,0.0,0.0,0.0
84,75+,new_vaccine,0.0,0.0,0.0,0.0
85,0-4,unvaccinated,0.916515138991168,8.324061508662705,0.0,0.0
85,0-4,old_vaccine,0.0,0.0,0.0,0.0
85,0-4,new_vaccine,0.0,0.0,0.0,0.0
85,5-9,unvaccinated,0.3,7.499333303701069,0.0,0.0
85,5-9,old_vaccine,0.0,0.0,0.0,0.0
85,5-9,new_vaccine,0.0,0.0,0.0,0.0
85,10-14,unvaccinated,0.0,7.65571681816928,0.0,0.0
85,10-14,old_vaccine,0.0,0.0,0.0,0.0
85,10-14,new_vaccine,0.0,0.0,0.0,0.0
85,15-19,unvaccinated,0.3,8.268010643437757,0.0,0.0
85,15-19,old_vaccine,0.0,0.0,0.0,0.0
85,15-19,new_vaccine,0.0,0.0,0.0,0.0
85,20-24,unvaccinated,1.0,6.931089380465384,0.0,0.0
85,20-24,old_vaccine,0.0,0.0,0.0,0.0
85,20-24,new_vaccine,0.0,0.0,0.0,0.0
85,25-29,unvaccinated,0.8306623862918073,9.351470472604829,0.0,0.0
85,25-29,old_vaccine,0.0,0.0,0.0,0.0
85,25-29,new_vaccine,0.0,0.0,0.0,0.0
85,30-34,unvaccinated,0.640312423743285,6.859300255857008,0.0,0.0
85,30-34,old_vaccine,0.0,0.0,0.0,0.0
85,30-34,new_vaccine,0.0,0.0,0.0,0.0
85,35-39,unvaccinated,0.6708203932499369,10.103959619871802,0.0,0.0
85,35-39,old_vaccine,0.0,0.0,0.0,0.0
85,35-39,new_vaccine,0.0,0.0,0.0,0.0
85,40-44,unvaccinated,0.6324555320336758,9.327915093953203,0.0,0.0
85,40-44,old_vaccine,0.0,0.0,0.0,0.0
85,40-44,new_vaccine,0.0,0.0,0.0,0.0
85,45-49,unvaccinated,0.9,8.345058418010026,0.0,0.0
85,45-49,old_vaccine,0.0,0.0,0.0,0.0
85,45-49,new_vaccine,0.0,0.0,0.0,0.0
85,50-54,unvaccinated,1.5491933384829668,8.83402513014311,0.0,0.0
85,50-54,old_vaccine,0.0,0.0,0.0,0.0
85,50-54,new_vaccine,0.0,0.0,0.0,0.0
85,55-59,unvaccinated,3.976179070414207,5.950630218724734,0.0,0.0
85,55-59,old_vaccine,0.0,0.0,0.0,0.0
85,55-59,new_vaccine,0.0,0.0,0.0,0.0
85,60-64,unvaccinated,3.3241540277189316,7.354590403278758,0.0,0.0
85,60-64,old_vaccine,0.0,0.0,0.0,0.0
85,60-64,new_vaccine,0.0,0.0,0.0,0.0
85,65-69,unvaccinated,4.544227107000706,3.562302626111375,0.0,0.0
85,65-69,old_vaccine,0.0,0.0,0.0,0.0
85,65-69,new_vaccine,0.0,0.0,0.0,0.0
85,70-74,unvaccinated,4.0,3.6660605559646724,1.374772708486752,0.0
85,70-74,old_vaccine,0.0,0.0,0.0,0.0
85,70-74,new_vaccine,0.0,0.0,0.0,0.0
85,75+,unvaccinated,6.862215385719103,6.18465843842649,1.1661903789690597,0.0
85,75+,old_vaccine,0.0,0.0,0.0,0.0
85,75+,new_vaccine,0.0,0.0,0.0,0.0
86,0-4,unvaccinated,0.916515138991168,8.364209466530593,0.0,0.0
86,0-4,old_vaccine,0.0,0.0,0.0,0.0
86,0-4,new_vaccine,0.0,0.0,0.0,0.0
86,5-9,unvaccinated,0.3,7.774316690230726,0.0,0.0
86,5-9,old_vaccine,0.0,0.0,0.0,0.0
86,5-9,new_vaccine,0.0,0.0,0.0,0.0
86,10-14,unvaccinated,0.0,8.2975900115636,0.0,0.0
86,10-14,old_vaccine,0.0,0.0,0.0,0.0
86,10-14,new_vaccine,0.0,0.0,0.0,0.0
86,15-19,unvaccinated,0.3,8.182909018191513,0.0,0.0
86,15-19,old_vaccine,0.0,0.0,0.0,0.0
86,15-19,new_vaccine,0.0,0.0,0.0,0.0
86,20-24,unvaccinated,1.0,6.384355879804944,0.0,0.0
86,20-24,old_vaccine,0.0,0.0,0.0,0.0
86,20-24,new_vaccine,0.0,0.0,0.0,0.0
86,25-29,unvaccinated,0.7745966692414834,9.759098319004679,0.0,0.0
86,25-29,old_vaccine,0.0,0.0,0.0,0.0
86,25-29,new_vaccine,0.0,0.0,0.0,0.0
86,30-34,unvaccinated,0.6633249580710796,7.197916365171239,0.0,0.0
86,30-34,old_vaccine,0.0,0.0,0.0,0.0
86,30-34,new_vaccine,0.0,0.0,0.0,0.0
86,35-39,unvaccinated,0.6708203932499369,10.266937225872182,0.0,0.0
86,35-39,old_vaccine,0.0,0.0,0.0,0.0
86,35-39,new_vaccine,0.0,0.0,0.0,0.0
86,40-44,unvaccinated,0.6324555320336758,9.627564593395363,0.0,0.0
86,40-44,old_vaccine,0.0,0.0,0.0,0.0
86,40-44,new_vaccine,0.0,0.0,0.0,0.0
86,45-49,unvaccinated,0.916515138991168,8.704022058795575,0.0,0.0
86,45-49,old_vaccine,0.0,0.0,0.0,0.0
86,45-49,new_vaccine,0.0,0.0,0.0,0.0
86,50-54,unvaccinated,1.7000000000000002,8.391066678319271,0.0,0.0
86,50-54,old_vaccine,0.0,0.0,0.0,0.0
86,50-54,new_vaccine,0.0,0.0,0.0,0.0
86,55-59,unvaccinated,3.9038442591886273,6.220128616033595,0.0,0.0
86,55-59,old_vaccine,0.0,0.0,0.0,0.0
86,55-59,new_vaccine,0.0,0.0,0.0,0.0
86,60-64,unvaccinated,3.348133808556641,7.507329751649381,0.0,0.0
86,60-64,old_vaccine,0.0,0.0,0.0,0.0
86,60-64,new_vaccine,0.0,0.0,0.0,0.0
86,65-69,unvaccinated,4.566180022732349,3.4365680554879163,0.0,0.0
86,65-69,old_vaccine,0.0,0.0,0.0,0.0
86,65-69,new_vaccine,0.0,0.0,0.0,0.0
86,70-74,unvaccinated,4.011234224026316,3.6660605559646724,1.374772708486752,0.0
86,70-74,old_vaccine,0.0,0.0,0.0,0.0
86,70-74,new_vaccine,0.0,0.0,0.0,0.0
86,75+,unvaccinated,6.43506021727847,6.4536811201050215,1.2206555615733703,0.0
86,75+,old_vaccine,0.0,0.0,0.0,0.0
86,75+,new_vaccine,0.0,0.0,0.0,0.0
87,0-4,unvaccinated,0.916515138991168,8.136952746575341,0.0,0.0
87,0-4,old_vaccine,0.0,0.0,0.0,0.0
87,0-4,new_vaccine,0.0,0.0,0.0,0.0
87,5-9,unvaccinated,0.3,7.510659092250162,0.0,0.0
87,5-9,old_vaccine,0.0,0.0,0.0,0.0
87,5-9,new_vaccine,0.0,0.0,0.0,0.0
87,10-14,unvaccinated,0.0,8.26075057122535,0.0,0.0
87,10-14,old_vaccine,0.0,0.0,0.0,0.0
87,10-14,new_vaccine,0.0,0.0,0.0,0.0
87,15-19,unvaccinated,0.3,8.509406559801924,0.0,0.0
87,15-19,old_vaccine,0.0,0.0,0.0,0.0
87,15-19,new_vaccine,0.0,0.0,0.0,0.0
87,20-24,unvaccinated,1.0,6.4,0.0,0.0
87,20-24,old_vaccine,0.0,0.0,0.0,0.0
87,20-24,new_vaccine,0.0,0.0,0.0,0.0
87,25-29,unvaccinated,0.7745966692414834,9.4847245611035,0.0,0.0
87,25-29,old_vaccine,0.0,0.0,0.0,0.0
87,25-29,new_vaccine,0.0,0.0,0.0,0.0
87,30-34,unvaccinated,0.6633249580710796,7.057619995437552,0.0,0.0
87,30-34,old_vaccine,0.0,0.0,0.0,0.0
87,30-34,new_vaccine,0.0,0.0,0.0,0.0
87,35-39,unvaccinated,0.6708203932499369,10.752209075348192,0.0,0.0
87,35-39,old_vaccine,0.0,0.0,0.0,0.0
87,35-39,new_vaccine,0.0,0.0,0.0,0.0
87,40-44,unvaccinated,0.8944271909999159,9.488940931421167,0.0,0.0
87,40-44,old_vaccine,0.0,0.0,0.0,0.0
87,40-44,new_vaccine,0.0,0.0,0.0,0.0
87,45-49,unvaccinated,0.6708203932499369,9.256889326334198,0.0,0.0
87,45-49,old_vaccine,0.0,0.0,0.0,0.0
87,45-49,new_vaccine,0.0,0.0,0.0,0.0
87,50-54,unvaccinated,1.7000000000000002,8.435638683585257,0.0,0.0
87,50-54,old_vaccine,0.0,0.0,0.0,0.0
87,50-54,new_vaccine,0.0,0.0,0.0,0.0
87,55-59,unvaccinated,3.687817782917154,6.624952830020753,0.0,0.0
87,55-59,old_vaccine,0.0,0.0,0.0,0.0
87,55-59,new_vaccine,0.0,0.0,0.0,0.0
87,60-64,unvaccinated,3.746998799039039,7.453858061433688,0.0,0.0
87,60-64,old_vaccine,0.0,0.0,0.0,0.0
87,60-64,new_vaccine,0.0,0.0,0.0,0.0
87,65-69,unvaccinated,4.473253849269008,3.5791060336346554,0.0,0.0
87,65-69,old_vaccine,0.0,0.0,0.0,0.0
87,65-69,new_vaccine,0.0,0.0,0.0,0.0
87,70-74,unvaccinated,3.974921382870358,3.6345563690772495,1.374772708486752,0.0
87,70-74,old_vaccine,0.0,0.0,0.0,0.0
87,70-74,new_vaccine,0.0,0.0,0.0,0.0
87,75+,unvaccinated,6.1717096496837875,6.296030495478877,1.2206555615733703,0.0
87,75+,old_vaccine,0.0,0.0,0.0,0.0
87,75+,new_vaccine,0.0,0.0,0.0,0.0
88,0-4,unvaccinated,0.916515138991168,8.136338242723197,0.0,0.0
88,0-4,old_vaccine,0.0,0.0,0.0,0.0
88,0-4,new_vaccine,0.0,0.0,0.0,0.0
88,5-9,unvaccinated,0.3,7.720751258783047,0.0,0.0
88,5-9,old_vaccine,0.0,0.0,0.0,0.0
88,5-9,new_vaccine,0.0,0.0,0.0,0.0
88,10-14,unvaccinated,0.0,8.037412518964048,0.0,0.0
88,10-14,old_vaccine,0.0,0.0,0.0,0.0
88,10-14,new_vaccine,0.0,0.0,0.0,0.0
88,15-19,unvaccinated,0.3,9.000555538409836,0.0,0.0
88,15-19,old_vaccine,0.0,0.0,0.0,0.0
88,15-19,new_vaccine,0.0,0.0,0.0,0.0
88,20-24,unvaccinated,1.0,6.177378084592197,0.0,0.0
88,20-24,old_vaccine,0.0,0.0,0.0,0.0
88,20-24,new_vaccine,0.0,0.0,0.0,0.0
88,25-29,unvaccinated,0.7483314773547881,9.560857702110201,0.0,0.0
88,25-29,old_vaccine,0.0,0.0,0.0,0.0
88,25-29,new_vaccine,0.0,0.0,0.0,0.0
88,30-34,unvaccinated,0.8062257748298549,7.582216034906946,0.0,0.0
88,30-34,old_vaccine,0.0,0.0,0.0,0.0
88,30-34,new_vaccine,0.0,0.0,0.0,0.0
88,35-39,unvaccinated,0.7810249675906655,10.844353369380768,0.0,0.0
88,35-39,old_vaccine,0.0,0.0,0.0,0.0
88,35-39,new_vaccine,0.0,0.0,0.0,0.0
88,40-44,unvaccinated,0.8944271909999159,9.542012366372202,0.0,0.0
88,40-44,old_vaccine,0.0,0.0,0.0,0.0
88,40-44,new_vaccine,0.0,0.0,0.0,0.0
88,45-49,unvaccinated,0.6708203932499369,9.082400563727631,0.0,0.0
88,45-49,old_vaccine,0.0,0.0,0.0,0.0
88,45-49,new_vaccine,0.0,0.0,0.0,0.0
88,50-54,unvaccinated,1.9209372712298545,8.258934555982389,0.0,0.0
88,50-54,old_vaccine,0.0,0.0,0.0,0.0
88,50-54,new_vaccine,0.0,0.0,0.0,0.0
88,55-59,unvaccinated,3.84837628097877,6.685057965343307,0.0,0.0
88,55-59,old_vaccine,0.0,0.0,0.0,0.0
88,55-59,new_vaccine,0.0,0.0,0.0,0.0
88,60-64,unvaccinated,3.6660605559646724,6.931810730249349,0.0,0.0
88,60-64,old_vaccine,0.0,0.0,0.0,0.0
88,60-64,new_vaccine,0.0,0.0,0.0,0.0
88,65-69,unvaccinated,4.272001872658765,3.5510561809129406,0.0,0.0
88,65-69,old_vaccine,0.0,0.0,0.0,0.0
88,65-69,new_vaccine,0.0,0.0,0.0,0.0
88,70-74,unvaccinated,3.9446165846632044,3.3823069050575527,1.2649110640673515,0.0
88,70-74,old_vaccine,0.0,0.0,0.0,0.0
88,70-74,new_vaccine,0.0,0.0,0.0,0.0
88,75+,unvaccinated,6.197580172938466,6.523802572120038,1.2206555615733703,0.0
88,75+,old_vaccine,0.0,0.0,0.0,0.0
88,75+,new_vaccine,0.0,0.0,0.0,0.0
89,0-4,unvaccinated,0.916515138991168,8.246817568007673,0.0,0.0
89,0-4,old_vaccine,0.0,0.0,0.0,0.0
89,0-4,new_vaccine,0.0,0.0,0.0,0.0
89,5-9,unvaccinated,0.3,7.930321557162733,0.0,0.0
89,5-9,old_vaccine,0.0,0.0,0.0,0.0
89,5-9,new_vaccine,0.0,0.0,0.0,0.0
89,10-14,unvaccinated,0.0,8.967162315916891,0.0,0.0
89,10-14,old_vaccine,0.0,0.0,0.0,0.0
89,10-14,new_vaccine,0.0,0.0,0.0,0.0
89,15-19,unvaccinated,0.0,9.024965373894794,0.0,0.0
89,15-19,old_vaccine,0.0,0.0,0.0,0.0
89,15-19,new_vaccine,0.0,0.0,0.0,0.0
89,20-24,unvaccinated,0.8306623862918074,6.007495318350236,0.0,0.0
89,20-24,old_vaccine,0.0,0.0,0.0,0.0
89,20-24,new_vaccine,0.0,0.0,0.0,0.0
89,25-29,unvaccinated,0.7483314773547881,9.746794344808963,0.0,0.0
89,25-29,old_vaccine,0.0,0.0,0.0,0.0
89,25-29,new_vaccine,0.0,0.0,0.0,0.0
89,30-34,unvaccinated,0.8062257748298549,7.631513611335562,0.0,0.0
89,30-34,old_vaccine,0.0,0.0,0.0,0.0
89,30-34,new_vaccine,0.0,0.0,0.0,0.0
89,35-39,unvaccinated,0.8717797887081346,11.063453348751464,0.0,0.0
89,35-39,old_vaccine,0.0,0.0,0.0,0.0
89,35-39,new_vaccine,0.0,0.0,0.0,0.0
89,40-44,unvaccinated,0.9433981132056604,9.921693403849966,0.0,0.0
89,40-44,old_vaccine,0.0,0.0,0.0,0.0
89,40-44,new_vaccine,0.0,0.0,0.0,0.0
89,45-49,unvaccinated,0.66332495807108,9.14111590562115,0.0,0.0
89,45-49,old_vaccine,0.0,0.0,0.0,0.0
89,45-49,new_vaccine,0.0,0.0,0.0,0.0
89,50-54,unvaccinated,1.86815416922694,8.07465169527454,0.0,0.0
89,50-54,old_vaccine,0.0,0.0,0.0,0.0
89,50-54,new_vaccine,0.0,0.0,0.0,0.0
89,55-59,unvaccinated,3.84837628097877,6.4536811201050215,0.0,0.0
89,55-59,old_vaccine,0.0,0.0,0.0,0.0
89,55-59,new_vaccine,0.0,0.0,0.0,0.0
89,60-64,unvaccinated,3.6386810797320512,6.974238309665076,0.0,0.0
89,60-64,old_vaccine,0.0,0.0,0.0,0.0
89,60-64,new_vaccine,0.0,0.0,0.0,0.0
89,65-69,unvaccinated,4.029888335921976,3.6386810797320512,0.0,0.0
89,65-69,old_vaccine,0.0,0.0,0.0,0.0
89,65-69,new_vaccine,0.0,0.0,0.0,0.0
89,70-74,unvaccinated,3.655133376499413,3.5284557528754705,1.2649110640673515,0.0
89,70-74,old_vaccine,0.0,0.0,0.0,0.0
89,70-74,new_vaccine,0.0,0.0,0.0,0.0
89,75+,unvaccinated,6.152235366108809,6.415605972938178,1.2206555615733703,0.0
89,75+,old_vaccine,0.0,0.0,0.0,0.0
89,75+,new_vaccine,0.0,0.0,0.0,0.0
90,0-4,unvaccinated,0.916515138991168,7.989993742175266,0.0,0.0
90,0-4,old_vaccine,0.0,0.0,0.0,0.0
90,0-4,new_vaccine,0.0,0.0,0.0,0.0
90,5-9,unvaccinated,0.3,8.114185110040317,0.0,0.0
90,5-9,old_vaccine,0.0,0.0,0.0,0.0
90,5-9,new_vaccine,0.0,0.0,0.0,0.0
90,10-14,unvaccinated,0.0,9.137286249209886,0.0,0.0
90,10-14,old_vaccine,0.0,0.0,0.0,0.0
90,10-14,new_vaccine,0.0,0.0,0.0,0.0
90,15-19,unvaccinated,0.0,9.15641851380768,0.0,0.0
90,15-19,old_vaccine,0.0,0.0,0.0,0.0
90,15-19,new_vaccine,0.0,0.0,0.0,0.0
90,20-24,unvaccinated,0.8306623862918074,5.7758116312774614,0.0,0.0
90,20-24,old_vaccine,0.0,0.0,0.0,0.0
90,20-24,new_vaccine,0.0,0.0,0.0,0.0
90,25-29,unvaccinated,0.6403124237432849,9.385627309881855,0.0,0.0
90,25-29,old_vaccine,0.0,0.0,0.0,0.0
90,25-29,new_vaccine,0.0,0.0,0.0,0.0
90,30-34,unvaccinated,0.8000000000000003,7.777531742140305,0.0,0.0
90,30-34,old_vaccine,0.0,0.0,0.0,0.0
90,30-34,new_vaccine,0.0,0.0,0.0,0.0
90,35-39,unvaccinated,0.8717797887081346,11.280070921762855,0.0,0.0
90,35-39,old_vaccine,0.0,0.0,0.0,0.0
90,35-39,new_vaccine,0.0,0.0,0.0,0.0
90,40-44,unvaccinated,1.0440306508910548,9.50210502993942,0.0,0.0
90,40-44,old_vaccine,0.0,0.0,0.0,0.0
90,40-44,new_vaccine,0.0,0.0,0.0,0.0
90,45-49,unvaccinated,0.7810249675906655,8.930845424706442,0.0,0.0
90,45-49,old_vaccine,0.0,0.0,0.0,0.0
90,45-49,new_vaccine,0.0,0.0,0.0,0.0
90,50-54,unvaccinated,1.86815416922694,7.807688518377253,0.0,0.0
90,50-54,old_vaccine,0.0,0.0,0.0,0.0
90,50-54,new_vaccine,0.0,0.0,0.0,0.0
90,55-59,unvaccinated,3.572114219898349,6.7349832961930955,0.0,0.0
90,55-59,old_vaccine,0.0,0.0,0.0,0.0
90,55-59,new_vaccine,0.0,0.0,0.0,0.0
90,60-64,unvaccinated,3.9799497484264807,7.189575787207476,0.0,0.0
90,60-64,old_vaccine,0.0,0.0,0.0,0.0
90,60-64,new_vaccine,0.0,0.0,0.0,0.0
90,65-69,unvaccinated,4.200000000000001,3.6,0.0,0.0
90,65-69,old_vaccine,0.0,0.0,0.0,0.0
90,65-69,new_vaccine,0.0,0.0,0.0,0.0
90,70-74,unvaccinated,3.879432948254164,3.5552777669262348,1.2649110640673515,0.0
90,70-74,old_vaccine,0.0,0.0,0.0,0.0
90,70-74,new_vaccine,0.0,0.0,0.0,0.0
90,75+,unvaccinated,5.885575587824864,6.527633568147034,1.2206555615733703,0.0
90,75+,old_vaccine,0.0,0.0,0.0,0.0
90,75+,new_vaccine,0.0,0.0,0.0,0.0
91,0-4,unvaccinated,1.2041594578792296,8.136952746575341,0.0,0.0
91,0-4,old_vaccine,0.0,0.0,0.0,0.0
91,0-4,new_vaccine,0.0,0.0,0.0,0.0
91,5-9,unvaccinated,0.3,8.07465169527454,0.0,0.0
91,5-9,old_vaccine,0.0,0.0,0.0,0.0
91,5-9,new_vaccine,0.0,0.0,0.0,0.0
91,10-14,unvaccinated,0.0,8.930845424706446,0.0,0.0
91,10-14,old_vaccine,0.0,0.0,0.0,0.0
91,10-14,new_vaccine,0.0,0.0,0.0,0.0
91,15-19,unvaccinated,0.0,9.512623192369176,0.0,0.0
91,15-19,old_vaccine,0.0,0.0,0.0,0.0
91,15-19,new_vaccine,0.0,0.0,0.0,0.0
91,20-24,unvaccinated,0.8306623862918074,5.861740355901139,0.0,0.0
91,20-24,old_vaccine,0.0,0.0,0.0,0.0
91,20-24,new_vaccine,0.0,0.0,0.0,0.0
91,25-29,unvaccinated,0.7810249675906655,9.39201788754685,0.0,0.0
91,25-29,old_vaccine,0.0,0.0,0.0,0.0
91,25-29,new_vaccine,0.0,0.0,0.0,0.0
91,30-34,unvaccinated,0.8000000000000003,8.149233092751732,0.0,0.0
91,30-34,old_vaccine,0.0,0.0,0.0,0.0
91,30-34,new_vaccine,0.0,0.0,0.0,0.0
91,35-39,unvaccinated,0.8717797887081346,11.198660634200861,0.0,0.0
91,35-39,old_vaccine,0.0,0.0,0.0,0.0
91,35-39,new_vaccine,0.0,0.0,0.0,0.0
91,40-44,unvaccinated,1.0440306508910548,9.162968951164245,0.0,0.0
91,40-44,old_vaccine,0.0,0.0,0.0,0.0
91,40-44,new_vaccine,0.0,0.0,0.0,0.0
91,45-49,unvaccinated,0.7810249675906655,8.764131445842194,0.0,0.0
91,45-49,old_vaccine,0.0,0.0,0.0,0.0
91,45-49,new_vaccine,0.0,0.0,0.0,0.0
91,50-54,unvaccinated,1.8439088914585775,7.641989269817119,0.0,0.0
91,50-54,old_vaccine,0.0,0.0,0.0,0.0
91,50-54,new_vaccine,0.0,0.0,0.0,0.0
91,55-59,unvaccinated,3.6455452267116377,6.2481997407253225,0.0,0.0
91,55-59,old_vaccine,0.0,0.0,0.0,0.0
91,55-59,new_vaccine,0.0,0.0,0.0,0.0
91,60-64,unvaccinated,4.104875150354759,6.794115100585211,0.0,0.0
91,60-64,old_vaccine,0.0,0.0,0.0,0.0
91,60-64,new_vaccine,0.0,0.0,0.0,0.0
91,65-69,unvaccinated,4.177319714841085,3.6999999999999997,0.0,0.0
91,65-69,old_vaccine,0.0,0.0,0.0,0.0
91,65-69,new_vaccine,0.0,0.0,0.0,0.0
91,70-74,unvaccinated,3.994996871087635,3.4871191548325386,1.2649110640673515,0.0
91,70-74,old_vaccine,0.0,0.0,0.0,0.0
91,70-74,new_vaccine,0.0,0.0,0.0,0.0
91,75+,unvaccinated,6.273754856543247,6.232976816898968,1.2206555615733703,0.0
91,75+,old_vaccine,0.0,0.0,0.0,0.0
91,75+,new_vaccine,0.0,0.0,0.0,0.0
92,0-4,unvaccinated,1.2041594578792296,8.357631243360766,0.0,0.0
92,0-4,old_vaccine,0.0,0.0,0.0,0.0
92,0-4,new_vaccine,0.0,0.0,0.0,0.0
92,5-9,unvaccinated,0.3,7.772387020729219,0.0,0.0
92,5-9,old_vaccine,0.0,0.0,0.0,0.0
92,5-9,new_vaccine,0.0,0.0,0.0,0.0
92,10-14,unvaccinated,0.0,8.901685233707159,0.0,0.0
92,10-14,old_vaccine,0.0,0.0,0.0,0.0
92,10-14,new_vaccine,0.0,0.0,0.0,0.0
92,15-19,unvaccinated,0.0,9.596353474106714,0.0,0.0
92,15-19,old_vaccine,0.0,0.0,0.0,0.0
92,15-19,new_vaccine,0.0,0.0,0.0,0.0
92,20-24,unvaccinated,0.7745966692414834,6.139218191268331,0.0,0.0
92,20-24,old_vaccine,0.0,0.0,0.0,0.0
92,20-24,new_vaccine,0.0,0.0,0.0,0.0
92,25-29,unvaccinated,0.7810249675906655,9.284934033152846,0.0,0.0
92,25-29,old_vaccine,0.0,0.0,0.0,0.0
92,25-29,new_vaccine,0.0,0.0,0.0,0.0
92,30-34,unvaccinated,0.7810249675906652,7.799999999999998,0.0,0.0
92,30-34,old_vaccine,0.0,0.0,0.0,0.0
92,30-34,new_vaccine,0.0,0.0,0.0,0.0
92,35-39,unvaccinated,0.8717797887081346,11.019981851164726,0.0,0.0
92,35-39,old_vaccine,0.0,0.0,0.0,0.0
92,35-39,new_vaccine,0.0,0.0,0.0,0.0
92,40-44,unvaccinated,1.0440306508910548,8.829496021857645,0.0,0.0
92,40-44,old_vaccine,0.0,0.0,0.0,0.0
92,40-44,new_vaccine,0.0,0.0,0.0,0.0
92,45-49,unvaccinated,0.66332495807108,8.37197706638044,0.0,0.0
92,45-49,old_vaccine,0.0,0.0,0.0,0.0
92,45-49,new_vaccine,0.0,0.0,0.0,0.0
92,50-54,unvaccinated,1.8330302779823353,7.820485918406862,0.0,0.0
92,50-54,old_vaccine,0.0,0.0,0.0,0.0
92,50-54,new_vaccine,0.0,0.0,0.0,0.0
92,55-59,unvaccinated,3.70944739819828,6.069596362197408,0.0,0.0
92,55-59,old_vaccine,0.0,0.0,0.0,0.0
92,55-59,new_vaccine,0.0,0.0,0.0,0.0
92,60-64,unvaccinated,4.001249804748512,6.624952830020753,0.0,0.0
92,60-64,old_vaccine,0.0,0.0,0.0,0.0
92,60-64,new_vaccine,0.0,0.0,0.0,0.0
92,65-69,unvaccinated,4.267317658670374,3.9862262855989496,0.0,0.0
92,65-69,old_vaccine,0.0,0.0,0.0,0.0
92,65-69,new_vaccine,0.0,0.0,0.0,0.0
92,70-74,unvaccinated,3.8065732621348554,3.458323293158116,1.2649110640673515,0.0
92,70-74,old_vaccine,0.0,0.0,0.0,0.0
92,70-74,new_vaccine,0.0,0.0,0.0,0.0
92,75+,unvaccinated,6.670082458260916,6.1652250567193425,1.1661903789690597,0.0
92,75+,old_vaccine,0.0,0.0,0.0,0.0
92,75+,new_vaccine,0.0,0.0,0.0,0.0
93,0-4,unvaccinated,1.2041594578792296,8.025584090893323,0.0,0.0
93,0-4,old_vaccine,0.0,0.0,0.0,0.0
93,0-4,new_vaccine,0.0,0.0,0.0,0.0
93,5-9,unvaccinated,0.3,7.5259550888907105,0.0,0.0
93,5-9,old_vaccine,0.0,0.0,0.0,0.0
93,5-9,new_vaccine,0.0,0.0,0.0,0.0
93,10-14,unvaccinated,0.0,8.83232698670062,0.0,0.0
93,10-14,old_vaccine,0.0,0.0,0.0,0.0
93,10-14,new_vaccine,0.0,0.0,0.0,0.0
93,15-19,unvaccinated,0.0,9.695359714832659,0.0,0.0
93,15-19,old_vaccine,0.0,0.0,0.0,0.0
93,15-19,new_vaccine,0.0,0.0,0.0,0.0
93,20-24,unvaccinated,0.7745966692414834,6.618912297349167,0.0,0.0
93,20-24,old_vaccine,0.0,0.0,0.0,0.0
93,20-24,new_vaccine,0.0,0.0,0.0,0.0
93,25-29,unvaccinated,0.8717797887081346,8.518215775618739,0.0,0.0
93,25-29,old_vaccine,0.0,0.0,0.0,0.0
93,25-29,new_vaccine,0.0,0.0,0.0,0.0
93,30-34,unvaccinated,0.8000000000000003,7.565712127751097,0.0,0.0
93,30-34,old_vaccine,0.0,0.0,0.0,0.0
93,30-34,new_vaccine,0.0,0.0,0.0,0.0
93,35-39,unvaccinated,0.7810249675906655,10.74988372030135,0.0,0.0
93,35-39,old_vaccine,0.0,0.0,0.0,0.0
93,35-39,new_vaccine,0.0,0.0,0.0,0.0
93,40-44,unvaccinated,1.0,8.888194417315589,0.0,0.0
93,40-44,old_vaccine,0.0,0.0,0.0,0.0
93,40-44,new_vaccine,0.0,0.0,0.0,0.0
93,45-49,unvaccinated,0.66332495807108,8.37914076740569,0.0,0.0
93,45-49,old_vaccine,0.0,0.0,0.0,0.0
93,45-49,new_vaccine,0.0,0.0,0.0,0.0
93,50-54,unvaccinated,1.7349351572897478,8.0,0.0,0.0
93,50-54,old_vaccine,0.0,0.0,0.0,0.0
93,50-54,new_vaccine,0.0,0.0,0.0,0.0
93,55-59,unvaccinated,3.4058772731852804,6.554387843269574,0.0,0.0
93,55-59,old_vaccine,0.0,0.0,0.0,0.0
93,55-59,new_vaccine,0.0,0.0,0.0,0.0
93,60-64,unvaccinated,4.199999999999999,6.564297372910522,0.0,0.0
93,60-64,old_vaccine,0.0,0.0,0.0,0.0
93,60-64,new_vaccine,0.0,0.0,0.0,0.0
93,65-69,unvaccinated,4.42718872423573,3.9799497484264807,0.0,0.0
93,65-69,old_vaccine,0.0,0.0,0.0,0.0
93,65-69,new_vaccine,0.0,0.0,0.0,0.0
93,70-74,unvaccinated,4.011234224026316,3.2572994949804666,1.2649110640673515,0.0
93,70-74,old_vaccine,0.0,0.0,0.0,0.0
93,70-74,new_vaccine,0.0,0.0,0.0,0.0
93,75+,unvaccinated,6.609841147864296,6.280923498976882,1.1661903789690597,0.0
93,75+,old_vaccine,0.0,0.0,0.0,0.0
93,75+,new_vaccine,0.0,0.0,0.0,0.0
94,0-4,unvaccinated,1.2041594578792296,7.810249675906654,0.0,0.0
94,0-4,old_vaccine,0.0,0.0,0.0,0.0
94,0-4,new_vaccine,0.0,0.0,0.0,0.0
94,5-9,unvaccinated,0.3,7.359347797189639,0.0,0.0
94,5-9,old_vaccine,0.0,0.0,0.0,0.0
94,5-9,new_vaccine,0.0,0.0,0.0,0.0
94,10-14,unvaccinated,0.0,8.706893820416097,0.0,0.0
94,10-14,old_vaccine,0.0,0.0,0.0,0.0
94,10-14,new_vaccine,0.0,0.0,0.0,0.0
94,15-19,unvaccinated,0.0,8.822698000045113,0.0,0.0
94,15-19,old_vaccine,0.0,0.0,0.0,0.0
94,15-19,new_vaccine,0.0,0.0,0.0,0.0
94,20-24,unvaccinated,0.7745966692414834,6.711184694225008,0.0,0.0
94,20-24,old_vaccine,0.0,0.0,0.0,0.0
94,20-24,new_vaccine,0.0,0.0,0.0,0.0
94,25-29,unvaccinated,0.8717797887081346,8.829496021857642,0.0,0.0
94,25-29,old_vaccine,0.0,0.0,0.0,0.0
94,25-29,new_vaccine,0.0,0.0,0.0,0.0
94,30-34,unvaccinated,0.8000000000000003,7.391887445030533,0.0,0.0
94,30-34,old_vaccine,0.0,0.0,0.0,0.0
94,30-34,new_vaccine,0.0,0.0,0.0,0.0
94,35-39,unvaccinated,0.6708203932499369,10.761040841851685,0.0,0.0
94,35-39,old_vaccine,0.0,0.0,0.0,0.0
94,35-39,new_vaccine,0.0,0.0,0.0,0.0
94,40-44,unvaccinated,0.9797958971132712,8.466994744299777,0.0,0.0
94,40-44,old_vaccine,0.0,0.0,0.0,0.0
94,40-44,new_vaccine,0.0,0.0,0.0,0.0
94,45-49,unvaccinated,0.66332495807108,8.139410298049853,0.0,0.0
94,45-49,old_vaccine,0.0,0.0,0.0,0.0
94,45-49,new_vaccine,0.0,0.0,0.0,0.0
94,50-54,unvaccinated,1.7349351572897478,8.649277426467485,0.0,0.0
94,50-54,old_vaccine,0.0,0.0,0.0,0.0
94,50-54,new_vaccine,0.0,0.0,0.0,0.0
94,55-59,unvaccinated,3.435112807463533,6.099999999999999,0.0,0.0
94,55-59,old_vaccine,0.0,0.0,0.0,0.0
94,55-59,new_vaccine,0.0,0.0,0.0,0.0
94,60-64,unvaccinated,4.363484845854286,6.066300355241242,0.0,0.0
94,60-64,old_vaccine,0.0,0.0,0.0,0.0
94,60-64,new_vaccine,0.0,0.0,0.0,0.0
94,65-69,unvaccinated,4.6690470119715,4.1182520563948,0.0,0.0
94,65-69,old_vaccine,0.0,0.0,0.0,0.0
94,65-69,new_vaccine,0.0,0.0,0.0,0.0
94,70-74,unvaccinated,4.019950248448357,3.1368774282716236,1.2649110640673515,0.0
94,70-74,old_vaccine,0.0,0.0,0.0,0.0
94,70-74,new_vaccine,0.0,0.0,0.0,0.0
94,75+,unvaccinated,6.905794668247818,6.086049621881175,1.1661903789690597,0.0
94,75+,old_vaccine,0.0,0.0,0.0,0.0
94,75+,new_vaccine,0.0,0.0,0.0,0.0
95,0-4,unvaccinated,1.2041594578792296,8.246211251235321,0.0,0.0
95,0-4,old_vaccine,0.0,0.0,0.0,0.0
95,0-4,new_vaccine,0.0,0.0,0.0,0.0
95,5-9,unvaccinated,0.3,7.0349129347846215,0.0,0.0
95,5-9,old_vaccine,0.0,0.0,0.0,0.0
95,5-9,new_vaccine,0.0,0.0,0.0,0.0
95,10-14,unvaccinated,0.0,8.41665016500033,0.0,0.0
95,10-14,old_vaccine,0.0,0.0,0.0,0.0
95,10-14,new_vaccine,0.0,0.0,0.0,0.0
95,15-19,unvaccinated,0.0,8.834025130143111,0.0,0.0
95,15-19,old_vaccine,0.0,0.0,0.0,0.0
95,15-19,new_vaccine,0.0,0.0,0.0,0.0
95,20-24,unvaccinated,0.7745966692414834,6.920260110718382,0.0,0.0
95,20-24,old_vaccine,0.0,0.0,0.0,0.0
95,20-24,new_vaccine,0.0,0.0,0.0,0.0
95,25-29,unvaccinated,0.8717797887081346,9.000555538409836,0.0,0.0
95,25-29,old_vaccine,0.0,0.0,0.0,0.0
95,25-29,new_vaccine,0.0,0.0,0.0,0.0
95,30-34,unvaccinated,0.670820393249937,7.124605252222752,0.0,0.0
95,30-34,old_vaccine,0.0,0.0,0.0,0.0
95,30-34,new_vaccine,0.0,0.0,0.0,0.0
95,35-39,unvaccinated,0.6708203932499369,10.060318086422516,0.0,0.0
95,35-39,old_vaccine,0.0,0.0,0.0,0.0
95,35-39,new_vaccine,0.0,0.0,0.0,0.0
95,40-44,unvaccinated,0.9797958971132712,8.178630692236935,0.0,0.0
95,40-44,old_vaccine,0.0,0.0,0.0,0.0
95,40-44,new_vaccine,0.0,0.0,0.0,0.0
95,45-49,unvaccinated,0.6708203932499369,8.17557337438788,0.0,0.0
95,45-49,old_vaccine,0.0,0.0,0.0,0.0
95,45-49,new_vaccine,0.0,0.0,0.0,0.0
95,50-54,unvaccinated,1.9621416870348587,8.919641248391102,0.0,0.0
95,50-54,old_vaccine,0.0,0.0,0.0,0.0
95,50-54,new_vaccine,0.0,0.0,0.0,0.0
95,55-59,unvaccinated,3.3778691508109078,6.236184731067547,0.0,0.0
95,55-59,old_vaccine,0.0,0.0,0.0,0.0
95,55-59,new_vaccine,0.0,0.0,0.0,0.0
95,60-64,unvaccinated,4.272001872658765,5.838664230798,0.0,0.0
95,60-64,old_vaccine,0.0,0.0,0.0,0.0
95,60-64,new_vaccine,0.0,0.0,0.0,0.0
95,65-69,unvaccinated,4.9,4.085339643163099,0.0,0.0
95,65-69,old_vaccine,0.0,0.0,0.0,0.0
95,65-69,new_vaccine,0.0,0.0,0.0,0.0
95,70-74,unvaccinated,4.075536774462966,3.0724582991474434,1.2649110640673515,0.0
95,70-74,old_vaccine,0.0,0.0,0.0,0.0
95,70-74,new_vaccine,0.0,0.0,0.0,0.0
95,75+,unvaccinated,6.858571279792898,6.122907805936654,1.1661903789690597,0.0
95,75+,old_vaccine,0.0,0.0,0.0,0.0
95,75+,new_vaccine,0.0,0.0,0.0,0.0
96,0-4,unvaccinated,0.916515138991168,7.8255990186055415,0.0,0.0
96,0-4,old_vaccine,0.0,0.0,0.0,0.0
96,0-4,new_vaccine,0.0,0.0,0.0,0.0
96,5-9,unvaccinated,0.3,7.365459931328117,0.0,0.0
96,5-9,old_vaccine,0.0,0.0,0.0,0.0
96,5-9,new_vaccine,0.0,0.0,0.0,0.0
96,10-14,unvaccinated,0.0,8.692525524840292,0.0,0.0
96,10-14,old_vaccine,0.0,0.0,0.0,0.0
96,10-14,new_vaccine,0.0,0.0,0.0,0.0
96,15-19,unvaccinated,0.0,8.494704232638123,0.0,0.0
96,15-19,old_vaccine,0.0,0.0,0.0,0.0
96,15-19,new_vaccine,0.0,0.0,0.0,0.0
96,20-24,unvaccinated,0.7,7.416872656315463,0.0,0.0
96,20-24,old_vaccine,0.0,0.0,0.0,0.0
96,20-24,new_vaccine,0.0,0.0,0.0,0.0
96,25-29,unvaccinated,1.0440306508910548,9.286549412995123,0.0,0.0
96,25-29,old_vaccine,0.0,0.0,0.0,0.0
96,25-29,new_vaccine,0.0,0.0,0.0,0.0
96,30-34,unvaccinated,0.670820393249937,7.263607918933952,0.0,0.0
96,30-34,old_vaccine,0.0,0.0,0.0,0.0
96,30-34,new_vaccine,0.0,0.0,0.0,0.0
96,35-39,unvaccinated,0.6708203932499369,10.182828683622251,0.0,0.0
96,35-39,old_vaccine,0.0,0.0,0.0,0.0
96,35-39,new_vaccine,0.0,0.0,0.0,0.0
96,40-44,unvaccinated,0.8306623862918073,8.694826047713665,0.0,0.0
96,40-44,old_vaccine,0.0,0.0,0.0,0.0
96,40-44,new_vaccine,0.0,0.0,0.0,0.0
96,45-49,unvaccinated,0.4898979485566356,7.934733769950948,0.0,0.0
96,45-49,old_vaccine,0.0,0.0,0.0,0.0
96,45-49,new_vaccine,0.0,0.0,0.0,0.0
96,50-54,unvaccinated,1.9595917942265424,8.845903006477066,0.0,0.0
96,50-54,old_vaccine,0.0,0.0,0.0,0.0
96,50-54,new_vaccine,0.0,0.0,0.0,0.0
96,55-59,unvaccinated,3.5284557528754705,6.542170893518452,0.0,0.0
96,55-59,old_vaccine,0.0,0.0,0.0,0.0
96,55-59,new_vaccine,0.0,0.0,0.0,0.0
96,60-64,unvaccinated,4.079215610874228,5.787054518492115,0.0,0.0
96,60-64,old_vaccine,0.0,0.0,0.0,0.0
96,60-64,new_vaccine,0.0,0.0,0.0,0.0
96,65-69,unvaccinated,4.812483766206387,3.8522720568516453,0.0,0.0
96,65-69,old_vaccine,0.0,0.0,0.0,0.0
96,65-69,new_vaccine,0.0,0.0,0.0,0.0
96,70-74,unvaccinated,4.2708313008125245,3.3481338085566414,1.2649110640673515,0.0
96,70-74,old_vaccine,0.0,0.0,0.0,0.0
96,70-74,new_vaccine,0.0,0.0,0.0,0.0
96,75+,unvaccinated,6.808817812219682,6.122907805936654,1.1661903789690597,0.0
96,75+,old_vaccine,0.0,0.0,0.0,0.0
96,75+,new_vaccine,0.0,0.0,0.0,0.0
97,0-4,unvaccinated,0.916515138991168,8.148619514985343,0.0,0.0
97,0-4,old_vaccine,0.0,0.0,0.0,0.0
97,0-4,new_vaccine,0.0,0.0,0.0,0.0
97,5-9,unvaccinated,0.4,7.386474125047755,0.0,0.0
97,5-9,old_vaccine,0.0,0.0,0.0,0.0
97,5-9,new_vaccine,0.0,0.0,0.0,0.0
97,10-14,unvaccinated,0.0,8.665448632355972,0.0,0.0
97,10-14,old_vaccine,0.0,0.0,0.0,0.0
97,10-14,new_vaccine,0.0,0.0,0.0,0.0
97,15-19,unvaccinated,0.0,8.197560612767678,0.0,0.0
97,15-19,old_vaccine,0.0,0.0,0.0,0.0
97,15-19,new_vaccine,0.0,0.0,0.0,0.0
97,20-24,unvaccinated,0.7,7.332121111929341,0.0,0.0
97,20-24,old_vaccine,0.0,0.0,0.0,0.0
97,20-24,new_vaccine,0.0,0.0,0.0,0.0
97,25-29,unvaccinated,1.0440306508910548,8.77724330299668,0.0,0.0
97,25-29,old_vaccine,0.0,0.0,0.0,0.0
97,25-29,new_vaccine,0.0,0.0,0.0,0.0
97,30-34,unvaccinated,0.48989794855663604,6.870225614927066,0.0,0.0
97,30-34,old_vaccine,0.0,0.0,0.0,0.0
97,30-34,new_vaccine,0.0,0.0,0.0,0.0
97,35-39,unvaccinated,0.6708203932499369,9.970456358662828,0.0,0.0
97,35-39,old_vaccine,0.0,0.0,0.0,0.0
97,35-39,new_vaccine,0.0,0.0,0.0,0.0
97,40-44,unvaccinated,0.8306623862918073,8.915716460273956,0.0,0.0
97,40-44,old_vaccine,0.0,0.0,0.0,0.0
97,40-44,new_vaccine,0.0,0.0,0.0,0.0
97,45-49,unvaccinated,0.5,8.485870609430714,0.0,0.0
97,45-49,old_vaccine,0.0,0.0,0.0,0.0
97,45-49,new_vaccine,0.0,0.0,0.0,0.0
97,50-54,unvaccinated,1.8466185312619392,8.55336191213724,0.0,0.0
97,50-54,old_vaccine,0.0,0.0,0.0,0.0
97,50-54,new_vaccine,0.0,0.0,0.0,0.0
97,55-59,unvaccinated,3.769615364994152,6.2617888817813085,0.0,0.0
97,55-59,old_vaccine,0.0,0.0,0.0,0.0
97,55-59,new_vaccine,0.0,0.0,0.0,0.0
97,60-64,unvaccinated,4.317406628984581,5.886425061104576,0.0,0.0
97,60-64,old_vaccine,0.0,0.0,0.0,0.0
97,60-64,new_vaccine,0.0,0.0,0.0,0.0
97,65-69,unvaccinated,4.733920151417849,4.054626986542659,0.0,0.0
97,65-69,old_vaccine,0.0,0.0,0.0,0.0
97,65-69,new_vaccine,0.0,0.0,0.0,0.0
97,70-74,unvaccinated,4.200000000000001,3.4985711369071812,1.2649110640673515,0.0
97,70-74,old_vaccine,0.0,0.0,0.0,0.0
97,70-74,new_vaccine,0.0,0.0,0.0,0.0
97,75+,unvaccinated,6.988562083862459,5.899152481501051,1.1661903789690597,0.0
97,75+,old_vaccine,0.0,0.0,0.0,0.0
97,75+,new_vaccine,0.0,0.0,0.0,0.0
98,0-4,unvaccinated,1.019803902718557,7.619055059520178,0.0,0.0
98,0-4,old_vaccine,0.0,0.0,0.0,0.0
98,0-4,new_vaccine,0.0,0.0,0.0,0.0
98,5-9,unvaccinated,0.4,7.077428911688199,0.0,0.0
98,5-9,old_vaccine,0.0,0.0,0.0,0.0
98,5-9,new_vaccine,0.0,0.0,0.0,0.0
98,10-14,unvaccinated,0.0,8.630758946929294,0.0,0.0
98,10-14,old_vaccine,0.0,0.0,0.0,0.0
98,10-14,new_vaccine,0.0,0.0,0.0,0.0
98,15-19,unvaccinated,0.0,8.030566605165538,0.0,0.0
98,15-19,old_vaccine,0.0,0.0,0.0,0.0
98,15-19,new_vaccine,0.0,0.0,0.0,0.0
98,20-24,unvaccinated,0.7745966692414834,7.042726744663603,0.0,0.0
98,20-24,old_vaccine,0.0,0.0,0.0,0.0
98,20-24,new_vaccine,0.0,0.0,0.0,0.0
98,25-29,unvaccinated,0.8717797887081346,8.843641783790204,0.0,0.0
98,25-29,old_vaccine,0.0,0.0,0.0,0.0
98,25-29,new_vaccine,0.0,0.0,0.0,0.0
98,30-34,unvaccinated,0.48989794855663604,6.87386354243376,0.0,0.0
98,30-34,old_vaccine,0.0,0.0,0.0,0.0
98,30-34,new_vaccine,0.0,0.0,0.0,0.0
98,35-39,unvaccinated,0.6708203932499369,10.067770358922573,0.0,0.0
98,35-39,old_vaccine,0.0,0.0,0.0,0.0
98,35-39,new_vaccine,0.0,0.0,0.0,0.0
98,40-44,unvaccinated,0.8306623862918074,8.68562030024339,0.0,0.0
98,40-44,old_vaccine,0.0,0.0,0.0,0.0
98,40-44,new_vaccine,0.0,0.0,0.0,0.0
98,45-49,unvaccinated,0.5,8.464041587799533,0.0,0.0
98,45-49,old_vaccine,0.0,0.0,0.0,0.0
98,45-49,new_vaccine,0.0,0.0,0.0,0.0
98,50-54,unvaccinated,1.9519221295943137,8.114185110040316,0.0,0.0
98,50-54,old_vaccine,0.0,0.0,0.0,0.0
98,50-54,new_vaccine,0.0,0.0,0.0,0.0
98,55-59,unvaccinated,3.687817782917154,6.415605972938178,0.0,0.0
98,55-59,old_vaccine,0.0,0.0,0.0,0.0
98,55-59,new_vaccine,0.0,0.0,0.0,0.0
98,60-64,unvaccinated,4.459820624195552,6.183849933496121,0.0,0.0
98,60-64,old_vaccine,0.0,0.0,0.0,0.0
98,60-64,new_vaccine,0.0,0.0,0.0,0.0
98,65-69,unvaccinated,4.2614551505325045,4.05585995813465,0.0,0.0
98,65-69,old_vaccine,0.0,0.0,0.0,0.0
98,65-69,new_vaccine,0.0,0.0,0.0,0.0
98,70-74,unvaccinated,4.050925820105818,3.4942810419312296,1.374772708486752,0.0
98,70-74,old_vaccine,0.0,0.0,0.0,0.0
98,70-74,new_vaccine,0.0,0.0,0.0,0.0
98,75+,unvaccinated,6.800735254367722,6.16522505671934,1.1661903789690597,0.0
98,75+,old_vaccine,0.0,0.0,0.0,0.0
98,75+,new_vaccine,0.0,0.0,0.0,0.0
99,0-4,unvaccinated,1.1874342087037917,7.6609398901179215,0.0,0.0
99,0-4,old_vaccine,0.0,0.0,0.0,0.0
99,0-4,new_vaccine,0.0,0.0,0.0,0.0
99,5-9,unvaccinated,0.4,7.1274118724821856,0.0,0.0
99,5-9,old_vaccine,0.0,0.0,0.0,0.0
99,5-9,new_vaccine,0.0,0.0,0.0,0.0
99,10-14,unvaccinated,0.0,7.797435475847172,0.0,0.0
99,10-14,old_vaccine,0.0,0.0,0.0,0.0
99,10-14,new_vaccine,0.0,0.0,0.0,0.0
99,15-19,unvaccinated,0.0,8.555699854482974,0.0,0.0
99,15-19,old_vaccine,0.0,0.0,0.0,0.0
99,15-19,new_vaccine,0.0,0.0,0.0,0.0
99,20-24,unvaccinated,0.7745966692414834,6.954135460285485,0.0,0.0
99,20-24,old_vaccine,0.0,0.0,0.0,0.0
99,20-24,new_vaccine,0.0,0.0,0.0,0.0
99,25-29,unvaccinated,0.7810249675906655,9.17877987534291,0.0,0.0
99,25-29,old_vaccine,0.0,0.0,0.0,0.0
99,25-29,new_vaccine,0.0,0.0,0.0,0.0
99,30-34,unvaccinated,0.48989794855663604,7.172865536171718,0.0,0.0
99,30-34,old_vaccine,0.0,0.0,0.0,0.0
99,30-34,new_vaccine,0.0,0.0,0.0,0.0
99,35-39,unvaccinated,0.8,10.473299384625646,0.0,0.0
99,35-39,old_vaccine,0.0,0.0,0.0,0.0
99,35-39,new_vaccine,0.0,0.0,0.0,0.0
99,40-44,unvaccinated,0.8306623862918074,8.993886812718959,0.0,0.0
99,40-44,old_vaccine,0.0,0.0,0.0,0.0
99,40-44,new_vaccine,0.0,0.0,0.0,0.0
99,45-49,unvaccinated,0.5,8.462269199216012,0.0,0.0
99,45-49,old_vaccine,0.0,0.0,0.0,0.0
99,45-49,new_vaccine,0.0,0.0,0.0,0.0
99,50-54,unvaccinated,1.7776388834631174,7.605261336732616,0.0,0.0
99,50-54,old_vaccine,0.0,0.0,0.0,0.0
99,50-54,new_vaccine,0.0,0.0,0.0,0.0
99,55-59,unvaccinated,3.534119409414459,6.315853069855252,0.0,0.0
99,55-59,old_vaccine,0.0,0.0,0.0,0.0
99,55-59,new_vaccine,0.0,0.0,0.0,0.0
99,60-64,unvaccinated,4.428317965096905,6.59090282131363,0.0,0.0
99,60-64,old_vaccine,0.0,0.0,0.0,0.0
99,60-64,new_vaccine,0.0,0.0,0.0,0.0
99,65-69,unvaccinated,4.354308211415447,4.104875150354759,0.0,0.0
99,65-69,old_vaccine,0.0,0.0,0.0,0.0
99,65-69,new_vaccine,0.0,0.0,0.0,0.0
99,70-74,unvaccinated,4.054626986542659,3.515679166249389,1.374772708486752,0.0
99,70-74,old_vaccine,0.0,0.0,0.0,0.0
99,70-74,new_vaccine,0.0,0.0,0.0,0.0
99,75+,unvaccinated,6.209669878504011,6.020797289396148,1.1661903789690597,0.0
99,75+,old_vaccine,0.0,0.0,0.0,0.0
99,75+,new_vaccine,0.0,0.0,0.0,0.0
