t,ages,vacc_status,symptomatic,asymptomatic,hospitalised,dead
0,0-4,unvaccinated,0.0,0.0,0.0,0.0
0,0-4,old_vaccine,0.0,0.0,0.0,0.0
0,0-4,new_vaccine,0.0,0.0,0.0,0.0
0,5-9,unvaccinated,0.0,0.0,0.0,0.0
0,5-9,old_vaccine,0.0,0.0,0.0,0.0
0,5-9,new_vaccine,0.0,0.0,0.0,0.0
0,10-14,unvaccinated,0.0,0.0,0.0,0.0
0,10-14,old_vaccine,0.0,0.0,0.0,0.0
0,10-14,new_vaccine,0.0,0.0,0.0,0.0
0,15-19,unvaccinated,0.0,0.0,0.0,0.0
0,15-19,old_vaccine,0.0,0.0,0.0,0.0
0,15-19,new_vaccine,0.0,0.0,0.0,0.0
0,20-24,unvaccinated,0.0,0.0,0.0,0.0
0,20-24,old_vaccine,0.0,0.0,0.0,0.0
0,20-24,new_vaccine,0.0,0.0,0.0,0.0
0,25-29,unvaccinated,0.0,0.0,0.0,0.0
0,25-29,old_vaccine,0.0,0.0,0.0,0.0
0,25-29,new_vaccine,0.0,0.0,0.0,0.0
0,30-34,unvaccinated,0.0,0.0,0.0,0.0
0,30-34,old_vaccine,0.0,0.0,0.0,0.0
0,30-34,new_vaccine,0.0,0.0,0.0,0.0
0,35-39,unvaccinated,0.0,0.0,0.0,0.0
0,35-39,old_vaccine,0.0,0.0,0.0,0.0
0,35-39,new_vaccine,0.0,0.0,0.0,0.0
0,40-44,unvaccinated,0.0,0.0,0.0,0.0
0,40-44,old_vaccine,0.0,0.0,0.0,0.0
0,40-44,new_vaccine,0.0,0.0,0.0,0.0
0,45-49,unvaccinated,0.0,0.0,0.0,0.0
0,45-49,old_vaccine,0.0,0.0,0.0,0.0
0,45-49,new_vaccine,0.0,0.0,0.0,0.0
0,50-54,unvaccinated,0.0,0.0,0.0,0.0
0,50-54,old_vaccine,0.0,0.0,0.0,0.0
0,50-54,new_vaccine,0.0,0.0,0.0,0.0
0,55-59,unvaccinated,0.0,0.0,0.0,0.0
0,55-59,old_vaccine,0.0,0.0,0.0,0.0
0,55-59,new_vaccine,0.0,0.0,0.0,0.0
0,60-64,unvaccinated,0.0,0.0,0.0,0.0
0,60-64,old_vaccine,0.0,0.0,0.0,0.0
0,60-64,new_vaccine,0.0,0.0,0.0,0.0
0,65-69,unvaccinated,0.0,0.0,0.0,0.0
0,65-69,old_vaccine,0.0,0.0,0.0,0.0
0,65-69,new_vaccine,0.0,0.0,0.0,0.0
0,70-74,unvaccinated,0.0,0.0,0.0,0.0
0,70-74,old_vaccine,0.0,0.0,0.0,0.0
0,70-74,new_vaccine,0.0,0.0,0.0,0.0
0,75+,unvaccinated,0.0,0.0,0.0,0.0
0,75+,old_vaccine,0.0,0.0,0.0,0.0
0,75+,new_vaccine,0.0,0.0,0.0,0.0
1,0-4,unvaccinated,1.3,8.6,0.0,0.0
1,0-4,old_vaccine,0.0,0.0,0.0,0.0
1,0-4,new_vaccine,0.0,0.0,0.0,0.0
1,5-9,unvaccinated,0.0,12.4,0.0,0.0
1,5-9,old_vaccine,0.0,0.0,0.0,0.0
1,5-9,new_vaccine,0.0,0.0,0.0,0.0
1,10-14,unvaccinated,0.3,13.1,0.0,0.0
1,10-14,old_vaccine,0.0,0.0,0.0,0.0
1,10-14,new_vaccine,0.0,0.0,0.0,0.0
1,15-19,unvaccinated,0.0,11.9,0.0,0.0
1,15-19,old_vaccine,0.0,0.0,0.0,0.0
1,15-19,new_vaccine,0.0,0.0,0.0,0.0
1,20-24,unvaccinated,0.9,13.5,0.0,0.0
1,20-24,old_vaccine,0.0,0.0,0.0,0.0
1,20-24,new_vaccine,0.0,0.0,0.0,0.0
1,25-29,unvaccinated,1.6,15.9,0.0,0.0
1,25-29,old_vaccine,0.0,0.0,0.0,0.0
1,25-29,new_vaccine,0.0,0.0,0.0,0.0
1,30-34,unvaccinated,0.7,12.9,0.0,0.0
1,30-34,old_vaccine,0.0,0.0,0.0,0.0
1,30-34,new_vaccine,0.0,0.0,0.0,0.0
1,35-39,unvaccinated,0.7,18.5,0.0,0.0
1,35-39,old_vaccine,0.0,0.0,0.0,0.0
1,35-39,new_vaccine,0.0,0.0,0.0,0.0
1,40-44,unvaccinated,1.7,8.1,0.0,0.0
1,40-44,old_vaccine,0.0,0.0,0.0,0.0
1,40-44,new_vaccine,0.0,0.0,0.0,0.0
1,45-49,unvaccinated,0.0,12.8,0.0,0.0
1,45-49,old_vaccine,0.0,0.0,0.0,0.0
1,45-49,new_vaccine,0.0,0.0,0.0,0.0
1,50-54,unvaccinated,2.6,12.7,0.0,0.0
1,50-54,old_vaccine,0.0,0.0,0.0,0.0
1,50-54,new_vaccine,0.0,0.0,0.0,0.0
1,55-59,unvaccinated,2.3,14.1,0.0,0.0
1,55-59,old_vaccine,0.0,0.0,0.0,0.0
1,55-59,new_vaccine,0.0,0.0,0.0,0.0
1,60-64,unvaccinated,4.1,10.7,0.1,0.0
1,60-64,old_vaccine,0.0,0.0,0.0,0.0
1,60-64,new_vaccine,0.0,0.0,0.0,0.0
1,65-69,unvaccinated,3.3,4.2,0.0,0.0
1,65-69,old_vaccine,0.0,0.0,0.0,0.0
1,65-69,new_vaccine,0.0,0.0,0.0,0.0
1,70-74,unvaccinated,6.6,2.8,0.0,0.0
1,70-74,old_vaccine,0.0,0.0,0.0,0.0
1,70-74,new_vaccine,0.0,0.0,0.0,0.0
1,75+,unvaccinated,10.5,6.7,0.0,0.0
1,75+,old_vaccine,0.0,0.0,0.0,0.0
1,75+,new_vaccine,0.0,0.0,0.0,0.0
2,0-4,unvaccinated,1.3,8.6,0.0,0.0
2,0-4,old_vaccine,0.0,0.0,0.0,0.0
2,0-4,new_vaccine,0.0,0.0,0.0,0.0
2,5-9,unvaccinated,0.0,12.4,0.0,0.0
2,5-9,old_vaccine,0.0,0.0,0.0,0.0
2,5-9,new_vaccine,0.0,0.0,0.0,0.0
2,10-14,unvaccinated,0.3,13.1,0.0,0.0
2,10-14,old_vaccine,0.0,0.0,0.0,0.0
2,10-14,new_vaccine,0.0,0.0,0.0,0.0
2,15-19,unvaccinated,0.0,11.9,0.0,0.0
2,15-19,old_vaccine,0.0,0.0,0.0,0.0
2,15-19,new_vaccine,0.0,0.0,0.0,0.0
2,20-24,unvaccinated,0.9,13.5,0.0,0.0
2,20-24,old_vaccine,0.0,0.0,0.0,0.0
2,20-24,new_vaccine,0.0,0.0,0.0,0.0
2,25-29,unvaccinated,1.6,15.9,0.0,0.0
2,25-29,old_vaccine,0.0,0.0,0.0,0.0
2,25-29,new_vaccine,0.0,0.0,0.0,0.0
2,30-34,unvaccinated,0.7,12.9,0.0,0.0
2,30-34,old_vaccine,0.0,0.0,0.0,0.0
2,30-34,new_vaccine,0.0,0.0,0.0,0.0
2,35-39,unvaccinated,0.7,18.5,0.0,0.0
2,35-39,old_vaccine,0.0,0.0,0.0,0.0
2,35-39,new_vaccine,0.0,0.0,0.0,0.0
2,40-44,unvaccinated,1.7,8.1,0.0,0.0
2,40-44,old_vaccine,0.0,0.0,0.0,0.0
2,40-44,new_vaccine,0.0,0.0,0.0,0.0
2,45-49,unvaccinated,0.0,12.8,0.0,0.0
2,45-49,old_vaccine,0.0,0.0,0.0,0.0
2,45-49,new_vaccine,0.0,0.0,0.0,0.0
2,50-54,unvaccinated,2.6,12.7,0.0,0.0
2,50-54,old_vaccine,0.0,0.0,0.0,0.0
2,50-54,new_vaccine,0.0,0.0,0.0,0.0
2,55-59,unvaccinated,2.3,14.1,0.0,0.0
2,55-59,old_vaccine,0.0,0.0,0.0,0.0
2,55-59,new_vaccine,0.0,0.0,0.0,0.0
2,60-64,unvaccinated,4.1,10.7,0.1,0.0
2,60-64,old_vaccine,0.0,0.0,0.0,0.0
2,60-64,new_vaccine,0.0,0.0,0.0,0.0
2,65-69,unvaccinated,3.3,4.2,0.0,0.0
2,65-69,old_vaccine,0.0,0.0,0.0,0.0
2,65-69,new_vaccine,0.0,0.0,0.0,0.0
2,70-74,unvaccinated,6.6,2.8,0.0,0.0
2,70-74,old_vaccine,0.0,0.0,0.0,0.0
2,70-74,new_vaccine,0.0,0.0,0.0,0.0
2,75+,unvaccinated,10.5,6.7,0.0,0.0
2,75+,old_vaccine,0.0,0.0,0.0,0.0
2,75+,new_vaccine,0.0,0.0,0.0,0.0
3,0-4,unvaccinated,1.3,8.7,0.0,0.0
3,0-4,old_vaccine,0.0,0.0,0.0,0.0
3,0-4,new_vaccine,0.0,0.0,0.0,0.0
3,5-9,unvaccinated,0.0,12.6,0.0,0.0
3,5-9,old_vaccine,0.0,0.0,0.0,0.0
3,5-9,new_vaccine,0.0,0.0,0.0,0.0
3,10-14,unvaccinated,0.3,13.2,0.0,0.0
3,10-14,old_vaccine,0.0,0.0,0.0,0.0
3,10-14,new_vaccine,0.0,0.0,0.0,0.0
3,15-19,unvaccinated,0.0,12.0,0.0,0.0
3,15-19,old_vaccine,0.0,0.0,0.0,0.0
3,15-19,new_vaccine,0.0,0.0,0.0,0.0
3,20-24,unvaccinated,1.0,13.7,0.0,0.0
3,20-24,old_vaccine,0.0,0.0,0.0,0.0
3,20-24,new_vaccine,0.0,0.0,0.0,0.0
3,25-29,unvaccinated,1.6,16.4,0.0,0.0
3,25-29,old_vaccine,0.0,0.0,0.0,0.0
3,25-29,new_vaccine,0.0,0.0,0.0,0.0
3,30-34,unvaccinated,0.7,13.4,0.0,0.0
3,30-34,old_vaccine,0.0,0.0,0.0,0.0
3,30-34,new_vaccine,0.0,0.0,0.0,0.0
3,35-39,unvaccinated,0.7,18.5,0.0,0.0
3,35-39,old_vaccine,0.0,0.0,0.0,0.0
3,35-39,new_vaccine,0.0,0.0,0.0,0.0
3,40-44,unvaccinated,1.7,8.2,0.0,0.0
3,40-44,old_vaccine,0.0,0.0,0.0,0.0
3,40-44,new_vaccine,0.0,0.0,0.0,0.0
3,45-49,unvaccinated,0.0,12.9,0.0,0.0
3,45-49,old_vaccine,0.0,0.0,0.0,0.0
3,45-49,new_vaccine,0.0,0.0,0.0,0.0
3,50-54,unvaccinated,2.6,12.8,0.0,0.0
3,50-54,old_vaccine,0.0,0.0,0.0,0.0
3,50-54,new_vaccine,0.0,0.0,0.0,0.0
3,55-59,unvaccinated,2.3,14.2,0.0,0.0
3,55-59,old_vaccine,0.0,0.0,0.0,0.0
3,55-59,new_vaccine,0.0,0.0,0.0,0.0
3,60-64,unvaccinated,4.1,10.7,0.1,0.0
3,60-64,old_vaccine,0.0,0.0,0.0,0.0
3,60-64,new_vaccine,0.0,0.0,0.0,0.0
3,65-69,unvaccinated,3.3,4.3,0.0,0.0
3,65-69,old_vaccine,0.0,0.0,0.0,0.0
3,65-69,new_vaccine,0.0,0.0,0.0,0.0
3,70-74,unvaccinated,6.7,2.9,0.0,0.0
3,70-74,old_vaccine,0.0,0.0,0.0,0.0
3,70-74,new_vaccine,0.0,0.0,0.0,0.0
3,75+,unvaccinated,10.6,6.7,0.1,0.0
3,75+,old_vaccine,0.0,0.0,0.0,0.0
3,75+,new_vaccine,0.0,0.0,0.0,0.0
4,0-4,unvaccinated,1.3,9.4,0.0,0.0
4,0-4,old_vaccine,0.0,0.0,0.0,0.0
4,0-4,new_vaccine,0.0,0.0,0.0,0.0
4,5-9,unvaccinated,0.0,13.1,0.0,0.0
4,5-9,old_vaccine,0.0,0.0,0.0,0.0
4,5-9,new_vaccine,0.0,0.0,0.0,0.0
4,10-14,unvaccinated,0.4,13.9,0.0,0.0
4,10-14,old_vaccine,0.0,0.0,0.0,0.0
4,10-14,new_vaccine,0.0,0.0,0.0,0.0
4,15-19,unvaccinated,0.1,12.2,0.0,0.0
4,15-19,old_vaccine,0.0,0.0,0.0,0.0
4,15-19,new_vaccine,0.0,0.0,0.0,0.0
4,20-24,unvaccinated,1.1,14.1,0.0,0.0
4,20-24,old_vaccine,0.0,0.0,0.0,0.0
4,20-24,new_vaccine,0.0,0.0,0.0,0.0
4,25-29,unvaccinated,1.6,17.0,0.0,0.0
4,25-29,old_vaccine,0.0,0.0,0.0,0.0
4,25-29,new_vaccine,0.0,0.0,0.0,0.0
4,30-34,unvaccinated,0.8,14.0,0.0,0.0
4,30-34,old_vaccine,0.0,0.0,0.0,0.0
4,30-34,new_vaccine,0.0,0.0,0.0,0.0
4,35-39,unvaccinated,0.7,19.0,0.0,0.0
4,35-39,old_vaccine,0.0,0.0,0.0,0.0
4,35-39,new_vaccine,0.0,0.0,0.0,0.0
4,40-44,unvaccinated,1.8,8.8,0.0,0.0
4,40-44,old_vaccine,0.0,0.0,0.0,0.0
4,40-44,new_vaccine,0.0,0.0,0.0,0.0
4,45-49,unvaccinated,0.0,13.9,0.0,0.0
4,45-49,old_vaccine,0.0,0.0,0.0,0.0
4,45-49,new_vaccine,0.0,0.0,0.0,0.0
4,50-54,unvaccinated,2.7,13.2,0.0,0.0
4,50-54,old_vaccine,0.0,0.0,0.0,0.0
4,50-54,new_vaccine,0.0,0.0,0.0,0.0
4,55-59,unvaccinated,2.4,14.6,0.0,0.0
4,55-59,old_vaccine,0.0,0.0,0.0,0.0
4,55-59,new_vaccine,0.0,0.0,0.0,0.0
4,60-64,unvaccinated,4.5,10.9,0.1,0.0
4,60-64,old_vaccine,0.0,0.0,0.0,0.0
4,60-64,new_vaccine,0.0,0.0,0.0,0.0
4,65-69,unvaccinated,3.5,5.0,0.0,0.0
4,65-69,old_vaccine,0.0,0.0,0.0,0.0
4,65-69,new_vaccine,0.0,0.0,0.0,0.0
4,70-74,unvaccinated,7.3,3.4,0.0,0.0
4,70-74,old_vaccine,0.0,0.0,0.0,0.0
4,70-74,new_vaccine,0.0,0.0,0.0,0.0
4,75+,unvaccinated,11.5,6.8,0.1,0.0
4,75+,old_vaccine,0.0,0.0,0.0,0.0
4,75+,new_vaccine,0.0,0.0,0.0,0.0
5,0-4,unvaccinated,1.4,10.6,0.0,0.0
5,0-4,old_vaccine,0.0,0.0,0.0,0.0
5,0-4,new_vaccine,0.0,0.0,0.0,0.0
5,5-9,unvaccinated,0.0,14.5,0.0,0.0
5,5-9,old_vaccine,0.0,0.0,0.0,0.0
5,5-9,new_vaccine,0.0,0.0,0.0,0.0
5,10-14,unvaccinated,0.4,14.8,0.0,0.0
5,10-14,old_vaccine,0.0,0.0,0.0,0.0
5,10-14,new_vaccine,0.0,0.0,0.0,0.0
5,15-19,unvaccinated,0.1,13.4,0.0,0.0
5,15-19,old_vaccine,0.0,0.0,0.0,0.0
5,15-19,new_vaccine,0.0,0.0,0.0,0.0
5,20-24,unvaccinated,1.2,15.4,0.0,0.0
5,20-24,old_vaccine,0.0,0.0,0.0,0.0
5,20-24,new_vaccine,0.0,0.0,0.0,0.0
5,25-29,unvaccinated,1.7,18.8,0.0,0.0
5,25-29,old_vaccine,0.0,0.0,0.0,0.0
5,25-29,new_vaccine,0.0,0.0,0.0,0.0
5,30-34,unvaccinated,0.9,15.3,0.0,0.0
5,30-34,old_vaccine,0.0,0.0,0.0,0.0
5,30-34,new_vaccine,0.0,0.0,0.0,0.0
5,35-39,unvaccinated,0.9,20.7,0.0,0.0
5,35-39,old_vaccine,0.0,0.0,0.0,0.0
5,35-39,new_vaccine,0.0,0.0,0.0,0.0
5,40-44,unvaccinated,1.9,9.6,0.0,0.0
5,40-44,old_vaccine,0.0,0.0,0.0,0.0
5,40-44,new_vaccine,0.0,0.0,0.0,0.0
5,45-49,unvaccinated,0.0,14.8,0.0,0.0
5,45-49,old_vaccine,0.0,0.0,0.0,0.0
5,45-49,new_vaccine,0.0,0.0,0.0,0.0
5,50-54,unvaccinated,3.1,14.8,0.0,0.0
5,50-54,old_vaccine,0.0,0.0,0.0,0.0
5,50-54,new_vaccine,0.0,0.0,0.0,0.0
5,55-59,unvaccinated,2.9,16.0,0.0,0.0
5,55-59,old_vaccine,0.0,0.0,0.0,0.0
5,55-59,new_vaccine,0.0,0.0,0.0,0.0
5,60-64,unvaccinated,4.8,11.7,0.1,0.0
5,60-64,old_vaccine,0.0,0.0,0.0,0.0
5,60-64,new_vaccine,0.0,0.0,0.0,0.0
5,65-69,unvaccinated,4.3,5.3,0.0,0.0
5,65-69,old_vaccine,0.0,0.0,0.0,0.0
5,65-69,new_vaccine,0.0,0.0,0.0,0.0
5,70-74,unvaccinated,7.7,3.9,0.0,0.0
5,70-74,old_vaccine,0.0,0.0,0.0,0.0
5,70-74,new_vaccine,0.0,0.0,0.0,0.0
5,75+,unvaccinated,12.2,7.6,0.1,0.0
5,75+,old_vaccine,0.0,0.0,0.0,0.0
5,75+,new_vaccine,0.0,0.0,0.0,0.0
6,0-4,unvaccinated,1.4,12.3,0.1,0.0
6,0-4,old_vaccine,0.0,0.0,0.0,0.0
6,0-4,new_vaccine,0.0,0.0,0.0,0.0
6,5-9,unvaccinated,0.0,16.4,0.0,0.0
6,5-9,old_vaccine,0.0,0.0,0.0,0.0
6,5-9,new_vaccine,0.0,0.0,0.0,0.0
6,10-14,unvaccinated,0.5,16.0,0.0,0.0
6,10-14,old_vaccine,0.0,0.0,0.0,0.0
6,10-14,new_vaccine,0.0,0.0,0.0,0.0
6,15-19,unvaccinated,0.2,14.5,0.0,0.0
6,15-19,old_vaccine,0.0,0.0,0.0,0.0
6,15-19,new_vaccine,0.0,0.0,0.0,0.0
6,20-24,unvaccinated,1.3,16.9,0.0,0.0
6,20-24,old_vaccine,0.0,0.0,0.0,0.0
6,20-24,new_vaccine,0.0,0.0,0.0,0.0
6,25-29,unvaccinated,2.1,20.1,0.0,0.0
6,25-29,old_vaccine,0.0,0.0,0.0,0.0
6,25-29,new_vaccine,0.0,0.0,0.0,0.0
6,30-34,unvaccinated,1.0,16.5,0.0,0.0
6,30-34,old_vaccine,0.0,0.0,0.0,0.0
6,30-34,new_vaccine,0.0,0.0,0.0,0.0
6,35-39,unvaccinated,0.9,22.3,0.0,0.0
6,35-39,old_vaccine,0.0,0.0,0.0,0.0
6,35-39,new_vaccine,0.0,0.0,0.0,0.0
6,40-44,unvaccinated,2.0,11.3,0.0,0.0
6,40-44,old_vaccine,0.0,0.0,0.0,0.0
6,40-44,new_vaccine,0.0,0.0,0.0,0.0
6,45-49,unvaccinated,0.2,15.8,0.0,0.0
6,45-49,old_vaccine,0.0,0.0,0.0,0.0
6,45-49,new_vaccine,0.0,0.0,0.0,0.0
6,50-54,unvaccinated,3.4,15.8,0.0,0.0
6,50-54,old_vaccine,0.0,0.0,0.0,0.0
6,50-54,new_vaccine,0.0,0.0,0.0,0.0
6,55-59,unvaccinated,2.9,17.4,0.0,0.0
6,55-59,old_vaccine,0.0,0.0,0.0,0.0
6,55-59,new_vaccine,0.0,0.0,0.0,0.0
6,60-64,unvaccinated,5.2,13.0,0.1,0.0
6,60-64,old_vaccine,0.0,0.0,0.0,0.0
6,60-64,new_vaccine,0.0,0.0,0.0,0.0
6,65-69,unvaccinated,4.8,6.2,0.0,0.0
6,65-69,old_vaccine,0.0,0.0,0.0,0.0
6,65-69,new_vaccine,0.0,0.0,0.0,0.0
6,70-74,unvaccinated,8.3,4.2,0.1,0.0
6,70-74,old_vaccine,0.0,0.0,0.0,0.0
6,70-74,new_vaccine,0.0,0.0,0.0,0.0
6,75+,unvaccinated,13.4,8.0,0.1,0.0
6,75+,old_vaccine,0.0,0.0,0.0,0.0
6,75+,new_vaccine,0.0,0.0,0.0,0.0
7,0-4,unvaccinated,1.4,13.2,0.1,0.0
7,0-4,old_vaccine,0.0,0.0,0.0,0.0
7,0-4,new_vaccine,0.0,0.0,0.0,0.0
7,5-9,unvaccinated,0.0,17.4,0.0,0.0
7,5-9,old_vaccine,0.0,0.0,0.0,0.0
7,5-9,new_vaccine,0.0,0.0,0.0,0.0
7,10-14,unvaccinated,0.5,17.6,0.0,0.0
7,10-14,old_vaccine,0.0,0.0,0.0,0.0
7,10-14,new_vaccine,0.0,0.0,0.0,0.0
7,15-19,unvaccinated,0.2,15.5,0.0,0.0
7,15-19,old_vaccine,0.0,0.0,0.0,0.0
7,15-19,new_vaccine,0.0,0.0,0.0,0.0
7,20-24,unvaccinated,1.3,18.0,0.0,0.0
7,20-24,old_vaccine,0.0,0.0,0.0,0.0
7,20-24,new_vaccine,0.0,0.0,0.0,0.0
7,25-29,unvaccinated,2.2,20.6,0.0,0.0
7,25-29,old_vaccine,0.0,0.0,0.0,0.0
7,25-29,new_vaccine,0.0,0.0,0.0,0.0
7,30-34,unvaccinated,1.0,17.5,0.0,0.0
7,30-34,old_vaccine,0.0,0.0,0.0,0.0
7,30-34,new_vaccine,0.0,0.0,0.0,0.0
7,35-39,unvaccinated,1.0,23.1,0.0,0.0
7,35-39,old_vaccine,0.0,0.0,0.0,0.0
7,35-39,new_vaccine,0.0,0.0,0.0,0.0
7,40-44,unvaccinated,2.0,12.0,0.0,0.0
7,40-44,old_vaccine,0.0,0.0,0.0,0.0
7,40-44,new_vaccine,0.0,0.0,0.0,0.0
7,45-49,unvaccinated,0.4,16.7,0.0,0.0
7,45-49,old_vaccine,0.0,0.0,0.0,0.0
7,45-49,new_vaccine,0.0,0.0,0.0,0.0
7,50-54,unvaccinated,3.5,16.6,0.0,0.0
7,50-54,old_vaccine,0.0,0.0,0.0,0.0
7,50-54,new_vaccine,0.0,0.0,0.0,0.0
7,55-59,unvaccinated,3.3,18.3,0.0,0.0
7,55-59,old_vaccine,0.0,0.0,0.0,0.0
7,55-59,new_vaccine,0.0,0.0,0.0,0.0
7,60-64,unvaccinated,5.4,13.8,0.1,0.0
7,60-64,old_vaccine,0.0,0.0,0.0,0.0
7,60-64,new_vaccine,0.0,0.0,0.0,0.0
7,65-69,unvaccinated,5.0,6.6,0.0,0.0
7,65-69,old_vaccine,0.0,0.0,0.0,0.0
7,65-69,new_vaccine,0.0,0.0,0.0,0.0
7,70-74,unvaccinated,8.7,4.3,0.1,0.0
7,70-74,old_vaccine,0.0,0.0,0.0,0.0
7,70-74,new_vaccine,0.0,0.0,0.0,0.0
7,75+,unvaccinated,14.0,8.8,0.1,0.0
7,75+,old_vaccine,0.0,0.0,0.0,0.0
7,75+,new_vaccine,0.0,0.0,0.0,0.0
8,0-4,unvaccinated,1.4,13.6,0.1,0.0
8,0-4,old_vaccine,0.0,0.0,0.0,0.0
8,0-4,new_vaccine,0.0,0.0,0.0,0.0
8,5-9,unvaccinated,0.0,17.7,0.0,0.0
8,5-9,old_vaccine,0.0,0.0,0.0,0.0
8,5-9,new_vaccine,0.0,0.0,0.0,0.0
8,10-14,unvaccinated,0.5,18.0,0.0,0.0
8,10-14,old_vaccine,0.0,0.0,0.0,0.0
8,10-14,new_vaccine,0.0,0.0,0.0,0.0
8,15-19,unvaccinated,0.2,16.0,0.0,0.0
8,15-19,old_vaccine,0.0,0.0,0.0,0.0
8,15-19,new_vaccine,0.0,0.0,0.0,0.0
8,20-24,unvaccinated,1.3,18.3,0.0,0.0
8,20-24,old_vaccine,0.0,0.0,0.0,0.0
8,20-24,new_vaccine,0.0,0.0,0.0,0.0
8,25-29,unvaccinated,2.5,21.2,0.0,0.0
8,25-29,old_vaccine,0.0,0.0,0.0,0.0
8,25-29,new_vaccine,0.0,0.0,0.0,0.0
8,30-34,unvaccinated,1.0,18.1,0.0,0.0
8,30-34,old_vaccine,0.0,0.0,0.0,0.0
8,30-34,new_vaccine,0.0,0.0,0.0,0.0
8,35-39,unvaccinated,1.1,23.5,0.0,0.0
8,35-39,old_vaccine,0.0,0.0,0.0,0.0
8,35-39,new_vaccine,0.0,0.0,0.0,0.0
8,40-44,unvaccinated,2.1,12.7,0.0,0.0
8,40-44,old_vaccine,0.0,0.0,0.0,0.0
8,40-44,new_vaccine,0.0,0.0,0.0,0.0
8,45-49,unvaccinated,0.5,16.9,0.0,0.0
8,45-49,old_vaccine,0.0,0.0,0.0,0.0
8,45-49,new_vaccine,0.0,0.0,0.0,0.0
8,50-54,unvaccinated,3.8,17.1,0.0,0.0
8,50-54,old_vaccine,0.0,0.0,0.0,0.0
8,50-54,new_vaccine,0.0,0.0,0.0,0.0
8,55-59,unvaccinated,3.6,18.7,0.0,0.0
8,55-59,old_vaccine,0.0,0.0,0.0,0.0
8,55-59,new_vaccine,0.0,0.0,0.0,0.0
8,60-64,unvaccinated,5.6,14.2,0.2,0.0
8,60-64,old_vaccine,0.0,0.0,0.0,0.0
8,60-64,new_vaccine,0.0,0.0,0.0,0.0
8,65-69,unvaccinated,5.1,6.6,0.0,0.0
8,65-69,old_vaccine,0.0,0.0,0.0,0.0
8,65-69,new_vaccine,0.0,0.0,0.0,0.0
8,70-74,unvaccinated,8.9,4.3,0.1,0.0
8,70-74,old_vaccine,0.0,0.0,0.0,0.0
8,70-74,new_vaccine,0.0,0.0,0.0,0.0
8,75+,unvaccinated,14.4,9.0,0.1,0.0
8,75+,old_vaccine,0.0,0.0,0.0,0.0
8,75+,new_vaccine,0.0,0.0,0.0,0.0
9,0-4,unvaccinated,1.5,13.8,0.1,0.0
9,0-4,old_vaccine,0.0,0.0,0.0,0.0
9,0-4,new_vaccine,0.0,0.0,0.0,0.0
9,5-9,unvaccinated,0.0,17.9,0.0,0.0
9,5-9,old_vaccine,0.0,0.0,0.0,0.0
9,5-9,new_vaccine,0.0,0.0,0.0,0.0
9,10-14,unvaccinated,0.5,17.9,0.0,0.0
9,10-14,old_vaccine,0.0,0.0,0.0,0.0
9,10-14,new_vaccine,0.0,0.0,0.0,0.0
9,15-19,unvaccinated,0.2,16.4,0.0,0.0
9,15-19,old_vaccine,0.0,0.0,0.0,0.0
9,15-19,new_vaccine,0.0,0.0,0.0,0.0
9,20-24,unvaccinated,1.2,18.4,0.0,0.0
9,20-24,old_vaccine,0.0,0.0,0.0,0.0
9,20-24,new_vaccine,0.0,0.0,0.0,0.0
9,25-29,unvaccinated,2.6,21.2,0.0,0.0
9,25-29,old_vaccine,0.0,0.0,0.0,0.0
9,25-29,new_vaccine,0.0,0.0,0.0,0.0
9,30-34,unvaccinated,1.0,18.0,0.0,0.0
9,30-34,old_vaccine,0.0,0.0,0.0,0.0
9,30-34,new_vaccine,0.0,0.0,0.0,0.0
9,35-39,unvaccinated,1.1,24.0,0.0,0.0
9,35-39,old_vaccine,0.0,0.0,0.0,0.0
9,35-39,new_vaccine,0.0,0.0,0.0,0.0
9,40-44,unvaccinated,2.1,12.7,0.0,0.0
9,40-44,old_vaccine,0.0,0.0,0.0,0.0
9,40-44,new_vaccine,0.0,0.0,0.0,0.0
9,45-49,unvaccinated,0.5,16.8,0.0,0.0
9,45-49,old_vaccine,0.0,0.0,0.0,0.0
9,45-49,new_vaccine,0.0,0.0,0.0,0.0
9,50-54,unvaccinated,3.9,17.4,0.0,0.0
9,50-54,old_vaccine,0.0,0.0,0.0,0.0
9,50-54,new_vaccine,0.0,0.0,0.0,0.0
9,55-59,unvaccinated,3.8,19.1,0.0,0.0
9,55-59,old_vaccine,0.0,0.0,0.0,0.0
9,55-59,new_vaccine,0.0,0.0,0.0,0.0
9,60-64,unvaccinated,5.4,14.4,0.2,0.0
9,60-64,old_vaccine,0.0,0.0,0.0,0.0
9,60-64,new_vaccine,0.0,0.0,0.0,0.0
9,65-69,unvaccinated,5.3,6.6,0.0,0.0
9,65-69,old_vaccine,0.0,0.0,0.0,0.0
9,65-69,new_vaccine,0.0,0.0,0.0,0.0
9,70-74,unvaccinated,9.0,4.4,0.1,0.0
9,70-74,old_vaccine,0.0,0.0,0.0,0.0
9,70-74,new_vaccine,0.0,0.0,0.0,0.0
9,75+,unvaccinated,14.7,9.2,0.0,0.0
9,75+,old_vaccine,0.0,0.0,0.0,0.0
9,75+,new_vaccine,0.0,0.0,0.0,0.0
10,0-4,unvaccinated,1.4,13.5,0.1,0.0
10,0-4,old_vaccine,0.0,0.0,0.0,0.0
10,0-4,new_vaccine,0.0,0.0,0.0,0.0
10,5-9,unvaccinated,0.0,17.5,0.0,0.0
10,5-9,old_vaccine,0.0,0.0,0.0,0.0
10,5-9,new_vaccine,0.0,0.0,0.0,0.0
10,10-14,unvaccinated,0.5,18.0,0.0,0.0
10,10-14,old_vaccine,0.0,0.0,0.0,0.0
10,10-14,new_vaccine,0.0,0.0,0.0,0.0
10,15-19,unvaccinated,0.1,16.2,0.0,0.0
10,15-19,old_vaccine,0.0,0.0,0.0,0.0
10,15-19,new_vaccine,0.0,0.0,0.0,0.0
10,20-24,unvaccinated,1.1,17.9,0.0,0.0
10,20-24,old_vaccine,0.0,0.0,0.0,0.0
10,20-24,new_vaccine,0.0,0.0,0.0,0.0
10,25-29,unvaccinated,2.6,20.8,0.0,0.0
10,25-29,old_vaccine,0.0,0.0,0.0,0.0
10,25-29,new_vaccine,0.0,0.0,0.0,0.0
10,30-34,unvaccinated,1.0,17.8,0.0,0.0
10,30-34,old_vaccine,0.0,0.0,0.0,0.0
10,30-34,new_vaccine,0.0,0.0,0.0,0.0
10,35-39,unvaccinated,1.1,23.9,0.0,0.0
10,35-39,old_vaccine,0.0,0.0,0.0,0.0
10,35-39,new_vaccine,0.0,0.0,0.0,0.0
10,40-44,unvaccinated,2.1,12.5,0.0,0.0
10,40-44,old_vaccine,0.0,0.0,0.0,0.0
10,40-44,new_vaccine,0.0,0.0,0.0,0.0
10,45-49,unvaccinated,0.5,16.6,0.0,0.0
10,45-49,old_vaccine,0.0,0.0,0.0,0.0
10,45-49,new_vaccine,0.0,0.0,0.0,0.0
10,50-54,unvaccinated,3.8,17.1,0.0,0.0
10,50-54,old_vaccine,0.0,0.0,0.0,0.0
10,50-54,new_vaccine,0.0,0.0,0.0,0.0
10,55-59,unvaccinated,3.8,19.1,0.0,0.0
10,55-59,old_vaccine,0.0,0.0,0.0,0.0
10,55-59,new_vaccine,0.0,0.0,0.0,0.0
10,60-64,unvaccinated,5.5,14.5,0.2,0.0
10,60-64,old_vaccine,0.0,0.0,0.0,0.0
10,60-64,new_vaccine,0.0,0.0,0.0,0.0
10,65-69,unvaccinated,5.4,6.3,0.0,0.0
10,65-69,old_vaccine,0.0,0.0,0.0,0.0
10,65-69,new_vaccine,0.0,0.0,0.0,0.0
10,70-74,unvaccinated,8.9,4.1,0.1,0.0
10,70-74,old_vaccine,0.0,0.0,0.0,0.0
10,70-74,new_vaccine,0.0,0.0,0.0,0.0
10,75+,unvaccinated,14.1,9.2,0.0,0.0
10,75+,old_vaccine,0.0,0.0,0.0,0.0
10,75+,new_vaccine,0.0,0.0,0.0,0.0
11,0-4,unvaccinated,1.4,12.5,0.1,0.0
11,0-4,old_vaccine,0.0,0.0,0.0,0.0
11,0-4,new_vaccine,0.0,0.0,0.0,0.0
11,5-9,unvaccinated,0.0,16.5,0.0,0.0
11,5-9,old_vaccine,0.0,0.0,0.0,0.0
11,5-9,new_vaccine,0.0,0.0,0.0,0.0
11,10-14,unvaccinated,0.5,17.6,0.0,0.0
11,10-14,old_vaccine,0.0,0.0,0.0,0.0
11,10-14,new_vaccine,0.0,0.0,0.0,0.0
11,15-19,unvaccinated,0.1,15.8,0.0,0.0
11,15-19,old_vaccine,0.0,0.0,0.0,0.0
11,15-19,new_vaccine,0.0,0.0,0.0,0.0
11,20-24,unvaccinated,1.1,17.4,0.0,0.0
11,20-24,old_vaccine,0.0,0.0,0.0,0.0
11,20-24,new_vaccine,0.0,0.0,0.0,0.0
11,25-29,unvaccinated,2.5,19.5,0.0,0.0
11,25-29,old_vaccine,0.0,0.0,0.0,0.0
11,25-29,new_vaccine,0.0,0.0,0.0,0.0
11,30-34,unvaccinated,0.9,17.4,0.0,0.0
11,30-34,old_vaccine,0.0,0.0,0.0,0.0
11,30-34,new_vaccine,0.0,0.0,0.0,0.0
11,35-39,unvaccinated,1.1,23.0,0.0,0.0
11,35-39,old_vaccine,0.0,0.0,0.0,0.0
11,35-39,new_vaccine,0.0,0.0,0.0,0.0
11,40-44,unvaccinated,2.1,12.2,0.0,0.0
11,40-44,old_vaccine,0.0,0.0,0.0,0.0
11,40-44,new_vaccine,0.0,0.0,0.0,0.0
11,45-49,unvaccinated,0.5,16.1,0.0,0.0
11,45-49,old_vaccine,0.0,0.0,0.0,0.0
11,45-49,new_vaccine,0.0,0.0,0.0,0.0
11,50-54,unvaccinated,3.5,16.7,0.0,0.0
11,50-54,old_vaccine,0.0,0.0,0.0,0.0
11,50-54,new_vaccine,0.0,0.0,0.0,0.0
11,55-59,unvaccinated,3.7,18.5,0.0,0.0
11,55-59,old_vaccine,0.0,0.0,0.0,0.0
11,55-59,new_vaccine,0.0,0.0,0.0,0.0
11,60-64,unvaccinated,5.4,14.3,0.2,0.0
11,60-64,old_vaccine,0.0,0.0,0.0,0.0
11,60-64,new_vaccine,0.0,0.0,0.0,0.0
11,65-69,unvaccinated,4.9,5.8,0.0,0.0
11,65-69,old_vaccine,0.0,0.0,0.0,0.0
11,65-69,new_vaccine,0.0,0.0,0.0,0.0
11,70-74,unvaccinated,8.8,3.9,0.1,0.0
11,70-74,old_vaccine,0.0,0.0,0.0,0.0
11,70-74,new_vaccine,0.0,0.0,0.0,0.0
11,75+,unvaccinated,13.3,9.0,0.0,0.0
11,75+,old_vaccine,0.0,0.0,0.0,0.0
11,75+,new_vaccine,0.0,0.0,0.0,0.0
12,0-4,unvaccinated,1.4,11.5,0.1,0.0
12,0-4,old_vaccine,0.0,0.0,0.0,0.0
12,0-4,new_vaccine,0.0,0.0,0.0,0.0
12,5-9,unvaccinated,0.0,15.6,0.0,0.0
12,5-9,old_vaccine,0.0,0.0,0.0,0.0
12,5-9,new_vaccine,0.0,0.0,0.0,0.0
12,10-14,unvaccinated,0.4,17.2,0.0,0.0
12,10-14,old_vaccine,0.0,0.0,0.0,0.0
12,10-14,new_vaccine,0.0,0.0,0.0,0.0
12,15-19,unvaccinated,0.1,15.4,0.0,0.0
12,15-19,old_vaccine,0.0,0.0,0.0,0.0
12,15-19,new_vaccine,0.0,0.0,0.0,0.0
12,20-24,unvaccinated,1.0,17.0,0.0,0.0
12,20-24,old_vaccine,0.0,0.0,0.0,0.0
12,20-24,new_vaccine,0.0,0.0,0.0,0.0
12,25-29,unvaccinated,2.4,18.9,0.0,0.0
12,25-29,old_vaccine,0.0,0.0,0.0,0.0
12,25-29,new_vaccine,0.0,0.0,0.0,0.0
12,30-34,unvaccinated,0.9,16.6,0.0,0.0
12,30-34,old_vaccine,0.0,0.0,0.0,0.0
12,30-34,new_vaccine,0.0,0.0,0.0,0.0
12,35-39,unvaccinated,1.3,22.1,0.0,0.0
12,35-39,old_vaccine,0.0,0.0,0.0,0.0
12,35-39,new_vaccine,0.0,0.0,0.0,0.0
12,40-44,unvaccinated,2.0,11.4,0.0,0.0
12,40-44,old_vaccine,0.0,0.0,0.0,0.0
12,40-44,new_vaccine,0.0,0.0,0.0,0.0
12,45-49,unvaccinated,0.4,15.4,0.0,0.0
12,45-49,old_vaccine,0.0,0.0,0.0,0.0
12,45-49,new_vaccine,0.0,0.0,0.0,0.0
12,50-54,unvaccinated,3.4,16.3,0.0,0.0
12,50-54,old_vaccine,0.0,0.0,0.0,0.0
12,50-54,new_vaccine,0.0,0.0,0.0,0.0
12,55-59,unvaccinated,3.3,17.4,0.0,0.0
12,55-59,old_vaccine,0.0,0.0,0.0,0.0
12,55-59,new_vaccine,0.0,0.0,0.0,0.0
12,60-64,unvaccinated,5.1,13.3,0.2,0.0
12,60-64,old_vaccine,0.0,0.0,0.0,0.0
12,60-64,new_vaccine,0.0,0.0,0.0,0.0
12,65-69,unvaccinated,4.7,5.1,0.0,0.0
12,65-69,old_vaccine,0.0,0.0,0.0,0.0
12,65-69,new_vaccine,0.0,0.0,0.0,0.0
12,70-74,unvaccinated,8.4,3.5,0.1,0.0
12,70-74,old_vaccine,0.0,0.0,0.0,0.0
12,70-74,new_vaccine,0.0,0.0,0.0,0.0
12,75+,unvaccinated,12.7,8.4,0.0,0.0
12,75+,old_vaccine,0.0,0.0,0.0,0.0
12,75+,new_vaccine,0.0,0.0,0.0,0.0
13,0-4,unvaccinated,1.4,10.9,0.1,0.0
13,0-4,old_vaccine,0.0,0.0,0.0,0.0
13,0-4,new_vaccine,0.0,0.0,0.0,0.0
13,5-9,unvaccinated,0.0,14.8,0.0,0.0
13,5-9,old_vaccine,0.0,0.0,0.0,0.0
13,5-9,new_vaccine,0.0,0.0,0.0,0.0
13,10-14,unvaccinated,0.3,16.6,0.0,0.0
13,10-14,old_vaccine,0.0,0.0,0.0,0.0
13,10-14,new_vaccine,0.0,0.0,0.0,0.0
13,15-19,unvaccinated,0.1,14.0,0.0,0.0
13,15-19,old_vaccine,0.0,0.0,0.0,0.0
13,15-19,new_vaccine,0.0,0.0,0.0,0.0
13,20-24,unvaccinated,1.0,16.4,0.0,0.0
13,20-24,old_vaccine,0.0,0.0,0.0,0.0
13,20-24,new_vaccine,0.0,0.0,0.0,0.0
13,25-29,unvaccinated,2.2,18.4,0.0,0.0
13,25-29,old_vaccine,0.0,0.0,0.0,0.0
13,25-29,new_vaccine,0.0,0.0,0.0,0.0
13,30-34,unvaccinated,0.7,15.9,0.0,0.0
13,30-34,old_vaccine,0.0,0.0,0.0,0.0
13,30-34,new_vaccine,0.0,0.0,0.0,0.0
13,35-39,unvaccinated,1.2,21.4,0.0,0.0
13,35-39,old_vaccine,0.0,0.0,0.0,0.0
13,35-39,new_vaccine,0.0,0.0,0.0,0.0
13,40-44,unvaccinated,2.0,10.6,0.0,0.0
13,40-44,old_vaccine,0.0,0.0,0.0,0.0
13,40-44,new_vaccine,0.0,0.0,0.0,0.0
13,45-49,unvaccinated,0.4,15.1,0.0,0.0
13,45-49,old_vaccine,0.0,0.0,0.0,0.0
13,45-49,new_vaccine,0.0,0.0,0.0,0.0
13,50-54,unvaccinated,3.3,15.5,0.0,0.0
13,50-54,old_vaccine,0.0,0.0,0.0,0.0
13,50-54,new_vaccine,0.0,0.0,0.0,0.0
13,55-59,unvaccinated,3.0,16.2,0.0,0.0
13,55-59,old_vaccine,0.0,0.0,0.0,0.0
13,55-59,new_vaccine,0.0,0.0,0.0,0.0
13,60-64,unvaccinated,5.0,13.0,0.2,0.0
13,60-64,old_vaccine,0.0,0.0,0.0,0.0
13,60-64,new_vaccine,0.0,0.0,0.0,0.0
13,65-69,unvaccinated,4.7,5.0,0.0,0.0
13,65-69,old_vaccine,0.0,0.0,0.0,0.0
13,65-69,new_vaccine,0.0,0.0,0.0,0.0
13,70-74,unvaccinated,8.0,3.4,0.1,0.0
13,70-74,old_vaccine,0.0,0.0,0.0,0.0
13,70-74,new_vaccine,0.0,0.0,0.0,0.0
13,75+,unvaccinated,11.7,7.9,0.0,0.0
13,75+,old_vaccine,0.0,0.0,0.0,0.0
13,75+,new_vaccine,0.0,0.0,0.0,0.0
14,0-4,unvaccinated,1.4,10.3,0.0,0.0
14,0-4,old_vaccine,0.0,0.0,0.0,0.0
14,0-4,new_vaccine,0.0,0.0,0.0,0.0
14,5-9,unvaccinated,0.0,14.2,0.0,0.0
14,5-9,old_vaccine,0.0,0.0,0.0,0.0
14,5-9,new_vaccine,0.0,0.0,0.0,0.0
14,10-14,unvaccinated,0.3,15.4,0.0,0.0
14,10-14,old_vaccine,0.0,0.0,0.0,0.0
14,10-14,new_vaccine,0.0,0.0,0.0,0.0
14,15-19,unvaccinated,0.0,13.5,0.0,0.0
14,15-19,old_vaccine,0.0,0.0,0.0,0.0
14,15-19,new_vaccine,0.0,0.0,0.0,0.0
14,20-24,unvaccinated,1.0,15.6,0.0,0.0
14,20-24,old_vaccine,0.0,0.0,0.0,0.0
14,20-24,new_vaccine,0.0,0.0,0.0,0.0
14,25-29,unvaccinated,2.0,17.8,0.0,0.0
14,25-29,old_vaccine,0.0,0.0,0.0,0.0
14,25-29,new_vaccine,0.0,0.0,0.0,0.0
14,30-34,unvaccinated,0.7,16.1,0.0,0.0
14,30-34,old_vaccine,0.0,0.0,0.0,0.0
14,30-34,new_vaccine,0.0,0.0,0.0,0.0
14,35-39,unvaccinated,1.1,20.1,0.0,0.0
14,35-39,old_vaccine,0.0,0.0,0.0,0.0
14,35-39,new_vaccine,0.0,0.0,0.0,0.0
14,40-44,unvaccinated,1.9,10.2,0.0,0.0
14,40-44,old_vaccine,0.0,0.0,0.0,0.0
14,40-44,new_vaccine,0.0,0.0,0.0,0.0
14,45-49,unvaccinated,0.3,14.6,0.0,0.0
14,45-49,old_vaccine,0.0,0.0,0.0,0.0
14,45-49,new_vaccine,0.0,0.0,0.0,0.0
14,50-54,unvaccinated,3.1,15.1,0.0,0.0
14,50-54,old_vaccine,0.0,0.0,0.0,0.0
14,50-54,new_vaccine,0.0,0.0,0.0,0.0
14,55-59,unvaccinated,3.0,15.6,0.0,0.0
14,55-59,old_vaccine,0.0,0.0,0.0,0.0
14,55-59,new_vaccine,0.0,0.0,0.0,0.0
14,60-64,unvaccinated,5.0,12.1,0.2,0.0
14,60-64,old_vaccine,0.0,0.0,0.0,0.0
14,60-64,new_vaccine,0.0,0.0,0.0,0.0
14,65-69,unvaccinated,4.3,4.8,0.0,0.0
14,65-69,old_vaccine,0.0,0.0,0.0,0.0
14,65-69,new_vaccine,0.0,0.0,0.0,0.0
14,70-74,unvaccinated,7.8,3.3,0.0,0.0
14,70-74,old_vaccine,0.0,0.0,0.0,0.0
14,70-74,new_vaccine,0.0,0.0,0.0,0.0
14,75+,unvaccinated,11.5,7.6,0.0,0.0
14,75+,old_vaccine,0.0,0.0,0.0,0.0
14,75+,new_vaccine,0.0,0.0,0.0,0.0
15,0-4,unvaccinated,1.3,9.7,0.0,0.0
15,0-4,old_vaccine,0.0,0.0,0.0,0.0
15,0-4,new_vaccine,0.0,0.0,0.0,0.0
15,5-9,unvaccinated,0.0,13.6,0.0,0.0
15,5-9,old_vaccine,0.0,0.0,0.0,0.0
15,5-9,new_vaccine,0.0,0.0,0.0,0.0
15,10-14,unvaccinated,0.3,14.8,0.0,0.0
15,10-14,old_vaccine,0.0,0.0,0.0,0.0
15,10-14,new_vaccine,0.0,0.0,0.0,0.0
15,15-19,unvaccinated,0.0,12.8,0.0,0.0
15,15-19,old_vaccine,0.0,0.0,0.0,0.0
15,15-19,new_vaccine,0.0,0.0,0.0,0.0
15,20-24,unvaccinated,1.0,14.8,0.0,0.0
15,20-24,old_vaccine,0.0,0.0,0.0,0.0
15,20-24,new_vaccine,0.0,0.0,0.0,0.0
15,25-29,unvaccinated,2.0,17.6,0.0,0.0
15,25-29,old_vaccine,0.0,0.0,0.0,0.0
15,25-29,new_vaccine,0.0,0.0,0.0,0.0
15,30-34,unvaccinated,0.7,15.5,0.0,0.0
15,30-34,old_vaccine,0.0,0.0,0.0,0.0
15,30-34,new_vaccine,0.0,0.0,0.0,0.0
15,35-39,unvaccinated,1.1,19.9,0.0,0.0
15,35-39,old_vaccine,0.0,0.0,0.0,0.0
15,35-39,new_vaccine,0.0,0.0,0.0,0.0
15,40-44,unvaccinated,1.7,9.6,0.0,0.0
15,40-44,old_vaccine,0.0,0.0,0.0,0.0
15,40-44,new_vaccine,0.0,0.0,0.0,0.0
15,45-49,unvaccinated,0.2,15.0,0.0,0.0
15,45-49,old_vaccine,0.0,0.0,0.0,0.0
15,45-49,new_vaccine,0.0,0.0,0.0,0.0
15,50-54,unvaccinated,3.1,14.5,0.0,0.0
15,50-54,old_vaccine,0.0,0.0,0.0,0.0
15,50-54,new_vaccine,0.0,0.0,0.0,0.0
15,55-59,unvaccinated,2.6,15.3,0.0,0.0
15,55-59,old_vaccine,0.0,0.0,0.0,0.0
15,55-59,new_vaccine,0.0,0.0,0.0,0.0
15,60-64,unvaccinated,4.6,11.9,0.2,0.0
15,60-64,old_vaccine,0.0,0.0,0.0,0.0
15,60-64,new_vaccine,0.0,0.0,0.0,0.0
15,65-69,unvaccinated,4.0,4.6,0.0,0.0
15,65-69,old_vaccine,0.0,0.0,0.0,0.0
15,65-69,new_vaccine,0.0,0.0,0.0,0.0
15,70-74,unvaccinated,7.6,3.3,0.0,0.0
15,70-74,old_vaccine,0.0,0.0,0.0,0.0
15,70-74,new_vaccine,0.0,0.0,0.0,0.0
15,75+,unvaccinated,11.5,7.5,0.0,0.0
15,75+,old_vaccine,0.0,0.0,0.0,0.0
15,75+,new_vaccine,0.0,0.0,0.0,0.0
16,0-4,unvaccinated,1.5,10.2,0.0,0.0
16,0-4,old_vaccine,0.0,0.0,0.0,0.0
16,0-4,new_vaccine,0.0,0.0,0.0,0.0
16,5-9,unvaccinated,0.0,13.6,0.0,0.0
16,5-9,old_vaccine,0.0,0.0,0.0,0.0
16,5-9,new_vaccine,0.0,0.0,0.0,0.0
16,10-14,unvaccinated,0.3,14.4,0.0,0.0
16,10-14,old_vaccine,0.0,0.0,0.0,0.0
16,10-14,new_vaccine,0.0,0.0,0.0,0.0
16,15-19,unvaccinated,0.0,12.5,0.0,0.0
16,15-19,old_vaccine,0.0,0.0,0.0,0.0
16,15-19,new_vaccine,0.0,0.0,0.0,0.0
16,20-24,unvaccinated,1.0,14.6,0.0,0.0
16,20-24,old_vaccine,0.0,0.0,0.0,0.0
16,20-24,new_vaccine,0.0,0.0,0.0,0.0
16,25-29,unvaccinated,1.8,17.3,0.0,0.0
16,25-29,old_vaccine,0.0,0.0,0.0,0.0
16,25-29,new_vaccine,0.0,0.0,0.0,0.0
16,30-34,unvaccinated,0.8,15.6,0.0,0.0
16,30-34,old_vaccine,0.0,0.0,0.0,0.0
16,30-34,new_vaccine,0.0,0.0,0.0,0.0
16,35-39,unvaccinated,1.1,20.0,0.0,0.0
16,35-39,old_vaccine,0.0,0.0,0.0,0.0
16,35-39,new_vaccine,0.0,0.0,0.0,0.0
16,40-44,unvaccinated,1.8,9.6,0.0,0.0
16,40-44,old_vaccine,0.0,0.0,0.0,0.0
16,40-44,new_vaccine,0.0,0.0,0.0,0.0
16,45-49,unvaccinated,0.1,15.0,0.0,0.0
16,45-49,old_vaccine,0.0,0.0,0.0,0.0
16,45-49,new_vaccine,0.0,0.0,0.0,0.0
16,50-54,unvaccinated,2.8,14.9,0.0,0.0
16,50-54,old_vaccine,0.0,0.0,0.0,0.0
16,50-54,new_vaccine,0.0,0.0,0.0,0.0
16,55-59,unvaccinated,2.6,15.4,0.0,0.0
16,55-59,old_vaccine,0.0,0.0,0.0,0.0
16,55-59,new_vaccine,0.0,0.0,0.0,0.0
16,60-64,unvaccinated,4.5,11.9,0.2,0.0
16,60-64,old_vaccine,0.0,0.0,0.0,0.0
16,60-64,new_vaccine,0.0,0.0,0.0,0.0
16,65-69,unvaccinated,4.1,4.5,0.0,0.0
16,65-69,old_vaccine,0.0,0.0,0.0,0.0
16,65-69,new_vaccine,0.0,0.0,0.0,0.0
16,70-74,unvaccinated,7.6,3.1,0.0,0.0
16,70-74,old_vaccine,0.0,0.0,0.0,0.0
16,70-74,new_vaccine,0.0,0.0,0.0,0.0
16,75+,unvaccinated,11.9,7.6,0.0,0.0
16,75+,old_vaccine,0.0,0.0,0.0,0.0
16,75+,new_vaccine,0.0,0.0,0.0,0.0
17,0-4,unvaccinated,1.5,10.8,0.0,0.0
17,0-4,old_vaccine,0.0,0.0,0.0,0.0
17,0-4,new_vaccine,0.0,0.0,0.0,0.0
17,5-9,unvaccinated,0.0,14.4,0.0,0.0
17,5-9,old_vaccine,0.0,0.0,0.0,0.0
17,5-9,new_vaccine,0.0,0.0,0.0,0.0
17,10-14,unvaccinated,0.3,14.6,0.0,0.0
17,10-14,old_vaccine,0.0,0.0,0.0,0.0
17,10-14,new_vaccine,0.0,0.0,0.0,0.0
17,15-19,unvaccinated,0.0,12.8,0.0,0.0
17,15-19,old_vaccine,0.0,0.0,0.0,0.0
17,15-19,new_vaccine,0.0,0.0,0.0,0.0
17,20-24,unvaccinated,1.0,15.3,0.0,0.0
17,20-24,old_vaccine,0.0,0.0,0.0,0.0
17,20-24,new_vaccine,0.0,0.0,0.0,0.0
17,25-29,unvaccinated,1.8,18.0,0.0,0.0
17,25-29,old_vaccine,0.0,0.0,0.0,0.0
17,25-29,new_vaccine,0.0,0.0,0.0,0.0
17,30-34,unvaccinated,0.9,15.7,0.0,0.0
17,30-34,old_vaccine,0.0,0.0,0.0,0.0
17,30-34,new_vaccine,0.0,0.0,0.0,0.0
17,35-39,unvaccinated,1.2,19.8,0.0,0.0
17,35-39,old_vaccine,0.0,0.0,0.0,0.0
17,35-39,new_vaccine,0.0,0.0,0.0,0.0
17,40-44,unvaccinated,1.9,9.4,0.0,0.0
17,40-44,old_vaccine,0.0,0.0,0.0,0.0
17,40-44,new_vaccine,0.0,0.0,0.0,0.0
17,45-49,unvaccinated,0.1,14.9,0.0,0.0
17,45-49,old_vaccine,0.0,0.0,0.0,0.0
17,45-49,new_vaccine,0.0,0.0,0.0,0.0
17,50-54,unvaccinated,2.9,15.2,0.0,0.0
17,50-54,old_vaccine,0.0,0.0,0.0,0.0
17,50-54,new_vaccine,0.0,0.0,0.0,0.0
17,55-59,unvaccinated,2.7,15.4,0.0,0.0
17,55-59,old_vaccine,0.0,0.0,0.0,0.0
17,55-59,new_vaccine,0.0,0.0,0.0,0.0
17,60-64,unvaccinated,4.4,11.6,0.2,0.0
17,60-64,old_vaccine,0.0,0.0,0.0,0.0
17,60-64,new_vaccine,0.0,0.0,0.0,0.0
17,65-69,unvaccinated,4.4,4.7,0.0,0.0
17,65-69,old_vaccine,0.0,0.0,0.0,0.0
17,65-69,new_vaccine,0.0,0.0,0.0,0.0
17,70-74,unvaccinated,7.7,3.8,0.0,0.0
17,70-74,old_vaccine,0.0,0.0,0.0,0.0
17,70-74,new_vaccine,0.0,0.0,0.0,0.0
17,75+,unvaccinated,12.2,7.7,0.0,0.0
17,75+,old_vaccine,0.0,0.0,0.0,0.0
17,75+,new_vaccine,0.0,0.0,0.0,0.0
18,0-4,unvaccinated,1.5,11.0,0.0,0.0
18,0-4,old_vaccine,0.0,0.0,0.0,0.0
18,0-4,new_vaccine,0.0,0.0,0.0,0.0
18,5-9,unvaccinated,0.1,14.8,0.0,0.0
18,5-9,old_vaccine,0.0,0.0,0.0,0.0
18,5-9,new_vaccine,0.0,0.0,0.0,0.0
18,10-14,unvaccinated,0.3,15.0,0.0,0.0
18,10-14,old_vaccine,0.0,0.0,0.0,0.0
18,10-14,new_vaccine,0.0,0.0,0.0,0.0
18,15-19,unvaccinated,0.0,12.9,0.0,0.0
18,15-19,old_vaccine,0.0,0.0,0.0,0.0
18,15-19,new_vaccine,0.0,0.0,0.0,0.0
18,20-24,unvaccinated,1.0,15.8,0.0,0.0
18,20-24,old_vaccine,0.0,0.0,0.0,0.0
18,20-24,new_vaccine,0.0,0.0,0.0,0.0
18,25-29,unvaccinated,1.7,18.5,0.0,0.0
18,25-29,old_vaccine,0.0,0.0,0.0,0.0
18,25-29,new_vaccine,0.0,0.0,0.0,0.0
18,30-34,unvaccinated,0.9,16.0,0.0,0.0
18,30-34,old_vaccine,0.0,0.0,0.0,0.0
18,30-34,new_vaccine,0.0,0.0,0.0,0.0
18,35-39,unvaccinated,1.2,20.9,0.0,0.0
18,35-39,old_vaccine,0.0,0.0,0.0,0.0
18,35-39,new_vaccine,0.0,0.0,0.0,0.0
18,40-44,unvaccinated,1.9,10.1,0.0,0.0
18,40-44,old_vaccine,0.0,0.0,0.0,0.0
18,40-44,new_vaccine,0.0,0.0,0.0,0.0
18,45-49,unvaccinated,0.1,15.3,0.0,0.0
18,45-49,old_vaccine,0.0,0.0,0.0,0.0
18,45-49,new_vaccine,0.0,0.0,0.0,0.0
18,50-54,unvaccinated,3.0,15.7,0.0,0.0
18,50-54,old_vaccine,0.0,0.0,0.0,0.0
18,50-54,new_vaccine,0.0,0.0,0.0,0.0
18,55-59,unvaccinated,3.1,15.5,0.0,0.0
18,55-59,old_vaccine,0.0,0.0,0.0,0.0
18,55-59,new_vaccine,0.0,0.0,0.0,0.0
18,60-64,unvaccinated,4.4,12.1,0.1,0.0
18,60-64,old_vaccine,0.0,0.0,0.0,0.0
18,60-64,new_vaccine,0.0,0.0,0.0,0.0
18,65-69,unvaccinated,4.5,5.0,0.1,0.0
18,65-69,old_vaccine,0.0,0.0,0.0,0.0
18,65-69,new_vaccine,0.0,0.0,0.0,0.0
18,70-74,unvaccinated,8.0,3.9,0.0,0.0
18,70-74,old_vaccine,0.0,0.0,0.0,0.0
18,70-74,new_vaccine,0.0,0.0,0.0,0.0
18,75+,unvaccinated,12.3,7.8,0.0,0.0
18,75+,old_vaccine,0.0,0.0,0.0,0.0
18,75+,new_vaccine,0.0,0.0,0.0,0.0
19,0-4,unvaccinated,1.5,11.3,0.0,0.0
19,0-4,old_vaccine,0.0,0.0,0.0,0.0
19,0-4,new_vaccine,0.0,0.0,0.0,0.0
19,5-9,unvaccinated,0.1,15.8,0.0,0.0
19,5-9,old_vaccine,0.0,0.0,0.0,0.0
19,5-9,new_vaccine,0.0,0.0,0.0,0.0
19,10-14,unvaccinated,0.3,15.8,0.0,0.0
19,10-14,old_vaccine,0.0,0.0,0.0,0.0
19,10-14,new_vaccine,0.0,0.0,0.0,0.0
19,15-19,unvaccinated,0.0,13.5,0.0,0.0
19,15-19,old_vaccine,0.0,0.0,0.0,0.0
19,15-19,new_vaccine,0.0,0.0,0.0,0.0
19,20-24,unvaccinated,1.1,16.2,0.0,0.0
19,20-24,old_vaccine,0.0,0.0,0.0,0.0
19,20-24,new_vaccine,0.0,0.0,0.0,0.0
19,25-29,unvaccinated,1.9,19.1,0.0,0.0
19,25-29,old_vaccine,0.0,0.0,0.0,0.0
19,25-29,new_vaccine,0.0,0.0,0.0,0.0
19,30-34,unvaccinated,1.0,16.2,0.0,0.0
19,30-34,old_vaccine,0.0,0.0,0.0,0.0
19,30-34,new_vaccine,0.0,0.0,0.0,0.0
19,35-39,unvaccinated,1.3,21.2,0.0,0.0
19,35-39,old_vaccine,0.0,0.0,0.0,0.0
19,35-39,new_vaccine,0.0,0.0,0.0,0.0
19,40-44,unvaccinated,2.0,10.3,0.0,0.0
19,40-44,old_vaccine,0.0,0.0,0.0,0.0
19,40-44,new_vaccine,0.0,0.0,0.0,0.0
19,45-49,unvaccinated,0.1,15.3,0.0,0.0
19,45-49,old_vaccine,0.0,0.0,0.0,0.0
19,45-49,new_vaccine,0.0,0.0,0.0,0.0
19,50-54,unvaccinated,3.2,15.6,0.0,0.0
19,50-54,old_vaccine,0.0,0.0,0.0,0.0
19,50-54,new_vaccine,0.0,0.0,0.0,0.0
19,55-59,unvaccinated,3.1,16.4,0.0,0.0
19,55-59,old_vaccine,0.0,0.0,0.0,0.0
19,55-59,new_vaccine,0.0,0.0,0.0,0.0
19,60-64,unvaccinated,4.6,12.8,0.1,0.0
19,60-64,old_vaccine,0.0,0.0,0.0,0.0
19,60-64,new_vaccine,0.0,0.0,0.0,0.0
19,65-69,unvaccinated,4.6,5.8,0.1,0.0
19,65-69,old_vaccine,0.0,0.0,0.0,0.0
19,65-69,new_vaccine,0.0,0.0,0.0,0.0
19,70-74,unvaccinated,8.1,4.2,0.0,0.0
19,70-74,old_vaccine,0.0,0.0,0.0,0.0
19,70-74,new_vaccine,0.0,0.0,0.0,0.0
19,75+,unvaccinated,13.2,8.0,0.0,0.0
19,75+,old_vaccine,0.0,0.0,0.0,0.0
19,75+,new_vaccine,0.0,0.0,0.0,0.0
20,0-4,unvaccinated,1.5,12.5,0.0,0.0
20,0-4,old_vaccine,0.0,0.0,0.0,0.0
20,0-4,new_vaccine,0.0,0.0,0.0,0.0
20,5-9,unvaccinated,0.1,15.8,0.0,0.0
20,5-9,old_vaccine,0.0,0.0,0.0,0.0
20,5-9,new_vaccine,0.0,0.0,0.0,0.0
20,10-14,unvaccinated,0.3,16.6,0.0,0.0
20,10-14,old_vaccine,0.0,0.0,0.0,0.0
20,10-14,new_vaccine,0.0,0.0,0.0,0.0
20,15-19,unvaccinated,0.0,14.9,0.0,0.0
20,15-19,old_vaccine,0.0,0.0,0.0,0.0
20,15-19,new_vaccine,0.0,0.0,0.0,0.0
20,20-24,unvaccinated,1.1,16.7,0.0,0.0
20,20-24,old_vaccine,0.0,0.0,0.0,0.0
20,20-24,new_vaccine,0.0,0.0,0.0,0.0
20,25-29,unvaccinated,2.0,19.7,0.0,0.0
20,25-29,old_vaccine,0.0,0.0,0.0,0.0
20,25-29,new_vaccine,0.0,0.0,0.0,0.0
20,30-34,unvaccinated,1.1,16.7,0.0,0.0
20,30-34,old_vaccine,0.0,0.0,0.0,0.0
20,30-34,new_vaccine,0.0,0.0,0.0,0.0
20,35-39,unvaccinated,1.4,21.8,0.0,0.0
20,35-39,old_vaccine,0.0,0.0,0.0,0.0
20,35-39,new_vaccine,0.0,0.0,0.0,0.0
20,40-44,unvaccinated,2.2,11.0,0.0,0.0
20,40-44,old_vaccine,0.0,0.0,0.0,0.0
20,40-44,new_vaccine,0.0,0.0,0.0,0.0
20,45-49,unvaccinated,0.2,16.0,0.0,0.0
20,45-49,old_vaccine,0.0,0.0,0.0,0.0
20,45-49,new_vaccine,0.0,0.0,0.0,0.0
20,50-54,unvaccinated,3.1,16.0,0.0,0.0
20,50-54,old_vaccine,0.0,0.0,0.0,0.0
20,50-54,new_vaccine,0.0,0.0,0.0,0.0
20,55-59,unvaccinated,3.7,16.6,0.0,0.0
20,55-59,old_vaccine,0.0,0.0,0.0,0.0
20,55-59,new_vaccine,0.0,0.0,0.0,0.0
20,60-64,unvaccinated,4.6,13.3,0.1,0.0
20,60-64,old_vaccine,0.0,0.0,0.0,0.0
20,60-64,new_vaccine,0.0,0.0,0.0,0.0
20,65-69,unvaccinated,4.6,5.9,0.1,0.0
20,65-69,old_vaccine,0.0,0.0,0.0,0.0
20,65-69,new_vaccine,0.0,0.0,0.0,0.0
20,70-74,unvaccinated,8.4,4.1,0.0,0.0
20,70-74,old_vaccine,0.0,0.0,0.0,0.0
20,70-74,new_vaccine,0.0,0.0,0.0,0.0
20,75+,unvaccinated,13.6,8.5,0.0,0.0
20,75+,old_vaccine,0.0,0.0,0.0,0.0
20,75+,new_vaccine,0.0,0.0,0.0,0.0
21,0-4,unvaccinated,1.5,12.9,0.0,0.0
21,0-4,old_vaccine,0.0,0.0,0.0,0.0
21,0-4,new_vaccine,0.0,0.0,0.0,0.0
21,5-9,unvaccinated,0.1,16.2,0.0,0.0
21,5-9,old_vaccine,0.0,0.0,0.0,0.0
21,5-9,new_vaccine,0.0,0.0,0.0,0.0
21,10-14,unvaccinated,0.3,17.2,0.0,0.0
21,10-14,old_vaccine,0.0,0.0,0.0,0.0
21,10-14,new_vaccine,0.0,0.0,0.0,0.0
21,15-19,unvaccinated,0.0,15.3,0.0,0.0
21,15-19,old_vaccine,0.0,0.0,0.0,0.0
21,15-19,new_vaccine,0.0,0.0,0.0,0.0
21,20-24,unvaccinated,1.2,16.8,0.0,0.0
21,20-24,old_vaccine,0.0,0.0,0.0,0.0
21,20-24,new_vaccine,0.0,0.0,0.0,0.0
21,25-29,unvaccinated,2.0,20.3,0.0,0.0
21,25-29,old_vaccine,0.0,0.0,0.0,0.0
21,25-29,new_vaccine,0.0,0.0,0.0,0.0
21,30-34,unvaccinated,1.2,16.8,0.0,0.0
21,30-34,old_vaccine,0.0,0.0,0.0,0.0
21,30-34,new_vaccine,0.0,0.0,0.0,0.0
21,35-39,unvaccinated,1.6,22.7,0.0,0.0
21,35-39,old_vaccine,0.0,0.0,0.0,0.0
21,35-39,new_vaccine,0.0,0.0,0.0,0.0
21,40-44,unvaccinated,2.3,11.5,0.0,0.0
21,40-44,old_vaccine,0.0,0.0,0.0,0.0
21,40-44,new_vaccine,0.0,0.0,0.0,0.0
21,45-49,unvaccinated,0.3,16.2,0.0,0.0
21,45-49,old_vaccine,0.0,0.0,0.0,0.0
21,45-49,new_vaccine,0.0,0.0,0.0,0.0
21,50-54,unvaccinated,3.1,16.3,0.0,0.0
21,50-54,old_vaccine,0.0,0.0,0.0,0.0
21,50-54,new_vaccine,0.0,0.0,0.0,0.0
21,55-59,unvaccinated,4.1,16.9,0.0,0.0
21,55-59,old_vaccine,0.0,0.0,0.0,0.0
21,55-59,new_vaccine,0.0,0.0,0.0,0.0
21,60-64,unvaccinated,4.6,14.0,0.1,0.0
21,60-64,old_vaccine,0.0,0.0,0.0,0.0
21,60-64,new_vaccine,0.0,0.0,0.0,0.0
21,65-69,unvaccinated,5.1,6.2,0.1,0.0
21,65-69,old_vaccine,0.0,0.0,0.0,0.0
21,65-69,new_vaccine,0.0,0.0,0.0,0.0
21,70-74,unvaccinated,8.4,4.2,0.0,0.0
21,70-74,old_vaccine,0.0,0.0,0.0,0.0
21,70-74,new_vaccine,0.0,0.0,0.0,0.0
21,75+,unvaccinated,14.1,8.8,0.0,0.0
21,75+,old_vaccine,0.0,0.0,0.0,0.0
21,75+,new_vaccine,0.0,0.0,0.0,0.0
22,0-4,unvaccinated,1.4,12.8,0.0,0.0
22,0-4,old_vaccine,0.0,0.0,0.0,0.0
22,0-4,new_vaccine,0.0,0.0,0.0,0.0
22,5-9,unvaccinated,0.1,16.6,0.0,0.0
22,5-9,old_vaccine,0.0,0.0,0.0,0.0
22,5-9,new_vaccine,0.0,0.0,0.0,0.0
22,10-14,unvaccinated,0.3,17.5,0.0,0.0
22,10-14,old_vaccine,0.0,0.0,0.0,0.0
22,10-14,new_vaccine,0.0,0.0,0.0,0.0
22,15-19,unvaccinated,0.0,15.6,0.0,0.0
22,15-19,old_vaccine,0.0,0.0,0.0,0.0
22,15-19,new_vaccine,0.0,0.0,0.0,0.0
22,20-24,unvaccinated,1.3,16.7,0.0,0.0
22,20-24,old_vaccine,0.0,0.0,0.0,0.0
22,20-24,new_vaccine,0.0,0.0,0.0,0.0
22,25-29,unvaccinated,2.1,20.6,0.0,0.0
22,25-29,old_vaccine,0.0,0.0,0.0,0.0
22,25-29,new_vaccine,0.0,0.0,0.0,0.0
22,30-34,unvaccinated,1.1,16.5,0.0,0.0
22,30-34,old_vaccine,0.0,0.0,0.0,0.0
22,30-34,new_vaccine,0.0,0.0,0.0,0.0
22,35-39,unvaccinated,1.5,22.6,0.0,0.0
22,35-39,old_vaccine,0.0,0.0,0.0,0.0
22,35-39,new_vaccine,0.0,0.0,0.0,0.0
22,40-44,unvaccinated,2.2,11.7,0.0,0.0
22,40-44,old_vaccine,0.0,0.0,0.0,0.0
22,40-44,new_vaccine,0.0,0.0,0.0,0.0
22,45-49,unvaccinated,0.3,16.3,0.0,0.0
22,45-49,old_vaccine,0.0,0.0,0.0,0.0
22,45-49,new_vaccine,0.0,0.0,0.0,0.0
22,50-54,unvaccinated,3.1,16.4,0.0,0.0
22,50-54,old_vaccine,0.0,0.0,0.0,0.0
22,50-54,new_vaccine,0.0,0.0,0.0,0.0
22,55-59,unvaccinated,4.3,17.2,0.0,0.0
22,55-59,old_vaccine,0.0,0.0,0.0,0.0
22,55-59,new_vaccine,0.0,0.0,0.0,0.0
22,60-64,unvaccinated,4.5,14.4,0.1,0.0
22,60-64,old_vaccine,0.0,0.0,0.0,0.0
22,60-64,new_vaccine,0.0,0.0,0.0,0.0
22,65-69,unvaccinated,4.8,6.1,0.1,0.0
22,65-69,old_vaccine,0.0,0.0,0.0,0.0
22,65-69,new_vaccine,0.0,0.0,0.0,0.0
22,70-74,unvaccinated,8.5,3.9,0.0,0.0
22,70-74,old_vaccine,0.0,0.0,0.0,0.0
22,70-74,new_vaccine,0.0,0.0,0.0,0.0
22,75+,unvaccinated,13.9,8.8,0.0,0.0
22,75+,old_vaccine,0.0,0.0,0.0,0.0
22,75+,new_vaccine,0.0,0.0,0.0,0.0
23,0-4,unvaccinated,1.5,12.7,0.0,0.0
23,0-4,old_vaccine,0.0,0.0,0.0,0.0
23,0-4,new_vaccine,0.0,0.0,0.0,0.0
23,5-9,unvaccinated,0.1,16.3,0.0,0.0
23,5-9,old_vaccine,0.0,0.0,0.0,0.0
23,5-9,new_vaccine,0.0,0.0,0.0,0.0
23,10-14,unvaccinated,0.3,17.7,0.0,0.0
23,10-14,old_vaccine,0.0,0.0,0.0,0.0
23,10-14,new_vaccine,0.0,0.0,0.0,0.0
23,15-19,unvaccinated,0.0,15.6,0.0,0.0
23,15-19,old_vaccine,0.0,0.0,0.0,0.0
23,15-19,new_vaccine,0.0,0.0,0.0,0.0
23,20-24,unvaccinated,1.2,17.2,0.0,0.0
23,20-24,old_vaccine,0.0,0.0,0.0,0.0
23,20-24,new_vaccine,0.0,0.0,0.0,0.0
23,25-29,unvaccinated,2.0,20.3,0.0,0.0
23,25-29,old_vaccine,0.0,0.0,0.0,0.0
23,25-29,new_vaccine,0.0,0.0,0.0,0.0
23,30-34,unvaccinated,1.2,16.9,0.0,0.0
23,30-34,old_vaccine,0.0,0.0,0.0,0.0
23,30-34,new_vaccine,0.0,0.0,0.0,0.0
23,35-39,unvaccinated,1.5,22.6,0.0,0.0
23,35-39,old_vaccine,0.0,0.0,0.0,0.0
23,35-39,new_vaccine,0.0,0.0,0.0,0.0
23,40-44,unvaccinated,2.3,12.2,0.0,0.0
23,40-44,old_vaccine,0.0,0.0,0.0,0.0
23,40-44,new_vaccine,0.0,0.0,0.0,0.0
23,45-49,unvaccinated,0.3,16.6,0.0,0.0
23,45-49,old_vaccine,0.0,0.0,0.0,0.0
23,45-49,new_vaccine,0.0,0.0,0.0,0.0
23,50-54,unvaccinated,3.2,15.8,0.0,0.0
23,50-54,old_vaccine,0.0,0.0,0.0,0.0
23,50-54,new_vaccine,0.0,0.0,0.0,0.0
23,55-59,unvaccinated,4.1,17.2,0.0,0.0
23,55-59,old_vaccine,0.0,0.0,0.0,0.0
23,55-59,new_vaccine,0.0,0.0,0.0,0.0
23,60-64,unvaccinated,4.6,14.4,0.1,0.0
23,60-64,old_vaccine,0.0,0.0,0.0,0.0
23,60-64,new_vaccine,0.0,0.0,0.0,0.0
23,65-69,unvaccinated,4.8,6.0,0.1,0.0
23,65-69,old_vaccine,0.0,0.0,0.0,0.0
23,65-69,new_vaccine,0.0,0.0,0.0,0.0
23,70-74,unvaccinated,8.6,3.7,0.0,0.0
23,70-74,old_vaccine,0.0,0.0,0.0,0.0
23,70-74,new_vaccine,0.0,0.0,0.0,0.0
23,75+,unvaccinated,13.9,9.0,0.0,0.0
23,75+,old_vaccine,0.0,0.0,0.0,0.0
23,75+,new_vaccine,0.0,0.0,0.0,0.0
24,0-4,unvaccinated,1.5,12.7,0.0,0.0
24,0-4,old_vaccine,0.0,0.0,0.0,0.0
24,0-4,new_vaccine,0.0,0.0,0.0,0.0
24,5-9,unvaccinated,0.1,15.8,0.0,0.0
24,5-9,old_vaccine,0.0,0.0,0.0,0.0
24,5-9,new_vaccine,0.0,0.0,0.0,0.0
24,10-14,unvaccinated,0.3,17.3,0.0,0.0
24,10-14,old_vaccine,0.0,0.0,0.0,0.0
24,10-14,new_vaccine,0.0,0.0,0.0,0.0
24,15-19,unvaccinated,0.0,15.7,0.0,0.0
24,15-19,old_vaccine,0.0,0.0,0.0,0.0
24,15-19,new_vaccine,0.0,0.0,0.0,0.0
24,20-24,unvaccinated,1.3,17.1,0.0,0.0
24,20-24,old_vaccine,0.0,0.0,0.0,0.0
24,20-24,new_vaccine,0.0,0.0,0.0,0.0
24,25-29,unvaccinated,2.1,19.9,0.0,0.0
24,25-29,old_vaccine,0.0,0.0,0.0,0.0
24,25-29,new_vaccine,0.0,0.0,0.0,0.0
24,30-34,unvaccinated,1.3,16.8,0.0,0.0
24,30-34,old_vaccine,0.0,0.0,0.0,0.0
24,30-34,new_vaccine,0.0,0.0,0.0,0.0
24,35-39,unvaccinated,1.6,22.5,0.0,0.0
24,35-39,old_vaccine,0.0,0.0,0.0,0.0
24,35-39,new_vaccine,0.0,0.0,0.0,0.0
24,40-44,unvaccinated,2.4,11.5,0.0,0.0
24,40-44,old_vaccine,0.0,0.0,0.0,0.0
24,40-44,new_vaccine,0.0,0.0,0.0,0.0
24,45-49,unvaccinated,0.3,16.3,0.0,0.0
24,45-49,old_vaccine,0.0,0.0,0.0,0.0
24,45-49,new_vaccine,0.0,0.0,0.0,0.0
24,50-54,unvaccinated,3.2,15.8,0.0,0.0
24,50-54,old_vaccine,0.0,0.0,0.0,0.0
24,50-54,new_vaccine,0.0,0.0,0.0,0.0
24,55-59,unvaccinated,4.3,17.2,0.0,0.0
24,55-59,old_vaccine,0.0,0.0,0.0,0.0
24,55-59,new_vaccine,0.0,0.0,0.0,0.0
24,60-64,unvaccinated,4.7,14.5,0.1,0.0
24,60-64,old_vaccine,0.0,0.0,0.0,0.0
24,60-64,new_vaccine,0.0,0.0,0.0,0.0
24,65-69,unvaccinated,4.7,5.7,0.1,0.0
24,65-69,old_vaccine,0.0,0.0,0.0,0.0
24,65-69,new_vaccine,0.0,0.0,0.0,0.0
24,70-74,unvaccinated,8.6,3.6,0.0,0.0
24,70-74,old_vaccine,0.0,0.0,0.0,0.0
24,70-74,new_vaccine,0.0,0.0,0.0,0.0
24,75+,unvaccinated,13.7,8.8,0.0,0.0
24,75+,old_vaccine,0.0,0.0,0.0,0.0
24,75+,new_vaccine,0.0,0.0,0.0,0.0
25,0-4,unvaccinated,1.4,12.2,0.0,0.0
25,0-4,old_vaccine,0.0,0.0,0.0,0.0
25,0-4,new_vaccine,0.0,0.0,0.0,0.0
25,5-9,unvaccinated,0.1,15.6,0.0,0.0
25,5-9,old_vaccine,0.0,0.0,0.0,0.0
25,5-9,new_vaccine,0.0,0.0,0.0,0.0
25,10-14,unvaccinated,0.3,16.6,0.0,0.0
25,10-14,old_vaccine,0.0,0.0,0.0,0.0
25,10-14,new_vaccine,0.0,0.0,0.0,0.0
25,15-19,unvaccinated,0.0,15.1,0.0,0.0
25,15-19,old_vaccine,0.0,0.0,0.0,0.0
25,15-19,new_vaccine,0.0,0.0,0.0,0.0
25,20-24,unvaccinated,1.3,16.6,0.0,0.0
25,20-24,old_vaccine,0.0,0.0,0.0,0.0
25,20-24,new_vaccine,0.0,0.0,0.0,0.0
25,25-29,unvaccinated,2.1,19.7,0.0,0.0
25,25-29,old_vaccine,0.0,0.0,0.0,0.0
25,25-29,new_vaccine,0.0,0.0,0.0,0.0
25,30-34,unvaccinated,1.2,16.1,0.0,0.0
25,30-34,old_vaccine,0.0,0.0,0.0,0.0
25,30-34,new_vaccine,0.0,0.0,0.0,0.0
25,35-39,unvaccinated,1.5,21.9,0.0,0.0
25,35-39,old_vaccine,0.0,0.0,0.0,0.0
25,35-39,new_vaccine,0.0,0.0,0.0,0.0
25,40-44,unvaccinated,2.3,11.5,0.0,0.0
25,40-44,old_vaccine,0.0,0.0,0.0,0.0
25,40-44,new_vaccine,0.0,0.0,0.0,0.0
25,45-49,unvaccinated,0.3,15.9,0.0,0.0
25,45-49,old_vaccine,0.0,0.0,0.0,0.0
25,45-49,new_vaccine,0.0,0.0,0.0,0.0
25,50-54,unvaccinated,3.3,15.5,0.0,0.0
25,50-54,old_vaccine,0.0,0.0,0.0,0.0
25,50-54,new_vaccine,0.0,0.0,0.0,0.0
25,55-59,unvaccinated,4.1,16.6,0.0,0.0
25,55-59,old_vaccine,0.0,0.0,0.0,0.0
25,55-59,new_vaccine,0.0,0.0,0.0,0.0
25,60-64,unvaccinated,4.5,13.8,0.1,0.0
25,60-64,old_vaccine,0.0,0.0,0.0,0.0
25,60-64,new_vaccine,0.0,0.0,0.0,0.0
25,65-69,unvaccinated,4.5,5.7,0.0,0.0
25,65-69,old_vaccine,0.0,0.0,0.0,0.0
25,65-69,new_vaccine,0.0,0.0,0.0,0.0
25,70-74,unvaccinated,8.5,3.6,0.0,0.0
25,70-74,old_vaccine,0.0,0.0,0.0,0.0
25,70-74,new_vaccine,0.0,0.0,0.0,0.0
25,75+,unvaccinated,13.1,8.5,0.0,0.0
25,75+,old_vaccine,0.0,0.0,0.0,0.0
25,75+,new_vaccine,0.0,0.0,0.0,0.0
26,0-4,unvaccinated,1.4,11.0,0.0,0.0
26,0-4,old_vaccine,0.0,0.0,0.0,0.0
26,0-4,new_vaccine,0.0,0.0,0.0,0.0
26,5-9,unvaccinated,0.0,15.2,0.0,0.0
26,5-9,old_vaccine,0.0,0.0,0.0,0.0
26,5-9,new_vaccine,0.0,0.0,0.0,0.0
26,10-14,unvaccinated,0.4,16.2,0.0,0.0
26,10-14,old_vaccine,0.0,0.0,0.0,0.0
26,10-14,new_vaccine,0.0,0.0,0.0,0.0
26,15-19,unvaccinated,0.0,14.8,0.0,0.0
26,15-19,old_vaccine,0.0,0.0,0.0,0.0
26,15-19,new_vaccine,0.0,0.0,0.0,0.0
26,20-24,unvaccinated,1.2,16.1,0.0,0.0
26,20-24,old_vaccine,0.0,0.0,0.0,0.0
26,20-24,new_vaccine,0.0,0.0,0.0,0.0
26,25-29,unvaccinated,2.1,19.0,0.0,0.0
26,25-29,old_vaccine,0.0,0.0,0.0,0.0
26,25-29,new_vaccine,0.0,0.0,0.0,0.0
26,30-34,unvaccinated,1.1,16.1,0.0,0.0
26,30-34,old_vaccine,0.0,0.0,0.0,0.0
26,30-34,new_vaccine,0.0,0.0,0.0,0.0
26,35-39,unvaccinated,1.2,21.7,0.0,0.0
26,35-39,old_vaccine,0.0,0.0,0.0,0.0
26,35-39,new_vaccine,0.0,0.0,0.0,0.0
26,40-44,unvaccinated,2.1,11.0,0.0,0.0
26,40-44,old_vaccine,0.0,0.0,0.0,0.0
26,40-44,new_vaccine,0.0,0.0,0.0,0.0
26,45-49,unvaccinated,0.3,15.6,0.0,0.0
26,45-49,old_vaccine,0.0,0.0,0.0,0.0
26,45-49,new_vaccine,0.0,0.0,0.0,0.0
26,50-54,unvaccinated,3.1,15.5,0.0,0.0
26,50-54,old_vaccine,0.0,0.0,0.0,0.0
26,50-54,new_vaccine,0.0,0.0,0.0,0.0
26,55-59,unvaccinated,3.7,16.2,0.0,0.0
26,55-59,old_vaccine,0.0,0.0,0.0,0.0
26,55-59,new_vaccine,0.0,0.0,0.0,0.0
26,60-64,unvaccinated,4.7,13.2,0.1,0.0
26,60-64,old_vaccine,0.0,0.0,0.0,0.0
26,60-64,new_vaccine,0.0,0.0,0.0,0.0
26,65-69,unvaccinated,4.5,5.4,0.0,0.0
26,65-69,old_vaccine,0.0,0.0,0.0,0.0
26,65-69,new_vaccine,0.0,0.0,0.0,0.0
26,70-74,unvaccinated,8.3,3.0,0.0,0.0
26,70-74,old_vaccine,0.0,0.0,0.0,0.0
26,70-74,new_vaccine,0.0,0.0,0.0,0.0
26,75+,unvaccinated,12.5,8.3,0.0,0.0
26,75+,old_vaccine,0.0,0.0,0.0,0.0
26,75+,new_vaccine,0.0,0.0,0.0,0.0
27,0-4,unvaccinated,1.4,11.0,0.0,0.0
27,0-4,old_vaccine,0.0,0.0,0.0,0.0
27,0-4,new_vaccine,0.0,0.0,0.0,0.0
27,5-9,unvaccinated,0.0,15.1,0.0,0.0
27,5-9,old_vaccine,0.0,0.0,0.0,0.0
27,5-9,new_vaccine,0.0,0.0,0.0,0.0
27,10-14,unvaccinated,0.4,15.7,0.0,0.0
27,10-14,old_vaccine,0.0,0.0,0.0,0.0
27,10-14,new_vaccine,0.0,0.0,0.0,0.0
27,15-19,unvaccinated,0.0,14.5,0.0,0.0
27,15-19,old_vaccine,0.0,0.0,0.0,0.0
27,15-19,new_vaccine,0.0,0.0,0.0,0.0
27,20-24,unvaccinated,1.0,15.9,0.0,0.0
27,20-24,old_vaccine,0.0,0.0,0.0,0.0
27,20-24,new_vaccine,0.0,0.0,0.0,0.0
27,25-29,unvaccinated,2.0,18.7,0.0,0.0
27,25-29,old_vaccine,0.0,0.0,0.0,0.0
27,25-29,new_vaccine,0.0,0.0,0.0,0.0
27,30-34,unvaccinated,0.9,15.7,0.0,0.0
27,30-34,old_vaccine,0.0,0.0,0.0,0.0
27,30-34,new_vaccine,0.0,0.0,0.0,0.0
27,35-39,unvaccinated,1.0,21.9,0.0,0.0
27,35-39,old_vaccine,0.0,0.0,0.0,0.0
27,35-39,new_vaccine,0.0,0.0,0.0,0.0
27,40-44,unvaccinated,2.1,10.7,0.0,0.0
27,40-44,old_vaccine,0.0,0.0,0.0,0.0
27,40-44,new_vaccine,0.0,0.0,0.0,0.0
27,45-49,unvaccinated,0.3,15.5,0.0,0.0
27,45-49,old_vaccine,0.0,0.0,0.0,0.0
27,45-49,new_vaccine,0.0,0.0,0.0,0.0
27,50-54,unvaccinated,3.2,15.5,0.0,0.0
27,50-54,old_vaccine,0.0,0.0,0.0,0.0
27,50-54,new_vaccine,0.0,0.0,0.0,0.0
27,55-59,unvaccinated,3.2,16.4,0.0,0.0
27,55-59,old_vaccine,0.0,0.0,0.0,0.0
27,55-59,new_vaccine,0.0,0.0,0.0,0.0
27,60-64,unvaccinated,4.8,12.6,0.1,0.0
27,60-64,old_vaccine,0.0,0.0,0.0,0.0
27,60-64,new_vaccine,0.0,0.0,0.0,0.0
27,65-69,unvaccinated,4.7,5.3,0.0,0.0
27,65-69,old_vaccine,0.0,0.0,0.0,0.0
27,65-69,new_vaccine,0.0,0.0,0.0,0.0
27,70-74,unvaccinated,8.5,3.1,0.0,0.0
27,70-74,old_vaccine,0.0,0.0,0.0,0.0
27,70-74,new_vaccine,0.0,0.0,0.0,0.0
27,75+,unvaccinated,12.4,7.8,0.0,0.0
27,75+,old_vaccine,0.0,0.0,0.0,0.0
27,75+,new_vaccine,0.0,0.0,0.0,0.0
28,0-4,unvaccinated,1.4,10.6,0.0,0.0
28,0-4,old_vaccine,0.0,0.0,0.0,0.0
28,0-4,new_vaccine,0.0,0.0,0.0,0.0
28,5-9,unvaccinated,0.0,14.7,0.0,0.0
28,5-9,old_vaccine,0.0,0.0,0.0,0.0
28,5-9,new_vaccine,0.0,0.0,0.0,0.0
28,10-14,unvaccinated,0.4,15.2,0.0,0.0
28,10-14,old_vaccine,0.0,0.0,0.0,0.0
28,10-14,new_vaccine,0.0,0.0,0.0,0.0
28,15-19,unvaccinated,0.0,14.1,0.0,0.0
28,15-19,old_vaccine,0.0,0.0,0.0,0.0
28,15-19,new_vaccine,0.0,0.0,0.0,0.0
28,20-24,unvaccinated,1.0,15.7,0.0,0.0
28,20-24,old_vaccine,0.0,0.0,0.0,0.0
28,20-24,new_vaccine,0.0,0.0,0.0,0.0
28,25-29,unvaccinated,1.9,18.4,0.0,0.0
28,25-29,old_vaccine,0.0,0.0,0.0,0.0
28,25-29,new_vaccine,0.0,0.0,0.0,0.0
28,30-34,unvaccinated,0.9,15.4,0.0,0.0
28,30-34,old_vaccine,0.0,0.0,0.0,0.0
28,30-34,new_vaccine,0.0,0.0,0.0,0.0
28,35-39,unvaccinated,1.0,21.4,0.0,0.0
28,35-39,old_vaccine,0.0,0.0,0.0,0.0
28,35-39,new_vaccine,0.0,0.0,0.0,0.0
28,40-44,unvaccinated,2.1,10.2,0.0,0.0
28,40-44,old_vaccine,0.0,0.0,0.0,0.0
28,40-44,new_vaccine,0.0,0.0,0.0,0.0
28,45-49,unvaccinated,0.3,15.3,0.0,0.0
28,45-49,old_vaccine,0.0,0.0,0.0,0.0
28,45-49,new_vaccine,0.0,0.0,0.0,0.0
28,50-54,unvaccinated,3.2,15.2,0.0,0.0
28,50-54,old_vaccine,0.0,0.0,0.0,0.0
28,50-54,new_vaccine,0.0,0.0,0.0,0.0
28,55-59,unvaccinated,3.3,16.4,0.0,0.0
28,55-59,old_vaccine,0.0,0.0,0.0,0.0
28,55-59,new_vaccine,0.0,0.0,0.0,0.0
28,60-64,unvaccinated,4.8,12.4,0.1,0.0
28,60-64,old_vaccine,0.0,0.0,0.0,0.0
28,60-64,new_vaccine,0.0,0.0,0.0,0.0
28,65-69,unvaccinated,4.6,5.1,0.0,0.0
28,65-69,old_vaccine,0.0,0.0,0.0,0.0
28,65-69,new_vaccine,0.0,0.0,0.0,0.0
28,70-74,unvaccinated,8.3,3.3,0.0,0.0
28,70-74,old_vaccine,0.0,0.0,0.0,0.0
28,70-74,new_vaccine,0.0,0.0,0.0,0.0
28,75+,unvaccinated,12.4,7.6,0.0,0.0
28,75+,old_vaccine,0.0,0.0,0.0,0.0
28,75+,new_vaccine,0.0,0.0,0.0,0.0
29,0-4,unvaccinated,1.3,10.4,0.0,0.0
29,0-4,old_vaccine,0.0,0.0,0.0,0.0
29,0-4,new_vaccine,0.0,0.0,0.0,0.0
29,5-9,unvaccinated,0.0,14.2,0.0,0.0
29,5-9,old_vaccine,0.0,0.0,0.0,0.0
29,5-9,new_vaccine,0.0,0.0,0.0,0.0
29,10-14,unvaccinated,0.4,15.4,0.0,0.0
29,10-14,old_vaccine,0.0,0.0,0.0,0.0
29,10-14,new_vaccine,0.0,0.0,0.0,0.0
29,15-19,unvaccinated,0.0,13.9,0.0,0.0
29,15-19,old_vaccine,0.0,0.0,0.0,0.0
29,15-19,new_vaccine,0.0,0.0,0.0,0.0
29,20-24,unvaccinated,1.0,15.6,0.0,0.0
29,20-24,old_vaccine,0.0,0.0,0.0,0.0
29,20-24,new_vaccine,0.0,0.0,0.0,0.0
29,25-29,unvaccinated,1.9,18.0,0.0,0.0
29,25-29,old_vaccine,0.0,0.0,0.0,0.0
29,25-29,new_vaccine,0.0,0.0,0.0,0.0
29,30-34,unvaccinated,0.9,15.5,0.0,0.0
29,30-34,old_vaccine,0.0,0.0,0.0,0.0
29,30-34,new_vaccine,0.0,0.0,0.0,0.0
29,35-39,unvaccinated,1.1,20.9,0.0,0.0
29,35-39,old_vaccine,0.0,0.0,0.0,0.0
29,35-39,new_vaccine,0.0,0.0,0.0,0.0
29,40-44,unvaccinated,2.0,9.9,0.0,0.0
29,40-44,old_vaccine,0.0,0.0,0.0,0.0
29,40-44,new_vaccine,0.0,0.0,0.0,0.0
29,45-49,unvaccinated,0.3,14.6,0.0,0.0
29,45-49,old_vaccine,0.0,0.0,0.0,0.0
29,45-49,new_vaccine,0.0,0.0,0.0,0.0
29,50-54,unvaccinated,3.2,15.2,0.0,0.0
29,50-54,old_vaccine,0.0,0.0,0.0,0.0
29,50-54,new_vaccine,0.0,0.0,0.0,0.0
29,55-59,unvaccinated,3.4,16.3,0.0,0.0
29,55-59,old_vaccine,0.0,0.0,0.0,0.0
29,55-59,new_vaccine,0.0,0.0,0.0,0.0
29,60-64,unvaccinated,4.7,12.2,0.2,0.0
29,60-64,old_vaccine,0.0,0.0,0.0,0.0
29,60-64,new_vaccine,0.0,0.0,0.0,0.0
29,65-69,unvaccinated,4.7,5.1,0.0,0.0
29,65-69,old_vaccine,0.0,0.0,0.0,0.0
29,65-69,new_vaccine,0.0,0.0,0.0,0.0
29,70-74,unvaccinated,8.3,3.5,0.0,0.0
29,70-74,old_vaccine,0.0,0.0,0.0,0.0
29,70-74,new_vaccine,0.0,0.0,0.0,0.0
29,75+,unvaccinated,12.6,7.2,0.0,0.0
29,75+,old_vaccine,0.0,0.0,0.0,0.0
29,75+,new_vaccine,0.0,0.0,0.0,0.0
30,0-4,unvaccinated,1.3,10.7,0.0,0.0
30,0-4,old_vaccine,0.0,0.0,0.0,0.0
30,0-4,new_vaccine,0.0,0.0,0.0,0.0
<<<<<<< HEAD
30,5-9,unvaccinated,0.0,14.2,0.0,0.0
30,5-9,old_vaccine,0.0,0.0,0.0,0.0
30,5-9,new_vaccine,0.0,0.0,0.0,0.0
30,10-14,unvaccinated,0.4,15.7,0.0,0.0
30,10-14,old_vaccine,0.0,0.0,0.0,0.0
30,10-14,new_vaccine,0.0,0.0,0.0,0.0
30,15-19,unvaccinated,0.0,13.7,0.0,0.0
30,15-19,old_vaccine,0.0,0.0,0.0,0.0
30,15-19,new_vaccine,0.0,0.0,0.0,0.0
30,20-24,unvaccinated,0.9,15.9,0.0,0.0
30,20-24,old_vaccine,0.0,0.0,0.0,0.0
30,20-24,new_vaccine,0.0,0.0,0.0,0.0
30,25-29,unvaccinated,1.9,18.3,0.0,0.0
30,25-29,old_vaccine,0.0,0.0,0.0,0.0
30,25-29,new_vaccine,0.0,0.0,0.0,0.0
30,30-34,unvaccinated,0.9,15.7,0.0,0.0
30,30-34,old_vaccine,0.0,0.0,0.0,0.0
30,30-34,new_vaccine,0.0,0.0,0.0,0.0
30,35-39,unvaccinated,1.0,21.4,0.0,0.0
30,35-39,old_vaccine,0.0,0.0,0.0,0.0
30,35-39,new_vaccine,0.0,0.0,0.0,0.0
30,40-44,unvaccinated,2.0,9.4,0.0,0.0
30,40-44,old_vaccine,0.0,0.0,0.0,0.0
30,40-44,new_vaccine,0.0,0.0,0.0,0.0
30,45-49,unvaccinated,0.4,14.9,0.0,0.0
30,45-49,old_vaccine,0.0,0.0,0.0,0.0
30,45-49,new_vaccine,0.0,0.0,0.0,0.0
30,50-54,unvaccinated,3.2,15.4,0.0,0.0
30,50-54,old_vaccine,0.0,0.0,0.0,0.0
30,50-54,new_vaccine,0.0,0.0,0.0,0.0
30,55-59,unvaccinated,3.2,16.3,0.0,0.0
30,55-59,old_vaccine,0.0,0.0,0.0,0.0
30,55-59,new_vaccine,0.0,0.0,0.0,0.0
30,60-64,unvaccinated,4.7,12.6,0.2,0.0
30,60-64,old_vaccine,0.0,0.0,0.0,0.0
30,60-64,new_vaccine,0.0,0.0,0.0,0.0
30,65-69,unvaccinated,4.5,5.3,0.0,0.0
30,65-69,old_vaccine,0.0,0.0,0.0,0.0
30,65-69,new_vaccine,0.0,0.0,0.0,0.0
30,70-74,unvaccinated,8.4,3.6,0.0,0.0
30,70-74,old_vaccine,0.0,0.0,0.0,0.0
30,70-74,new_vaccine,0.0,0.0,0.0,0.0
30,75+,unvaccinated,12.8,7.2,0.0,0.0
30,75+,old_vaccine,0.0,0.0,0.0,0.0
30,75+,new_vaccine,0.0,0.0,0.0,0.0
31,0-4,unvaccinated,1.4,11.1,0.0,0.0
31,0-4,old_vaccine,0.0,0.0,0.0,0.0
31,0-4,new_vaccine,0.0,0.0,0.0,0.0
31,5-9,unvaccinated,0.1,14.5,0.0,0.0
31,5-9,old_vaccine,0.0,0.0,0.0,0.0
31,5-9,new_vaccine,0.0,0.0,0.0,0.0
31,10-14,unvaccinated,0.4,16.0,0.0,0.0
31,10-14,old_vaccine,0.0,0.0,0.0,0.0
31,10-14,new_vaccine,0.0,0.0,0.0,0.0
31,15-19,unvaccinated,0.0,13.7,0.0,0.0
31,15-19,old_vaccine,0.0,0.0,0.0,0.0
31,15-19,new_vaccine,0.0,0.0,0.0,0.0
31,20-24,unvaccinated,0.9,16.5,0.0,0.0
31,20-24,old_vaccine,0.0,0.0,0.0,0.0
31,20-24,new_vaccine,0.0,0.0,0.0,0.0
31,25-29,unvaccinated,1.7,18.5,0.0,0.0
31,25-29,old_vaccine,0.0,0.0,0.0,0.0
31,25-29,new_vaccine,0.0,0.0,0.0,0.0
31,30-34,unvaccinated,0.9,15.8,0.0,0.0
31,30-34,old_vaccine,0.0,0.0,0.0,0.0
31,30-34,new_vaccine,0.0,0.0,0.0,0.0
31,35-39,unvaccinated,0.8,21.0,0.0,0.0
31,35-39,old_vaccine,0.0,0.0,0.0,0.0
31,35-39,new_vaccine,0.0,0.0,0.0,0.0
31,40-44,unvaccinated,2.0,9.9,0.0,0.0
31,40-44,old_vaccine,0.0,0.0,0.0,0.0
31,40-44,new_vaccine,0.0,0.0,0.0,0.0
31,45-49,unvaccinated,0.5,15.3,0.0,0.0
31,45-49,old_vaccine,0.0,0.0,0.0,0.0
31,45-49,new_vaccine,0.0,0.0,0.0,0.0
31,50-54,unvaccinated,3.3,15.5,0.0,0.0
31,50-54,old_vaccine,0.0,0.0,0.0,0.0
31,50-54,new_vaccine,0.0,0.0,0.0,0.0
31,55-59,unvaccinated,3.1,16.7,0.0,0.0
31,55-59,old_vaccine,0.0,0.0,0.0,0.0
31,55-59,new_vaccine,0.0,0.0,0.0,0.0
31,60-64,unvaccinated,4.8,12.4,0.2,0.0
31,60-64,old_vaccine,0.0,0.0,0.0,0.0
31,60-64,new_vaccine,0.0,0.0,0.0,0.0
31,65-69,unvaccinated,4.3,5.4,0.0,0.0
31,65-69,old_vaccine,0.0,0.0,0.0,0.0
31,65-69,new_vaccine,0.0,0.0,0.0,0.0
31,70-74,unvaccinated,8.1,3.6,0.0,0.0
31,70-74,old_vaccine,0.0,0.0,0.0,0.0
31,70-74,new_vaccine,0.0,0.0,0.0,0.0
31,75+,unvaccinated,13.5,7.1,0.0,0.0
31,75+,old_vaccine,0.0,0.0,0.0,0.0
31,75+,new_vaccine,0.0,0.0,0.0,0.0
32,0-4,unvaccinated,1.6,11.2,0.0,0.0
32,0-4,old_vaccine,0.0,0.0,0.0,0.0
32,0-4,new_vaccine,0.0,0.0,0.0,0.0
32,5-9,unvaccinated,0.1,15.2,0.0,0.0
32,5-9,old_vaccine,0.0,0.0,0.0,0.0
32,5-9,new_vaccine,0.0,0.0,0.0,0.0
32,10-14,unvaccinated,0.3,16.5,0.0,0.0
32,10-14,old_vaccine,0.0,0.0,0.0,0.0
32,10-14,new_vaccine,0.0,0.0,0.0,0.0
32,15-19,unvaccinated,0.0,14.3,0.0,0.0
32,15-19,old_vaccine,0.0,0.0,0.0,0.0
32,15-19,new_vaccine,0.0,0.0,0.0,0.0
32,20-24,unvaccinated,0.9,16.4,0.0,0.0
32,20-24,old_vaccine,0.0,0.0,0.0,0.0
32,20-24,new_vaccine,0.0,0.0,0.0,0.0
32,25-29,unvaccinated,1.8,18.8,0.0,0.0
32,25-29,old_vaccine,0.0,0.0,0.0,0.0
32,25-29,new_vaccine,0.0,0.0,0.0,0.0
32,30-34,unvaccinated,0.9,16.4,0.0,0.0
32,30-34,old_vaccine,0.0,0.0,0.0,0.0
32,30-34,new_vaccine,0.0,0.0,0.0,0.0
32,35-39,unvaccinated,0.8,21.2,0.0,0.0
32,35-39,old_vaccine,0.0,0.0,0.0,0.0
32,35-39,new_vaccine,0.0,0.0,0.0,0.0
32,40-44,unvaccinated,2.3,10.1,0.0,0.0
32,40-44,old_vaccine,0.0,0.0,0.0,0.0
32,40-44,new_vaccine,0.0,0.0,0.0,0.0
32,45-49,unvaccinated,0.5,15.1,0.0,0.0
32,45-49,old_vaccine,0.0,0.0,0.0,0.0
32,45-49,new_vaccine,0.0,0.0,0.0,0.0
32,50-54,unvaccinated,3.3,15.8,0.0,0.0
32,50-54,old_vaccine,0.0,0.0,0.0,0.0
32,50-54,new_vaccine,0.0,0.0,0.0,0.0
32,55-59,unvaccinated,3.1,17.0,0.0,0.0
32,55-59,old_vaccine,0.0,0.0,0.0,0.0
32,55-59,new_vaccine,0.0,0.0,0.0,0.0
32,60-64,unvaccinated,4.8,12.8,0.2,0.0
32,60-64,old_vaccine,0.0,0.0,0.0,0.0
32,60-64,new_vaccine,0.0,0.0,0.0,0.0
32,65-69,unvaccinated,4.3,5.6,0.0,0.0
32,65-69,old_vaccine,0.0,0.0,0.0,0.0
32,65-69,new_vaccine,0.0,0.0,0.0,0.0
32,70-74,unvaccinated,8.4,3.8,0.0,0.0
32,70-74,old_vaccine,0.0,0.0,0.0,0.0
32,70-74,new_vaccine,0.0,0.0,0.0,0.0
32,75+,unvaccinated,14.0,7.3,0.0,0.0
32,75+,old_vaccine,0.0,0.0,0.0,0.0
32,75+,new_vaccine,0.0,0.0,0.0,0.0
33,0-4,unvaccinated,1.7,11.3,0.0,0.0
33,0-4,old_vaccine,0.0,0.0,0.0,0.0
33,0-4,new_vaccine,0.0,0.0,0.0,0.0
33,5-9,unvaccinated,0.1,15.7,0.0,0.0
33,5-9,old_vaccine,0.0,0.0,0.0,0.0
33,5-9,new_vaccine,0.0,0.0,0.0,0.0
33,10-14,unvaccinated,0.3,16.5,0.0,0.0
33,10-14,old_vaccine,0.0,0.0,0.0,0.0
33,10-14,new_vaccine,0.0,0.0,0.0,0.0
33,15-19,unvaccinated,0.0,14.5,0.0,0.0
33,15-19,old_vaccine,0.0,0.0,0.0,0.0
33,15-19,new_vaccine,0.0,0.0,0.0,0.0
33,20-24,unvaccinated,0.9,16.7,0.0,0.0
33,20-24,old_vaccine,0.0,0.0,0.0,0.0
33,20-24,new_vaccine,0.0,0.0,0.0,0.0
33,25-29,unvaccinated,1.8,19.3,0.0,0.0
33,25-29,old_vaccine,0.0,0.0,0.0,0.0
33,25-29,new_vaccine,0.0,0.0,0.0,0.0
33,30-34,unvaccinated,0.9,16.5,0.0,0.0
33,30-34,old_vaccine,0.0,0.0,0.0,0.0
33,30-34,new_vaccine,0.0,0.0,0.0,0.0
33,35-39,unvaccinated,1.0,21.3,0.0,0.0
33,35-39,old_vaccine,0.0,0.0,0.0,0.0
33,35-39,new_vaccine,0.0,0.0,0.0,0.0
33,40-44,unvaccinated,2.2,10.3,0.0,0.0
33,40-44,old_vaccine,0.0,0.0,0.0,0.0
33,40-44,new_vaccine,0.0,0.0,0.0,0.0
33,45-49,unvaccinated,0.5,15.3,0.0,0.0
33,45-49,old_vaccine,0.0,0.0,0.0,0.0
33,45-49,new_vaccine,0.0,0.0,0.0,0.0
33,50-54,unvaccinated,3.5,16.0,0.0,0.0
33,50-54,old_vaccine,0.0,0.0,0.0,0.0
33,50-54,new_vaccine,0.0,0.0,0.0,0.0
33,55-59,unvaccinated,3.1,17.2,0.0,0.0
33,55-59,old_vaccine,0.0,0.0,0.0,0.0
33,55-59,new_vaccine,0.0,0.0,0.0,0.0
33,60-64,unvaccinated,4.8,12.9,0.2,0.0
33,60-64,old_vaccine,0.0,0.0,0.0,0.0
33,60-64,new_vaccine,0.0,0.0,0.0,0.0
33,65-69,unvaccinated,4.8,5.6,0.0,0.0
33,65-69,old_vaccine,0.0,0.0,0.0,0.0
33,65-69,new_vaccine,0.0,0.0,0.0,0.0
33,70-74,unvaccinated,8.3,3.9,0.0,0.0
33,70-74,old_vaccine,0.0,0.0,0.0,0.0
33,70-74,new_vaccine,0.0,0.0,0.0,0.0
33,75+,unvaccinated,13.9,7.3,0.0,0.0
33,75+,old_vaccine,0.0,0.0,0.0,0.0
33,75+,new_vaccine,0.0,0.0,0.0,0.0
34,0-4,unvaccinated,1.7,11.5,0.0,0.0
34,0-4,old_vaccine,0.0,0.0,0.0,0.0
34,0-4,new_vaccine,0.0,0.0,0.0,0.0
34,5-9,unvaccinated,0.1,15.7,0.0,0.0
34,5-9,old_vaccine,0.0,0.0,0.0,0.0
34,5-9,new_vaccine,0.0,0.0,0.0,0.0
34,10-14,unvaccinated,0.3,16.6,0.0,0.0
34,10-14,old_vaccine,0.0,0.0,0.0,0.0
34,10-14,new_vaccine,0.0,0.0,0.0,0.0
34,15-19,unvaccinated,0.0,14.5,0.0,0.0
34,15-19,old_vaccine,0.0,0.0,0.0,0.0
34,15-19,new_vaccine,0.0,0.0,0.0,0.0
34,20-24,unvaccinated,0.9,17.2,0.0,0.0
34,20-24,old_vaccine,0.0,0.0,0.0,0.0
34,20-24,new_vaccine,0.0,0.0,0.0,0.0
34,25-29,unvaccinated,1.8,20.0,0.0,0.0
34,25-29,old_vaccine,0.0,0.0,0.0,0.0
34,25-29,new_vaccine,0.0,0.0,0.0,0.0
34,30-34,unvaccinated,0.9,16.6,0.0,0.0
34,30-34,old_vaccine,0.0,0.0,0.0,0.0
34,30-34,new_vaccine,0.0,0.0,0.0,0.0
34,35-39,unvaccinated,1.0,21.2,0.0,0.0
34,35-39,old_vaccine,0.0,0.0,0.0,0.0
34,35-39,new_vaccine,0.0,0.0,0.0,0.0
34,40-44,unvaccinated,2.1,11.3,0.0,0.0
34,40-44,old_vaccine,0.0,0.0,0.0,0.0
34,40-44,new_vaccine,0.0,0.0,0.0,0.0
34,45-49,unvaccinated,0.5,15.3,0.0,0.0
34,45-49,old_vaccine,0.0,0.0,0.0,0.0
34,45-49,new_vaccine,0.0,0.0,0.0,0.0
34,50-54,unvaccinated,3.5,15.9,0.0,0.0
34,50-54,old_vaccine,0.0,0.0,0.0,0.0
34,50-54,new_vaccine,0.0,0.0,0.0,0.0
34,55-59,unvaccinated,3.1,17.1,0.0,0.0
34,55-59,old_vaccine,0.0,0.0,0.0,0.0
34,55-59,new_vaccine,0.0,0.0,0.0,0.0
34,60-64,unvaccinated,5.0,12.9,0.2,0.0
34,60-64,old_vaccine,0.0,0.0,0.0,0.0
34,60-64,new_vaccine,0.0,0.0,0.0,0.0
34,65-69,unvaccinated,4.7,5.7,0.0,0.0
34,65-69,old_vaccine,0.0,0.0,0.0,0.0
34,65-69,new_vaccine,0.0,0.0,0.0,0.0
34,70-74,unvaccinated,8.2,3.8,0.0,0.0
34,70-74,old_vaccine,0.0,0.0,0.0,0.0
34,70-74,new_vaccine,0.0,0.0,0.0,0.0
34,75+,unvaccinated,13.9,7.6,0.0,0.0
34,75+,old_vaccine,0.0,0.0,0.0,0.0
34,75+,new_vaccine,0.0,0.0,0.0,0.0
35,0-4,unvaccinated,1.6,11.9,0.0,0.0
35,0-4,old_vaccine,0.0,0.0,0.0,0.0
35,0-4,new_vaccine,0.0,0.0,0.0,0.0
35,5-9,unvaccinated,0.2,15.6,0.0,0.0
35,5-9,old_vaccine,0.0,0.0,0.0,0.0
35,5-9,new_vaccine,0.0,0.0,0.0,0.0
35,10-14,unvaccinated,0.3,16.8,0.0,0.0
35,10-14,old_vaccine,0.0,0.0,0.0,0.0
35,10-14,new_vaccine,0.0,0.0,0.0,0.0
35,15-19,unvaccinated,0.0,15.1,0.0,0.0
35,15-19,old_vaccine,0.0,0.0,0.0,0.0
35,15-19,new_vaccine,0.0,0.0,0.0,0.0
35,20-24,unvaccinated,0.9,17.5,0.0,0.0
35,20-24,old_vaccine,0.0,0.0,0.0,0.0
35,20-24,new_vaccine,0.0,0.0,0.0,0.0
35,25-29,unvaccinated,1.8,20.2,0.0,0.0
35,25-29,old_vaccine,0.0,0.0,0.0,0.0
35,25-29,new_vaccine,0.0,0.0,0.0,0.0
35,30-34,unvaccinated,1.0,16.5,0.0,0.0
35,30-34,old_vaccine,0.0,0.0,0.0,0.0
35,30-34,new_vaccine,0.0,0.0,0.0,0.0
35,35-39,unvaccinated,1.0,21.5,0.0,0.0
35,35-39,old_vaccine,0.0,0.0,0.0,0.0
35,35-39,new_vaccine,0.0,0.0,0.0,0.0
35,40-44,unvaccinated,2.1,11.3,0.0,0.0
35,40-44,old_vaccine,0.0,0.0,0.0,0.0
35,40-44,new_vaccine,0.0,0.0,0.0,0.0
35,45-49,unvaccinated,0.6,15.3,0.0,0.0
35,45-49,old_vaccine,0.0,0.0,0.0,0.0
35,45-49,new_vaccine,0.0,0.0,0.0,0.0
35,50-54,unvaccinated,3.4,16.0,0.0,0.0
35,50-54,old_vaccine,0.0,0.0,0.0,0.0
35,50-54,new_vaccine,0.0,0.0,0.0,0.0
35,55-59,unvaccinated,3.1,16.9,0.0,0.0
35,55-59,old_vaccine,0.0,0.0,0.0,0.0
35,55-59,new_vaccine,0.0,0.0,0.0,0.0
35,60-64,unvaccinated,5.0,13.1,0.2,0.0
35,60-64,old_vaccine,0.0,0.0,0.0,0.0
35,60-64,new_vaccine,0.0,0.0,0.0,0.0
35,65-69,unvaccinated,4.8,5.6,0.0,0.0
35,65-69,old_vaccine,0.0,0.0,0.0,0.0
35,65-69,new_vaccine,0.0,0.0,0.0,0.0
35,70-74,unvaccinated,8.2,3.7,0.0,0.0
35,70-74,old_vaccine,0.0,0.0,0.0,0.0
35,70-74,new_vaccine,0.0,0.0,0.0,0.0
35,75+,unvaccinated,13.9,7.7,0.0,0.0
35,75+,old_vaccine,0.0,0.0,0.0,0.0
35,75+,new_vaccine,0.0,0.0,0.0,0.0
36,0-4,unvaccinated,1.6,12.3,0.0,0.0
36,0-4,old_vaccine,0.0,0.0,0.0,0.0
36,0-4,new_vaccine,0.0,0.0,0.0,0.0
36,5-9,unvaccinated,0.2,15.8,0.0,0.0
36,5-9,old_vaccine,0.0,0.0,0.0,0.0
36,5-9,new_vaccine,0.0,0.0,0.0,0.0
36,10-14,unvaccinated,0.3,16.9,0.0,0.0
36,10-14,old_vaccine,0.0,0.0,0.0,0.0
36,10-14,new_vaccine,0.0,0.0,0.0,0.0
36,15-19,unvaccinated,0.0,15.2,0.0,0.0
36,15-19,old_vaccine,0.0,0.0,0.0,0.0
36,15-19,new_vaccine,0.0,0.0,0.0,0.0
36,20-24,unvaccinated,1.0,17.2,0.0,0.0
36,20-24,old_vaccine,0.0,0.0,0.0,0.0
36,20-24,new_vaccine,0.0,0.0,0.0,0.0
36,25-29,unvaccinated,1.8,19.8,0.0,0.0
36,25-29,old_vaccine,0.0,0.0,0.0,0.0
36,25-29,new_vaccine,0.0,0.0,0.0,0.0
36,30-34,unvaccinated,1.0,16.2,0.0,0.0
36,30-34,old_vaccine,0.0,0.0,0.0,0.0
36,30-34,new_vaccine,0.0,0.0,0.0,0.0
36,35-39,unvaccinated,1.1,21.8,0.0,0.0
36,35-39,old_vaccine,0.0,0.0,0.0,0.0
36,35-39,new_vaccine,0.0,0.0,0.0,0.0
36,40-44,unvaccinated,2.0,12.2,0.0,0.0
36,40-44,old_vaccine,0.0,0.0,0.0,0.0
36,40-44,new_vaccine,0.0,0.0,0.0,0.0
36,45-49,unvaccinated,0.5,15.5,0.0,0.0
36,45-49,old_vaccine,0.0,0.0,0.0,0.0
36,45-49,new_vaccine,0.0,0.0,0.0,0.0
36,50-54,unvaccinated,3.4,15.8,0.0,0.0
36,50-54,old_vaccine,0.0,0.0,0.0,0.0
36,50-54,new_vaccine,0.0,0.0,0.0,0.0
36,55-59,unvaccinated,3.1,17.0,0.0,0.0
36,55-59,old_vaccine,0.0,0.0,0.0,0.0
36,55-59,new_vaccine,0.0,0.0,0.0,0.0
36,60-64,unvaccinated,5.1,13.2,0.2,0.0
36,60-64,old_vaccine,0.0,0.0,0.0,0.0
36,60-64,new_vaccine,0.0,0.0,0.0,0.0
36,65-69,unvaccinated,5.2,5.4,0.0,0.0
36,65-69,old_vaccine,0.0,0.0,0.0,0.0
36,65-69,new_vaccine,0.0,0.0,0.0,0.0
36,70-74,unvaccinated,8.2,3.7,0.0,0.0
36,70-74,old_vaccine,0.0,0.0,0.0,0.0
36,70-74,new_vaccine,0.0,0.0,0.0,0.0
36,75+,unvaccinated,14.0,7.7,0.0,0.0
36,75+,old_vaccine,0.0,0.0,0.0,0.0
36,75+,new_vaccine,0.0,0.0,0.0,0.0
37,0-4,unvaccinated,1.7,12.2,0.0,0.0
37,0-4,old_vaccine,0.0,0.0,0.0,0.0
37,0-4,new_vaccine,0.0,0.0,0.0,0.0
37,5-9,unvaccinated,0.2,16.0,0.0,0.0
37,5-9,old_vaccine,0.0,0.0,0.0,0.0
37,5-9,new_vaccine,0.0,0.0,0.0,0.0
37,10-14,unvaccinated,0.3,15.9,0.0,0.0
37,10-14,old_vaccine,0.0,0.0,0.0,0.0
37,10-14,new_vaccine,0.0,0.0,0.0,0.0
37,15-19,unvaccinated,0.0,15.1,0.0,0.0
37,15-19,old_vaccine,0.0,0.0,0.0,0.0
37,15-19,new_vaccine,0.0,0.0,0.0,0.0
37,20-24,unvaccinated,1.1,16.6,0.0,0.0
37,20-24,old_vaccine,0.0,0.0,0.0,0.0
37,20-24,new_vaccine,0.0,0.0,0.0,0.0
37,25-29,unvaccinated,1.6,19.6,0.0,0.0
37,25-29,old_vaccine,0.0,0.0,0.0,0.0
37,25-29,new_vaccine,0.0,0.0,0.0,0.0
37,30-34,unvaccinated,1.0,16.4,0.0,0.0
37,30-34,old_vaccine,0.0,0.0,0.0,0.0
37,30-34,new_vaccine,0.0,0.0,0.0,0.0
37,35-39,unvaccinated,1.2,22.1,0.0,0.0
37,35-39,old_vaccine,0.0,0.0,0.0,0.0
37,35-39,new_vaccine,0.0,0.0,0.0,0.0
37,40-44,unvaccinated,2.1,12.1,0.0,0.0
37,40-44,old_vaccine,0.0,0.0,0.0,0.0
37,40-44,new_vaccine,0.0,0.0,0.0,0.0
37,45-49,unvaccinated,0.5,15.6,0.0,0.0
37,45-49,old_vaccine,0.0,0.0,0.0,0.0
37,45-49,new_vaccine,0.0,0.0,0.0,0.0
37,50-54,unvaccinated,3.4,15.4,0.0,0.0
37,50-54,old_vaccine,0.0,0.0,0.0,0.0
37,50-54,new_vaccine,0.0,0.0,0.0,0.0
37,55-59,unvaccinated,3.1,16.8,0.0,0.0
37,55-59,old_vaccine,0.0,0.0,0.0,0.0
37,55-59,new_vaccine,0.0,0.0,0.0,0.0
37,60-64,unvaccinated,5.0,13.2,0.2,0.0
37,60-64,old_vaccine,0.0,0.0,0.0,0.0
37,60-64,new_vaccine,0.0,0.0,0.0,0.0
37,65-69,unvaccinated,5.2,5.6,0.0,0.0
37,65-69,old_vaccine,0.0,0.0,0.0,0.0
37,65-69,new_vaccine,0.0,0.0,0.0,0.0
37,70-74,unvaccinated,7.8,3.5,0.0,0.0
37,70-74,old_vaccine,0.0,0.0,0.0,0.0
37,70-74,new_vaccine,0.0,0.0,0.0,0.0
37,75+,unvaccinated,14.0,7.6,0.0,0.0
37,75+,old_vaccine,0.0,0.0,0.0,0.0
37,75+,new_vaccine,0.0,0.0,0.0,0.0
38,0-4,unvaccinated,1.6,11.7,0.0,0.0
38,0-4,old_vaccine,0.0,0.0,0.0,0.0
38,0-4,new_vaccine,0.0,0.0,0.0,0.0
38,5-9,unvaccinated,0.2,15.6,0.0,0.0
38,5-9,old_vaccine,0.0,0.0,0.0,0.0
38,5-9,new_vaccine,0.0,0.0,0.0,0.0
38,10-14,unvaccinated,0.3,15.9,0.0,0.0
38,10-14,old_vaccine,0.0,0.0,0.0,0.0
38,10-14,new_vaccine,0.0,0.0,0.0,0.0
38,15-19,unvaccinated,0.0,14.8,0.0,0.0
38,15-19,old_vaccine,0.0,0.0,0.0,0.0
38,15-19,new_vaccine,0.0,0.0,0.0,0.0
38,20-24,unvaccinated,1.2,16.2,0.0,0.0
38,20-24,old_vaccine,0.0,0.0,0.0,0.0
38,20-24,new_vaccine,0.0,0.0,0.0,0.0
38,25-29,unvaccinated,1.6,19.7,0.0,0.0
38,25-29,old_vaccine,0.0,0.0,0.0,0.0
38,25-29,new_vaccine,0.0,0.0,0.0,0.0
38,30-34,unvaccinated,0.9,16.2,0.0,0.0
38,30-34,old_vaccine,0.0,0.0,0.0,0.0
38,30-34,new_vaccine,0.0,0.0,0.0,0.0
38,35-39,unvaccinated,1.3,22.3,0.0,0.0
38,35-39,old_vaccine,0.0,0.0,0.0,0.0
38,35-39,new_vaccine,0.0,0.0,0.0,0.0
38,40-44,unvaccinated,2.0,11.8,0.0,0.0
38,40-44,old_vaccine,0.0,0.0,0.0,0.0
38,40-44,new_vaccine,0.0,0.0,0.0,0.0
38,45-49,unvaccinated,0.5,15.6,0.0,0.0
38,45-49,old_vaccine,0.0,0.0,0.0,0.0
38,45-49,new_vaccine,0.0,0.0,0.0,0.0
38,50-54,unvaccinated,3.2,15.2,0.0,0.0
38,50-54,old_vaccine,0.0,0.0,0.0,0.0
38,50-54,new_vaccine,0.0,0.0,0.0,0.0
38,55-59,unvaccinated,3.0,16.4,0.0,0.0
38,55-59,old_vaccine,0.0,0.0,0.0,0.0
38,55-59,new_vaccine,0.0,0.0,0.0,0.0
38,60-64,unvaccinated,5.1,13.3,0.2,0.0
38,60-64,old_vaccine,0.0,0.0,0.0,0.0
38,60-64,new_vaccine,0.0,0.0,0.0,0.0
38,65-69,unvaccinated,5.1,5.4,0.0,0.0
38,65-69,old_vaccine,0.0,0.0,0.0,0.0
38,65-69,new_vaccine,0.0,0.0,0.0,0.0
38,70-74,unvaccinated,7.9,3.6,0.0,0.0
38,70-74,old_vaccine,0.0,0.0,0.0,0.0
38,70-74,new_vaccine,0.0,0.0,0.0,0.0
38,75+,unvaccinated,13.6,7.5,0.0,0.0
38,75+,old_vaccine,0.0,0.0,0.0,0.0
38,75+,new_vaccine,0.0,0.0,0.0,0.0
39,0-4,unvaccinated,1.5,11.5,0.0,0.0
39,0-4,old_vaccine,0.0,0.0,0.0,0.0
39,0-4,new_vaccine,0.0,0.0,0.0,0.0
39,5-9,unvaccinated,0.2,15.5,0.0,0.0
39,5-9,old_vaccine,0.0,0.0,0.0,0.0
39,5-9,new_vaccine,0.0,0.0,0.0,0.0
39,10-14,unvaccinated,0.3,15.3,0.0,0.0
39,10-14,old_vaccine,0.0,0.0,0.0,0.0
39,10-14,new_vaccine,0.0,0.0,0.0,0.0
39,15-19,unvaccinated,0.0,14.2,0.0,0.0
39,15-19,old_vaccine,0.0,0.0,0.0,0.0
39,15-19,new_vaccine,0.0,0.0,0.0,0.0
39,20-24,unvaccinated,1.2,16.2,0.0,0.0
39,20-24,old_vaccine,0.0,0.0,0.0,0.0
39,20-24,new_vaccine,0.0,0.0,0.0,0.0
39,25-29,unvaccinated,1.6,19.4,0.1,0.0
39,25-29,old_vaccine,0.0,0.0,0.0,0.0
39,25-29,new_vaccine,0.0,0.0,0.0,0.0
39,30-34,unvaccinated,0.9,16.3,0.0,0.0
39,30-34,old_vaccine,0.0,0.0,0.0,0.0
39,30-34,new_vaccine,0.0,0.0,0.0,0.0
39,35-39,unvaccinated,1.3,22.0,0.0,0.0
39,35-39,old_vaccine,0.0,0.0,0.0,0.0
39,35-39,new_vaccine,0.0,0.0,0.0,0.0
39,40-44,unvaccinated,1.9,11.3,0.0,0.0
39,40-44,old_vaccine,0.0,0.0,0.0,0.0
39,40-44,new_vaccine,0.0,0.0,0.0,0.0
39,45-49,unvaccinated,0.4,15.5,0.0,0.0
39,45-49,old_vaccine,0.0,0.0,0.0,0.0
39,45-49,new_vaccine,0.0,0.0,0.0,0.0
39,50-54,unvaccinated,3.1,15.5,0.0,0.0
39,50-54,old_vaccine,0.0,0.0,0.0,0.0
39,50-54,new_vaccine,0.0,0.0,0.0,0.0
39,55-59,unvaccinated,3.0,16.6,0.0,0.0
39,55-59,old_vaccine,0.0,0.0,0.0,0.0
39,55-59,new_vaccine,0.0,0.0,0.0,0.0
39,60-64,unvaccinated,5.2,12.9,0.1,0.0
39,60-64,old_vaccine,0.0,0.0,0.0,0.0
39,60-64,new_vaccine,0.0,0.0,0.0,0.0
39,65-69,unvaccinated,5.0,5.3,0.0,0.0
39,65-69,old_vaccine,0.0,0.0,0.0,0.0
39,65-69,new_vaccine,0.0,0.0,0.0,0.0
39,70-74,unvaccinated,7.8,3.5,0.1,0.0
39,70-74,old_vaccine,0.0,0.0,0.0,0.0
39,70-74,new_vaccine,0.0,0.0,0.0,0.0
39,75+,unvaccinated,13.0,7.6,0.0,0.0
39,75+,old_vaccine,0.0,0.0,0.0,0.0
39,75+,new_vaccine,0.0,0.0,0.0,0.0
40,0-4,unvaccinated,1.4,11.2,0.0,0.0
40,0-4,old_vaccine,0.0,0.0,0.0,0.0
40,0-4,new_vaccine,0.0,0.0,0.0,0.0
40,5-9,unvaccinated,0.2,14.9,0.0,0.0
40,5-9,old_vaccine,0.0,0.0,0.0,0.0
40,5-9,new_vaccine,0.0,0.0,0.0,0.0
40,10-14,unvaccinated,0.3,15.2,0.0,0.0
40,10-14,old_vaccine,0.0,0.0,0.0,0.0
40,10-14,new_vaccine,0.0,0.0,0.0,0.0
40,15-19,unvaccinated,0.0,14.1,0.0,0.0
40,15-19,old_vaccine,0.0,0.0,0.0,0.0
40,15-19,new_vaccine,0.0,0.0,0.0,0.0
40,20-24,unvaccinated,1.2,16.0,0.0,0.0
40,20-24,old_vaccine,0.0,0.0,0.0,0.0
40,20-24,new_vaccine,0.0,0.0,0.0,0.0
40,25-29,unvaccinated,1.6,18.9,0.1,0.0
40,25-29,old_vaccine,0.0,0.0,0.0,0.0
40,25-29,new_vaccine,0.0,0.0,0.0,0.0
40,30-34,unvaccinated,0.9,16.1,0.0,0.0
40,30-34,old_vaccine,0.0,0.0,0.0,0.0
40,30-34,new_vaccine,0.0,0.0,0.0,0.0
40,35-39,unvaccinated,1.4,21.6,0.0,0.0
40,35-39,old_vaccine,0.0,0.0,0.0,0.0
40,35-39,new_vaccine,0.0,0.0,0.0,0.0
40,40-44,unvaccinated,2.0,10.8,0.0,0.0
40,40-44,old_vaccine,0.0,0.0,0.0,0.0
40,40-44,new_vaccine,0.0,0.0,0.0,0.0
40,45-49,unvaccinated,0.3,15.5,0.0,0.0
40,45-49,old_vaccine,0.0,0.0,0.0,0.0
40,45-49,new_vaccine,0.0,0.0,0.0,0.0
40,50-54,unvaccinated,3.1,15.7,0.0,0.0
40,50-54,old_vaccine,0.0,0.0,0.0,0.0
40,50-54,new_vaccine,0.0,0.0,0.0,0.0
40,55-59,unvaccinated,3.0,16.8,0.0,0.0
40,55-59,old_vaccine,0.0,0.0,0.0,0.0
40,55-59,new_vaccine,0.0,0.0,0.0,0.0
40,60-64,unvaccinated,5.1,12.6,0.1,0.0
40,60-64,old_vaccine,0.0,0.0,0.0,0.0
40,60-64,new_vaccine,0.0,0.0,0.0,0.0
40,65-69,unvaccinated,5.0,5.2,0.0,0.0
40,65-69,old_vaccine,0.0,0.0,0.0,0.0
40,65-69,new_vaccine,0.0,0.0,0.0,0.0
40,70-74,unvaccinated,7.7,3.7,0.1,0.0
40,70-74,old_vaccine,0.0,0.0,0.0,0.0
40,70-74,new_vaccine,0.0,0.0,0.0,0.0
40,75+,unvaccinated,13.3,7.5,0.0,0.0
40,75+,old_vaccine,0.0,0.0,0.0,0.0
40,75+,new_vaccine,0.0,0.0,0.0,0.0
41,0-4,unvaccinated,1.4,11.4,0.0,0.0
41,0-4,old_vaccine,0.0,0.0,0.0,0.0
41,0-4,new_vaccine,0.0,0.0,0.0,0.0
41,5-9,unvaccinated,0.2,14.4,0.0,0.0
41,5-9,old_vaccine,0.0,0.0,0.0,0.0
41,5-9,new_vaccine,0.0,0.0,0.0,0.0
41,10-14,unvaccinated,0.3,15.5,0.0,0.0
41,10-14,old_vaccine,0.0,0.0,0.0,0.0
41,10-14,new_vaccine,0.0,0.0,0.0,0.0
41,15-19,unvaccinated,0.0,14.1,0.0,0.0
41,15-19,old_vaccine,0.0,0.0,0.0,0.0
41,15-19,new_vaccine,0.0,0.0,0.0,0.0
41,20-24,unvaccinated,1.1,15.8,0.0,0.0
41,20-24,old_vaccine,0.0,0.0,0.0,0.0
41,20-24,new_vaccine,0.0,0.0,0.0,0.0
41,25-29,unvaccinated,1.7,19.2,0.1,0.0
41,25-29,old_vaccine,0.0,0.0,0.0,0.0
41,25-29,new_vaccine,0.0,0.0,0.0,0.0
41,30-34,unvaccinated,0.8,15.6,0.0,0.0
41,30-34,old_vaccine,0.0,0.0,0.0,0.0
41,30-34,new_vaccine,0.0,0.0,0.0,0.0
41,35-39,unvaccinated,1.3,21.5,0.0,0.0
41,35-39,old_vaccine,0.0,0.0,0.0,0.0
41,35-39,new_vaccine,0.0,0.0,0.0,0.0
41,40-44,unvaccinated,1.9,10.5,0.0,0.0
41,40-44,old_vaccine,0.0,0.0,0.0,0.0
41,40-44,new_vaccine,0.0,0.0,0.0,0.0
41,45-49,unvaccinated,0.4,15.4,0.0,0.0
41,45-49,old_vaccine,0.0,0.0,0.0,0.0
41,45-49,new_vaccine,0.0,0.0,0.0,0.0
41,50-54,unvaccinated,3.1,15.7,0.0,0.0
41,50-54,old_vaccine,0.0,0.0,0.0,0.0
41,50-54,new_vaccine,0.0,0.0,0.0,0.0
41,55-59,unvaccinated,3.0,16.9,0.0,0.0
41,55-59,old_vaccine,0.0,0.0,0.0,0.0
41,55-59,new_vaccine,0.0,0.0,0.0,0.0
41,60-64,unvaccinated,5.1,12.7,0.1,0.0
41,60-64,old_vaccine,0.0,0.0,0.0,0.0
41,60-64,new_vaccine,0.0,0.0,0.0,0.0
41,65-69,unvaccinated,4.8,5.1,0.0,0.0
41,65-69,old_vaccine,0.0,0.0,0.0,0.0
41,65-69,new_vaccine,0.0,0.0,0.0,0.0
41,70-74,unvaccinated,7.6,3.6,0.1,0.0
41,70-74,old_vaccine,0.0,0.0,0.0,0.0
41,70-74,new_vaccine,0.0,0.0,0.0,0.0
41,75+,unvaccinated,14.0,7.3,0.0,0.0
41,75+,old_vaccine,0.0,0.0,0.0,0.0
41,75+,new_vaccine,0.0,0.0,0.0,0.0
42,0-4,unvaccinated,1.4,11.3,0.0,0.0
42,0-4,old_vaccine,0.0,0.0,0.0,0.0
42,0-4,new_vaccine,0.0,0.0,0.0,0.0
42,5-9,unvaccinated,0.1,14.9,0.0,0.0
42,5-9,old_vaccine,0.0,0.0,0.0,0.0
42,5-9,new_vaccine,0.0,0.0,0.0,0.0
42,10-14,unvaccinated,0.3,15.2,0.0,0.0
42,10-14,old_vaccine,0.0,0.0,0.0,0.0
42,10-14,new_vaccine,0.0,0.0,0.0,0.0
42,15-19,unvaccinated,0.0,14.0,0.0,0.0
42,15-19,old_vaccine,0.0,0.0,0.0,0.0
42,15-19,new_vaccine,0.0,0.0,0.0,0.0
42,20-24,unvaccinated,1.0,15.9,0.0,0.0
42,20-24,old_vaccine,0.0,0.0,0.0,0.0
42,20-24,new_vaccine,0.0,0.0,0.0,0.0
42,25-29,unvaccinated,1.7,19.1,0.1,0.0
42,25-29,old_vaccine,0.0,0.0,0.0,0.0
42,25-29,new_vaccine,0.0,0.0,0.0,0.0
42,30-34,unvaccinated,0.9,15.7,0.0,0.0
42,30-34,old_vaccine,0.0,0.0,0.0,0.0
42,30-34,new_vaccine,0.0,0.0,0.0,0.0
42,35-39,unvaccinated,1.2,21.3,0.0,0.0
42,35-39,old_vaccine,0.0,0.0,0.0,0.0
42,35-39,new_vaccine,0.0,0.0,0.0,0.0
42,40-44,unvaccinated,1.9,9.9,0.0,0.0
42,40-44,old_vaccine,0.0,0.0,0.0,0.0
42,40-44,new_vaccine,0.0,0.0,0.0,0.0
42,45-49,unvaccinated,0.3,15.5,0.0,0.0
42,45-49,old_vaccine,0.0,0.0,0.0,0.0
42,45-49,new_vaccine,0.0,0.0,0.0,0.0
42,50-54,unvaccinated,3.3,15.9,0.0,0.0
42,50-54,old_vaccine,0.0,0.0,0.0,0.0
42,50-54,new_vaccine,0.0,0.0,0.0,0.0
42,55-59,unvaccinated,3.4,16.8,0.0,0.0
42,55-59,old_vaccine,0.0,0.0,0.0,0.0
42,55-59,new_vaccine,0.0,0.0,0.0,0.0
42,60-64,unvaccinated,5.0,12.9,0.1,0.0
42,60-64,old_vaccine,0.0,0.0,0.0,0.0
42,60-64,new_vaccine,0.0,0.0,0.0,0.0
42,65-69,unvaccinated,4.7,5.1,0.0,0.0
42,65-69,old_vaccine,0.0,0.0,0.0,0.0
42,65-69,new_vaccine,0.0,0.0,0.0,0.0
42,70-74,unvaccinated,8.1,3.5,0.1,0.0
42,70-74,old_vaccine,0.0,0.0,0.0,0.0
42,70-74,new_vaccine,0.0,0.0,0.0,0.0
42,75+,unvaccinated,13.9,7.3,0.0,0.0
42,75+,old_vaccine,0.0,0.0,0.0,0.0
42,75+,new_vaccine,0.0,0.0,0.0,0.0
43,0-4,unvaccinated,1.4,11.1,0.0,0.0
=======
30,5-9,unvaccinated,0.0,3.6666666666666665,0.0,0.0
30,5-9,old_vaccine,0.0,0.0,0.0,0.0
30,5-9,new_vaccine,0.0,0.0,0.0,0.0
30,10-14,unvaccinated,0.0,7.333333333333333,0.0,0.0
30,10-14,old_vaccine,0.0,0.0,0.0,0.0
30,10-14,new_vaccine,0.0,0.0,0.0,0.0
30,15-19,unvaccinated,0.0,7.0,0.0,0.0
30,15-19,old_vaccine,0.0,0.0,0.0,0.0
30,15-19,new_vaccine,0.0,0.0,0.0,0.0
30,20-24,unvaccinated,0.0,4.333333333333333,0.0,0.0
30,20-24,old_vaccine,0.0,0.0,0.0,0.0
30,20-24,new_vaccine,0.0,0.0,0.0,0.0
30,25-29,unvaccinated,1.3333333333333333,7.333333333333333,0.0,0.0
30,25-29,old_vaccine,0.0,0.0,0.0,0.0
30,25-29,new_vaccine,0.0,0.0,0.0,0.0
30,30-34,unvaccinated,0.0,5.666666666666667,0.0,0.0
30,30-34,old_vaccine,0.0,0.0,0.0,0.0
30,30-34,new_vaccine,0.0,0.0,0.0,0.0
30,35-39,unvaccinated,0.3333333333333333,5.666666666666667,0.0,0.0
30,35-39,old_vaccine,0.0,0.0,0.0,0.0
30,35-39,new_vaccine,0.0,0.0,0.0,0.0
30,40-44,unvaccinated,1.3333333333333333,4.0,0.0,0.0
30,40-44,old_vaccine,0.0,0.0,0.0,0.0
30,40-44,new_vaccine,0.0,0.0,0.0,0.0
30,45-49,unvaccinated,1.3333333333333333,5.666666666666667,0.0,0.0
30,45-49,old_vaccine,0.0,0.0,0.0,0.0
30,45-49,new_vaccine,0.0,0.0,0.0,0.0
30,50-54,unvaccinated,1.3333333333333333,3.0,0.0,0.0
30,50-54,old_vaccine,0.0,0.0,0.0,0.0
30,50-54,new_vaccine,0.0,0.0,0.0,0.0
30,55-59,unvaccinated,3.0,3.0,0.3333333333333333,0.0
30,55-59,old_vaccine,0.0,0.0,0.0,0.0
30,55-59,new_vaccine,0.0,0.0,0.0,0.0
30,60-64,unvaccinated,1.0,6.333333333333333,0.0,0.0
30,60-64,old_vaccine,0.0,0.0,0.0,0.0
30,60-64,new_vaccine,0.0,0.0,0.0,0.0
30,65-69,unvaccinated,2.6666666666666665,2.3333333333333335,0.0,0.0
30,65-69,old_vaccine,0.0,0.0,0.0,0.0
30,65-69,new_vaccine,0.0,0.0,0.0,0.0
30,70-74,unvaccinated,4.333333333333333,1.6666666666666667,0.3333333333333333,0.0
30,70-74,old_vaccine,0.0,0.0,0.0,0.0
30,70-74,new_vaccine,0.0,0.0,0.0,0.0
30,75+,unvaccinated,5.0,3.6666666666666665,0.6666666666666666,0.0
30,75+,old_vaccine,0.0,0.0,0.0,0.0
30,75+,new_vaccine,0.0,0.0,0.0,0.0
31,0-4,unvaccinated,0.0,5.666666666666667,0.0,0.0
31,0-4,old_vaccine,0.0,0.0,0.0,0.0
31,0-4,new_vaccine,0.0,0.0,0.0,0.0
31,5-9,unvaccinated,0.0,3.6666666666666665,0.0,0.0
31,5-9,old_vaccine,0.0,0.0,0.0,0.0
31,5-9,new_vaccine,0.0,0.0,0.0,0.0
31,10-14,unvaccinated,0.0,7.0,0.0,0.0
31,10-14,old_vaccine,0.0,0.0,0.0,0.0
31,10-14,new_vaccine,0.0,0.0,0.0,0.0
31,15-19,unvaccinated,0.0,7.333333333333333,0.0,0.0
31,15-19,old_vaccine,0.0,0.0,0.0,0.0
31,15-19,new_vaccine,0.0,0.0,0.0,0.0
31,20-24,unvaccinated,0.0,4.333333333333333,0.0,0.0
31,20-24,old_vaccine,0.0,0.0,0.0,0.0
31,20-24,new_vaccine,0.0,0.0,0.0,0.0
31,25-29,unvaccinated,1.3333333333333333,6.333333333333333,0.0,0.0
31,25-29,old_vaccine,0.0,0.0,0.0,0.0
31,25-29,new_vaccine,0.0,0.0,0.0,0.0
31,30-34,unvaccinated,0.0,5.666666666666667,0.0,0.0
31,30-34,old_vaccine,0.0,0.0,0.0,0.0
31,30-34,new_vaccine,0.0,0.0,0.0,0.0
31,35-39,unvaccinated,0.3333333333333333,6.0,0.0,0.0
31,35-39,old_vaccine,0.0,0.0,0.0,0.0
31,35-39,new_vaccine,0.0,0.0,0.0,0.0
31,40-44,unvaccinated,1.3333333333333333,4.666666666666667,0.0,0.0
31,40-44,old_vaccine,0.0,0.0,0.0,0.0
31,40-44,new_vaccine,0.0,0.0,0.0,0.0
31,45-49,unvaccinated,1.3333333333333333,5.666666666666667,0.0,0.0
31,45-49,old_vaccine,0.0,0.0,0.0,0.0
31,45-49,new_vaccine,0.0,0.0,0.0,0.0
31,50-54,unvaccinated,1.3333333333333333,2.3333333333333335,0.0,0.0
31,50-54,old_vaccine,0.0,0.0,0.0,0.0
31,50-54,new_vaccine,0.0,0.0,0.0,0.0
31,55-59,unvaccinated,3.3333333333333335,3.6666666666666665,0.3333333333333333,0.0
31,55-59,old_vaccine,0.0,0.0,0.0,0.0
31,55-59,new_vaccine,0.0,0.0,0.0,0.0
31,60-64,unvaccinated,1.0,6.0,0.0,0.0
31,60-64,old_vaccine,0.0,0.0,0.0,0.0
31,60-64,new_vaccine,0.0,0.0,0.0,0.0
31,65-69,unvaccinated,3.0,2.0,0.0,0.0
31,65-69,old_vaccine,0.0,0.0,0.0,0.0
31,65-69,new_vaccine,0.0,0.0,0.0,0.0
31,70-74,unvaccinated,4.666666666666667,1.6666666666666667,0.3333333333333333,0.0
31,70-74,old_vaccine,0.0,0.0,0.0,0.0
31,70-74,new_vaccine,0.0,0.0,0.0,0.0
31,75+,unvaccinated,4.333333333333333,3.3333333333333335,0.6666666666666666,0.0
31,75+,old_vaccine,0.0,0.0,0.0,0.0
31,75+,new_vaccine,0.0,0.0,0.0,0.0
32,0-4,unvaccinated,0.0,6.0,0.0,0.0
32,0-4,old_vaccine,0.0,0.0,0.0,0.0
32,0-4,new_vaccine,0.0,0.0,0.0,0.0
32,5-9,unvaccinated,0.0,4.666666666666667,0.0,0.0
32,5-9,old_vaccine,0.0,0.0,0.0,0.0
32,5-9,new_vaccine,0.0,0.0,0.0,0.0
32,10-14,unvaccinated,0.0,7.0,0.0,0.0
32,10-14,old_vaccine,0.0,0.0,0.0,0.0
32,10-14,new_vaccine,0.0,0.0,0.0,0.0
32,15-19,unvaccinated,0.0,7.333333333333333,0.0,0.0
32,15-19,old_vaccine,0.0,0.0,0.0,0.0
32,15-19,new_vaccine,0.0,0.0,0.0,0.0
32,20-24,unvaccinated,0.0,4.666666666666667,0.0,0.0
32,20-24,old_vaccine,0.0,0.0,0.0,0.0
32,20-24,new_vaccine,0.0,0.0,0.0,0.0
32,25-29,unvaccinated,1.6666666666666667,6.333333333333333,0.0,0.0
32,25-29,old_vaccine,0.0,0.0,0.0,0.0
32,25-29,new_vaccine,0.0,0.0,0.0,0.0
32,30-34,unvaccinated,0.0,5.666666666666667,0.0,0.0
32,30-34,old_vaccine,0.0,0.0,0.0,0.0
32,30-34,new_vaccine,0.0,0.0,0.0,0.0
32,35-39,unvaccinated,0.3333333333333333,7.0,0.0,0.0
32,35-39,old_vaccine,0.0,0.0,0.0,0.0
32,35-39,new_vaccine,0.0,0.0,0.0,0.0
32,40-44,unvaccinated,1.0,4.666666666666667,0.0,0.0
32,40-44,old_vaccine,0.0,0.0,0.0,0.0
32,40-44,new_vaccine,0.0,0.0,0.0,0.0
32,45-49,unvaccinated,1.6666666666666667,5.666666666666667,0.0,0.0
32,45-49,old_vaccine,0.0,0.0,0.0,0.0
32,45-49,new_vaccine,0.0,0.0,0.0,0.0
32,50-54,unvaccinated,1.3333333333333333,3.3333333333333335,0.0,0.0
32,50-54,old_vaccine,0.0,0.0,0.0,0.0
32,50-54,new_vaccine,0.0,0.0,0.0,0.0
32,55-59,unvaccinated,3.6666666666666665,3.0,0.3333333333333333,0.0
32,55-59,old_vaccine,0.0,0.0,0.0,0.0
32,55-59,new_vaccine,0.0,0.0,0.0,0.0
32,60-64,unvaccinated,1.0,6.0,0.0,0.0
32,60-64,old_vaccine,0.0,0.0,0.0,0.0
32,60-64,new_vaccine,0.0,0.0,0.0,0.0
32,65-69,unvaccinated,3.3333333333333335,1.6666666666666667,0.0,0.0
32,65-69,old_vaccine,0.0,0.0,0.0,0.0
32,65-69,new_vaccine,0.0,0.0,0.0,0.0
32,70-74,unvaccinated,5.333333333333333,1.3333333333333333,0.3333333333333333,0.0
32,70-74,old_vaccine,0.0,0.0,0.0,0.0
32,70-74,new_vaccine,0.0,0.0,0.0,0.0
32,75+,unvaccinated,4.0,3.3333333333333335,0.6666666666666666,0.0
32,75+,old_vaccine,0.0,0.0,0.0,0.0
32,75+,new_vaccine,0.0,0.0,0.0,0.0
33,0-4,unvaccinated,0.0,6.333333333333333,0.0,0.0
33,0-4,old_vaccine,0.0,0.0,0.0,0.0
33,0-4,new_vaccine,0.0,0.0,0.0,0.0
33,5-9,unvaccinated,0.0,5.333333333333333,0.0,0.0
33,5-9,old_vaccine,0.0,0.0,0.0,0.0
33,5-9,new_vaccine,0.0,0.0,0.0,0.0
33,10-14,unvaccinated,0.0,7.0,0.0,0.0
33,10-14,old_vaccine,0.0,0.0,0.0,0.0
33,10-14,new_vaccine,0.0,0.0,0.0,0.0
33,15-19,unvaccinated,0.0,7.333333333333333,0.0,0.0
33,15-19,old_vaccine,0.0,0.0,0.0,0.0
33,15-19,new_vaccine,0.0,0.0,0.0,0.0
33,20-24,unvaccinated,0.3333333333333333,6.0,0.0,0.0
33,20-24,old_vaccine,0.0,0.0,0.0,0.0
33,20-24,new_vaccine,0.0,0.0,0.0,0.0
33,25-29,unvaccinated,1.3333333333333333,6.0,0.0,0.0
33,25-29,old_vaccine,0.0,0.0,0.0,0.0
33,25-29,new_vaccine,0.0,0.0,0.0,0.0
33,30-34,unvaccinated,0.3333333333333333,6.666666666666667,0.0,0.0
33,30-34,old_vaccine,0.0,0.0,0.0,0.0
33,30-34,new_vaccine,0.0,0.0,0.0,0.0
33,35-39,unvaccinated,0.3333333333333333,7.0,0.0,0.0
33,35-39,old_vaccine,0.0,0.0,0.0,0.0
33,35-39,new_vaccine,0.0,0.0,0.0,0.0
33,40-44,unvaccinated,1.0,5.333333333333333,0.0,0.0
33,40-44,old_vaccine,0.0,0.0,0.0,0.0
33,40-44,new_vaccine,0.0,0.0,0.0,0.0
33,45-49,unvaccinated,1.3333333333333333,5.666666666666667,0.0,0.0
33,45-49,old_vaccine,0.0,0.0,0.0,0.0
33,45-49,new_vaccine,0.0,0.0,0.0,0.0
33,50-54,unvaccinated,1.3333333333333333,3.6666666666666665,0.0,0.0
33,50-54,old_vaccine,0.0,0.0,0.0,0.0
33,50-54,new_vaccine,0.0,0.0,0.0,0.0
33,55-59,unvaccinated,3.3333333333333335,4.0,0.3333333333333333,0.0
33,55-59,old_vaccine,0.0,0.0,0.0,0.0
33,55-59,new_vaccine,0.0,0.0,0.0,0.0
33,60-64,unvaccinated,1.3333333333333333,7.0,0.0,0.0
33,60-64,old_vaccine,0.0,0.0,0.0,0.0
33,60-64,new_vaccine,0.0,0.0,0.0,0.0
33,65-69,unvaccinated,3.6666666666666665,2.0,0.0,0.0
33,65-69,old_vaccine,0.0,0.0,0.0,0.0
33,65-69,new_vaccine,0.0,0.0,0.0,0.0
33,70-74,unvaccinated,5.0,1.3333333333333333,0.3333333333333333,0.0
33,70-74,old_vaccine,0.0,0.0,0.0,0.0
33,70-74,new_vaccine,0.0,0.0,0.0,0.0
33,75+,unvaccinated,3.6666666666666665,3.3333333333333335,0.6666666666666666,0.0
33,75+,old_vaccine,0.0,0.0,0.0,0.0
33,75+,new_vaccine,0.0,0.0,0.0,0.0
34,0-4,unvaccinated,0.0,6.666666666666667,0.0,0.0
34,0-4,old_vaccine,0.0,0.0,0.0,0.0
34,0-4,new_vaccine,0.0,0.0,0.0,0.0
34,5-9,unvaccinated,0.0,5.333333333333333,0.0,0.0
34,5-9,old_vaccine,0.0,0.0,0.0,0.0
34,5-9,new_vaccine,0.0,0.0,0.0,0.0
34,10-14,unvaccinated,0.0,7.333333333333333,0.0,0.0
34,10-14,old_vaccine,0.0,0.0,0.0,0.0
34,10-14,new_vaccine,0.0,0.0,0.0,0.0
34,15-19,unvaccinated,0.0,7.0,0.0,0.0
34,15-19,old_vaccine,0.0,0.0,0.0,0.0
34,15-19,new_vaccine,0.0,0.0,0.0,0.0
34,20-24,unvaccinated,0.3333333333333333,6.333333333333333,0.0,0.0
34,20-24,old_vaccine,0.0,0.0,0.0,0.0
34,20-24,new_vaccine,0.0,0.0,0.0,0.0
34,25-29,unvaccinated,1.3333333333333333,5.666666666666667,0.0,0.0
34,25-29,old_vaccine,0.0,0.0,0.0,0.0
34,25-29,new_vaccine,0.0,0.0,0.0,0.0
34,30-34,unvaccinated,0.3333333333333333,7.333333333333333,0.0,0.0
34,30-34,old_vaccine,0.0,0.0,0.0,0.0
34,30-34,new_vaccine,0.0,0.0,0.0,0.0
34,35-39,unvaccinated,0.3333333333333333,6.0,0.0,0.0
34,35-39,old_vaccine,0.0,0.0,0.0,0.0
34,35-39,new_vaccine,0.0,0.0,0.0,0.0
34,40-44,unvaccinated,1.3333333333333333,6.0,0.0,0.0
34,40-44,old_vaccine,0.0,0.0,0.0,0.0
34,40-44,new_vaccine,0.0,0.0,0.0,0.0
34,45-49,unvaccinated,1.3333333333333333,6.333333333333333,0.0,0.0
34,45-49,old_vaccine,0.0,0.0,0.0,0.0
34,45-49,new_vaccine,0.0,0.0,0.0,0.0
34,50-54,unvaccinated,1.3333333333333333,4.0,0.0,0.0
34,50-54,old_vaccine,0.0,0.0,0.0,0.0
34,50-54,new_vaccine,0.0,0.0,0.0,0.0
34,55-59,unvaccinated,3.3333333333333335,4.333333333333333,0.3333333333333333,0.0
34,55-59,old_vaccine,0.0,0.0,0.0,0.0
34,55-59,new_vaccine,0.0,0.0,0.0,0.0
34,60-64,unvaccinated,1.3333333333333333,6.666666666666667,0.0,0.0
34,60-64,old_vaccine,0.0,0.0,0.0,0.0
34,60-64,new_vaccine,0.0,0.0,0.0,0.0
34,65-69,unvaccinated,3.6666666666666665,2.3333333333333335,0.0,0.0
34,65-69,old_vaccine,0.0,0.0,0.0,0.0
34,65-69,new_vaccine,0.0,0.0,0.0,0.0
34,70-74,unvaccinated,5.0,1.6666666666666667,0.3333333333333333,0.0
34,70-74,old_vaccine,0.0,0.0,0.0,0.0
34,70-74,new_vaccine,0.0,0.0,0.0,0.0
34,75+,unvaccinated,3.3333333333333335,3.0,0.6666666666666666,0.0
34,75+,old_vaccine,0.0,0.0,0.0,0.0
34,75+,new_vaccine,0.0,0.0,0.0,0.0
35,0-4,unvaccinated,0.0,6.666666666666667,0.0,0.0
35,0-4,old_vaccine,0.0,0.0,0.0,0.0
35,0-4,new_vaccine,0.0,0.0,0.0,0.0
35,5-9,unvaccinated,0.0,6.0,0.0,0.0
35,5-9,old_vaccine,0.0,0.0,0.0,0.0
35,5-9,new_vaccine,0.0,0.0,0.0,0.0
35,10-14,unvaccinated,0.0,7.333333333333333,0.0,0.0
35,10-14,old_vaccine,0.0,0.0,0.0,0.0
35,10-14,new_vaccine,0.0,0.0,0.0,0.0
35,15-19,unvaccinated,0.0,7.333333333333333,0.0,0.0
35,15-19,old_vaccine,0.0,0.0,0.0,0.0
35,15-19,new_vaccine,0.0,0.0,0.0,0.0
35,20-24,unvaccinated,0.3333333333333333,6.0,0.0,0.0
35,20-24,old_vaccine,0.0,0.0,0.0,0.0
35,20-24,new_vaccine,0.0,0.0,0.0,0.0
35,25-29,unvaccinated,1.3333333333333333,5.666666666666667,0.0,0.0
35,25-29,old_vaccine,0.0,0.0,0.0,0.0
35,25-29,new_vaccine,0.0,0.0,0.0,0.0
35,30-34,unvaccinated,0.3333333333333333,7.666666666666667,0.0,0.0
35,30-34,old_vaccine,0.0,0.0,0.0,0.0
35,30-34,new_vaccine,0.0,0.0,0.0,0.0
35,35-39,unvaccinated,0.3333333333333333,5.666666666666667,0.0,0.0
35,35-39,old_vaccine,0.0,0.0,0.0,0.0
35,35-39,new_vaccine,0.0,0.0,0.0,0.0
35,40-44,unvaccinated,1.3333333333333333,6.0,0.0,0.0
35,40-44,old_vaccine,0.0,0.0,0.0,0.0
35,40-44,new_vaccine,0.0,0.0,0.0,0.0
35,45-49,unvaccinated,1.3333333333333333,6.333333333333333,0.0,0.0
35,45-49,old_vaccine,0.0,0.0,0.0,0.0
35,45-49,new_vaccine,0.0,0.0,0.0,0.0
35,50-54,unvaccinated,1.3333333333333333,4.333333333333333,0.0,0.0
35,50-54,old_vaccine,0.0,0.0,0.0,0.0
35,50-54,new_vaccine,0.0,0.0,0.0,0.0
35,55-59,unvaccinated,3.6666666666666665,4.666666666666667,0.0,0.0
35,55-59,old_vaccine,0.0,0.0,0.0,0.0
35,55-59,new_vaccine,0.0,0.0,0.0,0.0
35,60-64,unvaccinated,1.0,6.0,0.0,0.0
35,60-64,old_vaccine,0.0,0.0,0.0,0.0
35,60-64,new_vaccine,0.0,0.0,0.0,0.0
35,65-69,unvaccinated,4.0,2.3333333333333335,0.0,0.0
35,65-69,old_vaccine,0.0,0.0,0.0,0.0
35,65-69,new_vaccine,0.0,0.0,0.0,0.0
35,70-74,unvaccinated,4.666666666666667,1.6666666666666667,0.3333333333333333,0.0
35,70-74,old_vaccine,0.0,0.0,0.0,0.0
35,70-74,new_vaccine,0.0,0.0,0.0,0.0
35,75+,unvaccinated,3.3333333333333335,3.0,0.6666666666666666,0.0
35,75+,old_vaccine,0.0,0.0,0.0,0.0
35,75+,new_vaccine,0.0,0.0,0.0,0.0
36,0-4,unvaccinated,0.0,6.666666666666667,0.0,0.0
36,0-4,old_vaccine,0.0,0.0,0.0,0.0
36,0-4,new_vaccine,0.0,0.0,0.0,0.0
36,5-9,unvaccinated,0.0,6.0,0.0,0.0
36,5-9,old_vaccine,0.0,0.0,0.0,0.0
36,5-9,new_vaccine,0.0,0.0,0.0,0.0
36,10-14,unvaccinated,0.0,7.333333333333333,0.0,0.0
36,10-14,old_vaccine,0.0,0.0,0.0,0.0
36,10-14,new_vaccine,0.0,0.0,0.0,0.0
36,15-19,unvaccinated,0.0,6.666666666666667,0.0,0.0
36,15-19,old_vaccine,0.0,0.0,0.0,0.0
36,15-19,new_vaccine,0.0,0.0,0.0,0.0
36,20-24,unvaccinated,0.3333333333333333,6.666666666666667,0.0,0.0
36,20-24,old_vaccine,0.0,0.0,0.0,0.0
36,20-24,new_vaccine,0.0,0.0,0.0,0.0
36,25-29,unvaccinated,1.3333333333333333,6.0,0.0,0.0
36,25-29,old_vaccine,0.0,0.0,0.0,0.0
36,25-29,new_vaccine,0.0,0.0,0.0,0.0
36,30-34,unvaccinated,0.6666666666666666,8.666666666666666,0.0,0.0
36,30-34,old_vaccine,0.0,0.0,0.0,0.0
36,30-34,new_vaccine,0.0,0.0,0.0,0.0
36,35-39,unvaccinated,0.0,6.0,0.0,0.0
36,35-39,old_vaccine,0.0,0.0,0.0,0.0
36,35-39,new_vaccine,0.0,0.0,0.0,0.0
36,40-44,unvaccinated,1.3333333333333333,6.333333333333333,0.0,0.0
36,40-44,old_vaccine,0.0,0.0,0.0,0.0
36,40-44,new_vaccine,0.0,0.0,0.0,0.0
36,45-49,unvaccinated,1.3333333333333333,5.666666666666667,0.0,0.0
36,45-49,old_vaccine,0.0,0.0,0.0,0.0
36,45-49,new_vaccine,0.0,0.0,0.0,0.0
36,50-54,unvaccinated,1.3333333333333333,4.333333333333333,0.0,0.0
36,50-54,old_vaccine,0.0,0.0,0.0,0.0
36,50-54,new_vaccine,0.0,0.0,0.0,0.0
36,55-59,unvaccinated,3.3333333333333335,4.0,0.0,0.0
36,55-59,old_vaccine,0.0,0.0,0.0,0.0
36,55-59,new_vaccine,0.0,0.0,0.0,0.0
36,60-64,unvaccinated,1.0,6.333333333333333,0.0,0.0
36,60-64,old_vaccine,0.0,0.0,0.0,0.0
36,60-64,new_vaccine,0.0,0.0,0.0,0.0
36,65-69,unvaccinated,4.333333333333333,2.6666666666666665,0.0,0.0
36,65-69,old_vaccine,0.0,0.0,0.0,0.0
36,65-69,new_vaccine,0.0,0.0,0.0,0.0
36,70-74,unvaccinated,4.666666666666667,2.0,0.3333333333333333,0.0
36,70-74,old_vaccine,0.0,0.0,0.0,0.0
36,70-74,new_vaccine,0.0,0.0,0.0,0.0
36,75+,unvaccinated,3.3333333333333335,3.3333333333333335,0.6666666666666666,0.0
36,75+,old_vaccine,0.0,0.0,0.0,0.0
36,75+,new_vaccine,0.0,0.0,0.0,0.0
37,0-4,unvaccinated,0.0,5.333333333333333,0.0,0.0
37,0-4,old_vaccine,0.0,0.0,0.0,0.0
37,0-4,new_vaccine,0.0,0.0,0.0,0.0
37,5-9,unvaccinated,0.0,6.0,0.0,0.0
37,5-9,old_vaccine,0.0,0.0,0.0,0.0
37,5-9,new_vaccine,0.0,0.0,0.0,0.0
37,10-14,unvaccinated,0.0,7.333333333333333,0.0,0.0
37,10-14,old_vaccine,0.0,0.0,0.0,0.0
37,10-14,new_vaccine,0.0,0.0,0.0,0.0
37,15-19,unvaccinated,0.0,6.333333333333333,0.0,0.0
37,15-19,old_vaccine,0.0,0.0,0.0,0.0
37,15-19,new_vaccine,0.0,0.0,0.0,0.0
37,20-24,unvaccinated,0.3333333333333333,7.0,0.0,0.0
37,20-24,old_vaccine,0.0,0.0,0.0,0.0
37,20-24,new_vaccine,0.0,0.0,0.0,0.0
37,25-29,unvaccinated,1.3333333333333333,7.0,0.0,0.0
37,25-29,old_vaccine,0.0,0.0,0.0,0.0
37,25-29,new_vaccine,0.0,0.0,0.0,0.0
37,30-34,unvaccinated,0.6666666666666666,8.666666666666666,0.0,0.0
37,30-34,old_vaccine,0.0,0.0,0.0,0.0
37,30-34,new_vaccine,0.0,0.0,0.0,0.0
37,35-39,unvaccinated,0.0,6.0,0.0,0.0
37,35-39,old_vaccine,0.0,0.0,0.0,0.0
37,35-39,new_vaccine,0.0,0.0,0.0,0.0
37,40-44,unvaccinated,1.3333333333333333,6.0,0.0,0.0
37,40-44,old_vaccine,0.0,0.0,0.0,0.0
37,40-44,new_vaccine,0.0,0.0,0.0,0.0
37,45-49,unvaccinated,1.3333333333333333,6.0,0.0,0.0
37,45-49,old_vaccine,0.0,0.0,0.0,0.0
37,45-49,new_vaccine,0.0,0.0,0.0,0.0
37,50-54,unvaccinated,1.3333333333333333,5.333333333333333,0.0,0.0
37,50-54,old_vaccine,0.0,0.0,0.0,0.0
37,50-54,new_vaccine,0.0,0.0,0.0,0.0
37,55-59,unvaccinated,3.6666666666666665,3.6666666666666665,0.0,0.0
37,55-59,old_vaccine,0.0,0.0,0.0,0.0
37,55-59,new_vaccine,0.0,0.0,0.0,0.0
37,60-64,unvaccinated,1.3333333333333333,5.666666666666667,0.0,0.0
37,60-64,old_vaccine,0.0,0.0,0.0,0.0
37,60-64,new_vaccine,0.0,0.0,0.0,0.0
37,65-69,unvaccinated,4.666666666666667,2.3333333333333335,0.0,0.0
37,65-69,old_vaccine,0.0,0.0,0.0,0.0
37,65-69,new_vaccine,0.0,0.0,0.0,0.0
37,70-74,unvaccinated,4.0,2.0,0.3333333333333333,0.0
37,70-74,old_vaccine,0.0,0.0,0.0,0.0
37,70-74,new_vaccine,0.0,0.0,0.0,0.0
37,75+,unvaccinated,3.3333333333333335,3.0,0.6666666666666666,0.0
37,75+,old_vaccine,0.0,0.0,0.0,0.0
37,75+,new_vaccine,0.0,0.0,0.0,0.0
38,0-4,unvaccinated,0.0,5.666666666666667,0.0,0.0
38,0-4,old_vaccine,0.0,0.0,0.0,0.0
38,0-4,new_vaccine,0.0,0.0,0.0,0.0
38,5-9,unvaccinated,0.0,5.666666666666667,0.0,0.0
38,5-9,old_vaccine,0.0,0.0,0.0,0.0
38,5-9,new_vaccine,0.0,0.0,0.0,0.0
38,10-14,unvaccinated,0.0,8.333333333333334,0.0,0.0
38,10-14,old_vaccine,0.0,0.0,0.0,0.0
38,10-14,new_vaccine,0.0,0.0,0.0,0.0
38,15-19,unvaccinated,0.0,6.0,0.0,0.0
38,15-19,old_vaccine,0.0,0.0,0.0,0.0
38,15-19,new_vaccine,0.0,0.0,0.0,0.0
38,20-24,unvaccinated,0.3333333333333333,6.0,0.0,0.0
38,20-24,old_vaccine,0.0,0.0,0.0,0.0
38,20-24,new_vaccine,0.0,0.0,0.0,0.0
38,25-29,unvaccinated,1.3333333333333333,7.0,0.0,0.0
38,25-29,old_vaccine,0.0,0.0,0.0,0.0
38,25-29,new_vaccine,0.0,0.0,0.0,0.0
38,30-34,unvaccinated,0.6666666666666666,8.333333333333334,0.0,0.0
38,30-34,old_vaccine,0.0,0.0,0.0,0.0
38,30-34,new_vaccine,0.0,0.0,0.0,0.0
38,35-39,unvaccinated,0.0,5.666666666666667,0.0,0.0
38,35-39,old_vaccine,0.0,0.0,0.0,0.0
38,35-39,new_vaccine,0.0,0.0,0.0,0.0
38,40-44,unvaccinated,1.3333333333333333,6.0,0.0,0.0
38,40-44,old_vaccine,0.0,0.0,0.0,0.0
38,40-44,new_vaccine,0.0,0.0,0.0,0.0
38,45-49,unvaccinated,1.6666666666666667,5.333333333333333,0.0,0.0
38,45-49,old_vaccine,0.0,0.0,0.0,0.0
38,45-49,new_vaccine,0.0,0.0,0.0,0.0
38,50-54,unvaccinated,1.3333333333333333,4.333333333333333,0.0,0.0
38,50-54,old_vaccine,0.0,0.0,0.0,0.0
38,50-54,new_vaccine,0.0,0.0,0.0,0.0
38,55-59,unvaccinated,3.3333333333333335,2.6666666666666665,0.0,0.0
38,55-59,old_vaccine,0.0,0.0,0.0,0.0
38,55-59,new_vaccine,0.0,0.0,0.0,0.0
38,60-64,unvaccinated,1.3333333333333333,5.0,0.0,0.0
38,60-64,old_vaccine,0.0,0.0,0.0,0.0
38,60-64,new_vaccine,0.0,0.0,0.0,0.0
38,65-69,unvaccinated,4.333333333333333,2.3333333333333335,0.0,0.0
38,65-69,old_vaccine,0.0,0.0,0.0,0.0
38,65-69,new_vaccine,0.0,0.0,0.0,0.0
38,70-74,unvaccinated,4.333333333333333,2.0,0.3333333333333333,0.0
38,70-74,old_vaccine,0.0,0.0,0.0,0.0
38,70-74,new_vaccine,0.0,0.0,0.0,0.0
38,75+,unvaccinated,3.3333333333333335,3.0,1.0,0.0
38,75+,old_vaccine,0.0,0.0,0.0,0.0
38,75+,new_vaccine,0.0,0.0,0.0,0.0
39,0-4,unvaccinated,0.0,5.0,0.0,0.0
39,0-4,old_vaccine,0.0,0.0,0.0,0.0
39,0-4,new_vaccine,0.0,0.0,0.0,0.0
39,5-9,unvaccinated,0.0,5.0,0.0,0.0
39,5-9,old_vaccine,0.0,0.0,0.0,0.0
39,5-9,new_vaccine,0.0,0.0,0.0,0.0
39,10-14,unvaccinated,0.0,8.0,0.0,0.0
39,10-14,old_vaccine,0.0,0.0,0.0,0.0
39,10-14,new_vaccine,0.0,0.0,0.0,0.0
39,15-19,unvaccinated,0.0,6.0,0.0,0.0
39,15-19,old_vaccine,0.0,0.0,0.0,0.0
39,15-19,new_vaccine,0.0,0.0,0.0,0.0
39,20-24,unvaccinated,0.3333333333333333,5.0,0.0,0.0
39,20-24,old_vaccine,0.0,0.0,0.0,0.0
39,20-24,new_vaccine,0.0,0.0,0.0,0.0
39,25-29,unvaccinated,1.0,7.333333333333333,0.0,0.0
39,25-29,old_vaccine,0.0,0.0,0.0,0.0
39,25-29,new_vaccine,0.0,0.0,0.0,0.0
39,30-34,unvaccinated,0.6666666666666666,7.0,0.0,0.0
39,30-34,old_vaccine,0.0,0.0,0.0,0.0
39,30-34,new_vaccine,0.0,0.0,0.0,0.0
39,35-39,unvaccinated,0.0,5.333333333333333,0.0,0.0
39,35-39,old_vaccine,0.0,0.0,0.0,0.0
39,35-39,new_vaccine,0.0,0.0,0.0,0.0
39,40-44,unvaccinated,1.3333333333333333,5.333333333333333,0.0,0.0
39,40-44,old_vaccine,0.0,0.0,0.0,0.0
39,40-44,new_vaccine,0.0,0.0,0.0,0.0
39,45-49,unvaccinated,1.6666666666666667,5.333333333333333,0.0,0.0
39,45-49,old_vaccine,0.0,0.0,0.0,0.0
39,45-49,new_vaccine,0.0,0.0,0.0,0.0
39,50-54,unvaccinated,1.6666666666666667,4.0,0.0,0.0
39,50-54,old_vaccine,0.0,0.0,0.0,0.0
39,50-54,new_vaccine,0.0,0.0,0.0,0.0
39,55-59,unvaccinated,3.3333333333333335,3.0,0.0,0.0
39,55-59,old_vaccine,0.0,0.0,0.0,0.0
39,55-59,new_vaccine,0.0,0.0,0.0,0.0
39,60-64,unvaccinated,1.0,5.0,0.0,0.0
39,60-64,old_vaccine,0.0,0.0,0.0,0.0
39,60-64,new_vaccine,0.0,0.0,0.0,0.0
39,65-69,unvaccinated,4.0,2.3333333333333335,0.0,0.0
39,65-69,old_vaccine,0.0,0.0,0.0,0.0
39,65-69,new_vaccine,0.0,0.0,0.0,0.0
39,70-74,unvaccinated,4.0,2.0,0.3333333333333333,0.0
39,70-74,old_vaccine,0.0,0.0,0.0,0.0
39,70-74,new_vaccine,0.0,0.0,0.0,0.0
39,75+,unvaccinated,3.6666666666666665,3.0,1.0,0.0
39,75+,old_vaccine,0.0,0.0,0.0,0.0
39,75+,new_vaccine,0.0,0.0,0.0,0.0
40,0-4,unvaccinated,0.0,4.333333333333333,0.0,0.0
40,0-4,old_vaccine,0.0,0.0,0.0,0.0
40,0-4,new_vaccine,0.0,0.0,0.0,0.0
40,5-9,unvaccinated,0.0,4.333333333333333,0.0,0.0
40,5-9,old_vaccine,0.0,0.0,0.0,0.0
40,5-9,new_vaccine,0.0,0.0,0.0,0.0
40,10-14,unvaccinated,0.0,8.333333333333334,0.0,0.0
40,10-14,old_vaccine,0.0,0.0,0.0,0.0
40,10-14,new_vaccine,0.0,0.0,0.0,0.0
40,15-19,unvaccinated,0.0,6.0,0.0,0.0
40,15-19,old_vaccine,0.0,0.0,0.0,0.0
40,15-19,new_vaccine,0.0,0.0,0.0,0.0
40,20-24,unvaccinated,0.0,4.666666666666667,0.0,0.0
40,20-24,old_vaccine,0.0,0.0,0.0,0.0
40,20-24,new_vaccine,0.0,0.0,0.0,0.0
40,25-29,unvaccinated,1.3333333333333333,7.666666666666667,0.0,0.0
40,25-29,old_vaccine,0.0,0.0,0.0,0.0
40,25-29,new_vaccine,0.0,0.0,0.0,0.0
40,30-34,unvaccinated,0.3333333333333333,6.0,0.0,0.0
40,30-34,old_vaccine,0.0,0.0,0.0,0.0
40,30-34,new_vaccine,0.0,0.0,0.0,0.0
40,35-39,unvaccinated,0.0,6.333333333333333,0.0,0.0
40,35-39,old_vaccine,0.0,0.0,0.0,0.0
40,35-39,new_vaccine,0.0,0.0,0.0,0.0
40,40-44,unvaccinated,1.3333333333333333,5.333333333333333,0.0,0.0
40,40-44,old_vaccine,0.0,0.0,0.0,0.0
40,40-44,new_vaccine,0.0,0.0,0.0,0.0
40,45-49,unvaccinated,1.6666666666666667,5.333333333333333,0.0,0.0
40,45-49,old_vaccine,0.0,0.0,0.0,0.0
40,45-49,new_vaccine,0.0,0.0,0.0,0.0
40,50-54,unvaccinated,1.6666666666666667,4.0,0.0,0.0
40,50-54,old_vaccine,0.0,0.0,0.0,0.0
40,50-54,new_vaccine,0.0,0.0,0.0,0.0
40,55-59,unvaccinated,3.0,3.0,0.0,0.0
40,55-59,old_vaccine,0.0,0.0,0.0,0.0
40,55-59,new_vaccine,0.0,0.0,0.0,0.0
40,60-64,unvaccinated,1.0,5.333333333333333,0.0,0.0
40,60-64,old_vaccine,0.0,0.0,0.0,0.0
40,60-64,new_vaccine,0.0,0.0,0.0,0.0
40,65-69,unvaccinated,4.333333333333333,2.3333333333333335,0.0,0.0
40,65-69,old_vaccine,0.0,0.0,0.0,0.0
40,65-69,new_vaccine,0.0,0.0,0.0,0.0
40,70-74,unvaccinated,3.3333333333333335,2.3333333333333335,0.3333333333333333,0.0
40,70-74,old_vaccine,0.0,0.0,0.0,0.0
40,70-74,new_vaccine,0.0,0.0,0.0,0.0
40,75+,unvaccinated,5.0,3.0,1.0,0.0
40,75+,old_vaccine,0.0,0.0,0.0,0.0
40,75+,new_vaccine,0.0,0.0,0.0,0.0
41,0-4,unvaccinated,0.0,4.0,0.0,0.0
41,0-4,old_vaccine,0.0,0.0,0.0,0.0
41,0-4,new_vaccine,0.0,0.0,0.0,0.0
41,5-9,unvaccinated,0.0,4.0,0.0,0.0
41,5-9,old_vaccine,0.0,0.0,0.0,0.0
41,5-9,new_vaccine,0.0,0.0,0.0,0.0
41,10-14,unvaccinated,0.0,8.0,0.0,0.0
41,10-14,old_vaccine,0.0,0.0,0.0,0.0
41,10-14,new_vaccine,0.0,0.0,0.0,0.0
41,15-19,unvaccinated,0.0,6.0,0.0,0.0
41,15-19,old_vaccine,0.0,0.0,0.0,0.0
41,15-19,new_vaccine,0.0,0.0,0.0,0.0
41,20-24,unvaccinated,0.0,4.666666666666667,0.0,0.0
41,20-24,old_vaccine,0.0,0.0,0.0,0.0
41,20-24,new_vaccine,0.0,0.0,0.0,0.0
41,25-29,unvaccinated,1.0,7.666666666666667,0.0,0.0
41,25-29,old_vaccine,0.0,0.0,0.0,0.0
41,25-29,new_vaccine,0.0,0.0,0.0,0.0
41,30-34,unvaccinated,0.3333333333333333,5.666666666666667,0.0,0.0
41,30-34,old_vaccine,0.0,0.0,0.0,0.0
41,30-34,new_vaccine,0.0,0.0,0.0,0.0
41,35-39,unvaccinated,0.0,6.333333333333333,0.0,0.0
41,35-39,old_vaccine,0.0,0.0,0.0,0.0
41,35-39,new_vaccine,0.0,0.0,0.0,0.0
41,40-44,unvaccinated,1.3333333333333333,5.333333333333333,0.0,0.0
41,40-44,old_vaccine,0.0,0.0,0.0,0.0
41,40-44,new_vaccine,0.0,0.0,0.0,0.0
41,45-49,unvaccinated,1.6666666666666667,5.333333333333333,0.0,0.0
41,45-49,old_vaccine,0.0,0.0,0.0,0.0
41,45-49,new_vaccine,0.0,0.0,0.0,0.0
41,50-54,unvaccinated,1.6666666666666667,4.333333333333333,0.0,0.0
41,50-54,old_vaccine,0.0,0.0,0.0,0.0
41,50-54,new_vaccine,0.0,0.0,0.0,0.0
41,55-59,unvaccinated,2.6666666666666665,3.6666666666666665,0.0,0.0
41,55-59,old_vaccine,0.0,0.0,0.0,0.0
41,55-59,new_vaccine,0.0,0.0,0.0,0.0
41,60-64,unvaccinated,0.6666666666666666,5.0,0.0,0.0
41,60-64,old_vaccine,0.0,0.0,0.0,0.0
41,60-64,new_vaccine,0.0,0.0,0.0,0.0
41,65-69,unvaccinated,3.3333333333333335,2.0,0.0,0.0
41,65-69,old_vaccine,0.0,0.0,0.0,0.0
41,65-69,new_vaccine,0.0,0.0,0.0,0.0
41,70-74,unvaccinated,3.0,2.0,0.3333333333333333,0.0
41,70-74,old_vaccine,0.0,0.0,0.0,0.0
41,70-74,new_vaccine,0.0,0.0,0.0,0.0
41,75+,unvaccinated,5.0,3.0,1.0,0.0
41,75+,old_vaccine,0.0,0.0,0.0,0.0
41,75+,new_vaccine,0.0,0.0,0.0,0.0
42,0-4,unvaccinated,0.0,4.0,0.0,0.0
42,0-4,old_vaccine,0.0,0.0,0.0,0.0
42,0-4,new_vaccine,0.0,0.0,0.0,0.0
42,5-9,unvaccinated,0.0,4.0,0.0,0.0
42,5-9,old_vaccine,0.0,0.0,0.0,0.0
42,5-9,new_vaccine,0.0,0.0,0.0,0.0
42,10-14,unvaccinated,0.0,7.0,0.0,0.0
42,10-14,old_vaccine,0.0,0.0,0.0,0.0
42,10-14,new_vaccine,0.0,0.0,0.0,0.0
42,15-19,unvaccinated,0.0,6.0,0.0,0.0
42,15-19,old_vaccine,0.0,0.0,0.0,0.0
42,15-19,new_vaccine,0.0,0.0,0.0,0.0
42,20-24,unvaccinated,0.3333333333333333,4.333333333333333,0.0,0.0
42,20-24,old_vaccine,0.0,0.0,0.0,0.0
42,20-24,new_vaccine,0.0,0.0,0.0,0.0
42,25-29,unvaccinated,1.0,7.0,0.0,0.0
42,25-29,old_vaccine,0.0,0.0,0.0,0.0
42,25-29,new_vaccine,0.0,0.0,0.0,0.0
42,30-34,unvaccinated,0.0,5.666666666666667,0.0,0.0
42,30-34,old_vaccine,0.0,0.0,0.0,0.0
42,30-34,new_vaccine,0.0,0.0,0.0,0.0
42,35-39,unvaccinated,0.0,6.666666666666667,0.0,0.0
42,35-39,old_vaccine,0.0,0.0,0.0,0.0
42,35-39,new_vaccine,0.0,0.0,0.0,0.0
42,40-44,unvaccinated,1.3333333333333333,4.0,0.0,0.0
42,40-44,old_vaccine,0.0,0.0,0.0,0.0
42,40-44,new_vaccine,0.0,0.0,0.0,0.0
42,45-49,unvaccinated,1.6666666666666667,5.333333333333333,0.0,0.0
42,45-49,old_vaccine,0.0,0.0,0.0,0.0
42,45-49,new_vaccine,0.0,0.0,0.0,0.0
42,50-54,unvaccinated,1.6666666666666667,4.0,0.0,0.0
42,50-54,old_vaccine,0.0,0.0,0.0,0.0
42,50-54,new_vaccine,0.0,0.0,0.0,0.0
42,55-59,unvaccinated,2.6666666666666665,4.666666666666667,0.0,0.0
42,55-59,old_vaccine,0.0,0.0,0.0,0.0
42,55-59,new_vaccine,0.0,0.0,0.0,0.0
42,60-64,unvaccinated,0.6666666666666666,5.333333333333333,0.0,0.0
42,60-64,old_vaccine,0.0,0.0,0.0,0.0
42,60-64,new_vaccine,0.0,0.0,0.0,0.0
42,65-69,unvaccinated,3.6666666666666665,2.0,0.0,0.0
42,65-69,old_vaccine,0.0,0.0,0.0,0.0
42,65-69,new_vaccine,0.0,0.0,0.0,0.0
42,70-74,unvaccinated,3.0,2.6666666666666665,0.3333333333333333,0.0
42,70-74,old_vaccine,0.0,0.0,0.0,0.0
42,70-74,new_vaccine,0.0,0.0,0.0,0.0
42,75+,unvaccinated,5.0,3.3333333333333335,1.0,0.0
42,75+,old_vaccine,0.0,0.0,0.0,0.0
42,75+,new_vaccine,0.0,0.0,0.0,0.0
43,0-4,unvaccinated,0.0,3.3333333333333335,0.0,0.0
>>>>>>> da2075794f5d2a03a9b01028d16d640646318095
43,0-4,old_vaccine,0.0,0.0,0.0,0.0
43,0-4,new_vaccine,0.0,0.0,0.0,0.0
43,5-9,unvaccinated,0.1,15.0,0.0,0.0
43,5-9,old_vaccine,0.0,0.0,0.0,0.0
43,5-9,new_vaccine,0.0,0.0,0.0,0.0
<<<<<<< HEAD
43,10-14,unvaccinated,0.3,15.8,0.0,0.0
43,10-14,old_vaccine,0.0,0.0,0.0,0.0
43,10-14,new_vaccine,0.0,0.0,0.0,0.0
43,15-19,unvaccinated,0.0,13.8,0.0,0.0
43,15-19,old_vaccine,0.0,0.0,0.0,0.0
43,15-19,new_vaccine,0.0,0.0,0.0,0.0
43,20-24,unvaccinated,1.0,16.3,0.0,0.0
43,20-24,old_vaccine,0.0,0.0,0.0,0.0
43,20-24,new_vaccine,0.0,0.0,0.0,0.0
43,25-29,unvaccinated,1.7,18.5,0.1,0.0
43,25-29,old_vaccine,0.0,0.0,0.0,0.0
43,25-29,new_vaccine,0.0,0.0,0.0,0.0
43,30-34,unvaccinated,1.0,15.6,0.0,0.0
43,30-34,old_vaccine,0.0,0.0,0.0,0.0
43,30-34,new_vaccine,0.0,0.0,0.0,0.0
43,35-39,unvaccinated,1.1,21.5,0.0,0.0
43,35-39,old_vaccine,0.0,0.0,0.0,0.0
43,35-39,new_vaccine,0.0,0.0,0.0,0.0
43,40-44,unvaccinated,1.9,10.2,0.0,0.0
43,40-44,old_vaccine,0.0,0.0,0.0,0.0
43,40-44,new_vaccine,0.0,0.0,0.0,0.0
43,45-49,unvaccinated,0.2,15.4,0.0,0.0
43,45-49,old_vaccine,0.0,0.0,0.0,0.0
43,45-49,new_vaccine,0.0,0.0,0.0,0.0
43,50-54,unvaccinated,3.3,15.4,0.0,0.0
43,50-54,old_vaccine,0.0,0.0,0.0,0.0
43,50-54,new_vaccine,0.0,0.0,0.0,0.0
43,55-59,unvaccinated,3.5,16.9,0.0,0.0
43,55-59,old_vaccine,0.0,0.0,0.0,0.0
43,55-59,new_vaccine,0.0,0.0,0.0,0.0
43,60-64,unvaccinated,5.1,12.7,0.1,0.0
43,60-64,old_vaccine,0.0,0.0,0.0,0.0
43,60-64,new_vaccine,0.0,0.0,0.0,0.0
43,65-69,unvaccinated,4.6,5.0,0.0,0.0
43,65-69,old_vaccine,0.0,0.0,0.0,0.0
43,65-69,new_vaccine,0.0,0.0,0.0,0.0
43,70-74,unvaccinated,8.3,3.5,0.1,0.0
43,70-74,old_vaccine,0.0,0.0,0.0,0.0
43,70-74,new_vaccine,0.0,0.0,0.0,0.0
43,75+,unvaccinated,14.0,7.6,0.0,0.0
43,75+,old_vaccine,0.0,0.0,0.0,0.0
43,75+,new_vaccine,0.0,0.0,0.0,0.0
44,0-4,unvaccinated,1.3,11.3,0.1,0.0
44,0-4,old_vaccine,0.0,0.0,0.0,0.0
44,0-4,new_vaccine,0.0,0.0,0.0,0.0
44,5-9,unvaccinated,0.1,15.3,0.0,0.0
44,5-9,old_vaccine,0.0,0.0,0.0,0.0
44,5-9,new_vaccine,0.0,0.0,0.0,0.0
44,10-14,unvaccinated,0.3,16.4,0.0,0.0
44,10-14,old_vaccine,0.0,0.0,0.0,0.0
44,10-14,new_vaccine,0.0,0.0,0.0,0.0
44,15-19,unvaccinated,0.0,14.2,0.0,0.0
44,15-19,old_vaccine,0.0,0.0,0.0,0.0
44,15-19,new_vaccine,0.0,0.0,0.0,0.0
44,20-24,unvaccinated,1.1,16.5,0.0,0.0
44,20-24,old_vaccine,0.0,0.0,0.0,0.0
44,20-24,new_vaccine,0.0,0.0,0.0,0.0
44,25-29,unvaccinated,1.7,19.2,0.1,0.0
44,25-29,old_vaccine,0.0,0.0,0.0,0.0
44,25-29,new_vaccine,0.0,0.0,0.0,0.0
44,30-34,unvaccinated,1.0,15.7,0.0,0.0
44,30-34,old_vaccine,0.0,0.0,0.0,0.0
44,30-34,new_vaccine,0.0,0.0,0.0,0.0
44,35-39,unvaccinated,1.1,21.5,0.0,0.0
44,35-39,old_vaccine,0.0,0.0,0.0,0.0
44,35-39,new_vaccine,0.0,0.0,0.0,0.0
44,40-44,unvaccinated,2.0,10.2,0.0,0.0
44,40-44,old_vaccine,0.0,0.0,0.0,0.0
44,40-44,new_vaccine,0.0,0.0,0.0,0.0
44,45-49,unvaccinated,0.1,15.4,0.0,0.0
44,45-49,old_vaccine,0.0,0.0,0.0,0.0
44,45-49,new_vaccine,0.0,0.0,0.0,0.0
44,50-54,unvaccinated,3.4,15.6,0.0,0.0
44,50-54,old_vaccine,0.0,0.0,0.0,0.0
44,50-54,new_vaccine,0.0,0.0,0.0,0.0
44,55-59,unvaccinated,3.5,16.6,0.0,0.0
44,55-59,old_vaccine,0.0,0.0,0.0,0.0
44,55-59,new_vaccine,0.0,0.0,0.0,0.0
44,60-64,unvaccinated,5.0,12.4,0.1,0.0
44,60-64,old_vaccine,0.0,0.0,0.0,0.0
44,60-64,new_vaccine,0.0,0.0,0.0,0.0
44,65-69,unvaccinated,4.5,5.1,0.0,0.0
44,65-69,old_vaccine,0.0,0.0,0.0,0.0
44,65-69,new_vaccine,0.0,0.0,0.0,0.0
44,70-74,unvaccinated,8.5,3.5,0.1,0.0
44,70-74,old_vaccine,0.0,0.0,0.0,0.0
44,70-74,new_vaccine,0.0,0.0,0.0,0.0
44,75+,unvaccinated,14.0,7.7,0.0,0.0
44,75+,old_vaccine,0.0,0.0,0.0,0.0
44,75+,new_vaccine,0.0,0.0,0.0,0.0
45,0-4,unvaccinated,1.3,11.3,0.1,0.0
45,0-4,old_vaccine,0.0,0.0,0.0,0.0
45,0-4,new_vaccine,0.0,0.0,0.0,0.0
45,5-9,unvaccinated,0.1,15.3,0.0,0.0
45,5-9,old_vaccine,0.0,0.0,0.0,0.0
45,5-9,new_vaccine,0.0,0.0,0.0,0.0
45,10-14,unvaccinated,0.3,16.4,0.0,0.0
45,10-14,old_vaccine,0.0,0.0,0.0,0.0
45,10-14,new_vaccine,0.0,0.0,0.0,0.0
45,15-19,unvaccinated,0.1,14.4,0.0,0.0
45,15-19,old_vaccine,0.0,0.0,0.0,0.0
45,15-19,new_vaccine,0.0,0.0,0.0,0.0
45,20-24,unvaccinated,1.1,17.0,0.0,0.0
45,20-24,old_vaccine,0.0,0.0,0.0,0.0
45,20-24,new_vaccine,0.0,0.0,0.0,0.0
45,25-29,unvaccinated,1.7,19.3,0.1,0.0
45,25-29,old_vaccine,0.0,0.0,0.0,0.0
45,25-29,new_vaccine,0.0,0.0,0.0,0.0
45,30-34,unvaccinated,1.0,15.9,0.0,0.0
45,30-34,old_vaccine,0.0,0.0,0.0,0.0
45,30-34,new_vaccine,0.0,0.0,0.0,0.0
45,35-39,unvaccinated,1.0,21.5,0.0,0.0
45,35-39,old_vaccine,0.0,0.0,0.0,0.0
45,35-39,new_vaccine,0.0,0.0,0.0,0.0
45,40-44,unvaccinated,2.1,10.0,0.0,0.0
45,40-44,old_vaccine,0.0,0.0,0.0,0.0
45,40-44,new_vaccine,0.0,0.0,0.0,0.0
45,45-49,unvaccinated,0.2,15.4,0.0,0.0
45,45-49,old_vaccine,0.0,0.0,0.0,0.0
45,45-49,new_vaccine,0.0,0.0,0.0,0.0
45,50-54,unvaccinated,3.4,15.5,0.0,0.0
45,50-54,old_vaccine,0.0,0.0,0.0,0.0
45,50-54,new_vaccine,0.0,0.0,0.0,0.0
45,55-59,unvaccinated,3.4,16.2,0.0,0.0
45,55-59,old_vaccine,0.0,0.0,0.0,0.0
45,55-59,new_vaccine,0.0,0.0,0.0,0.0
45,60-64,unvaccinated,4.9,12.6,0.1,0.0
45,60-64,old_vaccine,0.0,0.0,0.0,0.0
45,60-64,new_vaccine,0.0,0.0,0.0,0.0
45,65-69,unvaccinated,4.5,5.4,0.0,0.0
45,65-69,old_vaccine,0.0,0.0,0.0,0.0
45,65-69,new_vaccine,0.0,0.0,0.0,0.0
45,70-74,unvaccinated,8.9,3.9,0.1,0.0
45,70-74,old_vaccine,0.0,0.0,0.0,0.0
45,70-74,new_vaccine,0.0,0.0,0.0,0.0
45,75+,unvaccinated,14.0,7.8,0.0,0.0
45,75+,old_vaccine,0.0,0.0,0.0,0.0
45,75+,new_vaccine,0.0,0.0,0.0,0.0
46,0-4,unvaccinated,1.3,11.4,0.1,0.0
46,0-4,old_vaccine,0.0,0.0,0.0,0.0
46,0-4,new_vaccine,0.0,0.0,0.0,0.0
46,5-9,unvaccinated,0.0,15.6,0.0,0.0
46,5-9,old_vaccine,0.0,0.0,0.0,0.0
46,5-9,new_vaccine,0.0,0.0,0.0,0.0
46,10-14,unvaccinated,0.3,16.7,0.0,0.0
46,10-14,old_vaccine,0.0,0.0,0.0,0.0
46,10-14,new_vaccine,0.0,0.0,0.0,0.0
46,15-19,unvaccinated,0.1,14.6,0.0,0.0
46,15-19,old_vaccine,0.0,0.0,0.0,0.0
46,15-19,new_vaccine,0.0,0.0,0.0,0.0
46,20-24,unvaccinated,1.1,17.0,0.0,0.0
46,20-24,old_vaccine,0.0,0.0,0.0,0.0
46,20-24,new_vaccine,0.0,0.0,0.0,0.0
46,25-29,unvaccinated,1.6,19.7,0.1,0.0
46,25-29,old_vaccine,0.0,0.0,0.0,0.0
46,25-29,new_vaccine,0.0,0.0,0.0,0.0
46,30-34,unvaccinated,1.1,16.2,0.0,0.0
46,30-34,old_vaccine,0.0,0.0,0.0,0.0
46,30-34,new_vaccine,0.0,0.0,0.0,0.0
46,35-39,unvaccinated,1.1,21.6,0.0,0.0
46,35-39,old_vaccine,0.0,0.0,0.0,0.0
46,35-39,new_vaccine,0.0,0.0,0.0,0.0
46,40-44,unvaccinated,2.0,11.0,0.0,0.0
46,40-44,old_vaccine,0.0,0.0,0.0,0.0
46,40-44,new_vaccine,0.0,0.0,0.0,0.0
46,45-49,unvaccinated,0.2,15.2,0.0,0.0
46,45-49,old_vaccine,0.0,0.0,0.0,0.0
46,45-49,new_vaccine,0.0,0.0,0.0,0.0
46,50-54,unvaccinated,3.8,15.5,0.0,0.0
46,50-54,old_vaccine,0.0,0.0,0.0,0.0
46,50-54,new_vaccine,0.0,0.0,0.0,0.0
46,55-59,unvaccinated,3.6,15.9,0.0,0.0
46,55-59,old_vaccine,0.0,0.0,0.0,0.0
46,55-59,new_vaccine,0.0,0.0,0.0,0.0
46,60-64,unvaccinated,5.1,12.9,0.1,0.0
46,60-64,old_vaccine,0.0,0.0,0.0,0.0
46,60-64,new_vaccine,0.0,0.0,0.0,0.0
46,65-69,unvaccinated,4.2,5.6,0.0,0.0
46,65-69,old_vaccine,0.0,0.0,0.0,0.0
46,65-69,new_vaccine,0.0,0.0,0.0,0.0
46,70-74,unvaccinated,8.5,3.9,0.1,0.0
46,70-74,old_vaccine,0.0,0.0,0.0,0.0
46,70-74,new_vaccine,0.0,0.0,0.0,0.0
46,75+,unvaccinated,13.8,7.6,0.0,0.0
46,75+,old_vaccine,0.0,0.0,0.0,0.0
46,75+,new_vaccine,0.0,0.0,0.0,0.0
47,0-4,unvaccinated,1.3,11.2,0.1,0.0
47,0-4,old_vaccine,0.0,0.0,0.0,0.0
47,0-4,new_vaccine,0.0,0.0,0.0,0.0
47,5-9,unvaccinated,0.0,15.4,0.0,0.0
47,5-9,old_vaccine,0.0,0.0,0.0,0.0
47,5-9,new_vaccine,0.0,0.0,0.0,0.0
47,10-14,unvaccinated,0.3,17.0,0.0,0.0
47,10-14,old_vaccine,0.0,0.0,0.0,0.0
47,10-14,new_vaccine,0.0,0.0,0.0,0.0
47,15-19,unvaccinated,0.2,15.0,0.0,0.0
47,15-19,old_vaccine,0.0,0.0,0.0,0.0
47,15-19,new_vaccine,0.0,0.0,0.0,0.0
47,20-24,unvaccinated,1.0,17.3,0.0,0.0
=======
43,10-14,unvaccinated,0.0,7.333333333333333,0.0,0.0
43,10-14,old_vaccine,0.0,0.0,0.0,0.0
43,10-14,new_vaccine,0.0,0.0,0.0,0.0
43,15-19,unvaccinated,0.0,7.0,0.0,0.0
43,15-19,old_vaccine,0.0,0.0,0.0,0.0
43,15-19,new_vaccine,0.0,0.0,0.0,0.0
43,20-24,unvaccinated,0.3333333333333333,4.333333333333333,0.0,0.0
43,20-24,old_vaccine,0.0,0.0,0.0,0.0
43,20-24,new_vaccine,0.0,0.0,0.0,0.0
43,25-29,unvaccinated,1.3333333333333333,6.666666666666667,0.0,0.0
43,25-29,old_vaccine,0.0,0.0,0.0,0.0
43,25-29,new_vaccine,0.0,0.0,0.0,0.0
43,30-34,unvaccinated,0.0,5.666666666666667,0.0,0.0
43,30-34,old_vaccine,0.0,0.0,0.0,0.0
43,30-34,new_vaccine,0.0,0.0,0.0,0.0
43,35-39,unvaccinated,0.0,7.0,0.0,0.0
43,35-39,old_vaccine,0.0,0.0,0.0,0.0
43,35-39,new_vaccine,0.0,0.0,0.0,0.0
43,40-44,unvaccinated,1.3333333333333333,4.0,0.0,0.0
43,40-44,old_vaccine,0.0,0.0,0.0,0.0
43,40-44,new_vaccine,0.0,0.0,0.0,0.0
43,45-49,unvaccinated,1.3333333333333333,6.666666666666667,0.0,0.0
43,45-49,old_vaccine,0.0,0.0,0.0,0.0
43,45-49,new_vaccine,0.0,0.0,0.0,0.0
43,50-54,unvaccinated,1.6666666666666667,4.0,0.0,0.0
43,50-54,old_vaccine,0.0,0.0,0.0,0.0
43,50-54,new_vaccine,0.0,0.0,0.0,0.0
43,55-59,unvaccinated,3.0,4.0,0.0,0.0
43,55-59,old_vaccine,0.0,0.0,0.0,0.0
43,55-59,new_vaccine,0.0,0.0,0.0,0.0
43,60-64,unvaccinated,1.0,5.333333333333333,0.0,0.0
43,60-64,old_vaccine,0.0,0.0,0.0,0.0
43,60-64,new_vaccine,0.0,0.0,0.0,0.0
43,65-69,unvaccinated,3.3333333333333335,2.0,0.0,0.0
43,65-69,old_vaccine,0.0,0.0,0.0,0.0
43,65-69,new_vaccine,0.0,0.0,0.0,0.0
43,70-74,unvaccinated,2.6666666666666665,2.6666666666666665,0.3333333333333333,0.0
43,70-74,old_vaccine,0.0,0.0,0.0,0.0
43,70-74,new_vaccine,0.0,0.0,0.0,0.0
43,75+,unvaccinated,4.666666666666667,3.0,1.0,0.0
43,75+,old_vaccine,0.0,0.0,0.0,0.0
43,75+,new_vaccine,0.0,0.0,0.0,0.0
44,0-4,unvaccinated,0.0,4.0,0.0,0.0
44,0-4,old_vaccine,0.0,0.0,0.0,0.0
44,0-4,new_vaccine,0.0,0.0,0.0,0.0
44,5-9,unvaccinated,0.3333333333333333,4.0,0.0,0.0
44,5-9,old_vaccine,0.0,0.0,0.0,0.0
44,5-9,new_vaccine,0.0,0.0,0.0,0.0
44,10-14,unvaccinated,0.0,6.666666666666667,0.0,0.0
44,10-14,old_vaccine,0.0,0.0,0.0,0.0
44,10-14,new_vaccine,0.0,0.0,0.0,0.0
44,15-19,unvaccinated,0.0,7.333333333333333,0.0,0.0
44,15-19,old_vaccine,0.0,0.0,0.0,0.0
44,15-19,new_vaccine,0.0,0.0,0.0,0.0
44,20-24,unvaccinated,0.3333333333333333,4.666666666666667,0.0,0.0
44,20-24,old_vaccine,0.0,0.0,0.0,0.0
44,20-24,new_vaccine,0.0,0.0,0.0,0.0
44,25-29,unvaccinated,1.3333333333333333,6.333333333333333,0.0,0.0
44,25-29,old_vaccine,0.0,0.0,0.0,0.0
44,25-29,new_vaccine,0.0,0.0,0.0,0.0
44,30-34,unvaccinated,0.6666666666666666,5.0,0.0,0.0
44,30-34,old_vaccine,0.0,0.0,0.0,0.0
44,30-34,new_vaccine,0.0,0.0,0.0,0.0
44,35-39,unvaccinated,0.0,6.333333333333333,0.0,0.0
44,35-39,old_vaccine,0.0,0.0,0.0,0.0
44,35-39,new_vaccine,0.0,0.0,0.0,0.0
44,40-44,unvaccinated,1.0,4.0,0.0,0.0
44,40-44,old_vaccine,0.0,0.0,0.0,0.0
44,40-44,new_vaccine,0.0,0.0,0.0,0.0
44,45-49,unvaccinated,1.0,6.666666666666667,0.0,0.0
44,45-49,old_vaccine,0.0,0.0,0.0,0.0
44,45-49,new_vaccine,0.0,0.0,0.0,0.0
44,50-54,unvaccinated,1.6666666666666667,4.0,0.0,0.0
44,50-54,old_vaccine,0.0,0.0,0.0,0.0
44,50-54,new_vaccine,0.0,0.0,0.0,0.0
44,55-59,unvaccinated,3.3333333333333335,3.6666666666666665,0.0,0.0
44,55-59,old_vaccine,0.0,0.0,0.0,0.0
44,55-59,new_vaccine,0.0,0.0,0.0,0.0
44,60-64,unvaccinated,1.0,5.666666666666667,0.0,0.0
44,60-64,old_vaccine,0.0,0.0,0.0,0.0
44,60-64,new_vaccine,0.0,0.0,0.0,0.0
44,65-69,unvaccinated,3.6666666666666665,2.3333333333333335,0.0,0.0
44,65-69,old_vaccine,0.0,0.0,0.0,0.0
44,65-69,new_vaccine,0.0,0.0,0.0,0.0
44,70-74,unvaccinated,2.6666666666666665,2.6666666666666665,0.3333333333333333,0.0
44,70-74,old_vaccine,0.0,0.0,0.0,0.0
44,70-74,new_vaccine,0.0,0.0,0.0,0.0
44,75+,unvaccinated,5.0,3.6666666666666665,1.0,0.0
44,75+,old_vaccine,0.0,0.0,0.0,0.0
44,75+,new_vaccine,0.0,0.0,0.0,0.0
45,0-4,unvaccinated,0.0,4.0,0.0,0.0
45,0-4,old_vaccine,0.0,0.0,0.0,0.0
45,0-4,new_vaccine,0.0,0.0,0.0,0.0
45,5-9,unvaccinated,0.3333333333333333,3.6666666666666665,0.0,0.0
45,5-9,old_vaccine,0.0,0.0,0.0,0.0
45,5-9,new_vaccine,0.0,0.0,0.0,0.0
45,10-14,unvaccinated,0.0,6.666666666666667,0.0,0.0
45,10-14,old_vaccine,0.0,0.0,0.0,0.0
45,10-14,new_vaccine,0.0,0.0,0.0,0.0
45,15-19,unvaccinated,0.0,7.0,0.0,0.0
45,15-19,old_vaccine,0.0,0.0,0.0,0.0
45,15-19,new_vaccine,0.0,0.0,0.0,0.0
45,20-24,unvaccinated,0.3333333333333333,5.666666666666667,0.0,0.0
45,20-24,old_vaccine,0.0,0.0,0.0,0.0
45,20-24,new_vaccine,0.0,0.0,0.0,0.0
45,25-29,unvaccinated,1.3333333333333333,5.0,0.0,0.0
45,25-29,old_vaccine,0.0,0.0,0.0,0.0
45,25-29,new_vaccine,0.0,0.0,0.0,0.0
45,30-34,unvaccinated,1.0,5.0,0.0,0.0
45,30-34,old_vaccine,0.0,0.0,0.0,0.0
45,30-34,new_vaccine,0.0,0.0,0.0,0.0
45,35-39,unvaccinated,0.3333333333333333,6.0,0.0,0.0
45,35-39,old_vaccine,0.0,0.0,0.0,0.0
45,35-39,new_vaccine,0.0,0.0,0.0,0.0
45,40-44,unvaccinated,1.0,4.333333333333333,0.0,0.0
45,40-44,old_vaccine,0.0,0.0,0.0,0.0
45,40-44,new_vaccine,0.0,0.0,0.0,0.0
45,45-49,unvaccinated,1.3333333333333333,6.666666666666667,0.0,0.0
45,45-49,old_vaccine,0.0,0.0,0.0,0.0
45,45-49,new_vaccine,0.0,0.0,0.0,0.0
45,50-54,unvaccinated,1.0,4.333333333333333,0.0,0.0
45,50-54,old_vaccine,0.0,0.0,0.0,0.0
45,50-54,new_vaccine,0.0,0.0,0.0,0.0
45,55-59,unvaccinated,3.0,4.333333333333333,0.0,0.0
45,55-59,old_vaccine,0.0,0.0,0.0,0.0
45,55-59,new_vaccine,0.0,0.0,0.0,0.0
45,60-64,unvaccinated,0.6666666666666666,6.0,0.0,0.0
45,60-64,old_vaccine,0.0,0.0,0.0,0.0
45,60-64,new_vaccine,0.0,0.0,0.0,0.0
45,65-69,unvaccinated,3.6666666666666665,2.3333333333333335,0.0,0.0
45,65-69,old_vaccine,0.0,0.0,0.0,0.0
45,65-69,new_vaccine,0.0,0.0,0.0,0.0
45,70-74,unvaccinated,3.3333333333333335,2.6666666666666665,0.3333333333333333,0.0
45,70-74,old_vaccine,0.0,0.0,0.0,0.0
45,70-74,new_vaccine,0.0,0.0,0.0,0.0
45,75+,unvaccinated,4.333333333333333,3.0,1.0,0.0
45,75+,old_vaccine,0.0,0.0,0.0,0.0
45,75+,new_vaccine,0.0,0.0,0.0,0.0
46,0-4,unvaccinated,0.0,5.0,0.0,0.0
46,0-4,old_vaccine,0.0,0.0,0.0,0.0
46,0-4,new_vaccine,0.0,0.0,0.0,0.0
46,5-9,unvaccinated,0.3333333333333333,5.0,0.0,0.0
46,5-9,old_vaccine,0.0,0.0,0.0,0.0
46,5-9,new_vaccine,0.0,0.0,0.0,0.0
46,10-14,unvaccinated,0.0,6.666666666666667,0.0,0.0
46,10-14,old_vaccine,0.0,0.0,0.0,0.0
46,10-14,new_vaccine,0.0,0.0,0.0,0.0
46,15-19,unvaccinated,0.0,7.333333333333333,0.0,0.0
46,15-19,old_vaccine,0.0,0.0,0.0,0.0
46,15-19,new_vaccine,0.0,0.0,0.0,0.0
46,20-24,unvaccinated,0.3333333333333333,5.333333333333333,0.0,0.0
46,20-24,old_vaccine,0.0,0.0,0.0,0.0
46,20-24,new_vaccine,0.0,0.0,0.0,0.0
46,25-29,unvaccinated,1.0,4.666666666666667,0.0,0.0
46,25-29,old_vaccine,0.0,0.0,0.0,0.0
46,25-29,new_vaccine,0.0,0.0,0.0,0.0
46,30-34,unvaccinated,1.3333333333333333,5.666666666666667,0.0,0.0
46,30-34,old_vaccine,0.0,0.0,0.0,0.0
46,30-34,new_vaccine,0.0,0.0,0.0,0.0
46,35-39,unvaccinated,0.3333333333333333,6.0,0.0,0.0
46,35-39,old_vaccine,0.0,0.0,0.0,0.0
46,35-39,new_vaccine,0.0,0.0,0.0,0.0
46,40-44,unvaccinated,1.3333333333333333,5.0,0.0,0.0
46,40-44,old_vaccine,0.0,0.0,0.0,0.0
46,40-44,new_vaccine,0.0,0.0,0.0,0.0
46,45-49,unvaccinated,1.3333333333333333,6.666666666666667,0.0,0.0
46,45-49,old_vaccine,0.0,0.0,0.0,0.0
46,45-49,new_vaccine,0.0,0.0,0.0,0.0
46,50-54,unvaccinated,1.0,3.3333333333333335,0.0,0.0
46,50-54,old_vaccine,0.0,0.0,0.0,0.0
46,50-54,new_vaccine,0.0,0.0,0.0,0.0
46,55-59,unvaccinated,3.0,3.6666666666666665,0.0,0.0
46,55-59,old_vaccine,0.0,0.0,0.0,0.0
46,55-59,new_vaccine,0.0,0.0,0.0,0.0
46,60-64,unvaccinated,1.0,6.333333333333333,0.0,0.0
46,60-64,old_vaccine,0.0,0.0,0.0,0.0
46,60-64,new_vaccine,0.0,0.0,0.0,0.0
46,65-69,unvaccinated,3.6666666666666665,2.3333333333333335,0.0,0.0
46,65-69,old_vaccine,0.0,0.0,0.0,0.0
46,65-69,new_vaccine,0.0,0.0,0.0,0.0
46,70-74,unvaccinated,4.0,2.6666666666666665,0.3333333333333333,0.0
46,70-74,old_vaccine,0.0,0.0,0.0,0.0
46,70-74,new_vaccine,0.0,0.0,0.0,0.0
46,75+,unvaccinated,4.0,3.0,1.0,0.0
46,75+,old_vaccine,0.0,0.0,0.0,0.0
46,75+,new_vaccine,0.0,0.0,0.0,0.0
47,0-4,unvaccinated,0.0,6.333333333333333,0.0,0.0
47,0-4,old_vaccine,0.0,0.0,0.0,0.0
47,0-4,new_vaccine,0.0,0.0,0.0,0.0
47,5-9,unvaccinated,0.3333333333333333,4.666666666666667,0.0,0.0
47,5-9,old_vaccine,0.0,0.0,0.0,0.0
47,5-9,new_vaccine,0.0,0.0,0.0,0.0
47,10-14,unvaccinated,0.0,7.0,0.0,0.0
47,10-14,old_vaccine,0.0,0.0,0.0,0.0
47,10-14,new_vaccine,0.0,0.0,0.0,0.0
47,15-19,unvaccinated,0.3333333333333333,7.333333333333333,0.0,0.0
47,15-19,old_vaccine,0.0,0.0,0.0,0.0
47,15-19,new_vaccine,0.0,0.0,0.0,0.0
47,20-24,unvaccinated,0.3333333333333333,5.666666666666667,0.0,0.0
>>>>>>> da2075794f5d2a03a9b01028d16d640646318095
47,20-24,old_vaccine,0.0,0.0,0.0,0.0
47,20-24,new_vaccine,0.0,0.0,0.0,0.0
47,25-29,unvaccinated,1.6,19.9,0.1,0.0
47,25-29,old_vaccine,0.0,0.0,0.0,0.0
47,25-29,new_vaccine,0.0,0.0,0.0,0.0
<<<<<<< HEAD
47,30-34,unvaccinated,1.2,16.6,0.0,0.0
47,30-34,old_vaccine,0.0,0.0,0.0,0.0
47,30-34,new_vaccine,0.0,0.0,0.0,0.0
47,35-39,unvaccinated,1.3,21.8,0.0,0.0
47,35-39,old_vaccine,0.0,0.0,0.0,0.0
47,35-39,new_vaccine,0.0,0.0,0.0,0.0
47,40-44,unvaccinated,1.9,11.3,0.0,0.0
47,40-44,old_vaccine,0.0,0.0,0.0,0.0
47,40-44,new_vaccine,0.0,0.0,0.0,0.0
47,45-49,unvaccinated,0.6,15.3,0.0,0.0
47,45-49,old_vaccine,0.0,0.0,0.0,0.0
47,45-49,new_vaccine,0.0,0.0,0.0,0.0
47,50-54,unvaccinated,3.6,15.2,0.0,0.0
47,50-54,old_vaccine,0.0,0.0,0.0,0.0
47,50-54,new_vaccine,0.0,0.0,0.0,0.0
47,55-59,unvaccinated,3.8,16.1,0.0,0.0
47,55-59,old_vaccine,0.0,0.0,0.0,0.0
47,55-59,new_vaccine,0.0,0.0,0.0,0.0
47,60-64,unvaccinated,5.2,12.9,0.1,0.0
47,60-64,old_vaccine,0.0,0.0,0.0,0.0
47,60-64,new_vaccine,0.0,0.0,0.0,0.0
47,65-69,unvaccinated,4.1,5.7,0.0,0.0
47,65-69,old_vaccine,0.0,0.0,0.0,0.0
47,65-69,new_vaccine,0.0,0.0,0.0,0.0
47,70-74,unvaccinated,8.8,3.9,0.0,0.0
47,70-74,old_vaccine,0.0,0.0,0.0,0.0
47,70-74,new_vaccine,0.0,0.0,0.0,0.0
47,75+,unvaccinated,13.7,7.8,0.0,0.0
47,75+,old_vaccine,0.0,0.0,0.0,0.0
47,75+,new_vaccine,0.0,0.0,0.0,0.0
48,0-4,unvaccinated,1.3,11.3,0.1,0.0
48,0-4,old_vaccine,0.0,0.0,0.0,0.0
48,0-4,new_vaccine,0.0,0.0,0.0,0.0
48,5-9,unvaccinated,0.0,15.6,0.0,0.0
48,5-9,old_vaccine,0.0,0.0,0.0,0.0
48,5-9,new_vaccine,0.0,0.0,0.0,0.0
48,10-14,unvaccinated,0.3,16.8,0.0,0.0
48,10-14,old_vaccine,0.0,0.0,0.0,0.0
48,10-14,new_vaccine,0.0,0.0,0.0,0.0
48,15-19,unvaccinated,0.2,14.9,0.0,0.0
48,15-19,old_vaccine,0.0,0.0,0.0,0.0
48,15-19,new_vaccine,0.0,0.0,0.0,0.0
48,20-24,unvaccinated,1.0,16.5,0.0,0.0
48,20-24,old_vaccine,0.0,0.0,0.0,0.0
48,20-24,new_vaccine,0.0,0.0,0.0,0.0
48,25-29,unvaccinated,1.7,19.7,0.1,0.0
48,25-29,old_vaccine,0.0,0.0,0.0,0.0
48,25-29,new_vaccine,0.0,0.0,0.0,0.0
48,30-34,unvaccinated,1.1,16.8,0.0,0.0
48,30-34,old_vaccine,0.0,0.0,0.0,0.0
48,30-34,new_vaccine,0.0,0.0,0.0,0.0
48,35-39,unvaccinated,1.3,21.9,0.0,0.0
48,35-39,old_vaccine,0.0,0.0,0.0,0.0
48,35-39,new_vaccine,0.0,0.0,0.0,0.0
48,40-44,unvaccinated,2.0,11.4,0.0,0.0
48,40-44,old_vaccine,0.0,0.0,0.0,0.0
48,40-44,new_vaccine,0.0,0.0,0.0,0.0
48,45-49,unvaccinated,0.7,15.2,0.0,0.0
48,45-49,old_vaccine,0.0,0.0,0.0,0.0
48,45-49,new_vaccine,0.0,0.0,0.0,0.0
48,50-54,unvaccinated,3.6,15.6,0.0,0.0
48,50-54,old_vaccine,0.0,0.0,0.0,0.0
48,50-54,new_vaccine,0.0,0.0,0.0,0.0
48,55-59,unvaccinated,3.4,16.2,0.0,0.0
48,55-59,old_vaccine,0.0,0.0,0.0,0.0
48,55-59,new_vaccine,0.0,0.0,0.0,0.0
48,60-64,unvaccinated,5.4,13.0,0.1,0.0
48,60-64,old_vaccine,0.0,0.0,0.0,0.0
48,60-64,new_vaccine,0.0,0.0,0.0,0.0
48,65-69,unvaccinated,4.3,6.0,0.0,0.0
48,65-69,old_vaccine,0.0,0.0,0.0,0.0
48,65-69,new_vaccine,0.0,0.0,0.0,0.0
48,70-74,unvaccinated,8.5,3.7,0.0,0.0
48,70-74,old_vaccine,0.0,0.0,0.0,0.0
48,70-74,new_vaccine,0.0,0.0,0.0,0.0
48,75+,unvaccinated,13.4,8.1,0.0,0.0
48,75+,old_vaccine,0.0,0.0,0.0,0.0
48,75+,new_vaccine,0.0,0.0,0.0,0.0
49,0-4,unvaccinated,1.3,11.6,0.1,0.0
49,0-4,old_vaccine,0.0,0.0,0.0,0.0
49,0-4,new_vaccine,0.0,0.0,0.0,0.0
49,5-9,unvaccinated,0.0,15.7,0.0,0.0
49,5-9,old_vaccine,0.0,0.0,0.0,0.0
49,5-9,new_vaccine,0.0,0.0,0.0,0.0
49,10-14,unvaccinated,0.3,16.7,0.0,0.0
49,10-14,old_vaccine,0.0,0.0,0.0,0.0
49,10-14,new_vaccine,0.0,0.0,0.0,0.0
49,15-19,unvaccinated,0.2,14.6,0.0,0.0
49,15-19,old_vaccine,0.0,0.0,0.0,0.0
49,15-19,new_vaccine,0.0,0.0,0.0,0.0
49,20-24,unvaccinated,0.9,16.1,0.0,0.0
49,20-24,old_vaccine,0.0,0.0,0.0,0.0
49,20-24,new_vaccine,0.0,0.0,0.0,0.0
49,25-29,unvaccinated,1.8,19.3,0.0,0.0
49,25-29,old_vaccine,0.0,0.0,0.0,0.0
49,25-29,new_vaccine,0.0,0.0,0.0,0.0
49,30-34,unvaccinated,1.1,16.6,0.0,0.0
49,30-34,old_vaccine,0.0,0.0,0.0,0.0
49,30-34,new_vaccine,0.0,0.0,0.0,0.0
49,35-39,unvaccinated,1.2,21.7,0.1,0.0
49,35-39,old_vaccine,0.0,0.0,0.0,0.0
49,35-39,new_vaccine,0.0,0.0,0.0,0.0
49,40-44,unvaccinated,2.1,11.4,0.0,0.0
49,40-44,old_vaccine,0.0,0.0,0.0,0.0
49,40-44,new_vaccine,0.0,0.0,0.0,0.0
49,45-49,unvaccinated,0.7,15.1,0.0,0.0
49,45-49,old_vaccine,0.0,0.0,0.0,0.0
49,45-49,new_vaccine,0.0,0.0,0.0,0.0
49,50-54,unvaccinated,3.7,15.3,0.0,0.0
49,50-54,old_vaccine,0.0,0.0,0.0,0.0
49,50-54,new_vaccine,0.0,0.0,0.0,0.0
49,55-59,unvaccinated,3.5,16.2,0.0,0.0
49,55-59,old_vaccine,0.0,0.0,0.0,0.0
49,55-59,new_vaccine,0.0,0.0,0.0,0.0
49,60-64,unvaccinated,5.4,12.7,0.1,0.0
49,60-64,old_vaccine,0.0,0.0,0.0,0.0
49,60-64,new_vaccine,0.0,0.0,0.0,0.0
49,65-69,unvaccinated,4.5,5.9,0.0,0.0
49,65-69,old_vaccine,0.0,0.0,0.0,0.0
49,65-69,new_vaccine,0.0,0.0,0.0,0.0
49,70-74,unvaccinated,8.4,3.9,0.0,0.0
49,70-74,old_vaccine,0.0,0.0,0.0,0.0
49,70-74,new_vaccine,0.0,0.0,0.0,0.0
49,75+,unvaccinated,12.9,8.4,0.0,0.0
49,75+,old_vaccine,0.0,0.0,0.0,0.0
49,75+,new_vaccine,0.0,0.0,0.0,0.0
50,0-4,unvaccinated,1.3,11.6,0.1,0.0
50,0-4,old_vaccine,0.0,0.0,0.0,0.0
50,0-4,new_vaccine,0.0,0.0,0.0,0.0
50,5-9,unvaccinated,0.0,16.0,0.0,0.0
50,5-9,old_vaccine,0.0,0.0,0.0,0.0
50,5-9,new_vaccine,0.0,0.0,0.0,0.0
50,10-14,unvaccinated,0.3,16.0,0.0,0.0
50,10-14,old_vaccine,0.0,0.0,0.0,0.0
50,10-14,new_vaccine,0.0,0.0,0.0,0.0
50,15-19,unvaccinated,0.2,14.1,0.0,0.0
50,15-19,old_vaccine,0.0,0.0,0.0,0.0
50,15-19,new_vaccine,0.0,0.0,0.0,0.0
50,20-24,unvaccinated,0.9,15.8,0.0,0.0
50,20-24,old_vaccine,0.0,0.0,0.0,0.0
50,20-24,new_vaccine,0.0,0.0,0.0,0.0
50,25-29,unvaccinated,1.8,19.3,0.0,0.0
50,25-29,old_vaccine,0.0,0.0,0.0,0.0
50,25-29,new_vaccine,0.0,0.0,0.0,0.0
50,30-34,unvaccinated,1.1,16.5,0.0,0.0
50,30-34,old_vaccine,0.0,0.0,0.0,0.0
50,30-34,new_vaccine,0.0,0.0,0.0,0.0
50,35-39,unvaccinated,1.0,21.6,0.1,0.0
50,35-39,old_vaccine,0.0,0.0,0.0,0.0
50,35-39,new_vaccine,0.0,0.0,0.0,0.0
50,40-44,unvaccinated,2.1,11.1,0.0,0.0
50,40-44,old_vaccine,0.0,0.0,0.0,0.0
50,40-44,new_vaccine,0.0,0.0,0.0,0.0
50,45-49,unvaccinated,0.8,15.3,0.0,0.0
50,45-49,old_vaccine,0.0,0.0,0.0,0.0
50,45-49,new_vaccine,0.0,0.0,0.0,0.0
50,50-54,unvaccinated,3.6,15.6,0.0,0.0
50,50-54,old_vaccine,0.0,0.0,0.0,0.0
50,50-54,new_vaccine,0.0,0.0,0.0,0.0
50,55-59,unvaccinated,3.5,16.5,0.0,0.0
50,55-59,old_vaccine,0.0,0.0,0.0,0.0
50,55-59,new_vaccine,0.0,0.0,0.0,0.0
50,60-64,unvaccinated,5.3,12.7,0.1,0.0
50,60-64,old_vaccine,0.0,0.0,0.0,0.0
50,60-64,new_vaccine,0.0,0.0,0.0,0.0
50,65-69,unvaccinated,4.5,5.7,0.0,0.0
50,65-69,old_vaccine,0.0,0.0,0.0,0.0
50,65-69,new_vaccine,0.0,0.0,0.0,0.0
50,70-74,unvaccinated,8.2,3.7,0.0,0.0
50,70-74,old_vaccine,0.0,0.0,0.0,0.0
50,70-74,new_vaccine,0.0,0.0,0.0,0.0
50,75+,unvaccinated,12.6,8.4,0.0,0.0
50,75+,old_vaccine,0.0,0.0,0.0,0.0
50,75+,new_vaccine,0.0,0.0,0.0,0.0
51,0-4,unvaccinated,1.3,11.5,0.0,0.0
51,0-4,old_vaccine,0.0,0.0,0.0,0.0
51,0-4,new_vaccine,0.0,0.0,0.0,0.0
51,5-9,unvaccinated,0.0,16.0,0.0,0.0
51,5-9,old_vaccine,0.0,0.0,0.0,0.0
51,5-9,new_vaccine,0.0,0.0,0.0,0.0
51,10-14,unvaccinated,0.3,16.2,0.0,0.0
51,10-14,old_vaccine,0.0,0.0,0.0,0.0
51,10-14,new_vaccine,0.0,0.0,0.0,0.0
51,15-19,unvaccinated,0.1,14.2,0.0,0.0
51,15-19,old_vaccine,0.0,0.0,0.0,0.0
51,15-19,new_vaccine,0.0,0.0,0.0,0.0
51,20-24,unvaccinated,0.9,15.9,0.0,0.0
51,20-24,old_vaccine,0.0,0.0,0.0,0.0
51,20-24,new_vaccine,0.0,0.0,0.0,0.0
51,25-29,unvaccinated,1.8,19.3,0.0,0.0
51,25-29,old_vaccine,0.0,0.0,0.0,0.0
51,25-29,new_vaccine,0.0,0.0,0.0,0.0
51,30-34,unvaccinated,1.1,16.2,0.0,0.0
51,30-34,old_vaccine,0.0,0.0,0.0,0.0
51,30-34,new_vaccine,0.0,0.0,0.0,0.0
51,35-39,unvaccinated,1.1,21.4,0.1,0.0
51,35-39,old_vaccine,0.0,0.0,0.0,0.0
51,35-39,new_vaccine,0.0,0.0,0.0,0.0
51,40-44,unvaccinated,2.0,11.0,0.0,0.0
51,40-44,old_vaccine,0.0,0.0,0.0,0.0
51,40-44,new_vaccine,0.0,0.0,0.0,0.0
51,45-49,unvaccinated,0.7,15.5,0.0,0.0
51,45-49,old_vaccine,0.0,0.0,0.0,0.0
51,45-49,new_vaccine,0.0,0.0,0.0,0.0
51,50-54,unvaccinated,3.5,15.8,0.0,0.0
51,50-54,old_vaccine,0.0,0.0,0.0,0.0
51,50-54,new_vaccine,0.0,0.0,0.0,0.0
51,55-59,unvaccinated,3.3,16.6,0.0,0.0
51,55-59,old_vaccine,0.0,0.0,0.0,0.0
51,55-59,new_vaccine,0.0,0.0,0.0,0.0
51,60-64,unvaccinated,5.6,12.7,0.1,0.0
51,60-64,old_vaccine,0.0,0.0,0.0,0.0
51,60-64,new_vaccine,0.0,0.0,0.0,0.0
51,65-69,unvaccinated,4.5,5.5,0.0,0.0
51,65-69,old_vaccine,0.0,0.0,0.0,0.0
51,65-69,new_vaccine,0.0,0.0,0.0,0.0
51,70-74,unvaccinated,8.0,3.5,0.0,0.0
51,70-74,old_vaccine,0.0,0.0,0.0,0.0
51,70-74,new_vaccine,0.0,0.0,0.0,0.0
51,75+,unvaccinated,12.7,8.5,0.0,0.0
51,75+,old_vaccine,0.0,0.0,0.0,0.0
51,75+,new_vaccine,0.0,0.0,0.0,0.0
52,0-4,unvaccinated,1.3,11.6,0.0,0.0
52,0-4,old_vaccine,0.0,0.0,0.0,0.0
52,0-4,new_vaccine,0.0,0.0,0.0,0.0
52,5-9,unvaccinated,0.0,16.1,0.0,0.0
52,5-9,old_vaccine,0.0,0.0,0.0,0.0
52,5-9,new_vaccine,0.0,0.0,0.0,0.0
52,10-14,unvaccinated,0.3,16.0,0.0,0.0
52,10-14,old_vaccine,0.0,0.0,0.0,0.0
52,10-14,new_vaccine,0.0,0.0,0.0,0.0
52,15-19,unvaccinated,0.1,13.7,0.0,0.0
52,15-19,old_vaccine,0.0,0.0,0.0,0.0
52,15-19,new_vaccine,0.0,0.0,0.0,0.0
52,20-24,unvaccinated,0.9,15.9,0.0,0.0
52,20-24,old_vaccine,0.0,0.0,0.0,0.0
52,20-24,new_vaccine,0.0,0.0,0.0,0.0
52,25-29,unvaccinated,1.9,19.0,0.0,0.0
52,25-29,old_vaccine,0.0,0.0,0.0,0.0
52,25-29,new_vaccine,0.0,0.0,0.0,0.0
52,30-34,unvaccinated,1.3,15.8,0.0,0.0
52,30-34,old_vaccine,0.0,0.0,0.0,0.0
52,30-34,new_vaccine,0.0,0.0,0.0,0.0
52,35-39,unvaccinated,1.1,21.1,0.1,0.0
52,35-39,old_vaccine,0.0,0.0,0.0,0.0
52,35-39,new_vaccine,0.0,0.0,0.0,0.0
52,40-44,unvaccinated,2.0,10.7,0.0,0.0
52,40-44,old_vaccine,0.0,0.0,0.0,0.0
52,40-44,new_vaccine,0.0,0.0,0.0,0.0
52,45-49,unvaccinated,0.8,15.6,0.0,0.0
52,45-49,old_vaccine,0.0,0.0,0.0,0.0
52,45-49,new_vaccine,0.0,0.0,0.0,0.0
52,50-54,unvaccinated,3.5,15.7,0.0,0.0
52,50-54,old_vaccine,0.0,0.0,0.0,0.0
52,50-54,new_vaccine,0.0,0.0,0.0,0.0
52,55-59,unvaccinated,3.1,16.8,0.0,0.0
52,55-59,old_vaccine,0.0,0.0,0.0,0.0
52,55-59,new_vaccine,0.0,0.0,0.0,0.0
52,60-64,unvaccinated,5.3,12.7,0.1,0.0
52,60-64,old_vaccine,0.0,0.0,0.0,0.0
52,60-64,new_vaccine,0.0,0.0,0.0,0.0
52,65-69,unvaccinated,4.4,5.4,0.0,0.0
52,65-69,old_vaccine,0.0,0.0,0.0,0.0
52,65-69,new_vaccine,0.0,0.0,0.0,0.0
52,70-74,unvaccinated,8.0,3.7,0.0,0.0
52,70-74,old_vaccine,0.0,0.0,0.0,0.0
52,70-74,new_vaccine,0.0,0.0,0.0,0.0
52,75+,unvaccinated,12.8,8.5,0.0,0.0
52,75+,old_vaccine,0.0,0.0,0.0,0.0
52,75+,new_vaccine,0.0,0.0,0.0,0.0
53,0-4,unvaccinated,1.3,11.8,0.0,0.0
53,0-4,old_vaccine,0.0,0.0,0.0,0.0
53,0-4,new_vaccine,0.0,0.0,0.0,0.0
53,5-9,unvaccinated,0.0,15.6,0.0,0.0
53,5-9,old_vaccine,0.0,0.0,0.0,0.0
53,5-9,new_vaccine,0.0,0.0,0.0,0.0
53,10-14,unvaccinated,0.4,15.8,0.0,0.0
53,10-14,old_vaccine,0.0,0.0,0.0,0.0
53,10-14,new_vaccine,0.0,0.0,0.0,0.0
53,15-19,unvaccinated,0.1,13.5,0.0,0.0
=======
47,30-34,unvaccinated,1.6666666666666667,6.0,0.0,0.0
47,30-34,old_vaccine,0.0,0.0,0.0,0.0
47,30-34,new_vaccine,0.0,0.0,0.0,0.0
47,35-39,unvaccinated,0.3333333333333333,6.666666666666667,0.0,0.0
47,35-39,old_vaccine,0.0,0.0,0.0,0.0
47,35-39,new_vaccine,0.0,0.0,0.0,0.0
47,40-44,unvaccinated,1.3333333333333333,4.666666666666667,0.0,0.0
47,40-44,old_vaccine,0.0,0.0,0.0,0.0
47,40-44,new_vaccine,0.0,0.0,0.0,0.0
47,45-49,unvaccinated,1.3333333333333333,6.333333333333333,0.0,0.0
47,45-49,old_vaccine,0.0,0.0,0.0,0.0
47,45-49,new_vaccine,0.0,0.0,0.0,0.0
47,50-54,unvaccinated,1.0,3.3333333333333335,0.0,0.0
47,50-54,old_vaccine,0.0,0.0,0.0,0.0
47,50-54,new_vaccine,0.0,0.0,0.0,0.0
47,55-59,unvaccinated,3.3333333333333335,4.0,0.0,0.0
47,55-59,old_vaccine,0.0,0.0,0.0,0.0
47,55-59,new_vaccine,0.0,0.0,0.0,0.0
47,60-64,unvaccinated,1.3333333333333333,6.666666666666667,0.0,0.0
47,60-64,old_vaccine,0.0,0.0,0.0,0.0
47,60-64,new_vaccine,0.0,0.0,0.0,0.0
47,65-69,unvaccinated,3.3333333333333335,3.0,0.0,0.0
47,65-69,old_vaccine,0.0,0.0,0.0,0.0
47,65-69,new_vaccine,0.0,0.0,0.0,0.0
47,70-74,unvaccinated,4.333333333333333,2.6666666666666665,0.3333333333333333,0.0
47,70-74,old_vaccine,0.0,0.0,0.0,0.0
47,70-74,new_vaccine,0.0,0.0,0.0,0.0
47,75+,unvaccinated,4.0,3.0,1.0,0.0
47,75+,old_vaccine,0.0,0.0,0.0,0.0
47,75+,new_vaccine,0.0,0.0,0.0,0.0
48,0-4,unvaccinated,0.0,6.666666666666667,0.0,0.0
48,0-4,old_vaccine,0.0,0.0,0.0,0.0
48,0-4,new_vaccine,0.0,0.0,0.0,0.0
48,5-9,unvaccinated,0.3333333333333333,4.666666666666667,0.0,0.0
48,5-9,old_vaccine,0.0,0.0,0.0,0.0
48,5-9,new_vaccine,0.0,0.0,0.0,0.0
48,10-14,unvaccinated,0.0,7.0,0.0,0.0
48,10-14,old_vaccine,0.0,0.0,0.0,0.0
48,10-14,new_vaccine,0.0,0.0,0.0,0.0
48,15-19,unvaccinated,0.3333333333333333,7.0,0.0,0.0
48,15-19,old_vaccine,0.0,0.0,0.0,0.0
48,15-19,new_vaccine,0.0,0.0,0.0,0.0
48,20-24,unvaccinated,0.0,5.666666666666667,0.0,0.0
48,20-24,old_vaccine,0.0,0.0,0.0,0.0
48,20-24,new_vaccine,0.0,0.0,0.0,0.0
48,25-29,unvaccinated,1.0,6.333333333333333,0.0,0.0
48,25-29,old_vaccine,0.0,0.0,0.0,0.0
48,25-29,new_vaccine,0.0,0.0,0.0,0.0
48,30-34,unvaccinated,2.0,6.666666666666667,0.0,0.0
48,30-34,old_vaccine,0.0,0.0,0.0,0.0
48,30-34,new_vaccine,0.0,0.0,0.0,0.0
48,35-39,unvaccinated,0.3333333333333333,6.333333333333333,0.0,0.0
48,35-39,old_vaccine,0.0,0.0,0.0,0.0
48,35-39,new_vaccine,0.0,0.0,0.0,0.0
48,40-44,unvaccinated,1.3333333333333333,6.333333333333333,0.0,0.0
48,40-44,old_vaccine,0.0,0.0,0.0,0.0
48,40-44,new_vaccine,0.0,0.0,0.0,0.0
48,45-49,unvaccinated,1.3333333333333333,6.0,0.0,0.0
48,45-49,old_vaccine,0.0,0.0,0.0,0.0
48,45-49,new_vaccine,0.0,0.0,0.0,0.0
48,50-54,unvaccinated,1.0,3.0,0.0,0.0
48,50-54,old_vaccine,0.0,0.0,0.0,0.0
48,50-54,new_vaccine,0.0,0.0,0.0,0.0
48,55-59,unvaccinated,3.3333333333333335,4.333333333333333,0.0,0.0
48,55-59,old_vaccine,0.0,0.0,0.0,0.0
48,55-59,new_vaccine,0.0,0.0,0.0,0.0
48,60-64,unvaccinated,1.3333333333333333,6.666666666666667,0.0,0.0
48,60-64,old_vaccine,0.0,0.0,0.0,0.0
48,60-64,new_vaccine,0.0,0.0,0.0,0.0
48,65-69,unvaccinated,2.6666666666666665,3.3333333333333335,0.0,0.0
48,65-69,old_vaccine,0.0,0.0,0.0,0.0
48,65-69,new_vaccine,0.0,0.0,0.0,0.0
48,70-74,unvaccinated,4.0,2.3333333333333335,0.3333333333333333,0.0
48,70-74,old_vaccine,0.0,0.0,0.0,0.0
48,70-74,new_vaccine,0.0,0.0,0.0,0.0
48,75+,unvaccinated,4.0,3.3333333333333335,1.0,0.0
48,75+,old_vaccine,0.0,0.0,0.0,0.0
48,75+,new_vaccine,0.0,0.0,0.0,0.0
49,0-4,unvaccinated,0.0,6.666666666666667,0.0,0.0
49,0-4,old_vaccine,0.0,0.0,0.0,0.0
49,0-4,new_vaccine,0.0,0.0,0.0,0.0
49,5-9,unvaccinated,0.3333333333333333,5.0,0.0,0.0
49,5-9,old_vaccine,0.0,0.0,0.0,0.0
49,5-9,new_vaccine,0.0,0.0,0.0,0.0
49,10-14,unvaccinated,0.0,7.0,0.0,0.0
49,10-14,old_vaccine,0.0,0.0,0.0,0.0
49,10-14,new_vaccine,0.0,0.0,0.0,0.0
49,15-19,unvaccinated,0.3333333333333333,7.0,0.0,0.0
49,15-19,old_vaccine,0.0,0.0,0.0,0.0
49,15-19,new_vaccine,0.0,0.0,0.0,0.0
49,20-24,unvaccinated,0.0,5.333333333333333,0.0,0.0
49,20-24,old_vaccine,0.0,0.0,0.0,0.0
49,20-24,new_vaccine,0.0,0.0,0.0,0.0
49,25-29,unvaccinated,0.6666666666666666,6.0,0.0,0.0
49,25-29,old_vaccine,0.0,0.0,0.0,0.0
49,25-29,new_vaccine,0.0,0.0,0.0,0.0
49,30-34,unvaccinated,2.0,6.666666666666667,0.0,0.0
49,30-34,old_vaccine,0.0,0.0,0.0,0.0
49,30-34,new_vaccine,0.0,0.0,0.0,0.0
49,35-39,unvaccinated,0.3333333333333333,5.666666666666667,0.0,0.0
49,35-39,old_vaccine,0.0,0.0,0.0,0.0
49,35-39,new_vaccine,0.0,0.0,0.0,0.0
49,40-44,unvaccinated,1.3333333333333333,6.333333333333333,0.0,0.0
49,40-44,old_vaccine,0.0,0.0,0.0,0.0
49,40-44,new_vaccine,0.0,0.0,0.0,0.0
49,45-49,unvaccinated,1.3333333333333333,5.333333333333333,0.0,0.0
49,45-49,old_vaccine,0.0,0.0,0.0,0.0
49,45-49,new_vaccine,0.0,0.0,0.0,0.0
49,50-54,unvaccinated,1.0,3.0,0.0,0.0
49,50-54,old_vaccine,0.0,0.0,0.0,0.0
49,50-54,new_vaccine,0.0,0.0,0.0,0.0
49,55-59,unvaccinated,3.0,3.6666666666666665,0.0,0.0
49,55-59,old_vaccine,0.0,0.0,0.0,0.0
49,55-59,new_vaccine,0.0,0.0,0.0,0.0
49,60-64,unvaccinated,1.3333333333333333,6.0,0.0,0.0
49,60-64,old_vaccine,0.0,0.0,0.0,0.0
49,60-64,new_vaccine,0.0,0.0,0.0,0.0
49,65-69,unvaccinated,3.0,3.0,0.0,0.0
49,65-69,old_vaccine,0.0,0.0,0.0,0.0
49,65-69,new_vaccine,0.0,0.0,0.0,0.0
49,70-74,unvaccinated,4.333333333333333,2.0,0.3333333333333333,0.0
49,70-74,old_vaccine,0.0,0.0,0.0,0.0
49,70-74,new_vaccine,0.0,0.0,0.0,0.0
49,75+,unvaccinated,4.0,3.0,1.0,0.0
49,75+,old_vaccine,0.0,0.0,0.0,0.0
49,75+,new_vaccine,0.0,0.0,0.0,0.0
50,0-4,unvaccinated,0.0,6.333333333333333,0.0,0.0
50,0-4,old_vaccine,0.0,0.0,0.0,0.0
50,0-4,new_vaccine,0.0,0.0,0.0,0.0
50,5-9,unvaccinated,0.3333333333333333,4.333333333333333,0.0,0.0
50,5-9,old_vaccine,0.0,0.0,0.0,0.0
50,5-9,new_vaccine,0.0,0.0,0.0,0.0
50,10-14,unvaccinated,0.0,7.666666666666667,0.0,0.0
50,10-14,old_vaccine,0.0,0.0,0.0,0.0
50,10-14,new_vaccine,0.0,0.0,0.0,0.0
50,15-19,unvaccinated,0.3333333333333333,5.666666666666667,0.0,0.0
50,15-19,old_vaccine,0.0,0.0,0.0,0.0
50,15-19,new_vaccine,0.0,0.0,0.0,0.0
50,20-24,unvaccinated,0.0,5.666666666666667,0.0,0.0
50,20-24,old_vaccine,0.0,0.0,0.0,0.0
50,20-24,new_vaccine,0.0,0.0,0.0,0.0
50,25-29,unvaccinated,0.6666666666666666,6.666666666666667,0.0,0.0
50,25-29,old_vaccine,0.0,0.0,0.0,0.0
50,25-29,new_vaccine,0.0,0.0,0.0,0.0
50,30-34,unvaccinated,1.6666666666666667,6.333333333333333,0.0,0.0
50,30-34,old_vaccine,0.0,0.0,0.0,0.0
50,30-34,new_vaccine,0.0,0.0,0.0,0.0
50,35-39,unvaccinated,0.3333333333333333,6.0,0.0,0.0
50,35-39,old_vaccine,0.0,0.0,0.0,0.0
50,35-39,new_vaccine,0.0,0.0,0.0,0.0
50,40-44,unvaccinated,1.6666666666666667,6.333333333333333,0.0,0.0
50,40-44,old_vaccine,0.0,0.0,0.0,0.0
50,40-44,new_vaccine,0.0,0.0,0.0,0.0
50,45-49,unvaccinated,1.3333333333333333,5.0,0.0,0.0
50,45-49,old_vaccine,0.0,0.0,0.0,0.0
50,45-49,new_vaccine,0.0,0.0,0.0,0.0
50,50-54,unvaccinated,2.0,3.0,0.0,0.0
50,50-54,old_vaccine,0.0,0.0,0.0,0.0
50,50-54,new_vaccine,0.0,0.0,0.0,0.0
50,55-59,unvaccinated,3.0,3.6666666666666665,0.0,0.0
50,55-59,old_vaccine,0.0,0.0,0.0,0.0
50,55-59,new_vaccine,0.0,0.0,0.0,0.0
50,60-64,unvaccinated,1.0,6.333333333333333,0.0,0.0
50,60-64,old_vaccine,0.0,0.0,0.0,0.0
50,60-64,new_vaccine,0.0,0.0,0.0,0.0
50,65-69,unvaccinated,3.0,3.0,0.0,0.0
50,65-69,old_vaccine,0.0,0.0,0.0,0.0
50,65-69,new_vaccine,0.0,0.0,0.0,0.0
50,70-74,unvaccinated,4.0,2.3333333333333335,0.3333333333333333,0.0
50,70-74,old_vaccine,0.0,0.0,0.0,0.0
50,70-74,new_vaccine,0.0,0.0,0.0,0.0
50,75+,unvaccinated,3.3333333333333335,3.3333333333333335,1.0,0.0
50,75+,old_vaccine,0.0,0.0,0.0,0.0
50,75+,new_vaccine,0.0,0.0,0.0,0.0
51,0-4,unvaccinated,0.0,6.333333333333333,0.0,0.0
51,0-4,old_vaccine,0.0,0.0,0.0,0.0
51,0-4,new_vaccine,0.0,0.0,0.0,0.0
51,5-9,unvaccinated,0.3333333333333333,4.0,0.0,0.0
51,5-9,old_vaccine,0.0,0.0,0.0,0.0
51,5-9,new_vaccine,0.0,0.0,0.0,0.0
51,10-14,unvaccinated,0.0,8.0,0.0,0.0
51,10-14,old_vaccine,0.0,0.0,0.0,0.0
51,10-14,new_vaccine,0.0,0.0,0.0,0.0
51,15-19,unvaccinated,0.3333333333333333,6.0,0.0,0.0
51,15-19,old_vaccine,0.0,0.0,0.0,0.0
51,15-19,new_vaccine,0.0,0.0,0.0,0.0
51,20-24,unvaccinated,0.0,5.0,0.0,0.0
51,20-24,old_vaccine,0.0,0.0,0.0,0.0
51,20-24,new_vaccine,0.0,0.0,0.0,0.0
51,25-29,unvaccinated,0.6666666666666666,7.0,0.0,0.0
51,25-29,old_vaccine,0.0,0.0,0.0,0.0
51,25-29,new_vaccine,0.0,0.0,0.0,0.0
51,30-34,unvaccinated,2.0,6.0,0.0,0.0
51,30-34,old_vaccine,0.0,0.0,0.0,0.0
51,30-34,new_vaccine,0.0,0.0,0.0,0.0
51,35-39,unvaccinated,0.3333333333333333,6.333333333333333,0.0,0.0
51,35-39,old_vaccine,0.0,0.0,0.0,0.0
51,35-39,new_vaccine,0.0,0.0,0.0,0.0
51,40-44,unvaccinated,1.3333333333333333,6.0,0.0,0.0
51,40-44,old_vaccine,0.0,0.0,0.0,0.0
51,40-44,new_vaccine,0.0,0.0,0.0,0.0
51,45-49,unvaccinated,1.3333333333333333,5.333333333333333,0.0,0.0
51,45-49,old_vaccine,0.0,0.0,0.0,0.0
51,45-49,new_vaccine,0.0,0.0,0.0,0.0
51,50-54,unvaccinated,2.3333333333333335,3.3333333333333335,0.0,0.0
51,50-54,old_vaccine,0.0,0.0,0.0,0.0
51,50-54,new_vaccine,0.0,0.0,0.0,0.0
51,55-59,unvaccinated,3.0,3.3333333333333335,0.0,0.0
51,55-59,old_vaccine,0.0,0.0,0.0,0.0
51,55-59,new_vaccine,0.0,0.0,0.0,0.0
51,60-64,unvaccinated,0.6666666666666666,5.666666666666667,0.0,0.0
51,60-64,old_vaccine,0.0,0.0,0.0,0.0
51,60-64,new_vaccine,0.0,0.0,0.0,0.0
51,65-69,unvaccinated,3.0,3.3333333333333335,0.0,0.0
51,65-69,old_vaccine,0.0,0.0,0.0,0.0
51,65-69,new_vaccine,0.0,0.0,0.0,0.0
51,70-74,unvaccinated,3.6666666666666665,2.3333333333333335,0.3333333333333333,0.0
51,70-74,old_vaccine,0.0,0.0,0.0,0.0
51,70-74,new_vaccine,0.0,0.0,0.0,0.0
51,75+,unvaccinated,3.6666666666666665,3.6666666666666665,1.3333333333333333,0.0
51,75+,old_vaccine,0.0,0.0,0.0,0.0
51,75+,new_vaccine,0.0,0.0,0.0,0.0
52,0-4,unvaccinated,0.0,5.666666666666667,0.0,0.0
52,0-4,old_vaccine,0.0,0.0,0.0,0.0
52,0-4,new_vaccine,0.0,0.0,0.0,0.0
52,5-9,unvaccinated,0.3333333333333333,4.333333333333333,0.0,0.0
52,5-9,old_vaccine,0.0,0.0,0.0,0.0
52,5-9,new_vaccine,0.0,0.0,0.0,0.0
52,10-14,unvaccinated,0.3333333333333333,7.666666666666667,0.0,0.0
52,10-14,old_vaccine,0.0,0.0,0.0,0.0
52,10-14,new_vaccine,0.0,0.0,0.0,0.0
52,15-19,unvaccinated,0.3333333333333333,6.666666666666667,0.0,0.0
52,15-19,old_vaccine,0.0,0.0,0.0,0.0
52,15-19,new_vaccine,0.0,0.0,0.0,0.0
52,20-24,unvaccinated,0.0,5.333333333333333,0.0,0.0
52,20-24,old_vaccine,0.0,0.0,0.0,0.0
52,20-24,new_vaccine,0.0,0.0,0.0,0.0
52,25-29,unvaccinated,1.0,7.333333333333333,0.0,0.0
52,25-29,old_vaccine,0.0,0.0,0.0,0.0
52,25-29,new_vaccine,0.0,0.0,0.0,0.0
52,30-34,unvaccinated,2.0,6.666666666666667,0.0,0.0
52,30-34,old_vaccine,0.0,0.0,0.0,0.0
52,30-34,new_vaccine,0.0,0.0,0.0,0.0
52,35-39,unvaccinated,0.3333333333333333,5.666666666666667,0.0,0.0
52,35-39,old_vaccine,0.0,0.0,0.0,0.0
52,35-39,new_vaccine,0.0,0.0,0.0,0.0
52,40-44,unvaccinated,1.3333333333333333,6.0,0.0,0.0
52,40-44,old_vaccine,0.0,0.0,0.0,0.0
52,40-44,new_vaccine,0.0,0.0,0.0,0.0
52,45-49,unvaccinated,1.6666666666666667,5.666666666666667,0.0,0.0
52,45-49,old_vaccine,0.0,0.0,0.0,0.0
52,45-49,new_vaccine,0.0,0.0,0.0,0.0
52,50-54,unvaccinated,2.6666666666666665,3.6666666666666665,0.0,0.0
52,50-54,old_vaccine,0.0,0.0,0.0,0.0
52,50-54,new_vaccine,0.0,0.0,0.0,0.0
52,55-59,unvaccinated,2.6666666666666665,3.6666666666666665,0.0,0.0
52,55-59,old_vaccine,0.0,0.0,0.0,0.0
52,55-59,new_vaccine,0.0,0.0,0.0,0.0
52,60-64,unvaccinated,1.3333333333333333,5.333333333333333,0.0,0.0
52,60-64,old_vaccine,0.0,0.0,0.0,0.0
52,60-64,new_vaccine,0.0,0.0,0.0,0.0
52,65-69,unvaccinated,3.0,3.0,0.0,0.0
52,65-69,old_vaccine,0.0,0.0,0.0,0.0
52,65-69,new_vaccine,0.0,0.0,0.0,0.0
52,70-74,unvaccinated,3.0,2.0,0.6666666666666666,0.0
52,70-74,old_vaccine,0.0,0.0,0.0,0.0
52,70-74,new_vaccine,0.0,0.0,0.0,0.0
52,75+,unvaccinated,3.3333333333333335,3.3333333333333335,1.3333333333333333,0.0
52,75+,old_vaccine,0.0,0.0,0.0,0.0
52,75+,new_vaccine,0.0,0.0,0.0,0.0
53,0-4,unvaccinated,0.0,5.333333333333333,0.0,0.0
53,0-4,old_vaccine,0.0,0.0,0.0,0.0
53,0-4,new_vaccine,0.0,0.0,0.0,0.0
53,5-9,unvaccinated,0.0,5.0,0.0,0.0
53,5-9,old_vaccine,0.0,0.0,0.0,0.0
53,5-9,new_vaccine,0.0,0.0,0.0,0.0
53,10-14,unvaccinated,0.3333333333333333,7.333333333333333,0.0,0.0
53,10-14,old_vaccine,0.0,0.0,0.0,0.0
53,10-14,new_vaccine,0.0,0.0,0.0,0.0
53,15-19,unvaccinated,0.3333333333333333,5.333333333333333,0.0,0.0
>>>>>>> da2075794f5d2a03a9b01028d16d640646318095
53,15-19,old_vaccine,0.0,0.0,0.0,0.0
53,15-19,new_vaccine,0.0,0.0,0.0,0.0
53,20-24,unvaccinated,0.9,16.1,0.0,0.0
53,20-24,old_vaccine,0.0,0.0,0.0,0.0
53,20-24,new_vaccine,0.0,0.0,0.0,0.0
<<<<<<< HEAD
53,25-29,unvaccinated,1.9,19.0,0.0,0.0
53,25-29,old_vaccine,0.0,0.0,0.0,0.0
53,25-29,new_vaccine,0.0,0.0,0.0,0.0
53,30-34,unvaccinated,1.1,15.4,0.0,0.0
53,30-34,old_vaccine,0.0,0.0,0.0,0.0
53,30-34,new_vaccine,0.0,0.0,0.0,0.0
53,35-39,unvaccinated,1.2,21.5,0.1,0.0
53,35-39,old_vaccine,0.0,0.0,0.0,0.0
53,35-39,new_vaccine,0.0,0.0,0.0,0.0
53,40-44,unvaccinated,1.9,10.7,0.0,0.0
53,40-44,old_vaccine,0.0,0.0,0.0,0.0
53,40-44,new_vaccine,0.0,0.0,0.0,0.0
53,45-49,unvaccinated,0.8,15.8,0.0,0.0
53,45-49,old_vaccine,0.0,0.0,0.0,0.0
53,45-49,new_vaccine,0.0,0.0,0.0,0.0
53,50-54,unvaccinated,3.3,15.3,0.0,0.0
53,50-54,old_vaccine,0.0,0.0,0.0,0.0
53,50-54,new_vaccine,0.0,0.0,0.0,0.0
53,55-59,unvaccinated,3.4,16.9,0.0,0.0
53,55-59,old_vaccine,0.0,0.0,0.0,0.0
53,55-59,new_vaccine,0.0,0.0,0.0,0.0
53,60-64,unvaccinated,5.3,12.6,0.1,0.0
53,60-64,old_vaccine,0.0,0.0,0.0,0.0
53,60-64,new_vaccine,0.0,0.0,0.0,0.0
53,65-69,unvaccinated,4.5,5.6,0.0,0.0
53,65-69,old_vaccine,0.0,0.0,0.0,0.0
53,65-69,new_vaccine,0.0,0.0,0.0,0.0
53,70-74,unvaccinated,8.2,3.8,0.1,0.0
53,70-74,old_vaccine,0.0,0.0,0.0,0.0
53,70-74,new_vaccine,0.0,0.0,0.0,0.0
53,75+,unvaccinated,13.2,8.7,0.0,0.0
53,75+,old_vaccine,0.0,0.0,0.0,0.0
53,75+,new_vaccine,0.0,0.0,0.0,0.0
54,0-4,unvaccinated,1.3,11.8,0.0,0.0
54,0-4,old_vaccine,0.0,0.0,0.0,0.0
54,0-4,new_vaccine,0.0,0.0,0.0,0.0
54,5-9,unvaccinated,0.0,15.5,0.0,0.0
54,5-9,old_vaccine,0.0,0.0,0.0,0.0
54,5-9,new_vaccine,0.0,0.0,0.0,0.0
54,10-14,unvaccinated,0.4,15.9,0.0,0.0
54,10-14,old_vaccine,0.0,0.0,0.0,0.0
54,10-14,new_vaccine,0.0,0.0,0.0,0.0
54,15-19,unvaccinated,0.0,14.0,0.0,0.0
54,15-19,old_vaccine,0.0,0.0,0.0,0.0
54,15-19,new_vaccine,0.0,0.0,0.0,0.0
54,20-24,unvaccinated,0.9,16.0,0.0,0.0
54,20-24,old_vaccine,0.0,0.0,0.0,0.0
54,20-24,new_vaccine,0.0,0.0,0.0,0.0
54,25-29,unvaccinated,1.9,18.8,0.0,0.0
54,25-29,old_vaccine,0.0,0.0,0.0,0.0
54,25-29,new_vaccine,0.0,0.0,0.0,0.0
54,30-34,unvaccinated,1.1,15.8,0.0,0.0
54,30-34,old_vaccine,0.0,0.0,0.0,0.0
54,30-34,new_vaccine,0.0,0.0,0.0,0.0
54,35-39,unvaccinated,1.0,21.5,0.1,0.0
54,35-39,old_vaccine,0.0,0.0,0.0,0.0
54,35-39,new_vaccine,0.0,0.0,0.0,0.0
54,40-44,unvaccinated,1.9,10.2,0.0,0.0
54,40-44,old_vaccine,0.0,0.0,0.0,0.0
54,40-44,new_vaccine,0.0,0.0,0.0,0.0
54,45-49,unvaccinated,0.8,15.4,0.0,0.0
54,45-49,old_vaccine,0.0,0.0,0.0,0.0
54,45-49,new_vaccine,0.0,0.0,0.0,0.0
54,50-54,unvaccinated,3.0,15.7,0.0,0.0
54,50-54,old_vaccine,0.0,0.0,0.0,0.0
54,50-54,new_vaccine,0.0,0.0,0.0,0.0
54,55-59,unvaccinated,3.4,16.6,0.0,0.0
54,55-59,old_vaccine,0.0,0.0,0.0,0.0
54,55-59,new_vaccine,0.0,0.0,0.0,0.0
54,60-64,unvaccinated,5.4,12.8,0.1,0.0
54,60-64,old_vaccine,0.0,0.0,0.0,0.0
54,60-64,new_vaccine,0.0,0.0,0.0,0.0
54,65-69,unvaccinated,4.5,5.5,0.1,0.0
54,65-69,old_vaccine,0.0,0.0,0.0,0.0
54,65-69,new_vaccine,0.0,0.0,0.0,0.0
54,70-74,unvaccinated,7.6,3.9,0.1,0.0
54,70-74,old_vaccine,0.0,0.0,0.0,0.0
54,70-74,new_vaccine,0.0,0.0,0.0,0.0
54,75+,unvaccinated,13.2,8.4,0.0,0.0
54,75+,old_vaccine,0.0,0.0,0.0,0.0
54,75+,new_vaccine,0.0,0.0,0.0,0.0
55,0-4,unvaccinated,1.3,11.7,0.0,0.0
55,0-4,old_vaccine,0.0,0.0,0.0,0.0
55,0-4,new_vaccine,0.0,0.0,0.0,0.0
55,5-9,unvaccinated,0.0,15.3,0.0,0.0
55,5-9,old_vaccine,0.0,0.0,0.0,0.0
55,5-9,new_vaccine,0.0,0.0,0.0,0.0
55,10-14,unvaccinated,0.4,16.0,0.0,0.0
55,10-14,old_vaccine,0.0,0.0,0.0,0.0
55,10-14,new_vaccine,0.0,0.0,0.0,0.0
55,15-19,unvaccinated,0.0,14.3,0.0,0.0
55,15-19,old_vaccine,0.0,0.0,0.0,0.0
55,15-19,new_vaccine,0.0,0.0,0.0,0.0
55,20-24,unvaccinated,0.9,16.0,0.0,0.0
55,20-24,old_vaccine,0.0,0.0,0.0,0.0
55,20-24,new_vaccine,0.0,0.0,0.0,0.0
55,25-29,unvaccinated,1.9,19.2,0.0,0.0
55,25-29,old_vaccine,0.0,0.0,0.0,0.0
55,25-29,new_vaccine,0.0,0.0,0.0,0.0
55,30-34,unvaccinated,1.2,15.8,0.0,0.0
55,30-34,old_vaccine,0.0,0.0,0.0,0.0
55,30-34,new_vaccine,0.0,0.0,0.0,0.0
55,35-39,unvaccinated,0.9,21.5,0.0,0.0
55,35-39,old_vaccine,0.0,0.0,0.0,0.0
55,35-39,new_vaccine,0.0,0.0,0.0,0.0
55,40-44,unvaccinated,2.0,10.1,0.0,0.0
55,40-44,old_vaccine,0.0,0.0,0.0,0.0
55,40-44,new_vaccine,0.0,0.0,0.0,0.0
55,45-49,unvaccinated,0.6,15.3,0.0,0.0
55,45-49,old_vaccine,0.0,0.0,0.0,0.0
55,45-49,new_vaccine,0.0,0.0,0.0,0.0
55,50-54,unvaccinated,3.0,15.4,0.0,0.0
55,50-54,old_vaccine,0.0,0.0,0.0,0.0
55,50-54,new_vaccine,0.0,0.0,0.0,0.0
55,55-59,unvaccinated,3.3,16.7,0.0,0.0
55,55-59,old_vaccine,0.0,0.0,0.0,0.0
55,55-59,new_vaccine,0.0,0.0,0.0,0.0
55,60-64,unvaccinated,5.3,13.0,0.1,0.0
55,60-64,old_vaccine,0.0,0.0,0.0,0.0
55,60-64,new_vaccine,0.0,0.0,0.0,0.0
55,65-69,unvaccinated,4.6,5.2,0.1,0.0
55,65-69,old_vaccine,0.0,0.0,0.0,0.0
55,65-69,new_vaccine,0.0,0.0,0.0,0.0
55,70-74,unvaccinated,7.7,4.0,0.1,0.0
55,70-74,old_vaccine,0.0,0.0,0.0,0.0
55,70-74,new_vaccine,0.0,0.0,0.0,0.0
55,75+,unvaccinated,13.4,8.6,0.0,0.0
55,75+,old_vaccine,0.0,0.0,0.0,0.0
55,75+,new_vaccine,0.0,0.0,0.0,0.0
56,0-4,unvaccinated,1.3,12.0,0.0,0.0
56,0-4,old_vaccine,0.0,0.0,0.0,0.0
56,0-4,new_vaccine,0.0,0.0,0.0,0.0
56,5-9,unvaccinated,0.0,15.2,0.0,0.0
56,5-9,old_vaccine,0.0,0.0,0.0,0.0
56,5-9,new_vaccine,0.0,0.0,0.0,0.0
56,10-14,unvaccinated,0.4,16.2,0.0,0.0
56,10-14,old_vaccine,0.0,0.0,0.0,0.0
56,10-14,new_vaccine,0.0,0.0,0.0,0.0
56,15-19,unvaccinated,0.0,14.5,0.0,0.0
56,15-19,old_vaccine,0.0,0.0,0.0,0.0
56,15-19,new_vaccine,0.0,0.0,0.0,0.0
56,20-24,unvaccinated,0.9,16.1,0.0,0.0
56,20-24,old_vaccine,0.0,0.0,0.0,0.0
56,20-24,new_vaccine,0.0,0.0,0.0,0.0
56,25-29,unvaccinated,2.0,19.0,0.0,0.0
56,25-29,old_vaccine,0.0,0.0,0.0,0.0
56,25-29,new_vaccine,0.0,0.0,0.0,0.0
56,30-34,unvaccinated,1.2,15.7,0.0,0.0
56,30-34,old_vaccine,0.0,0.0,0.0,0.0
56,30-34,new_vaccine,0.0,0.0,0.0,0.0
56,35-39,unvaccinated,0.9,22.0,0.0,0.0
56,35-39,old_vaccine,0.0,0.0,0.0,0.0
56,35-39,new_vaccine,0.0,0.0,0.0,0.0
56,40-44,unvaccinated,1.9,10.5,0.0,0.0
56,40-44,old_vaccine,0.0,0.0,0.0,0.0
56,40-44,new_vaccine,0.0,0.0,0.0,0.0
56,45-49,unvaccinated,0.8,14.9,0.0,0.0
56,45-49,old_vaccine,0.0,0.0,0.0,0.0
56,45-49,new_vaccine,0.0,0.0,0.0,0.0
56,50-54,unvaccinated,3.0,15.9,0.0,0.0
56,50-54,old_vaccine,0.0,0.0,0.0,0.0
56,50-54,new_vaccine,0.0,0.0,0.0,0.0
56,55-59,unvaccinated,3.4,16.4,0.0,0.0
56,55-59,old_vaccine,0.0,0.0,0.0,0.0
56,55-59,new_vaccine,0.0,0.0,0.0,0.0
56,60-64,unvaccinated,5.0,13.0,0.1,0.0
56,60-64,old_vaccine,0.0,0.0,0.0,0.0
56,60-64,new_vaccine,0.0,0.0,0.0,0.0
56,65-69,unvaccinated,4.7,5.3,0.1,0.0
56,65-69,old_vaccine,0.0,0.0,0.0,0.0
56,65-69,new_vaccine,0.0,0.0,0.0,0.0
56,70-74,unvaccinated,8.0,4.0,0.1,0.0
56,70-74,old_vaccine,0.0,0.0,0.0,0.0
56,70-74,new_vaccine,0.0,0.0,0.0,0.0
56,75+,unvaccinated,13.2,8.5,0.0,0.0
56,75+,old_vaccine,0.0,0.0,0.0,0.0
56,75+,new_vaccine,0.0,0.0,0.0,0.0
57,0-4,unvaccinated,1.3,11.6,0.0,0.0
57,0-4,old_vaccine,0.0,0.0,0.0,0.0
57,0-4,new_vaccine,0.0,0.0,0.0,0.0
57,5-9,unvaccinated,0.0,15.2,0.0,0.0
57,5-9,old_vaccine,0.0,0.0,0.0,0.0
57,5-9,new_vaccine,0.0,0.0,0.0,0.0
57,10-14,unvaccinated,0.4,16.3,0.0,0.0
57,10-14,old_vaccine,0.0,0.0,0.0,0.0
57,10-14,new_vaccine,0.0,0.0,0.0,0.0
57,15-19,unvaccinated,0.1,14.6,0.0,0.0
57,15-19,old_vaccine,0.0,0.0,0.0,0.0
57,15-19,new_vaccine,0.0,0.0,0.0,0.0
57,20-24,unvaccinated,0.9,16.7,0.0,0.0
57,20-24,old_vaccine,0.0,0.0,0.0,0.0
57,20-24,new_vaccine,0.0,0.0,0.0,0.0
57,25-29,unvaccinated,2.0,19.0,0.0,0.0
57,25-29,old_vaccine,0.0,0.0,0.0,0.0
57,25-29,new_vaccine,0.0,0.0,0.0,0.0
57,30-34,unvaccinated,1.2,15.4,0.0,0.0
57,30-34,old_vaccine,0.0,0.0,0.0,0.0
57,30-34,new_vaccine,0.0,0.0,0.0,0.0
57,35-39,unvaccinated,0.9,22.1,0.0,0.0
57,35-39,old_vaccine,0.0,0.0,0.0,0.0
57,35-39,new_vaccine,0.0,0.0,0.0,0.0
57,40-44,unvaccinated,1.9,10.7,0.0,0.0
57,40-44,old_vaccine,0.0,0.0,0.0,0.0
57,40-44,new_vaccine,0.0,0.0,0.0,0.0
57,45-49,unvaccinated,0.5,15.2,0.0,0.0
57,45-49,old_vaccine,0.0,0.0,0.0,0.0
57,45-49,new_vaccine,0.0,0.0,0.0,0.0
57,50-54,unvaccinated,3.0,15.3,0.0,0.0
57,50-54,old_vaccine,0.0,0.0,0.0,0.0
57,50-54,new_vaccine,0.0,0.0,0.0,0.0
57,55-59,unvaccinated,3.5,16.4,0.0,0.0
57,55-59,old_vaccine,0.0,0.0,0.0,0.0
57,55-59,new_vaccine,0.0,0.0,0.0,0.0
57,60-64,unvaccinated,4.8,12.8,0.1,0.0
57,60-64,old_vaccine,0.0,0.0,0.0,0.0
57,60-64,new_vaccine,0.0,0.0,0.0,0.0
57,65-69,unvaccinated,4.7,5.1,0.1,0.0
57,65-69,old_vaccine,0.0,0.0,0.0,0.0
57,65-69,new_vaccine,0.0,0.0,0.0,0.0
57,70-74,unvaccinated,8.1,4.0,0.1,0.0
57,70-74,old_vaccine,0.0,0.0,0.0,0.0
57,70-74,new_vaccine,0.0,0.0,0.0,0.0
57,75+,unvaccinated,13.2,8.4,0.0,0.0
57,75+,old_vaccine,0.0,0.0,0.0,0.0
57,75+,new_vaccine,0.0,0.0,0.0,0.0
58,0-4,unvaccinated,1.3,11.5,0.0,0.0
58,0-4,old_vaccine,0.0,0.0,0.0,0.0
58,0-4,new_vaccine,0.0,0.0,0.0,0.0
58,5-9,unvaccinated,0.0,15.0,0.0,0.0
58,5-9,old_vaccine,0.0,0.0,0.0,0.0
58,5-9,new_vaccine,0.0,0.0,0.0,0.0
58,10-14,unvaccinated,0.4,16.0,0.0,0.0
58,10-14,old_vaccine,0.0,0.0,0.0,0.0
58,10-14,new_vaccine,0.0,0.0,0.0,0.0
58,15-19,unvaccinated,0.1,14.8,0.0,0.0
58,15-19,old_vaccine,0.0,0.0,0.0,0.0
58,15-19,new_vaccine,0.0,0.0,0.0,0.0
58,20-24,unvaccinated,0.9,17.2,0.0,0.0
58,20-24,old_vaccine,0.0,0.0,0.0,0.0
58,20-24,new_vaccine,0.0,0.0,0.0,0.0
58,25-29,unvaccinated,2.0,19.5,0.0,0.0
58,25-29,old_vaccine,0.0,0.0,0.0,0.0
58,25-29,new_vaccine,0.0,0.0,0.0,0.0
58,30-34,unvaccinated,1.0,16.0,0.0,0.0
58,30-34,old_vaccine,0.0,0.0,0.0,0.0
58,30-34,new_vaccine,0.0,0.0,0.0,0.0
58,35-39,unvaccinated,0.8,22.1,0.0,0.0
58,35-39,old_vaccine,0.0,0.0,0.0,0.0
58,35-39,new_vaccine,0.0,0.0,0.0,0.0
58,40-44,unvaccinated,2.0,11.2,0.0,0.0
58,40-44,old_vaccine,0.0,0.0,0.0,0.0
58,40-44,new_vaccine,0.0,0.0,0.0,0.0
58,45-49,unvaccinated,0.5,15.2,0.0,0.0
58,45-49,old_vaccine,0.0,0.0,0.0,0.0
58,45-49,new_vaccine,0.0,0.0,0.0,0.0
58,50-54,unvaccinated,3.1,15.5,0.0,0.0
58,50-54,old_vaccine,0.0,0.0,0.0,0.0
58,50-54,new_vaccine,0.0,0.0,0.0,0.0
58,55-59,unvaccinated,3.7,16.1,0.0,0.0
58,55-59,old_vaccine,0.0,0.0,0.0,0.0
58,55-59,new_vaccine,0.0,0.0,0.0,0.0
58,60-64,unvaccinated,4.9,13.0,0.1,0.0
58,60-64,old_vaccine,0.0,0.0,0.0,0.0
58,60-64,new_vaccine,0.0,0.0,0.0,0.0
58,65-69,unvaccinated,4.8,5.2,0.1,0.0
58,65-69,old_vaccine,0.0,0.0,0.0,0.0
58,65-69,new_vaccine,0.0,0.0,0.0,0.0
58,70-74,unvaccinated,8.0,4.0,0.1,0.0
58,70-74,old_vaccine,0.0,0.0,0.0,0.0
58,70-74,new_vaccine,0.0,0.0,0.0,0.0
58,75+,unvaccinated,12.9,8.4,0.0,0.0
58,75+,old_vaccine,0.0,0.0,0.0,0.0
58,75+,new_vaccine,0.0,0.0,0.0,0.0
59,0-4,unvaccinated,1.3,11.9,0.0,0.0
59,0-4,old_vaccine,0.0,0.0,0.0,0.0
59,0-4,new_vaccine,0.0,0.0,0.0,0.0
59,5-9,unvaccinated,0.0,15.2,0.0,0.0
59,5-9,old_vaccine,0.0,0.0,0.0,0.0
59,5-9,new_vaccine,0.0,0.0,0.0,0.0
59,10-14,unvaccinated,0.5,16.5,0.0,0.0
59,10-14,old_vaccine,0.0,0.0,0.0,0.0
59,10-14,new_vaccine,0.0,0.0,0.0,0.0
59,15-19,unvaccinated,0.2,14.7,0.0,0.0
59,15-19,old_vaccine,0.0,0.0,0.0,0.0
59,15-19,new_vaccine,0.0,0.0,0.0,0.0
59,20-24,unvaccinated,1.0,17.5,0.0,0.0
59,20-24,old_vaccine,0.0,0.0,0.0,0.0
59,20-24,new_vaccine,0.0,0.0,0.0,0.0
59,25-29,unvaccinated,1.9,19.9,0.0,0.0
59,25-29,old_vaccine,0.0,0.0,0.0,0.0
59,25-29,new_vaccine,0.0,0.0,0.0,0.0
59,30-34,unvaccinated,1.1,15.9,0.0,0.0
59,30-34,old_vaccine,0.0,0.0,0.0,0.0
59,30-34,new_vaccine,0.0,0.0,0.0,0.0
59,35-39,unvaccinated,0.8,21.9,0.0,0.0
59,35-39,old_vaccine,0.0,0.0,0.0,0.0
59,35-39,new_vaccine,0.0,0.0,0.0,0.0
59,40-44,unvaccinated,2.0,11.0,0.0,0.0
59,40-44,old_vaccine,0.0,0.0,0.0,0.0
59,40-44,new_vaccine,0.0,0.0,0.0,0.0
59,45-49,unvaccinated,0.5,15.3,0.0,0.0
59,45-49,old_vaccine,0.0,0.0,0.0,0.0
59,45-49,new_vaccine,0.0,0.0,0.0,0.0
59,50-54,unvaccinated,3.0,15.6,0.0,0.0
59,50-54,old_vaccine,0.0,0.0,0.0,0.0
59,50-54,new_vaccine,0.0,0.0,0.0,0.0
59,55-59,unvaccinated,3.9,15.8,0.0,0.0
59,55-59,old_vaccine,0.0,0.0,0.0,0.0
59,55-59,new_vaccine,0.0,0.0,0.0,0.0
59,60-64,unvaccinated,4.8,12.9,0.1,0.0
59,60-64,old_vaccine,0.0,0.0,0.0,0.0
59,60-64,new_vaccine,0.0,0.0,0.0,0.0
59,65-69,unvaccinated,4.5,5.4,0.1,0.0
59,65-69,old_vaccine,0.0,0.0,0.0,0.0
59,65-69,new_vaccine,0.0,0.0,0.0,0.0
59,70-74,unvaccinated,8.0,3.8,0.0,0.0
59,70-74,old_vaccine,0.0,0.0,0.0,0.0
59,70-74,new_vaccine,0.0,0.0,0.0,0.0
59,75+,unvaccinated,13.2,8.0,0.0,0.0
59,75+,old_vaccine,0.0,0.0,0.0,0.0
59,75+,new_vaccine,0.0,0.0,0.0,0.0
60,0-4,unvaccinated,1.4,11.8,0.0,0.0
60,0-4,old_vaccine,0.0,0.0,0.0,0.0
60,0-4,new_vaccine,0.0,0.0,0.0,0.0
60,5-9,unvaccinated,0.0,15.0,0.0,0.0
60,5-9,old_vaccine,0.0,0.0,0.0,0.0
60,5-9,new_vaccine,0.0,0.0,0.0,0.0
60,10-14,unvaccinated,0.5,16.7,0.0,0.0
60,10-14,old_vaccine,0.0,0.0,0.0,0.0
60,10-14,new_vaccine,0.0,0.0,0.0,0.0
60,15-19,unvaccinated,0.2,14.3,0.0,0.0
60,15-19,old_vaccine,0.0,0.0,0.0,0.0
60,15-19,new_vaccine,0.0,0.0,0.0,0.0
60,20-24,unvaccinated,1.0,16.8,0.0,0.0
60,20-24,old_vaccine,0.0,0.0,0.0,0.0
60,20-24,new_vaccine,0.0,0.0,0.0,0.0
60,25-29,unvaccinated,2.0,19.6,0.0,0.0
60,25-29,old_vaccine,0.0,0.0,0.0,0.0
60,25-29,new_vaccine,0.0,0.0,0.0,0.0
60,30-34,unvaccinated,1.1,15.9,0.0,0.0
60,30-34,old_vaccine,0.0,0.0,0.0,0.0
60,30-34,new_vaccine,0.0,0.0,0.0,0.0
60,35-39,unvaccinated,0.9,21.6,0.0,0.0
60,35-39,old_vaccine,0.0,0.0,0.0,0.0
60,35-39,new_vaccine,0.0,0.0,0.0,0.0
60,40-44,unvaccinated,2.2,11.0,0.0,0.0
60,40-44,old_vaccine,0.0,0.0,0.0,0.0
60,40-44,new_vaccine,0.0,0.0,0.0,0.0
60,45-49,unvaccinated,0.5,15.4,0.0,0.0
60,45-49,old_vaccine,0.0,0.0,0.0,0.0
60,45-49,new_vaccine,0.0,0.0,0.0,0.0
60,50-54,unvaccinated,3.0,15.7,0.0,0.0
60,50-54,old_vaccine,0.0,0.0,0.0,0.0
60,50-54,new_vaccine,0.0,0.0,0.0,0.0
60,55-59,unvaccinated,3.8,16.0,0.0,0.0
60,55-59,old_vaccine,0.0,0.0,0.0,0.0
60,55-59,new_vaccine,0.0,0.0,0.0,0.0
60,60-64,unvaccinated,4.7,12.9,0.1,0.0
60,60-64,old_vaccine,0.0,0.0,0.0,0.0
60,60-64,new_vaccine,0.0,0.0,0.0,0.0
60,65-69,unvaccinated,4.6,5.2,0.1,0.0
60,65-69,old_vaccine,0.0,0.0,0.0,0.0
60,65-69,new_vaccine,0.0,0.0,0.0,0.0
60,70-74,unvaccinated,8.0,3.8,0.0,0.0
60,70-74,old_vaccine,0.0,0.0,0.0,0.0
60,70-74,new_vaccine,0.0,0.0,0.0,0.0
60,75+,unvaccinated,12.8,7.8,0.0,0.0
60,75+,old_vaccine,0.0,0.0,0.0,0.0
60,75+,new_vaccine,0.0,0.0,0.0,0.0
61,0-4,unvaccinated,1.4,11.3,0.0,0.0
61,0-4,old_vaccine,0.0,0.0,0.0,0.0
61,0-4,new_vaccine,0.0,0.0,0.0,0.0
61,5-9,unvaccinated,0.0,15.1,0.0,0.0
61,5-9,old_vaccine,0.0,0.0,0.0,0.0
61,5-9,new_vaccine,0.0,0.0,0.0,0.0
61,10-14,unvaccinated,0.5,16.4,0.0,0.0
61,10-14,old_vaccine,0.0,0.0,0.0,0.0
61,10-14,new_vaccine,0.0,0.0,0.0,0.0
61,15-19,unvaccinated,0.2,14.2,0.0,0.0
61,15-19,old_vaccine,0.0,0.0,0.0,0.0
61,15-19,new_vaccine,0.0,0.0,0.0,0.0
61,20-24,unvaccinated,1.1,16.9,0.0,0.0
61,20-24,old_vaccine,0.0,0.0,0.0,0.0
61,20-24,new_vaccine,0.0,0.0,0.0,0.0
61,25-29,unvaccinated,1.9,19.2,0.0,0.0
61,25-29,old_vaccine,0.0,0.0,0.0,0.0
61,25-29,new_vaccine,0.0,0.0,0.0,0.0
61,30-34,unvaccinated,1.1,16.0,0.0,0.0
61,30-34,old_vaccine,0.0,0.0,0.0,0.0
61,30-34,new_vaccine,0.0,0.0,0.0,0.0
61,35-39,unvaccinated,0.9,21.8,0.0,0.0
61,35-39,old_vaccine,0.0,0.0,0.0,0.0
61,35-39,new_vaccine,0.0,0.0,0.0,0.0
61,40-44,unvaccinated,2.3,11.2,0.0,0.0
61,40-44,old_vaccine,0.0,0.0,0.0,0.0
61,40-44,new_vaccine,0.0,0.0,0.0,0.0
61,45-49,unvaccinated,0.5,15.4,0.0,0.0
61,45-49,old_vaccine,0.0,0.0,0.0,0.0
61,45-49,new_vaccine,0.0,0.0,0.0,0.0
61,50-54,unvaccinated,3.3,15.5,0.0,0.0
61,50-54,old_vaccine,0.0,0.0,0.0,0.0
61,50-54,new_vaccine,0.0,0.0,0.0,0.0
61,55-59,unvaccinated,3.9,16.3,0.0,0.0
61,55-59,old_vaccine,0.0,0.0,0.0,0.0
61,55-59,new_vaccine,0.0,0.0,0.0,0.0
61,60-64,unvaccinated,4.7,12.9,0.1,0.0
61,60-64,old_vaccine,0.0,0.0,0.0,0.0
61,60-64,new_vaccine,0.0,0.0,0.0,0.0
61,65-69,unvaccinated,4.9,5.1,0.0,0.0
61,65-69,old_vaccine,0.0,0.0,0.0,0.0
61,65-69,new_vaccine,0.0,0.0,0.0,0.0
61,70-74,unvaccinated,8.0,3.8,0.0,0.0
61,70-74,old_vaccine,0.0,0.0,0.0,0.0
61,70-74,new_vaccine,0.0,0.0,0.0,0.0
61,75+,unvaccinated,13.0,7.7,0.0,0.0
61,75+,old_vaccine,0.0,0.0,0.0,0.0
61,75+,new_vaccine,0.0,0.0,0.0,0.0
62,0-4,unvaccinated,1.4,11.7,0.0,0.0
62,0-4,old_vaccine,0.0,0.0,0.0,0.0
62,0-4,new_vaccine,0.0,0.0,0.0,0.0
62,5-9,unvaccinated,0.0,15.1,0.0,0.0
62,5-9,old_vaccine,0.0,0.0,0.0,0.0
62,5-9,new_vaccine,0.0,0.0,0.0,0.0
62,10-14,unvaccinated,0.5,16.3,0.0,0.0
62,10-14,old_vaccine,0.0,0.0,0.0,0.0
62,10-14,new_vaccine,0.0,0.0,0.0,0.0
62,15-19,unvaccinated,0.2,14.2,0.0,0.0
62,15-19,old_vaccine,0.0,0.0,0.0,0.0
62,15-19,new_vaccine,0.0,0.0,0.0,0.0
62,20-24,unvaccinated,1.1,16.7,0.0,0.0
62,20-24,old_vaccine,0.0,0.0,0.0,0.0
62,20-24,new_vaccine,0.0,0.0,0.0,0.0
62,25-29,unvaccinated,1.8,19.1,0.0,0.0
62,25-29,old_vaccine,0.0,0.0,0.0,0.0
62,25-29,new_vaccine,0.0,0.0,0.0,0.0
62,30-34,unvaccinated,1.1,16.3,0.0,0.0
62,30-34,old_vaccine,0.0,0.0,0.0,0.0
62,30-34,new_vaccine,0.0,0.0,0.0,0.0
62,35-39,unvaccinated,0.8,21.5,0.0,0.0
62,35-39,old_vaccine,0.0,0.0,0.0,0.0
62,35-39,new_vaccine,0.0,0.0,0.0,0.0
62,40-44,unvaccinated,2.2,10.7,0.0,0.0
62,40-44,old_vaccine,0.0,0.0,0.0,0.0
62,40-44,new_vaccine,0.0,0.0,0.0,0.0
62,45-49,unvaccinated,0.5,15.6,0.0,0.0
=======
53,25-29,unvaccinated,1.0,7.333333333333333,0.0,0.0
53,25-29,old_vaccine,0.0,0.0,0.0,0.0
53,25-29,new_vaccine,0.0,0.0,0.0,0.0
53,30-34,unvaccinated,1.3333333333333333,6.666666666666667,0.0,0.0
53,30-34,old_vaccine,0.0,0.0,0.0,0.0
53,30-34,new_vaccine,0.0,0.0,0.0,0.0
53,35-39,unvaccinated,0.0,6.0,0.0,0.0
53,35-39,old_vaccine,0.0,0.0,0.0,0.0
53,35-39,new_vaccine,0.0,0.0,0.0,0.0
53,40-44,unvaccinated,1.0,6.0,0.0,0.0
53,40-44,old_vaccine,0.0,0.0,0.0,0.0
53,40-44,new_vaccine,0.0,0.0,0.0,0.0
53,45-49,unvaccinated,1.6666666666666667,6.0,0.0,0.0
53,45-49,old_vaccine,0.0,0.0,0.0,0.0
53,45-49,new_vaccine,0.0,0.0,0.0,0.0
53,50-54,unvaccinated,2.6666666666666665,4.0,0.0,0.0
53,50-54,old_vaccine,0.0,0.0,0.0,0.0
53,50-54,new_vaccine,0.0,0.0,0.0,0.0
53,55-59,unvaccinated,3.0,3.0,0.0,0.0
53,55-59,old_vaccine,0.0,0.0,0.0,0.0
53,55-59,new_vaccine,0.0,0.0,0.0,0.0
53,60-64,unvaccinated,1.3333333333333333,5.0,0.0,0.0
53,60-64,old_vaccine,0.0,0.0,0.0,0.0
53,60-64,new_vaccine,0.0,0.0,0.0,0.0
53,65-69,unvaccinated,3.0,2.6666666666666665,0.0,0.0
53,65-69,old_vaccine,0.0,0.0,0.0,0.0
53,65-69,new_vaccine,0.0,0.0,0.0,0.0
53,70-74,unvaccinated,3.0,2.0,0.6666666666666666,0.0
53,70-74,old_vaccine,0.0,0.0,0.0,0.0
53,70-74,new_vaccine,0.0,0.0,0.0,0.0
53,75+,unvaccinated,3.6666666666666665,3.6666666666666665,1.3333333333333333,0.0
53,75+,old_vaccine,0.0,0.0,0.0,0.0
53,75+,new_vaccine,0.0,0.0,0.0,0.0
54,0-4,unvaccinated,0.0,5.0,0.0,0.0
54,0-4,old_vaccine,0.0,0.0,0.0,0.0
54,0-4,new_vaccine,0.0,0.0,0.0,0.0
54,5-9,unvaccinated,0.0,4.666666666666667,0.0,0.0
54,5-9,old_vaccine,0.0,0.0,0.0,0.0
54,5-9,new_vaccine,0.0,0.0,0.0,0.0
54,10-14,unvaccinated,0.3333333333333333,7.666666666666667,0.0,0.0
54,10-14,old_vaccine,0.0,0.0,0.0,0.0
54,10-14,new_vaccine,0.0,0.0,0.0,0.0
54,15-19,unvaccinated,0.3333333333333333,5.666666666666667,0.0,0.0
54,15-19,old_vaccine,0.0,0.0,0.0,0.0
54,15-19,new_vaccine,0.0,0.0,0.0,0.0
54,20-24,unvaccinated,0.0,5.333333333333333,0.0,0.0
54,20-24,old_vaccine,0.0,0.0,0.0,0.0
54,20-24,new_vaccine,0.0,0.0,0.0,0.0
54,25-29,unvaccinated,1.0,6.666666666666667,0.0,0.0
54,25-29,old_vaccine,0.0,0.0,0.0,0.0
54,25-29,new_vaccine,0.0,0.0,0.0,0.0
54,30-34,unvaccinated,0.6666666666666666,6.333333333333333,0.0,0.0
54,30-34,old_vaccine,0.0,0.0,0.0,0.0
54,30-34,new_vaccine,0.0,0.0,0.0,0.0
54,35-39,unvaccinated,0.0,6.666666666666667,0.0,0.0
54,35-39,old_vaccine,0.0,0.0,0.0,0.0
54,35-39,new_vaccine,0.0,0.0,0.0,0.0
54,40-44,unvaccinated,1.0,5.333333333333333,0.0,0.0
54,40-44,old_vaccine,0.0,0.0,0.0,0.0
54,40-44,new_vaccine,0.0,0.0,0.0,0.0
54,45-49,unvaccinated,1.6666666666666667,5.333333333333333,0.0,0.0
54,45-49,old_vaccine,0.0,0.0,0.0,0.0
54,45-49,new_vaccine,0.0,0.0,0.0,0.0
54,50-54,unvaccinated,2.6666666666666665,4.666666666666667,0.0,0.0
54,50-54,old_vaccine,0.0,0.0,0.0,0.0
54,50-54,new_vaccine,0.0,0.0,0.0,0.0
54,55-59,unvaccinated,3.3333333333333335,4.0,0.0,0.0
54,55-59,old_vaccine,0.0,0.0,0.0,0.0
54,55-59,new_vaccine,0.0,0.0,0.0,0.0
54,60-64,unvaccinated,1.0,5.333333333333333,0.0,0.0
54,60-64,old_vaccine,0.0,0.0,0.0,0.0
54,60-64,new_vaccine,0.0,0.0,0.0,0.0
54,65-69,unvaccinated,3.0,2.0,0.0,0.0
54,65-69,old_vaccine,0.0,0.0,0.0,0.0
54,65-69,new_vaccine,0.0,0.0,0.0,0.0
54,70-74,unvaccinated,2.6666666666666665,2.0,0.6666666666666666,0.0
54,70-74,old_vaccine,0.0,0.0,0.0,0.0
54,70-74,new_vaccine,0.0,0.0,0.0,0.0
54,75+,unvaccinated,3.0,3.6666666666666665,1.3333333333333333,0.0
54,75+,old_vaccine,0.0,0.0,0.0,0.0
54,75+,new_vaccine,0.0,0.0,0.0,0.0
55,0-4,unvaccinated,0.0,3.6666666666666665,0.0,0.0
55,0-4,old_vaccine,0.0,0.0,0.0,0.0
55,0-4,new_vaccine,0.0,0.0,0.0,0.0
55,5-9,unvaccinated,0.0,4.666666666666667,0.0,0.0
55,5-9,old_vaccine,0.0,0.0,0.0,0.0
55,5-9,new_vaccine,0.0,0.0,0.0,0.0
55,10-14,unvaccinated,0.3333333333333333,7.666666666666667,0.0,0.0
55,10-14,old_vaccine,0.0,0.0,0.0,0.0
55,10-14,new_vaccine,0.0,0.0,0.0,0.0
55,15-19,unvaccinated,0.0,5.666666666666667,0.0,0.0
55,15-19,old_vaccine,0.0,0.0,0.0,0.0
55,15-19,new_vaccine,0.0,0.0,0.0,0.0
55,20-24,unvaccinated,0.0,6.333333333333333,0.0,0.0
55,20-24,old_vaccine,0.0,0.0,0.0,0.0
55,20-24,new_vaccine,0.0,0.0,0.0,0.0
55,25-29,unvaccinated,1.0,6.666666666666667,0.0,0.0
55,25-29,old_vaccine,0.0,0.0,0.0,0.0
55,25-29,new_vaccine,0.0,0.0,0.0,0.0
55,30-34,unvaccinated,0.3333333333333333,5.666666666666667,0.0,0.0
55,30-34,old_vaccine,0.0,0.0,0.0,0.0
55,30-34,new_vaccine,0.0,0.0,0.0,0.0
55,35-39,unvaccinated,0.0,5.666666666666667,0.0,0.0
55,35-39,old_vaccine,0.0,0.0,0.0,0.0
55,35-39,new_vaccine,0.0,0.0,0.0,0.0
55,40-44,unvaccinated,1.0,4.333333333333333,0.0,0.0
55,40-44,old_vaccine,0.0,0.0,0.0,0.0
55,40-44,new_vaccine,0.0,0.0,0.0,0.0
55,45-49,unvaccinated,1.6666666666666667,6.0,0.0,0.0
55,45-49,old_vaccine,0.0,0.0,0.0,0.0
55,45-49,new_vaccine,0.0,0.0,0.0,0.0
55,50-54,unvaccinated,2.6666666666666665,4.666666666666667,0.0,0.0
55,50-54,old_vaccine,0.0,0.0,0.0,0.0
55,50-54,new_vaccine,0.0,0.0,0.0,0.0
55,55-59,unvaccinated,3.6666666666666665,4.0,0.0,0.0
55,55-59,old_vaccine,0.0,0.0,0.0,0.0
55,55-59,new_vaccine,0.0,0.0,0.0,0.0
55,60-64,unvaccinated,1.0,5.333333333333333,0.0,0.0
55,60-64,old_vaccine,0.0,0.0,0.0,0.0
55,60-64,new_vaccine,0.0,0.0,0.0,0.0
55,65-69,unvaccinated,2.3333333333333335,2.0,0.0,0.0
55,65-69,old_vaccine,0.0,0.0,0.0,0.0
55,65-69,new_vaccine,0.0,0.0,0.0,0.0
55,70-74,unvaccinated,3.0,1.6666666666666667,0.6666666666666666,0.0
55,70-74,old_vaccine,0.0,0.0,0.0,0.0
55,70-74,new_vaccine,0.0,0.0,0.0,0.0
55,75+,unvaccinated,3.6666666666666665,4.0,1.3333333333333333,0.0
55,75+,old_vaccine,0.0,0.0,0.0,0.0
55,75+,new_vaccine,0.0,0.0,0.0,0.0
56,0-4,unvaccinated,0.0,4.333333333333333,0.0,0.0
56,0-4,old_vaccine,0.0,0.0,0.0,0.0
56,0-4,new_vaccine,0.0,0.0,0.0,0.0
56,5-9,unvaccinated,0.0,4.666666666666667,0.0,0.0
56,5-9,old_vaccine,0.0,0.0,0.0,0.0
56,5-9,new_vaccine,0.0,0.0,0.0,0.0
56,10-14,unvaccinated,0.3333333333333333,7.333333333333333,0.0,0.0
56,10-14,old_vaccine,0.0,0.0,0.0,0.0
56,10-14,new_vaccine,0.0,0.0,0.0,0.0
56,15-19,unvaccinated,0.0,5.666666666666667,0.0,0.0
56,15-19,old_vaccine,0.0,0.0,0.0,0.0
56,15-19,new_vaccine,0.0,0.0,0.0,0.0
56,20-24,unvaccinated,0.0,6.666666666666667,0.0,0.0
56,20-24,old_vaccine,0.0,0.0,0.0,0.0
56,20-24,new_vaccine,0.0,0.0,0.0,0.0
56,25-29,unvaccinated,1.0,7.0,0.0,0.0
56,25-29,old_vaccine,0.0,0.0,0.0,0.0
56,25-29,new_vaccine,0.0,0.0,0.0,0.0
56,30-34,unvaccinated,0.3333333333333333,5.666666666666667,0.0,0.0
56,30-34,old_vaccine,0.0,0.0,0.0,0.0
56,30-34,new_vaccine,0.0,0.0,0.0,0.0
56,35-39,unvaccinated,0.0,6.0,0.0,0.0
56,35-39,old_vaccine,0.0,0.0,0.0,0.0
56,35-39,new_vaccine,0.0,0.0,0.0,0.0
56,40-44,unvaccinated,1.0,4.666666666666667,0.0,0.0
56,40-44,old_vaccine,0.0,0.0,0.0,0.0
56,40-44,new_vaccine,0.0,0.0,0.0,0.0
56,45-49,unvaccinated,1.6666666666666667,5.666666666666667,0.0,0.0
56,45-49,old_vaccine,0.0,0.0,0.0,0.0
56,45-49,new_vaccine,0.0,0.0,0.0,0.0
56,50-54,unvaccinated,2.0,4.333333333333333,0.0,0.0
56,50-54,old_vaccine,0.0,0.0,0.0,0.0
56,50-54,new_vaccine,0.0,0.0,0.0,0.0
56,55-59,unvaccinated,3.6666666666666665,3.3333333333333335,0.0,0.0
56,55-59,old_vaccine,0.0,0.0,0.0,0.0
56,55-59,new_vaccine,0.0,0.0,0.0,0.0
56,60-64,unvaccinated,1.6666666666666667,4.666666666666667,0.0,0.0
56,60-64,old_vaccine,0.0,0.0,0.0,0.0
56,60-64,new_vaccine,0.0,0.0,0.0,0.0
56,65-69,unvaccinated,2.6666666666666665,2.3333333333333335,0.0,0.0
56,65-69,old_vaccine,0.0,0.0,0.0,0.0
56,65-69,new_vaccine,0.0,0.0,0.0,0.0
56,70-74,unvaccinated,2.6666666666666665,2.0,0.6666666666666666,0.0
56,70-74,old_vaccine,0.0,0.0,0.0,0.0
56,70-74,new_vaccine,0.0,0.0,0.0,0.0
56,75+,unvaccinated,3.0,3.6666666666666665,1.3333333333333333,0.0
56,75+,old_vaccine,0.0,0.0,0.0,0.0
56,75+,new_vaccine,0.0,0.0,0.0,0.0
57,0-4,unvaccinated,0.0,5.333333333333333,0.0,0.0
57,0-4,old_vaccine,0.0,0.0,0.0,0.0
57,0-4,new_vaccine,0.0,0.0,0.0,0.0
57,5-9,unvaccinated,0.0,4.666666666666667,0.0,0.0
57,5-9,old_vaccine,0.0,0.0,0.0,0.0
57,5-9,new_vaccine,0.0,0.0,0.0,0.0
57,10-14,unvaccinated,0.3333333333333333,6.666666666666667,0.0,0.0
57,10-14,old_vaccine,0.0,0.0,0.0,0.0
57,10-14,new_vaccine,0.0,0.0,0.0,0.0
57,15-19,unvaccinated,0.0,6.333333333333333,0.0,0.0
57,15-19,old_vaccine,0.0,0.0,0.0,0.0
57,15-19,new_vaccine,0.0,0.0,0.0,0.0
57,20-24,unvaccinated,0.0,6.333333333333333,0.0,0.0
57,20-24,old_vaccine,0.0,0.0,0.0,0.0
57,20-24,new_vaccine,0.0,0.0,0.0,0.0
57,25-29,unvaccinated,1.0,7.0,0.0,0.0
57,25-29,old_vaccine,0.0,0.0,0.0,0.0
57,25-29,new_vaccine,0.0,0.0,0.0,0.0
57,30-34,unvaccinated,0.3333333333333333,5.333333333333333,0.0,0.0
57,30-34,old_vaccine,0.0,0.0,0.0,0.0
57,30-34,new_vaccine,0.0,0.0,0.0,0.0
57,35-39,unvaccinated,0.0,6.333333333333333,0.0,0.0
57,35-39,old_vaccine,0.0,0.0,0.0,0.0
57,35-39,new_vaccine,0.0,0.0,0.0,0.0
57,40-44,unvaccinated,1.0,4.666666666666667,0.0,0.0
57,40-44,old_vaccine,0.0,0.0,0.0,0.0
57,40-44,new_vaccine,0.0,0.0,0.0,0.0
57,45-49,unvaccinated,1.6666666666666667,5.666666666666667,0.0,0.0
57,45-49,old_vaccine,0.0,0.0,0.0,0.0
57,45-49,new_vaccine,0.0,0.0,0.0,0.0
57,50-54,unvaccinated,1.6666666666666667,4.333333333333333,0.0,0.0
57,50-54,old_vaccine,0.0,0.0,0.0,0.0
57,50-54,new_vaccine,0.0,0.0,0.0,0.0
57,55-59,unvaccinated,3.6666666666666665,3.6666666666666665,0.0,0.0
57,55-59,old_vaccine,0.0,0.0,0.0,0.0
57,55-59,new_vaccine,0.0,0.0,0.0,0.0
57,60-64,unvaccinated,1.6666666666666667,4.666666666666667,0.0,0.0
57,60-64,old_vaccine,0.0,0.0,0.0,0.0
57,60-64,new_vaccine,0.0,0.0,0.0,0.0
57,65-69,unvaccinated,3.0,2.0,0.0,0.0
57,65-69,old_vaccine,0.0,0.0,0.0,0.0
57,65-69,new_vaccine,0.0,0.0,0.0,0.0
57,70-74,unvaccinated,2.6666666666666665,2.0,0.6666666666666666,0.0
57,70-74,old_vaccine,0.0,0.0,0.0,0.0
57,70-74,new_vaccine,0.0,0.0,0.0,0.0
57,75+,unvaccinated,2.6666666666666665,4.333333333333333,1.3333333333333333,0.0
57,75+,old_vaccine,0.0,0.0,0.0,0.0
57,75+,new_vaccine,0.0,0.0,0.0,0.0
58,0-4,unvaccinated,0.0,5.666666666666667,0.0,0.0
58,0-4,old_vaccine,0.0,0.0,0.0,0.0
58,0-4,new_vaccine,0.0,0.0,0.0,0.0
58,5-9,unvaccinated,0.0,4.666666666666667,0.0,0.0
58,5-9,old_vaccine,0.0,0.0,0.0,0.0
58,5-9,new_vaccine,0.0,0.0,0.0,0.0
58,10-14,unvaccinated,0.3333333333333333,6.666666666666667,0.0,0.0
58,10-14,old_vaccine,0.0,0.0,0.0,0.0
58,10-14,new_vaccine,0.0,0.0,0.0,0.0
58,15-19,unvaccinated,0.0,7.0,0.0,0.0
58,15-19,old_vaccine,0.0,0.0,0.0,0.0
58,15-19,new_vaccine,0.0,0.0,0.0,0.0
58,20-24,unvaccinated,0.3333333333333333,6.666666666666667,0.0,0.0
58,20-24,old_vaccine,0.0,0.0,0.0,0.0
58,20-24,new_vaccine,0.0,0.0,0.0,0.0
58,25-29,unvaccinated,0.6666666666666666,7.0,0.0,0.0
58,25-29,old_vaccine,0.0,0.0,0.0,0.0
58,25-29,new_vaccine,0.0,0.0,0.0,0.0
58,30-34,unvaccinated,0.0,6.0,0.0,0.0
58,30-34,old_vaccine,0.0,0.0,0.0,0.0
58,30-34,new_vaccine,0.0,0.0,0.0,0.0
58,35-39,unvaccinated,0.0,5.666666666666667,0.0,0.0
58,35-39,old_vaccine,0.0,0.0,0.0,0.0
58,35-39,new_vaccine,0.0,0.0,0.0,0.0
58,40-44,unvaccinated,1.0,4.666666666666667,0.0,0.0
58,40-44,old_vaccine,0.0,0.0,0.0,0.0
58,40-44,new_vaccine,0.0,0.0,0.0,0.0
58,45-49,unvaccinated,1.3333333333333333,5.333333333333333,0.0,0.0
58,45-49,old_vaccine,0.0,0.0,0.0,0.0
58,45-49,new_vaccine,0.0,0.0,0.0,0.0
58,50-54,unvaccinated,1.3333333333333333,3.6666666666666665,0.0,0.0
58,50-54,old_vaccine,0.0,0.0,0.0,0.0
58,50-54,new_vaccine,0.0,0.0,0.0,0.0
58,55-59,unvaccinated,3.3333333333333335,3.6666666666666665,0.0,0.0
58,55-59,old_vaccine,0.0,0.0,0.0,0.0
58,55-59,new_vaccine,0.0,0.0,0.0,0.0
58,60-64,unvaccinated,1.3333333333333333,5.333333333333333,0.0,0.0
58,60-64,old_vaccine,0.0,0.0,0.0,0.0
58,60-64,new_vaccine,0.0,0.0,0.0,0.0
58,65-69,unvaccinated,3.3333333333333335,2.6666666666666665,0.0,0.0
58,65-69,old_vaccine,0.0,0.0,0.0,0.0
58,65-69,new_vaccine,0.0,0.0,0.0,0.0
58,70-74,unvaccinated,4.0,1.6666666666666667,0.6666666666666666,0.0
58,70-74,old_vaccine,0.0,0.0,0.0,0.0
58,70-74,new_vaccine,0.0,0.0,0.0,0.0
58,75+,unvaccinated,2.6666666666666665,4.333333333333333,1.3333333333333333,0.0
58,75+,old_vaccine,0.0,0.0,0.0,0.0
58,75+,new_vaccine,0.0,0.0,0.0,0.0
59,0-4,unvaccinated,0.0,5.666666666666667,0.0,0.0
59,0-4,old_vaccine,0.0,0.0,0.0,0.0
59,0-4,new_vaccine,0.0,0.0,0.0,0.0
59,5-9,unvaccinated,0.0,4.333333333333333,0.0,0.0
59,5-9,old_vaccine,0.0,0.0,0.0,0.0
59,5-9,new_vaccine,0.0,0.0,0.0,0.0
59,10-14,unvaccinated,0.0,6.333333333333333,0.0,0.0
59,10-14,old_vaccine,0.0,0.0,0.0,0.0
59,10-14,new_vaccine,0.0,0.0,0.0,0.0
59,15-19,unvaccinated,0.0,7.333333333333333,0.0,0.0
59,15-19,old_vaccine,0.0,0.0,0.0,0.0
59,15-19,new_vaccine,0.0,0.0,0.0,0.0
59,20-24,unvaccinated,0.3333333333333333,6.333333333333333,0.0,0.0
59,20-24,old_vaccine,0.0,0.0,0.0,0.0
59,20-24,new_vaccine,0.0,0.0,0.0,0.0
59,25-29,unvaccinated,1.0,7.333333333333333,0.0,0.0
59,25-29,old_vaccine,0.0,0.0,0.0,0.0
59,25-29,new_vaccine,0.0,0.0,0.0,0.0
59,30-34,unvaccinated,0.0,7.333333333333333,0.0,0.0
59,30-34,old_vaccine,0.0,0.0,0.0,0.0
59,30-34,new_vaccine,0.0,0.0,0.0,0.0
59,35-39,unvaccinated,0.0,6.0,0.0,0.0
59,35-39,old_vaccine,0.0,0.0,0.0,0.0
59,35-39,new_vaccine,0.0,0.0,0.0,0.0
59,40-44,unvaccinated,1.0,4.333333333333333,0.0,0.0
59,40-44,old_vaccine,0.0,0.0,0.0,0.0
59,40-44,new_vaccine,0.0,0.0,0.0,0.0
59,45-49,unvaccinated,1.0,5.333333333333333,0.0,0.0
59,45-49,old_vaccine,0.0,0.0,0.0,0.0
59,45-49,new_vaccine,0.0,0.0,0.0,0.0
59,50-54,unvaccinated,1.3333333333333333,3.6666666666666665,0.0,0.0
59,50-54,old_vaccine,0.0,0.0,0.0,0.0
59,50-54,new_vaccine,0.0,0.0,0.0,0.0
59,55-59,unvaccinated,2.6666666666666665,3.3333333333333335,0.0,0.0
59,55-59,old_vaccine,0.0,0.0,0.0,0.0
59,55-59,new_vaccine,0.0,0.0,0.0,0.0
59,60-64,unvaccinated,1.3333333333333333,5.666666666666667,0.0,0.0
59,60-64,old_vaccine,0.0,0.0,0.0,0.0
59,60-64,new_vaccine,0.0,0.0,0.0,0.0
59,65-69,unvaccinated,3.3333333333333335,3.0,0.0,0.0
59,65-69,old_vaccine,0.0,0.0,0.0,0.0
59,65-69,new_vaccine,0.0,0.0,0.0,0.0
59,70-74,unvaccinated,4.333333333333333,1.6666666666666667,0.6666666666666666,0.0
59,70-74,old_vaccine,0.0,0.0,0.0,0.0
59,70-74,new_vaccine,0.0,0.0,0.0,0.0
59,75+,unvaccinated,3.0,4.333333333333333,1.3333333333333333,0.0
59,75+,old_vaccine,0.0,0.0,0.0,0.0
59,75+,new_vaccine,0.0,0.0,0.0,0.0
60,0-4,unvaccinated,0.0,6.0,0.0,0.0
60,0-4,old_vaccine,0.0,0.0,0.0,0.0
60,0-4,new_vaccine,0.0,0.0,0.0,0.0
60,5-9,unvaccinated,0.0,4.0,0.0,0.0
60,5-9,old_vaccine,0.0,0.0,0.0,0.0
60,5-9,new_vaccine,0.0,0.0,0.0,0.0
60,10-14,unvaccinated,0.0,6.333333333333333,0.0,0.0
60,10-14,old_vaccine,0.0,0.0,0.0,0.0
60,10-14,new_vaccine,0.0,0.0,0.0,0.0
60,15-19,unvaccinated,0.0,7.333333333333333,0.0,0.0
60,15-19,old_vaccine,0.0,0.0,0.0,0.0
60,15-19,new_vaccine,0.0,0.0,0.0,0.0
60,20-24,unvaccinated,0.3333333333333333,5.666666666666667,0.0,0.0
60,20-24,old_vaccine,0.0,0.0,0.0,0.0
60,20-24,new_vaccine,0.0,0.0,0.0,0.0
60,25-29,unvaccinated,1.3333333333333333,7.333333333333333,0.0,0.0
60,25-29,old_vaccine,0.0,0.0,0.0,0.0
60,25-29,new_vaccine,0.0,0.0,0.0,0.0
60,30-34,unvaccinated,0.0,7.333333333333333,0.0,0.0
60,30-34,old_vaccine,0.0,0.0,0.0,0.0
60,30-34,new_vaccine,0.0,0.0,0.0,0.0
60,35-39,unvaccinated,0.3333333333333333,6.666666666666667,0.0,0.0
60,35-39,old_vaccine,0.0,0.0,0.0,0.0
60,35-39,new_vaccine,0.0,0.0,0.0,0.0
60,40-44,unvaccinated,1.0,5.333333333333333,0.0,0.0
60,40-44,old_vaccine,0.0,0.0,0.0,0.0
60,40-44,new_vaccine,0.0,0.0,0.0,0.0
60,45-49,unvaccinated,1.0,5.666666666666667,0.0,0.0
60,45-49,old_vaccine,0.0,0.0,0.0,0.0
60,45-49,new_vaccine,0.0,0.0,0.0,0.0
60,50-54,unvaccinated,1.0,3.6666666666666665,0.0,0.0
60,50-54,old_vaccine,0.0,0.0,0.0,0.0
60,50-54,new_vaccine,0.0,0.0,0.0,0.0
60,55-59,unvaccinated,2.6666666666666665,2.6666666666666665,0.0,0.0
60,55-59,old_vaccine,0.0,0.0,0.0,0.0
60,55-59,new_vaccine,0.0,0.0,0.0,0.0
60,60-64,unvaccinated,1.3333333333333333,6.333333333333333,0.0,0.0
60,60-64,old_vaccine,0.0,0.0,0.0,0.0
60,60-64,new_vaccine,0.0,0.0,0.0,0.0
60,65-69,unvaccinated,3.6666666666666665,3.0,0.0,0.0
60,65-69,old_vaccine,0.0,0.0,0.0,0.0
60,65-69,new_vaccine,0.0,0.0,0.0,0.0
60,70-74,unvaccinated,4.0,1.6666666666666667,0.6666666666666666,0.0
60,70-74,old_vaccine,0.0,0.0,0.0,0.0
60,70-74,new_vaccine,0.0,0.0,0.0,0.0
60,75+,unvaccinated,3.0,4.333333333333333,1.3333333333333333,0.0
60,75+,old_vaccine,0.0,0.0,0.0,0.0
60,75+,new_vaccine,0.0,0.0,0.0,0.0
61,0-4,unvaccinated,0.3333333333333333,5.333333333333333,0.0,0.0
61,0-4,old_vaccine,0.0,0.0,0.0,0.0
61,0-4,new_vaccine,0.0,0.0,0.0,0.0
61,5-9,unvaccinated,0.0,4.333333333333333,0.0,0.0
61,5-9,old_vaccine,0.0,0.0,0.0,0.0
61,5-9,new_vaccine,0.0,0.0,0.0,0.0
61,10-14,unvaccinated,0.0,7.0,0.0,0.0
61,10-14,old_vaccine,0.0,0.0,0.0,0.0
61,10-14,new_vaccine,0.0,0.0,0.0,0.0
61,15-19,unvaccinated,0.0,7.666666666666667,0.0,0.0
61,15-19,old_vaccine,0.0,0.0,0.0,0.0
61,15-19,new_vaccine,0.0,0.0,0.0,0.0
61,20-24,unvaccinated,0.3333333333333333,5.333333333333333,0.0,0.0
61,20-24,old_vaccine,0.0,0.0,0.0,0.0
61,20-24,new_vaccine,0.0,0.0,0.0,0.0
61,25-29,unvaccinated,1.3333333333333333,6.333333333333333,0.0,0.0
61,25-29,old_vaccine,0.0,0.0,0.0,0.0
61,25-29,new_vaccine,0.0,0.0,0.0,0.0
61,30-34,unvaccinated,0.6666666666666666,8.0,0.0,0.0
61,30-34,old_vaccine,0.0,0.0,0.0,0.0
61,30-34,new_vaccine,0.0,0.0,0.0,0.0
61,35-39,unvaccinated,0.3333333333333333,6.666666666666667,0.0,0.0
61,35-39,old_vaccine,0.0,0.0,0.0,0.0
61,35-39,new_vaccine,0.0,0.0,0.0,0.0
61,40-44,unvaccinated,1.0,6.0,0.0,0.0
61,40-44,old_vaccine,0.0,0.0,0.0,0.0
61,40-44,new_vaccine,0.0,0.0,0.0,0.0
61,45-49,unvaccinated,1.0,5.666666666666667,0.0,0.0
61,45-49,old_vaccine,0.0,0.0,0.0,0.0
61,45-49,new_vaccine,0.0,0.0,0.0,0.0
61,50-54,unvaccinated,1.0,3.6666666666666665,0.0,0.0
61,50-54,old_vaccine,0.0,0.0,0.0,0.0
61,50-54,new_vaccine,0.0,0.0,0.0,0.0
61,55-59,unvaccinated,3.3333333333333335,3.0,0.0,0.0
61,55-59,old_vaccine,0.0,0.0,0.0,0.0
61,55-59,new_vaccine,0.0,0.0,0.0,0.0
61,60-64,unvaccinated,1.0,6.0,0.0,0.0
61,60-64,old_vaccine,0.0,0.0,0.0,0.0
61,60-64,new_vaccine,0.0,0.0,0.0,0.0
61,65-69,unvaccinated,3.6666666666666665,3.0,0.0,0.0
61,65-69,old_vaccine,0.0,0.0,0.0,0.0
61,65-69,new_vaccine,0.0,0.0,0.0,0.0
61,70-74,unvaccinated,4.666666666666667,1.6666666666666667,0.6666666666666666,0.0
61,70-74,old_vaccine,0.0,0.0,0.0,0.0
61,70-74,new_vaccine,0.0,0.0,0.0,0.0
61,75+,unvaccinated,3.6666666666666665,4.666666666666667,1.0,0.0
61,75+,old_vaccine,0.0,0.0,0.0,0.0
61,75+,new_vaccine,0.0,0.0,0.0,0.0
62,0-4,unvaccinated,0.3333333333333333,5.333333333333333,0.0,0.0
62,0-4,old_vaccine,0.0,0.0,0.0,0.0
62,0-4,new_vaccine,0.0,0.0,0.0,0.0
62,5-9,unvaccinated,0.0,4.333333333333333,0.0,0.0
62,5-9,old_vaccine,0.0,0.0,0.0,0.0
62,5-9,new_vaccine,0.0,0.0,0.0,0.0
62,10-14,unvaccinated,0.0,6.333333333333333,0.0,0.0
62,10-14,old_vaccine,0.0,0.0,0.0,0.0
62,10-14,new_vaccine,0.0,0.0,0.0,0.0
62,15-19,unvaccinated,0.0,7.666666666666667,0.0,0.0
62,15-19,old_vaccine,0.0,0.0,0.0,0.0
62,15-19,new_vaccine,0.0,0.0,0.0,0.0
62,20-24,unvaccinated,0.3333333333333333,5.0,0.0,0.0
62,20-24,old_vaccine,0.0,0.0,0.0,0.0
62,20-24,new_vaccine,0.0,0.0,0.0,0.0
62,25-29,unvaccinated,1.3333333333333333,6.333333333333333,0.0,0.0
62,25-29,old_vaccine,0.0,0.0,0.0,0.0
62,25-29,new_vaccine,0.0,0.0,0.0,0.0
62,30-34,unvaccinated,0.6666666666666666,8.666666666666666,0.0,0.0
62,30-34,old_vaccine,0.0,0.0,0.0,0.0
62,30-34,new_vaccine,0.0,0.0,0.0,0.0
62,35-39,unvaccinated,0.3333333333333333,6.333333333333333,0.0,0.0
62,35-39,old_vaccine,0.0,0.0,0.0,0.0
62,35-39,new_vaccine,0.0,0.0,0.0,0.0
62,40-44,unvaccinated,1.0,6.333333333333333,0.0,0.0
62,40-44,old_vaccine,0.0,0.0,0.0,0.0
62,40-44,new_vaccine,0.0,0.0,0.0,0.0
62,45-49,unvaccinated,1.0,6.0,0.0,0.0
>>>>>>> da2075794f5d2a03a9b01028d16d640646318095
62,45-49,old_vaccine,0.0,0.0,0.0,0.0
62,45-49,new_vaccine,0.0,0.0,0.0,0.0
62,50-54,unvaccinated,3.3,15.5,0.0,0.0
62,50-54,old_vaccine,0.0,0.0,0.0,0.0
62,50-54,new_vaccine,0.0,0.0,0.0,0.0
<<<<<<< HEAD
62,55-59,unvaccinated,3.8,16.7,0.0,0.0
62,55-59,old_vaccine,0.0,0.0,0.0,0.0
62,55-59,new_vaccine,0.0,0.0,0.0,0.0
62,60-64,unvaccinated,4.6,12.9,0.1,0.0
62,60-64,old_vaccine,0.0,0.0,0.0,0.0
62,60-64,new_vaccine,0.0,0.0,0.0,0.0
62,65-69,unvaccinated,4.9,5.2,0.0,0.0
62,65-69,old_vaccine,0.0,0.0,0.0,0.0
62,65-69,new_vaccine,0.0,0.0,0.0,0.0
62,70-74,unvaccinated,7.6,3.5,0.0,0.0
62,70-74,old_vaccine,0.0,0.0,0.0,0.0
62,70-74,new_vaccine,0.0,0.0,0.0,0.0
62,75+,unvaccinated,13.2,7.9,0.0,0.0
62,75+,old_vaccine,0.0,0.0,0.0,0.0
62,75+,new_vaccine,0.0,0.0,0.0,0.0
63,0-4,unvaccinated,1.5,11.6,0.0,0.0
63,0-4,old_vaccine,0.0,0.0,0.0,0.0
63,0-4,new_vaccine,0.0,0.0,0.0,0.0
63,5-9,unvaccinated,0.0,15.5,0.0,0.0
63,5-9,old_vaccine,0.0,0.0,0.0,0.0
63,5-9,new_vaccine,0.0,0.0,0.0,0.0
63,10-14,unvaccinated,0.6,16.2,0.0,0.0
63,10-14,old_vaccine,0.0,0.0,0.0,0.0
63,10-14,new_vaccine,0.0,0.0,0.0,0.0
63,15-19,unvaccinated,0.2,14.0,0.0,0.0
63,15-19,old_vaccine,0.0,0.0,0.0,0.0
63,15-19,new_vaccine,0.0,0.0,0.0,0.0
63,20-24,unvaccinated,1.1,16.3,0.0,0.0
63,20-24,old_vaccine,0.0,0.0,0.0,0.0
63,20-24,new_vaccine,0.0,0.0,0.0,0.0
63,25-29,unvaccinated,2.0,18.9,0.0,0.0
63,25-29,old_vaccine,0.0,0.0,0.0,0.0
63,25-29,new_vaccine,0.0,0.0,0.0,0.0
63,30-34,unvaccinated,1.0,16.8,0.0,0.0
63,30-34,old_vaccine,0.0,0.0,0.0,0.0
63,30-34,new_vaccine,0.0,0.0,0.0,0.0
63,35-39,unvaccinated,0.9,21.4,0.0,0.0
63,35-39,old_vaccine,0.0,0.0,0.0,0.0
63,35-39,new_vaccine,0.0,0.0,0.0,0.0
63,40-44,unvaccinated,2.2,10.5,0.0,0.0
63,40-44,old_vaccine,0.0,0.0,0.0,0.0
63,40-44,new_vaccine,0.0,0.0,0.0,0.0
63,45-49,unvaccinated,0.5,15.7,0.0,0.0
63,45-49,old_vaccine,0.0,0.0,0.0,0.0
63,45-49,new_vaccine,0.0,0.0,0.0,0.0
63,50-54,unvaccinated,3.2,15.8,0.0,0.0
63,50-54,old_vaccine,0.0,0.0,0.0,0.0
63,50-54,new_vaccine,0.0,0.0,0.0,0.0
63,55-59,unvaccinated,3.6,17.0,0.2,0.0
63,55-59,old_vaccine,0.0,0.0,0.0,0.0
63,55-59,new_vaccine,0.0,0.0,0.0,0.0
63,60-64,unvaccinated,4.7,12.7,0.1,0.0
63,60-64,old_vaccine,0.0,0.0,0.0,0.0
63,60-64,new_vaccine,0.0,0.0,0.0,0.0
63,65-69,unvaccinated,5.0,5.3,0.0,0.0
63,65-69,old_vaccine,0.0,0.0,0.0,0.0
63,65-69,new_vaccine,0.0,0.0,0.0,0.0
63,70-74,unvaccinated,7.9,3.9,0.0,0.0
63,70-74,old_vaccine,0.0,0.0,0.0,0.0
63,70-74,new_vaccine,0.0,0.0,0.0,0.0
63,75+,unvaccinated,13.2,7.6,0.0,0.0
63,75+,old_vaccine,0.0,0.0,0.0,0.0
63,75+,new_vaccine,0.0,0.0,0.0,0.0
64,0-4,unvaccinated,1.6,11.8,0.0,0.0
64,0-4,old_vaccine,0.0,0.0,0.0,0.0
64,0-4,new_vaccine,0.0,0.0,0.0,0.0
64,5-9,unvaccinated,0.0,15.4,0.0,0.0
64,5-9,old_vaccine,0.0,0.0,0.0,0.0
64,5-9,new_vaccine,0.0,0.0,0.0,0.0
64,10-14,unvaccinated,0.4,16.2,0.0,0.0
64,10-14,old_vaccine,0.0,0.0,0.0,0.0
64,10-14,new_vaccine,0.0,0.0,0.0,0.0
64,15-19,unvaccinated,0.1,13.7,0.0,0.0
64,15-19,old_vaccine,0.0,0.0,0.0,0.0
64,15-19,new_vaccine,0.0,0.0,0.0,0.0
64,20-24,unvaccinated,1.1,15.8,0.0,0.0
64,20-24,old_vaccine,0.0,0.0,0.0,0.0
64,20-24,new_vaccine,0.0,0.0,0.0,0.0
64,25-29,unvaccinated,2.0,19.3,0.0,0.0
64,25-29,old_vaccine,0.0,0.0,0.0,0.0
64,25-29,new_vaccine,0.0,0.0,0.0,0.0
64,30-34,unvaccinated,0.8,17.1,0.0,0.0
64,30-34,old_vaccine,0.0,0.0,0.0,0.0
64,30-34,new_vaccine,0.0,0.0,0.0,0.0
64,35-39,unvaccinated,1.0,22.1,0.0,0.0
64,35-39,old_vaccine,0.0,0.0,0.0,0.0
64,35-39,new_vaccine,0.0,0.0,0.0,0.0
64,40-44,unvaccinated,2.2,11.0,0.0,0.0
64,40-44,old_vaccine,0.0,0.0,0.0,0.0
64,40-44,new_vaccine,0.0,0.0,0.0,0.0
64,45-49,unvaccinated,0.6,15.6,0.0,0.0
64,45-49,old_vaccine,0.0,0.0,0.0,0.0
64,45-49,new_vaccine,0.0,0.0,0.0,0.0
64,50-54,unvaccinated,3.6,15.9,0.0,0.0
64,50-54,old_vaccine,0.0,0.0,0.0,0.0
64,50-54,new_vaccine,0.0,0.0,0.0,0.0
64,55-59,unvaccinated,3.6,16.9,0.2,0.0
64,55-59,old_vaccine,0.0,0.0,0.0,0.0
64,55-59,new_vaccine,0.0,0.0,0.0,0.0
64,60-64,unvaccinated,4.7,13.2,0.1,0.0
64,60-64,old_vaccine,0.0,0.0,0.0,0.0
64,60-64,new_vaccine,0.0,0.0,0.0,0.0
64,65-69,unvaccinated,5.0,5.2,0.0,0.0
64,65-69,old_vaccine,0.0,0.0,0.0,0.0
64,65-69,new_vaccine,0.0,0.0,0.0,0.0
64,70-74,unvaccinated,8.2,4.0,0.0,0.0
64,70-74,old_vaccine,0.0,0.0,0.0,0.0
64,70-74,new_vaccine,0.0,0.0,0.0,0.0
64,75+,unvaccinated,13.4,7.6,0.0,0.0
64,75+,old_vaccine,0.0,0.0,0.0,0.0
64,75+,new_vaccine,0.0,0.0,0.0,0.0
65,0-4,unvaccinated,1.6,11.6,0.0,0.0
65,0-4,old_vaccine,0.0,0.0,0.0,0.0
65,0-4,new_vaccine,0.0,0.0,0.0,0.0
65,5-9,unvaccinated,0.0,15.4,0.0,0.0
65,5-9,old_vaccine,0.0,0.0,0.0,0.0
65,5-9,new_vaccine,0.0,0.0,0.0,0.0
65,10-14,unvaccinated,0.4,15.9,0.0,0.0
65,10-14,old_vaccine,0.0,0.0,0.0,0.0
65,10-14,new_vaccine,0.0,0.0,0.0,0.0
65,15-19,unvaccinated,0.1,13.7,0.0,0.0
65,15-19,old_vaccine,0.0,0.0,0.0,0.0
65,15-19,new_vaccine,0.0,0.0,0.0,0.0
65,20-24,unvaccinated,1.1,15.7,0.0,0.0
65,20-24,old_vaccine,0.0,0.0,0.0,0.0
65,20-24,new_vaccine,0.0,0.0,0.0,0.0
65,25-29,unvaccinated,2.0,18.8,0.0,0.0
65,25-29,old_vaccine,0.0,0.0,0.0,0.0
65,25-29,new_vaccine,0.0,0.0,0.0,0.0
65,30-34,unvaccinated,0.7,17.0,0.0,0.0
65,30-34,old_vaccine,0.0,0.0,0.0,0.0
65,30-34,new_vaccine,0.0,0.0,0.0,0.0
65,35-39,unvaccinated,1.0,22.0,0.0,0.0
65,35-39,old_vaccine,0.0,0.0,0.0,0.0
65,35-39,new_vaccine,0.0,0.0,0.0,0.0
65,40-44,unvaccinated,2.2,11.0,0.0,0.0
65,40-44,old_vaccine,0.0,0.0,0.0,0.0
65,40-44,new_vaccine,0.0,0.0,0.0,0.0
65,45-49,unvaccinated,0.5,15.4,0.0,0.0
65,45-49,old_vaccine,0.0,0.0,0.0,0.0
65,45-49,new_vaccine,0.0,0.0,0.0,0.0
65,50-54,unvaccinated,3.5,15.6,0.0,0.0
65,50-54,old_vaccine,0.0,0.0,0.0,0.0
65,50-54,new_vaccine,0.0,0.0,0.0,0.0
65,55-59,unvaccinated,3.3,16.6,0.2,0.0
65,55-59,old_vaccine,0.0,0.0,0.0,0.0
65,55-59,new_vaccine,0.0,0.0,0.0,0.0
65,60-64,unvaccinated,4.7,13.2,0.1,0.0
65,60-64,old_vaccine,0.0,0.0,0.0,0.0
65,60-64,new_vaccine,0.0,0.0,0.0,0.0
65,65-69,unvaccinated,5.0,5.4,0.0,0.0
65,65-69,old_vaccine,0.0,0.0,0.0,0.0
65,65-69,new_vaccine,0.0,0.0,0.0,0.0
65,70-74,unvaccinated,8.2,4.1,0.0,0.0
65,70-74,old_vaccine,0.0,0.0,0.0,0.0
65,70-74,new_vaccine,0.0,0.0,0.0,0.0
65,75+,unvaccinated,13.7,7.7,0.0,0.0
65,75+,old_vaccine,0.0,0.0,0.0,0.0
65,75+,new_vaccine,0.0,0.0,0.0,0.0
66,0-4,unvaccinated,1.7,11.4,0.0,0.0
66,0-4,old_vaccine,0.0,0.0,0.0,0.0
66,0-4,new_vaccine,0.0,0.0,0.0,0.0
66,5-9,unvaccinated,0.0,15.5,0.0,0.0
66,5-9,old_vaccine,0.0,0.0,0.0,0.0
66,5-9,new_vaccine,0.0,0.0,0.0,0.0
66,10-14,unvaccinated,0.4,15.6,0.0,0.0
66,10-14,old_vaccine,0.0,0.0,0.0,0.0
66,10-14,new_vaccine,0.0,0.0,0.0,0.0
66,15-19,unvaccinated,0.0,14.1,0.0,0.0
66,15-19,old_vaccine,0.0,0.0,0.0,0.0
66,15-19,new_vaccine,0.0,0.0,0.0,0.0
66,20-24,unvaccinated,1.2,16.1,0.0,0.0
66,20-24,old_vaccine,0.0,0.0,0.0,0.0
66,20-24,new_vaccine,0.0,0.0,0.0,0.0
66,25-29,unvaccinated,2.0,18.7,0.0,0.0
66,25-29,old_vaccine,0.0,0.0,0.0,0.0
66,25-29,new_vaccine,0.0,0.0,0.0,0.0
66,30-34,unvaccinated,0.7,16.9,0.0,0.0
66,30-34,old_vaccine,0.0,0.0,0.0,0.0
66,30-34,new_vaccine,0.0,0.0,0.0,0.0
66,35-39,unvaccinated,1.0,21.7,0.0,0.0
66,35-39,old_vaccine,0.0,0.0,0.0,0.0
66,35-39,new_vaccine,0.0,0.0,0.0,0.0
66,40-44,unvaccinated,2.2,10.7,0.0,0.0
66,40-44,old_vaccine,0.0,0.0,0.0,0.0
66,40-44,new_vaccine,0.0,0.0,0.0,0.0
66,45-49,unvaccinated,0.4,15.3,0.0,0.0
66,45-49,old_vaccine,0.0,0.0,0.0,0.0
66,45-49,new_vaccine,0.0,0.0,0.0,0.0
66,50-54,unvaccinated,3.5,15.6,0.0,0.0
66,50-54,old_vaccine,0.0,0.0,0.0,0.0
66,50-54,new_vaccine,0.0,0.0,0.0,0.0
66,55-59,unvaccinated,3.2,16.7,0.2,0.0
66,55-59,old_vaccine,0.0,0.0,0.0,0.0
66,55-59,new_vaccine,0.0,0.0,0.0,0.0
66,60-64,unvaccinated,4.7,13.2,0.1,0.0
66,60-64,old_vaccine,0.0,0.0,0.0,0.0
66,60-64,new_vaccine,0.0,0.0,0.0,0.0
66,65-69,unvaccinated,4.8,5.3,0.0,0.0
66,65-69,old_vaccine,0.0,0.0,0.0,0.0
66,65-69,new_vaccine,0.0,0.0,0.0,0.0
66,70-74,unvaccinated,8.0,3.8,0.0,0.0
66,70-74,old_vaccine,0.0,0.0,0.0,0.0
66,70-74,new_vaccine,0.0,0.0,0.0,0.0
66,75+,unvaccinated,13.6,7.9,0.0,0.0
66,75+,old_vaccine,0.0,0.0,0.0,0.0
66,75+,new_vaccine,0.0,0.0,0.0,0.0
67,0-4,unvaccinated,1.7,11.6,0.0,0.0
67,0-4,old_vaccine,0.0,0.0,0.0,0.0
67,0-4,new_vaccine,0.0,0.0,0.0,0.0
67,5-9,unvaccinated,0.0,15.8,0.0,0.0
67,5-9,old_vaccine,0.0,0.0,0.0,0.0
67,5-9,new_vaccine,0.0,0.0,0.0,0.0
67,10-14,unvaccinated,0.4,15.9,0.0,0.0
67,10-14,old_vaccine,0.0,0.0,0.0,0.0
67,10-14,new_vaccine,0.0,0.0,0.0,0.0
67,15-19,unvaccinated,0.0,14.3,0.0,0.0
67,15-19,old_vaccine,0.0,0.0,0.0,0.0
67,15-19,new_vaccine,0.0,0.0,0.0,0.0
67,20-24,unvaccinated,1.1,15.7,0.0,0.0
67,20-24,old_vaccine,0.0,0.0,0.0,0.0
67,20-24,new_vaccine,0.0,0.0,0.0,0.0
67,25-29,unvaccinated,2.0,18.4,0.0,0.0
67,25-29,old_vaccine,0.0,0.0,0.0,0.0
67,25-29,new_vaccine,0.0,0.0,0.0,0.0
67,30-34,unvaccinated,0.7,16.7,0.0,0.0
67,30-34,old_vaccine,0.0,0.0,0.0,0.0
67,30-34,new_vaccine,0.0,0.0,0.0,0.0
67,35-39,unvaccinated,1.1,21.4,0.0,0.0
67,35-39,old_vaccine,0.0,0.0,0.0,0.0
67,35-39,new_vaccine,0.0,0.0,0.0,0.0
67,40-44,unvaccinated,2.3,10.5,0.0,0.0
67,40-44,old_vaccine,0.0,0.0,0.0,0.0
67,40-44,new_vaccine,0.0,0.0,0.0,0.0
67,45-49,unvaccinated,0.5,15.3,0.0,0.0
67,45-49,old_vaccine,0.0,0.0,0.0,0.0
67,45-49,new_vaccine,0.0,0.0,0.0,0.0
67,50-54,unvaccinated,3.5,15.4,0.0,0.0
67,50-54,old_vaccine,0.0,0.0,0.0,0.0
67,50-54,new_vaccine,0.0,0.0,0.0,0.0
67,55-59,unvaccinated,3.2,16.5,0.2,0.0
67,55-59,old_vaccine,0.0,0.0,0.0,0.0
67,55-59,new_vaccine,0.0,0.0,0.0,0.0
67,60-64,unvaccinated,4.8,13.4,0.1,0.0
67,60-64,old_vaccine,0.0,0.0,0.0,0.0
67,60-64,new_vaccine,0.0,0.0,0.0,0.0
67,65-69,unvaccinated,4.8,5.4,0.0,0.0
67,65-69,old_vaccine,0.0,0.0,0.0,0.0
67,65-69,new_vaccine,0.0,0.0,0.0,0.0
67,70-74,unvaccinated,7.7,3.8,0.0,0.0
67,70-74,old_vaccine,0.0,0.0,0.0,0.0
67,70-74,new_vaccine,0.0,0.0,0.0,0.0
67,75+,unvaccinated,13.6,8.1,0.0,0.0
67,75+,old_vaccine,0.0,0.0,0.0,0.0
67,75+,new_vaccine,0.0,0.0,0.0,0.0
68,0-4,unvaccinated,1.7,11.6,0.0,0.0
68,0-4,old_vaccine,0.0,0.0,0.0,0.0
68,0-4,new_vaccine,0.0,0.0,0.0,0.0
68,5-9,unvaccinated,0.0,15.9,0.0,0.0
68,5-9,old_vaccine,0.0,0.0,0.0,0.0
68,5-9,new_vaccine,0.0,0.0,0.0,0.0
68,10-14,unvaccinated,0.4,16.2,0.0,0.0
68,10-14,old_vaccine,0.0,0.0,0.0,0.0
68,10-14,new_vaccine,0.0,0.0,0.0,0.0
68,15-19,unvaccinated,0.0,14.7,0.0,0.0
68,15-19,old_vaccine,0.0,0.0,0.0,0.0
68,15-19,new_vaccine,0.0,0.0,0.0,0.0
68,20-24,unvaccinated,1.2,15.8,0.0,0.0
68,20-24,old_vaccine,0.0,0.0,0.0,0.0
68,20-24,new_vaccine,0.0,0.0,0.0,0.0
68,25-29,unvaccinated,1.8,18.2,0.0,0.0
68,25-29,old_vaccine,0.0,0.0,0.0,0.0
68,25-29,new_vaccine,0.0,0.0,0.0,0.0
68,30-34,unvaccinated,0.8,16.5,0.0,0.0
68,30-34,old_vaccine,0.0,0.0,0.0,0.0
68,30-34,new_vaccine,0.0,0.0,0.0,0.0
68,35-39,unvaccinated,1.1,21.9,0.0,0.0
68,35-39,old_vaccine,0.0,0.0,0.0,0.0
68,35-39,new_vaccine,0.0,0.0,0.0,0.0
68,40-44,unvaccinated,2.3,10.5,0.0,0.0
68,40-44,old_vaccine,0.0,0.0,0.0,0.0
68,40-44,new_vaccine,0.0,0.0,0.0,0.0
68,45-49,unvaccinated,0.5,15.4,0.0,0.0
68,45-49,old_vaccine,0.0,0.0,0.0,0.0
68,45-49,new_vaccine,0.0,0.0,0.0,0.0
68,50-54,unvaccinated,3.5,15.8,0.0,0.0
68,50-54,old_vaccine,0.0,0.0,0.0,0.0
68,50-54,new_vaccine,0.0,0.0,0.0,0.0
68,55-59,unvaccinated,3.3,16.2,0.2,0.0
68,55-59,old_vaccine,0.0,0.0,0.0,0.0
68,55-59,new_vaccine,0.0,0.0,0.0,0.0
68,60-64,unvaccinated,4.6,13.5,0.1,0.0
68,60-64,old_vaccine,0.0,0.0,0.0,0.0
68,60-64,new_vaccine,0.0,0.0,0.0,0.0
68,65-69,unvaccinated,4.4,5.3,0.0,0.0
68,65-69,old_vaccine,0.0,0.0,0.0,0.0
68,65-69,new_vaccine,0.0,0.0,0.0,0.0
68,70-74,unvaccinated,7.8,3.8,0.0,0.0
68,70-74,old_vaccine,0.0,0.0,0.0,0.0
68,70-74,new_vaccine,0.0,0.0,0.0,0.0
68,75+,unvaccinated,13.5,8.1,0.0,0.0
68,75+,old_vaccine,0.0,0.0,0.0,0.0
68,75+,new_vaccine,0.0,0.0,0.0,0.0
69,0-4,unvaccinated,1.7,11.5,0.0,0.0
69,0-4,old_vaccine,0.0,0.0,0.0,0.0
69,0-4,new_vaccine,0.0,0.0,0.0,0.0
69,5-9,unvaccinated,0.0,16.1,0.0,0.0
69,5-9,old_vaccine,0.0,0.0,0.0,0.0
69,5-9,new_vaccine,0.0,0.0,0.0,0.0
69,10-14,unvaccinated,0.4,16.2,0.0,0.0
69,10-14,old_vaccine,0.0,0.0,0.0,0.0
69,10-14,new_vaccine,0.0,0.0,0.0,0.0
69,15-19,unvaccinated,0.1,14.7,0.0,0.0
69,15-19,old_vaccine,0.0,0.0,0.0,0.0
69,15-19,new_vaccine,0.0,0.0,0.0,0.0
69,20-24,unvaccinated,1.2,16.6,0.0,0.0
69,20-24,old_vaccine,0.0,0.0,0.0,0.0
69,20-24,new_vaccine,0.0,0.0,0.0,0.0
69,25-29,unvaccinated,1.9,18.4,0.0,0.0
69,25-29,old_vaccine,0.0,0.0,0.0,0.0
69,25-29,new_vaccine,0.0,0.0,0.0,0.0
69,30-34,unvaccinated,0.8,16.3,0.0,0.0
69,30-34,old_vaccine,0.0,0.0,0.0,0.0
69,30-34,new_vaccine,0.0,0.0,0.0,0.0
69,35-39,unvaccinated,1.0,21.7,0.0,0.0
69,35-39,old_vaccine,0.0,0.0,0.0,0.0
69,35-39,new_vaccine,0.0,0.0,0.0,0.0
69,40-44,unvaccinated,2.2,10.5,0.0,0.0
69,40-44,old_vaccine,0.0,0.0,0.0,0.0
69,40-44,new_vaccine,0.0,0.0,0.0,0.0
69,45-49,unvaccinated,0.5,15.6,0.0,0.0
69,45-49,old_vaccine,0.0,0.0,0.0,0.0
69,45-49,new_vaccine,0.0,0.0,0.0,0.0
69,50-54,unvaccinated,3.5,15.4,0.0,0.0
69,50-54,old_vaccine,0.0,0.0,0.0,0.0
69,50-54,new_vaccine,0.0,0.0,0.0,0.0
69,55-59,unvaccinated,3.1,16.0,0.1,0.0
69,55-59,old_vaccine,0.0,0.0,0.0,0.0
69,55-59,new_vaccine,0.0,0.0,0.0,0.0
69,60-64,unvaccinated,4.8,13.1,0.1,0.0
69,60-64,old_vaccine,0.0,0.0,0.0,0.0
69,60-64,new_vaccine,0.0,0.0,0.0,0.0
69,65-69,unvaccinated,4.7,5.1,0.0,0.0
69,65-69,old_vaccine,0.0,0.0,0.0,0.0
69,65-69,new_vaccine,0.0,0.0,0.0,0.0
69,70-74,unvaccinated,8.4,3.8,0.0,0.0
69,70-74,old_vaccine,0.0,0.0,0.0,0.0
69,70-74,new_vaccine,0.0,0.0,0.0,0.0
69,75+,unvaccinated,14.0,8.1,0.0,0.0
69,75+,old_vaccine,0.0,0.0,0.0,0.0
69,75+,new_vaccine,0.0,0.0,0.0,0.0
70,0-4,unvaccinated,1.8,11.4,0.0,0.0
70,0-4,old_vaccine,0.0,0.0,0.0,0.0
70,0-4,new_vaccine,0.0,0.0,0.0,0.0
70,5-9,unvaccinated,0.0,15.9,0.0,0.0
70,5-9,old_vaccine,0.0,0.0,0.0,0.0
70,5-9,new_vaccine,0.0,0.0,0.0,0.0
70,10-14,unvaccinated,0.4,16.8,0.0,0.0
70,10-14,old_vaccine,0.0,0.0,0.0,0.0
70,10-14,new_vaccine,0.0,0.0,0.0,0.0
70,15-19,unvaccinated,0.2,14.8,0.0,0.0
70,15-19,old_vaccine,0.0,0.0,0.0,0.0
70,15-19,new_vaccine,0.0,0.0,0.0,0.0
70,20-24,unvaccinated,1.1,16.6,0.0,0.0
70,20-24,old_vaccine,0.0,0.0,0.0,0.0
70,20-24,new_vaccine,0.0,0.0,0.0,0.0
70,25-29,unvaccinated,1.8,19.1,0.0,0.0
70,25-29,old_vaccine,0.0,0.0,0.0,0.0
70,25-29,new_vaccine,0.0,0.0,0.0,0.0
70,30-34,unvaccinated,0.9,16.1,0.0,0.0
70,30-34,old_vaccine,0.0,0.0,0.0,0.0
70,30-34,new_vaccine,0.0,0.0,0.0,0.0
70,35-39,unvaccinated,1.0,21.5,0.0,0.0
70,35-39,old_vaccine,0.0,0.0,0.0,0.0
70,35-39,new_vaccine,0.0,0.0,0.0,0.0
70,40-44,unvaccinated,2.0,10.4,0.0,0.0
70,40-44,old_vaccine,0.0,0.0,0.0,0.0
70,40-44,new_vaccine,0.0,0.0,0.0,0.0
70,45-49,unvaccinated,0.5,15.5,0.0,0.0
70,45-49,old_vaccine,0.0,0.0,0.0,0.0
70,45-49,new_vaccine,0.0,0.0,0.0,0.0
70,50-54,unvaccinated,3.3,15.5,0.0,0.0
70,50-54,old_vaccine,0.0,0.0,0.0,0.0
70,50-54,new_vaccine,0.0,0.0,0.0,0.0
70,55-59,unvaccinated,3.1,16.1,0.1,0.0
70,55-59,old_vaccine,0.0,0.0,0.0,0.0
70,55-59,new_vaccine,0.0,0.0,0.0,0.0
70,60-64,unvaccinated,4.8,13.4,0.1,0.0
70,60-64,old_vaccine,0.0,0.0,0.0,0.0
70,60-64,new_vaccine,0.0,0.0,0.0,0.0
70,65-69,unvaccinated,4.7,5.1,0.0,0.0
70,65-69,old_vaccine,0.0,0.0,0.0,0.0
70,65-69,new_vaccine,0.0,0.0,0.0,0.0
70,70-74,unvaccinated,8.4,3.7,0.0,0.0
70,70-74,old_vaccine,0.0,0.0,0.0,0.0
70,70-74,new_vaccine,0.0,0.0,0.0,0.0
70,75+,unvaccinated,13.8,8.1,0.0,0.0
70,75+,old_vaccine,0.0,0.0,0.0,0.0
70,75+,new_vaccine,0.0,0.0,0.0,0.0
71,0-4,unvaccinated,1.7,11.1,0.0,0.0
71,0-4,old_vaccine,0.0,0.0,0.0,0.0
71,0-4,new_vaccine,0.0,0.0,0.0,0.0
71,5-9,unvaccinated,0.0,15.7,0.0,0.0
71,5-9,old_vaccine,0.0,0.0,0.0,0.0
71,5-9,new_vaccine,0.0,0.0,0.0,0.0
71,10-14,unvaccinated,0.3,17.1,0.0,0.0
71,10-14,old_vaccine,0.0,0.0,0.0,0.0
71,10-14,new_vaccine,0.0,0.0,0.0,0.0
71,15-19,unvaccinated,0.2,14.7,0.0,0.0
71,15-19,old_vaccine,0.0,0.0,0.0,0.0
71,15-19,new_vaccine,0.0,0.0,0.0,0.0
71,20-24,unvaccinated,1.0,16.8,0.0,0.0
71,20-24,old_vaccine,0.0,0.0,0.0,0.0
71,20-24,new_vaccine,0.0,0.0,0.0,0.0
71,25-29,unvaccinated,1.7,19.1,0.0,0.0
71,25-29,old_vaccine,0.0,0.0,0.0,0.0
71,25-29,new_vaccine,0.0,0.0,0.0,0.0
71,30-34,unvaccinated,0.9,15.7,0.0,0.0
71,30-34,old_vaccine,0.0,0.0,0.0,0.0
71,30-34,new_vaccine,0.0,0.0,0.0,0.0
71,35-39,unvaccinated,0.8,21.2,0.0,0.0
71,35-39,old_vaccine,0.0,0.0,0.0,0.0
71,35-39,new_vaccine,0.0,0.0,0.0,0.0
71,40-44,unvaccinated,2.0,10.2,0.0,0.0
71,40-44,old_vaccine,0.0,0.0,0.0,0.0
71,40-44,new_vaccine,0.0,0.0,0.0,0.0
71,45-49,unvaccinated,0.3,15.3,0.0,0.0
71,45-49,old_vaccine,0.0,0.0,0.0,0.0
71,45-49,new_vaccine,0.0,0.0,0.0,0.0
71,50-54,unvaccinated,3.3,15.7,0.0,0.0
71,50-54,old_vaccine,0.0,0.0,0.0,0.0
71,50-54,new_vaccine,0.0,0.0,0.0,0.0
71,55-59,unvaccinated,3.2,16.4,0.1,0.0
71,55-59,old_vaccine,0.0,0.0,0.0,0.0
71,55-59,new_vaccine,0.0,0.0,0.0,0.0
71,60-64,unvaccinated,5.0,13.1,0.1,0.0
71,60-64,old_vaccine,0.0,0.0,0.0,0.0
71,60-64,new_vaccine,0.0,0.0,0.0,0.0
71,65-69,unvaccinated,4.7,5.0,0.0,0.0
71,65-69,old_vaccine,0.0,0.0,0.0,0.0
71,65-69,new_vaccine,0.0,0.0,0.0,0.0
71,70-74,unvaccinated,8.0,3.5,0.0,0.0
71,70-74,old_vaccine,0.0,0.0,0.0,0.0
71,70-74,new_vaccine,0.0,0.0,0.0,0.0
71,75+,unvaccinated,13.2,8.0,0.0,0.0
71,75+,old_vaccine,0.0,0.0,0.0,0.0
71,75+,new_vaccine,0.0,0.0,0.0,0.0
72,0-4,unvaccinated,1.7,11.1,0.0,0.0
72,0-4,old_vaccine,0.0,0.0,0.0,0.0
72,0-4,new_vaccine,0.0,0.0,0.0,0.0
72,5-9,unvaccinated,0.0,15.7,0.0,0.0
72,5-9,old_vaccine,0.0,0.0,0.0,0.0
72,5-9,new_vaccine,0.0,0.0,0.0,0.0
72,10-14,unvaccinated,0.3,16.7,0.0,0.0
72,10-14,old_vaccine,0.0,0.0,0.0,0.0
72,10-14,new_vaccine,0.0,0.0,0.0,0.0
72,15-19,unvaccinated,0.2,14.7,0.0,0.0
72,15-19,old_vaccine,0.0,0.0,0.0,0.0
72,15-19,new_vaccine,0.0,0.0,0.0,0.0
72,20-24,unvaccinated,1.0,17.0,0.0,0.0
72,20-24,old_vaccine,0.0,0.0,0.0,0.0
72,20-24,new_vaccine,0.0,0.0,0.0,0.0
72,25-29,unvaccinated,2.0,19.3,0.0,0.0
72,25-29,old_vaccine,0.0,0.0,0.0,0.0
72,25-29,new_vaccine,0.0,0.0,0.0,0.0
72,30-34,unvaccinated,1.0,15.9,0.0,0.0
72,30-34,old_vaccine,0.0,0.0,0.0,0.0
72,30-34,new_vaccine,0.0,0.0,0.0,0.0
72,35-39,unvaccinated,1.1,21.8,0.0,0.0
72,35-39,old_vaccine,0.0,0.0,0.0,0.0
72,35-39,new_vaccine,0.0,0.0,0.0,0.0
72,40-44,unvaccinated,1.9,10.4,0.0,0.0
72,40-44,old_vaccine,0.0,0.0,0.0,0.0
72,40-44,new_vaccine,0.0,0.0,0.0,0.0
72,45-49,unvaccinated,0.2,15.6,0.0,0.0
72,45-49,old_vaccine,0.0,0.0,0.0,0.0
72,45-49,new_vaccine,0.0,0.0,0.0,0.0
72,50-54,unvaccinated,3.1,15.7,0.0,0.0
72,50-54,old_vaccine,0.0,0.0,0.0,0.0
72,50-54,new_vaccine,0.0,0.0,0.0,0.0
72,55-59,unvaccinated,3.0,17.0,0.1,0.0
72,55-59,old_vaccine,0.0,0.0,0.0,0.0
72,55-59,new_vaccine,0.0,0.0,0.0,0.0
72,60-64,unvaccinated,4.9,12.8,0.1,0.0
72,60-64,old_vaccine,0.0,0.0,0.0,0.0
72,60-64,new_vaccine,0.0,0.0,0.0,0.0
72,65-69,unvaccinated,4.7,5.1,0.0,0.0
72,65-69,old_vaccine,0.0,0.0,0.0,0.0
72,65-69,new_vaccine,0.0,0.0,0.0,0.0
72,70-74,unvaccinated,8.3,3.5,0.0,0.0
72,70-74,old_vaccine,0.0,0.0,0.0,0.0
72,70-74,new_vaccine,0.0,0.0,0.0,0.0
72,75+,unvaccinated,12.8,8.6,0.0,0.0
72,75+,old_vaccine,0.0,0.0,0.0,0.0
72,75+,new_vaccine,0.0,0.0,0.0,0.0
73,0-4,unvaccinated,1.6,11.0,0.0,0.0
73,0-4,old_vaccine,0.0,0.0,0.0,0.0
73,0-4,new_vaccine,0.0,0.0,0.0,0.0
73,5-9,unvaccinated,0.0,15.7,0.0,0.0
73,5-9,old_vaccine,0.0,0.0,0.0,0.0
73,5-9,new_vaccine,0.0,0.0,0.0,0.0
73,10-14,unvaccinated,0.3,16.4,0.0,0.0
73,10-14,old_vaccine,0.0,0.0,0.0,0.0
73,10-14,new_vaccine,0.0,0.0,0.0,0.0
73,15-19,unvaccinated,0.2,14.4,0.0,0.0
73,15-19,old_vaccine,0.0,0.0,0.0,0.0
73,15-19,new_vaccine,0.0,0.0,0.0,0.0
73,20-24,unvaccinated,1.1,16.9,0.0,0.0
73,20-24,old_vaccine,0.0,0.0,0.0,0.0
73,20-24,new_vaccine,0.0,0.0,0.0,0.0
73,25-29,unvaccinated,1.9,19.7,0.0,0.0
73,25-29,old_vaccine,0.0,0.0,0.0,0.0
73,25-29,new_vaccine,0.0,0.0,0.0,0.0
73,30-34,unvaccinated,1.2,15.8,0.0,0.0
73,30-34,old_vaccine,0.0,0.0,0.0,0.0
73,30-34,new_vaccine,0.0,0.0,0.0,0.0
73,35-39,unvaccinated,1.0,21.4,0.0,0.0
73,35-39,old_vaccine,0.0,0.0,0.0,0.0
73,35-39,new_vaccine,0.0,0.0,0.0,0.0
73,40-44,unvaccinated,2.0,10.9,0.0,0.0
73,40-44,old_vaccine,0.0,0.0,0.0,0.0
73,40-44,new_vaccine,0.0,0.0,0.0,0.0
73,45-49,unvaccinated,0.2,15.5,0.0,0.0
73,45-49,old_vaccine,0.0,0.0,0.0,0.0
73,45-49,new_vaccine,0.0,0.0,0.0,0.0
73,50-54,unvaccinated,3.0,15.4,0.0,0.0
73,50-54,old_vaccine,0.0,0.0,0.0,0.0
73,50-54,new_vaccine,0.0,0.0,0.0,0.0
73,55-59,unvaccinated,3.2,17.1,0.1,0.0
73,55-59,old_vaccine,0.0,0.0,0.0,0.0
73,55-59,new_vaccine,0.0,0.0,0.0,0.0
73,60-64,unvaccinated,4.9,12.5,0.1,0.0
73,60-64,old_vaccine,0.0,0.0,0.0,0.0
73,60-64,new_vaccine,0.0,0.0,0.0,0.0
73,65-69,unvaccinated,4.7,5.0,0.0,0.0
73,65-69,old_vaccine,0.0,0.0,0.0,0.0
73,65-69,new_vaccine,0.0,0.0,0.0,0.0
73,70-74,unvaccinated,8.2,3.6,0.0,0.0
73,70-74,old_vaccine,0.0,0.0,0.0,0.0
73,70-74,new_vaccine,0.0,0.0,0.0,0.0
73,75+,unvaccinated,12.6,8.3,0.1,0.0
73,75+,old_vaccine,0.0,0.0,0.0,0.0
73,75+,new_vaccine,0.0,0.0,0.0,0.0
74,0-4,unvaccinated,1.6,11.2,0.0,0.0
74,0-4,old_vaccine,0.0,0.0,0.0,0.0
74,0-4,new_vaccine,0.0,0.0,0.0,0.0
74,5-9,unvaccinated,0.0,14.9,0.0,0.0
74,5-9,old_vaccine,0.0,0.0,0.0,0.0
74,5-9,new_vaccine,0.0,0.0,0.0,0.0
74,10-14,unvaccinated,0.3,16.2,0.0,0.0
74,10-14,old_vaccine,0.0,0.0,0.0,0.0
74,10-14,new_vaccine,0.0,0.0,0.0,0.0
74,15-19,unvaccinated,0.1,14.1,0.0,0.0
74,15-19,old_vaccine,0.0,0.0,0.0,0.0
74,15-19,new_vaccine,0.0,0.0,0.0,0.0
74,20-24,unvaccinated,1.1,16.7,0.0,0.0
74,20-24,old_vaccine,0.0,0.0,0.0,0.0
74,20-24,new_vaccine,0.0,0.0,0.0,0.0
74,25-29,unvaccinated,1.9,19.8,0.0,0.0
74,25-29,old_vaccine,0.0,0.0,0.0,0.0
74,25-29,new_vaccine,0.0,0.0,0.0,0.0
74,30-34,unvaccinated,1.3,15.7,0.0,0.0
74,30-34,old_vaccine,0.0,0.0,0.0,0.0
74,30-34,new_vaccine,0.0,0.0,0.0,0.0
74,35-39,unvaccinated,1.1,21.5,0.0,0.0
74,35-39,old_vaccine,0.0,0.0,0.0,0.0
74,35-39,new_vaccine,0.0,0.0,0.0,0.0
74,40-44,unvaccinated,1.9,10.9,0.0,0.0
74,40-44,old_vaccine,0.0,0.0,0.0,0.0
74,40-44,new_vaccine,0.0,0.0,0.0,0.0
74,45-49,unvaccinated,0.1,15.5,0.0,0.0
74,45-49,old_vaccine,0.0,0.0,0.0,0.0
74,45-49,new_vaccine,0.0,0.0,0.0,0.0
74,50-54,unvaccinated,3.2,15.5,0.0,0.0
74,50-54,old_vaccine,0.0,0.0,0.0,0.0
74,50-54,new_vaccine,0.0,0.0,0.0,0.0
74,55-59,unvaccinated,3.4,17.1,0.1,0.0
74,55-59,old_vaccine,0.0,0.0,0.0,0.0
74,55-59,new_vaccine,0.0,0.0,0.0,0.0
74,60-64,unvaccinated,4.9,12.6,0.1,0.0
74,60-64,old_vaccine,0.0,0.0,0.0,0.0
74,60-64,new_vaccine,0.0,0.0,0.0,0.0
74,65-69,unvaccinated,4.8,5.2,0.0,0.0
74,65-69,old_vaccine,0.0,0.0,0.0,0.0
74,65-69,new_vaccine,0.0,0.0,0.0,0.0
74,70-74,unvaccinated,8.1,3.7,0.0,0.0
74,70-74,old_vaccine,0.0,0.0,0.0,0.0
74,70-74,new_vaccine,0.0,0.0,0.0,0.0
74,75+,unvaccinated,12.7,8.2,0.1,0.0
74,75+,old_vaccine,0.0,0.0,0.0,0.0
74,75+,new_vaccine,0.0,0.0,0.0,0.0
75,0-4,unvaccinated,1.5,11.1,0.0,0.0
75,0-4,old_vaccine,0.0,0.0,0.0,0.0
75,0-4,new_vaccine,0.0,0.0,0.0,0.0
75,5-9,unvaccinated,0.0,15.0,0.0,0.0
75,5-9,old_vaccine,0.0,0.0,0.0,0.0
75,5-9,new_vaccine,0.0,0.0,0.0,0.0
75,10-14,unvaccinated,0.3,15.8,0.0,0.0
75,10-14,old_vaccine,0.0,0.0,0.0,0.0
75,10-14,new_vaccine,0.0,0.0,0.0,0.0
75,15-19,unvaccinated,0.1,14.0,0.0,0.0
75,15-19,old_vaccine,0.0,0.0,0.0,0.0
75,15-19,new_vaccine,0.0,0.0,0.0,0.0
75,20-24,unvaccinated,1.1,16.1,0.0,0.0
75,20-24,old_vaccine,0.0,0.0,0.0,0.0
75,20-24,new_vaccine,0.0,0.0,0.0,0.0
75,25-29,unvaccinated,1.9,19.6,0.0,0.0
75,25-29,old_vaccine,0.0,0.0,0.0,0.0
75,25-29,new_vaccine,0.0,0.0,0.0,0.0
75,30-34,unvaccinated,1.4,15.2,0.0,0.0
75,30-34,old_vaccine,0.0,0.0,0.0,0.0
75,30-34,new_vaccine,0.0,0.0,0.0,0.0
75,35-39,unvaccinated,1.1,21.6,0.0,0.0
75,35-39,old_vaccine,0.0,0.0,0.0,0.0
75,35-39,new_vaccine,0.0,0.0,0.0,0.0
75,40-44,unvaccinated,1.9,11.0,0.0,0.0
75,40-44,old_vaccine,0.0,0.0,0.0,0.0
75,40-44,new_vaccine,0.0,0.0,0.0,0.0
75,45-49,unvaccinated,0.1,15.3,0.0,0.0
75,45-49,old_vaccine,0.0,0.0,0.0,0.0
75,45-49,new_vaccine,0.0,0.0,0.0,0.0
75,50-54,unvaccinated,3.2,15.5,0.0,0.0
75,50-54,old_vaccine,0.0,0.0,0.0,0.0
75,50-54,new_vaccine,0.0,0.0,0.0,0.0
75,55-59,unvaccinated,3.7,17.1,0.1,0.0
75,55-59,old_vaccine,0.0,0.0,0.0,0.0
75,55-59,new_vaccine,0.0,0.0,0.0,0.0
75,60-64,unvaccinated,4.8,12.8,0.1,0.0
75,60-64,old_vaccine,0.0,0.0,0.0,0.0
75,60-64,new_vaccine,0.0,0.0,0.0,0.0
75,65-69,unvaccinated,4.7,5.8,0.0,0.0
75,65-69,old_vaccine,0.0,0.0,0.0,0.0
75,65-69,new_vaccine,0.0,0.0,0.0,0.0
75,70-74,unvaccinated,7.9,3.7,0.0,0.0
75,70-74,old_vaccine,0.0,0.0,0.0,0.0
75,70-74,new_vaccine,0.0,0.0,0.0,0.0
75,75+,unvaccinated,12.3,7.9,0.1,0.0
75,75+,old_vaccine,0.0,0.0,0.0,0.0
75,75+,new_vaccine,0.0,0.0,0.0,0.0
76,0-4,unvaccinated,1.5,11.2,0.0,0.0
76,0-4,old_vaccine,0.0,0.0,0.0,0.0
76,0-4,new_vaccine,0.0,0.0,0.0,0.0
76,5-9,unvaccinated,0.0,14.9,0.0,0.0
76,5-9,old_vaccine,0.0,0.0,0.0,0.0
76,5-9,new_vaccine,0.0,0.0,0.0,0.0
76,10-14,unvaccinated,0.3,15.4,0.0,0.0
76,10-14,old_vaccine,0.0,0.0,0.0,0.0
76,10-14,new_vaccine,0.0,0.0,0.0,0.0
76,15-19,unvaccinated,0.1,13.8,0.0,0.0
76,15-19,old_vaccine,0.0,0.0,0.0,0.0
76,15-19,new_vaccine,0.0,0.0,0.0,0.0
76,20-24,unvaccinated,1.1,16.1,0.0,0.0
76,20-24,old_vaccine,0.0,0.0,0.0,0.0
76,20-24,new_vaccine,0.0,0.0,0.0,0.0
76,25-29,unvaccinated,2.0,19.6,0.0,0.0
76,25-29,old_vaccine,0.0,0.0,0.0,0.0
76,25-29,new_vaccine,0.0,0.0,0.0,0.0
76,30-34,unvaccinated,1.3,15.8,0.0,0.0
76,30-34,old_vaccine,0.0,0.0,0.0,0.0
76,30-34,new_vaccine,0.0,0.0,0.0,0.0
76,35-39,unvaccinated,1.1,21.7,0.0,0.0
76,35-39,old_vaccine,0.0,0.0,0.0,0.0
76,35-39,new_vaccine,0.0,0.0,0.0,0.0
76,40-44,unvaccinated,2.1,11.4,0.0,0.0
76,40-44,old_vaccine,0.0,0.0,0.0,0.0
76,40-44,new_vaccine,0.0,0.0,0.0,0.0
76,45-49,unvaccinated,0.2,15.0,0.0,0.0
76,45-49,old_vaccine,0.0,0.0,0.0,0.0
76,45-49,new_vaccine,0.0,0.0,0.0,0.0
76,50-54,unvaccinated,3.2,15.7,0.0,0.0
76,50-54,old_vaccine,0.0,0.0,0.0,0.0
76,50-54,new_vaccine,0.0,0.0,0.0,0.0
76,55-59,unvaccinated,3.6,16.9,0.1,0.0
76,55-59,old_vaccine,0.0,0.0,0.0,0.0
76,55-59,new_vaccine,0.0,0.0,0.0,0.0
76,60-64,unvaccinated,4.9,12.5,0.1,0.0
76,60-64,old_vaccine,0.0,0.0,0.0,0.0
76,60-64,new_vaccine,0.0,0.0,0.0,0.0
76,65-69,unvaccinated,4.7,5.9,0.0,0.0
76,65-69,old_vaccine,0.0,0.0,0.0,0.0
76,65-69,new_vaccine,0.0,0.0,0.0,0.0
76,70-74,unvaccinated,7.8,3.9,0.0,0.0
76,70-74,old_vaccine,0.0,0.0,0.0,0.0
76,70-74,new_vaccine,0.0,0.0,0.0,0.0
76,75+,unvaccinated,13.1,7.9,0.2,0.0
76,75+,old_vaccine,0.0,0.0,0.0,0.0
76,75+,new_vaccine,0.0,0.0,0.0,0.0
77,0-4,unvaccinated,1.5,10.9,0.0,0.0
77,0-4,old_vaccine,0.0,0.0,0.0,0.0
77,0-4,new_vaccine,0.0,0.0,0.0,0.0
77,5-9,unvaccinated,0.0,15.2,0.0,0.0
77,5-9,old_vaccine,0.0,0.0,0.0,0.0
77,5-9,new_vaccine,0.0,0.0,0.0,0.0
77,10-14,unvaccinated,0.3,15.2,0.0,0.0
77,10-14,old_vaccine,0.0,0.0,0.0,0.0
77,10-14,new_vaccine,0.0,0.0,0.0,0.0
77,15-19,unvaccinated,0.0,14.2,0.0,0.0
77,15-19,old_vaccine,0.0,0.0,0.0,0.0
77,15-19,new_vaccine,0.0,0.0,0.0,0.0
77,20-24,unvaccinated,1.1,16.0,0.0,0.0
77,20-24,old_vaccine,0.0,0.0,0.0,0.0
77,20-24,new_vaccine,0.0,0.0,0.0,0.0
77,25-29,unvaccinated,2.0,19.6,0.0,0.0
77,25-29,old_vaccine,0.0,0.0,0.0,0.0
77,25-29,new_vaccine,0.0,0.0,0.0,0.0
77,30-34,unvaccinated,1.3,15.8,0.0,0.0
77,30-34,old_vaccine,0.0,0.0,0.0,0.0
77,30-34,new_vaccine,0.0,0.0,0.0,0.0
77,35-39,unvaccinated,1.1,22.0,0.0,0.0
77,35-39,old_vaccine,0.0,0.0,0.0,0.0
77,35-39,new_vaccine,0.0,0.0,0.0,0.0
77,40-44,unvaccinated,1.9,11.4,0.0,0.0
77,40-44,old_vaccine,0.0,0.0,0.0,0.0
77,40-44,new_vaccine,0.0,0.0,0.0,0.0
77,45-49,unvaccinated,0.1,15.0,0.0,0.0
77,45-49,old_vaccine,0.0,0.0,0.0,0.0
77,45-49,new_vaccine,0.0,0.0,0.0,0.0
77,50-54,unvaccinated,3.2,16.2,0.0,0.0
77,50-54,old_vaccine,0.0,0.0,0.0,0.0
77,50-54,new_vaccine,0.0,0.0,0.0,0.0
77,55-59,unvaccinated,3.8,17.0,0.1,0.0
77,55-59,old_vaccine,0.0,0.0,0.0,0.0
77,55-59,new_vaccine,0.0,0.0,0.0,0.0
77,60-64,unvaccinated,4.6,12.2,0.1,0.0
77,60-64,old_vaccine,0.0,0.0,0.0,0.0
77,60-64,new_vaccine,0.0,0.0,0.0,0.0
77,65-69,unvaccinated,4.4,5.9,0.0,0.0
77,65-69,old_vaccine,0.0,0.0,0.0,0.0
77,65-69,new_vaccine,0.0,0.0,0.0,0.0
77,70-74,unvaccinated,8.0,3.9,0.0,0.0
77,70-74,old_vaccine,0.0,0.0,0.0,0.0
77,70-74,new_vaccine,0.0,0.0,0.0,0.0
77,75+,unvaccinated,12.9,7.9,0.2,0.0
77,75+,old_vaccine,0.0,0.0,0.0,0.0
77,75+,new_vaccine,0.0,0.0,0.0,0.0
78,0-4,unvaccinated,1.5,10.9,0.0,0.0
78,0-4,old_vaccine,0.0,0.0,0.0,0.0
78,0-4,new_vaccine,0.0,0.0,0.0,0.0
78,5-9,unvaccinated,0.0,15.0,0.0,0.0
78,5-9,old_vaccine,0.0,0.0,0.0,0.0
78,5-9,new_vaccine,0.0,0.0,0.0,0.0
78,10-14,unvaccinated,0.4,15.5,0.0,0.0
78,10-14,old_vaccine,0.0,0.0,0.0,0.0
78,10-14,new_vaccine,0.0,0.0,0.0,0.0
78,15-19,unvaccinated,0.0,14.6,0.0,0.0
78,15-19,old_vaccine,0.0,0.0,0.0,0.0
78,15-19,new_vaccine,0.0,0.0,0.0,0.0
78,20-24,unvaccinated,1.0,16.2,0.0,0.0
78,20-24,old_vaccine,0.0,0.0,0.0,0.0
78,20-24,new_vaccine,0.0,0.0,0.0,0.0
78,25-29,unvaccinated,1.8,19.0,0.0,0.0
78,25-29,old_vaccine,0.0,0.0,0.0,0.0
78,25-29,new_vaccine,0.0,0.0,0.0,0.0
78,30-34,unvaccinated,1.2,15.8,0.0,0.0
78,30-34,old_vaccine,0.0,0.0,0.0,0.0
78,30-34,new_vaccine,0.0,0.0,0.0,0.0
78,35-39,unvaccinated,1.1,22.3,0.0,0.0
78,35-39,old_vaccine,0.0,0.0,0.0,0.0
78,35-39,new_vaccine,0.0,0.0,0.0,0.0
78,40-44,unvaccinated,2.0,11.2,0.0,0.0
78,40-44,old_vaccine,0.0,0.0,0.0,0.0
78,40-44,new_vaccine,0.0,0.0,0.0,0.0
78,45-49,unvaccinated,0.1,15.2,0.0,0.0
78,45-49,old_vaccine,0.0,0.0,0.0,0.0
78,45-49,new_vaccine,0.0,0.0,0.0,0.0
78,50-54,unvaccinated,3.3,16.2,0.0,0.0
78,50-54,old_vaccine,0.0,0.0,0.0,0.0
78,50-54,new_vaccine,0.0,0.0,0.0,0.0
78,55-59,unvaccinated,3.8,16.6,0.0,0.0
78,55-59,old_vaccine,0.0,0.0,0.0,0.0
78,55-59,new_vaccine,0.0,0.0,0.0,0.0
78,60-64,unvaccinated,4.6,12.8,0.1,0.0
78,60-64,old_vaccine,0.0,0.0,0.0,0.0
78,60-64,new_vaccine,0.0,0.0,0.0,0.0
78,65-69,unvaccinated,4.4,5.7,0.0,0.0
78,65-69,old_vaccine,0.0,0.0,0.0,0.0
78,65-69,new_vaccine,0.0,0.0,0.0,0.0
78,70-74,unvaccinated,8.3,3.9,0.0,0.0
78,70-74,old_vaccine,0.0,0.0,0.0,0.0
78,70-74,new_vaccine,0.0,0.0,0.0,0.0
78,75+,unvaccinated,12.9,7.8,0.2,0.0
78,75+,old_vaccine,0.0,0.0,0.0,0.0
78,75+,new_vaccine,0.0,0.0,0.0,0.0
79,0-4,unvaccinated,1.6,11.4,0.0,0.0
79,0-4,old_vaccine,0.0,0.0,0.0,0.0
79,0-4,new_vaccine,0.0,0.0,0.0,0.0
79,5-9,unvaccinated,0.1,15.4,0.0,0.0
79,5-9,old_vaccine,0.0,0.0,0.0,0.0
79,5-9,new_vaccine,0.0,0.0,0.0,0.0
79,10-14,unvaccinated,0.4,15.4,0.0,0.0
79,10-14,old_vaccine,0.0,0.0,0.0,0.0
79,10-14,new_vaccine,0.0,0.0,0.0,0.0
79,15-19,unvaccinated,0.0,14.3,0.0,0.0
79,15-19,old_vaccine,0.0,0.0,0.0,0.0
79,15-19,new_vaccine,0.0,0.0,0.0,0.0
79,20-24,unvaccinated,1.0,16.1,0.0,0.0
79,20-24,old_vaccine,0.0,0.0,0.0,0.0
79,20-24,new_vaccine,0.0,0.0,0.0,0.0
79,25-29,unvaccinated,1.9,19.3,0.0,0.0
79,25-29,old_vaccine,0.0,0.0,0.0,0.0
79,25-29,new_vaccine,0.0,0.0,0.0,0.0
79,30-34,unvaccinated,1.2,16.2,0.0,0.0
79,30-34,old_vaccine,0.0,0.0,0.0,0.0
79,30-34,new_vaccine,0.0,0.0,0.0,0.0
79,35-39,unvaccinated,1.1,22.2,0.0,0.0
79,35-39,old_vaccine,0.0,0.0,0.0,0.0
79,35-39,new_vaccine,0.0,0.0,0.0,0.0
79,40-44,unvaccinated,2.0,11.0,0.0,0.0
79,40-44,old_vaccine,0.0,0.0,0.0,0.0
79,40-44,new_vaccine,0.0,0.0,0.0,0.0
79,45-49,unvaccinated,0.1,15.8,0.0,0.0
79,45-49,old_vaccine,0.0,0.0,0.0,0.0
79,45-49,new_vaccine,0.0,0.0,0.0,0.0
79,50-54,unvaccinated,3.4,15.8,0.0,0.0
79,50-54,old_vaccine,0.0,0.0,0.0,0.0
79,50-54,new_vaccine,0.0,0.0,0.0,0.0
79,55-59,unvaccinated,3.7,16.7,0.0,0.0
79,55-59,old_vaccine,0.0,0.0,0.0,0.0
79,55-59,new_vaccine,0.0,0.0,0.0,0.0
79,60-64,unvaccinated,4.8,12.9,0.1,0.0
79,60-64,old_vaccine,0.0,0.0,0.0,0.0
79,60-64,new_vaccine,0.0,0.0,0.0,0.0
79,65-69,unvaccinated,4.6,5.6,0.0,0.0
79,65-69,old_vaccine,0.0,0.0,0.0,0.0
79,65-69,new_vaccine,0.0,0.0,0.0,0.0
79,70-74,unvaccinated,8.4,3.9,0.0,0.0
79,70-74,old_vaccine,0.0,0.0,0.0,0.0
79,70-74,new_vaccine,0.0,0.0,0.0,0.0
79,75+,unvaccinated,13.0,7.6,0.2,0.0
79,75+,old_vaccine,0.0,0.0,0.0,0.0
79,75+,new_vaccine,0.0,0.0,0.0,0.0
80,0-4,unvaccinated,1.6,12.1,0.0,0.0
80,0-4,old_vaccine,0.0,0.0,0.0,0.0
80,0-4,new_vaccine,0.0,0.0,0.0,0.0
80,5-9,unvaccinated,0.1,15.7,0.0,0.0
80,5-9,old_vaccine,0.0,0.0,0.0,0.0
80,5-9,new_vaccine,0.0,0.0,0.0,0.0
80,10-14,unvaccinated,0.4,15.9,0.0,0.0
80,10-14,old_vaccine,0.0,0.0,0.0,0.0
80,10-14,new_vaccine,0.0,0.0,0.0,0.0
80,15-19,unvaccinated,0.0,14.5,0.0,0.0
80,15-19,old_vaccine,0.0,0.0,0.0,0.0
80,15-19,new_vaccine,0.0,0.0,0.0,0.0
80,20-24,unvaccinated,1.1,16.0,0.0,0.0
80,20-24,old_vaccine,0.0,0.0,0.0,0.0
80,20-24,new_vaccine,0.0,0.0,0.0,0.0
80,25-29,unvaccinated,2.0,18.2,0.0,0.0
80,25-29,old_vaccine,0.0,0.0,0.0,0.0
80,25-29,new_vaccine,0.0,0.0,0.0,0.0
80,30-34,unvaccinated,1.1,16.3,0.0,0.0
80,30-34,old_vaccine,0.0,0.0,0.0,0.0
80,30-34,new_vaccine,0.0,0.0,0.0,0.0
80,35-39,unvaccinated,1.2,22.1,0.0,0.0
80,35-39,old_vaccine,0.0,0.0,0.0,0.0
80,35-39,new_vaccine,0.0,0.0,0.0,0.0
80,40-44,unvaccinated,2.0,10.9,0.0,0.0
80,40-44,old_vaccine,0.0,0.0,0.0,0.0
80,40-44,new_vaccine,0.0,0.0,0.0,0.0
80,45-49,unvaccinated,0.2,16.0,0.0,0.0
80,45-49,old_vaccine,0.0,0.0,0.0,0.0
80,45-49,new_vaccine,0.0,0.0,0.0,0.0
80,50-54,unvaccinated,3.6,15.9,0.0,0.0
80,50-54,old_vaccine,0.0,0.0,0.0,0.0
80,50-54,new_vaccine,0.0,0.0,0.0,0.0
80,55-59,unvaccinated,3.4,16.5,0.0,0.0
80,55-59,old_vaccine,0.0,0.0,0.0,0.0
80,55-59,new_vaccine,0.0,0.0,0.0,0.0
80,60-64,unvaccinated,4.9,12.9,0.3,0.0
80,60-64,old_vaccine,0.0,0.0,0.0,0.0
80,60-64,new_vaccine,0.0,0.0,0.0,0.0
80,65-69,unvaccinated,4.7,5.4,0.0,0.0
80,65-69,old_vaccine,0.0,0.0,0.0,0.0
80,65-69,new_vaccine,0.0,0.0,0.0,0.0
80,70-74,unvaccinated,8.2,3.9,0.0,0.0
80,70-74,old_vaccine,0.0,0.0,0.0,0.0
80,70-74,new_vaccine,0.0,0.0,0.0,0.0
80,75+,unvaccinated,13.0,7.5,0.2,0.0
80,75+,old_vaccine,0.0,0.0,0.0,0.0
80,75+,new_vaccine,0.0,0.0,0.0,0.0
81,0-4,unvaccinated,1.6,11.8,0.0,0.0
81,0-4,old_vaccine,0.0,0.0,0.0,0.0
81,0-4,new_vaccine,0.0,0.0,0.0,0.0
81,5-9,unvaccinated,0.1,15.4,0.0,0.0
81,5-9,old_vaccine,0.0,0.0,0.0,0.0
81,5-9,new_vaccine,0.0,0.0,0.0,0.0
81,10-14,unvaccinated,0.4,16.3,0.0,0.0
81,10-14,old_vaccine,0.0,0.0,0.0,0.0
81,10-14,new_vaccine,0.0,0.0,0.0,0.0
81,15-19,unvaccinated,0.1,14.6,0.0,0.0
=======
62,55-59,unvaccinated,4.0,3.3333333333333335,0.0,0.0
62,55-59,old_vaccine,0.0,0.0,0.0,0.0
62,55-59,new_vaccine,0.0,0.0,0.0,0.0
62,60-64,unvaccinated,0.6666666666666666,5.666666666666667,0.0,0.0
62,60-64,old_vaccine,0.0,0.0,0.0,0.0
62,60-64,new_vaccine,0.0,0.0,0.0,0.0
62,65-69,unvaccinated,4.0,3.3333333333333335,0.0,0.0
62,65-69,old_vaccine,0.0,0.0,0.0,0.0
62,65-69,new_vaccine,0.0,0.0,0.0,0.0
62,70-74,unvaccinated,4.666666666666667,1.6666666666666667,0.6666666666666666,0.0
62,70-74,old_vaccine,0.0,0.0,0.0,0.0
62,70-74,new_vaccine,0.0,0.0,0.0,0.0
62,75+,unvaccinated,3.3333333333333335,4.0,1.0,0.0
62,75+,old_vaccine,0.0,0.0,0.0,0.0
62,75+,new_vaccine,0.0,0.0,0.0,0.0
63,0-4,unvaccinated,0.3333333333333333,5.0,0.0,0.0
63,0-4,old_vaccine,0.0,0.0,0.0,0.0
63,0-4,new_vaccine,0.0,0.0,0.0,0.0
63,5-9,unvaccinated,0.0,5.0,0.0,0.0
63,5-9,old_vaccine,0.0,0.0,0.0,0.0
63,5-9,new_vaccine,0.0,0.0,0.0,0.0
63,10-14,unvaccinated,0.0,7.0,0.0,0.0
63,10-14,old_vaccine,0.0,0.0,0.0,0.0
63,10-14,new_vaccine,0.0,0.0,0.0,0.0
63,15-19,unvaccinated,0.0,7.333333333333333,0.0,0.0
63,15-19,old_vaccine,0.0,0.0,0.0,0.0
63,15-19,new_vaccine,0.0,0.0,0.0,0.0
63,20-24,unvaccinated,0.3333333333333333,5.0,0.0,0.0
63,20-24,old_vaccine,0.0,0.0,0.0,0.0
63,20-24,new_vaccine,0.0,0.0,0.0,0.0
63,25-29,unvaccinated,1.3333333333333333,6.0,0.0,0.0
63,25-29,old_vaccine,0.0,0.0,0.0,0.0
63,25-29,new_vaccine,0.0,0.0,0.0,0.0
63,30-34,unvaccinated,1.0,8.333333333333334,0.0,0.0
63,30-34,old_vaccine,0.0,0.0,0.0,0.0
63,30-34,new_vaccine,0.0,0.0,0.0,0.0
63,35-39,unvaccinated,0.3333333333333333,6.333333333333333,0.0,0.0
63,35-39,old_vaccine,0.0,0.0,0.0,0.0
63,35-39,new_vaccine,0.0,0.0,0.0,0.0
63,40-44,unvaccinated,0.6666666666666666,6.333333333333333,0.0,0.0
63,40-44,old_vaccine,0.0,0.0,0.0,0.0
63,40-44,new_vaccine,0.0,0.0,0.0,0.0
63,45-49,unvaccinated,1.0,5.666666666666667,0.0,0.0
63,45-49,old_vaccine,0.0,0.0,0.0,0.0
63,45-49,new_vaccine,0.0,0.0,0.0,0.0
63,50-54,unvaccinated,1.3333333333333333,5.0,0.0,0.0
63,50-54,old_vaccine,0.0,0.0,0.0,0.0
63,50-54,new_vaccine,0.0,0.0,0.0,0.0
63,55-59,unvaccinated,3.6666666666666665,3.0,0.0,0.0
63,55-59,old_vaccine,0.0,0.0,0.0,0.0
63,55-59,new_vaccine,0.0,0.0,0.0,0.0
63,60-64,unvaccinated,0.3333333333333333,6.0,0.0,0.0
63,60-64,old_vaccine,0.0,0.0,0.0,0.0
63,60-64,new_vaccine,0.0,0.0,0.0,0.0
63,65-69,unvaccinated,3.6666666666666665,3.3333333333333335,0.0,0.0
63,65-69,old_vaccine,0.0,0.0,0.0,0.0
63,65-69,new_vaccine,0.0,0.0,0.0,0.0
63,70-74,unvaccinated,4.333333333333333,1.3333333333333333,0.6666666666666666,0.0
63,70-74,old_vaccine,0.0,0.0,0.0,0.0
63,70-74,new_vaccine,0.0,0.0,0.0,0.0
63,75+,unvaccinated,3.3333333333333335,4.0,1.0,0.0
63,75+,old_vaccine,0.0,0.0,0.0,0.0
63,75+,new_vaccine,0.0,0.0,0.0,0.0
64,0-4,unvaccinated,0.3333333333333333,5.333333333333333,0.0,0.0
64,0-4,old_vaccine,0.0,0.0,0.0,0.0
64,0-4,new_vaccine,0.0,0.0,0.0,0.0
64,5-9,unvaccinated,0.0,6.0,0.0,0.0
64,5-9,old_vaccine,0.0,0.0,0.0,0.0
64,5-9,new_vaccine,0.0,0.0,0.0,0.0
64,10-14,unvaccinated,0.0,7.0,0.0,0.0
64,10-14,old_vaccine,0.0,0.0,0.0,0.0
64,10-14,new_vaccine,0.0,0.0,0.0,0.0
64,15-19,unvaccinated,0.0,6.666666666666667,0.0,0.0
64,15-19,old_vaccine,0.0,0.0,0.0,0.0
64,15-19,new_vaccine,0.0,0.0,0.0,0.0
64,20-24,unvaccinated,0.3333333333333333,5.0,0.0,0.0
64,20-24,old_vaccine,0.0,0.0,0.0,0.0
64,20-24,new_vaccine,0.0,0.0,0.0,0.0
64,25-29,unvaccinated,1.3333333333333333,6.0,0.0,0.0
64,25-29,old_vaccine,0.0,0.0,0.0,0.0
64,25-29,new_vaccine,0.0,0.0,0.0,0.0
64,30-34,unvaccinated,1.0,8.333333333333334,0.0,0.0
64,30-34,old_vaccine,0.0,0.0,0.0,0.0
64,30-34,new_vaccine,0.0,0.0,0.0,0.0
64,35-39,unvaccinated,0.6666666666666666,6.0,0.0,0.0
64,35-39,old_vaccine,0.0,0.0,0.0,0.0
64,35-39,new_vaccine,0.0,0.0,0.0,0.0
64,40-44,unvaccinated,0.6666666666666666,6.333333333333333,0.0,0.0
64,40-44,old_vaccine,0.0,0.0,0.0,0.0
64,40-44,new_vaccine,0.0,0.0,0.0,0.0
64,45-49,unvaccinated,1.0,5.0,0.0,0.0
64,45-49,old_vaccine,0.0,0.0,0.0,0.0
64,45-49,new_vaccine,0.0,0.0,0.0,0.0
64,50-54,unvaccinated,1.6666666666666667,4.333333333333333,0.0,0.0
64,50-54,old_vaccine,0.0,0.0,0.0,0.0
64,50-54,new_vaccine,0.0,0.0,0.0,0.0
64,55-59,unvaccinated,4.0,3.0,0.0,0.0
64,55-59,old_vaccine,0.0,0.0,0.0,0.0
64,55-59,new_vaccine,0.0,0.0,0.0,0.0
64,60-64,unvaccinated,0.6666666666666666,6.0,0.0,0.0
64,60-64,old_vaccine,0.0,0.0,0.0,0.0
64,60-64,new_vaccine,0.0,0.0,0.0,0.0
64,65-69,unvaccinated,3.6666666666666665,2.3333333333333335,0.0,0.0
64,65-69,old_vaccine,0.0,0.0,0.0,0.0
64,65-69,new_vaccine,0.0,0.0,0.0,0.0
64,70-74,unvaccinated,4.666666666666667,1.6666666666666667,0.6666666666666666,0.0
64,70-74,old_vaccine,0.0,0.0,0.0,0.0
64,70-74,new_vaccine,0.0,0.0,0.0,0.0
64,75+,unvaccinated,3.6666666666666665,4.333333333333333,1.0,0.0
64,75+,old_vaccine,0.0,0.0,0.0,0.0
64,75+,new_vaccine,0.0,0.0,0.0,0.0
65,0-4,unvaccinated,0.3333333333333333,5.333333333333333,0.0,0.0
65,0-4,old_vaccine,0.0,0.0,0.0,0.0
65,0-4,new_vaccine,0.0,0.0,0.0,0.0
65,5-9,unvaccinated,0.0,5.333333333333333,0.0,0.0
65,5-9,old_vaccine,0.0,0.0,0.0,0.0
65,5-9,new_vaccine,0.0,0.0,0.0,0.0
65,10-14,unvaccinated,0.3333333333333333,7.0,0.0,0.0
65,10-14,old_vaccine,0.0,0.0,0.0,0.0
65,10-14,new_vaccine,0.0,0.0,0.0,0.0
65,15-19,unvaccinated,0.0,6.0,0.0,0.0
65,15-19,old_vaccine,0.0,0.0,0.0,0.0
65,15-19,new_vaccine,0.0,0.0,0.0,0.0
65,20-24,unvaccinated,0.3333333333333333,5.0,0.0,0.0
65,20-24,old_vaccine,0.0,0.0,0.0,0.0
65,20-24,new_vaccine,0.0,0.0,0.0,0.0
65,25-29,unvaccinated,1.0,6.0,0.0,0.0
65,25-29,old_vaccine,0.0,0.0,0.0,0.0
65,25-29,new_vaccine,0.0,0.0,0.0,0.0
65,30-34,unvaccinated,1.0,8.0,0.0,0.0
65,30-34,old_vaccine,0.0,0.0,0.0,0.0
65,30-34,new_vaccine,0.0,0.0,0.0,0.0
65,35-39,unvaccinated,0.6666666666666666,7.0,0.0,0.0
65,35-39,old_vaccine,0.0,0.0,0.0,0.0
65,35-39,new_vaccine,0.0,0.0,0.0,0.0
65,40-44,unvaccinated,0.6666666666666666,6.666666666666667,0.0,0.0
65,40-44,old_vaccine,0.0,0.0,0.0,0.0
65,40-44,new_vaccine,0.0,0.0,0.0,0.0
65,45-49,unvaccinated,1.0,5.666666666666667,0.0,0.0
65,45-49,old_vaccine,0.0,0.0,0.0,0.0
65,45-49,new_vaccine,0.0,0.0,0.0,0.0
65,50-54,unvaccinated,1.3333333333333333,4.0,0.0,0.0
65,50-54,old_vaccine,0.0,0.0,0.0,0.0
65,50-54,new_vaccine,0.0,0.0,0.0,0.0
65,55-59,unvaccinated,4.0,3.0,0.0,0.0
65,55-59,old_vaccine,0.0,0.0,0.0,0.0
65,55-59,new_vaccine,0.0,0.0,0.0,0.0
65,60-64,unvaccinated,0.3333333333333333,6.666666666666667,0.0,0.0
65,60-64,old_vaccine,0.0,0.0,0.0,0.0
65,60-64,new_vaccine,0.0,0.0,0.0,0.0
65,65-69,unvaccinated,3.6666666666666665,2.0,0.3333333333333333,0.0
65,65-69,old_vaccine,0.0,0.0,0.0,0.0
65,65-69,new_vaccine,0.0,0.0,0.0,0.0
65,70-74,unvaccinated,4.333333333333333,2.3333333333333335,0.6666666666666666,0.0
65,70-74,old_vaccine,0.0,0.0,0.0,0.0
65,70-74,new_vaccine,0.0,0.0,0.0,0.0
65,75+,unvaccinated,3.3333333333333335,3.6666666666666665,1.0,0.0
65,75+,old_vaccine,0.0,0.0,0.0,0.0
65,75+,new_vaccine,0.0,0.0,0.0,0.0
66,0-4,unvaccinated,0.3333333333333333,5.666666666666667,0.0,0.0
66,0-4,old_vaccine,0.0,0.0,0.0,0.0
66,0-4,new_vaccine,0.0,0.0,0.0,0.0
66,5-9,unvaccinated,0.0,5.666666666666667,0.0,0.0
66,5-9,old_vaccine,0.0,0.0,0.0,0.0
66,5-9,new_vaccine,0.0,0.0,0.0,0.0
66,10-14,unvaccinated,0.3333333333333333,7.666666666666667,0.0,0.0
66,10-14,old_vaccine,0.0,0.0,0.0,0.0
66,10-14,new_vaccine,0.0,0.0,0.0,0.0
66,15-19,unvaccinated,0.0,6.0,0.0,0.0
66,15-19,old_vaccine,0.0,0.0,0.0,0.0
66,15-19,new_vaccine,0.0,0.0,0.0,0.0
66,20-24,unvaccinated,0.3333333333333333,5.0,0.0,0.0
66,20-24,old_vaccine,0.0,0.0,0.0,0.0
66,20-24,new_vaccine,0.0,0.0,0.0,0.0
66,25-29,unvaccinated,1.0,6.0,0.0,0.0
66,25-29,old_vaccine,0.0,0.0,0.0,0.0
66,25-29,new_vaccine,0.0,0.0,0.0,0.0
66,30-34,unvaccinated,1.0,7.333333333333333,0.0,0.0
66,30-34,old_vaccine,0.0,0.0,0.0,0.0
66,30-34,new_vaccine,0.0,0.0,0.0,0.0
66,35-39,unvaccinated,0.6666666666666666,6.666666666666667,0.0,0.0
66,35-39,old_vaccine,0.0,0.0,0.0,0.0
66,35-39,new_vaccine,0.0,0.0,0.0,0.0
66,40-44,unvaccinated,0.6666666666666666,6.666666666666667,0.0,0.0
66,40-44,old_vaccine,0.0,0.0,0.0,0.0
66,40-44,new_vaccine,0.0,0.0,0.0,0.0
66,45-49,unvaccinated,1.3333333333333333,6.333333333333333,0.0,0.0
66,45-49,old_vaccine,0.0,0.0,0.0,0.0
66,45-49,new_vaccine,0.0,0.0,0.0,0.0
66,50-54,unvaccinated,1.3333333333333333,3.6666666666666665,0.0,0.0
66,50-54,old_vaccine,0.0,0.0,0.0,0.0
66,50-54,new_vaccine,0.0,0.0,0.0,0.0
66,55-59,unvaccinated,4.666666666666667,3.0,0.0,0.0
66,55-59,old_vaccine,0.0,0.0,0.0,0.0
66,55-59,new_vaccine,0.0,0.0,0.0,0.0
66,60-64,unvaccinated,0.3333333333333333,6.666666666666667,0.0,0.0
66,60-64,old_vaccine,0.0,0.0,0.0,0.0
66,60-64,new_vaccine,0.0,0.0,0.0,0.0
66,65-69,unvaccinated,3.3333333333333335,2.3333333333333335,0.3333333333333333,0.0
66,65-69,old_vaccine,0.0,0.0,0.0,0.0
66,65-69,new_vaccine,0.0,0.0,0.0,0.0
66,70-74,unvaccinated,4.0,2.3333333333333335,0.6666666666666666,0.0
66,70-74,old_vaccine,0.0,0.0,0.0,0.0
66,70-74,new_vaccine,0.0,0.0,0.0,0.0
66,75+,unvaccinated,3.3333333333333335,3.6666666666666665,1.0,0.0
66,75+,old_vaccine,0.0,0.0,0.0,0.0
66,75+,new_vaccine,0.0,0.0,0.0,0.0
67,0-4,unvaccinated,0.3333333333333333,5.666666666666667,0.0,0.0
67,0-4,old_vaccine,0.0,0.0,0.0,0.0
67,0-4,new_vaccine,0.0,0.0,0.0,0.0
67,5-9,unvaccinated,0.0,4.666666666666667,0.0,0.0
67,5-9,old_vaccine,0.0,0.0,0.0,0.0
67,5-9,new_vaccine,0.0,0.0,0.0,0.0
67,10-14,unvaccinated,0.3333333333333333,7.666666666666667,0.0,0.0
67,10-14,old_vaccine,0.0,0.0,0.0,0.0
67,10-14,new_vaccine,0.0,0.0,0.0,0.0
67,15-19,unvaccinated,0.0,6.0,0.0,0.0
67,15-19,old_vaccine,0.0,0.0,0.0,0.0
67,15-19,new_vaccine,0.0,0.0,0.0,0.0
67,20-24,unvaccinated,0.3333333333333333,5.333333333333333,0.0,0.0
67,20-24,old_vaccine,0.0,0.0,0.0,0.0
67,20-24,new_vaccine,0.0,0.0,0.0,0.0
67,25-29,unvaccinated,1.0,6.333333333333333,0.0,0.0
67,25-29,old_vaccine,0.0,0.0,0.0,0.0
67,25-29,new_vaccine,0.0,0.0,0.0,0.0
67,30-34,unvaccinated,1.0,7.0,0.0,0.0
67,30-34,old_vaccine,0.0,0.0,0.0,0.0
67,30-34,new_vaccine,0.0,0.0,0.0,0.0
67,35-39,unvaccinated,0.6666666666666666,5.666666666666667,0.0,0.0
67,35-39,old_vaccine,0.0,0.0,0.0,0.0
67,35-39,new_vaccine,0.0,0.0,0.0,0.0
67,40-44,unvaccinated,0.6666666666666666,6.333333333333333,0.0,0.0
67,40-44,old_vaccine,0.0,0.0,0.0,0.0
67,40-44,new_vaccine,0.0,0.0,0.0,0.0
67,45-49,unvaccinated,1.3333333333333333,6.0,0.0,0.0
67,45-49,old_vaccine,0.0,0.0,0.0,0.0
67,45-49,new_vaccine,0.0,0.0,0.0,0.0
67,50-54,unvaccinated,1.3333333333333333,4.0,0.0,0.0
67,50-54,old_vaccine,0.0,0.0,0.0,0.0
67,50-54,new_vaccine,0.0,0.0,0.0,0.0
67,55-59,unvaccinated,4.333333333333333,3.0,0.0,0.0
67,55-59,old_vaccine,0.0,0.0,0.0,0.0
67,55-59,new_vaccine,0.0,0.0,0.0,0.0
67,60-64,unvaccinated,0.3333333333333333,6.0,0.0,0.0
67,60-64,old_vaccine,0.0,0.0,0.0,0.0
67,60-64,new_vaccine,0.0,0.0,0.0,0.0
67,65-69,unvaccinated,2.6666666666666665,2.3333333333333335,0.3333333333333333,0.0
67,65-69,old_vaccine,0.0,0.0,0.0,0.0
67,65-69,new_vaccine,0.0,0.0,0.0,0.0
67,70-74,unvaccinated,3.6666666666666665,2.3333333333333335,0.6666666666666666,0.0
67,70-74,old_vaccine,0.0,0.0,0.0,0.0
67,70-74,new_vaccine,0.0,0.0,0.0,0.0
67,75+,unvaccinated,3.3333333333333335,4.0,1.0,0.0
67,75+,old_vaccine,0.0,0.0,0.0,0.0
67,75+,new_vaccine,0.0,0.0,0.0,0.0
68,0-4,unvaccinated,0.3333333333333333,5.333333333333333,0.0,0.0
68,0-4,old_vaccine,0.0,0.0,0.0,0.0
68,0-4,new_vaccine,0.0,0.0,0.0,0.0
68,5-9,unvaccinated,0.0,5.0,0.0,0.0
68,5-9,old_vaccine,0.0,0.0,0.0,0.0
68,5-9,new_vaccine,0.0,0.0,0.0,0.0
68,10-14,unvaccinated,0.3333333333333333,6.666666666666667,0.0,0.0
68,10-14,old_vaccine,0.0,0.0,0.0,0.0
68,10-14,new_vaccine,0.0,0.0,0.0,0.0
68,15-19,unvaccinated,0.0,6.333333333333333,0.0,0.0
68,15-19,old_vaccine,0.0,0.0,0.0,0.0
68,15-19,new_vaccine,0.0,0.0,0.0,0.0
68,20-24,unvaccinated,0.3333333333333333,5.0,0.0,0.0
68,20-24,old_vaccine,0.0,0.0,0.0,0.0
68,20-24,new_vaccine,0.0,0.0,0.0,0.0
68,25-29,unvaccinated,1.0,6.333333333333333,0.0,0.0
68,25-29,old_vaccine,0.0,0.0,0.0,0.0
68,25-29,new_vaccine,0.0,0.0,0.0,0.0
68,30-34,unvaccinated,1.0,6.333333333333333,0.0,0.0
68,30-34,old_vaccine,0.0,0.0,0.0,0.0
68,30-34,new_vaccine,0.0,0.0,0.0,0.0
68,35-39,unvaccinated,0.6666666666666666,5.666666666666667,0.0,0.0
68,35-39,old_vaccine,0.0,0.0,0.0,0.0
68,35-39,new_vaccine,0.0,0.0,0.0,0.0
68,40-44,unvaccinated,0.6666666666666666,5.666666666666667,0.0,0.0
68,40-44,old_vaccine,0.0,0.0,0.0,0.0
68,40-44,new_vaccine,0.0,0.0,0.0,0.0
68,45-49,unvaccinated,1.3333333333333333,6.0,0.0,0.0
68,45-49,old_vaccine,0.0,0.0,0.0,0.0
68,45-49,new_vaccine,0.0,0.0,0.0,0.0
68,50-54,unvaccinated,1.3333333333333333,4.333333333333333,0.0,0.0
68,50-54,old_vaccine,0.0,0.0,0.0,0.0
68,50-54,new_vaccine,0.0,0.0,0.0,0.0
68,55-59,unvaccinated,4.333333333333333,3.3333333333333335,0.0,0.0
68,55-59,old_vaccine,0.0,0.0,0.0,0.0
68,55-59,new_vaccine,0.0,0.0,0.0,0.0
68,60-64,unvaccinated,0.3333333333333333,6.666666666666667,0.0,0.0
68,60-64,old_vaccine,0.0,0.0,0.0,0.0
68,60-64,new_vaccine,0.0,0.0,0.0,0.0
68,65-69,unvaccinated,2.6666666666666665,2.0,0.3333333333333333,0.0
68,65-69,old_vaccine,0.0,0.0,0.0,0.0
68,65-69,new_vaccine,0.0,0.0,0.0,0.0
68,70-74,unvaccinated,3.6666666666666665,2.3333333333333335,0.6666666666666666,0.0
68,70-74,old_vaccine,0.0,0.0,0.0,0.0
68,70-74,new_vaccine,0.0,0.0,0.0,0.0
68,75+,unvaccinated,2.6666666666666665,3.6666666666666665,1.0,0.0
68,75+,old_vaccine,0.0,0.0,0.0,0.0
68,75+,new_vaccine,0.0,0.0,0.0,0.0
69,0-4,unvaccinated,0.3333333333333333,5.0,0.0,0.0
69,0-4,old_vaccine,0.0,0.0,0.0,0.0
69,0-4,new_vaccine,0.0,0.0,0.0,0.0
69,5-9,unvaccinated,0.0,4.333333333333333,0.0,0.0
69,5-9,old_vaccine,0.0,0.0,0.0,0.0
69,5-9,new_vaccine,0.0,0.0,0.0,0.0
69,10-14,unvaccinated,0.3333333333333333,7.333333333333333,0.0,0.0
69,10-14,old_vaccine,0.0,0.0,0.0,0.0
69,10-14,new_vaccine,0.0,0.0,0.0,0.0
69,15-19,unvaccinated,0.0,6.333333333333333,0.0,0.0
69,15-19,old_vaccine,0.0,0.0,0.0,0.0
69,15-19,new_vaccine,0.0,0.0,0.0,0.0
69,20-24,unvaccinated,0.3333333333333333,6.0,0.0,0.0
69,20-24,old_vaccine,0.0,0.0,0.0,0.0
69,20-24,new_vaccine,0.0,0.0,0.0,0.0
69,25-29,unvaccinated,1.0,6.333333333333333,0.0,0.0
69,25-29,old_vaccine,0.0,0.0,0.0,0.0
69,25-29,new_vaccine,0.0,0.0,0.0,0.0
69,30-34,unvaccinated,0.6666666666666666,5.666666666666667,0.0,0.0
69,30-34,old_vaccine,0.0,0.0,0.0,0.0
69,30-34,new_vaccine,0.0,0.0,0.0,0.0
69,35-39,unvaccinated,0.6666666666666666,5.666666666666667,0.0,0.0
69,35-39,old_vaccine,0.0,0.0,0.0,0.0
69,35-39,new_vaccine,0.0,0.0,0.0,0.0
69,40-44,unvaccinated,0.6666666666666666,6.0,0.0,0.0
69,40-44,old_vaccine,0.0,0.0,0.0,0.0
69,40-44,new_vaccine,0.0,0.0,0.0,0.0
69,45-49,unvaccinated,1.3333333333333333,5.333333333333333,0.0,0.0
69,45-49,old_vaccine,0.0,0.0,0.0,0.0
69,45-49,new_vaccine,0.0,0.0,0.0,0.0
69,50-54,unvaccinated,1.6666666666666667,5.0,0.0,0.0
69,50-54,old_vaccine,0.0,0.0,0.0,0.0
69,50-54,new_vaccine,0.0,0.0,0.0,0.0
69,55-59,unvaccinated,3.3333333333333335,3.3333333333333335,0.0,0.0
69,55-59,old_vaccine,0.0,0.0,0.0,0.0
69,55-59,new_vaccine,0.0,0.0,0.0,0.0
69,60-64,unvaccinated,1.0,6.333333333333333,0.0,0.0
69,60-64,old_vaccine,0.0,0.0,0.0,0.0
69,60-64,new_vaccine,0.0,0.0,0.0,0.0
69,65-69,unvaccinated,2.3333333333333335,2.3333333333333335,0.3333333333333333,0.0
69,65-69,old_vaccine,0.0,0.0,0.0,0.0
69,65-69,new_vaccine,0.0,0.0,0.0,0.0
69,70-74,unvaccinated,3.0,2.3333333333333335,0.6666666666666666,0.0
69,70-74,old_vaccine,0.0,0.0,0.0,0.0
69,70-74,new_vaccine,0.0,0.0,0.0,0.0
69,75+,unvaccinated,2.6666666666666665,3.0,1.0,0.0
69,75+,old_vaccine,0.0,0.0,0.0,0.0
69,75+,new_vaccine,0.0,0.0,0.0,0.0
70,0-4,unvaccinated,0.3333333333333333,5.333333333333333,0.0,0.0
70,0-4,old_vaccine,0.0,0.0,0.0,0.0
70,0-4,new_vaccine,0.0,0.0,0.0,0.0
70,5-9,unvaccinated,0.3333333333333333,4.333333333333333,0.0,0.0
70,5-9,old_vaccine,0.0,0.0,0.0,0.0
70,5-9,new_vaccine,0.0,0.0,0.0,0.0
70,10-14,unvaccinated,0.0,7.333333333333333,0.0,0.0
70,10-14,old_vaccine,0.0,0.0,0.0,0.0
70,10-14,new_vaccine,0.0,0.0,0.0,0.0
70,15-19,unvaccinated,0.0,6.333333333333333,0.0,0.0
70,15-19,old_vaccine,0.0,0.0,0.0,0.0
70,15-19,new_vaccine,0.0,0.0,0.0,0.0
70,20-24,unvaccinated,0.3333333333333333,6.0,0.0,0.0
70,20-24,old_vaccine,0.0,0.0,0.0,0.0
70,20-24,new_vaccine,0.0,0.0,0.0,0.0
70,25-29,unvaccinated,1.3333333333333333,6.333333333333333,0.0,0.0
70,25-29,old_vaccine,0.0,0.0,0.0,0.0
70,25-29,new_vaccine,0.0,0.0,0.0,0.0
70,30-34,unvaccinated,0.3333333333333333,5.333333333333333,0.0,0.0
70,30-34,old_vaccine,0.0,0.0,0.0,0.0
70,30-34,new_vaccine,0.0,0.0,0.0,0.0
70,35-39,unvaccinated,0.3333333333333333,5.333333333333333,0.0,0.0
70,35-39,old_vaccine,0.0,0.0,0.0,0.0
70,35-39,new_vaccine,0.0,0.0,0.0,0.0
70,40-44,unvaccinated,0.6666666666666666,5.666666666666667,0.0,0.0
70,40-44,old_vaccine,0.0,0.0,0.0,0.0
70,40-44,new_vaccine,0.0,0.0,0.0,0.0
70,45-49,unvaccinated,1.3333333333333333,5.0,0.0,0.0
70,45-49,old_vaccine,0.0,0.0,0.0,0.0
70,45-49,new_vaccine,0.0,0.0,0.0,0.0
70,50-54,unvaccinated,1.3333333333333333,5.333333333333333,0.0,0.0
70,50-54,old_vaccine,0.0,0.0,0.0,0.0
70,50-54,new_vaccine,0.0,0.0,0.0,0.0
70,55-59,unvaccinated,3.6666666666666665,3.3333333333333335,0.0,0.0
70,55-59,old_vaccine,0.0,0.0,0.0,0.0
70,55-59,new_vaccine,0.0,0.0,0.0,0.0
70,60-64,unvaccinated,1.0,5.666666666666667,0.0,0.0
70,60-64,old_vaccine,0.0,0.0,0.0,0.0
70,60-64,new_vaccine,0.0,0.0,0.0,0.0
70,65-69,unvaccinated,2.3333333333333335,2.6666666666666665,0.0,0.0
70,65-69,old_vaccine,0.0,0.0,0.0,0.0
70,65-69,new_vaccine,0.0,0.0,0.0,0.0
70,70-74,unvaccinated,2.6666666666666665,2.3333333333333335,0.6666666666666666,0.0
70,70-74,old_vaccine,0.0,0.0,0.0,0.0
70,70-74,new_vaccine,0.0,0.0,0.0,0.0
70,75+,unvaccinated,3.6666666666666665,3.0,1.0,0.0
70,75+,old_vaccine,0.0,0.0,0.0,0.0
70,75+,new_vaccine,0.0,0.0,0.0,0.0
71,0-4,unvaccinated,0.3333333333333333,5.333333333333333,0.0,0.0
71,0-4,old_vaccine,0.0,0.0,0.0,0.0
71,0-4,new_vaccine,0.0,0.0,0.0,0.0
71,5-9,unvaccinated,0.3333333333333333,3.6666666666666665,0.0,0.0
71,5-9,old_vaccine,0.0,0.0,0.0,0.0
71,5-9,new_vaccine,0.0,0.0,0.0,0.0
71,10-14,unvaccinated,0.0,6.666666666666667,0.0,0.0
71,10-14,old_vaccine,0.0,0.0,0.0,0.0
71,10-14,new_vaccine,0.0,0.0,0.0,0.0
71,15-19,unvaccinated,0.0,7.0,0.0,0.0
71,15-19,old_vaccine,0.0,0.0,0.0,0.0
71,15-19,new_vaccine,0.0,0.0,0.0,0.0
71,20-24,unvaccinated,0.3333333333333333,5.0,0.0,0.0
71,20-24,old_vaccine,0.0,0.0,0.0,0.0
71,20-24,new_vaccine,0.0,0.0,0.0,0.0
71,25-29,unvaccinated,1.3333333333333333,6.333333333333333,0.0,0.0
71,25-29,old_vaccine,0.0,0.0,0.0,0.0
71,25-29,new_vaccine,0.0,0.0,0.0,0.0
71,30-34,unvaccinated,0.3333333333333333,5.333333333333333,0.0,0.0
71,30-34,old_vaccine,0.0,0.0,0.0,0.0
71,30-34,new_vaccine,0.0,0.0,0.0,0.0
71,35-39,unvaccinated,0.3333333333333333,5.0,0.0,0.0
71,35-39,old_vaccine,0.0,0.0,0.0,0.0
71,35-39,new_vaccine,0.0,0.0,0.0,0.0
71,40-44,unvaccinated,0.6666666666666666,5.0,0.0,0.0
71,40-44,old_vaccine,0.0,0.0,0.0,0.0
71,40-44,new_vaccine,0.0,0.0,0.0,0.0
71,45-49,unvaccinated,1.3333333333333333,5.333333333333333,0.0,0.0
71,45-49,old_vaccine,0.0,0.0,0.0,0.0
71,45-49,new_vaccine,0.0,0.0,0.0,0.0
71,50-54,unvaccinated,1.3333333333333333,4.666666666666667,0.0,0.0
71,50-54,old_vaccine,0.0,0.0,0.0,0.0
71,50-54,new_vaccine,0.0,0.0,0.0,0.0
71,55-59,unvaccinated,3.6666666666666665,3.6666666666666665,0.0,0.0
71,55-59,old_vaccine,0.0,0.0,0.0,0.0
71,55-59,new_vaccine,0.0,0.0,0.0,0.0
71,60-64,unvaccinated,1.0,5.666666666666667,0.0,0.0
71,60-64,old_vaccine,0.0,0.0,0.0,0.0
71,60-64,new_vaccine,0.0,0.0,0.0,0.0
71,65-69,unvaccinated,2.0,3.0,0.0,0.0
71,65-69,old_vaccine,0.0,0.0,0.0,0.0
71,65-69,new_vaccine,0.0,0.0,0.0,0.0
71,70-74,unvaccinated,3.0,2.3333333333333335,0.6666666666666666,0.0
71,70-74,old_vaccine,0.0,0.0,0.0,0.0
71,70-74,new_vaccine,0.0,0.0,0.0,0.0
71,75+,unvaccinated,3.6666666666666665,3.0,1.0,0.0
71,75+,old_vaccine,0.0,0.0,0.0,0.0
71,75+,new_vaccine,0.0,0.0,0.0,0.0
72,0-4,unvaccinated,0.3333333333333333,5.0,0.0,0.0
72,0-4,old_vaccine,0.0,0.0,0.0,0.0
72,0-4,new_vaccine,0.0,0.0,0.0,0.0
72,5-9,unvaccinated,0.3333333333333333,4.0,0.0,0.0
72,5-9,old_vaccine,0.0,0.0,0.0,0.0
72,5-9,new_vaccine,0.0,0.0,0.0,0.0
72,10-14,unvaccinated,0.0,7.0,0.0,0.0
72,10-14,old_vaccine,0.0,0.0,0.0,0.0
72,10-14,new_vaccine,0.0,0.0,0.0,0.0
72,15-19,unvaccinated,0.0,7.0,0.0,0.0
72,15-19,old_vaccine,0.0,0.0,0.0,0.0
72,15-19,new_vaccine,0.0,0.0,0.0,0.0
72,20-24,unvaccinated,0.0,5.0,0.0,0.0
72,20-24,old_vaccine,0.0,0.0,0.0,0.0
72,20-24,new_vaccine,0.0,0.0,0.0,0.0
72,25-29,unvaccinated,1.3333333333333333,6.333333333333333,0.0,0.0
72,25-29,old_vaccine,0.0,0.0,0.0,0.0
72,25-29,new_vaccine,0.0,0.0,0.0,0.0
72,30-34,unvaccinated,0.3333333333333333,6.333333333333333,0.0,0.0
72,30-34,old_vaccine,0.0,0.0,0.0,0.0
72,30-34,new_vaccine,0.0,0.0,0.0,0.0
72,35-39,unvaccinated,0.3333333333333333,5.333333333333333,0.0,0.0
72,35-39,old_vaccine,0.0,0.0,0.0,0.0
72,35-39,new_vaccine,0.0,0.0,0.0,0.0
72,40-44,unvaccinated,0.6666666666666666,5.333333333333333,0.0,0.0
72,40-44,old_vaccine,0.0,0.0,0.0,0.0
72,40-44,new_vaccine,0.0,0.0,0.0,0.0
72,45-49,unvaccinated,1.3333333333333333,5.666666666666667,0.0,0.0
72,45-49,old_vaccine,0.0,0.0,0.0,0.0
72,45-49,new_vaccine,0.0,0.0,0.0,0.0
72,50-54,unvaccinated,1.0,4.333333333333333,0.0,0.0
72,50-54,old_vaccine,0.0,0.0,0.0,0.0
72,50-54,new_vaccine,0.0,0.0,0.0,0.0
72,55-59,unvaccinated,3.6666666666666665,3.3333333333333335,0.0,0.0
72,55-59,old_vaccine,0.0,0.0,0.0,0.0
72,55-59,new_vaccine,0.0,0.0,0.0,0.0
72,60-64,unvaccinated,0.6666666666666666,5.333333333333333,0.0,0.0
72,60-64,old_vaccine,0.0,0.0,0.0,0.0
72,60-64,new_vaccine,0.0,0.0,0.0,0.0
72,65-69,unvaccinated,2.3333333333333335,3.0,0.0,0.0
72,65-69,old_vaccine,0.0,0.0,0.0,0.0
72,65-69,new_vaccine,0.0,0.0,0.0,0.0
72,70-74,unvaccinated,3.3333333333333335,2.3333333333333335,0.6666666666666666,0.0
72,70-74,old_vaccine,0.0,0.0,0.0,0.0
72,70-74,new_vaccine,0.0,0.0,0.0,0.0
72,75+,unvaccinated,3.6666666666666665,3.3333333333333335,1.0,0.0
72,75+,old_vaccine,0.0,0.0,0.0,0.0
72,75+,new_vaccine,0.0,0.0,0.0,0.0
73,0-4,unvaccinated,0.0,5.0,0.0,0.0
73,0-4,old_vaccine,0.0,0.0,0.0,0.0
73,0-4,new_vaccine,0.0,0.0,0.0,0.0
73,5-9,unvaccinated,0.3333333333333333,4.333333333333333,0.0,0.0
73,5-9,old_vaccine,0.0,0.0,0.0,0.0
73,5-9,new_vaccine,0.0,0.0,0.0,0.0
73,10-14,unvaccinated,0.0,6.666666666666667,0.0,0.0
73,10-14,old_vaccine,0.0,0.0,0.0,0.0
73,10-14,new_vaccine,0.0,0.0,0.0,0.0
73,15-19,unvaccinated,0.0,7.0,0.0,0.0
73,15-19,old_vaccine,0.0,0.0,0.0,0.0
73,15-19,new_vaccine,0.0,0.0,0.0,0.0
73,20-24,unvaccinated,0.3333333333333333,6.0,0.0,0.0
73,20-24,old_vaccine,0.0,0.0,0.0,0.0
73,20-24,new_vaccine,0.0,0.0,0.0,0.0
73,25-29,unvaccinated,1.3333333333333333,6.0,0.0,0.0
73,25-29,old_vaccine,0.0,0.0,0.0,0.0
73,25-29,new_vaccine,0.0,0.0,0.0,0.0
73,30-34,unvaccinated,0.6666666666666666,6.333333333333333,0.0,0.0
73,30-34,old_vaccine,0.0,0.0,0.0,0.0
73,30-34,new_vaccine,0.0,0.0,0.0,0.0
73,35-39,unvaccinated,0.0,5.0,0.0,0.0
73,35-39,old_vaccine,0.0,0.0,0.0,0.0
73,35-39,new_vaccine,0.0,0.0,0.0,0.0
73,40-44,unvaccinated,0.6666666666666666,5.333333333333333,0.0,0.0
73,40-44,old_vaccine,0.0,0.0,0.0,0.0
73,40-44,new_vaccine,0.0,0.0,0.0,0.0
73,45-49,unvaccinated,1.3333333333333333,5.666666666666667,0.0,0.0
73,45-49,old_vaccine,0.0,0.0,0.0,0.0
73,45-49,new_vaccine,0.0,0.0,0.0,0.0
73,50-54,unvaccinated,1.0,4.333333333333333,0.0,0.0
73,50-54,old_vaccine,0.0,0.0,0.0,0.0
73,50-54,new_vaccine,0.0,0.0,0.0,0.0
73,55-59,unvaccinated,3.6666666666666665,3.3333333333333335,0.0,0.0
73,55-59,old_vaccine,0.0,0.0,0.0,0.0
73,55-59,new_vaccine,0.0,0.0,0.0,0.0
73,60-64,unvaccinated,0.6666666666666666,5.666666666666667,0.0,0.0
73,60-64,old_vaccine,0.0,0.0,0.0,0.0
73,60-64,new_vaccine,0.0,0.0,0.0,0.0
73,65-69,unvaccinated,2.6666666666666665,3.3333333333333335,0.0,0.0
73,65-69,old_vaccine,0.0,0.0,0.0,0.0
73,65-69,new_vaccine,0.0,0.0,0.0,0.0
73,70-74,unvaccinated,4.0,2.6666666666666665,0.6666666666666666,0.0
73,70-74,old_vaccine,0.0,0.0,0.0,0.0
73,70-74,new_vaccine,0.0,0.0,0.0,0.0
73,75+,unvaccinated,3.6666666666666665,3.3333333333333335,1.0,0.0
73,75+,old_vaccine,0.0,0.0,0.0,0.0
73,75+,new_vaccine,0.0,0.0,0.0,0.0
74,0-4,unvaccinated,0.0,5.333333333333333,0.0,0.0
74,0-4,old_vaccine,0.0,0.0,0.0,0.0
74,0-4,new_vaccine,0.0,0.0,0.0,0.0
74,5-9,unvaccinated,0.3333333333333333,3.3333333333333335,0.0,0.0
74,5-9,old_vaccine,0.0,0.0,0.0,0.0
74,5-9,new_vaccine,0.0,0.0,0.0,0.0
74,10-14,unvaccinated,0.0,7.333333333333333,0.0,0.0
74,10-14,old_vaccine,0.0,0.0,0.0,0.0
74,10-14,new_vaccine,0.0,0.0,0.0,0.0
74,15-19,unvaccinated,0.0,6.666666666666667,0.0,0.0
74,15-19,old_vaccine,0.0,0.0,0.0,0.0
74,15-19,new_vaccine,0.0,0.0,0.0,0.0
74,20-24,unvaccinated,0.3333333333333333,5.666666666666667,0.0,0.0
74,20-24,old_vaccine,0.0,0.0,0.0,0.0
74,20-24,new_vaccine,0.0,0.0,0.0,0.0
74,25-29,unvaccinated,1.0,6.666666666666667,0.0,0.0
74,25-29,old_vaccine,0.0,0.0,0.0,0.0
74,25-29,new_vaccine,0.0,0.0,0.0,0.0
74,30-34,unvaccinated,1.0,6.666666666666667,0.0,0.0
74,30-34,old_vaccine,0.0,0.0,0.0,0.0
74,30-34,new_vaccine,0.0,0.0,0.0,0.0
74,35-39,unvaccinated,0.0,6.0,0.0,0.0
74,35-39,old_vaccine,0.0,0.0,0.0,0.0
74,35-39,new_vaccine,0.0,0.0,0.0,0.0
74,40-44,unvaccinated,0.6666666666666666,5.0,0.0,0.0
74,40-44,old_vaccine,0.0,0.0,0.0,0.0
74,40-44,new_vaccine,0.0,0.0,0.0,0.0
74,45-49,unvaccinated,1.0,5.0,0.0,0.0
74,45-49,old_vaccine,0.0,0.0,0.0,0.0
74,45-49,new_vaccine,0.0,0.0,0.0,0.0
74,50-54,unvaccinated,1.0,4.333333333333333,0.0,0.0
74,50-54,old_vaccine,0.0,0.0,0.0,0.0
74,50-54,new_vaccine,0.0,0.0,0.0,0.0
74,55-59,unvaccinated,3.3333333333333335,4.0,0.0,0.0
74,55-59,old_vaccine,0.0,0.0,0.0,0.0
74,55-59,new_vaccine,0.0,0.0,0.0,0.0
74,60-64,unvaccinated,0.3333333333333333,6.0,0.0,0.0
74,60-64,old_vaccine,0.0,0.0,0.0,0.0
74,60-64,new_vaccine,0.0,0.0,0.0,0.0
74,65-69,unvaccinated,3.0,3.0,0.0,0.0
74,65-69,old_vaccine,0.0,0.0,0.0,0.0
74,65-69,new_vaccine,0.0,0.0,0.0,0.0
74,70-74,unvaccinated,4.0,2.0,0.6666666666666666,0.0
74,70-74,old_vaccine,0.0,0.0,0.0,0.0
74,70-74,new_vaccine,0.0,0.0,0.0,0.0
74,75+,unvaccinated,4.333333333333333,3.0,1.0,0.0
74,75+,old_vaccine,0.0,0.0,0.0,0.0
74,75+,new_vaccine,0.0,0.0,0.0,0.0
75,0-4,unvaccinated,0.0,6.333333333333333,0.0,0.0
75,0-4,old_vaccine,0.0,0.0,0.0,0.0
75,0-4,new_vaccine,0.0,0.0,0.0,0.0
75,5-9,unvaccinated,0.3333333333333333,4.0,0.0,0.0
75,5-9,old_vaccine,0.0,0.0,0.0,0.0
75,5-9,new_vaccine,0.0,0.0,0.0,0.0
75,10-14,unvaccinated,0.0,7.333333333333333,0.0,0.0
75,10-14,old_vaccine,0.0,0.0,0.0,0.0
75,10-14,new_vaccine,0.0,0.0,0.0,0.0
75,15-19,unvaccinated,0.0,6.666666666666667,0.0,0.0
75,15-19,old_vaccine,0.0,0.0,0.0,0.0
75,15-19,new_vaccine,0.0,0.0,0.0,0.0
75,20-24,unvaccinated,0.3333333333333333,5.666666666666667,0.0,0.0
75,20-24,old_vaccine,0.0,0.0,0.0,0.0
75,20-24,new_vaccine,0.0,0.0,0.0,0.0
75,25-29,unvaccinated,1.0,7.666666666666667,0.0,0.0
75,25-29,old_vaccine,0.0,0.0,0.0,0.0
75,25-29,new_vaccine,0.0,0.0,0.0,0.0
75,30-34,unvaccinated,1.0,6.333333333333333,0.0,0.0
75,30-34,old_vaccine,0.0,0.0,0.0,0.0
75,30-34,new_vaccine,0.0,0.0,0.0,0.0
75,35-39,unvaccinated,0.3333333333333333,5.666666666666667,0.0,0.0
75,35-39,old_vaccine,0.0,0.0,0.0,0.0
75,35-39,new_vaccine,0.0,0.0,0.0,0.0
75,40-44,unvaccinated,0.6666666666666666,4.666666666666667,0.0,0.0
75,40-44,old_vaccine,0.0,0.0,0.0,0.0
75,40-44,new_vaccine,0.0,0.0,0.0,0.0
75,45-49,unvaccinated,1.0,5.333333333333333,0.0,0.0
75,45-49,old_vaccine,0.0,0.0,0.0,0.0
75,45-49,new_vaccine,0.0,0.0,0.0,0.0
75,50-54,unvaccinated,1.0,4.0,0.0,0.0
75,50-54,old_vaccine,0.0,0.0,0.0,0.0
75,50-54,new_vaccine,0.0,0.0,0.0,0.0
75,55-59,unvaccinated,3.3333333333333335,4.0,0.0,0.0
75,55-59,old_vaccine,0.0,0.0,0.0,0.0
75,55-59,new_vaccine,0.0,0.0,0.0,0.0
75,60-64,unvaccinated,0.3333333333333333,6.333333333333333,0.0,0.0
75,60-64,old_vaccine,0.0,0.0,0.0,0.0
75,60-64,new_vaccine,0.0,0.0,0.0,0.0
75,65-69,unvaccinated,3.6666666666666665,3.0,0.0,0.0
75,65-69,old_vaccine,0.0,0.0,0.0,0.0
75,65-69,new_vaccine,0.0,0.0,0.0,0.0
75,70-74,unvaccinated,4.0,2.0,0.6666666666666666,0.0
75,70-74,old_vaccine,0.0,0.0,0.0,0.0
75,70-74,new_vaccine,0.0,0.0,0.0,0.0
75,75+,unvaccinated,4.666666666666667,3.0,1.0,0.0
75,75+,old_vaccine,0.0,0.0,0.0,0.0
75,75+,new_vaccine,0.0,0.0,0.0,0.0
76,0-4,unvaccinated,0.0,6.0,0.0,0.0
76,0-4,old_vaccine,0.0,0.0,0.0,0.0
76,0-4,new_vaccine,0.0,0.0,0.0,0.0
76,5-9,unvaccinated,0.0,4.0,0.0,0.0
76,5-9,old_vaccine,0.0,0.0,0.0,0.0
76,5-9,new_vaccine,0.0,0.0,0.0,0.0
76,10-14,unvaccinated,0.0,7.333333333333333,0.0,0.0
76,10-14,old_vaccine,0.0,0.0,0.0,0.0
76,10-14,new_vaccine,0.0,0.0,0.0,0.0
76,15-19,unvaccinated,0.0,7.0,0.0,0.0
76,15-19,old_vaccine,0.0,0.0,0.0,0.0
76,15-19,new_vaccine,0.0,0.0,0.0,0.0
76,20-24,unvaccinated,0.3333333333333333,6.0,0.0,0.0
76,20-24,old_vaccine,0.0,0.0,0.0,0.0
76,20-24,new_vaccine,0.0,0.0,0.0,0.0
76,25-29,unvaccinated,1.0,6.666666666666667,0.0,0.0
76,25-29,old_vaccine,0.0,0.0,0.0,0.0
76,25-29,new_vaccine,0.0,0.0,0.0,0.0
76,30-34,unvaccinated,1.3333333333333333,6.333333333333333,0.0,0.0
76,30-34,old_vaccine,0.0,0.0,0.0,0.0
76,30-34,new_vaccine,0.0,0.0,0.0,0.0
76,35-39,unvaccinated,0.3333333333333333,6.0,0.0,0.0
76,35-39,old_vaccine,0.0,0.0,0.0,0.0
76,35-39,new_vaccine,0.0,0.0,0.0,0.0
76,40-44,unvaccinated,1.0,5.0,0.0,0.0
76,40-44,old_vaccine,0.0,0.0,0.0,0.0
76,40-44,new_vaccine,0.0,0.0,0.0,0.0
76,45-49,unvaccinated,1.0,6.666666666666667,0.0,0.0
76,45-49,old_vaccine,0.0,0.0,0.0,0.0
76,45-49,new_vaccine,0.0,0.0,0.0,0.0
76,50-54,unvaccinated,1.0,3.6666666666666665,0.0,0.0
76,50-54,old_vaccine,0.0,0.0,0.0,0.0
76,50-54,new_vaccine,0.0,0.0,0.0,0.0
76,55-59,unvaccinated,4.0,4.0,0.0,0.0
76,55-59,old_vaccine,0.0,0.0,0.0,0.0
76,55-59,new_vaccine,0.0,0.0,0.0,0.0
76,60-64,unvaccinated,0.3333333333333333,6.333333333333333,0.0,0.0
76,60-64,old_vaccine,0.0,0.0,0.0,0.0
76,60-64,new_vaccine,0.0,0.0,0.0,0.0
76,65-69,unvaccinated,3.6666666666666665,2.3333333333333335,0.0,0.0
76,65-69,old_vaccine,0.0,0.0,0.0,0.0
76,65-69,new_vaccine,0.0,0.0,0.0,0.0
76,70-74,unvaccinated,3.6666666666666665,2.3333333333333335,0.6666666666666666,0.0
76,70-74,old_vaccine,0.0,0.0,0.0,0.0
76,70-74,new_vaccine,0.0,0.0,0.0,0.0
76,75+,unvaccinated,5.333333333333333,2.6666666666666665,1.0,0.0
76,75+,old_vaccine,0.0,0.0,0.0,0.0
76,75+,new_vaccine,0.0,0.0,0.0,0.0
77,0-4,unvaccinated,0.0,4.666666666666667,0.0,0.0
77,0-4,old_vaccine,0.0,0.0,0.0,0.0
77,0-4,new_vaccine,0.0,0.0,0.0,0.0
77,5-9,unvaccinated,0.0,4.333333333333333,0.0,0.0
77,5-9,old_vaccine,0.0,0.0,0.0,0.0
77,5-9,new_vaccine,0.0,0.0,0.0,0.0
77,10-14,unvaccinated,0.0,7.0,0.0,0.0
77,10-14,old_vaccine,0.0,0.0,0.0,0.0
77,10-14,new_vaccine,0.0,0.0,0.0,0.0
77,15-19,unvaccinated,0.0,6.333333333333333,0.0,0.0
77,15-19,old_vaccine,0.0,0.0,0.0,0.0
77,15-19,new_vaccine,0.0,0.0,0.0,0.0
77,20-24,unvaccinated,0.3333333333333333,6.0,0.0,0.0
77,20-24,old_vaccine,0.0,0.0,0.0,0.0
77,20-24,new_vaccine,0.0,0.0,0.0,0.0
77,25-29,unvaccinated,1.0,6.333333333333333,0.0,0.0
77,25-29,old_vaccine,0.0,0.0,0.0,0.0
77,25-29,new_vaccine,0.0,0.0,0.0,0.0
77,30-34,unvaccinated,1.3333333333333333,6.333333333333333,0.0,0.0
77,30-34,old_vaccine,0.0,0.0,0.0,0.0
77,30-34,new_vaccine,0.0,0.0,0.0,0.0
77,35-39,unvaccinated,0.6666666666666666,6.333333333333333,0.0,0.0
77,35-39,old_vaccine,0.0,0.0,0.0,0.0
77,35-39,new_vaccine,0.0,0.0,0.0,0.0
77,40-44,unvaccinated,1.0,5.333333333333333,0.0,0.0
77,40-44,old_vaccine,0.0,0.0,0.0,0.0
77,40-44,new_vaccine,0.0,0.0,0.0,0.0
77,45-49,unvaccinated,1.0,7.0,0.0,0.0
77,45-49,old_vaccine,0.0,0.0,0.0,0.0
77,45-49,new_vaccine,0.0,0.0,0.0,0.0
77,50-54,unvaccinated,0.6666666666666666,4.0,0.0,0.0
77,50-54,old_vaccine,0.0,0.0,0.0,0.0
77,50-54,new_vaccine,0.0,0.0,0.0,0.0
77,55-59,unvaccinated,3.3333333333333335,4.0,0.0,0.0
77,55-59,old_vaccine,0.0,0.0,0.0,0.0
77,55-59,new_vaccine,0.0,0.0,0.0,0.0
77,60-64,unvaccinated,0.6666666666666666,6.333333333333333,0.0,0.0
77,60-64,old_vaccine,0.0,0.0,0.0,0.0
77,60-64,new_vaccine,0.0,0.0,0.0,0.0
77,65-69,unvaccinated,3.6666666666666665,2.6666666666666665,0.0,0.0
77,65-69,old_vaccine,0.0,0.0,0.0,0.0
77,65-69,new_vaccine,0.0,0.0,0.0,0.0
77,70-74,unvaccinated,3.3333333333333335,2.3333333333333335,0.6666666666666666,0.0
77,70-74,old_vaccine,0.0,0.0,0.0,0.0
77,70-74,new_vaccine,0.0,0.0,0.0,0.0
77,75+,unvaccinated,5.333333333333333,3.0,1.0,0.0
77,75+,old_vaccine,0.0,0.0,0.0,0.0
77,75+,new_vaccine,0.0,0.0,0.0,0.0
78,0-4,unvaccinated,0.3333333333333333,4.666666666666667,0.0,0.0
78,0-4,old_vaccine,0.0,0.0,0.0,0.0
78,0-4,new_vaccine,0.0,0.0,0.0,0.0
78,5-9,unvaccinated,0.0,5.0,0.0,0.0
78,5-9,old_vaccine,0.0,0.0,0.0,0.0
78,5-9,new_vaccine,0.0,0.0,0.0,0.0
78,10-14,unvaccinated,0.0,7.0,0.0,0.0
78,10-14,old_vaccine,0.0,0.0,0.0,0.0
78,10-14,new_vaccine,0.0,0.0,0.0,0.0
78,15-19,unvaccinated,0.0,6.0,0.0,0.0
78,15-19,old_vaccine,0.0,0.0,0.0,0.0
78,15-19,new_vaccine,0.0,0.0,0.0,0.0
78,20-24,unvaccinated,0.3333333333333333,6.0,0.0,0.0
78,20-24,old_vaccine,0.0,0.0,0.0,0.0
78,20-24,new_vaccine,0.0,0.0,0.0,0.0
78,25-29,unvaccinated,1.0,6.666666666666667,0.0,0.0
78,25-29,old_vaccine,0.0,0.0,0.0,0.0
78,25-29,new_vaccine,0.0,0.0,0.0,0.0
78,30-34,unvaccinated,1.3333333333333333,7.0,0.0,0.0
78,30-34,old_vaccine,0.0,0.0,0.0,0.0
78,30-34,new_vaccine,0.0,0.0,0.0,0.0
78,35-39,unvaccinated,0.6666666666666666,6.333333333333333,0.0,0.0
78,35-39,old_vaccine,0.0,0.0,0.0,0.0
78,35-39,new_vaccine,0.0,0.0,0.0,0.0
78,40-44,unvaccinated,1.0,5.666666666666667,0.0,0.0
78,40-44,old_vaccine,0.0,0.0,0.0,0.0
78,40-44,new_vaccine,0.0,0.0,0.0,0.0
78,45-49,unvaccinated,1.0,6.333333333333333,0.0,0.0
78,45-49,old_vaccine,0.0,0.0,0.0,0.0
78,45-49,new_vaccine,0.0,0.0,0.0,0.0
78,50-54,unvaccinated,0.6666666666666666,4.333333333333333,0.0,0.0
78,50-54,old_vaccine,0.0,0.0,0.0,0.0
78,50-54,new_vaccine,0.0,0.0,0.0,0.0
78,55-59,unvaccinated,3.3333333333333335,3.6666666666666665,0.0,0.0
78,55-59,old_vaccine,0.0,0.0,0.0,0.0
78,55-59,new_vaccine,0.0,0.0,0.0,0.0
78,60-64,unvaccinated,1.3333333333333333,6.333333333333333,0.0,0.0
78,60-64,old_vaccine,0.0,0.0,0.0,0.0
78,60-64,new_vaccine,0.0,0.0,0.0,0.0
78,65-69,unvaccinated,4.0,2.6666666666666665,0.0,0.0
78,65-69,old_vaccine,0.0,0.0,0.0,0.0
78,65-69,new_vaccine,0.0,0.0,0.0,0.0
78,70-74,unvaccinated,3.3333333333333335,2.3333333333333335,0.6666666666666666,0.0
78,70-74,old_vaccine,0.0,0.0,0.0,0.0
78,70-74,new_vaccine,0.0,0.0,0.0,0.0
78,75+,unvaccinated,5.0,3.0,1.0,0.0
78,75+,old_vaccine,0.0,0.0,0.0,0.0
78,75+,new_vaccine,0.0,0.0,0.0,0.0
79,0-4,unvaccinated,0.3333333333333333,5.333333333333333,0.0,0.0
79,0-4,old_vaccine,0.0,0.0,0.0,0.0
79,0-4,new_vaccine,0.0,0.0,0.0,0.0
79,5-9,unvaccinated,0.0,4.666666666666667,0.0,0.0
79,5-9,old_vaccine,0.0,0.0,0.0,0.0
79,5-9,new_vaccine,0.0,0.0,0.0,0.0
79,10-14,unvaccinated,0.0,6.666666666666667,0.0,0.0
79,10-14,old_vaccine,0.0,0.0,0.0,0.0
79,10-14,new_vaccine,0.0,0.0,0.0,0.0
79,15-19,unvaccinated,0.0,5.666666666666667,0.0,0.0
79,15-19,old_vaccine,0.0,0.0,0.0,0.0
79,15-19,new_vaccine,0.0,0.0,0.0,0.0
79,20-24,unvaccinated,0.3333333333333333,6.0,0.0,0.0
79,20-24,old_vaccine,0.0,0.0,0.0,0.0
79,20-24,new_vaccine,0.0,0.0,0.0,0.0
79,25-29,unvaccinated,1.3333333333333333,6.333333333333333,0.0,0.0
79,25-29,old_vaccine,0.0,0.0,0.0,0.0
79,25-29,new_vaccine,0.0,0.0,0.0,0.0
79,30-34,unvaccinated,1.3333333333333333,7.333333333333333,0.0,0.0
79,30-34,old_vaccine,0.0,0.0,0.0,0.0
79,30-34,new_vaccine,0.0,0.0,0.0,0.0
79,35-39,unvaccinated,0.6666666666666666,6.0,0.0,0.0
79,35-39,old_vaccine,0.0,0.0,0.0,0.0
79,35-39,new_vaccine,0.0,0.0,0.0,0.0
79,40-44,unvaccinated,1.0,5.333333333333333,0.0,0.0
79,40-44,old_vaccine,0.0,0.0,0.0,0.0
79,40-44,new_vaccine,0.0,0.0,0.0,0.0
79,45-49,unvaccinated,1.0,6.666666666666667,0.0,0.0
79,45-49,old_vaccine,0.0,0.0,0.0,0.0
79,45-49,new_vaccine,0.0,0.0,0.0,0.0
79,50-54,unvaccinated,1.0,4.333333333333333,0.0,0.0
79,50-54,old_vaccine,0.0,0.0,0.0,0.0
79,50-54,new_vaccine,0.0,0.0,0.0,0.0
79,55-59,unvaccinated,3.0,4.0,0.0,0.0
79,55-59,old_vaccine,0.0,0.0,0.0,0.0
79,55-59,new_vaccine,0.0,0.0,0.0,0.0
79,60-64,unvaccinated,1.3333333333333333,5.666666666666667,0.0,0.0
79,60-64,old_vaccine,0.0,0.0,0.0,0.0
79,60-64,new_vaccine,0.0,0.0,0.0,0.0
79,65-69,unvaccinated,4.0,3.0,0.0,0.0
79,65-69,old_vaccine,0.0,0.0,0.0,0.0
79,65-69,new_vaccine,0.0,0.0,0.0,0.0
79,70-74,unvaccinated,3.6666666666666665,2.3333333333333335,0.6666666666666666,0.0
79,70-74,old_vaccine,0.0,0.0,0.0,0.0
79,70-74,new_vaccine,0.0,0.0,0.0,0.0
79,75+,unvaccinated,5.333333333333333,3.3333333333333335,1.0,0.0
79,75+,old_vaccine,0.0,0.0,0.0,0.0
79,75+,new_vaccine,0.0,0.0,0.0,0.0
80,0-4,unvaccinated,0.3333333333333333,5.333333333333333,0.0,0.0
80,0-4,old_vaccine,0.0,0.0,0.0,0.0
80,0-4,new_vaccine,0.0,0.0,0.0,0.0
80,5-9,unvaccinated,0.0,4.666666666666667,0.0,0.0
80,5-9,old_vaccine,0.0,0.0,0.0,0.0
80,5-9,new_vaccine,0.0,0.0,0.0,0.0
80,10-14,unvaccinated,0.0,6.666666666666667,0.0,0.0
80,10-14,old_vaccine,0.0,0.0,0.0,0.0
80,10-14,new_vaccine,0.0,0.0,0.0,0.0
80,15-19,unvaccinated,0.0,6.666666666666667,0.0,0.0
80,15-19,old_vaccine,0.0,0.0,0.0,0.0
80,15-19,new_vaccine,0.0,0.0,0.0,0.0
80,20-24,unvaccinated,0.0,5.666666666666667,0.0,0.0
80,20-24,old_vaccine,0.0,0.0,0.0,0.0
80,20-24,new_vaccine,0.0,0.0,0.0,0.0
80,25-29,unvaccinated,1.6666666666666667,5.666666666666667,0.0,0.0
80,25-29,old_vaccine,0.0,0.0,0.0,0.0
80,25-29,new_vaccine,0.0,0.0,0.0,0.0
80,30-34,unvaccinated,1.0,7.0,0.0,0.0
80,30-34,old_vaccine,0.0,0.0,0.0,0.0
80,30-34,new_vaccine,0.0,0.0,0.0,0.0
80,35-39,unvaccinated,0.6666666666666666,6.333333333333333,0.0,0.0
80,35-39,old_vaccine,0.0,0.0,0.0,0.0
80,35-39,new_vaccine,0.0,0.0,0.0,0.0
80,40-44,unvaccinated,1.0,5.666666666666667,0.0,0.0
80,40-44,old_vaccine,0.0,0.0,0.0,0.0
80,40-44,new_vaccine,0.0,0.0,0.0,0.0
80,45-49,unvaccinated,1.0,6.0,0.0,0.0
80,45-49,old_vaccine,0.0,0.0,0.0,0.0
80,45-49,new_vaccine,0.0,0.0,0.0,0.0
80,50-54,unvaccinated,1.3333333333333333,4.0,0.0,0.0
80,50-54,old_vaccine,0.0,0.0,0.0,0.0
80,50-54,new_vaccine,0.0,0.0,0.0,0.0
80,55-59,unvaccinated,3.0,3.3333333333333335,0.0,0.0
80,55-59,old_vaccine,0.0,0.0,0.0,0.0
80,55-59,new_vaccine,0.0,0.0,0.0,0.0
80,60-64,unvaccinated,1.3333333333333333,6.333333333333333,0.0,0.0
80,60-64,old_vaccine,0.0,0.0,0.0,0.0
80,60-64,new_vaccine,0.0,0.0,0.0,0.0
80,65-69,unvaccinated,3.6666666666666665,2.3333333333333335,0.0,0.0
80,65-69,old_vaccine,0.0,0.0,0.0,0.0
80,65-69,new_vaccine,0.0,0.0,0.0,0.0
80,70-74,unvaccinated,3.0,1.6666666666666667,0.6666666666666666,0.0
80,70-74,old_vaccine,0.0,0.0,0.0,0.0
80,70-74,new_vaccine,0.0,0.0,0.0,0.0
80,75+,unvaccinated,4.666666666666667,3.0,1.0,0.0
80,75+,old_vaccine,0.0,0.0,0.0,0.0
80,75+,new_vaccine,0.0,0.0,0.0,0.0
81,0-4,unvaccinated,0.3333333333333333,5.333333333333333,0.0,0.0
81,0-4,old_vaccine,0.0,0.0,0.0,0.0
81,0-4,new_vaccine,0.0,0.0,0.0,0.0
81,5-9,unvaccinated,0.0,5.333333333333333,0.0,0.0
81,5-9,old_vaccine,0.0,0.0,0.0,0.0
81,5-9,new_vaccine,0.0,0.0,0.0,0.0
81,10-14,unvaccinated,0.0,6.666666666666667,0.0,0.0
81,10-14,old_vaccine,0.0,0.0,0.0,0.0
81,10-14,new_vaccine,0.0,0.0,0.0,0.0
81,15-19,unvaccinated,0.3333333333333333,6.333333333333333,0.0,0.0
>>>>>>> da2075794f5d2a03a9b01028d16d640646318095
81,15-19,old_vaccine,0.0,0.0,0.0,0.0
81,15-19,new_vaccine,0.0,0.0,0.0,0.0
81,20-24,unvaccinated,1.1,16.0,0.0,0.0
81,20-24,old_vaccine,0.0,0.0,0.0,0.0
81,20-24,new_vaccine,0.0,0.0,0.0,0.0
<<<<<<< HEAD
81,25-29,unvaccinated,2.0,17.8,0.0,0.0
81,25-29,old_vaccine,0.0,0.0,0.0,0.0
81,25-29,new_vaccine,0.0,0.0,0.0,0.0
81,30-34,unvaccinated,1.2,16.3,0.0,0.0
81,30-34,old_vaccine,0.0,0.0,0.0,0.0
81,30-34,new_vaccine,0.0,0.0,0.0,0.0
81,35-39,unvaccinated,1.2,21.9,0.0,0.0
81,35-39,old_vaccine,0.0,0.0,0.0,0.0
81,35-39,new_vaccine,0.0,0.0,0.0,0.0
81,40-44,unvaccinated,2.0,10.6,0.0,0.0
81,40-44,old_vaccine,0.0,0.0,0.0,0.0
81,40-44,new_vaccine,0.0,0.0,0.0,0.0
81,45-49,unvaccinated,0.2,16.1,0.0,0.0
81,45-49,old_vaccine,0.0,0.0,0.0,0.0
81,45-49,new_vaccine,0.0,0.0,0.0,0.0
81,50-54,unvaccinated,3.5,15.7,0.0,0.0
81,50-54,old_vaccine,0.0,0.0,0.0,0.0
81,50-54,new_vaccine,0.0,0.0,0.0,0.0
81,55-59,unvaccinated,3.5,16.4,0.0,0.0
81,55-59,old_vaccine,0.0,0.0,0.0,0.0
81,55-59,new_vaccine,0.0,0.0,0.0,0.0
81,60-64,unvaccinated,5.1,13.4,0.3,0.0
81,60-64,old_vaccine,0.0,0.0,0.0,0.0
81,60-64,new_vaccine,0.0,0.0,0.0,0.0
81,65-69,unvaccinated,4.7,5.4,0.0,0.0
81,65-69,old_vaccine,0.0,0.0,0.0,0.0
81,65-69,new_vaccine,0.0,0.0,0.0,0.0
81,70-74,unvaccinated,8.2,3.7,0.0,0.0
81,70-74,old_vaccine,0.0,0.0,0.0,0.0
81,70-74,new_vaccine,0.0,0.0,0.0,0.0
81,75+,unvaccinated,13.4,7.7,0.1,0.0
81,75+,old_vaccine,0.0,0.0,0.0,0.0
81,75+,new_vaccine,0.0,0.0,0.0,0.0
82,0-4,unvaccinated,1.7,11.4,0.0,0.0
82,0-4,old_vaccine,0.0,0.0,0.0,0.0
82,0-4,new_vaccine,0.0,0.0,0.0,0.0
82,5-9,unvaccinated,0.1,15.9,0.0,0.0
82,5-9,old_vaccine,0.0,0.0,0.0,0.0
82,5-9,new_vaccine,0.0,0.0,0.0,0.0
82,10-14,unvaccinated,0.4,16.3,0.0,0.0
82,10-14,old_vaccine,0.0,0.0,0.0,0.0
82,10-14,new_vaccine,0.0,0.0,0.0,0.0
82,15-19,unvaccinated,0.1,14.7,0.0,0.0
82,15-19,old_vaccine,0.0,0.0,0.0,0.0
82,15-19,new_vaccine,0.0,0.0,0.0,0.0
82,20-24,unvaccinated,1.2,16.3,0.0,0.0
82,20-24,old_vaccine,0.0,0.0,0.0,0.0
82,20-24,new_vaccine,0.0,0.0,0.0,0.0
82,25-29,unvaccinated,2.1,18.5,0.0,0.0
82,25-29,old_vaccine,0.0,0.0,0.0,0.0
82,25-29,new_vaccine,0.0,0.0,0.0,0.0
82,30-34,unvaccinated,0.9,16.8,0.0,0.0
82,30-34,old_vaccine,0.0,0.0,0.0,0.0
82,30-34,new_vaccine,0.0,0.0,0.0,0.0
82,35-39,unvaccinated,1.2,21.9,0.0,0.0
82,35-39,old_vaccine,0.0,0.0,0.0,0.0
82,35-39,new_vaccine,0.0,0.0,0.0,0.0
82,40-44,unvaccinated,1.9,10.9,0.0,0.0
82,40-44,old_vaccine,0.0,0.0,0.0,0.0
82,40-44,new_vaccine,0.0,0.0,0.0,0.0
82,45-49,unvaccinated,0.5,16.1,0.0,0.0
82,45-49,old_vaccine,0.0,0.0,0.0,0.0
82,45-49,new_vaccine,0.0,0.0,0.0,0.0
82,50-54,unvaccinated,3.7,15.6,0.0,0.0
82,50-54,old_vaccine,0.0,0.0,0.0,0.0
82,50-54,new_vaccine,0.0,0.0,0.0,0.0
82,55-59,unvaccinated,3.4,16.6,0.0,0.0
82,55-59,old_vaccine,0.0,0.0,0.0,0.0
82,55-59,new_vaccine,0.0,0.0,0.0,0.0
82,60-64,unvaccinated,5.0,13.7,0.3,0.0
82,60-64,old_vaccine,0.0,0.0,0.0,0.0
82,60-64,new_vaccine,0.0,0.0,0.0,0.0
82,65-69,unvaccinated,4.7,5.1,0.0,0.0
82,65-69,old_vaccine,0.0,0.0,0.0,0.0
82,65-69,new_vaccine,0.0,0.0,0.0,0.0
82,70-74,unvaccinated,8.2,3.7,0.0,0.0
82,70-74,old_vaccine,0.0,0.0,0.0,0.0
82,70-74,new_vaccine,0.0,0.0,0.0,0.0
82,75+,unvaccinated,13.5,7.6,0.0,0.0
82,75+,old_vaccine,0.0,0.0,0.0,0.0
82,75+,new_vaccine,0.0,0.0,0.0,0.0
83,0-4,unvaccinated,1.8,11.1,0.0,0.0
83,0-4,old_vaccine,0.0,0.0,0.0,0.0
83,0-4,new_vaccine,0.0,0.0,0.0,0.0
83,5-9,unvaccinated,0.1,15.8,0.0,0.0
83,5-9,old_vaccine,0.0,0.0,0.0,0.0
83,5-9,new_vaccine,0.0,0.0,0.0,0.0
83,10-14,unvaccinated,0.4,17.0,0.0,0.0
83,10-14,old_vaccine,0.0,0.0,0.0,0.0
83,10-14,new_vaccine,0.0,0.0,0.0,0.0
83,15-19,unvaccinated,0.1,14.9,0.0,0.0
83,15-19,old_vaccine,0.0,0.0,0.0,0.0
83,15-19,new_vaccine,0.0,0.0,0.0,0.0
83,20-24,unvaccinated,1.2,16.0,0.0,0.0
83,20-24,old_vaccine,0.0,0.0,0.0,0.0
83,20-24,new_vaccine,0.0,0.0,0.0,0.0
83,25-29,unvaccinated,2.1,18.3,0.0,0.0
83,25-29,old_vaccine,0.0,0.0,0.0,0.0
83,25-29,new_vaccine,0.0,0.0,0.0,0.0
83,30-34,unvaccinated,0.9,16.5,0.0,0.0
83,30-34,old_vaccine,0.0,0.0,0.0,0.0
83,30-34,new_vaccine,0.0,0.0,0.0,0.0
83,35-39,unvaccinated,1.3,21.4,0.0,0.0
83,35-39,old_vaccine,0.0,0.0,0.0,0.0
83,35-39,new_vaccine,0.0,0.0,0.0,0.0
83,40-44,unvaccinated,1.9,10.7,0.0,0.0
83,40-44,old_vaccine,0.0,0.0,0.0,0.0
83,40-44,new_vaccine,0.0,0.0,0.0,0.0
83,45-49,unvaccinated,0.5,15.9,0.0,0.0
83,45-49,old_vaccine,0.0,0.0,0.0,0.0
83,45-49,new_vaccine,0.0,0.0,0.0,0.0
83,50-54,unvaccinated,3.6,15.4,0.0,0.0
83,50-54,old_vaccine,0.0,0.0,0.0,0.0
83,50-54,new_vaccine,0.0,0.0,0.0,0.0
83,55-59,unvaccinated,3.2,16.7,0.0,0.0
83,55-59,old_vaccine,0.0,0.0,0.0,0.0
83,55-59,new_vaccine,0.0,0.0,0.0,0.0
83,60-64,unvaccinated,5.0,13.6,0.3,0.0
83,60-64,old_vaccine,0.0,0.0,0.0,0.0
83,60-64,new_vaccine,0.0,0.0,0.0,0.0
83,65-69,unvaccinated,5.0,5.3,0.0,0.0
83,65-69,old_vaccine,0.0,0.0,0.0,0.0
83,65-69,new_vaccine,0.0,0.0,0.0,0.0
83,70-74,unvaccinated,7.9,3.8,0.0,0.0
83,70-74,old_vaccine,0.0,0.0,0.0,0.0
83,70-74,new_vaccine,0.0,0.0,0.0,0.0
83,75+,unvaccinated,13.7,7.6,0.0,0.0
83,75+,old_vaccine,0.0,0.0,0.0,0.0
83,75+,new_vaccine,0.0,0.0,0.0,0.0
84,0-4,unvaccinated,1.7,11.4,0.0,0.0
84,0-4,old_vaccine,0.0,0.0,0.0,0.0
84,0-4,new_vaccine,0.0,0.0,0.0,0.0
84,5-9,unvaccinated,0.1,15.5,0.0,0.0
84,5-9,old_vaccine,0.0,0.0,0.0,0.0
84,5-9,new_vaccine,0.0,0.0,0.0,0.0
84,10-14,unvaccinated,0.3,16.9,0.0,0.0
84,10-14,old_vaccine,0.0,0.0,0.0,0.0
84,10-14,new_vaccine,0.0,0.0,0.0,0.0
84,15-19,unvaccinated,0.1,14.7,0.0,0.0
84,15-19,old_vaccine,0.0,0.0,0.0,0.0
84,15-19,new_vaccine,0.0,0.0,0.0,0.0
84,20-24,unvaccinated,1.2,16.2,0.0,0.0
84,20-24,old_vaccine,0.0,0.0,0.0,0.0
84,20-24,new_vaccine,0.0,0.0,0.0,0.0
84,25-29,unvaccinated,2.4,18.4,0.0,0.0
84,25-29,old_vaccine,0.0,0.0,0.0,0.0
84,25-29,new_vaccine,0.0,0.0,0.0,0.0
84,30-34,unvaccinated,0.8,16.9,0.0,0.0
84,30-34,old_vaccine,0.0,0.0,0.0,0.0
84,30-34,new_vaccine,0.0,0.0,0.0,0.0
84,35-39,unvaccinated,1.2,21.1,0.0,0.0
84,35-39,old_vaccine,0.0,0.0,0.0,0.0
84,35-39,new_vaccine,0.0,0.0,0.0,0.0
84,40-44,unvaccinated,1.9,10.9,0.0,0.0
84,40-44,old_vaccine,0.0,0.0,0.0,0.0
84,40-44,new_vaccine,0.0,0.0,0.0,0.0
84,45-49,unvaccinated,0.5,15.4,0.0,0.0
84,45-49,old_vaccine,0.0,0.0,0.0,0.0
84,45-49,new_vaccine,0.0,0.0,0.0,0.0
84,50-54,unvaccinated,3.7,15.4,0.0,0.0
84,50-54,old_vaccine,0.0,0.0,0.0,0.0
84,50-54,new_vaccine,0.0,0.0,0.0,0.0
84,55-59,unvaccinated,2.9,16.8,0.0,0.0
84,55-59,old_vaccine,0.0,0.0,0.0,0.0
84,55-59,new_vaccine,0.0,0.0,0.0,0.0
84,60-64,unvaccinated,5.0,13.4,0.3,0.0
84,60-64,old_vaccine,0.0,0.0,0.0,0.0
84,60-64,new_vaccine,0.0,0.0,0.0,0.0
84,65-69,unvaccinated,5.0,5.2,0.0,0.0
84,65-69,old_vaccine,0.0,0.0,0.0,0.0
84,65-69,new_vaccine,0.0,0.0,0.0,0.0
84,70-74,unvaccinated,7.7,3.9,0.0,0.0
84,70-74,old_vaccine,0.0,0.0,0.0,0.0
84,70-74,new_vaccine,0.0,0.0,0.0,0.0
84,75+,unvaccinated,13.4,7.8,0.0,0.0
84,75+,old_vaccine,0.0,0.0,0.0,0.0
84,75+,new_vaccine,0.0,0.0,0.0,0.0
85,0-4,unvaccinated,1.7,11.1,0.0,0.0
85,0-4,old_vaccine,0.0,0.0,0.0,0.0
85,0-4,new_vaccine,0.0,0.0,0.0,0.0
85,5-9,unvaccinated,0.1,15.6,0.0,0.0
85,5-9,old_vaccine,0.0,0.0,0.0,0.0
85,5-9,new_vaccine,0.0,0.0,0.0,0.0
85,10-14,unvaccinated,0.3,16.5,0.0,0.0
85,10-14,old_vaccine,0.0,0.0,0.0,0.0
85,10-14,new_vaccine,0.0,0.0,0.0,0.0
85,15-19,unvaccinated,0.1,14.4,0.0,0.0
85,15-19,old_vaccine,0.0,0.0,0.0,0.0
85,15-19,new_vaccine,0.0,0.0,0.0,0.0
85,20-24,unvaccinated,1.2,16.5,0.0,0.0
85,20-24,old_vaccine,0.0,0.0,0.0,0.0
85,20-24,new_vaccine,0.0,0.0,0.0,0.0
85,25-29,unvaccinated,2.4,19.2,0.0,0.0
85,25-29,old_vaccine,0.0,0.0,0.0,0.0
85,25-29,new_vaccine,0.0,0.0,0.0,0.0
85,30-34,unvaccinated,0.8,16.2,0.0,0.0
85,30-34,old_vaccine,0.0,0.0,0.0,0.0
85,30-34,new_vaccine,0.0,0.0,0.0,0.0
85,35-39,unvaccinated,1.3,21.1,0.0,0.0
85,35-39,old_vaccine,0.0,0.0,0.0,0.0
85,35-39,new_vaccine,0.0,0.0,0.0,0.0
85,40-44,unvaccinated,1.9,10.9,0.0,0.0
85,40-44,old_vaccine,0.0,0.0,0.0,0.0
85,40-44,new_vaccine,0.0,0.0,0.0,0.0
85,45-49,unvaccinated,0.5,15.4,0.0,0.0
85,45-49,old_vaccine,0.0,0.0,0.0,0.0
85,45-49,new_vaccine,0.0,0.0,0.0,0.0
85,50-54,unvaccinated,3.6,14.7,0.0,0.0
85,50-54,old_vaccine,0.0,0.0,0.0,0.0
85,50-54,new_vaccine,0.0,0.0,0.0,0.0
85,55-59,unvaccinated,2.9,17.0,0.0,0.0
85,55-59,old_vaccine,0.0,0.0,0.0,0.0
85,55-59,new_vaccine,0.0,0.0,0.0,0.0
85,60-64,unvaccinated,4.8,13.4,0.2,0.0
85,60-64,old_vaccine,0.0,0.0,0.0,0.0
85,60-64,new_vaccine,0.0,0.0,0.0,0.0
85,65-69,unvaccinated,4.8,5.2,0.0,0.0
85,65-69,old_vaccine,0.0,0.0,0.0,0.0
85,65-69,new_vaccine,0.0,0.0,0.0,0.0
85,70-74,unvaccinated,7.6,3.9,0.0,0.0
85,70-74,old_vaccine,0.0,0.0,0.0,0.0
85,70-74,new_vaccine,0.0,0.0,0.0,0.0
85,75+,unvaccinated,13.3,7.8,0.0,0.0
85,75+,old_vaccine,0.0,0.0,0.0,0.0
85,75+,new_vaccine,0.0,0.0,0.0,0.0
86,0-4,unvaccinated,1.6,10.6,0.0,0.0
86,0-4,old_vaccine,0.0,0.0,0.0,0.0
86,0-4,new_vaccine,0.0,0.0,0.0,0.0
86,5-9,unvaccinated,0.1,15.7,0.0,0.0
86,5-9,old_vaccine,0.0,0.0,0.0,0.0
86,5-9,new_vaccine,0.0,0.0,0.0,0.0
86,10-14,unvaccinated,0.4,16.4,0.0,0.0
86,10-14,old_vaccine,0.0,0.0,0.0,0.0
86,10-14,new_vaccine,0.0,0.0,0.0,0.0
86,15-19,unvaccinated,0.1,14.4,0.0,0.0
86,15-19,old_vaccine,0.0,0.0,0.0,0.0
86,15-19,new_vaccine,0.0,0.0,0.0,0.0
86,20-24,unvaccinated,1.2,16.3,0.0,0.0
86,20-24,old_vaccine,0.0,0.0,0.0,0.0
86,20-24,new_vaccine,0.0,0.0,0.0,0.0
86,25-29,unvaccinated,2.4,19.3,0.0,0.0
86,25-29,old_vaccine,0.0,0.0,0.0,0.0
86,25-29,new_vaccine,0.0,0.0,0.0,0.0
86,30-34,unvaccinated,0.9,16.4,0.0,0.0
86,30-34,old_vaccine,0.0,0.0,0.0,0.0
86,30-34,new_vaccine,0.0,0.0,0.0,0.0
86,35-39,unvaccinated,1.3,21.3,0.0,0.0
86,35-39,old_vaccine,0.0,0.0,0.0,0.0
86,35-39,new_vaccine,0.0,0.0,0.0,0.0
86,40-44,unvaccinated,1.9,11.0,0.0,0.0
86,40-44,old_vaccine,0.0,0.0,0.0,0.0
86,40-44,new_vaccine,0.0,0.0,0.0,0.0
86,45-49,unvaccinated,0.4,15.3,0.0,0.0
86,45-49,old_vaccine,0.0,0.0,0.0,0.0
86,45-49,new_vaccine,0.0,0.0,0.0,0.0
86,50-54,unvaccinated,3.6,14.9,0.0,0.0
86,50-54,old_vaccine,0.0,0.0,0.0,0.0
86,50-54,new_vaccine,0.0,0.0,0.0,0.0
86,55-59,unvaccinated,3.1,16.3,0.0,0.0
86,55-59,old_vaccine,0.0,0.0,0.0,0.0
86,55-59,new_vaccine,0.0,0.0,0.0,0.0
86,60-64,unvaccinated,4.8,13.3,0.2,0.0
86,60-64,old_vaccine,0.0,0.0,0.0,0.0
86,60-64,new_vaccine,0.0,0.0,0.0,0.0
86,65-69,unvaccinated,4.8,5.2,0.0,0.0
86,65-69,old_vaccine,0.0,0.0,0.0,0.0
86,65-69,new_vaccine,0.0,0.0,0.0,0.0
86,70-74,unvaccinated,7.5,4.0,0.0,0.0
86,70-74,old_vaccine,0.0,0.0,0.0,0.0
86,70-74,new_vaccine,0.0,0.0,0.0,0.0
86,75+,unvaccinated,13.4,7.7,0.0,0.0
86,75+,old_vaccine,0.0,0.0,0.0,0.0
86,75+,new_vaccine,0.0,0.0,0.0,0.0
87,0-4,unvaccinated,1.5,10.5,0.0,0.0
87,0-4,old_vaccine,0.0,0.0,0.0,0.0
87,0-4,new_vaccine,0.0,0.0,0.0,0.0
87,5-9,unvaccinated,0.1,15.7,0.0,0.0
87,5-9,old_vaccine,0.0,0.0,0.0,0.0
87,5-9,new_vaccine,0.0,0.0,0.0,0.0
87,10-14,unvaccinated,0.4,16.1,0.0,0.0
87,10-14,old_vaccine,0.0,0.0,0.0,0.0
87,10-14,new_vaccine,0.0,0.0,0.0,0.0
87,15-19,unvaccinated,0.1,14.5,0.0,0.0
87,15-19,old_vaccine,0.0,0.0,0.0,0.0
87,15-19,new_vaccine,0.0,0.0,0.0,0.0
87,20-24,unvaccinated,1.2,16.7,0.0,0.0
87,20-24,old_vaccine,0.0,0.0,0.0,0.0
87,20-24,new_vaccine,0.0,0.0,0.0,0.0
87,25-29,unvaccinated,2.2,19.6,0.0,0.0
87,25-29,old_vaccine,0.0,0.0,0.0,0.0
87,25-29,new_vaccine,0.0,0.0,0.0,0.0
87,30-34,unvaccinated,1.1,16.2,0.0,0.0
87,30-34,old_vaccine,0.0,0.0,0.0,0.0
87,30-34,new_vaccine,0.0,0.0,0.0,0.0
87,35-39,unvaccinated,1.3,21.8,0.0,0.0
87,35-39,old_vaccine,0.0,0.0,0.0,0.0
87,35-39,new_vaccine,0.0,0.0,0.0,0.0
87,40-44,unvaccinated,1.8,11.2,0.0,0.0
87,40-44,old_vaccine,0.0,0.0,0.0,0.0
87,40-44,new_vaccine,0.0,0.0,0.0,0.0
87,45-49,unvaccinated,0.3,15.6,0.0,0.0
87,45-49,old_vaccine,0.0,0.0,0.0,0.0
87,45-49,new_vaccine,0.0,0.0,0.0,0.0
87,50-54,unvaccinated,3.7,14.7,0.0,0.0
87,50-54,old_vaccine,0.0,0.0,0.0,0.0
87,50-54,new_vaccine,0.0,0.0,0.0,0.0
87,55-59,unvaccinated,3.2,16.5,0.0,0.0
87,55-59,old_vaccine,0.0,0.0,0.0,0.0
87,55-59,new_vaccine,0.0,0.0,0.0,0.0
87,60-64,unvaccinated,4.7,13.0,0.1,0.0
87,60-64,old_vaccine,0.0,0.0,0.0,0.0
87,60-64,new_vaccine,0.0,0.0,0.0,0.0
87,65-69,unvaccinated,5.0,5.2,0.0,0.0
87,65-69,old_vaccine,0.0,0.0,0.0,0.0
87,65-69,new_vaccine,0.0,0.0,0.0,0.0
87,70-74,unvaccinated,7.6,4.1,0.0,0.0
87,70-74,old_vaccine,0.0,0.0,0.0,0.0
87,70-74,new_vaccine,0.0,0.0,0.0,0.0
87,75+,unvaccinated,13.5,7.6,0.0,0.0
87,75+,old_vaccine,0.0,0.0,0.0,0.0
87,75+,new_vaccine,0.0,0.0,0.0,0.0
88,0-4,unvaccinated,1.6,10.9,0.0,0.0
88,0-4,old_vaccine,0.0,0.0,0.0,0.0
88,0-4,new_vaccine,0.0,0.0,0.0,0.0
88,5-9,unvaccinated,0.2,15.3,0.0,0.0
88,5-9,old_vaccine,0.0,0.0,0.0,0.0
88,5-9,new_vaccine,0.0,0.0,0.0,0.0
88,10-14,unvaccinated,0.4,16.1,0.0,0.0
88,10-14,old_vaccine,0.0,0.0,0.0,0.0
88,10-14,new_vaccine,0.0,0.0,0.0,0.0
88,15-19,unvaccinated,0.1,14.1,0.0,0.0
88,15-19,old_vaccine,0.0,0.0,0.0,0.0
88,15-19,new_vaccine,0.0,0.0,0.0,0.0
88,20-24,unvaccinated,0.9,16.6,0.0,0.0
88,20-24,old_vaccine,0.0,0.0,0.0,0.0
88,20-24,new_vaccine,0.0,0.0,0.0,0.0
88,25-29,unvaccinated,2.2,19.4,0.0,0.0
88,25-29,old_vaccine,0.0,0.0,0.0,0.0
88,25-29,new_vaccine,0.0,0.0,0.0,0.0
88,30-34,unvaccinated,1.1,15.9,0.0,0.0
88,30-34,old_vaccine,0.0,0.0,0.0,0.0
88,30-34,new_vaccine,0.0,0.0,0.0,0.0
88,35-39,unvaccinated,1.4,21.7,0.0,0.0
88,35-39,old_vaccine,0.0,0.0,0.0,0.0
88,35-39,new_vaccine,0.0,0.0,0.0,0.0
88,40-44,unvaccinated,1.8,11.1,0.0,0.0
88,40-44,old_vaccine,0.0,0.0,0.0,0.0
88,40-44,new_vaccine,0.0,0.0,0.0,0.0
88,45-49,unvaccinated,0.3,15.6,0.0,0.0
88,45-49,old_vaccine,0.0,0.0,0.0,0.0
88,45-49,new_vaccine,0.0,0.0,0.0,0.0
88,50-54,unvaccinated,3.7,15.1,0.0,0.0
88,50-54,old_vaccine,0.0,0.0,0.0,0.0
88,50-54,new_vaccine,0.0,0.0,0.0,0.0
88,55-59,unvaccinated,3.0,16.8,0.0,0.0
88,55-59,old_vaccine,0.0,0.0,0.0,0.0
88,55-59,new_vaccine,0.0,0.0,0.0,0.0
88,60-64,unvaccinated,4.8,12.8,0.1,0.0
88,60-64,old_vaccine,0.0,0.0,0.0,0.0
88,60-64,new_vaccine,0.0,0.0,0.0,0.0
88,65-69,unvaccinated,5.2,5.3,0.0,0.0
88,65-69,old_vaccine,0.0,0.0,0.0,0.0
88,65-69,new_vaccine,0.0,0.0,0.0,0.0
88,70-74,unvaccinated,7.9,4.2,0.0,0.0
88,70-74,old_vaccine,0.0,0.0,0.0,0.0
88,70-74,new_vaccine,0.0,0.0,0.0,0.0
88,75+,unvaccinated,13.6,7.5,0.1,0.0
88,75+,old_vaccine,0.0,0.0,0.0,0.0
88,75+,new_vaccine,0.0,0.0,0.0,0.0
89,0-4,unvaccinated,1.5,11.0,0.0,0.0
89,0-4,old_vaccine,0.0,0.0,0.0,0.0
89,0-4,new_vaccine,0.0,0.0,0.0,0.0
89,5-9,unvaccinated,0.2,15.0,0.0,0.0
89,5-9,old_vaccine,0.0,0.0,0.0,0.0
89,5-9,new_vaccine,0.0,0.0,0.0,0.0
89,10-14,unvaccinated,0.4,16.0,0.0,0.0
89,10-14,old_vaccine,0.0,0.0,0.0,0.0
89,10-14,new_vaccine,0.0,0.0,0.0,0.0
89,15-19,unvaccinated,0.0,14.0,0.0,0.0
89,15-19,old_vaccine,0.0,0.0,0.0,0.0
89,15-19,new_vaccine,0.0,0.0,0.0,0.0
89,20-24,unvaccinated,1.0,16.7,0.0,0.0
89,20-24,old_vaccine,0.0,0.0,0.0,0.0
89,20-24,new_vaccine,0.0,0.0,0.0,0.0
89,25-29,unvaccinated,2.2,19.3,0.0,0.0
89,25-29,old_vaccine,0.0,0.0,0.0,0.0
89,25-29,new_vaccine,0.0,0.0,0.0,0.0
89,30-34,unvaccinated,1.1,16.1,0.0,0.0
89,30-34,old_vaccine,0.0,0.0,0.0,0.0
89,30-34,new_vaccine,0.0,0.0,0.0,0.0
89,35-39,unvaccinated,1.3,22.1,0.0,0.0
89,35-39,old_vaccine,0.0,0.0,0.0,0.0
89,35-39,new_vaccine,0.0,0.0,0.0,0.0
89,40-44,unvaccinated,1.8,11.2,0.0,0.0
89,40-44,old_vaccine,0.0,0.0,0.0,0.0
89,40-44,new_vaccine,0.0,0.0,0.0,0.0
89,45-49,unvaccinated,0.2,15.5,0.0,0.0
89,45-49,old_vaccine,0.0,0.0,0.0,0.0
89,45-49,new_vaccine,0.0,0.0,0.0,0.0
89,50-54,unvaccinated,3.7,15.3,0.0,0.0
89,50-54,old_vaccine,0.0,0.0,0.0,0.0
89,50-54,new_vaccine,0.0,0.0,0.0,0.0
89,55-59,unvaccinated,3.1,16.4,0.0,0.0
89,55-59,old_vaccine,0.0,0.0,0.0,0.0
89,55-59,new_vaccine,0.0,0.0,0.0,0.0
89,60-64,unvaccinated,4.9,12.5,0.1,0.0
89,60-64,old_vaccine,0.0,0.0,0.0,0.0
89,60-64,new_vaccine,0.0,0.0,0.0,0.0
89,65-69,unvaccinated,5.1,5.0,0.0,0.0
89,65-69,old_vaccine,0.0,0.0,0.0,0.0
89,65-69,new_vaccine,0.0,0.0,0.0,0.0
89,70-74,unvaccinated,8.0,4.4,0.0,0.0
89,70-74,old_vaccine,0.0,0.0,0.0,0.0
89,70-74,new_vaccine,0.0,0.0,0.0,0.0
89,75+,unvaccinated,13.3,7.6,0.1,0.0
89,75+,old_vaccine,0.0,0.0,0.0,0.0
89,75+,new_vaccine,0.0,0.0,0.0,0.0
90,0-4,unvaccinated,1.5,11.5,0.0,0.0
90,0-4,old_vaccine,0.0,0.0,0.0,0.0
90,0-4,new_vaccine,0.0,0.0,0.0,0.0
90,5-9,unvaccinated,0.2,15.1,0.0,0.0
90,5-9,old_vaccine,0.0,0.0,0.0,0.0
90,5-9,new_vaccine,0.0,0.0,0.0,0.0
90,10-14,unvaccinated,0.5,15.7,0.0,0.0
90,10-14,old_vaccine,0.0,0.0,0.0,0.0
90,10-14,new_vaccine,0.0,0.0,0.0,0.0
90,15-19,unvaccinated,0.0,14.2,0.0,0.0
90,15-19,old_vaccine,0.0,0.0,0.0,0.0
90,15-19,new_vaccine,0.0,0.0,0.0,0.0
90,20-24,unvaccinated,1.0,16.6,0.0,0.0
90,20-24,old_vaccine,0.0,0.0,0.0,0.0
90,20-24,new_vaccine,0.0,0.0,0.0,0.0
90,25-29,unvaccinated,2.2,18.8,0.0,0.0
90,25-29,old_vaccine,0.0,0.0,0.0,0.0
90,25-29,new_vaccine,0.0,0.0,0.0,0.0
90,30-34,unvaccinated,1.1,16.0,0.0,0.0
90,30-34,old_vaccine,0.0,0.0,0.0,0.0
90,30-34,new_vaccine,0.0,0.0,0.0,0.0
90,35-39,unvaccinated,1.2,21.8,0.0,0.0
90,35-39,old_vaccine,0.0,0.0,0.0,0.0
90,35-39,new_vaccine,0.0,0.0,0.0,0.0
90,40-44,unvaccinated,1.8,10.9,0.0,0.0
90,40-44,old_vaccine,0.0,0.0,0.0,0.0
90,40-44,new_vaccine,0.0,0.0,0.0,0.0
90,45-49,unvaccinated,0.3,15.4,0.0,0.0
90,45-49,old_vaccine,0.0,0.0,0.0,0.0
90,45-49,new_vaccine,0.0,0.0,0.0,0.0
90,50-54,unvaccinated,3.5,15.2,0.0,0.0
90,50-54,old_vaccine,0.0,0.0,0.0,0.0
90,50-54,new_vaccine,0.0,0.0,0.0,0.0
90,55-59,unvaccinated,3.2,16.8,0.0,0.0
90,55-59,old_vaccine,0.0,0.0,0.0,0.0
90,55-59,new_vaccine,0.0,0.0,0.0,0.0
90,60-64,unvaccinated,4.7,12.8,0.1,0.0
90,60-64,old_vaccine,0.0,0.0,0.0,0.0
90,60-64,new_vaccine,0.0,0.0,0.0,0.0
90,65-69,unvaccinated,4.7,5.4,0.0,0.0
90,65-69,old_vaccine,0.0,0.0,0.0,0.0
90,65-69,new_vaccine,0.0,0.0,0.0,0.0
90,70-74,unvaccinated,7.9,4.3,0.0,0.0
90,70-74,old_vaccine,0.0,0.0,0.0,0.0
90,70-74,new_vaccine,0.0,0.0,0.0,0.0
90,75+,unvaccinated,13.1,7.7,0.1,0.0
90,75+,old_vaccine,0.0,0.0,0.0,0.0
90,75+,new_vaccine,0.0,0.0,0.0,0.0
91,0-4,unvaccinated,1.5,12.1,0.0,0.0
=======
81,25-29,unvaccinated,1.6666666666666667,5.666666666666667,0.0,0.0
81,25-29,old_vaccine,0.0,0.0,0.0,0.0
81,25-29,new_vaccine,0.0,0.0,0.0,0.0
81,30-34,unvaccinated,1.0,7.333333333333333,0.0,0.0
81,30-34,old_vaccine,0.0,0.0,0.0,0.0
81,30-34,new_vaccine,0.0,0.0,0.0,0.0
81,35-39,unvaccinated,0.3333333333333333,6.0,0.0,0.0
81,35-39,old_vaccine,0.0,0.0,0.0,0.0
81,35-39,new_vaccine,0.0,0.0,0.0,0.0
81,40-44,unvaccinated,1.0,6.0,0.0,0.0
81,40-44,old_vaccine,0.0,0.0,0.0,0.0
81,40-44,new_vaccine,0.0,0.0,0.0,0.0
81,45-49,unvaccinated,1.0,6.0,0.0,0.0
81,45-49,old_vaccine,0.0,0.0,0.0,0.0
81,45-49,new_vaccine,0.0,0.0,0.0,0.0
81,50-54,unvaccinated,1.3333333333333333,3.6666666666666665,0.0,0.0
81,50-54,old_vaccine,0.0,0.0,0.0,0.0
81,50-54,new_vaccine,0.0,0.0,0.0,0.0
81,55-59,unvaccinated,3.0,3.3333333333333335,0.0,0.0
81,55-59,old_vaccine,0.0,0.0,0.0,0.0
81,55-59,new_vaccine,0.0,0.0,0.0,0.0
81,60-64,unvaccinated,1.3333333333333333,6.666666666666667,0.0,0.0
81,60-64,old_vaccine,0.0,0.0,0.0,0.0
81,60-64,new_vaccine,0.0,0.0,0.0,0.0
81,65-69,unvaccinated,3.6666666666666665,2.3333333333333335,0.0,0.0
81,65-69,old_vaccine,0.0,0.0,0.0,0.0
81,65-69,new_vaccine,0.0,0.0,0.0,0.0
81,70-74,unvaccinated,3.0,1.6666666666666667,0.6666666666666666,0.0
81,70-74,old_vaccine,0.0,0.0,0.0,0.0
81,70-74,new_vaccine,0.0,0.0,0.0,0.0
81,75+,unvaccinated,5.0,3.3333333333333335,1.0,0.0
81,75+,old_vaccine,0.0,0.0,0.0,0.0
81,75+,new_vaccine,0.0,0.0,0.0,0.0
82,0-4,unvaccinated,0.3333333333333333,4.666666666666667,0.0,0.0
82,0-4,old_vaccine,0.0,0.0,0.0,0.0
82,0-4,new_vaccine,0.0,0.0,0.0,0.0
82,5-9,unvaccinated,0.0,5.333333333333333,0.0,0.0
82,5-9,old_vaccine,0.0,0.0,0.0,0.0
82,5-9,new_vaccine,0.0,0.0,0.0,0.0
82,10-14,unvaccinated,0.0,7.0,0.0,0.0
82,10-14,old_vaccine,0.0,0.0,0.0,0.0
82,10-14,new_vaccine,0.0,0.0,0.0,0.0
82,15-19,unvaccinated,0.3333333333333333,6.666666666666667,0.0,0.0
82,15-19,old_vaccine,0.0,0.0,0.0,0.0
82,15-19,new_vaccine,0.0,0.0,0.0,0.0
82,20-24,unvaccinated,0.3333333333333333,4.333333333333333,0.0,0.0
82,20-24,old_vaccine,0.0,0.0,0.0,0.0
82,20-24,new_vaccine,0.0,0.0,0.0,0.0
82,25-29,unvaccinated,1.6666666666666667,6.0,0.0,0.0
82,25-29,old_vaccine,0.0,0.0,0.0,0.0
82,25-29,new_vaccine,0.0,0.0,0.0,0.0
82,30-34,unvaccinated,0.3333333333333333,7.666666666666667,0.0,0.0
82,30-34,old_vaccine,0.0,0.0,0.0,0.0
82,30-34,new_vaccine,0.0,0.0,0.0,0.0
82,35-39,unvaccinated,0.6666666666666666,6.0,0.0,0.0
82,35-39,old_vaccine,0.0,0.0,0.0,0.0
82,35-39,new_vaccine,0.0,0.0,0.0,0.0
82,40-44,unvaccinated,0.6666666666666666,5.0,0.0,0.0
82,40-44,old_vaccine,0.0,0.0,0.0,0.0
82,40-44,new_vaccine,0.0,0.0,0.0,0.0
82,45-49,unvaccinated,1.0,5.333333333333333,0.0,0.0
82,45-49,old_vaccine,0.0,0.0,0.0,0.0
82,45-49,new_vaccine,0.0,0.0,0.0,0.0
82,50-54,unvaccinated,1.3333333333333333,4.333333333333333,0.0,0.0
82,50-54,old_vaccine,0.0,0.0,0.0,0.0
82,50-54,new_vaccine,0.0,0.0,0.0,0.0
82,55-59,unvaccinated,3.0,4.0,0.0,0.0
82,55-59,old_vaccine,0.0,0.0,0.0,0.0
82,55-59,new_vaccine,0.0,0.0,0.0,0.0
82,60-64,unvaccinated,1.0,5.333333333333333,0.0,0.0
82,60-64,old_vaccine,0.0,0.0,0.0,0.0
82,60-64,new_vaccine,0.0,0.0,0.0,0.0
82,65-69,unvaccinated,3.0,2.0,0.0,0.0
82,65-69,old_vaccine,0.0,0.0,0.0,0.0
82,65-69,new_vaccine,0.0,0.0,0.0,0.0
82,70-74,unvaccinated,3.6666666666666665,2.0,0.6666666666666666,0.0
82,70-74,old_vaccine,0.0,0.0,0.0,0.0
82,70-74,new_vaccine,0.0,0.0,0.0,0.0
82,75+,unvaccinated,4.666666666666667,3.6666666666666665,1.0,0.0
82,75+,old_vaccine,0.0,0.0,0.0,0.0
82,75+,new_vaccine,0.0,0.0,0.0,0.0
83,0-4,unvaccinated,0.3333333333333333,5.0,0.0,0.0
83,0-4,old_vaccine,0.0,0.0,0.0,0.0
83,0-4,new_vaccine,0.0,0.0,0.0,0.0
83,5-9,unvaccinated,0.0,5.0,0.0,0.0
83,5-9,old_vaccine,0.0,0.0,0.0,0.0
83,5-9,new_vaccine,0.0,0.0,0.0,0.0
83,10-14,unvaccinated,0.0,7.333333333333333,0.0,0.0
83,10-14,old_vaccine,0.0,0.0,0.0,0.0
83,10-14,new_vaccine,0.0,0.0,0.0,0.0
83,15-19,unvaccinated,0.3333333333333333,7.0,0.0,0.0
83,15-19,old_vaccine,0.0,0.0,0.0,0.0
83,15-19,new_vaccine,0.0,0.0,0.0,0.0
83,20-24,unvaccinated,0.3333333333333333,4.666666666666667,0.0,0.0
83,20-24,old_vaccine,0.0,0.0,0.0,0.0
83,20-24,new_vaccine,0.0,0.0,0.0,0.0
83,25-29,unvaccinated,1.6666666666666667,6.0,0.0,0.0
83,25-29,old_vaccine,0.0,0.0,0.0,0.0
83,25-29,new_vaccine,0.0,0.0,0.0,0.0
83,30-34,unvaccinated,0.3333333333333333,7.333333333333333,0.0,0.0
83,30-34,old_vaccine,0.0,0.0,0.0,0.0
83,30-34,new_vaccine,0.0,0.0,0.0,0.0
83,35-39,unvaccinated,0.6666666666666666,5.666666666666667,0.0,0.0
83,35-39,old_vaccine,0.0,0.0,0.0,0.0
83,35-39,new_vaccine,0.0,0.0,0.0,0.0
83,40-44,unvaccinated,0.6666666666666666,5.333333333333333,0.0,0.0
83,40-44,old_vaccine,0.0,0.0,0.0,0.0
83,40-44,new_vaccine,0.0,0.0,0.0,0.0
83,45-49,unvaccinated,1.0,5.0,0.0,0.0
83,45-49,old_vaccine,0.0,0.0,0.0,0.0
83,45-49,new_vaccine,0.0,0.0,0.0,0.0
83,50-54,unvaccinated,1.3333333333333333,4.0,0.0,0.0
83,50-54,old_vaccine,0.0,0.0,0.0,0.0
83,50-54,new_vaccine,0.0,0.0,0.0,0.0
83,55-59,unvaccinated,3.0,4.0,0.0,0.0
83,55-59,old_vaccine,0.0,0.0,0.0,0.0
83,55-59,new_vaccine,0.0,0.0,0.0,0.0
83,60-64,unvaccinated,1.0,5.333333333333333,0.0,0.0
83,60-64,old_vaccine,0.0,0.0,0.0,0.0
83,60-64,new_vaccine,0.0,0.0,0.0,0.0
83,65-69,unvaccinated,3.0,2.3333333333333335,0.0,0.0
83,65-69,old_vaccine,0.0,0.0,0.0,0.0
83,65-69,new_vaccine,0.0,0.0,0.0,0.0
83,70-74,unvaccinated,4.0,1.6666666666666667,0.6666666666666666,0.0
83,70-74,old_vaccine,0.0,0.0,0.0,0.0
83,70-74,new_vaccine,0.0,0.0,0.0,0.0
83,75+,unvaccinated,3.6666666666666665,3.3333333333333335,1.0,0.0
83,75+,old_vaccine,0.0,0.0,0.0,0.0
83,75+,new_vaccine,0.0,0.0,0.0,0.0
84,0-4,unvaccinated,0.0,4.0,0.0,0.0
84,0-4,old_vaccine,0.0,0.0,0.0,0.0
84,0-4,new_vaccine,0.0,0.0,0.0,0.0
84,5-9,unvaccinated,0.0,5.0,0.0,0.0
84,5-9,old_vaccine,0.0,0.0,0.0,0.0
84,5-9,new_vaccine,0.0,0.0,0.0,0.0
84,10-14,unvaccinated,0.0,8.0,0.0,0.0
84,10-14,old_vaccine,0.0,0.0,0.0,0.0
84,10-14,new_vaccine,0.0,0.0,0.0,0.0
84,15-19,unvaccinated,0.3333333333333333,6.333333333333333,0.0,0.0
84,15-19,old_vaccine,0.0,0.0,0.0,0.0
84,15-19,new_vaccine,0.0,0.0,0.0,0.0
84,20-24,unvaccinated,0.3333333333333333,4.666666666666667,0.0,0.0
84,20-24,old_vaccine,0.0,0.0,0.0,0.0
84,20-24,new_vaccine,0.0,0.0,0.0,0.0
84,25-29,unvaccinated,1.6666666666666667,6.333333333333333,0.0,0.0
84,25-29,old_vaccine,0.0,0.0,0.0,0.0
84,25-29,new_vaccine,0.0,0.0,0.0,0.0
84,30-34,unvaccinated,0.0,7.0,0.0,0.0
84,30-34,old_vaccine,0.0,0.0,0.0,0.0
84,30-34,new_vaccine,0.0,0.0,0.0,0.0
84,35-39,unvaccinated,0.6666666666666666,5.666666666666667,0.0,0.0
84,35-39,old_vaccine,0.0,0.0,0.0,0.0
84,35-39,new_vaccine,0.0,0.0,0.0,0.0
84,40-44,unvaccinated,1.0,5.0,0.0,0.0
84,40-44,old_vaccine,0.0,0.0,0.0,0.0
84,40-44,new_vaccine,0.0,0.0,0.0,0.0
84,45-49,unvaccinated,1.6666666666666667,4.666666666666667,0.0,0.0
84,45-49,old_vaccine,0.0,0.0,0.0,0.0
84,45-49,new_vaccine,0.0,0.0,0.0,0.0
84,50-54,unvaccinated,1.0,3.6666666666666665,0.0,0.0
84,50-54,old_vaccine,0.0,0.0,0.0,0.0
84,50-54,new_vaccine,0.0,0.0,0.0,0.0
84,55-59,unvaccinated,3.0,4.0,0.0,0.0
84,55-59,old_vaccine,0.0,0.0,0.0,0.0
84,55-59,new_vaccine,0.0,0.0,0.0,0.0
84,60-64,unvaccinated,1.6666666666666667,5.0,0.0,0.0
84,60-64,old_vaccine,0.0,0.0,0.0,0.0
84,60-64,new_vaccine,0.0,0.0,0.0,0.0
84,65-69,unvaccinated,3.3333333333333335,2.0,0.0,0.0
84,65-69,old_vaccine,0.0,0.0,0.0,0.0
84,65-69,new_vaccine,0.0,0.0,0.0,0.0
84,70-74,unvaccinated,3.6666666666666665,2.0,0.6666666666666666,0.0
84,70-74,old_vaccine,0.0,0.0,0.0,0.0
84,70-74,new_vaccine,0.0,0.0,0.0,0.0
84,75+,unvaccinated,3.0,3.3333333333333335,1.0,0.0
84,75+,old_vaccine,0.0,0.0,0.0,0.0
84,75+,new_vaccine,0.0,0.0,0.0,0.0
85,0-4,unvaccinated,0.0,5.333333333333333,0.0,0.0
85,0-4,old_vaccine,0.0,0.0,0.0,0.0
85,0-4,new_vaccine,0.0,0.0,0.0,0.0
85,5-9,unvaccinated,0.0,4.666666666666667,0.0,0.0
85,5-9,old_vaccine,0.0,0.0,0.0,0.0
85,5-9,new_vaccine,0.0,0.0,0.0,0.0
85,10-14,unvaccinated,0.0,8.333333333333334,0.0,0.0
85,10-14,old_vaccine,0.0,0.0,0.0,0.0
85,10-14,new_vaccine,0.0,0.0,0.0,0.0
85,15-19,unvaccinated,0.3333333333333333,6.666666666666667,0.0,0.0
85,15-19,old_vaccine,0.0,0.0,0.0,0.0
85,15-19,new_vaccine,0.0,0.0,0.0,0.0
85,20-24,unvaccinated,0.3333333333333333,4.333333333333333,0.0,0.0
85,20-24,old_vaccine,0.0,0.0,0.0,0.0
85,20-24,new_vaccine,0.0,0.0,0.0,0.0
85,25-29,unvaccinated,1.6666666666666667,6.0,0.0,0.0
85,25-29,old_vaccine,0.0,0.0,0.0,0.0
85,25-29,new_vaccine,0.0,0.0,0.0,0.0
85,30-34,unvaccinated,0.0,6.666666666666667,0.0,0.0
85,30-34,old_vaccine,0.0,0.0,0.0,0.0
85,30-34,new_vaccine,0.0,0.0,0.0,0.0
85,35-39,unvaccinated,0.3333333333333333,5.0,0.0,0.0
85,35-39,old_vaccine,0.0,0.0,0.0,0.0
85,35-39,new_vaccine,0.0,0.0,0.0,0.0
85,40-44,unvaccinated,1.0,5.0,0.0,0.0
85,40-44,old_vaccine,0.0,0.0,0.0,0.0
85,40-44,new_vaccine,0.0,0.0,0.0,0.0
85,45-49,unvaccinated,1.6666666666666667,5.333333333333333,0.0,0.0
85,45-49,old_vaccine,0.0,0.0,0.0,0.0
85,45-49,new_vaccine,0.0,0.0,0.0,0.0
85,50-54,unvaccinated,1.3333333333333333,4.333333333333333,0.0,0.0
85,50-54,old_vaccine,0.0,0.0,0.0,0.0
85,50-54,new_vaccine,0.0,0.0,0.0,0.0
85,55-59,unvaccinated,3.0,3.6666666666666665,0.0,0.0
85,55-59,old_vaccine,0.0,0.0,0.0,0.0
85,55-59,new_vaccine,0.0,0.0,0.0,0.0
85,60-64,unvaccinated,1.3333333333333333,5.0,0.0,0.0
85,60-64,old_vaccine,0.0,0.0,0.0,0.0
85,60-64,new_vaccine,0.0,0.0,0.0,0.0
85,65-69,unvaccinated,3.0,2.0,0.0,0.0
85,65-69,old_vaccine,0.0,0.0,0.0,0.0
85,65-69,new_vaccine,0.0,0.0,0.0,0.0
85,70-74,unvaccinated,4.0,2.3333333333333335,0.6666666666666666,0.0
85,70-74,old_vaccine,0.0,0.0,0.0,0.0
85,70-74,new_vaccine,0.0,0.0,0.0,0.0
85,75+,unvaccinated,2.3333333333333335,4.0,1.0,0.0
85,75+,old_vaccine,0.0,0.0,0.0,0.0
85,75+,new_vaccine,0.0,0.0,0.0,0.0
86,0-4,unvaccinated,0.0,5.333333333333333,0.0,0.0
86,0-4,old_vaccine,0.0,0.0,0.0,0.0
86,0-4,new_vaccine,0.0,0.0,0.0,0.0
86,5-9,unvaccinated,0.0,5.0,0.0,0.0
86,5-9,old_vaccine,0.0,0.0,0.0,0.0
86,5-9,new_vaccine,0.0,0.0,0.0,0.0
86,10-14,unvaccinated,0.0,8.333333333333334,0.0,0.0
86,10-14,old_vaccine,0.0,0.0,0.0,0.0
86,10-14,new_vaccine,0.0,0.0,0.0,0.0
86,15-19,unvaccinated,0.3333333333333333,7.0,0.0,0.0
86,15-19,old_vaccine,0.0,0.0,0.0,0.0
86,15-19,new_vaccine,0.0,0.0,0.0,0.0
86,20-24,unvaccinated,0.3333333333333333,4.666666666666667,0.0,0.0
86,20-24,old_vaccine,0.0,0.0,0.0,0.0
86,20-24,new_vaccine,0.0,0.0,0.0,0.0
86,25-29,unvaccinated,1.6666666666666667,6.666666666666667,0.0,0.0
86,25-29,old_vaccine,0.0,0.0,0.0,0.0
86,25-29,new_vaccine,0.0,0.0,0.0,0.0
86,30-34,unvaccinated,0.0,6.333333333333333,0.0,0.0
86,30-34,old_vaccine,0.0,0.0,0.0,0.0
86,30-34,new_vaccine,0.0,0.0,0.0,0.0
86,35-39,unvaccinated,0.3333333333333333,5.333333333333333,0.0,0.0
86,35-39,old_vaccine,0.0,0.0,0.0,0.0
86,35-39,new_vaccine,0.0,0.0,0.0,0.0
86,40-44,unvaccinated,1.0,5.333333333333333,0.0,0.0
86,40-44,old_vaccine,0.0,0.0,0.0,0.0
86,40-44,new_vaccine,0.0,0.0,0.0,0.0
86,45-49,unvaccinated,2.0,5.666666666666667,0.0,0.0
86,45-49,old_vaccine,0.0,0.0,0.0,0.0
86,45-49,new_vaccine,0.0,0.0,0.0,0.0
86,50-54,unvaccinated,1.0,4.333333333333333,0.0,0.0
86,50-54,old_vaccine,0.0,0.0,0.0,0.0
86,50-54,new_vaccine,0.0,0.0,0.0,0.0
86,55-59,unvaccinated,2.6666666666666665,4.0,0.0,0.0
86,55-59,old_vaccine,0.0,0.0,0.0,0.0
86,55-59,new_vaccine,0.0,0.0,0.0,0.0
86,60-64,unvaccinated,1.3333333333333333,4.666666666666667,0.0,0.0
86,60-64,old_vaccine,0.0,0.0,0.0,0.0
86,60-64,new_vaccine,0.0,0.0,0.0,0.0
86,65-69,unvaccinated,3.6666666666666665,2.0,0.0,0.0
86,65-69,old_vaccine,0.0,0.0,0.0,0.0
86,65-69,new_vaccine,0.0,0.0,0.0,0.0
86,70-74,unvaccinated,4.0,2.6666666666666665,0.6666666666666666,0.0
86,70-74,old_vaccine,0.0,0.0,0.0,0.0
86,70-74,new_vaccine,0.0,0.0,0.0,0.0
86,75+,unvaccinated,2.3333333333333335,4.0,1.3333333333333333,0.0
86,75+,old_vaccine,0.0,0.0,0.0,0.0
86,75+,new_vaccine,0.0,0.0,0.0,0.0
87,0-4,unvaccinated,0.0,5.0,0.0,0.0
87,0-4,old_vaccine,0.0,0.0,0.0,0.0
87,0-4,new_vaccine,0.0,0.0,0.0,0.0
87,5-9,unvaccinated,0.0,4.333333333333333,0.0,0.0
87,5-9,old_vaccine,0.0,0.0,0.0,0.0
87,5-9,new_vaccine,0.0,0.0,0.0,0.0
87,10-14,unvaccinated,0.0,8.333333333333334,0.0,0.0
87,10-14,old_vaccine,0.0,0.0,0.0,0.0
87,10-14,new_vaccine,0.0,0.0,0.0,0.0
87,15-19,unvaccinated,0.0,7.333333333333333,0.0,0.0
87,15-19,old_vaccine,0.0,0.0,0.0,0.0
87,15-19,new_vaccine,0.0,0.0,0.0,0.0
87,20-24,unvaccinated,0.0,5.333333333333333,0.0,0.0
87,20-24,old_vaccine,0.0,0.0,0.0,0.0
87,20-24,new_vaccine,0.0,0.0,0.0,0.0
87,25-29,unvaccinated,1.6666666666666667,7.333333333333333,0.0,0.0
87,25-29,old_vaccine,0.0,0.0,0.0,0.0
87,25-29,new_vaccine,0.0,0.0,0.0,0.0
87,30-34,unvaccinated,0.0,6.0,0.0,0.0
87,30-34,old_vaccine,0.0,0.0,0.0,0.0
87,30-34,new_vaccine,0.0,0.0,0.0,0.0
87,35-39,unvaccinated,0.3333333333333333,5.666666666666667,0.0,0.0
87,35-39,old_vaccine,0.0,0.0,0.0,0.0
87,35-39,new_vaccine,0.0,0.0,0.0,0.0
87,40-44,unvaccinated,1.0,5.0,0.0,0.0
87,40-44,old_vaccine,0.0,0.0,0.0,0.0
87,40-44,new_vaccine,0.0,0.0,0.0,0.0
87,45-49,unvaccinated,2.0,5.666666666666667,0.0,0.0
87,45-49,old_vaccine,0.0,0.0,0.0,0.0
87,45-49,new_vaccine,0.0,0.0,0.0,0.0
87,50-54,unvaccinated,1.0,4.333333333333333,0.0,0.0
87,50-54,old_vaccine,0.0,0.0,0.0,0.0
87,50-54,new_vaccine,0.0,0.0,0.0,0.0
87,55-59,unvaccinated,2.6666666666666665,3.3333333333333335,0.0,0.0
87,55-59,old_vaccine,0.0,0.0,0.0,0.0
87,55-59,new_vaccine,0.0,0.0,0.0,0.0
87,60-64,unvaccinated,1.3333333333333333,5.0,0.0,0.0
87,60-64,old_vaccine,0.0,0.0,0.0,0.0
87,60-64,new_vaccine,0.0,0.0,0.0,0.0
87,65-69,unvaccinated,3.6666666666666665,2.3333333333333335,0.0,0.0
87,65-69,old_vaccine,0.0,0.0,0.0,0.0
87,65-69,new_vaccine,0.0,0.0,0.0,0.0
87,70-74,unvaccinated,4.0,2.6666666666666665,0.6666666666666666,0.0
87,70-74,old_vaccine,0.0,0.0,0.0,0.0
87,70-74,new_vaccine,0.0,0.0,0.0,0.0
87,75+,unvaccinated,2.6666666666666665,3.6666666666666665,1.3333333333333333,0.0
87,75+,old_vaccine,0.0,0.0,0.0,0.0
87,75+,new_vaccine,0.0,0.0,0.0,0.0
88,0-4,unvaccinated,0.0,5.333333333333333,0.0,0.0
88,0-4,old_vaccine,0.0,0.0,0.0,0.0
88,0-4,new_vaccine,0.0,0.0,0.0,0.0
88,5-9,unvaccinated,0.0,4.666666666666667,0.0,0.0
88,5-9,old_vaccine,0.0,0.0,0.0,0.0
88,5-9,new_vaccine,0.0,0.0,0.0,0.0
88,10-14,unvaccinated,0.0,8.666666666666666,0.0,0.0
88,10-14,old_vaccine,0.0,0.0,0.0,0.0
88,10-14,new_vaccine,0.0,0.0,0.0,0.0
88,15-19,unvaccinated,0.0,7.0,0.0,0.0
88,15-19,old_vaccine,0.0,0.0,0.0,0.0
88,15-19,new_vaccine,0.0,0.0,0.0,0.0
88,20-24,unvaccinated,0.0,6.333333333333333,0.0,0.0
88,20-24,old_vaccine,0.0,0.0,0.0,0.0
88,20-24,new_vaccine,0.0,0.0,0.0,0.0
88,25-29,unvaccinated,1.0,7.333333333333333,0.0,0.0
88,25-29,old_vaccine,0.0,0.0,0.0,0.0
88,25-29,new_vaccine,0.0,0.0,0.0,0.0
88,30-34,unvaccinated,0.0,5.333333333333333,0.0,0.0
88,30-34,old_vaccine,0.0,0.0,0.0,0.0
88,30-34,new_vaccine,0.0,0.0,0.0,0.0
88,35-39,unvaccinated,0.3333333333333333,5.666666666666667,0.0,0.0
88,35-39,old_vaccine,0.0,0.0,0.0,0.0
88,35-39,new_vaccine,0.0,0.0,0.0,0.0
88,40-44,unvaccinated,1.0,6.0,0.0,0.0
88,40-44,old_vaccine,0.0,0.0,0.0,0.0
88,40-44,new_vaccine,0.0,0.0,0.0,0.0
88,45-49,unvaccinated,2.0,5.333333333333333,0.0,0.0
88,45-49,old_vaccine,0.0,0.0,0.0,0.0
88,45-49,new_vaccine,0.0,0.0,0.0,0.0
88,50-54,unvaccinated,1.3333333333333333,4.0,0.0,0.0
88,50-54,old_vaccine,0.0,0.0,0.0,0.0
88,50-54,new_vaccine,0.0,0.0,0.0,0.0
88,55-59,unvaccinated,2.6666666666666665,4.0,0.0,0.0
88,55-59,old_vaccine,0.0,0.0,0.0,0.0
88,55-59,new_vaccine,0.0,0.0,0.0,0.0
88,60-64,unvaccinated,1.3333333333333333,5.0,0.0,0.0
88,60-64,old_vaccine,0.0,0.0,0.0,0.0
88,60-64,new_vaccine,0.0,0.0,0.0,0.0
88,65-69,unvaccinated,3.3333333333333335,2.3333333333333335,0.0,0.0
88,65-69,old_vaccine,0.0,0.0,0.0,0.0
88,65-69,new_vaccine,0.0,0.0,0.0,0.0
88,70-74,unvaccinated,3.6666666666666665,2.6666666666666665,0.6666666666666666,0.0
88,70-74,old_vaccine,0.0,0.0,0.0,0.0
88,70-74,new_vaccine,0.0,0.0,0.0,0.0
88,75+,unvaccinated,2.3333333333333335,3.3333333333333335,1.3333333333333333,0.0
88,75+,old_vaccine,0.0,0.0,0.0,0.0
88,75+,new_vaccine,0.0,0.0,0.0,0.0
89,0-4,unvaccinated,0.0,5.333333333333333,0.0,0.0
89,0-4,old_vaccine,0.0,0.0,0.0,0.0
89,0-4,new_vaccine,0.0,0.0,0.0,0.0
89,5-9,unvaccinated,0.0,4.666666666666667,0.0,0.0
89,5-9,old_vaccine,0.0,0.0,0.0,0.0
89,5-9,new_vaccine,0.0,0.0,0.0,0.0
89,10-14,unvaccinated,0.0,8.0,0.0,0.0
89,10-14,old_vaccine,0.0,0.0,0.0,0.0
89,10-14,new_vaccine,0.0,0.0,0.0,0.0
89,15-19,unvaccinated,0.0,7.0,0.0,0.0
89,15-19,old_vaccine,0.0,0.0,0.0,0.0
89,15-19,new_vaccine,0.0,0.0,0.0,0.0
89,20-24,unvaccinated,0.3333333333333333,6.0,0.0,0.0
89,20-24,old_vaccine,0.0,0.0,0.0,0.0
89,20-24,new_vaccine,0.0,0.0,0.0,0.0
89,25-29,unvaccinated,1.0,6.0,0.0,0.0
89,25-29,old_vaccine,0.0,0.0,0.0,0.0
89,25-29,new_vaccine,0.0,0.0,0.0,0.0
89,30-34,unvaccinated,0.0,5.666666666666667,0.0,0.0
89,30-34,old_vaccine,0.0,0.0,0.0,0.0
89,30-34,new_vaccine,0.0,0.0,0.0,0.0
89,35-39,unvaccinated,0.3333333333333333,5.666666666666667,0.0,0.0
89,35-39,old_vaccine,0.0,0.0,0.0,0.0
89,35-39,new_vaccine,0.0,0.0,0.0,0.0
89,40-44,unvaccinated,1.0,6.0,0.0,0.0
89,40-44,old_vaccine,0.0,0.0,0.0,0.0
89,40-44,new_vaccine,0.0,0.0,0.0,0.0
89,45-49,unvaccinated,2.0,5.0,0.0,0.0
89,45-49,old_vaccine,0.0,0.0,0.0,0.0
89,45-49,new_vaccine,0.0,0.0,0.0,0.0
89,50-54,unvaccinated,1.6666666666666667,4.666666666666667,0.0,0.0
89,50-54,old_vaccine,0.0,0.0,0.0,0.0
89,50-54,new_vaccine,0.0,0.0,0.0,0.0
89,55-59,unvaccinated,2.3333333333333335,4.0,0.0,0.0
89,55-59,old_vaccine,0.0,0.0,0.0,0.0
89,55-59,new_vaccine,0.0,0.0,0.0,0.0
89,60-64,unvaccinated,1.3333333333333333,5.666666666666667,0.0,0.0
89,60-64,old_vaccine,0.0,0.0,0.0,0.0
89,60-64,new_vaccine,0.0,0.0,0.0,0.0
89,65-69,unvaccinated,3.3333333333333335,2.3333333333333335,0.0,0.0
89,65-69,old_vaccine,0.0,0.0,0.0,0.0
89,65-69,new_vaccine,0.0,0.0,0.0,0.0
89,70-74,unvaccinated,3.6666666666666665,2.6666666666666665,0.6666666666666666,0.0
89,70-74,old_vaccine,0.0,0.0,0.0,0.0
89,70-74,new_vaccine,0.0,0.0,0.0,0.0
89,75+,unvaccinated,2.3333333333333335,3.6666666666666665,1.3333333333333333,0.0
89,75+,old_vaccine,0.0,0.0,0.0,0.0
89,75+,new_vaccine,0.0,0.0,0.0,0.0
90,0-4,unvaccinated,0.0,6.0,0.0,0.0
90,0-4,old_vaccine,0.0,0.0,0.0,0.0
90,0-4,new_vaccine,0.0,0.0,0.0,0.0
90,5-9,unvaccinated,0.0,4.333333333333333,0.0,0.0
90,5-9,old_vaccine,0.0,0.0,0.0,0.0
90,5-9,new_vaccine,0.0,0.0,0.0,0.0
90,10-14,unvaccinated,0.0,7.333333333333333,0.0,0.0
90,10-14,old_vaccine,0.0,0.0,0.0,0.0
90,10-14,new_vaccine,0.0,0.0,0.0,0.0
90,15-19,unvaccinated,0.0,6.666666666666667,0.0,0.0
90,15-19,old_vaccine,0.0,0.0,0.0,0.0
90,15-19,new_vaccine,0.0,0.0,0.0,0.0
90,20-24,unvaccinated,0.3333333333333333,6.0,0.0,0.0
90,20-24,old_vaccine,0.0,0.0,0.0,0.0
90,20-24,new_vaccine,0.0,0.0,0.0,0.0
90,25-29,unvaccinated,0.6666666666666666,6.0,0.0,0.0
90,25-29,old_vaccine,0.0,0.0,0.0,0.0
90,25-29,new_vaccine,0.0,0.0,0.0,0.0
90,30-34,unvaccinated,0.0,6.333333333333333,0.0,0.0
90,30-34,old_vaccine,0.0,0.0,0.0,0.0
90,30-34,new_vaccine,0.0,0.0,0.0,0.0
90,35-39,unvaccinated,0.3333333333333333,6.0,0.0,0.0
90,35-39,old_vaccine,0.0,0.0,0.0,0.0
90,35-39,new_vaccine,0.0,0.0,0.0,0.0
90,40-44,unvaccinated,1.0,6.0,0.0,0.0
90,40-44,old_vaccine,0.0,0.0,0.0,0.0
90,40-44,new_vaccine,0.0,0.0,0.0,0.0
90,45-49,unvaccinated,1.3333333333333333,5.666666666666667,0.0,0.0
90,45-49,old_vaccine,0.0,0.0,0.0,0.0
90,45-49,new_vaccine,0.0,0.0,0.0,0.0
90,50-54,unvaccinated,2.0,4.333333333333333,0.0,0.0
90,50-54,old_vaccine,0.0,0.0,0.0,0.0
90,50-54,new_vaccine,0.0,0.0,0.0,0.0
90,55-59,unvaccinated,2.6666666666666665,4.0,0.0,0.0
90,55-59,old_vaccine,0.0,0.0,0.0,0.0
90,55-59,new_vaccine,0.0,0.0,0.0,0.0
90,60-64,unvaccinated,1.0,5.666666666666667,0.0,0.0
90,60-64,old_vaccine,0.0,0.0,0.0,0.0
90,60-64,new_vaccine,0.0,0.0,0.0,0.0
90,65-69,unvaccinated,4.333333333333333,2.6666666666666665,0.0,0.0
90,65-69,old_vaccine,0.0,0.0,0.0,0.0
90,65-69,new_vaccine,0.0,0.0,0.0,0.0
90,70-74,unvaccinated,3.3333333333333335,2.3333333333333335,0.6666666666666666,0.0
90,70-74,old_vaccine,0.0,0.0,0.0,0.0
90,70-74,new_vaccine,0.0,0.0,0.0,0.0
90,75+,unvaccinated,3.0,3.6666666666666665,1.3333333333333333,0.0
90,75+,old_vaccine,0.0,0.0,0.0,0.0
90,75+,new_vaccine,0.0,0.0,0.0,0.0
91,0-4,unvaccinated,0.0,5.333333333333333,0.0,0.0
>>>>>>> da2075794f5d2a03a9b01028d16d640646318095
91,0-4,old_vaccine,0.0,0.0,0.0,0.0
91,0-4,new_vaccine,0.0,0.0,0.0,0.0
91,5-9,unvaccinated,0.1,15.6,0.0,0.0
91,5-9,old_vaccine,0.0,0.0,0.0,0.0
91,5-9,new_vaccine,0.0,0.0,0.0,0.0
<<<<<<< HEAD
91,10-14,unvaccinated,0.5,15.6,0.0,0.0
91,10-14,old_vaccine,0.0,0.0,0.0,0.0
91,10-14,new_vaccine,0.0,0.0,0.0,0.0
91,15-19,unvaccinated,0.0,14.2,0.0,0.0
91,15-19,old_vaccine,0.0,0.0,0.0,0.0
91,15-19,new_vaccine,0.0,0.0,0.0,0.0
91,20-24,unvaccinated,1.0,16.5,0.0,0.0
91,20-24,old_vaccine,0.0,0.0,0.0,0.0
91,20-24,new_vaccine,0.0,0.0,0.0,0.0
91,25-29,unvaccinated,2.2,18.9,0.0,0.0
91,25-29,old_vaccine,0.0,0.0,0.0,0.0
91,25-29,new_vaccine,0.0,0.0,0.0,0.0
91,30-34,unvaccinated,1.1,15.6,0.0,0.0
91,30-34,old_vaccine,0.0,0.0,0.0,0.0
91,30-34,new_vaccine,0.0,0.0,0.0,0.0
91,35-39,unvaccinated,1.2,21.7,0.0,0.0
91,35-39,old_vaccine,0.0,0.0,0.0,0.0
91,35-39,new_vaccine,0.0,0.0,0.0,0.0
91,40-44,unvaccinated,1.8,11.0,0.0,0.0
91,40-44,old_vaccine,0.0,0.0,0.0,0.0
91,40-44,new_vaccine,0.0,0.0,0.0,0.0
91,45-49,unvaccinated,0.2,15.8,0.0,0.0
91,45-49,old_vaccine,0.0,0.0,0.0,0.0
91,45-49,new_vaccine,0.0,0.0,0.0,0.0
91,50-54,unvaccinated,3.3,15.5,0.0,0.0
91,50-54,old_vaccine,0.0,0.0,0.0,0.0
91,50-54,new_vaccine,0.0,0.0,0.0,0.0
91,55-59,unvaccinated,3.5,16.8,0.0,0.0
91,55-59,old_vaccine,0.0,0.0,0.0,0.0
91,55-59,new_vaccine,0.0,0.0,0.0,0.0
91,60-64,unvaccinated,4.8,12.9,0.1,0.0
91,60-64,old_vaccine,0.0,0.0,0.0,0.0
91,60-64,new_vaccine,0.0,0.0,0.0,0.0
91,65-69,unvaccinated,4.6,5.5,0.0,0.0
91,65-69,old_vaccine,0.0,0.0,0.0,0.0
91,65-69,new_vaccine,0.0,0.0,0.0,0.0
91,70-74,unvaccinated,8.0,4.1,0.0,0.0
91,70-74,old_vaccine,0.0,0.0,0.0,0.0
91,70-74,new_vaccine,0.0,0.0,0.0,0.0
91,75+,unvaccinated,13.2,7.9,0.1,0.0
91,75+,old_vaccine,0.0,0.0,0.0,0.0
91,75+,new_vaccine,0.0,0.0,0.0,0.0
92,0-4,unvaccinated,1.5,12.3,0.0,0.0
92,0-4,old_vaccine,0.0,0.0,0.0,0.0
92,0-4,new_vaccine,0.0,0.0,0.0,0.0
92,5-9,unvaccinated,0.1,15.6,0.0,0.0
92,5-9,old_vaccine,0.0,0.0,0.0,0.0
92,5-9,new_vaccine,0.0,0.0,0.0,0.0
92,10-14,unvaccinated,0.4,16.0,0.0,0.0
92,10-14,old_vaccine,0.0,0.0,0.0,0.0
92,10-14,new_vaccine,0.0,0.0,0.0,0.0
92,15-19,unvaccinated,0.0,14.2,0.0,0.0
92,15-19,old_vaccine,0.0,0.0,0.0,0.0
92,15-19,new_vaccine,0.0,0.0,0.0,0.0
92,20-24,unvaccinated,1.0,16.0,0.0,0.0
92,20-24,old_vaccine,0.0,0.0,0.0,0.0
92,20-24,new_vaccine,0.0,0.0,0.0,0.0
92,25-29,unvaccinated,2.2,18.8,0.0,0.0
92,25-29,old_vaccine,0.0,0.0,0.0,0.0
92,25-29,new_vaccine,0.0,0.0,0.0,0.0
92,30-34,unvaccinated,0.9,15.7,0.0,0.0
92,30-34,old_vaccine,0.0,0.0,0.0,0.0
92,30-34,new_vaccine,0.0,0.0,0.0,0.0
92,35-39,unvaccinated,1.2,21.4,0.0,0.0
92,35-39,old_vaccine,0.0,0.0,0.0,0.0
92,35-39,new_vaccine,0.0,0.0,0.0,0.0
92,40-44,unvaccinated,1.7,10.8,0.0,0.0
92,40-44,old_vaccine,0.0,0.0,0.0,0.0
92,40-44,new_vaccine,0.0,0.0,0.0,0.0
92,45-49,unvaccinated,0.3,15.7,0.0,0.0
92,45-49,old_vaccine,0.0,0.0,0.0,0.0
92,45-49,new_vaccine,0.0,0.0,0.0,0.0
92,50-54,unvaccinated,3.3,15.8,0.0,0.0
92,50-54,old_vaccine,0.0,0.0,0.0,0.0
92,50-54,new_vaccine,0.0,0.0,0.0,0.0
92,55-59,unvaccinated,3.4,16.7,0.0,0.0
92,55-59,old_vaccine,0.0,0.0,0.0,0.0
92,55-59,new_vaccine,0.0,0.0,0.0,0.0
92,60-64,unvaccinated,4.9,13.1,0.1,0.0
92,60-64,old_vaccine,0.0,0.0,0.0,0.0
92,60-64,new_vaccine,0.0,0.0,0.0,0.0
92,65-69,unvaccinated,4.8,5.5,0.0,0.0
92,65-69,old_vaccine,0.0,0.0,0.0,0.0
92,65-69,new_vaccine,0.0,0.0,0.0,0.0
92,70-74,unvaccinated,7.9,4.1,0.0,0.0
92,70-74,old_vaccine,0.0,0.0,0.0,0.0
92,70-74,new_vaccine,0.0,0.0,0.0,0.0
92,75+,unvaccinated,13.0,7.8,0.1,0.0
92,75+,old_vaccine,0.0,0.0,0.0,0.0
92,75+,new_vaccine,0.0,0.0,0.0,0.0
93,0-4,unvaccinated,1.5,12.3,0.0,0.0
93,0-4,old_vaccine,0.0,0.0,0.0,0.0
93,0-4,new_vaccine,0.0,0.0,0.0,0.0
93,5-9,unvaccinated,0.1,15.0,0.0,0.0
93,5-9,old_vaccine,0.0,0.0,0.0,0.0
93,5-9,new_vaccine,0.0,0.0,0.0,0.0
93,10-14,unvaccinated,0.4,16.3,0.0,0.0
93,10-14,old_vaccine,0.0,0.0,0.0,0.0
93,10-14,new_vaccine,0.0,0.0,0.0,0.0
93,15-19,unvaccinated,0.0,14.1,0.0,0.0
93,15-19,old_vaccine,0.0,0.0,0.0,0.0
93,15-19,new_vaccine,0.0,0.0,0.0,0.0
93,20-24,unvaccinated,1.0,16.4,0.0,0.0
93,20-24,old_vaccine,0.0,0.0,0.0,0.0
93,20-24,new_vaccine,0.0,0.0,0.0,0.0
93,25-29,unvaccinated,2.0,18.8,0.0,0.0
93,25-29,old_vaccine,0.0,0.0,0.0,0.0
93,25-29,new_vaccine,0.0,0.0,0.0,0.0
93,30-34,unvaccinated,0.9,16.4,0.0,0.0
93,30-34,old_vaccine,0.0,0.0,0.0,0.0
93,30-34,new_vaccine,0.0,0.0,0.0,0.0
93,35-39,unvaccinated,1.1,21.4,0.0,0.0
93,35-39,old_vaccine,0.0,0.0,0.0,0.0
93,35-39,new_vaccine,0.0,0.0,0.0,0.0
93,40-44,unvaccinated,1.7,11.0,0.0,0.0
93,40-44,old_vaccine,0.0,0.0,0.0,0.0
93,40-44,new_vaccine,0.0,0.0,0.0,0.0
93,45-49,unvaccinated,0.4,15.4,0.0,0.0
93,45-49,old_vaccine,0.0,0.0,0.0,0.0
93,45-49,new_vaccine,0.0,0.0,0.0,0.0
93,50-54,unvaccinated,3.3,15.9,0.0,0.0
93,50-54,old_vaccine,0.0,0.0,0.0,0.0
93,50-54,new_vaccine,0.0,0.0,0.0,0.0
93,55-59,unvaccinated,3.4,16.9,0.0,0.0
93,55-59,old_vaccine,0.0,0.0,0.0,0.0
93,55-59,new_vaccine,0.0,0.0,0.0,0.0
93,60-64,unvaccinated,4.9,13.2,0.1,0.0
93,60-64,old_vaccine,0.0,0.0,0.0,0.0
93,60-64,new_vaccine,0.0,0.0,0.0,0.0
93,65-69,unvaccinated,4.5,5.7,0.0,0.0
93,65-69,old_vaccine,0.0,0.0,0.0,0.0
93,65-69,new_vaccine,0.0,0.0,0.0,0.0
93,70-74,unvaccinated,7.9,4.2,0.0,0.0
93,70-74,old_vaccine,0.0,0.0,0.0,0.0
93,70-74,new_vaccine,0.0,0.0,0.0,0.0
93,75+,unvaccinated,13.5,8.2,0.1,0.0
93,75+,old_vaccine,0.0,0.0,0.0,0.0
93,75+,new_vaccine,0.0,0.0,0.0,0.0
94,0-4,unvaccinated,1.6,12.0,0.0,0.0
94,0-4,old_vaccine,0.0,0.0,0.0,0.0
94,0-4,new_vaccine,0.0,0.0,0.0,0.0
94,5-9,unvaccinated,0.1,15.1,0.0,0.0
94,5-9,old_vaccine,0.0,0.0,0.0,0.0
94,5-9,new_vaccine,0.0,0.0,0.0,0.0
94,10-14,unvaccinated,0.4,16.3,0.0,0.0
94,10-14,old_vaccine,0.0,0.0,0.0,0.0
94,10-14,new_vaccine,0.0,0.0,0.0,0.0
94,15-19,unvaccinated,0.0,14.5,0.0,0.0
94,15-19,old_vaccine,0.0,0.0,0.0,0.0
94,15-19,new_vaccine,0.0,0.0,0.0,0.0
94,20-24,unvaccinated,1.1,16.5,0.0,0.0
94,20-24,old_vaccine,0.0,0.0,0.0,0.0
94,20-24,new_vaccine,0.0,0.0,0.0,0.0
94,25-29,unvaccinated,2.0,19.0,0.0,0.0
94,25-29,old_vaccine,0.0,0.0,0.0,0.0
94,25-29,new_vaccine,0.0,0.0,0.0,0.0
94,30-34,unvaccinated,1.0,16.6,0.0,0.0
94,30-34,old_vaccine,0.0,0.0,0.0,0.0
94,30-34,new_vaccine,0.0,0.0,0.0,0.0
94,35-39,unvaccinated,1.1,21.5,0.0,0.0
94,35-39,old_vaccine,0.0,0.0,0.0,0.0
94,35-39,new_vaccine,0.0,0.0,0.0,0.0
94,40-44,unvaccinated,1.8,11.1,0.0,0.0
94,40-44,old_vaccine,0.0,0.0,0.0,0.0
94,40-44,new_vaccine,0.0,0.0,0.0,0.0
94,45-49,unvaccinated,0.5,15.9,0.0,0.0
94,45-49,old_vaccine,0.0,0.0,0.0,0.0
94,45-49,new_vaccine,0.0,0.0,0.0,0.0
94,50-54,unvaccinated,3.2,15.9,0.0,0.0
94,50-54,old_vaccine,0.0,0.0,0.0,0.0
94,50-54,new_vaccine,0.0,0.0,0.0,0.0
94,55-59,unvaccinated,3.4,16.9,0.0,0.0
94,55-59,old_vaccine,0.0,0.0,0.0,0.0
94,55-59,new_vaccine,0.0,0.0,0.0,0.0
94,60-64,unvaccinated,4.8,13.1,0.1,0.0
94,60-64,old_vaccine,0.0,0.0,0.0,0.0
94,60-64,new_vaccine,0.0,0.0,0.0,0.0
94,65-69,unvaccinated,4.5,5.6,0.0,0.0
94,65-69,old_vaccine,0.0,0.0,0.0,0.0
94,65-69,new_vaccine,0.0,0.0,0.0,0.0
94,70-74,unvaccinated,7.9,4.2,0.0,0.0
94,70-74,old_vaccine,0.0,0.0,0.0,0.0
94,70-74,new_vaccine,0.0,0.0,0.0,0.0
94,75+,unvaccinated,13.4,8.2,0.0,0.0
94,75+,old_vaccine,0.0,0.0,0.0,0.0
94,75+,new_vaccine,0.0,0.0,0.0,0.0
95,0-4,unvaccinated,1.7,11.7,0.0,0.0
95,0-4,old_vaccine,0.0,0.0,0.0,0.0
95,0-4,new_vaccine,0.0,0.0,0.0,0.0
95,5-9,unvaccinated,0.2,15.1,0.0,0.0
95,5-9,old_vaccine,0.0,0.0,0.0,0.0
95,5-9,new_vaccine,0.0,0.0,0.0,0.0
95,10-14,unvaccinated,0.4,15.9,0.0,0.0
95,10-14,old_vaccine,0.0,0.0,0.0,0.0
95,10-14,new_vaccine,0.0,0.0,0.0,0.0
95,15-19,unvaccinated,0.0,14.4,0.0,0.0
95,15-19,old_vaccine,0.0,0.0,0.0,0.0
95,15-19,new_vaccine,0.0,0.0,0.0,0.0
95,20-24,unvaccinated,1.1,16.8,0.0,0.0
95,20-24,old_vaccine,0.0,0.0,0.0,0.0
95,20-24,new_vaccine,0.0,0.0,0.0,0.0
95,25-29,unvaccinated,2.0,18.8,0.0,0.0
95,25-29,old_vaccine,0.0,0.0,0.0,0.0
95,25-29,new_vaccine,0.0,0.0,0.0,0.0
95,30-34,unvaccinated,0.8,16.5,0.0,0.0
95,30-34,old_vaccine,0.0,0.0,0.0,0.0
95,30-34,new_vaccine,0.0,0.0,0.0,0.0
95,35-39,unvaccinated,0.9,21.5,0.0,0.0
95,35-39,old_vaccine,0.0,0.0,0.0,0.0
95,35-39,new_vaccine,0.0,0.0,0.0,0.0
95,40-44,unvaccinated,1.8,10.9,0.0,0.0
95,40-44,old_vaccine,0.0,0.0,0.0,0.0
95,40-44,new_vaccine,0.0,0.0,0.0,0.0
95,45-49,unvaccinated,0.5,15.8,0.0,0.0
95,45-49,old_vaccine,0.0,0.0,0.0,0.0
95,45-49,new_vaccine,0.0,0.0,0.0,0.0
95,50-54,unvaccinated,3.2,16.1,0.0,0.0
95,50-54,old_vaccine,0.0,0.0,0.0,0.0
95,50-54,new_vaccine,0.0,0.0,0.0,0.0
95,55-59,unvaccinated,3.3,16.7,0.0,0.0
95,55-59,old_vaccine,0.0,0.0,0.0,0.0
95,55-59,new_vaccine,0.0,0.0,0.0,0.0
95,60-64,unvaccinated,4.9,13.0,0.1,0.0
95,60-64,old_vaccine,0.0,0.0,0.0,0.0
95,60-64,new_vaccine,0.0,0.0,0.0,0.0
95,65-69,unvaccinated,4.3,5.9,0.0,0.0
95,65-69,old_vaccine,0.0,0.0,0.0,0.0
95,65-69,new_vaccine,0.0,0.0,0.0,0.0
95,70-74,unvaccinated,7.8,3.9,0.0,0.0
95,70-74,old_vaccine,0.0,0.0,0.0,0.0
95,70-74,new_vaccine,0.0,0.0,0.0,0.0
95,75+,unvaccinated,13.2,8.3,0.0,0.0
95,75+,old_vaccine,0.0,0.0,0.0,0.0
95,75+,new_vaccine,0.0,0.0,0.0,0.0
96,0-4,unvaccinated,1.6,11.8,0.0,0.0
96,0-4,old_vaccine,0.0,0.0,0.0,0.0
96,0-4,new_vaccine,0.0,0.0,0.0,0.0
96,5-9,unvaccinated,0.2,14.6,0.0,0.0
96,5-9,old_vaccine,0.0,0.0,0.0,0.0
96,5-9,new_vaccine,0.0,0.0,0.0,0.0
96,10-14,unvaccinated,0.4,16.1,0.0,0.0
96,10-14,old_vaccine,0.0,0.0,0.0,0.0
96,10-14,new_vaccine,0.0,0.0,0.0,0.0
96,15-19,unvaccinated,0.0,14.5,0.0,0.0
96,15-19,old_vaccine,0.0,0.0,0.0,0.0
96,15-19,new_vaccine,0.0,0.0,0.0,0.0
96,20-24,unvaccinated,1.1,16.6,0.0,0.0
96,20-24,old_vaccine,0.0,0.0,0.0,0.0
96,20-24,new_vaccine,0.0,0.0,0.0,0.0
96,25-29,unvaccinated,2.1,18.8,0.0,0.0
96,25-29,old_vaccine,0.0,0.0,0.0,0.0
96,25-29,new_vaccine,0.0,0.0,0.0,0.0
96,30-34,unvaccinated,0.8,17.0,0.0,0.0
96,30-34,old_vaccine,0.0,0.0,0.0,0.0
96,30-34,new_vaccine,0.0,0.0,0.0,0.0
96,35-39,unvaccinated,0.9,21.6,0.0,0.0
96,35-39,old_vaccine,0.0,0.0,0.0,0.0
96,35-39,new_vaccine,0.0,0.0,0.0,0.0
96,40-44,unvaccinated,1.8,10.5,0.0,0.0
96,40-44,old_vaccine,0.0,0.0,0.0,0.0
96,40-44,new_vaccine,0.0,0.0,0.0,0.0
96,45-49,unvaccinated,0.3,16.0,0.0,0.0
96,45-49,old_vaccine,0.0,0.0,0.0,0.0
96,45-49,new_vaccine,0.0,0.0,0.0,0.0
96,50-54,unvaccinated,3.1,16.0,0.0,0.0
96,50-54,old_vaccine,0.0,0.0,0.0,0.0
96,50-54,new_vaccine,0.0,0.0,0.0,0.0
96,55-59,unvaccinated,3.2,16.6,0.0,0.0
96,55-59,old_vaccine,0.0,0.0,0.0,0.0
96,55-59,new_vaccine,0.0,0.0,0.0,0.0
96,60-64,unvaccinated,5.1,12.5,0.1,0.0
96,60-64,old_vaccine,0.0,0.0,0.0,0.0
96,60-64,new_vaccine,0.0,0.0,0.0,0.0
96,65-69,unvaccinated,4.1,5.8,0.0,0.0
96,65-69,old_vaccine,0.0,0.0,0.0,0.0
96,65-69,new_vaccine,0.0,0.0,0.0,0.0
96,70-74,unvaccinated,8.1,4.0,0.0,0.0
96,70-74,old_vaccine,0.0,0.0,0.0,0.0
96,70-74,new_vaccine,0.0,0.0,0.0,0.0
96,75+,unvaccinated,13.5,8.2,0.0,0.0
=======
91,10-14,unvaccinated,0.0,7.666666666666667,0.0,0.0
91,10-14,old_vaccine,0.0,0.0,0.0,0.0
91,10-14,new_vaccine,0.0,0.0,0.0,0.0
91,15-19,unvaccinated,0.0,6.666666666666667,0.0,0.0
91,15-19,old_vaccine,0.0,0.0,0.0,0.0
91,15-19,new_vaccine,0.0,0.0,0.0,0.0
91,20-24,unvaccinated,0.3333333333333333,6.0,0.0,0.0
91,20-24,old_vaccine,0.0,0.0,0.0,0.0
91,20-24,new_vaccine,0.0,0.0,0.0,0.0
91,25-29,unvaccinated,0.6666666666666666,7.0,0.0,0.0
91,25-29,old_vaccine,0.0,0.0,0.0,0.0
91,25-29,new_vaccine,0.0,0.0,0.0,0.0
91,30-34,unvaccinated,0.3333333333333333,7.666666666666667,0.0,0.0
91,30-34,old_vaccine,0.0,0.0,0.0,0.0
91,30-34,new_vaccine,0.0,0.0,0.0,0.0
91,35-39,unvaccinated,0.6666666666666666,6.666666666666667,0.0,0.0
91,35-39,old_vaccine,0.0,0.0,0.0,0.0
91,35-39,new_vaccine,0.0,0.0,0.0,0.0
91,40-44,unvaccinated,0.6666666666666666,5.666666666666667,0.0,0.0
91,40-44,old_vaccine,0.0,0.0,0.0,0.0
91,40-44,new_vaccine,0.0,0.0,0.0,0.0
91,45-49,unvaccinated,1.3333333333333333,5.666666666666667,0.0,0.0
91,45-49,old_vaccine,0.0,0.0,0.0,0.0
91,45-49,new_vaccine,0.0,0.0,0.0,0.0
91,50-54,unvaccinated,2.0,4.666666666666667,0.0,0.0
91,50-54,old_vaccine,0.0,0.0,0.0,0.0
91,50-54,new_vaccine,0.0,0.0,0.0,0.0
91,55-59,unvaccinated,2.6666666666666665,4.666666666666667,0.0,0.0
91,55-59,old_vaccine,0.0,0.0,0.0,0.0
91,55-59,new_vaccine,0.0,0.0,0.0,0.0
91,60-64,unvaccinated,0.6666666666666666,6.333333333333333,0.0,0.0
91,60-64,old_vaccine,0.0,0.0,0.0,0.0
91,60-64,new_vaccine,0.0,0.0,0.0,0.0
91,65-69,unvaccinated,4.0,2.6666666666666665,0.0,0.0
91,65-69,old_vaccine,0.0,0.0,0.0,0.0
91,65-69,new_vaccine,0.0,0.0,0.0,0.0
91,70-74,unvaccinated,3.6666666666666665,2.3333333333333335,0.6666666666666666,0.0
91,70-74,old_vaccine,0.0,0.0,0.0,0.0
91,70-74,new_vaccine,0.0,0.0,0.0,0.0
91,75+,unvaccinated,3.0,4.0,1.3333333333333333,0.0
91,75+,old_vaccine,0.0,0.0,0.0,0.0
91,75+,new_vaccine,0.0,0.0,0.0,0.0
92,0-4,unvaccinated,0.0,5.666666666666667,0.0,0.0
92,0-4,old_vaccine,0.0,0.0,0.0,0.0
92,0-4,new_vaccine,0.0,0.0,0.0,0.0
92,5-9,unvaccinated,0.0,4.333333333333333,0.0,0.0
92,5-9,old_vaccine,0.0,0.0,0.0,0.0
92,5-9,new_vaccine,0.0,0.0,0.0,0.0
92,10-14,unvaccinated,0.0,7.666666666666667,0.0,0.0
92,10-14,old_vaccine,0.0,0.0,0.0,0.0
92,10-14,new_vaccine,0.0,0.0,0.0,0.0
92,15-19,unvaccinated,0.0,6.333333333333333,0.0,0.0
92,15-19,old_vaccine,0.0,0.0,0.0,0.0
92,15-19,new_vaccine,0.0,0.0,0.0,0.0
92,20-24,unvaccinated,0.3333333333333333,5.666666666666667,0.0,0.0
92,20-24,old_vaccine,0.0,0.0,0.0,0.0
92,20-24,new_vaccine,0.0,0.0,0.0,0.0
92,25-29,unvaccinated,0.6666666666666666,6.666666666666667,0.0,0.0
92,25-29,old_vaccine,0.0,0.0,0.0,0.0
92,25-29,new_vaccine,0.0,0.0,0.0,0.0
92,30-34,unvaccinated,0.3333333333333333,7.333333333333333,0.0,0.0
92,30-34,old_vaccine,0.0,0.0,0.0,0.0
92,30-34,new_vaccine,0.0,0.0,0.0,0.0
92,35-39,unvaccinated,0.6666666666666666,6.666666666666667,0.0,0.0
92,35-39,old_vaccine,0.0,0.0,0.0,0.0
92,35-39,new_vaccine,0.0,0.0,0.0,0.0
92,40-44,unvaccinated,1.0,6.0,0.0,0.0
92,40-44,old_vaccine,0.0,0.0,0.0,0.0
92,40-44,new_vaccine,0.0,0.0,0.0,0.0
92,45-49,unvaccinated,1.3333333333333333,6.0,0.0,0.0
92,45-49,old_vaccine,0.0,0.0,0.0,0.0
92,45-49,new_vaccine,0.0,0.0,0.0,0.0
92,50-54,unvaccinated,2.0,4.666666666666667,0.0,0.0
92,50-54,old_vaccine,0.0,0.0,0.0,0.0
92,50-54,new_vaccine,0.0,0.0,0.0,0.0
92,55-59,unvaccinated,3.0,4.333333333333333,0.0,0.0
92,55-59,old_vaccine,0.0,0.0,0.0,0.0
92,55-59,new_vaccine,0.0,0.0,0.0,0.0
92,60-64,unvaccinated,0.6666666666666666,6.0,0.0,0.0
92,60-64,old_vaccine,0.0,0.0,0.0,0.0
92,60-64,new_vaccine,0.0,0.0,0.0,0.0
92,65-69,unvaccinated,3.6666666666666665,2.6666666666666665,0.0,0.0
92,65-69,old_vaccine,0.0,0.0,0.0,0.0
92,65-69,new_vaccine,0.0,0.0,0.0,0.0
92,70-74,unvaccinated,3.6666666666666665,2.0,0.6666666666666666,0.0
92,70-74,old_vaccine,0.0,0.0,0.0,0.0
92,70-74,new_vaccine,0.0,0.0,0.0,0.0
92,75+,unvaccinated,2.6666666666666665,4.333333333333333,1.3333333333333333,0.0
92,75+,old_vaccine,0.0,0.0,0.0,0.0
92,75+,new_vaccine,0.0,0.0,0.0,0.0
93,0-4,unvaccinated,0.0,5.666666666666667,0.0,0.0
93,0-4,old_vaccine,0.0,0.0,0.0,0.0
93,0-4,new_vaccine,0.0,0.0,0.0,0.0
93,5-9,unvaccinated,0.0,4.666666666666667,0.0,0.0
93,5-9,old_vaccine,0.0,0.0,0.0,0.0
93,5-9,new_vaccine,0.0,0.0,0.0,0.0
93,10-14,unvaccinated,0.0,6.333333333333333,0.0,0.0
93,10-14,old_vaccine,0.0,0.0,0.0,0.0
93,10-14,new_vaccine,0.0,0.0,0.0,0.0
93,15-19,unvaccinated,0.0,5.666666666666667,0.0,0.0
93,15-19,old_vaccine,0.0,0.0,0.0,0.0
93,15-19,new_vaccine,0.0,0.0,0.0,0.0
93,20-24,unvaccinated,0.3333333333333333,5.0,0.0,0.0
93,20-24,old_vaccine,0.0,0.0,0.0,0.0
93,20-24,new_vaccine,0.0,0.0,0.0,0.0
93,25-29,unvaccinated,0.6666666666666666,7.0,0.0,0.0
93,25-29,old_vaccine,0.0,0.0,0.0,0.0
93,25-29,new_vaccine,0.0,0.0,0.0,0.0
93,30-34,unvaccinated,0.3333333333333333,7.666666666666667,0.0,0.0
93,30-34,old_vaccine,0.0,0.0,0.0,0.0
93,30-34,new_vaccine,0.0,0.0,0.0,0.0
93,35-39,unvaccinated,0.6666666666666666,6.333333333333333,0.0,0.0
93,35-39,old_vaccine,0.0,0.0,0.0,0.0
93,35-39,new_vaccine,0.0,0.0,0.0,0.0
93,40-44,unvaccinated,1.0,5.0,0.0,0.0
93,40-44,old_vaccine,0.0,0.0,0.0,0.0
93,40-44,new_vaccine,0.0,0.0,0.0,0.0
93,45-49,unvaccinated,1.0,5.0,0.0,0.0
93,45-49,old_vaccine,0.0,0.0,0.0,0.0
93,45-49,new_vaccine,0.0,0.0,0.0,0.0
93,50-54,unvaccinated,2.0,4.333333333333333,0.0,0.0
93,50-54,old_vaccine,0.0,0.0,0.0,0.0
93,50-54,new_vaccine,0.0,0.0,0.0,0.0
93,55-59,unvaccinated,3.0,4.333333333333333,0.0,0.0
93,55-59,old_vaccine,0.0,0.0,0.0,0.0
93,55-59,new_vaccine,0.0,0.0,0.0,0.0
93,60-64,unvaccinated,0.0,6.0,0.0,0.0
93,60-64,old_vaccine,0.0,0.0,0.0,0.0
93,60-64,new_vaccine,0.0,0.0,0.0,0.0
93,65-69,unvaccinated,3.6666666666666665,2.3333333333333335,0.0,0.0
93,65-69,old_vaccine,0.0,0.0,0.0,0.0
93,65-69,new_vaccine,0.0,0.0,0.0,0.0
93,70-74,unvaccinated,3.6666666666666665,2.0,0.6666666666666666,0.0
93,70-74,old_vaccine,0.0,0.0,0.0,0.0
93,70-74,new_vaccine,0.0,0.0,0.0,0.0
93,75+,unvaccinated,3.0,4.666666666666667,1.3333333333333333,0.0
93,75+,old_vaccine,0.0,0.0,0.0,0.0
93,75+,new_vaccine,0.0,0.0,0.0,0.0
94,0-4,unvaccinated,0.0,6.0,0.0,0.0
94,0-4,old_vaccine,0.0,0.0,0.0,0.0
94,0-4,new_vaccine,0.0,0.0,0.0,0.0
94,5-9,unvaccinated,0.0,4.666666666666667,0.0,0.0
94,5-9,old_vaccine,0.0,0.0,0.0,0.0
94,5-9,new_vaccine,0.0,0.0,0.0,0.0
94,10-14,unvaccinated,0.0,6.666666666666667,0.0,0.0
94,10-14,old_vaccine,0.0,0.0,0.0,0.0
94,10-14,new_vaccine,0.0,0.0,0.0,0.0
94,15-19,unvaccinated,0.0,6.0,0.0,0.0
94,15-19,old_vaccine,0.0,0.0,0.0,0.0
94,15-19,new_vaccine,0.0,0.0,0.0,0.0
94,20-24,unvaccinated,0.3333333333333333,4.666666666666667,0.0,0.0
94,20-24,old_vaccine,0.0,0.0,0.0,0.0
94,20-24,new_vaccine,0.0,0.0,0.0,0.0
94,25-29,unvaccinated,1.0,7.0,0.0,0.0
94,25-29,old_vaccine,0.0,0.0,0.0,0.0
94,25-29,new_vaccine,0.0,0.0,0.0,0.0
94,30-34,unvaccinated,0.3333333333333333,7.333333333333333,0.0,0.0
94,30-34,old_vaccine,0.0,0.0,0.0,0.0
94,30-34,new_vaccine,0.0,0.0,0.0,0.0
94,35-39,unvaccinated,0.6666666666666666,6.333333333333333,0.0,0.0
94,35-39,old_vaccine,0.0,0.0,0.0,0.0
94,35-39,new_vaccine,0.0,0.0,0.0,0.0
94,40-44,unvaccinated,1.0,4.666666666666667,0.0,0.0
94,40-44,old_vaccine,0.0,0.0,0.0,0.0
94,40-44,new_vaccine,0.0,0.0,0.0,0.0
94,45-49,unvaccinated,1.0,5.333333333333333,0.0,0.0
94,45-49,old_vaccine,0.0,0.0,0.0,0.0
94,45-49,new_vaccine,0.0,0.0,0.0,0.0
94,50-54,unvaccinated,1.6666666666666667,4.333333333333333,0.0,0.0
94,50-54,old_vaccine,0.0,0.0,0.0,0.0
94,50-54,new_vaccine,0.0,0.0,0.0,0.0
94,55-59,unvaccinated,3.6666666666666665,4.333333333333333,0.0,0.0
94,55-59,old_vaccine,0.0,0.0,0.0,0.0
94,55-59,new_vaccine,0.0,0.0,0.0,0.0
94,60-64,unvaccinated,0.3333333333333333,6.333333333333333,0.0,0.0
94,60-64,old_vaccine,0.0,0.0,0.0,0.0
94,60-64,new_vaccine,0.0,0.0,0.0,0.0
94,65-69,unvaccinated,3.0,2.6666666666666665,0.0,0.0
94,65-69,old_vaccine,0.0,0.0,0.0,0.0
94,65-69,new_vaccine,0.0,0.0,0.0,0.0
94,70-74,unvaccinated,3.6666666666666665,2.0,0.6666666666666666,0.0
94,70-74,old_vaccine,0.0,0.0,0.0,0.0
94,70-74,new_vaccine,0.0,0.0,0.0,0.0
94,75+,unvaccinated,3.3333333333333335,5.0,1.3333333333333333,0.0
94,75+,old_vaccine,0.0,0.0,0.0,0.0
94,75+,new_vaccine,0.0,0.0,0.0,0.0
95,0-4,unvaccinated,0.0,6.333333333333333,0.0,0.0
95,0-4,old_vaccine,0.0,0.0,0.0,0.0
95,0-4,new_vaccine,0.0,0.0,0.0,0.0
95,5-9,unvaccinated,0.0,5.333333333333333,0.0,0.0
95,5-9,old_vaccine,0.0,0.0,0.0,0.0
95,5-9,new_vaccine,0.0,0.0,0.0,0.0
95,10-14,unvaccinated,0.0,7.0,0.0,0.0
95,10-14,old_vaccine,0.0,0.0,0.0,0.0
95,10-14,new_vaccine,0.0,0.0,0.0,0.0
95,15-19,unvaccinated,0.0,6.0,0.0,0.0
95,15-19,old_vaccine,0.0,0.0,0.0,0.0
95,15-19,new_vaccine,0.0,0.0,0.0,0.0
95,20-24,unvaccinated,0.0,5.0,0.0,0.0
95,20-24,old_vaccine,0.0,0.0,0.0,0.0
95,20-24,new_vaccine,0.0,0.0,0.0,0.0
95,25-29,unvaccinated,1.0,6.333333333333333,0.0,0.0
95,25-29,old_vaccine,0.0,0.0,0.0,0.0
95,25-29,new_vaccine,0.0,0.0,0.0,0.0
95,30-34,unvaccinated,0.3333333333333333,8.666666666666666,0.0,0.0
95,30-34,old_vaccine,0.0,0.0,0.0,0.0
95,30-34,new_vaccine,0.0,0.0,0.0,0.0
95,35-39,unvaccinated,0.6666666666666666,6.0,0.0,0.0
95,35-39,old_vaccine,0.0,0.0,0.0,0.0
95,35-39,new_vaccine,0.0,0.0,0.0,0.0
95,40-44,unvaccinated,1.0,4.333333333333333,0.0,0.0
95,40-44,old_vaccine,0.0,0.0,0.0,0.0
95,40-44,new_vaccine,0.0,0.0,0.0,0.0
95,45-49,unvaccinated,1.0,5.0,0.0,0.0
95,45-49,old_vaccine,0.0,0.0,0.0,0.0
95,45-49,new_vaccine,0.0,0.0,0.0,0.0
95,50-54,unvaccinated,1.0,3.6666666666666665,0.0,0.0
95,50-54,old_vaccine,0.0,0.0,0.0,0.0
95,50-54,new_vaccine,0.0,0.0,0.0,0.0
95,55-59,unvaccinated,3.6666666666666665,4.0,0.0,0.0
95,55-59,old_vaccine,0.0,0.0,0.0,0.0
95,55-59,new_vaccine,0.0,0.0,0.0,0.0
95,60-64,unvaccinated,0.6666666666666666,6.0,0.0,0.0
95,60-64,old_vaccine,0.0,0.0,0.0,0.0
95,60-64,new_vaccine,0.0,0.0,0.0,0.0
95,65-69,unvaccinated,3.3333333333333335,2.6666666666666665,0.0,0.0
95,65-69,old_vaccine,0.0,0.0,0.0,0.0
95,65-69,new_vaccine,0.0,0.0,0.0,0.0
95,70-74,unvaccinated,3.0,2.0,0.6666666666666666,0.0
95,70-74,old_vaccine,0.0,0.0,0.0,0.0
95,70-74,new_vaccine,0.0,0.0,0.0,0.0
95,75+,unvaccinated,3.0,4.666666666666667,1.3333333333333333,0.0
95,75+,old_vaccine,0.0,0.0,0.0,0.0
95,75+,new_vaccine,0.0,0.0,0.0,0.0
96,0-4,unvaccinated,0.0,6.666666666666667,0.0,0.0
96,0-4,old_vaccine,0.0,0.0,0.0,0.0
96,0-4,new_vaccine,0.0,0.0,0.0,0.0
96,5-9,unvaccinated,0.0,5.0,0.0,0.0
96,5-9,old_vaccine,0.0,0.0,0.0,0.0
96,5-9,new_vaccine,0.0,0.0,0.0,0.0
96,10-14,unvaccinated,0.0,7.0,0.0,0.0
96,10-14,old_vaccine,0.0,0.0,0.0,0.0
96,10-14,new_vaccine,0.0,0.0,0.0,0.0
96,15-19,unvaccinated,0.0,6.333333333333333,0.0,0.0
96,15-19,old_vaccine,0.0,0.0,0.0,0.0
96,15-19,new_vaccine,0.0,0.0,0.0,0.0
96,20-24,unvaccinated,0.0,5.666666666666667,0.0,0.0
96,20-24,old_vaccine,0.0,0.0,0.0,0.0
96,20-24,new_vaccine,0.0,0.0,0.0,0.0
96,25-29,unvaccinated,1.0,6.333333333333333,0.0,0.0
96,25-29,old_vaccine,0.0,0.0,0.0,0.0
96,25-29,new_vaccine,0.0,0.0,0.0,0.0
96,30-34,unvaccinated,0.3333333333333333,8.333333333333334,0.0,0.0
96,30-34,old_vaccine,0.0,0.0,0.0,0.0
96,30-34,new_vaccine,0.0,0.0,0.0,0.0
96,35-39,unvaccinated,0.3333333333333333,6.0,0.0,0.0
96,35-39,old_vaccine,0.0,0.0,0.0,0.0
96,35-39,new_vaccine,0.0,0.0,0.0,0.0
96,40-44,unvaccinated,1.0,4.333333333333333,0.0,0.0
96,40-44,old_vaccine,0.0,0.0,0.0,0.0
96,40-44,new_vaccine,0.0,0.0,0.0,0.0
96,45-49,unvaccinated,1.3333333333333333,5.666666666666667,0.0,0.0
96,45-49,old_vaccine,0.0,0.0,0.0,0.0
96,45-49,new_vaccine,0.0,0.0,0.0,0.0
96,50-54,unvaccinated,0.6666666666666666,3.3333333333333335,0.0,0.0
96,50-54,old_vaccine,0.0,0.0,0.0,0.0
96,50-54,new_vaccine,0.0,0.0,0.0,0.0
96,55-59,unvaccinated,3.3333333333333335,3.3333333333333335,0.0,0.0
96,55-59,old_vaccine,0.0,0.0,0.0,0.0
96,55-59,new_vaccine,0.0,0.0,0.0,0.0
96,60-64,unvaccinated,0.6666666666666666,6.666666666666667,0.0,0.0
96,60-64,old_vaccine,0.0,0.0,0.0,0.0
96,60-64,new_vaccine,0.0,0.0,0.0,0.0
96,65-69,unvaccinated,3.3333333333333335,2.6666666666666665,0.0,0.0
96,65-69,old_vaccine,0.0,0.0,0.0,0.0
96,65-69,new_vaccine,0.0,0.0,0.0,0.0
96,70-74,unvaccinated,3.3333333333333335,2.3333333333333335,0.6666666666666666,0.0
96,70-74,old_vaccine,0.0,0.0,0.0,0.0
96,70-74,new_vaccine,0.0,0.0,0.0,0.0
96,75+,unvaccinated,4.333333333333333,4.666666666666667,1.3333333333333333,0.0
>>>>>>> da2075794f5d2a03a9b01028d16d640646318095
96,75+,old_vaccine,0.0,0.0,0.0,0.0
96,75+,new_vaccine,0.0,0.0,0.0,0.0
97,0-4,unvaccinated,1.7,11.2,0.0,0.0
97,0-4,old_vaccine,0.0,0.0,0.0,0.0
97,0-4,new_vaccine,0.0,0.0,0.0,0.0
<<<<<<< HEAD
97,5-9,unvaccinated,0.2,14.7,0.0,0.0
97,5-9,old_vaccine,0.0,0.0,0.0,0.0
97,5-9,new_vaccine,0.0,0.0,0.0,0.0
97,10-14,unvaccinated,0.4,16.2,0.0,0.0
97,10-14,old_vaccine,0.0,0.0,0.0,0.0
97,10-14,new_vaccine,0.0,0.0,0.0,0.0
97,15-19,unvaccinated,0.0,14.4,0.0,0.0
97,15-19,old_vaccine,0.0,0.0,0.0,0.0
97,15-19,new_vaccine,0.0,0.0,0.0,0.0
97,20-24,unvaccinated,1.0,16.6,0.0,0.0
97,20-24,old_vaccine,0.0,0.0,0.0,0.0
97,20-24,new_vaccine,0.0,0.0,0.0,0.0
97,25-29,unvaccinated,2.0,19.1,0.0,0.0
97,25-29,old_vaccine,0.0,0.0,0.0,0.0
97,25-29,new_vaccine,0.0,0.0,0.0,0.0
97,30-34,unvaccinated,0.9,16.4,0.0,0.0
97,30-34,old_vaccine,0.0,0.0,0.0,0.0
97,30-34,new_vaccine,0.0,0.0,0.0,0.0
97,35-39,unvaccinated,0.9,22.0,0.0,0.0
97,35-39,old_vaccine,0.0,0.0,0.0,0.0
97,35-39,new_vaccine,0.0,0.0,0.0,0.0
97,40-44,unvaccinated,1.9,10.6,0.0,0.0
97,40-44,old_vaccine,0.0,0.0,0.0,0.0
97,40-44,new_vaccine,0.0,0.0,0.0,0.0
97,45-49,unvaccinated,0.2,16.1,0.0,0.0
97,45-49,old_vaccine,0.0,0.0,0.0,0.0
97,45-49,new_vaccine,0.0,0.0,0.0,0.0
97,50-54,unvaccinated,3.1,15.9,0.0,0.0
97,50-54,old_vaccine,0.0,0.0,0.0,0.0
97,50-54,new_vaccine,0.0,0.0,0.0,0.0
97,55-59,unvaccinated,3.0,16.7,0.0,0.0
97,55-59,old_vaccine,0.0,0.0,0.0,0.0
97,55-59,new_vaccine,0.0,0.0,0.0,0.0
97,60-64,unvaccinated,5.1,12.9,0.2,0.0
97,60-64,old_vaccine,0.0,0.0,0.0,0.0
97,60-64,new_vaccine,0.0,0.0,0.0,0.0
97,65-69,unvaccinated,4.0,5.9,0.0,0.0
97,65-69,old_vaccine,0.0,0.0,0.0,0.0
97,65-69,new_vaccine,0.0,0.0,0.0,0.0
97,70-74,unvaccinated,7.9,3.8,0.0,0.0
97,70-74,old_vaccine,0.0,0.0,0.0,0.0
97,70-74,new_vaccine,0.0,0.0,0.0,0.0
97,75+,unvaccinated,13.3,8.6,0.0,0.0
=======
97,5-9,unvaccinated,0.0,5.333333333333333,0.0,0.0
97,5-9,old_vaccine,0.0,0.0,0.0,0.0
97,5-9,new_vaccine,0.0,0.0,0.0,0.0
97,10-14,unvaccinated,0.0,7.0,0.0,0.0
97,10-14,old_vaccine,0.0,0.0,0.0,0.0
97,10-14,new_vaccine,0.0,0.0,0.0,0.0
97,15-19,unvaccinated,0.0,6.333333333333333,0.0,0.0
97,15-19,old_vaccine,0.0,0.0,0.0,0.0
97,15-19,new_vaccine,0.0,0.0,0.0,0.0
97,20-24,unvaccinated,0.0,6.0,0.0,0.0
97,20-24,old_vaccine,0.0,0.0,0.0,0.0
97,20-24,new_vaccine,0.0,0.0,0.0,0.0
97,25-29,unvaccinated,1.0,6.333333333333333,0.0,0.0
97,25-29,old_vaccine,0.0,0.0,0.0,0.0
97,25-29,new_vaccine,0.0,0.0,0.0,0.0
97,30-34,unvaccinated,0.3333333333333333,7.666666666666667,0.0,0.0
97,30-34,old_vaccine,0.0,0.0,0.0,0.0
97,30-34,new_vaccine,0.0,0.0,0.0,0.0
97,35-39,unvaccinated,0.3333333333333333,5.333333333333333,0.0,0.0
97,35-39,old_vaccine,0.0,0.0,0.0,0.0
97,35-39,new_vaccine,0.0,0.0,0.0,0.0
97,40-44,unvaccinated,1.0,4.666666666666667,0.0,0.0
97,40-44,old_vaccine,0.0,0.0,0.0,0.0
97,40-44,new_vaccine,0.0,0.0,0.0,0.0
97,45-49,unvaccinated,1.6666666666666667,5.666666666666667,0.0,0.0
97,45-49,old_vaccine,0.0,0.0,0.0,0.0
97,45-49,new_vaccine,0.0,0.0,0.0,0.0
97,50-54,unvaccinated,0.6666666666666666,3.0,0.0,0.0
97,50-54,old_vaccine,0.0,0.0,0.0,0.0
97,50-54,new_vaccine,0.0,0.0,0.0,0.0
97,55-59,unvaccinated,3.3333333333333335,3.6666666666666665,0.0,0.0
97,55-59,old_vaccine,0.0,0.0,0.0,0.0
97,55-59,new_vaccine,0.0,0.0,0.0,0.0
97,60-64,unvaccinated,0.6666666666666666,6.666666666666667,0.0,0.0
97,60-64,old_vaccine,0.0,0.0,0.0,0.0
97,60-64,new_vaccine,0.0,0.0,0.0,0.0
97,65-69,unvaccinated,3.3333333333333335,2.3333333333333335,0.0,0.0
97,65-69,old_vaccine,0.0,0.0,0.0,0.0
97,65-69,new_vaccine,0.0,0.0,0.0,0.0
97,70-74,unvaccinated,3.3333333333333335,2.3333333333333335,0.6666666666666666,0.0
97,70-74,old_vaccine,0.0,0.0,0.0,0.0
97,70-74,new_vaccine,0.0,0.0,0.0,0.0
97,75+,unvaccinated,4.333333333333333,4.0,1.3333333333333333,0.0
>>>>>>> da2075794f5d2a03a9b01028d16d640646318095
97,75+,old_vaccine,0.0,0.0,0.0,0.0
97,75+,new_vaccine,0.0,0.0,0.0,0.0
98,0-4,unvaccinated,1.6,10.7,0.0,0.0
98,0-4,old_vaccine,0.0,0.0,0.0,0.0
98,0-4,new_vaccine,0.0,0.0,0.0,0.0
<<<<<<< HEAD
98,5-9,unvaccinated,0.1,14.8,0.0,0.0
98,5-9,old_vaccine,0.0,0.0,0.0,0.0
98,5-9,new_vaccine,0.0,0.0,0.0,0.0
98,10-14,unvaccinated,0.4,16.1,0.0,0.0
98,10-14,old_vaccine,0.0,0.0,0.0,0.0
98,10-14,new_vaccine,0.0,0.0,0.0,0.0
98,15-19,unvaccinated,0.0,14.3,0.0,0.0
98,15-19,old_vaccine,0.0,0.0,0.0,0.0
98,15-19,new_vaccine,0.0,0.0,0.0,0.0
98,20-24,unvaccinated,1.0,16.6,0.0,0.0
98,20-24,old_vaccine,0.0,0.0,0.0,0.0
98,20-24,new_vaccine,0.0,0.0,0.0,0.0
98,25-29,unvaccinated,2.0,19.5,0.0,0.0
98,25-29,old_vaccine,0.0,0.0,0.0,0.0
98,25-29,new_vaccine,0.0,0.0,0.0,0.0
98,30-34,unvaccinated,0.9,16.5,0.0,0.0
98,30-34,old_vaccine,0.0,0.0,0.0,0.0
98,30-34,new_vaccine,0.0,0.0,0.0,0.0
98,35-39,unvaccinated,0.9,22.5,0.0,0.0
98,35-39,old_vaccine,0.0,0.0,0.0,0.0
98,35-39,new_vaccine,0.0,0.0,0.0,0.0
98,40-44,unvaccinated,2.0,10.5,0.0,0.0
98,40-44,old_vaccine,0.0,0.0,0.0,0.0
98,40-44,new_vaccine,0.0,0.0,0.0,0.0
98,45-49,unvaccinated,0.2,16.1,0.0,0.0
98,45-49,old_vaccine,0.0,0.0,0.0,0.0
98,45-49,new_vaccine,0.0,0.0,0.0,0.0
98,50-54,unvaccinated,3.1,15.6,0.0,0.0
98,50-54,old_vaccine,0.0,0.0,0.0,0.0
98,50-54,new_vaccine,0.0,0.0,0.0,0.0
98,55-59,unvaccinated,3.0,16.6,0.0,0.0
98,55-59,old_vaccine,0.0,0.0,0.0,0.0
98,55-59,new_vaccine,0.0,0.0,0.0,0.0
98,60-64,unvaccinated,4.8,13.1,0.2,0.0
98,60-64,old_vaccine,0.0,0.0,0.0,0.0
98,60-64,new_vaccine,0.0,0.0,0.0,0.0
98,65-69,unvaccinated,4.2,5.5,0.0,0.0
98,65-69,old_vaccine,0.0,0.0,0.0,0.0
98,65-69,new_vaccine,0.0,0.0,0.0,0.0
98,70-74,unvaccinated,8.1,3.8,0.0,0.0
98,70-74,old_vaccine,0.0,0.0,0.0,0.0
98,70-74,new_vaccine,0.0,0.0,0.0,0.0
98,75+,unvaccinated,13.1,8.5,0.0,0.0
98,75+,old_vaccine,0.0,0.0,0.0,0.0
98,75+,new_vaccine,0.0,0.0,0.0,0.0
99,0-4,unvaccinated,1.6,10.5,0.0,0.0
99,0-4,old_vaccine,0.0,0.0,0.0,0.0
99,0-4,new_vaccine,0.0,0.0,0.0,0.0
99,5-9,unvaccinated,0.1,14.9,0.0,0.0
99,5-9,old_vaccine,0.0,0.0,0.0,0.0
99,5-9,new_vaccine,0.0,0.0,0.0,0.0
99,10-14,unvaccinated,0.4,15.9,0.0,0.0
99,10-14,old_vaccine,0.0,0.0,0.0,0.0
99,10-14,new_vaccine,0.0,0.0,0.0,0.0
99,15-19,unvaccinated,0.0,14.2,0.0,0.0
99,15-19,old_vaccine,0.0,0.0,0.0,0.0
99,15-19,new_vaccine,0.0,0.0,0.0,0.0
99,20-24,unvaccinated,1.0,16.8,0.0,0.0
99,20-24,old_vaccine,0.0,0.0,0.0,0.0
99,20-24,new_vaccine,0.0,0.0,0.0,0.0
99,25-29,unvaccinated,2.0,20.0,0.0,0.0
99,25-29,old_vaccine,0.0,0.0,0.0,0.0
99,25-29,new_vaccine,0.0,0.0,0.0,0.0
99,30-34,unvaccinated,0.9,16.3,0.0,0.0
99,30-34,old_vaccine,0.0,0.0,0.0,0.0
99,30-34,new_vaccine,0.0,0.0,0.0,0.0
99,35-39,unvaccinated,0.9,22.7,0.0,0.0
99,35-39,old_vaccine,0.0,0.0,0.0,0.0
99,35-39,new_vaccine,0.0,0.0,0.0,0.0
99,40-44,unvaccinated,2.0,10.4,0.0,0.0
99,40-44,old_vaccine,0.0,0.0,0.0,0.0
99,40-44,new_vaccine,0.0,0.0,0.0,0.0
99,45-49,unvaccinated,0.0,16.0,0.0,0.0
99,45-49,old_vaccine,0.0,0.0,0.0,0.0
99,45-49,new_vaccine,0.0,0.0,0.0,0.0
99,50-54,unvaccinated,3.0,15.4,0.0,0.0
99,50-54,old_vaccine,0.0,0.0,0.0,0.0
99,50-54,new_vaccine,0.0,0.0,0.0,0.0
99,55-59,unvaccinated,3.1,16.6,0.0,0.0
99,55-59,old_vaccine,0.0,0.0,0.0,0.0
99,55-59,new_vaccine,0.0,0.0,0.0,0.0
99,60-64,unvaccinated,5.0,12.5,0.2,0.0
99,60-64,old_vaccine,0.0,0.0,0.0,0.0
99,60-64,new_vaccine,0.0,0.0,0.0,0.0
99,65-69,unvaccinated,4.2,5.5,0.0,0.0
99,65-69,old_vaccine,0.0,0.0,0.0,0.0
99,65-69,new_vaccine,0.0,0.0,0.0,0.0
99,70-74,unvaccinated,7.7,3.7,0.0,0.0
99,70-74,old_vaccine,0.0,0.0,0.0,0.0
99,70-74,new_vaccine,0.0,0.0,0.0,0.0
99,75+,unvaccinated,13.1,8.1,0.0,0.0
=======
98,5-9,unvaccinated,0.0,5.333333333333333,0.0,0.0
98,5-9,old_vaccine,0.0,0.0,0.0,0.0
98,5-9,new_vaccine,0.0,0.0,0.0,0.0
98,10-14,unvaccinated,0.0,7.333333333333333,0.0,0.0
98,10-14,old_vaccine,0.0,0.0,0.0,0.0
98,10-14,new_vaccine,0.0,0.0,0.0,0.0
98,15-19,unvaccinated,0.0,7.0,0.0,0.0
98,15-19,old_vaccine,0.0,0.0,0.0,0.0
98,15-19,new_vaccine,0.0,0.0,0.0,0.0
98,20-24,unvaccinated,0.0,5.666666666666667,0.0,0.0
98,20-24,old_vaccine,0.0,0.0,0.0,0.0
98,20-24,new_vaccine,0.0,0.0,0.0,0.0
98,25-29,unvaccinated,1.0,6.666666666666667,0.0,0.0
98,25-29,old_vaccine,0.0,0.0,0.0,0.0
98,25-29,new_vaccine,0.0,0.0,0.0,0.0
98,30-34,unvaccinated,0.3333333333333333,8.333333333333334,0.0,0.0
98,30-34,old_vaccine,0.0,0.0,0.0,0.0
98,30-34,new_vaccine,0.0,0.0,0.0,0.0
98,35-39,unvaccinated,0.0,5.333333333333333,0.0,0.0
98,35-39,old_vaccine,0.0,0.0,0.0,0.0
98,35-39,new_vaccine,0.0,0.0,0.0,0.0
98,40-44,unvaccinated,1.0,5.333333333333333,0.0,0.0
98,40-44,old_vaccine,0.0,0.0,0.0,0.0
98,40-44,new_vaccine,0.0,0.0,0.0,0.0
98,45-49,unvaccinated,1.6666666666666667,5.666666666666667,0.0,0.0
98,45-49,old_vaccine,0.0,0.0,0.0,0.0
98,45-49,new_vaccine,0.0,0.0,0.0,0.0
98,50-54,unvaccinated,1.3333333333333333,3.0,0.0,0.0
98,50-54,old_vaccine,0.0,0.0,0.0,0.0
98,50-54,new_vaccine,0.0,0.0,0.0,0.0
98,55-59,unvaccinated,3.6666666666666665,3.0,0.0,0.0
98,55-59,old_vaccine,0.0,0.0,0.0,0.0
98,55-59,new_vaccine,0.0,0.0,0.0,0.0
98,60-64,unvaccinated,0.6666666666666666,6.333333333333333,0.0,0.0
98,60-64,old_vaccine,0.0,0.0,0.0,0.0
98,60-64,new_vaccine,0.0,0.0,0.0,0.0
98,65-69,unvaccinated,3.3333333333333335,2.6666666666666665,0.0,0.0
98,65-69,old_vaccine,0.0,0.0,0.0,0.0
98,65-69,new_vaccine,0.0,0.0,0.0,0.0
98,70-74,unvaccinated,3.3333333333333335,2.3333333333333335,0.6666666666666666,0.0
98,70-74,old_vaccine,0.0,0.0,0.0,0.0
98,70-74,new_vaccine,0.0,0.0,0.0,0.0
98,75+,unvaccinated,3.6666666666666665,3.6666666666666665,1.3333333333333333,0.0
98,75+,old_vaccine,0.0,0.0,0.0,0.0
98,75+,new_vaccine,0.0,0.0,0.0,0.0
99,0-4,unvaccinated,0.3333333333333333,5.0,0.0,0.0
99,0-4,old_vaccine,0.0,0.0,0.0,0.0
99,0-4,new_vaccine,0.0,0.0,0.0,0.0
99,5-9,unvaccinated,0.0,4.666666666666667,0.0,0.0
99,5-9,old_vaccine,0.0,0.0,0.0,0.0
99,5-9,new_vaccine,0.0,0.0,0.0,0.0
99,10-14,unvaccinated,0.0,8.333333333333334,0.0,0.0
99,10-14,old_vaccine,0.0,0.0,0.0,0.0
99,10-14,new_vaccine,0.0,0.0,0.0,0.0
99,15-19,unvaccinated,0.0,7.666666666666667,0.0,0.0
99,15-19,old_vaccine,0.0,0.0,0.0,0.0
99,15-19,new_vaccine,0.0,0.0,0.0,0.0
99,20-24,unvaccinated,0.0,6.666666666666667,0.0,0.0
99,20-24,old_vaccine,0.0,0.0,0.0,0.0
99,20-24,new_vaccine,0.0,0.0,0.0,0.0
99,25-29,unvaccinated,1.0,6.333333333333333,0.0,0.0
99,25-29,old_vaccine,0.0,0.0,0.0,0.0
99,25-29,new_vaccine,0.0,0.0,0.0,0.0
99,30-34,unvaccinated,0.3333333333333333,7.333333333333333,0.0,0.0
99,30-34,old_vaccine,0.0,0.0,0.0,0.0
99,30-34,new_vaccine,0.0,0.0,0.0,0.0
99,35-39,unvaccinated,0.0,5.333333333333333,0.0,0.0
99,35-39,old_vaccine,0.0,0.0,0.0,0.0
99,35-39,new_vaccine,0.0,0.0,0.0,0.0
99,40-44,unvaccinated,1.0,5.666666666666667,0.0,0.0
99,40-44,old_vaccine,0.0,0.0,0.0,0.0
99,40-44,new_vaccine,0.0,0.0,0.0,0.0
99,45-49,unvaccinated,1.6666666666666667,5.333333333333333,0.0,0.0
99,45-49,old_vaccine,0.0,0.0,0.0,0.0
99,45-49,new_vaccine,0.0,0.0,0.0,0.0
99,50-54,unvaccinated,1.3333333333333333,2.6666666666666665,0.0,0.0
99,50-54,old_vaccine,0.0,0.0,0.0,0.0
99,50-54,new_vaccine,0.0,0.0,0.0,0.0
99,55-59,unvaccinated,3.6666666666666665,2.6666666666666665,0.0,0.0
99,55-59,old_vaccine,0.0,0.0,0.0,0.0
99,55-59,new_vaccine,0.0,0.0,0.0,0.0
99,60-64,unvaccinated,0.3333333333333333,6.333333333333333,0.0,0.0
99,60-64,old_vaccine,0.0,0.0,0.0,0.0
99,60-64,new_vaccine,0.0,0.0,0.0,0.0
99,65-69,unvaccinated,3.3333333333333335,2.3333333333333335,0.0,0.0
99,65-69,old_vaccine,0.0,0.0,0.0,0.0
99,65-69,new_vaccine,0.0,0.0,0.0,0.0
99,70-74,unvaccinated,4.333333333333333,2.3333333333333335,0.6666666666666666,0.0
99,70-74,old_vaccine,0.0,0.0,0.0,0.0
99,70-74,new_vaccine,0.0,0.0,0.0,0.0
99,75+,unvaccinated,3.0,4.0,1.3333333333333333,0.0
>>>>>>> da2075794f5d2a03a9b01028d16d640646318095
99,75+,old_vaccine,0.0,0.0,0.0,0.0
99,75+,new_vaccine,0.0,0.0,0.0,0.0
